Generating graphs for 46 (n,m) pairs with 100 iterations each
Total graphs to generate: 4600
Using 25 parallel processes
Graph type: UNIFORM
Sparsity: 4
✓ Generated graph n=10000, m=1000, seed=6938562734920028532, type=UNIFORM -> ./input/random_graphs/graph_10000_1000_UNIFORM_6938562734920028532.txt (Time: 0.00s)
✓ Generated graph n=10000, m=1000, seed=7599700178212337699, type=UNIFORM -> ./input/random_graphs/graph_10000_1000_UNIFORM_7599700178212337699.txt (Time: 0.01s)
✓ Generated graph n=10000, m=1000, seed=6230961512046992311, type=UNIFORM -> ./input/random_graphs/graph_10000_1000_UNIFORM_6230961512046992311.txt (Time: 0.01s)
✓ Generated graph n=10000, m=1000, seed=7871178979383552919, type=UNIFORM -> ./input/random_graphs/graph_10000_1000_UNIFORM_7871178979383552919.txt (Time: 0.01s)
✓ Generated graph n=10000, m=1000, seed=7032710160631691991, type=UNIFORM -> ./input/random_graphs/graph_10000_1000_UNIFORM_7032710160631691991.txt (Time: 0.01s)
✓ Generated graph n=10000, m=1000, seed=3881801951614183357, type=UNIFORM -> ./input/random_graphs/graph_10000_1000_UNIFORM_3881801951614183357.txt (Time: 0.01s)
✓ Generated graph n=10000, m=1000, seed=5739955973604961613, type=UNIFORM -> ./input/random_graphs/graph_10000_1000_UNIFORM_5739955973604961613.txt (Time: 0.01s)
✓ Generated graph n=10000, m=1000, seed=6522163754831416203, type=UNIFORM -> ./input/random_graphs/graph_10000_1000_UNIFORM_6522163754831416203.txt (Time: 0.00s)
✓ Generated graph n=10000, m=1000, seed=1353182403971399009, type=UNIFORM -> ./input/random_graphs/graph_10000_1000_UNIFORM_1353182403971399009.txt (Time: 0.00s)
✓ Generated graph n=10000, m=1000, seed=1070244953599069350, type=UNIFORM -> ./input/random_graphs/graph_10000_1000_UNIFORM_1070244953599069350.txt (Time: 0.01s)
✓ Generated graph n=10000, m=1000, seed=1309542850049879452, type=UNIFORM -> ./input/random_graphs/graph_10000_1000_UNIFORM_1309542850049879452.txt (Time: 0.00s)
✓ Generated graph n=10000, m=1000, seed=4040737767143389431, type=UNIFORM -> ./input/random_graphs/graph_10000_1000_UNIFORM_4040737767143389431.txt (Time: 0.01s)
✓ Generated graph n=10000, m=1000, seed=7663871783842725848, type=UNIFORM -> ./input/random_graphs/graph_10000_1000_UNIFORM_7663871783842725848.txt (Time: 0.00s)
✓ Generated graph n=10000, m=1000, seed=320375091487821987, type=UNIFORM -> ./input/random_graphs/graph_10000_1000_UNIFORM_320375091487821987.txt (Time: 0.00s)
✓ Generated graph n=10000, m=1000, seed=2429002973740178792, type=UNIFORM -> ./input/random_graphs/graph_10000_1000_UNIFORM_2429002973740178792.txt (Time: 0.00s)
✓ Generated graph n=10000, m=1000, seed=1250005700364523649, type=UNIFORM -> ./input/random_graphs/graph_10000_1000_UNIFORM_1250005700364523649.txt (Time: 0.01s)
✓ Generated graph n=10000, m=1000, seed=5906957480796939447, type=UNIFORM -> ./input/random_graphs/graph_10000_1000_UNIFORM_5906957480796939447.txt (Time: 0.00s)
✓ Generated graph n=10000, m=1000, seed=1250773459040295677, type=UNIFORM -> ./input/random_graphs/graph_10000_1000_UNIFORM_1250773459040295677.txt (Time: 0.00s)
✓ Generated graph n=10000, m=1000, seed=5139481885857321791, type=UNIFORM -> ./input/random_graphs/graph_10000_1000_UNIFORM_5139481885857321791.txt (Time: 0.00s)
✓ Generated graph n=10000, m=1000, seed=3438400432146115956, type=UNIFORM -> ./input/random_graphs/graph_10000_1000_UNIFORM_3438400432146115956.txt (Time: 0.00s)
✓ Generated graph n=10000, m=1000, seed=7473196763798409428, type=UNIFORM -> ./input/random_graphs/graph_10000_1000_UNIFORM_7473196763798409428.txt (Time: 0.00s)
✓ Generated graph n=10000, m=1000, seed=521787134863155063, type=UNIFORM -> ./input/random_graphs/graph_10000_1000_UNIFORM_521787134863155063.txt (Time: 0.00s)
✓ Generated graph n=10000, m=1000, seed=7146860528564146064, type=UNIFORM -> ./input/random_graphs/graph_10000_1000_UNIFORM_7146860528564146064.txt (Time: 0.01s)
✓ Generated graph n=10000, m=1000, seed=5142811650494845597, type=UNIFORM -> ./input/random_graphs/graph_10000_1000_UNIFORM_5142811650494845597.txt (Time: 0.00s)
✓ Generated graph n=10000, m=1000, seed=6002685213311538187, type=UNIFORM -> ./input/random_graphs/graph_10000_1000_UNIFORM_6002685213311538187.txt (Time: 0.00s)
✓ Generated graph n=10000, m=1000, seed=5708372698381010775, type=UNIFORM -> ./input/random_graphs/graph_10000_1000_UNIFORM_5708372698381010775.txt (Time: 0.01s)
✓ Generated graph n=10000, m=1000, seed=3010622984418968408, type=UNIFORM -> ./input/random_graphs/graph_10000_1000_UNIFORM_3010622984418968408.txt (Time: 0.01s)
✓ Generated graph n=10000, m=1000, seed=1731523882129807996, type=UNIFORM -> ./input/random_graphs/graph_10000_1000_UNIFORM_1731523882129807996.txt (Time: 0.00s)
✓ Generated graph n=10000, m=1000, seed=7029781962072644698, type=UNIFORM -> ./input/random_graphs/graph_10000_1000_UNIFORM_7029781962072644698.txt (Time: 0.00s)
✓ Generated graph n=10000, m=1000, seed=6785030173969523435, type=UNIFORM -> ./input/random_graphs/graph_10000_1000_UNIFORM_6785030173969523435.txt (Time: 0.00s)
✓ Generated graph n=10000, m=1000, seed=1647170069535670909, type=UNIFORM -> ./input/random_graphs/graph_10000_1000_UNIFORM_1647170069535670909.txt (Time: 0.00s)
✓ Generated graph n=10000, m=1000, seed=4122784633514911760, type=UNIFORM -> ./input/random_graphs/graph_10000_1000_UNIFORM_4122784633514911760.txt (Time: 0.00s)
✓ Generated graph n=10000, m=1000, seed=3224265581699847191, type=UNIFORM -> ./input/random_graphs/graph_10000_1000_UNIFORM_3224265581699847191.txt (Time: 0.00s)
✓ Generated graph n=10000, m=1000, seed=1853590723603270879, type=UNIFORM -> ./input/random_graphs/graph_10000_1000_UNIFORM_1853590723603270879.txt (Time: 0.00s)
✓ Generated graph n=10000, m=1000, seed=824387247617288499, type=UNIFORM -> ./input/random_graphs/graph_10000_1000_UNIFORM_824387247617288499.txt (Time: 0.00s)
✓ Generated graph n=10000, m=1000, seed=5258051056098597521, type=UNIFORM -> ./input/random_graphs/graph_10000_1000_UNIFORM_5258051056098597521.txt (Time: 0.00s)
✓ Generated graph n=10000, m=1000, seed=8031431416522537101, type=UNIFORM -> ./input/random_graphs/graph_10000_1000_UNIFORM_8031431416522537101.txt (Time: 0.00s)
✓ Generated graph n=10000, m=1000, seed=7706236040662210848, type=UNIFORM -> ./input/random_graphs/graph_10000_1000_UNIFORM_7706236040662210848.txt (Time: 0.00s)
✓ Generated graph n=10000, m=1000, seed=5529616217668449934, type=UNIFORM -> ./input/random_graphs/graph_10000_1000_UNIFORM_5529616217668449934.txt (Time: 0.01s)
✓ Generated graph n=10000, m=1000, seed=4552998297316576788, type=UNIFORM -> ./input/random_graphs/graph_10000_1000_UNIFORM_4552998297316576788.txt (Time: 0.00s)
✓ Generated graph n=10000, m=1000, seed=7161906730445628483, type=UNIFORM -> ./input/random_graphs/graph_10000_1000_UNIFORM_7161906730445628483.txt (Time: 0.00s)
✓ Generated graph n=10000, m=1000, seed=1024517563182776983, type=UNIFORM -> ./input/random_graphs/graph_10000_1000_UNIFORM_1024517563182776983.txt (Time: 0.01s)
✓ Generated graph n=10000, m=1000, seed=6802378520969450157, type=UNIFORM -> ./input/random_graphs/graph_10000_1000_UNIFORM_6802378520969450157.txt (Time: 0.01s)
✓ Generated graph n=10000, m=1000, seed=3272308573967577038, type=UNIFORM -> ./input/random_graphs/graph_10000_1000_UNIFORM_3272308573967577038.txt (Time: 0.00s)
✓ Generated graph n=10000, m=1000, seed=6143643868734370809, type=UNIFORM -> ./input/random_graphs/graph_10000_1000_UNIFORM_6143643868734370809.txt (Time: 0.00s)
✓ Generated graph n=10000, m=1000, seed=1632192924771168275, type=UNIFORM -> ./input/random_graphs/graph_10000_1000_UNIFORM_1632192924771168275.txt (Time: 0.01s)
✓ Generated graph n=10000, m=1000, seed=5349491008325879064, type=UNIFORM -> ./input/random_graphs/graph_10000_1000_UNIFORM_5349491008325879064.txt (Time: 0.00s)
✓ Generated graph n=10000, m=1000, seed=7917045922527545890, type=UNIFORM -> ./input/random_graphs/graph_10000_1000_UNIFORM_7917045922527545890.txt (Time: 0.00s)
✓ Generated graph n=10000, m=1000, seed=5636411189175451024, type=UNIFORM -> ./input/random_graphs/graph_10000_1000_UNIFORM_5636411189175451024.txt (Time: 0.00s)
✓ Generated graph n=10000, m=1000, seed=6614505080519948832, type=UNIFORM -> ./input/random_graphs/graph_10000_1000_UNIFORM_6614505080519948832.txt (Time: 0.00s)
✓ Generated graph n=10000, m=1000, seed=7938560551762094560, type=UNIFORM -> ./input/random_graphs/graph_10000_1000_UNIFORM_7938560551762094560.txt (Time: 0.00s)
✓ Generated graph n=10000, m=1000, seed=4445925461710302877, type=UNIFORM -> ./input/random_graphs/graph_10000_1000_UNIFORM_4445925461710302877.txt (Time: 0.00s)
✓ Generated graph n=10000, m=1000, seed=3865339568260874865, type=UNIFORM -> ./input/random_graphs/graph_10000_1000_UNIFORM_3865339568260874865.txt (Time: 0.00s)
✓ Generated graph n=10000, m=1000, seed=7921282862123281598, type=UNIFORM -> ./input/random_graphs/graph_10000_1000_UNIFORM_7921282862123281598.txt (Time: 0.00s)
✓ Generated graph n=10000, m=1000, seed=6224222471595207695, type=UNIFORM -> ./input/random_graphs/graph_10000_1000_UNIFORM_6224222471595207695.txt (Time: 0.00s)
✓ Generated graph n=10000, m=1000, seed=8446481348147407377, type=UNIFORM -> ./input/random_graphs/graph_10000_1000_UNIFORM_8446481348147407377.txt (Time: 0.00s)
✓ Generated graph n=10000, m=1000, seed=5063475852268941542, type=UNIFORM -> ./input/random_graphs/graph_10000_1000_UNIFORM_5063475852268941542.txt (Time: 0.00s)
✓ Generated graph n=10000, m=1000, seed=1128313391724783137, type=UNIFORM -> ./input/random_graphs/graph_10000_1000_UNIFORM_1128313391724783137.txt (Time: 0.00s)
✓ Generated graph n=10000, m=1000, seed=4997514996153925447, type=UNIFORM -> ./input/random_graphs/graph_10000_1000_UNIFORM_4997514996153925447.txt (Time: 0.00s)
✓ Generated graph n=10000, m=1000, seed=8718380604043999642, type=UNIFORM -> ./input/random_graphs/graph_10000_1000_UNIFORM_8718380604043999642.txt (Time: 0.00s)
✓ Generated graph n=10000, m=1000, seed=6529943913552561417, type=UNIFORM -> ./input/random_graphs/graph_10000_1000_UNIFORM_6529943913552561417.txt (Time: 0.00s)
✓ Generated graph n=10000, m=1000, seed=2909934787168262407, type=UNIFORM -> ./input/random_graphs/graph_10000_1000_UNIFORM_2909934787168262407.txt (Time: 0.00s)
✓ Generated graph n=10000, m=1000, seed=3713827327871807734, type=UNIFORM -> ./input/random_graphs/graph_10000_1000_UNIFORM_3713827327871807734.txt (Time: 0.00s)
✓ Generated graph n=10000, m=1000, seed=3817405844514670994, type=UNIFORM -> ./input/random_graphs/graph_10000_1000_UNIFORM_3817405844514670994.txt (Time: 0.00s)
✓ Generated graph n=10000, m=1000, seed=6764066939395682287, type=UNIFORM -> ./input/random_graphs/graph_10000_1000_UNIFORM_6764066939395682287.txt (Time: 0.00s)
✓ Generated graph n=10000, m=1000, seed=7644420139408884785, type=UNIFORM -> ./input/random_graphs/graph_10000_1000_UNIFORM_7644420139408884785.txt (Time: 0.00s)
✓ Generated graph n=10000, m=1000, seed=716820155901718944, type=UNIFORM -> ./input/random_graphs/graph_10000_1000_UNIFORM_716820155901718944.txt (Time: 0.00s)
✓ Generated graph n=10000, m=1000, seed=1170385908854608748, type=UNIFORM -> ./input/random_graphs/graph_10000_1000_UNIFORM_1170385908854608748.txt (Time: 0.00s)
✓ Generated graph n=10000, m=1000, seed=6022436717541034636, type=UNIFORM -> ./input/random_graphs/graph_10000_1000_UNIFORM_6022436717541034636.txt (Time: 0.00s)
✓ Generated graph n=10000, m=1000, seed=1458186392400727732, type=UNIFORM -> ./input/random_graphs/graph_10000_1000_UNIFORM_1458186392400727732.txt (Time: 0.00s)
✓ Generated graph n=10000, m=1000, seed=9130666990809746335, type=UNIFORM -> ./input/random_graphs/graph_10000_1000_UNIFORM_9130666990809746335.txt (Time: 0.00s)
✓ Generated graph n=10000, m=1000, seed=5108599054664628607, type=UNIFORM -> ./input/random_graphs/graph_10000_1000_UNIFORM_5108599054664628607.txt (Time: 0.00s)
✓ Generated graph n=10000, m=1000, seed=199422815561151340, type=UNIFORM -> ./input/random_graphs/graph_10000_1000_UNIFORM_199422815561151340.txt (Time: 0.00s)
✓ Generated graph n=10000, m=1000, seed=9060210648189963449, type=UNIFORM -> ./input/random_graphs/graph_10000_1000_UNIFORM_9060210648189963449.txt (Time: 0.00s)
✓ Generated graph n=10000, m=1000, seed=8794274795737982182, type=UNIFORM -> ./input/random_graphs/graph_10000_1000_UNIFORM_8794274795737982182.txt (Time: 0.00s)
✓ Generated graph n=10000, m=1000, seed=1392892770529522614, type=UNIFORM -> ./input/random_graphs/graph_10000_1000_UNIFORM_1392892770529522614.txt (Time: 0.00s)
✓ Generated graph n=10000, m=1000, seed=175493991617213850, type=UNIFORM -> ./input/random_graphs/graph_10000_1000_UNIFORM_175493991617213850.txt (Time: 0.00s)
✓ Generated graph n=10000, m=1000, seed=4250897495980125004, type=UNIFORM -> ./input/random_graphs/graph_10000_1000_UNIFORM_4250897495980125004.txt (Time: 0.00s)
✓ Generated graph n=10000, m=1000, seed=2089506265998900862, type=UNIFORM -> ./input/random_graphs/graph_10000_1000_UNIFORM_2089506265998900862.txt (Time: 0.00s)
✓ Generated graph n=10000, m=1000, seed=8626102704817790064, type=UNIFORM -> ./input/random_graphs/graph_10000_1000_UNIFORM_8626102704817790064.txt (Time: 0.00s)
✓ Generated graph n=10000, m=1000, seed=1722224698700348310, type=UNIFORM -> ./input/random_graphs/graph_10000_1000_UNIFORM_1722224698700348310.txt (Time: 0.00s)
✓ Generated graph n=10000, m=1000, seed=4060584409398689268, type=UNIFORM -> ./input/random_graphs/graph_10000_1000_UNIFORM_4060584409398689268.txt (Time: 0.00s)
✓ Generated graph n=10000, m=1000, seed=1332005502874566195, type=UNIFORM -> ./input/random_graphs/graph_10000_1000_UNIFORM_1332005502874566195.txt (Time: 0.00s)
✓ Generated graph n=10000, m=1000, seed=5497874167834979553, type=UNIFORM -> ./input/random_graphs/graph_10000_1000_UNIFORM_5497874167834979553.txt (Time: 0.00s)
✓ Generated graph n=10000, m=1000, seed=9059990922233379852, type=UNIFORM -> ./input/random_graphs/graph_10000_1000_UNIFORM_9059990922233379852.txt (Time: 0.00s)
✓ Generated graph n=10000, m=1000, seed=1992204328026194281, type=UNIFORM -> ./input/random_graphs/graph_10000_1000_UNIFORM_1992204328026194281.txt (Time: 0.00s)
✓ Generated graph n=10000, m=1000, seed=4934890601268679176, type=UNIFORM -> ./input/random_graphs/graph_10000_1000_UNIFORM_4934890601268679176.txt (Time: 0.00s)
✓ Generated graph n=10000, m=1000, seed=7905487461282246979, type=UNIFORM -> ./input/random_graphs/graph_10000_1000_UNIFORM_7905487461282246979.txt (Time: 0.00s)
✓ Generated graph n=10000, m=1000, seed=2718103348384927511, type=UNIFORM -> ./input/random_graphs/graph_10000_1000_UNIFORM_2718103348384927511.txt (Time: 0.00s)
✓ Generated graph n=10000, m=1000, seed=4795749165124911768, type=UNIFORM -> ./input/random_graphs/graph_10000_1000_UNIFORM_4795749165124911768.txt (Time: 0.00s)
✓ Generated graph n=10000, m=1000, seed=8448596294177070022, type=UNIFORM -> ./input/random_graphs/graph_10000_1000_UNIFORM_8448596294177070022.txt (Time: 0.01s)
✓ Generated graph n=10000, m=1000, seed=4940913311242578590, type=UNIFORM -> ./input/random_graphs/graph_10000_1000_UNIFORM_4940913311242578590.txt (Time: 0.00s)
✓ Generated graph n=10000, m=1000, seed=5894893360759659423, type=UNIFORM -> ./input/random_graphs/graph_10000_1000_UNIFORM_5894893360759659423.txt (Time: 0.00s)
✓ Generated graph n=10000, m=1000, seed=8867616339855336876, type=UNIFORM -> ./input/random_graphs/graph_10000_1000_UNIFORM_8867616339855336876.txt (Time: 0.00s)
✓ Generated graph n=10000, m=1000, seed=3221421291694197220, type=UNIFORM -> ./input/random_graphs/graph_10000_1000_UNIFORM_3221421291694197220.txt (Time: 0.00s)
✓ Generated graph n=10000, m=1000, seed=7118744415197196276, type=UNIFORM -> ./input/random_graphs/graph_10000_1000_UNIFORM_7118744415197196276.txt (Time: 0.00s)
✓ Generated graph n=10000, m=1000, seed=7983805977214098674, type=UNIFORM -> ./input/random_graphs/graph_10000_1000_UNIFORM_7983805977214098674.txt (Time: 0.00s)
✓ Generated graph n=10000, m=1000, seed=7449662661572224354, type=UNIFORM -> ./input/random_graphs/graph_10000_1000_UNIFORM_7449662661572224354.txt (Time: 0.00s)
✓ Generated graph n=10000, m=2000, seed=7871178979383552919, type=UNIFORM -> ./input/random_graphs/graph_10000_2000_UNIFORM_7871178979383552919.txt (Time: 0.00s)
✓ Generated graph n=10000, m=2000, seed=6230961512046992311, type=UNIFORM -> ./input/random_graphs/graph_10000_2000_UNIFORM_6230961512046992311.txt (Time: 0.00s)
✓ Generated graph n=10000, m=1000, seed=2264398621601381987, type=UNIFORM -> ./input/random_graphs/graph_10000_1000_UNIFORM_2264398621601381987.txt (Time: 0.00s)
✓ Generated graph n=10000, m=1000, seed=7632458674696225362, type=UNIFORM -> ./input/random_graphs/graph_10000_1000_UNIFORM_7632458674696225362.txt (Time: 0.00s)
✓ Generated graph n=10000, m=2000, seed=3881801951614183357, type=UNIFORM -> ./input/random_graphs/graph_10000_2000_UNIFORM_3881801951614183357.txt (Time: 0.00s)
✓ Generated graph n=10000, m=2000, seed=5739955973604961613, type=UNIFORM -> ./input/random_graphs/graph_10000_2000_UNIFORM_5739955973604961613.txt (Time: 0.01s)
✓ Generated graph n=10000, m=2000, seed=7032710160631691991, type=UNIFORM -> ./input/random_graphs/graph_10000_2000_UNIFORM_7032710160631691991.txt (Time: 0.00s)
✓ Generated graph n=10000, m=2000, seed=6938562734920028532, type=UNIFORM -> ./input/random_graphs/graph_10000_2000_UNIFORM_6938562734920028532.txt (Time: 0.00s)
✓ Generated graph n=10000, m=2000, seed=7599700178212337699, type=UNIFORM -> ./input/random_graphs/graph_10000_2000_UNIFORM_7599700178212337699.txt (Time: 0.00s)
✓ Generated graph n=10000, m=2000, seed=1309542850049879452, type=UNIFORM -> ./input/random_graphs/graph_10000_2000_UNIFORM_1309542850049879452.txt (Time: 0.00s)
✓ Generated graph n=10000, m=2000, seed=7663871783842725848, type=UNIFORM -> ./input/random_graphs/graph_10000_2000_UNIFORM_7663871783842725848.txt (Time: 0.00s)
✓ Generated graph n=10000, m=2000, seed=1250005700364523649, type=UNIFORM -> ./input/random_graphs/graph_10000_2000_UNIFORM_1250005700364523649.txt (Time: 0.01s)
✓ Generated graph n=10000, m=2000, seed=5906957480796939447, type=UNIFORM -> ./input/random_graphs/graph_10000_2000_UNIFORM_5906957480796939447.txt (Time: 0.00s)
✓ Generated graph n=10000, m=2000, seed=7146860528564146064, type=UNIFORM -> ./input/random_graphs/graph_10000_2000_UNIFORM_7146860528564146064.txt (Time: 0.00s)
✓ Generated graph n=10000, m=2000, seed=320375091487821987, type=UNIFORM -> ./input/random_graphs/graph_10000_2000_UNIFORM_320375091487821987.txt (Time: 0.00s)
✓ Generated graph n=10000, m=2000, seed=4040737767143389431, type=UNIFORM -> ./input/random_graphs/graph_10000_2000_UNIFORM_4040737767143389431.txt (Time: 0.01s)
✓ Generated graph n=10000, m=2000, seed=2429002973740178792, type=UNIFORM -> ./input/random_graphs/graph_10000_2000_UNIFORM_2429002973740178792.txt (Time: 0.01s)
✓ Generated graph n=10000, m=2000, seed=7473196763798409428, type=UNIFORM -> ./input/random_graphs/graph_10000_2000_UNIFORM_7473196763798409428.txt (Time: 0.00s)
✓ Generated graph n=10000, m=2000, seed=1250773459040295677, type=UNIFORM -> ./input/random_graphs/graph_10000_2000_UNIFORM_1250773459040295677.txt (Time: 0.00s)
✓ Generated graph n=10000, m=2000, seed=1353182403971399009, type=UNIFORM -> ./input/random_graphs/graph_10000_2000_UNIFORM_1353182403971399009.txt (Time: 0.00s)
✓ Generated graph n=10000, m=2000, seed=3438400432146115956, type=UNIFORM -> ./input/random_graphs/graph_10000_2000_UNIFORM_3438400432146115956.txt (Time: 0.00s)
✓ Generated graph n=10000, m=2000, seed=1070244953599069350, type=UNIFORM -> ./input/random_graphs/graph_10000_2000_UNIFORM_1070244953599069350.txt (Time: 0.01s)
✓ Generated graph n=10000, m=2000, seed=6522163754831416203, type=UNIFORM -> ./input/random_graphs/graph_10000_2000_UNIFORM_6522163754831416203.txt (Time: 0.01s)
✓ Generated graph n=10000, m=2000, seed=3010622984418968408, type=UNIFORM -> ./input/random_graphs/graph_10000_2000_UNIFORM_3010622984418968408.txt (Time: 0.00s)
✓ Generated graph n=10000, m=2000, seed=6002685213311538187, type=UNIFORM -> ./input/random_graphs/graph_10000_2000_UNIFORM_6002685213311538187.txt (Time: 0.00s)
✓ Generated graph n=10000, m=2000, seed=5139481885857321791, type=UNIFORM -> ./input/random_graphs/graph_10000_2000_UNIFORM_5139481885857321791.txt (Time: 0.00s)
✓ Generated graph n=10000, m=2000, seed=5142811650494845597, type=UNIFORM -> ./input/random_graphs/graph_10000_2000_UNIFORM_5142811650494845597.txt (Time: 0.00s)
✓ Generated graph n=10000, m=2000, seed=521787134863155063, type=UNIFORM -> ./input/random_graphs/graph_10000_2000_UNIFORM_521787134863155063.txt (Time: 0.00s)
✓ Generated graph n=10000, m=2000, seed=1731523882129807996, type=UNIFORM -> ./input/random_graphs/graph_10000_2000_UNIFORM_1731523882129807996.txt (Time: 0.00s)
✓ Generated graph n=10000, m=2000, seed=1853590723603270879, type=UNIFORM -> ./input/random_graphs/graph_10000_2000_UNIFORM_1853590723603270879.txt (Time: 0.00s)
✓ Generated graph n=10000, m=2000, seed=5708372698381010775, type=UNIFORM -> ./input/random_graphs/graph_10000_2000_UNIFORM_5708372698381010775.txt (Time: 0.00s)
✓ Generated graph n=10000, m=2000, seed=7029781962072644698, type=UNIFORM -> ./input/random_graphs/graph_10000_2000_UNIFORM_7029781962072644698.txt (Time: 0.00s)
✓ Generated graph n=10000, m=2000, seed=6785030173969523435, type=UNIFORM -> ./input/random_graphs/graph_10000_2000_UNIFORM_6785030173969523435.txt (Time: 0.00s)
✓ Generated graph n=10000, m=2000, seed=1024517563182776983, type=UNIFORM -> ./input/random_graphs/graph_10000_2000_UNIFORM_1024517563182776983.txt (Time: 0.00s)
✓ Generated graph n=10000, m=2000, seed=5529616217668449934, type=UNIFORM -> ./input/random_graphs/graph_10000_2000_UNIFORM_5529616217668449934.txt (Time: 0.00s)
✓ Generated graph n=10000, m=2000, seed=824387247617288499, type=UNIFORM -> ./input/random_graphs/graph_10000_2000_UNIFORM_824387247617288499.txt (Time: 0.00s)
✓ Generated graph n=10000, m=2000, seed=5258051056098597521, type=UNIFORM -> ./input/random_graphs/graph_10000_2000_UNIFORM_5258051056098597521.txt (Time: 0.00s)
✓ Generated graph n=10000, m=2000, seed=1647170069535670909, type=UNIFORM -> ./input/random_graphs/graph_10000_2000_UNIFORM_1647170069535670909.txt (Time: 0.00s)
✓ Generated graph n=10000, m=2000, seed=8031431416522537101, type=UNIFORM -> ./input/random_graphs/graph_10000_2000_UNIFORM_8031431416522537101.txt (Time: 0.00s)
✓ Generated graph n=10000, m=2000, seed=6143643868734370809, type=UNIFORM -> ./input/random_graphs/graph_10000_2000_UNIFORM_6143643868734370809.txt (Time: 0.00s)
✓ Generated graph n=10000, m=2000, seed=6802378520969450157, type=UNIFORM -> ./input/random_graphs/graph_10000_2000_UNIFORM_6802378520969450157.txt (Time: 0.00s)
✓ Generated graph n=10000, m=2000, seed=7161906730445628483, type=UNIFORM -> ./input/random_graphs/graph_10000_2000_UNIFORM_7161906730445628483.txt (Time: 0.00s)
✓ Generated graph n=10000, m=2000, seed=4552998297316576788, type=UNIFORM -> ./input/random_graphs/graph_10000_2000_UNIFORM_4552998297316576788.txt (Time: 0.00s)
✓ Generated graph n=10000, m=2000, seed=1632192924771168275, type=UNIFORM -> ./input/random_graphs/graph_10000_2000_UNIFORM_1632192924771168275.txt (Time: 0.00s)
✓ Generated graph n=10000, m=2000, seed=4122784633514911760, type=UNIFORM -> ./input/random_graphs/graph_10000_2000_UNIFORM_4122784633514911760.txt (Time: 0.00s)
✓ Generated graph n=10000, m=2000, seed=3272308573967577038, type=UNIFORM -> ./input/random_graphs/graph_10000_2000_UNIFORM_3272308573967577038.txt (Time: 0.00s)
✓ Generated graph n=10000, m=2000, seed=7706236040662210848, type=UNIFORM -> ./input/random_graphs/graph_10000_2000_UNIFORM_7706236040662210848.txt (Time: 0.00s)
✓ Generated graph n=10000, m=2000, seed=6614505080519948832, type=UNIFORM -> ./input/random_graphs/graph_10000_2000_UNIFORM_6614505080519948832.txt (Time: 0.00s)
✓ Generated graph n=10000, m=2000, seed=5636411189175451024, type=UNIFORM -> ./input/random_graphs/graph_10000_2000_UNIFORM_5636411189175451024.txt (Time: 0.00s)
✓ Generated graph n=10000, m=2000, seed=5349491008325879064, type=UNIFORM -> ./input/random_graphs/graph_10000_2000_UNIFORM_5349491008325879064.txt (Time: 0.00s)
✓ Generated graph n=10000, m=2000, seed=3865339568260874865, type=UNIFORM -> ./input/random_graphs/graph_10000_2000_UNIFORM_3865339568260874865.txt (Time: 0.00s)
✓ Generated graph n=10000, m=2000, seed=7938560551762094560, type=UNIFORM -> ./input/random_graphs/graph_10000_2000_UNIFORM_7938560551762094560.txt (Time: 0.00s)
✓ Generated graph n=10000, m=2000, seed=3224265581699847191, type=UNIFORM -> ./input/random_graphs/graph_10000_2000_UNIFORM_3224265581699847191.txt (Time: 0.01s)
✓ Generated graph n=10000, m=2000, seed=7921282862123281598, type=UNIFORM -> ./input/random_graphs/graph_10000_2000_UNIFORM_7921282862123281598.txt (Time: 0.00s)
✓ Generated graph n=10000, m=2000, seed=7917045922527545890, type=UNIFORM -> ./input/random_graphs/graph_10000_2000_UNIFORM_7917045922527545890.txt (Time: 0.00s)
✓ Generated graph n=10000, m=2000, seed=4445925461710302877, type=UNIFORM -> ./input/random_graphs/graph_10000_2000_UNIFORM_4445925461710302877.txt (Time: 0.00s)
✓ Generated graph n=10000, m=2000, seed=6224222471595207695, type=UNIFORM -> ./input/random_graphs/graph_10000_2000_UNIFORM_6224222471595207695.txt (Time: 0.00s)
✓ Generated graph n=10000, m=2000, seed=1128313391724783137, type=UNIFORM -> ./input/random_graphs/graph_10000_2000_UNIFORM_1128313391724783137.txt (Time: 0.00s)
✓ Generated graph n=10000, m=2000, seed=716820155901718944, type=UNIFORM -> ./input/random_graphs/graph_10000_2000_UNIFORM_716820155901718944.txt (Time: 0.00s)
✓ Generated graph n=10000, m=2000, seed=6529943913552561417, type=UNIFORM -> ./input/random_graphs/graph_10000_2000_UNIFORM_6529943913552561417.txt (Time: 0.00s)
✓ Generated graph n=10000, m=2000, seed=8446481348147407377, type=UNIFORM -> ./input/random_graphs/graph_10000_2000_UNIFORM_8446481348147407377.txt (Time: 0.00s)
✓ Generated graph n=10000, m=2000, seed=1170385908854608748, type=UNIFORM -> ./input/random_graphs/graph_10000_2000_UNIFORM_1170385908854608748.txt (Time: 0.00s)
✓ Generated graph n=10000, m=2000, seed=3817405844514670994, type=UNIFORM -> ./input/random_graphs/graph_10000_2000_UNIFORM_3817405844514670994.txt (Time: 0.00s)
✓ Generated graph n=10000, m=2000, seed=5063475852268941542, type=UNIFORM -> ./input/random_graphs/graph_10000_2000_UNIFORM_5063475852268941542.txt (Time: 0.00s)
✓ Generated graph n=10000, m=2000, seed=6022436717541034636, type=UNIFORM -> ./input/random_graphs/graph_10000_2000_UNIFORM_6022436717541034636.txt (Time: 0.00s)
✓ Generated graph n=10000, m=2000, seed=4997514996153925447, type=UNIFORM -> ./input/random_graphs/graph_10000_2000_UNIFORM_4997514996153925447.txt (Time: 0.00s)
✓ Generated graph n=10000, m=2000, seed=175493991617213850, type=UNIFORM -> ./input/random_graphs/graph_10000_2000_UNIFORM_175493991617213850.txt (Time: 0.00s)
✓ Generated graph n=10000, m=2000, seed=199422815561151340, type=UNIFORM -> ./input/random_graphs/graph_10000_2000_UNIFORM_199422815561151340.txt (Time: 0.00s)
✓ Generated graph n=10000, m=2000, seed=8718380604043999642, type=UNIFORM -> ./input/random_graphs/graph_10000_2000_UNIFORM_8718380604043999642.txt (Time: 0.01s)
✓ Generated graph n=10000, m=2000, seed=3713827327871807734, type=UNIFORM -> ./input/random_graphs/graph_10000_2000_UNIFORM_3713827327871807734.txt (Time: 0.00s)
✓ Generated graph n=10000, m=2000, seed=9130666990809746335, type=UNIFORM -> ./input/random_graphs/graph_10000_2000_UNIFORM_9130666990809746335.txt (Time: 0.00s)
✓ Generated graph n=10000, m=2000, seed=1458186392400727732, type=UNIFORM -> ./input/random_graphs/graph_10000_2000_UNIFORM_1458186392400727732.txt (Time: 0.00s)
✓ Generated graph n=10000, m=2000, seed=6764066939395682287, type=UNIFORM -> ./input/random_graphs/graph_10000_2000_UNIFORM_6764066939395682287.txt (Time: 0.00s)
✓ Generated graph n=10000, m=2000, seed=2909934787168262407, type=UNIFORM -> ./input/random_graphs/graph_10000_2000_UNIFORM_2909934787168262407.txt (Time: 0.01s)
✓ Generated graph n=10000, m=2000, seed=5108599054664628607, type=UNIFORM -> ./input/random_graphs/graph_10000_2000_UNIFORM_5108599054664628607.txt (Time: 0.01s)
✓ Generated graph n=10000, m=2000, seed=1392892770529522614, type=UNIFORM -> ./input/random_graphs/graph_10000_2000_UNIFORM_1392892770529522614.txt (Time: 0.00s)
✓ Generated graph n=10000, m=2000, seed=4250897495980125004, type=UNIFORM -> ./input/random_graphs/graph_10000_2000_UNIFORM_4250897495980125004.txt (Time: 0.00s)
✓ Generated graph n=10000, m=2000, seed=7644420139408884785, type=UNIFORM -> ./input/random_graphs/graph_10000_2000_UNIFORM_7644420139408884785.txt (Time: 0.01s)
✓ Generated graph n=10000, m=2000, seed=9060210648189963449, type=UNIFORM -> ./input/random_graphs/graph_10000_2000_UNIFORM_9060210648189963449.txt (Time: 0.00s)
✓ Generated graph n=10000, m=2000, seed=8794274795737982182, type=UNIFORM -> ./input/random_graphs/graph_10000_2000_UNIFORM_8794274795737982182.txt (Time: 0.00s)
✓ Generated graph n=10000, m=2000, seed=5497874167834979553, type=UNIFORM -> ./input/random_graphs/graph_10000_2000_UNIFORM_5497874167834979553.txt (Time: 0.00s)
✓ Generated graph n=10000, m=2000, seed=2089506265998900862, type=UNIFORM -> ./input/random_graphs/graph_10000_2000_UNIFORM_2089506265998900862.txt (Time: 0.00s)
✓ Generated graph n=10000, m=2000, seed=4060584409398689268, type=UNIFORM -> ./input/random_graphs/graph_10000_2000_UNIFORM_4060584409398689268.txt (Time: 0.00s)
✓ Generated graph n=10000, m=2000, seed=1332005502874566195, type=UNIFORM -> ./input/random_graphs/graph_10000_2000_UNIFORM_1332005502874566195.txt (Time: 0.01s)
✓ Generated graph n=10000, m=2000, seed=1722224698700348310, type=UNIFORM -> ./input/random_graphs/graph_10000_2000_UNIFORM_1722224698700348310.txt (Time: 0.00s)
✓ Generated graph n=10000, m=2000, seed=1992204328026194281, type=UNIFORM -> ./input/random_graphs/graph_10000_2000_UNIFORM_1992204328026194281.txt (Time: 0.00s)
✓ Generated graph n=10000, m=2000, seed=8448596294177070022, type=UNIFORM -> ./input/random_graphs/graph_10000_2000_UNIFORM_8448596294177070022.txt (Time: 0.00s)
✓ Generated graph n=10000, m=2000, seed=7905487461282246979, type=UNIFORM -> ./input/random_graphs/graph_10000_2000_UNIFORM_7905487461282246979.txt (Time: 0.00s)
✓ Generated graph n=10000, m=2000, seed=4934890601268679176, type=UNIFORM -> ./input/random_graphs/graph_10000_2000_UNIFORM_4934890601268679176.txt (Time: 0.00s)
✓ Generated graph n=10000, m=2000, seed=3221421291694197220, type=UNIFORM -> ./input/random_graphs/graph_10000_2000_UNIFORM_3221421291694197220.txt (Time: 0.00s)
✓ Generated graph n=10000, m=2000, seed=7118744415197196276, type=UNIFORM -> ./input/random_graphs/graph_10000_2000_UNIFORM_7118744415197196276.txt (Time: 0.00s)
✓ Generated graph n=10000, m=2000, seed=4795749165124911768, type=UNIFORM -> ./input/random_graphs/graph_10000_2000_UNIFORM_4795749165124911768.txt (Time: 0.00s)
✓ Generated graph n=10000, m=2000, seed=8867616339855336876, type=UNIFORM -> ./input/random_graphs/graph_10000_2000_UNIFORM_8867616339855336876.txt (Time: 0.00s)
✓ Generated graph n=10000, m=2000, seed=8626102704817790064, type=UNIFORM -> ./input/random_graphs/graph_10000_2000_UNIFORM_8626102704817790064.txt (Time: 0.01s)
✓ Generated graph n=10000, m=2000, seed=2718103348384927511, type=UNIFORM -> ./input/random_graphs/graph_10000_2000_UNIFORM_2718103348384927511.txt (Time: 0.00s)
✓ Generated graph n=10000, m=2000, seed=7632458674696225362, type=UNIFORM -> ./input/random_graphs/graph_10000_2000_UNIFORM_7632458674696225362.txt (Time: 0.00s)
✓ Generated graph n=10000, m=2000, seed=2264398621601381987, type=UNIFORM -> ./input/random_graphs/graph_10000_2000_UNIFORM_2264398621601381987.txt (Time: 0.00s)
✓ Generated graph n=10000, m=2000, seed=4940913311242578590, type=UNIFORM -> ./input/random_graphs/graph_10000_2000_UNIFORM_4940913311242578590.txt (Time: 0.00s)
✓ Generated graph n=10000, m=2000, seed=9059990922233379852, type=UNIFORM -> ./input/random_graphs/graph_10000_2000_UNIFORM_9059990922233379852.txt (Time: 0.01s)
✓ Generated graph n=10000, m=2000, seed=7449662661572224354, type=UNIFORM -> ./input/random_graphs/graph_10000_2000_UNIFORM_7449662661572224354.txt (Time: 0.01s)
✓ Generated graph n=10000, m=2000, seed=7983805977214098674, type=UNIFORM -> ./input/random_graphs/graph_10000_2000_UNIFORM_7983805977214098674.txt (Time: 0.00s)
✓ Generated graph n=10000, m=2000, seed=5894893360759659423, type=UNIFORM -> ./input/random_graphs/graph_10000_2000_UNIFORM_5894893360759659423.txt (Time: 0.01s)
✓ Generated graph n=10000, m=3000, seed=6230961512046992311, type=UNIFORM -> ./input/random_graphs/graph_10000_3000_UNIFORM_6230961512046992311.txt (Time: 0.00s)
✓ Generated graph n=10000, m=3000, seed=3881801951614183357, type=UNIFORM -> ./input/random_graphs/graph_10000_3000_UNIFORM_3881801951614183357.txt (Time: 0.00s)
✓ Generated graph n=10000, m=3000, seed=7871178979383552919, type=UNIFORM -> ./input/random_graphs/graph_10000_3000_UNIFORM_7871178979383552919.txt (Time: 0.00s)
✓ Generated graph n=10000, m=3000, seed=5739955973604961613, type=UNIFORM -> ./input/random_graphs/graph_10000_3000_UNIFORM_5739955973604961613.txt (Time: 0.00s)
✓ Generated graph n=10000, m=3000, seed=7599700178212337699, type=UNIFORM -> ./input/random_graphs/graph_10000_3000_UNIFORM_7599700178212337699.txt (Time: 0.00s)
✓ Generated graph n=10000, m=3000, seed=7032710160631691991, type=UNIFORM -> ./input/random_graphs/graph_10000_3000_UNIFORM_7032710160631691991.txt (Time: 0.00s)
✓ Generated graph n=10000, m=3000, seed=1353182403971399009, type=UNIFORM -> ./input/random_graphs/graph_10000_3000_UNIFORM_1353182403971399009.txt (Time: 0.00s)
✓ Generated graph n=10000, m=3000, seed=1070244953599069350, type=UNIFORM -> ./input/random_graphs/graph_10000_3000_UNIFORM_1070244953599069350.txt (Time: 0.00s)
✓ Generated graph n=10000, m=3000, seed=6938562734920028532, type=UNIFORM -> ./input/random_graphs/graph_10000_3000_UNIFORM_6938562734920028532.txt (Time: 0.00s)
✓ Generated graph n=10000, m=3000, seed=1309542850049879452, type=UNIFORM -> ./input/random_graphs/graph_10000_3000_UNIFORM_1309542850049879452.txt (Time: 0.00s)
✓ Generated graph n=10000, m=3000, seed=4040737767143389431, type=UNIFORM -> ./input/random_graphs/graph_10000_3000_UNIFORM_4040737767143389431.txt (Time: 0.00s)
✓ Generated graph n=10000, m=3000, seed=6522163754831416203, type=UNIFORM -> ./input/random_graphs/graph_10000_3000_UNIFORM_6522163754831416203.txt (Time: 0.00s)
✓ Generated graph n=10000, m=3000, seed=1250005700364523649, type=UNIFORM -> ./input/random_graphs/graph_10000_3000_UNIFORM_1250005700364523649.txt (Time: 0.00s)
✓ Generated graph n=10000, m=3000, seed=7663871783842725848, type=UNIFORM -> ./input/random_graphs/graph_10000_3000_UNIFORM_7663871783842725848.txt (Time: 0.00s)
✓ Generated graph n=10000, m=3000, seed=320375091487821987, type=UNIFORM -> ./input/random_graphs/graph_10000_3000_UNIFORM_320375091487821987.txt (Time: 0.00s)
✓ Generated graph n=10000, m=3000, seed=1250773459040295677, type=UNIFORM -> ./input/random_graphs/graph_10000_3000_UNIFORM_1250773459040295677.txt (Time: 0.00s)
✓ Generated graph n=10000, m=3000, seed=7473196763798409428, type=UNIFORM -> ./input/random_graphs/graph_10000_3000_UNIFORM_7473196763798409428.txt (Time: 0.00s)
✓ Generated graph n=10000, m=3000, seed=2429002973740178792, type=UNIFORM -> ./input/random_graphs/graph_10000_3000_UNIFORM_2429002973740178792.txt (Time: 0.01s)
✓ Generated graph n=10000, m=3000, seed=5139481885857321791, type=UNIFORM -> ./input/random_graphs/graph_10000_3000_UNIFORM_5139481885857321791.txt (Time: 0.00s)
✓ Generated graph n=10000, m=3000, seed=5906957480796939447, type=UNIFORM -> ./input/random_graphs/graph_10000_3000_UNIFORM_5906957480796939447.txt (Time: 0.01s)
✓ Generated graph n=10000, m=3000, seed=3438400432146115956, type=UNIFORM -> ./input/random_graphs/graph_10000_3000_UNIFORM_3438400432146115956.txt (Time: 0.00s)
✓ Generated graph n=10000, m=3000, seed=7146860528564146064, type=UNIFORM -> ./input/random_graphs/graph_10000_3000_UNIFORM_7146860528564146064.txt (Time: 0.01s)
✓ Generated graph n=10000, m=3000, seed=6002685213311538187, type=UNIFORM -> ./input/random_graphs/graph_10000_3000_UNIFORM_6002685213311538187.txt (Time: 0.00s)
✓ Generated graph n=10000, m=3000, seed=5142811650494845597, type=UNIFORM -> ./input/random_graphs/graph_10000_3000_UNIFORM_5142811650494845597.txt (Time: 0.00s)
✓ Generated graph n=10000, m=3000, seed=1731523882129807996, type=UNIFORM -> ./input/random_graphs/graph_10000_3000_UNIFORM_1731523882129807996.txt (Time: 0.00s)
✓ Generated graph n=10000, m=3000, seed=5708372698381010775, type=UNIFORM -> ./input/random_graphs/graph_10000_3000_UNIFORM_5708372698381010775.txt (Time: 0.00s)
✓ Generated graph n=10000, m=3000, seed=1853590723603270879, type=UNIFORM -> ./input/random_graphs/graph_10000_3000_UNIFORM_1853590723603270879.txt (Time: 0.00s)
✓ Generated graph n=10000, m=3000, seed=3010622984418968408, type=UNIFORM -> ./input/random_graphs/graph_10000_3000_UNIFORM_3010622984418968408.txt (Time: 0.01s)
✓ Generated graph n=10000, m=3000, seed=7029781962072644698, type=UNIFORM -> ./input/random_graphs/graph_10000_3000_UNIFORM_7029781962072644698.txt (Time: 0.00s)
✓ Generated graph n=10000, m=3000, seed=6785030173969523435, type=UNIFORM -> ./input/random_graphs/graph_10000_3000_UNIFORM_6785030173969523435.txt (Time: 0.00s)
✓ Generated graph n=10000, m=3000, seed=521787134863155063, type=UNIFORM -> ./input/random_graphs/graph_10000_3000_UNIFORM_521787134863155063.txt (Time: 0.01s)
✓ Generated graph n=10000, m=3000, seed=1024517563182776983, type=UNIFORM -> ./input/random_graphs/graph_10000_3000_UNIFORM_1024517563182776983.txt (Time: 0.00s)
✓ Generated graph n=10000, m=3000, seed=5529616217668449934, type=UNIFORM -> ./input/random_graphs/graph_10000_3000_UNIFORM_5529616217668449934.txt (Time: 0.00s)
✓ Generated graph n=10000, m=3000, seed=5258051056098597521, type=UNIFORM -> ./input/random_graphs/graph_10000_3000_UNIFORM_5258051056098597521.txt (Time: 0.00s)
✓ Generated graph n=10000, m=3000, seed=3224265581699847191, type=UNIFORM -> ./input/random_graphs/graph_10000_3000_UNIFORM_3224265581699847191.txt (Time: 0.00s)
✓ Generated graph n=10000, m=3000, seed=4122784633514911760, type=UNIFORM -> ./input/random_graphs/graph_10000_3000_UNIFORM_4122784633514911760.txt (Time: 0.00s)
✓ Generated graph n=10000, m=3000, seed=1647170069535670909, type=UNIFORM -> ./input/random_graphs/graph_10000_3000_UNIFORM_1647170069535670909.txt (Time: 0.00s)
✓ Generated graph n=10000, m=3000, seed=7706236040662210848, type=UNIFORM -> ./input/random_graphs/graph_10000_3000_UNIFORM_7706236040662210848.txt (Time: 0.00s)
✓ Generated graph n=10000, m=3000, seed=7161906730445628483, type=UNIFORM -> ./input/random_graphs/graph_10000_3000_UNIFORM_7161906730445628483.txt (Time: 0.00s)
✓ Generated graph n=10000, m=3000, seed=1632192924771168275, type=UNIFORM -> ./input/random_graphs/graph_10000_3000_UNIFORM_1632192924771168275.txt (Time: 0.00s)
✓ Generated graph n=10000, m=3000, seed=824387247617288499, type=UNIFORM -> ./input/random_graphs/graph_10000_3000_UNIFORM_824387247617288499.txt (Time: 0.01s)
✓ Generated graph n=10000, m=3000, seed=4552998297316576788, type=UNIFORM -> ./input/random_graphs/graph_10000_3000_UNIFORM_4552998297316576788.txt (Time: 0.00s)
✓ Generated graph n=10000, m=3000, seed=6802378520969450157, type=UNIFORM -> ./input/random_graphs/graph_10000_3000_UNIFORM_6802378520969450157.txt (Time: 0.00s)
✓ Generated graph n=10000, m=3000, seed=8031431416522537101, type=UNIFORM -> ./input/random_graphs/graph_10000_3000_UNIFORM_8031431416522537101.txt (Time: 0.00s)
✓ Generated graph n=10000, m=3000, seed=6143643868734370809, type=UNIFORM -> ./input/random_graphs/graph_10000_3000_UNIFORM_6143643868734370809.txt (Time: 0.00s)
✓ Generated graph n=10000, m=3000, seed=7917045922527545890, type=UNIFORM -> ./input/random_graphs/graph_10000_3000_UNIFORM_7917045922527545890.txt (Time: 0.00s)
✓ Generated graph n=10000, m=3000, seed=5349491008325879064, type=UNIFORM -> ./input/random_graphs/graph_10000_3000_UNIFORM_5349491008325879064.txt (Time: 0.00s)
✓ Generated graph n=10000, m=3000, seed=3272308573967577038, type=UNIFORM -> ./input/random_graphs/graph_10000_3000_UNIFORM_3272308573967577038.txt (Time: 0.00s)
✓ Generated graph n=10000, m=3000, seed=4445925461710302877, type=UNIFORM -> ./input/random_graphs/graph_10000_3000_UNIFORM_4445925461710302877.txt (Time: 0.00s)
✓ Generated graph n=10000, m=3000, seed=6614505080519948832, type=UNIFORM -> ./input/random_graphs/graph_10000_3000_UNIFORM_6614505080519948832.txt (Time: 0.01s)
✓ Generated graph n=10000, m=3000, seed=5636411189175451024, type=UNIFORM -> ./input/random_graphs/graph_10000_3000_UNIFORM_5636411189175451024.txt (Time: 0.01s)
✓ Generated graph n=10000, m=3000, seed=7938560551762094560, type=UNIFORM -> ./input/random_graphs/graph_10000_3000_UNIFORM_7938560551762094560.txt (Time: 0.01s)
✓ Generated graph n=10000, m=3000, seed=7921282862123281598, type=UNIFORM -> ./input/random_graphs/graph_10000_3000_UNIFORM_7921282862123281598.txt (Time: 0.00s)
✓ Generated graph n=10000, m=3000, seed=3865339568260874865, type=UNIFORM -> ./input/random_graphs/graph_10000_3000_UNIFORM_3865339568260874865.txt (Time: 0.00s)
✓ Generated graph n=10000, m=3000, seed=1128313391724783137, type=UNIFORM -> ./input/random_graphs/graph_10000_3000_UNIFORM_1128313391724783137.txt (Time: 0.00s)
✓ Generated graph n=10000, m=3000, seed=716820155901718944, type=UNIFORM -> ./input/random_graphs/graph_10000_3000_UNIFORM_716820155901718944.txt (Time: 0.00s)
✓ Generated graph n=10000, m=3000, seed=8718380604043999642, type=UNIFORM -> ./input/random_graphs/graph_10000_3000_UNIFORM_8718380604043999642.txt (Time: 0.00s)
✓ Generated graph n=10000, m=3000, seed=6224222471595207695, type=UNIFORM -> ./input/random_graphs/graph_10000_3000_UNIFORM_6224222471595207695.txt (Time: 0.01s)
✓ Generated graph n=10000, m=3000, seed=5063475852268941542, type=UNIFORM -> ./input/random_graphs/graph_10000_3000_UNIFORM_5063475852268941542.txt (Time: 0.00s)
✓ Generated graph n=10000, m=3000, seed=3817405844514670994, type=UNIFORM -> ./input/random_graphs/graph_10000_3000_UNIFORM_3817405844514670994.txt (Time: 0.00s)
✓ Generated graph n=10000, m=3000, seed=4997514996153925447, type=UNIFORM -> ./input/random_graphs/graph_10000_3000_UNIFORM_4997514996153925447.txt (Time: 0.00s)
✓ Generated graph n=10000, m=3000, seed=2909934787168262407, type=UNIFORM -> ./input/random_graphs/graph_10000_3000_UNIFORM_2909934787168262407.txt (Time: 0.00s)
✓ Generated graph n=10000, m=3000, seed=6529943913552561417, type=UNIFORM -> ./input/random_graphs/graph_10000_3000_UNIFORM_6529943913552561417.txt (Time: 0.00s)
✓ Generated graph n=10000, m=3000, seed=8446481348147407377, type=UNIFORM -> ./input/random_graphs/graph_10000_3000_UNIFORM_8446481348147407377.txt (Time: 0.00s)
✓ Generated graph n=10000, m=3000, seed=3713827327871807734, type=UNIFORM -> ./input/random_graphs/graph_10000_3000_UNIFORM_3713827327871807734.txt (Time: 0.00s)
✓ Generated graph n=10000, m=3000, seed=1170385908854608748, type=UNIFORM -> ./input/random_graphs/graph_10000_3000_UNIFORM_1170385908854608748.txt (Time: 0.00s)
✓ Generated graph n=10000, m=3000, seed=175493991617213850, type=UNIFORM -> ./input/random_graphs/graph_10000_3000_UNIFORM_175493991617213850.txt (Time: 0.00s)
✓ Generated graph n=10000, m=3000, seed=6022436717541034636, type=UNIFORM -> ./input/random_graphs/graph_10000_3000_UNIFORM_6022436717541034636.txt (Time: 0.00s)
✓ Generated graph n=10000, m=3000, seed=9130666990809746335, type=UNIFORM -> ./input/random_graphs/graph_10000_3000_UNIFORM_9130666990809746335.txt (Time: 0.00s)
✓ Generated graph n=10000, m=3000, seed=5108599054664628607, type=UNIFORM -> ./input/random_graphs/graph_10000_3000_UNIFORM_5108599054664628607.txt (Time: 0.00s)
✓ Generated graph n=10000, m=3000, seed=6764066939395682287, type=UNIFORM -> ./input/random_graphs/graph_10000_3000_UNIFORM_6764066939395682287.txt (Time: 0.00s)
✓ Generated graph n=10000, m=3000, seed=199422815561151340, type=UNIFORM -> ./input/random_graphs/graph_10000_3000_UNIFORM_199422815561151340.txt (Time: 0.01s)
✓ Generated graph n=10000, m=3000, seed=7644420139408884785, type=UNIFORM -> ./input/random_graphs/graph_10000_3000_UNIFORM_7644420139408884785.txt (Time: 0.00s)
✓ Generated graph n=10000, m=3000, seed=1458186392400727732, type=UNIFORM -> ./input/random_graphs/graph_10000_3000_UNIFORM_1458186392400727732.txt (Time: 0.00s)
✓ Generated graph n=10000, m=3000, seed=1392892770529522614, type=UNIFORM -> ./input/random_graphs/graph_10000_3000_UNIFORM_1392892770529522614.txt (Time: 0.00s)
✓ Generated graph n=10000, m=3000, seed=9060210648189963449, type=UNIFORM -> ./input/random_graphs/graph_10000_3000_UNIFORM_9060210648189963449.txt (Time: 0.00s)
✓ Generated graph n=10000, m=3000, seed=8794274795737982182, type=UNIFORM -> ./input/random_graphs/graph_10000_3000_UNIFORM_8794274795737982182.txt (Time: 0.00s)
✓ Generated graph n=10000, m=3000, seed=2089506265998900862, type=UNIFORM -> ./input/random_graphs/graph_10000_3000_UNIFORM_2089506265998900862.txt (Time: 0.00s)
✓ Generated graph n=10000, m=3000, seed=4250897495980125004, type=UNIFORM -> ./input/random_graphs/graph_10000_3000_UNIFORM_4250897495980125004.txt (Time: 0.00s)
✓ Generated graph n=10000, m=3000, seed=1332005502874566195, type=UNIFORM -> ./input/random_graphs/graph_10000_3000_UNIFORM_1332005502874566195.txt (Time: 0.00s)
✓ Generated graph n=10000, m=3000, seed=4060584409398689268, type=UNIFORM -> ./input/random_graphs/graph_10000_3000_UNIFORM_4060584409398689268.txt (Time: 0.00s)
✓ Generated graph n=10000, m=3000, seed=5497874167834979553, type=UNIFORM -> ./input/random_graphs/graph_10000_3000_UNIFORM_5497874167834979553.txt (Time: 0.00s)
✓ Generated graph n=10000, m=3000, seed=1722224698700348310, type=UNIFORM -> ./input/random_graphs/graph_10000_3000_UNIFORM_1722224698700348310.txt (Time: 0.00s)
✓ Generated graph n=10000, m=3000, seed=7905487461282246979, type=UNIFORM -> ./input/random_graphs/graph_10000_3000_UNIFORM_7905487461282246979.txt (Time: 0.00s)
✓ Generated graph n=10000, m=3000, seed=8626102704817790064, type=UNIFORM -> ./input/random_graphs/graph_10000_3000_UNIFORM_8626102704817790064.txt (Time: 0.00s)
✓ Generated graph n=10000, m=3000, seed=8448596294177070022, type=UNIFORM -> ./input/random_graphs/graph_10000_3000_UNIFORM_8448596294177070022.txt (Time: 0.00s)
✓ Generated graph n=10000, m=3000, seed=4795749165124911768, type=UNIFORM -> ./input/random_graphs/graph_10000_3000_UNIFORM_4795749165124911768.txt (Time: 0.00s)
✓ Generated graph n=10000, m=3000, seed=7449662661572224354, type=UNIFORM -> ./input/random_graphs/graph_10000_3000_UNIFORM_7449662661572224354.txt (Time: 0.00s)
✓ Generated graph n=10000, m=3000, seed=7118744415197196276, type=UNIFORM -> ./input/random_graphs/graph_10000_3000_UNIFORM_7118744415197196276.txt (Time: 0.00s)
✓ Generated graph n=10000, m=3000, seed=2718103348384927511, type=UNIFORM -> ./input/random_graphs/graph_10000_3000_UNIFORM_2718103348384927511.txt (Time: 0.00s)
✓ Generated graph n=10000, m=3000, seed=4934890601268679176, type=UNIFORM -> ./input/random_graphs/graph_10000_3000_UNIFORM_4934890601268679176.txt (Time: 0.00s)
✓ Generated graph n=10000, m=3000, seed=9059990922233379852, type=UNIFORM -> ./input/random_graphs/graph_10000_3000_UNIFORM_9059990922233379852.txt (Time: 0.00s)
✓ Generated graph n=10000, m=3000, seed=3221421291694197220, type=UNIFORM -> ./input/random_graphs/graph_10000_3000_UNIFORM_3221421291694197220.txt (Time: 0.00s)
✓ Generated graph n=10000, m=3000, seed=1992204328026194281, type=UNIFORM -> ./input/random_graphs/graph_10000_3000_UNIFORM_1992204328026194281.txt (Time: 0.01s)
✓ Generated graph n=10000, m=3000, seed=8867616339855336876, type=UNIFORM -> ./input/random_graphs/graph_10000_3000_UNIFORM_8867616339855336876.txt (Time: 0.00s)
✓ Generated graph n=10000, m=3000, seed=5894893360759659423, type=UNIFORM -> ./input/random_graphs/graph_10000_3000_UNIFORM_5894893360759659423.txt (Time: 0.00s)
✓ Generated graph n=10000, m=3000, seed=7632458674696225362, type=UNIFORM -> ./input/random_graphs/graph_10000_3000_UNIFORM_7632458674696225362.txt (Time: 0.00s)
✓ Generated graph n=10000, m=3000, seed=7983805977214098674, type=UNIFORM -> ./input/random_graphs/graph_10000_3000_UNIFORM_7983805977214098674.txt (Time: 0.00s)
✓ Generated graph n=10000, m=3000, seed=4940913311242578590, type=UNIFORM -> ./input/random_graphs/graph_10000_3000_UNIFORM_4940913311242578590.txt (Time: 0.00s)
✓ Generated graph n=10000, m=3000, seed=2264398621601381987, type=UNIFORM -> ./input/random_graphs/graph_10000_3000_UNIFORM_2264398621601381987.txt (Time: 0.00s)
✓ Generated graph n=10000, m=4000, seed=6230961512046992311, type=UNIFORM -> ./input/random_graphs/graph_10000_4000_UNIFORM_6230961512046992311.txt (Time: 0.00s)
✓ Generated graph n=10000, m=4000, seed=7871178979383552919, type=UNIFORM -> ./input/random_graphs/graph_10000_4000_UNIFORM_7871178979383552919.txt (Time: 0.00s)
✓ Generated graph n=10000, m=4000, seed=1353182403971399009, type=UNIFORM -> ./input/random_graphs/graph_10000_4000_UNIFORM_1353182403971399009.txt (Time: 0.00s)
✓ Generated graph n=10000, m=4000, seed=1070244953599069350, type=UNIFORM -> ./input/random_graphs/graph_10000_4000_UNIFORM_1070244953599069350.txt (Time: 0.00s)
✓ Generated graph n=10000, m=4000, seed=7599700178212337699, type=UNIFORM -> ./input/random_graphs/graph_10000_4000_UNIFORM_7599700178212337699.txt (Time: 0.00s)
✓ Generated graph n=10000, m=4000, seed=5739955973604961613, type=UNIFORM -> ./input/random_graphs/graph_10000_4000_UNIFORM_5739955973604961613.txt (Time: 0.00s)
✓ Generated graph n=10000, m=4000, seed=7032710160631691991, type=UNIFORM -> ./input/random_graphs/graph_10000_4000_UNIFORM_7032710160631691991.txt (Time: 0.00s)
✓ Generated graph n=10000, m=4000, seed=6522163754831416203, type=UNIFORM -> ./input/random_graphs/graph_10000_4000_UNIFORM_6522163754831416203.txt (Time: 0.00s)
✓ Generated graph n=10000, m=4000, seed=3881801951614183357, type=UNIFORM -> ./input/random_graphs/graph_10000_4000_UNIFORM_3881801951614183357.txt (Time: 0.01s)
✓ Generated graph n=10000, m=4000, seed=6938562734920028532, type=UNIFORM -> ./input/random_graphs/graph_10000_4000_UNIFORM_6938562734920028532.txt (Time: 0.00s)
✓ Generated graph n=10000, m=4000, seed=1309542850049879452, type=UNIFORM -> ./input/random_graphs/graph_10000_4000_UNIFORM_1309542850049879452.txt (Time: 0.00s)
✓ Generated graph n=10000, m=4000, seed=4040737767143389431, type=UNIFORM -> ./input/random_graphs/graph_10000_4000_UNIFORM_4040737767143389431.txt (Time: 0.00s)
✓ Generated graph n=10000, m=4000, seed=1250005700364523649, type=UNIFORM -> ./input/random_graphs/graph_10000_4000_UNIFORM_1250005700364523649.txt (Time: 0.01s)
✓ Generated graph n=10000, m=4000, seed=2429002973740178792, type=UNIFORM -> ./input/random_graphs/graph_10000_4000_UNIFORM_2429002973740178792.txt (Time: 0.00s)
✓ Generated graph n=10000, m=4000, seed=7663871783842725848, type=UNIFORM -> ./input/random_graphs/graph_10000_4000_UNIFORM_7663871783842725848.txt (Time: 0.00s)
✓ Generated graph n=10000, m=4000, seed=320375091487821987, type=UNIFORM -> ./input/random_graphs/graph_10000_4000_UNIFORM_320375091487821987.txt (Time: 0.00s)
✓ Generated graph n=10000, m=4000, seed=5906957480796939447, type=UNIFORM -> ./input/random_graphs/graph_10000_4000_UNIFORM_5906957480796939447.txt (Time: 0.00s)
✓ Generated graph n=10000, m=4000, seed=7146860528564146064, type=UNIFORM -> ./input/random_graphs/graph_10000_4000_UNIFORM_7146860528564146064.txt (Time: 0.00s)
✓ Generated graph n=10000, m=4000, seed=1250773459040295677, type=UNIFORM -> ./input/random_graphs/graph_10000_4000_UNIFORM_1250773459040295677.txt (Time: 0.00s)
✓ Generated graph n=10000, m=4000, seed=3438400432146115956, type=UNIFORM -> ./input/random_graphs/graph_10000_4000_UNIFORM_3438400432146115956.txt (Time: 0.00s)
✓ Generated graph n=10000, m=4000, seed=7473196763798409428, type=UNIFORM -> ./input/random_graphs/graph_10000_4000_UNIFORM_7473196763798409428.txt (Time: 0.00s)
✓ Generated graph n=10000, m=4000, seed=3010622984418968408, type=UNIFORM -> ./input/random_graphs/graph_10000_4000_UNIFORM_3010622984418968408.txt (Time: 0.00s)
✓ Generated graph n=10000, m=4000, seed=5142811650494845597, type=UNIFORM -> ./input/random_graphs/graph_10000_4000_UNIFORM_5142811650494845597.txt (Time: 0.00s)
✓ Generated graph n=10000, m=4000, seed=6002685213311538187, type=UNIFORM -> ./input/random_graphs/graph_10000_4000_UNIFORM_6002685213311538187.txt (Time: 0.00s)
✓ Generated graph n=10000, m=4000, seed=5139481885857321791, type=UNIFORM -> ./input/random_graphs/graph_10000_4000_UNIFORM_5139481885857321791.txt (Time: 0.01s)
✓ Generated graph n=10000, m=4000, seed=521787134863155063, type=UNIFORM -> ./input/random_graphs/graph_10000_4000_UNIFORM_521787134863155063.txt (Time: 0.00s)
✓ Generated graph n=10000, m=4000, seed=1731523882129807996, type=UNIFORM -> ./input/random_graphs/graph_10000_4000_UNIFORM_1731523882129807996.txt (Time: 0.00s)
✓ Generated graph n=10000, m=4000, seed=5708372698381010775, type=UNIFORM -> ./input/random_graphs/graph_10000_4000_UNIFORM_5708372698381010775.txt (Time: 0.00s)
✓ Generated graph n=10000, m=4000, seed=1853590723603270879, type=UNIFORM -> ./input/random_graphs/graph_10000_4000_UNIFORM_1853590723603270879.txt (Time: 0.00s)
✓ Generated graph n=10000, m=4000, seed=7029781962072644698, type=UNIFORM -> ./input/random_graphs/graph_10000_4000_UNIFORM_7029781962072644698.txt (Time: 0.00s)
✓ Generated graph n=10000, m=4000, seed=6785030173969523435, type=UNIFORM -> ./input/random_graphs/graph_10000_4000_UNIFORM_6785030173969523435.txt (Time: 0.00s)
✓ Generated graph n=10000, m=4000, seed=5529616217668449934, type=UNIFORM -> ./input/random_graphs/graph_10000_4000_UNIFORM_5529616217668449934.txt (Time: 0.00s)
✓ Generated graph n=10000, m=4000, seed=3224265581699847191, type=UNIFORM -> ./input/random_graphs/graph_10000_4000_UNIFORM_3224265581699847191.txt (Time: 0.00s)
✓ Generated graph n=10000, m=4000, seed=5258051056098597521, type=UNIFORM -> ./input/random_graphs/graph_10000_4000_UNIFORM_5258051056098597521.txt (Time: 0.00s)
✓ Generated graph n=10000, m=4000, seed=1024517563182776983, type=UNIFORM -> ./input/random_graphs/graph_10000_4000_UNIFORM_1024517563182776983.txt (Time: 0.01s)
✓ Generated graph n=10000, m=4000, seed=1647170069535670909, type=UNIFORM -> ./input/random_graphs/graph_10000_4000_UNIFORM_1647170069535670909.txt (Time: 0.00s)
✓ Generated graph n=10000, m=4000, seed=824387247617288499, type=UNIFORM -> ./input/random_graphs/graph_10000_4000_UNIFORM_824387247617288499.txt (Time: 0.00s)
✓ Generated graph n=10000, m=4000, seed=4122784633514911760, type=UNIFORM -> ./input/random_graphs/graph_10000_4000_UNIFORM_4122784633514911760.txt (Time: 0.00s)
✓ Generated graph n=10000, m=4000, seed=7706236040662210848, type=UNIFORM -> ./input/random_graphs/graph_10000_4000_UNIFORM_7706236040662210848.txt (Time: 0.00s)
✓ Generated graph n=10000, m=4000, seed=1632192924771168275, type=UNIFORM -> ./input/random_graphs/graph_10000_4000_UNIFORM_1632192924771168275.txt (Time: 0.00s)
✓ Generated graph n=10000, m=4000, seed=7161906730445628483, type=UNIFORM -> ./input/random_graphs/graph_10000_4000_UNIFORM_7161906730445628483.txt (Time: 0.00s)
✓ Generated graph n=10000, m=4000, seed=8031431416522537101, type=UNIFORM -> ./input/random_graphs/graph_10000_4000_UNIFORM_8031431416522537101.txt (Time: 0.00s)
✓ Generated graph n=10000, m=4000, seed=6802378520969450157, type=UNIFORM -> ./input/random_graphs/graph_10000_4000_UNIFORM_6802378520969450157.txt (Time: 0.00s)
✓ Generated graph n=10000, m=4000, seed=4552998297316576788, type=UNIFORM -> ./input/random_graphs/graph_10000_4000_UNIFORM_4552998297316576788.txt (Time: 0.00s)
✓ Generated graph n=10000, m=4000, seed=3272308573967577038, type=UNIFORM -> ./input/random_graphs/graph_10000_4000_UNIFORM_3272308573967577038.txt (Time: 0.01s)
✓ Generated graph n=10000, m=4000, seed=5636411189175451024, type=UNIFORM -> ./input/random_graphs/graph_10000_4000_UNIFORM_5636411189175451024.txt (Time: 0.00s)
✓ Generated graph n=10000, m=4000, seed=6143643868734370809, type=UNIFORM -> ./input/random_graphs/graph_10000_4000_UNIFORM_6143643868734370809.txt (Time: 0.01s)
✓ Generated graph n=10000, m=4000, seed=7917045922527545890, type=UNIFORM -> ./input/random_graphs/graph_10000_4000_UNIFORM_7917045922527545890.txt (Time: 0.00s)
✓ Generated graph n=10000, m=4000, seed=6614505080519948832, type=UNIFORM -> ./input/random_graphs/graph_10000_4000_UNIFORM_6614505080519948832.txt (Time: 0.00s)
✓ Generated graph n=10000, m=4000, seed=7938560551762094560, type=UNIFORM -> ./input/random_graphs/graph_10000_4000_UNIFORM_7938560551762094560.txt (Time: 0.00s)
✓ Generated graph n=10000, m=4000, seed=5349491008325879064, type=UNIFORM -> ./input/random_graphs/graph_10000_4000_UNIFORM_5349491008325879064.txt (Time: 0.01s)
✓ Generated graph n=10000, m=4000, seed=3865339568260874865, type=UNIFORM -> ./input/random_graphs/graph_10000_4000_UNIFORM_3865339568260874865.txt (Time: 0.00s)
✓ Generated graph n=10000, m=4000, seed=1128313391724783137, type=UNIFORM -> ./input/random_graphs/graph_10000_4000_UNIFORM_1128313391724783137.txt (Time: 0.00s)
✓ Generated graph n=10000, m=4000, seed=7921282862123281598, type=UNIFORM -> ./input/random_graphs/graph_10000_4000_UNIFORM_7921282862123281598.txt (Time: 0.00s)
✓ Generated graph n=10000, m=4000, seed=6224222471595207695, type=UNIFORM -> ./input/random_graphs/graph_10000_4000_UNIFORM_6224222471595207695.txt (Time: 0.00s)
✓ Generated graph n=10000, m=4000, seed=4445925461710302877, type=UNIFORM -> ./input/random_graphs/graph_10000_4000_UNIFORM_4445925461710302877.txt (Time: 0.01s)
✓ Generated graph n=10000, m=4000, seed=716820155901718944, type=UNIFORM -> ./input/random_graphs/graph_10000_4000_UNIFORM_716820155901718944.txt (Time: 0.00s)
✓ Generated graph n=10000, m=4000, seed=8718380604043999642, type=UNIFORM -> ./input/random_graphs/graph_10000_4000_UNIFORM_8718380604043999642.txt (Time: 0.01s)
✓ Generated graph n=10000, m=4000, seed=4997514996153925447, type=UNIFORM -> ./input/random_graphs/graph_10000_4000_UNIFORM_4997514996153925447.txt (Time: 0.00s)
✓ Generated graph n=10000, m=4000, seed=8446481348147407377, type=UNIFORM -> ./input/random_graphs/graph_10000_4000_UNIFORM_8446481348147407377.txt (Time: 0.00s)
✓ Generated graph n=10000, m=4000, seed=5063475852268941542, type=UNIFORM -> ./input/random_graphs/graph_10000_4000_UNIFORM_5063475852268941542.txt (Time: 0.01s)
✓ Generated graph n=10000, m=4000, seed=6022436717541034636, type=UNIFORM -> ./input/random_graphs/graph_10000_4000_UNIFORM_6022436717541034636.txt (Time: 0.00s)
✓ Generated graph n=10000, m=4000, seed=199422815561151340, type=UNIFORM -> ./input/random_graphs/graph_10000_4000_UNIFORM_199422815561151340.txt (Time: 0.00s)
✓ Generated graph n=10000, m=4000, seed=3817405844514670994, type=UNIFORM -> ./input/random_graphs/graph_10000_4000_UNIFORM_3817405844514670994.txt (Time: 0.01s)
✓ Generated graph n=10000, m=4000, seed=6529943913552561417, type=UNIFORM -> ./input/random_graphs/graph_10000_4000_UNIFORM_6529943913552561417.txt (Time: 0.01s)
✓ Generated graph n=10000, m=4000, seed=3713827327871807734, type=UNIFORM -> ./input/random_graphs/graph_10000_4000_UNIFORM_3713827327871807734.txt (Time: 0.00s)
✓ Generated graph n=10000, m=4000, seed=1170385908854608748, type=UNIFORM -> ./input/random_graphs/graph_10000_4000_UNIFORM_1170385908854608748.txt (Time: 0.01s)
✓ Generated graph n=10000, m=4000, seed=175493991617213850, type=UNIFORM -> ./input/random_graphs/graph_10000_4000_UNIFORM_175493991617213850.txt (Time: 0.00s)
✓ Generated graph n=10000, m=4000, seed=5108599054664628607, type=UNIFORM -> ./input/random_graphs/graph_10000_4000_UNIFORM_5108599054664628607.txt (Time: 0.00s)
✓ Generated graph n=10000, m=4000, seed=6764066939395682287, type=UNIFORM -> ./input/random_graphs/graph_10000_4000_UNIFORM_6764066939395682287.txt (Time: 0.00s)
✓ Generated graph n=10000, m=4000, seed=9130666990809746335, type=UNIFORM -> ./input/random_graphs/graph_10000_4000_UNIFORM_9130666990809746335.txt (Time: 0.00s)
✓ Generated graph n=10000, m=4000, seed=2909934787168262407, type=UNIFORM -> ./input/random_graphs/graph_10000_4000_UNIFORM_2909934787168262407.txt (Time: 0.01s)
✓ Generated graph n=10000, m=4000, seed=1392892770529522614, type=UNIFORM -> ./input/random_graphs/graph_10000_4000_UNIFORM_1392892770529522614.txt (Time: 0.00s)
✓ Generated graph n=10000, m=4000, seed=4250897495980125004, type=UNIFORM -> ./input/random_graphs/graph_10000_4000_UNIFORM_4250897495980125004.txt (Time: 0.00s)
✓ Generated graph n=10000, m=4000, seed=1458186392400727732, type=UNIFORM -> ./input/random_graphs/graph_10000_4000_UNIFORM_1458186392400727732.txt (Time: 0.00s)
✓ Generated graph n=10000, m=4000, seed=5497874167834979553, type=UNIFORM -> ./input/random_graphs/graph_10000_4000_UNIFORM_5497874167834979553.txt (Time: 0.00s)
✓ Generated graph n=10000, m=4000, seed=4060584409398689268, type=UNIFORM -> ./input/random_graphs/graph_10000_4000_UNIFORM_4060584409398689268.txt (Time: 0.00s)
✓ Generated graph n=10000, m=4000, seed=9060210648189963449, type=UNIFORM -> ./input/random_graphs/graph_10000_4000_UNIFORM_9060210648189963449.txt (Time: 0.01s)
✓ Generated graph n=10000, m=4000, seed=8794274795737982182, type=UNIFORM -> ./input/random_graphs/graph_10000_4000_UNIFORM_8794274795737982182.txt (Time: 0.00s)
✓ Generated graph n=10000, m=4000, seed=1332005502874566195, type=UNIFORM -> ./input/random_graphs/graph_10000_4000_UNIFORM_1332005502874566195.txt (Time: 0.00s)
✓ Generated graph n=10000, m=4000, seed=2089506265998900862, type=UNIFORM -> ./input/random_graphs/graph_10000_4000_UNIFORM_2089506265998900862.txt (Time: 0.01s)
✓ Generated graph n=10000, m=4000, seed=7644420139408884785, type=UNIFORM -> ./input/random_graphs/graph_10000_4000_UNIFORM_7644420139408884785.txt (Time: 0.01s)
✓ Generated graph n=10000, m=4000, seed=8626102704817790064, type=UNIFORM -> ./input/random_graphs/graph_10000_4000_UNIFORM_8626102704817790064.txt (Time: 0.00s)
✓ Generated graph n=10000, m=4000, seed=7905487461282246979, type=UNIFORM -> ./input/random_graphs/graph_10000_4000_UNIFORM_7905487461282246979.txt (Time: 0.00s)
✓ Generated graph n=10000, m=4000, seed=4795749165124911768, type=UNIFORM -> ./input/random_graphs/graph_10000_4000_UNIFORM_4795749165124911768.txt (Time: 0.00s)
✓ Generated graph n=10000, m=4000, seed=1722224698700348310, type=UNIFORM -> ./input/random_graphs/graph_10000_4000_UNIFORM_1722224698700348310.txt (Time: 0.00s)
✓ Generated graph n=10000, m=4000, seed=4934890601268679176, type=UNIFORM -> ./input/random_graphs/graph_10000_4000_UNIFORM_4934890601268679176.txt (Time: 0.00s)
✓ Generated graph n=10000, m=4000, seed=8448596294177070022, type=UNIFORM -> ./input/random_graphs/graph_10000_4000_UNIFORM_8448596294177070022.txt (Time: 0.00s)
✓ Generated graph n=10000, m=4000, seed=1992204328026194281, type=UNIFORM -> ./input/random_graphs/graph_10000_4000_UNIFORM_1992204328026194281.txt (Time: 0.00s)
✓ Generated graph n=10000, m=4000, seed=7118744415197196276, type=UNIFORM -> ./input/random_graphs/graph_10000_4000_UNIFORM_7118744415197196276.txt (Time: 0.00s)
✓ Generated graph n=10000, m=4000, seed=9059990922233379852, type=UNIFORM -> ./input/random_graphs/graph_10000_4000_UNIFORM_9059990922233379852.txt (Time: 0.00s)
✓ Generated graph n=10000, m=4000, seed=7449662661572224354, type=UNIFORM -> ./input/random_graphs/graph_10000_4000_UNIFORM_7449662661572224354.txt (Time: 0.00s)
✓ Generated graph n=10000, m=4000, seed=2718103348384927511, type=UNIFORM -> ./input/random_graphs/graph_10000_4000_UNIFORM_2718103348384927511.txt (Time: 0.01s)
✓ Generated graph n=10000, m=4000, seed=5894893360759659423, type=UNIFORM -> ./input/random_graphs/graph_10000_4000_UNIFORM_5894893360759659423.txt (Time: 0.00s)
✓ Generated graph n=10000, m=4000, seed=8867616339855336876, type=UNIFORM -> ./input/random_graphs/graph_10000_4000_UNIFORM_8867616339855336876.txt (Time: 0.00s)
✓ Generated graph n=10000, m=4000, seed=3221421291694197220, type=UNIFORM -> ./input/random_graphs/graph_10000_4000_UNIFORM_3221421291694197220.txt (Time: 0.00s)
✓ Generated graph n=10000, m=4000, seed=7983805977214098674, type=UNIFORM -> ./input/random_graphs/graph_10000_4000_UNIFORM_7983805977214098674.txt (Time: 0.00s)
✓ Generated graph n=10000, m=4000, seed=4940913311242578590, type=UNIFORM -> ./input/random_graphs/graph_10000_4000_UNIFORM_4940913311242578590.txt (Time: 0.00s)
✓ Generated graph n=10000, m=5000, seed=7871178979383552919, type=UNIFORM -> ./input/random_graphs/graph_10000_5000_UNIFORM_7871178979383552919.txt (Time: 0.00s)
✓ Generated graph n=10000, m=5000, seed=6230961512046992311, type=UNIFORM -> ./input/random_graphs/graph_10000_5000_UNIFORM_6230961512046992311.txt (Time: 0.00s)
✓ Generated graph n=10000, m=5000, seed=7599700178212337699, type=UNIFORM -> ./input/random_graphs/graph_10000_5000_UNIFORM_7599700178212337699.txt (Time: 0.00s)
✓ Generated graph n=10000, m=5000, seed=3881801951614183357, type=UNIFORM -> ./input/random_graphs/graph_10000_5000_UNIFORM_3881801951614183357.txt (Time: 0.00s)
✓ Generated graph n=10000, m=4000, seed=7632458674696225362, type=UNIFORM -> ./input/random_graphs/graph_10000_4000_UNIFORM_7632458674696225362.txt (Time: 0.01s)
✓ Generated graph n=10000, m=5000, seed=5739955973604961613, type=UNIFORM -> ./input/random_graphs/graph_10000_5000_UNIFORM_5739955973604961613.txt (Time: 0.01s)
✓ Generated graph n=10000, m=5000, seed=7032710160631691991, type=UNIFORM -> ./input/random_graphs/graph_10000_5000_UNIFORM_7032710160631691991.txt (Time: 0.01s)
✓ Generated graph n=10000, m=5000, seed=1353182403971399009, type=UNIFORM -> ./input/random_graphs/graph_10000_5000_UNIFORM_1353182403971399009.txt (Time: 0.00s)
✓ Generated graph n=10000, m=5000, seed=1070244953599069350, type=UNIFORM -> ./input/random_graphs/graph_10000_5000_UNIFORM_1070244953599069350.txt (Time: 0.00s)
✓ Generated graph n=10000, m=4000, seed=2264398621601381987, type=UNIFORM -> ./input/random_graphs/graph_10000_4000_UNIFORM_2264398621601381987.txt (Time: 0.01s)
✓ Generated graph n=10000, m=5000, seed=4040737767143389431, type=UNIFORM -> ./input/random_graphs/graph_10000_5000_UNIFORM_4040737767143389431.txt (Time: 0.00s)
✓ Generated graph n=10000, m=5000, seed=6522163754831416203, type=UNIFORM -> ./input/random_graphs/graph_10000_5000_UNIFORM_6522163754831416203.txt (Time: 0.00s)
✓ Generated graph n=10000, m=5000, seed=2429002973740178792, type=UNIFORM -> ./input/random_graphs/graph_10000_5000_UNIFORM_2429002973740178792.txt (Time: 0.00s)
✓ Generated graph n=10000, m=5000, seed=6938562734920028532, type=UNIFORM -> ./input/random_graphs/graph_10000_5000_UNIFORM_6938562734920028532.txt (Time: 0.01s)
✓ Generated graph n=10000, m=5000, seed=1250005700364523649, type=UNIFORM -> ./input/random_graphs/graph_10000_5000_UNIFORM_1250005700364523649.txt (Time: 0.01s)
✓ Generated graph n=10000, m=5000, seed=320375091487821987, type=UNIFORM -> ./input/random_graphs/graph_10000_5000_UNIFORM_320375091487821987.txt (Time: 0.00s)
✓ Generated graph n=10000, m=5000, seed=1309542850049879452, type=UNIFORM -> ./input/random_graphs/graph_10000_5000_UNIFORM_1309542850049879452.txt (Time: 0.01s)
✓ Generated graph n=10000, m=5000, seed=5906957480796939447, type=UNIFORM -> ./input/random_graphs/graph_10000_5000_UNIFORM_5906957480796939447.txt (Time: 0.00s)
✓ Generated graph n=10000, m=5000, seed=3438400432146115956, type=UNIFORM -> ./input/random_graphs/graph_10000_5000_UNIFORM_3438400432146115956.txt (Time: 0.00s)
✓ Generated graph n=10000, m=5000, seed=7146860528564146064, type=UNIFORM -> ./input/random_graphs/graph_10000_5000_UNIFORM_7146860528564146064.txt (Time: 0.00s)
✓ Generated graph n=10000, m=5000, seed=5142811650494845597, type=UNIFORM -> ./input/random_graphs/graph_10000_5000_UNIFORM_5142811650494845597.txt (Time: 0.00s)
✓ Generated graph n=10000, m=5000, seed=7473196763798409428, type=UNIFORM -> ./input/random_graphs/graph_10000_5000_UNIFORM_7473196763798409428.txt (Time: 0.01s)
✓ Generated graph n=10000, m=5000, seed=7663871783842725848, type=UNIFORM -> ./input/random_graphs/graph_10000_5000_UNIFORM_7663871783842725848.txt (Time: 0.01s)
✓ Generated graph n=10000, m=5000, seed=1250773459040295677, type=UNIFORM -> ./input/random_graphs/graph_10000_5000_UNIFORM_1250773459040295677.txt (Time: 0.01s)
✓ Generated graph n=10000, m=5000, seed=3010622984418968408, type=UNIFORM -> ./input/random_graphs/graph_10000_5000_UNIFORM_3010622984418968408.txt (Time: 0.00s)
✓ Generated graph n=10000, m=5000, seed=521787134863155063, type=UNIFORM -> ./input/random_graphs/graph_10000_5000_UNIFORM_521787134863155063.txt (Time: 0.00s)
✓ Generated graph n=10000, m=5000, seed=1731523882129807996, type=UNIFORM -> ./input/random_graphs/graph_10000_5000_UNIFORM_1731523882129807996.txt (Time: 0.00s)
✓ Generated graph n=10000, m=5000, seed=1853590723603270879, type=UNIFORM -> ./input/random_graphs/graph_10000_5000_UNIFORM_1853590723603270879.txt (Time: 0.00s)
✓ Generated graph n=10000, m=5000, seed=6002685213311538187, type=UNIFORM -> ./input/random_graphs/graph_10000_5000_UNIFORM_6002685213311538187.txt (Time: 0.00s)
✓ Generated graph n=10000, m=5000, seed=5708372698381010775, type=UNIFORM -> ./input/random_graphs/graph_10000_5000_UNIFORM_5708372698381010775.txt (Time: 0.00s)
✓ Generated graph n=10000, m=5000, seed=5139481885857321791, type=UNIFORM -> ./input/random_graphs/graph_10000_5000_UNIFORM_5139481885857321791.txt (Time: 0.01s)
✓ Generated graph n=10000, m=5000, seed=3224265581699847191, type=UNIFORM -> ./input/random_graphs/graph_10000_5000_UNIFORM_3224265581699847191.txt (Time: 0.00s)
✓ Generated graph n=10000, m=5000, seed=5529616217668449934, type=UNIFORM -> ./input/random_graphs/graph_10000_5000_UNIFORM_5529616217668449934.txt (Time: 0.00s)
✓ Generated graph n=10000, m=5000, seed=7029781962072644698, type=UNIFORM -> ./input/random_graphs/graph_10000_5000_UNIFORM_7029781962072644698.txt (Time: 0.01s)
✓ Generated graph n=10000, m=5000, seed=1024517563182776983, type=UNIFORM -> ./input/random_graphs/graph_10000_5000_UNIFORM_1024517563182776983.txt (Time: 0.01s)
✓ Generated graph n=10000, m=5000, seed=6785030173969523435, type=UNIFORM -> ./input/random_graphs/graph_10000_5000_UNIFORM_6785030173969523435.txt (Time: 0.01s)
✓ Generated graph n=10000, m=5000, seed=1647170069535670909, type=UNIFORM -> ./input/random_graphs/graph_10000_5000_UNIFORM_1647170069535670909.txt (Time: 0.00s)
✓ Generated graph n=10000, m=5000, seed=5258051056098597521, type=UNIFORM -> ./input/random_graphs/graph_10000_5000_UNIFORM_5258051056098597521.txt (Time: 0.01s)
✓ Generated graph n=10000, m=5000, seed=4122784633514911760, type=UNIFORM -> ./input/random_graphs/graph_10000_5000_UNIFORM_4122784633514911760.txt (Time: 0.00s)
✓ Generated graph n=10000, m=5000, seed=7161906730445628483, type=UNIFORM -> ./input/random_graphs/graph_10000_5000_UNIFORM_7161906730445628483.txt (Time: 0.00s)
✓ Generated graph n=10000, m=5000, seed=7706236040662210848, type=UNIFORM -> ./input/random_graphs/graph_10000_5000_UNIFORM_7706236040662210848.txt (Time: 0.00s)
✓ Generated graph n=10000, m=5000, seed=1632192924771168275, type=UNIFORM -> ./input/random_graphs/graph_10000_5000_UNIFORM_1632192924771168275.txt (Time: 0.00s)
✓ Generated graph n=10000, m=5000, seed=824387247617288499, type=UNIFORM -> ./input/random_graphs/graph_10000_5000_UNIFORM_824387247617288499.txt (Time: 0.01s)
✓ Generated graph n=10000, m=5000, seed=8031431416522537101, type=UNIFORM -> ./input/random_graphs/graph_10000_5000_UNIFORM_8031431416522537101.txt (Time: 0.00s)
✓ Generated graph n=10000, m=5000, seed=6143643868734370809, type=UNIFORM -> ./input/random_graphs/graph_10000_5000_UNIFORM_6143643868734370809.txt (Time: 0.00s)
✓ Generated graph n=10000, m=5000, seed=6802378520969450157, type=UNIFORM -> ./input/random_graphs/graph_10000_5000_UNIFORM_6802378520969450157.txt (Time: 0.01s)
✓ Generated graph n=10000, m=5000, seed=5636411189175451024, type=UNIFORM -> ./input/random_graphs/graph_10000_5000_UNIFORM_5636411189175451024.txt (Time: 0.00s)
✓ Generated graph n=10000, m=5000, seed=3272308573967577038, type=UNIFORM -> ./input/random_graphs/graph_10000_5000_UNIFORM_3272308573967577038.txt (Time: 0.00s)
✓ Generated graph n=10000, m=5000, seed=5349491008325879064, type=UNIFORM -> ./input/random_graphs/graph_10000_5000_UNIFORM_5349491008325879064.txt (Time: 0.00s)
✓ Generated graph n=10000, m=5000, seed=6614505080519948832, type=UNIFORM -> ./input/random_graphs/graph_10000_5000_UNIFORM_6614505080519948832.txt (Time: 0.00s)
✓ Generated graph n=10000, m=5000, seed=4552998297316576788, type=UNIFORM -> ./input/random_graphs/graph_10000_5000_UNIFORM_4552998297316576788.txt (Time: 0.01s)
✓ Generated graph n=10000, m=5000, seed=7938560551762094560, type=UNIFORM -> ./input/random_graphs/graph_10000_5000_UNIFORM_7938560551762094560.txt (Time: 0.00s)
✓ Generated graph n=10000, m=5000, seed=7921282862123281598, type=UNIFORM -> ./input/random_graphs/graph_10000_5000_UNIFORM_7921282862123281598.txt (Time: 0.00s)
✓ Generated graph n=10000, m=5000, seed=1128313391724783137, type=UNIFORM -> ./input/random_graphs/graph_10000_5000_UNIFORM_1128313391724783137.txt (Time: 0.00s)
✓ Generated graph n=10000, m=5000, seed=4445925461710302877, type=UNIFORM -> ./input/random_graphs/graph_10000_5000_UNIFORM_4445925461710302877.txt (Time: 0.00s)
✓ Generated graph n=10000, m=5000, seed=7917045922527545890, type=UNIFORM -> ./input/random_graphs/graph_10000_5000_UNIFORM_7917045922527545890.txt (Time: 0.00s)
✓ Generated graph n=10000, m=5000, seed=3865339568260874865, type=UNIFORM -> ./input/random_graphs/graph_10000_5000_UNIFORM_3865339568260874865.txt (Time: 0.00s)
✓ Generated graph n=10000, m=5000, seed=6224222471595207695, type=UNIFORM -> ./input/random_graphs/graph_10000_5000_UNIFORM_6224222471595207695.txt (Time: 0.01s)
✓ Generated graph n=10000, m=5000, seed=716820155901718944, type=UNIFORM -> ./input/random_graphs/graph_10000_5000_UNIFORM_716820155901718944.txt (Time: 0.00s)
✓ Generated graph n=10000, m=5000, seed=4997514996153925447, type=UNIFORM -> ./input/random_graphs/graph_10000_5000_UNIFORM_4997514996153925447.txt (Time: 0.00s)
✓ Generated graph n=10000, m=5000, seed=5063475852268941542, type=UNIFORM -> ./input/random_graphs/graph_10000_5000_UNIFORM_5063475852268941542.txt (Time: 0.00s)
✓ Generated graph n=10000, m=5000, seed=3713827327871807734, type=UNIFORM -> ./input/random_graphs/graph_10000_5000_UNIFORM_3713827327871807734.txt (Time: 0.00s)
✓ Generated graph n=10000, m=5000, seed=6529943913552561417, type=UNIFORM -> ./input/random_graphs/graph_10000_5000_UNIFORM_6529943913552561417.txt (Time: 0.01s)
✓ Generated graph n=10000, m=5000, seed=6022436717541034636, type=UNIFORM -> ./input/random_graphs/graph_10000_5000_UNIFORM_6022436717541034636.txt (Time: 0.00s)
✓ Generated graph n=10000, m=5000, seed=8718380604043999642, type=UNIFORM -> ./input/random_graphs/graph_10000_5000_UNIFORM_8718380604043999642.txt (Time: 0.01s)
✓ Generated graph n=10000, m=5000, seed=8446481348147407377, type=UNIFORM -> ./input/random_graphs/graph_10000_5000_UNIFORM_8446481348147407377.txt (Time: 0.01s)
✓ Generated graph n=10000, m=5000, seed=3817405844514670994, type=UNIFORM -> ./input/random_graphs/graph_10000_5000_UNIFORM_3817405844514670994.txt (Time: 0.01s)
✓ Generated graph n=10000, m=5000, seed=2909934787168262407, type=UNIFORM -> ./input/random_graphs/graph_10000_5000_UNIFORM_2909934787168262407.txt (Time: 0.01s)
✓ Generated graph n=10000, m=5000, seed=1458186392400727732, type=UNIFORM -> ./input/random_graphs/graph_10000_5000_UNIFORM_1458186392400727732.txt (Time: 0.01s)
✓ Generated graph n=10000, m=5000, seed=1170385908854608748, type=UNIFORM -> ./input/random_graphs/graph_10000_5000_UNIFORM_1170385908854608748.txt (Time: 0.01s)
✓ Generated graph n=10000, m=5000, seed=9130666990809746335, type=UNIFORM -> ./input/random_graphs/graph_10000_5000_UNIFORM_9130666990809746335.txt (Time: 0.00s)
✓ Generated graph n=10000, m=5000, seed=199422815561151340, type=UNIFORM -> ./input/random_graphs/graph_10000_5000_UNIFORM_199422815561151340.txt (Time: 0.01s)
✓ Generated graph n=10000, m=5000, seed=5108599054664628607, type=UNIFORM -> ./input/random_graphs/graph_10000_5000_UNIFORM_5108599054664628607.txt (Time: 0.01s)
✓ Generated graph n=10000, m=5000, seed=6764066939395682287, type=UNIFORM -> ./input/random_graphs/graph_10000_5000_UNIFORM_6764066939395682287.txt (Time: 0.00s)
✓ Generated graph n=10000, m=5000, seed=7644420139408884785, type=UNIFORM -> ./input/random_graphs/graph_10000_5000_UNIFORM_7644420139408884785.txt (Time: 0.00s)
✓ Generated graph n=10000, m=5000, seed=1392892770529522614, type=UNIFORM -> ./input/random_graphs/graph_10000_5000_UNIFORM_1392892770529522614.txt (Time: 0.01s)
✓ Generated graph n=10000, m=5000, seed=4250897495980125004, type=UNIFORM -> ./input/random_graphs/graph_10000_5000_UNIFORM_4250897495980125004.txt (Time: 0.01s)
✓ Generated graph n=10000, m=5000, seed=1332005502874566195, type=UNIFORM -> ./input/random_graphs/graph_10000_5000_UNIFORM_1332005502874566195.txt (Time: 0.00s)
✓ Generated graph n=10000, m=5000, seed=175493991617213850, type=UNIFORM -> ./input/random_graphs/graph_10000_5000_UNIFORM_175493991617213850.txt (Time: 0.01s)
✓ Generated graph n=10000, m=5000, seed=8794274795737982182, type=UNIFORM -> ./input/random_graphs/graph_10000_5000_UNIFORM_8794274795737982182.txt (Time: 0.00s)
✓ Generated graph n=10000, m=5000, seed=9060210648189963449, type=UNIFORM -> ./input/random_graphs/graph_10000_5000_UNIFORM_9060210648189963449.txt (Time: 0.00s)
✓ Generated graph n=10000, m=5000, seed=4060584409398689268, type=UNIFORM -> ./input/random_graphs/graph_10000_5000_UNIFORM_4060584409398689268.txt (Time: 0.00s)
✓ Generated graph n=10000, m=5000, seed=1722224698700348310, type=UNIFORM -> ./input/random_graphs/graph_10000_5000_UNIFORM_1722224698700348310.txt (Time: 0.00s)
✓ Generated graph n=10000, m=5000, seed=2089506265998900862, type=UNIFORM -> ./input/random_graphs/graph_10000_5000_UNIFORM_2089506265998900862.txt (Time: 0.01s)
✓ Generated graph n=10000, m=5000, seed=1992204328026194281, type=UNIFORM -> ./input/random_graphs/graph_10000_5000_UNIFORM_1992204328026194281.txt (Time: 0.00s)
✓ Generated graph n=10000, m=5000, seed=8448596294177070022, type=UNIFORM -> ./input/random_graphs/graph_10000_5000_UNIFORM_8448596294177070022.txt (Time: 0.00s)
✓ Generated graph n=10000, m=5000, seed=4940913311242578590, type=UNIFORM -> ./input/random_graphs/graph_10000_5000_UNIFORM_4940913311242578590.txt (Time: 0.00s)
✓ Generated graph n=10000, m=5000, seed=9059990922233379852, type=UNIFORM -> ./input/random_graphs/graph_10000_5000_UNIFORM_9059990922233379852.txt (Time: 0.00s)
✓ Generated graph n=10000, m=5000, seed=4795749165124911768, type=UNIFORM -> ./input/random_graphs/graph_10000_5000_UNIFORM_4795749165124911768.txt (Time: 0.01s)
✓ Generated graph n=10000, m=5000, seed=3221421291694197220, type=UNIFORM -> ./input/random_graphs/graph_10000_5000_UNIFORM_3221421291694197220.txt (Time: 0.00s)
✓ Generated graph n=10000, m=5000, seed=5497874167834979553, type=UNIFORM -> ./input/random_graphs/graph_10000_5000_UNIFORM_5497874167834979553.txt (Time: 0.01s)
✓ Generated graph n=10000, m=5000, seed=5894893360759659423, type=UNIFORM -> ./input/random_graphs/graph_10000_5000_UNIFORM_5894893360759659423.txt (Time: 0.00s)
✓ Generated graph n=10000, m=5000, seed=4934890601268679176, type=UNIFORM -> ./input/random_graphs/graph_10000_5000_UNIFORM_4934890601268679176.txt (Time: 0.00s)
✓ Generated graph n=10000, m=5000, seed=8626102704817790064, type=UNIFORM -> ./input/random_graphs/graph_10000_5000_UNIFORM_8626102704817790064.txt (Time: 0.01s)
✓ Generated graph n=10000, m=5000, seed=7905487461282246979, type=UNIFORM -> ./input/random_graphs/graph_10000_5000_UNIFORM_7905487461282246979.txt (Time: 0.01s)
✓ Generated graph n=10000, m=5000, seed=7118744415197196276, type=UNIFORM -> ./input/random_graphs/graph_10000_5000_UNIFORM_7118744415197196276.txt (Time: 0.00s)
✓ Generated graph n=10000, m=5000, seed=8867616339855336876, type=UNIFORM -> ./input/random_graphs/graph_10000_5000_UNIFORM_8867616339855336876.txt (Time: 0.01s)
✓ Generated graph n=10000, m=5000, seed=7983805977214098674, type=UNIFORM -> ./input/random_graphs/graph_10000_5000_UNIFORM_7983805977214098674.txt (Time: 0.01s)
✓ Generated graph n=10000, m=5000, seed=2718103348384927511, type=UNIFORM -> ./input/random_graphs/graph_10000_5000_UNIFORM_2718103348384927511.txt (Time: 0.01s)
✓ Generated graph n=10000, m=5000, seed=7632458674696225362, type=UNIFORM -> ./input/random_graphs/graph_10000_5000_UNIFORM_7632458674696225362.txt (Time: 0.01s)
✓ Generated graph n=10000, m=5000, seed=2264398621601381987, type=UNIFORM -> ./input/random_graphs/graph_10000_5000_UNIFORM_2264398621601381987.txt (Time: 0.01s)
✓ Generated graph n=10000, m=6000, seed=6230961512046992311, type=UNIFORM -> ./input/random_graphs/graph_10000_6000_UNIFORM_6230961512046992311.txt (Time: 0.01s)
✓ Generated graph n=10000, m=5000, seed=7449662661572224354, type=UNIFORM -> ./input/random_graphs/graph_10000_5000_UNIFORM_7449662661572224354.txt (Time: 0.01s)
✓ Generated graph n=10000, m=6000, seed=7871178979383552919, type=UNIFORM -> ./input/random_graphs/graph_10000_6000_UNIFORM_7871178979383552919.txt (Time: 0.00s)
✓ Generated graph n=10000, m=6000, seed=5739955973604961613, type=UNIFORM -> ./input/random_graphs/graph_10000_6000_UNIFORM_5739955973604961613.txt (Time: 0.00s)
✓ Generated graph n=10000, m=6000, seed=3881801951614183357, type=UNIFORM -> ./input/random_graphs/graph_10000_6000_UNIFORM_3881801951614183357.txt (Time: 0.00s)
✓ Generated graph n=10000, m=6000, seed=2429002973740178792, type=UNIFORM -> ./input/random_graphs/graph_10000_6000_UNIFORM_2429002973740178792.txt (Time: 0.00s)
✓ Generated graph n=10000, m=6000, seed=7599700178212337699, type=UNIFORM -> ./input/random_graphs/graph_10000_6000_UNIFORM_7599700178212337699.txt (Time: 0.00s)
✓ Generated graph n=10000, m=6000, seed=1353182403971399009, type=UNIFORM -> ./input/random_graphs/graph_10000_6000_UNIFORM_1353182403971399009.txt (Time: 0.00s)
✓ Generated graph n=10000, m=6000, seed=1070244953599069350, type=UNIFORM -> ./input/random_graphs/graph_10000_6000_UNIFORM_1070244953599069350.txt (Time: 0.00s)
✓ Generated graph n=10000, m=6000, seed=6522163754831416203, type=UNIFORM -> ./input/random_graphs/graph_10000_6000_UNIFORM_6522163754831416203.txt (Time: 0.00s)
✓ Generated graph n=10000, m=6000, seed=6938562734920028532, type=UNIFORM -> ./input/random_graphs/graph_10000_6000_UNIFORM_6938562734920028532.txt (Time: 0.00s)
✓ Generated graph n=10000, m=6000, seed=7032710160631691991, type=UNIFORM -> ./input/random_graphs/graph_10000_6000_UNIFORM_7032710160631691991.txt (Time: 0.01s)
✓ Generated graph n=10000, m=6000, seed=1309542850049879452, type=UNIFORM -> ./input/random_graphs/graph_10000_6000_UNIFORM_1309542850049879452.txt (Time: 0.00s)
✓ Generated graph n=10000, m=6000, seed=4040737767143389431, type=UNIFORM -> ./input/random_graphs/graph_10000_6000_UNIFORM_4040737767143389431.txt (Time: 0.01s)
✓ Generated graph n=10000, m=6000, seed=7663871783842725848, type=UNIFORM -> ./input/random_graphs/graph_10000_6000_UNIFORM_7663871783842725848.txt (Time: 0.00s)
✓ Generated graph n=10000, m=6000, seed=1250005700364523649, type=UNIFORM -> ./input/random_graphs/graph_10000_6000_UNIFORM_1250005700364523649.txt (Time: 0.01s)
✓ Generated graph n=10000, m=6000, seed=5906957480796939447, type=UNIFORM -> ./input/random_graphs/graph_10000_6000_UNIFORM_5906957480796939447.txt (Time: 0.00s)
✓ Generated graph n=10000, m=6000, seed=320375091487821987, type=UNIFORM -> ./input/random_graphs/graph_10000_6000_UNIFORM_320375091487821987.txt (Time: 0.01s)
✓ Generated graph n=10000, m=6000, seed=7146860528564146064, type=UNIFORM -> ./input/random_graphs/graph_10000_6000_UNIFORM_7146860528564146064.txt (Time: 0.00s)
✓ Generated graph n=10000, m=6000, seed=5139481885857321791, type=UNIFORM -> ./input/random_graphs/graph_10000_6000_UNIFORM_5139481885857321791.txt (Time: 0.00s)
✓ Generated graph n=10000, m=6000, seed=1250773459040295677, type=UNIFORM -> ./input/random_graphs/graph_10000_6000_UNIFORM_1250773459040295677.txt (Time: 0.01s)
✓ Generated graph n=10000, m=6000, seed=7473196763798409428, type=UNIFORM -> ./input/random_graphs/graph_10000_6000_UNIFORM_7473196763798409428.txt (Time: 0.01s)
✓ Generated graph n=10000, m=6000, seed=3438400432146115956, type=UNIFORM -> ./input/random_graphs/graph_10000_6000_UNIFORM_3438400432146115956.txt (Time: 0.01s)
✓ Generated graph n=10000, m=6000, seed=5142811650494845597, type=UNIFORM -> ./input/random_graphs/graph_10000_6000_UNIFORM_5142811650494845597.txt (Time: 0.00s)
✓ Generated graph n=10000, m=6000, seed=6002685213311538187, type=UNIFORM -> ./input/random_graphs/graph_10000_6000_UNIFORM_6002685213311538187.txt (Time: 0.00s)
✓ Generated graph n=10000, m=6000, seed=1853590723603270879, type=UNIFORM -> ./input/random_graphs/graph_10000_6000_UNIFORM_1853590723603270879.txt (Time: 0.00s)
✓ Generated graph n=10000, m=6000, seed=3010622984418968408, type=UNIFORM -> ./input/random_graphs/graph_10000_6000_UNIFORM_3010622984418968408.txt (Time: 0.01s)
✓ Generated graph n=10000, m=6000, seed=5708372698381010775, type=UNIFORM -> ./input/random_graphs/graph_10000_6000_UNIFORM_5708372698381010775.txt (Time: 0.00s)
✓ Generated graph n=10000, m=6000, seed=1731523882129807996, type=UNIFORM -> ./input/random_graphs/graph_10000_6000_UNIFORM_1731523882129807996.txt (Time: 0.00s)
✓ Generated graph n=10000, m=6000, seed=521787134863155063, type=UNIFORM -> ./input/random_graphs/graph_10000_6000_UNIFORM_521787134863155063.txt (Time: 0.01s)
✓ Generated graph n=10000, m=6000, seed=6785030173969523435, type=UNIFORM -> ./input/random_graphs/graph_10000_6000_UNIFORM_6785030173969523435.txt (Time: 0.00s)
✓ Generated graph n=10000, m=6000, seed=5529616217668449934, type=UNIFORM -> ./input/random_graphs/graph_10000_6000_UNIFORM_5529616217668449934.txt (Time: 0.00s)
✓ Generated graph n=10000, m=6000, seed=7029781962072644698, type=UNIFORM -> ./input/random_graphs/graph_10000_6000_UNIFORM_7029781962072644698.txt (Time: 0.00s)
✓ Generated graph n=10000, m=6000, seed=3224265581699847191, type=UNIFORM -> ./input/random_graphs/graph_10000_6000_UNIFORM_3224265581699847191.txt (Time: 0.00s)
✓ Generated graph n=10000, m=6000, seed=5258051056098597521, type=UNIFORM -> ./input/random_graphs/graph_10000_6000_UNIFORM_5258051056098597521.txt (Time: 0.01s)
✓ Generated graph n=10000, m=6000, seed=4122784633514911760, type=UNIFORM -> ./input/random_graphs/graph_10000_6000_UNIFORM_4122784633514911760.txt (Time: 0.01s)
✓ Generated graph n=10000, m=6000, seed=1024517563182776983, type=UNIFORM -> ./input/random_graphs/graph_10000_6000_UNIFORM_1024517563182776983.txt (Time: 0.01s)
✓ Generated graph n=10000, m=6000, seed=7706236040662210848, type=UNIFORM -> ./input/random_graphs/graph_10000_6000_UNIFORM_7706236040662210848.txt (Time: 0.01s)
✓ Generated graph n=10000, m=6000, seed=1647170069535670909, type=UNIFORM -> ./input/random_graphs/graph_10000_6000_UNIFORM_1647170069535670909.txt (Time: 0.01s)
✓ Generated graph n=10000, m=6000, seed=824387247617288499, type=UNIFORM -> ./input/random_graphs/graph_10000_6000_UNIFORM_824387247617288499.txt (Time: 0.01s)
✓ Generated graph n=10000, m=6000, seed=1632192924771168275, type=UNIFORM -> ./input/random_graphs/graph_10000_6000_UNIFORM_1632192924771168275.txt (Time: 0.00s)
✓ Generated graph n=10000, m=6000, seed=7161906730445628483, type=UNIFORM -> ./input/random_graphs/graph_10000_6000_UNIFORM_7161906730445628483.txt (Time: 0.00s)
✓ Generated graph n=10000, m=6000, seed=4552998297316576788, type=UNIFORM -> ./input/random_graphs/graph_10000_6000_UNIFORM_4552998297316576788.txt (Time: 0.01s)
✓ Generated graph n=10000, m=6000, seed=6802378520969450157, type=UNIFORM -> ./input/random_graphs/graph_10000_6000_UNIFORM_6802378520969450157.txt (Time: 0.01s)
✓ Generated graph n=10000, m=6000, seed=7938560551762094560, type=UNIFORM -> ./input/random_graphs/graph_10000_6000_UNIFORM_7938560551762094560.txt (Time: 0.00s)
✓ Generated graph n=10000, m=6000, seed=5636411189175451024, type=UNIFORM -> ./input/random_graphs/graph_10000_6000_UNIFORM_5636411189175451024.txt (Time: 0.00s)
✓ Generated graph n=10000, m=6000, seed=6143643868734370809, type=UNIFORM -> ./input/random_graphs/graph_10000_6000_UNIFORM_6143643868734370809.txt (Time: 0.00s)
✓ Generated graph n=10000, m=6000, seed=8031431416522537101, type=UNIFORM -> ./input/random_graphs/graph_10000_6000_UNIFORM_8031431416522537101.txt (Time: 0.00s)
✓ Generated graph n=10000, m=6000, seed=6614505080519948832, type=UNIFORM -> ./input/random_graphs/graph_10000_6000_UNIFORM_6614505080519948832.txt (Time: 0.01s)
✓ Generated graph n=10000, m=6000, seed=5349491008325879064, type=UNIFORM -> ./input/random_graphs/graph_10000_6000_UNIFORM_5349491008325879064.txt (Time: 0.01s)
✓ Generated graph n=10000, m=6000, seed=3865339568260874865, type=UNIFORM -> ./input/random_graphs/graph_10000_6000_UNIFORM_3865339568260874865.txt (Time: 0.00s)
✓ Generated graph n=10000, m=6000, seed=3272308573967577038, type=UNIFORM -> ./input/random_graphs/graph_10000_6000_UNIFORM_3272308573967577038.txt (Time: 0.01s)
✓ Generated graph n=10000, m=6000, seed=7917045922527545890, type=UNIFORM -> ./input/random_graphs/graph_10000_6000_UNIFORM_7917045922527545890.txt (Time: 0.01s)
✓ Generated graph n=10000, m=6000, seed=7921282862123281598, type=UNIFORM -> ./input/random_graphs/graph_10000_6000_UNIFORM_7921282862123281598.txt (Time: 0.01s)
✓ Generated graph n=10000, m=6000, seed=1128313391724783137, type=UNIFORM -> ./input/random_graphs/graph_10000_6000_UNIFORM_1128313391724783137.txt (Time: 0.00s)
✓ Generated graph n=10000, m=6000, seed=8718380604043999642, type=UNIFORM -> ./input/random_graphs/graph_10000_6000_UNIFORM_8718380604043999642.txt (Time: 0.00s)
✓ Generated graph n=10000, m=6000, seed=4997514996153925447, type=UNIFORM -> ./input/random_graphs/graph_10000_6000_UNIFORM_4997514996153925447.txt (Time: 0.00s)
✓ Generated graph n=10000, m=6000, seed=5063475852268941542, type=UNIFORM -> ./input/random_graphs/graph_10000_6000_UNIFORM_5063475852268941542.txt (Time: 0.01s)
✓ Generated graph n=10000, m=6000, seed=716820155901718944, type=UNIFORM -> ./input/random_graphs/graph_10000_6000_UNIFORM_716820155901718944.txt (Time: 0.01s)
✓ Generated graph n=10000, m=6000, seed=6022436717541034636, type=UNIFORM -> ./input/random_graphs/graph_10000_6000_UNIFORM_6022436717541034636.txt (Time: 0.00s)
✓ Generated graph n=10000, m=6000, seed=3817405844514670994, type=UNIFORM -> ./input/random_graphs/graph_10000_6000_UNIFORM_3817405844514670994.txt (Time: 0.01s)
✓ Generated graph n=10000, m=6000, seed=8446481348147407377, type=UNIFORM -> ./input/random_graphs/graph_10000_6000_UNIFORM_8446481348147407377.txt (Time: 0.01s)
✓ Generated graph n=10000, m=6000, seed=1170385908854608748, type=UNIFORM -> ./input/random_graphs/graph_10000_6000_UNIFORM_1170385908854608748.txt (Time: 0.01s)
✓ Generated graph n=10000, m=6000, seed=6529943913552561417, type=UNIFORM -> ./input/random_graphs/graph_10000_6000_UNIFORM_6529943913552561417.txt (Time: 0.01s)
✓ Generated graph n=10000, m=6000, seed=2909934787168262407, type=UNIFORM -> ./input/random_graphs/graph_10000_6000_UNIFORM_2909934787168262407.txt (Time: 0.01s)
✓ Generated graph n=10000, m=6000, seed=199422815561151340, type=UNIFORM -> ./input/random_graphs/graph_10000_6000_UNIFORM_199422815561151340.txt (Time: 0.00s)
✓ Generated graph n=10000, m=6000, seed=6224222471595207695, type=UNIFORM -> ./input/random_graphs/graph_10000_6000_UNIFORM_6224222471595207695.txt (Time: 0.01s)
✓ Generated graph n=10000, m=6000, seed=4445925461710302877, type=UNIFORM -> ./input/random_graphs/graph_10000_6000_UNIFORM_4445925461710302877.txt (Time: 0.01s)
✓ Generated graph n=10000, m=6000, seed=3713827327871807734, type=UNIFORM -> ./input/random_graphs/graph_10000_6000_UNIFORM_3713827327871807734.txt (Time: 0.01s)
✓ Generated graph n=10000, m=6000, seed=6764066939395682287, type=UNIFORM -> ./input/random_graphs/graph_10000_6000_UNIFORM_6764066939395682287.txt (Time: 0.00s)
✓ Generated graph n=10000, m=6000, seed=9060210648189963449, type=UNIFORM -> ./input/random_graphs/graph_10000_6000_UNIFORM_9060210648189963449.txt (Time: 0.00s)
✓ Generated graph n=10000, m=6000, seed=1392892770529522614, type=UNIFORM -> ./input/random_graphs/graph_10000_6000_UNIFORM_1392892770529522614.txt (Time: 0.00s)
✓ Generated graph n=10000, m=6000, seed=1458186392400727732, type=UNIFORM -> ./input/random_graphs/graph_10000_6000_UNIFORM_1458186392400727732.txt (Time: 0.00s)
✓ Generated graph n=10000, m=6000, seed=7644420139408884785, type=UNIFORM -> ./input/random_graphs/graph_10000_6000_UNIFORM_7644420139408884785.txt (Time: 0.01s)
✓ Generated graph n=10000, m=6000, seed=5108599054664628607, type=UNIFORM -> ./input/random_graphs/graph_10000_6000_UNIFORM_5108599054664628607.txt (Time: 0.01s)
✓ Generated graph n=10000, m=6000, seed=4250897495980125004, type=UNIFORM -> ./input/random_graphs/graph_10000_6000_UNIFORM_4250897495980125004.txt (Time: 0.01s)
✓ Generated graph n=10000, m=6000, seed=9130666990809746335, type=UNIFORM -> ./input/random_graphs/graph_10000_6000_UNIFORM_9130666990809746335.txt (Time: 0.01s)
✓ Generated graph n=10000, m=6000, seed=175493991617213850, type=UNIFORM -> ./input/random_graphs/graph_10000_6000_UNIFORM_175493991617213850.txt (Time: 0.01s)
✓ Generated graph n=10000, m=6000, seed=5497874167834979553, type=UNIFORM -> ./input/random_graphs/graph_10000_6000_UNIFORM_5497874167834979553.txt (Time: 0.00s)
✓ Generated graph n=10000, m=6000, seed=2089506265998900862, type=UNIFORM -> ./input/random_graphs/graph_10000_6000_UNIFORM_2089506265998900862.txt (Time: 0.01s)
✓ Generated graph n=10000, m=6000, seed=8794274795737982182, type=UNIFORM -> ./input/random_graphs/graph_10000_6000_UNIFORM_8794274795737982182.txt (Time: 0.01s)
✓ Generated graph n=10000, m=6000, seed=1332005502874566195, type=UNIFORM -> ./input/random_graphs/graph_10000_6000_UNIFORM_1332005502874566195.txt (Time: 0.00s)
✓ Generated graph n=10000, m=6000, seed=4060584409398689268, type=UNIFORM -> ./input/random_graphs/graph_10000_6000_UNIFORM_4060584409398689268.txt (Time: 0.01s)
✓ Generated graph n=10000, m=6000, seed=1722224698700348310, type=UNIFORM -> ./input/random_graphs/graph_10000_6000_UNIFORM_1722224698700348310.txt (Time: 0.00s)
✓ Generated graph n=10000, m=6000, seed=8626102704817790064, type=UNIFORM -> ./input/random_graphs/graph_10000_6000_UNIFORM_8626102704817790064.txt (Time: 0.01s)
✓ Generated graph n=10000, m=6000, seed=4795749165124911768, type=UNIFORM -> ./input/random_graphs/graph_10000_6000_UNIFORM_4795749165124911768.txt (Time: 0.00s)
✓ Generated graph n=10000, m=6000, seed=1992204328026194281, type=UNIFORM -> ./input/random_graphs/graph_10000_6000_UNIFORM_1992204328026194281.txt (Time: 0.00s)
✓ Generated graph n=10000, m=6000, seed=8448596294177070022, type=UNIFORM -> ./input/random_graphs/graph_10000_6000_UNIFORM_8448596294177070022.txt (Time: 0.01s)
✓ Generated graph n=10000, m=6000, seed=7905487461282246979, type=UNIFORM -> ./input/random_graphs/graph_10000_6000_UNIFORM_7905487461282246979.txt (Time: 0.01s)
✓ Generated graph n=10000, m=6000, seed=2718103348384927511, type=UNIFORM -> ./input/random_graphs/graph_10000_6000_UNIFORM_2718103348384927511.txt (Time: 0.00s)
✓ Generated graph n=10000, m=6000, seed=4934890601268679176, type=UNIFORM -> ./input/random_graphs/graph_10000_6000_UNIFORM_4934890601268679176.txt (Time: 0.01s)
✓ Generated graph n=10000, m=6000, seed=7118744415197196276, type=UNIFORM -> ./input/random_graphs/graph_10000_6000_UNIFORM_7118744415197196276.txt (Time: 0.01s)
✓ Generated graph n=10000, m=6000, seed=9059990922233379852, type=UNIFORM -> ./input/random_graphs/graph_10000_6000_UNIFORM_9059990922233379852.txt (Time: 0.00s)
✓ Generated graph n=10000, m=6000, seed=7449662661572224354, type=UNIFORM -> ./input/random_graphs/graph_10000_6000_UNIFORM_7449662661572224354.txt (Time: 0.01s)
✓ Generated graph n=10000, m=6000, seed=8867616339855336876, type=UNIFORM -> ./input/random_graphs/graph_10000_6000_UNIFORM_8867616339855336876.txt (Time: 0.00s)
✓ Generated graph n=10000, m=6000, seed=7983805977214098674, type=UNIFORM -> ./input/random_graphs/graph_10000_6000_UNIFORM_7983805977214098674.txt (Time: 0.00s)
✓ Generated graph n=10000, m=6000, seed=5894893360759659423, type=UNIFORM -> ./input/random_graphs/graph_10000_6000_UNIFORM_5894893360759659423.txt (Time: 0.01s)
✓ Generated graph n=10000, m=6000, seed=4940913311242578590, type=UNIFORM -> ./input/random_graphs/graph_10000_6000_UNIFORM_4940913311242578590.txt (Time: 0.00s)
✓ Generated graph n=10000, m=6000, seed=3221421291694197220, type=UNIFORM -> ./input/random_graphs/graph_10000_6000_UNIFORM_3221421291694197220.txt (Time: 0.01s)
✓ Generated graph n=10000, m=6000, seed=2264398621601381987, type=UNIFORM -> ./input/random_graphs/graph_10000_6000_UNIFORM_2264398621601381987.txt (Time: 0.00s)
✓ Generated graph n=10000, m=7000, seed=7871178979383552919, type=UNIFORM -> ./input/random_graphs/graph_10000_7000_UNIFORM_7871178979383552919.txt (Time: 0.01s)
✓ Generated graph n=10000, m=7000, seed=6230961512046992311, type=UNIFORM -> ./input/random_graphs/graph_10000_7000_UNIFORM_6230961512046992311.txt (Time: 0.01s)
✓ Generated graph n=10000, m=6000, seed=7632458674696225362, type=UNIFORM -> ./input/random_graphs/graph_10000_6000_UNIFORM_7632458674696225362.txt (Time: 0.01s)
✓ Generated graph n=10000, m=7000, seed=5739955973604961613, type=UNIFORM -> ./input/random_graphs/graph_10000_7000_UNIFORM_5739955973604961613.txt (Time: 0.00s)
✓ Generated graph n=10000, m=7000, seed=3881801951614183357, type=UNIFORM -> ./input/random_graphs/graph_10000_7000_UNIFORM_3881801951614183357.txt (Time: 0.01s)
✓ Generated graph n=10000, m=7000, seed=7032710160631691991, type=UNIFORM -> ./input/random_graphs/graph_10000_7000_UNIFORM_7032710160631691991.txt (Time: 0.01s)
✓ Generated graph n=10000, m=7000, seed=7599700178212337699, type=UNIFORM -> ./input/random_graphs/graph_10000_7000_UNIFORM_7599700178212337699.txt (Time: 0.01s)
✓ Generated graph n=10000, m=7000, seed=1353182403971399009, type=UNIFORM -> ./input/random_graphs/graph_10000_7000_UNIFORM_1353182403971399009.txt (Time: 0.01s)
✓ Generated graph n=10000, m=7000, seed=6522163754831416203, type=UNIFORM -> ./input/random_graphs/graph_10000_7000_UNIFORM_6522163754831416203.txt (Time: 0.01s)
✓ Generated graph n=10000, m=7000, seed=6938562734920028532, type=UNIFORM -> ./input/random_graphs/graph_10000_7000_UNIFORM_6938562734920028532.txt (Time: 0.01s)
✓ Generated graph n=10000, m=7000, seed=4040737767143389431, type=UNIFORM -> ./input/random_graphs/graph_10000_7000_UNIFORM_4040737767143389431.txt (Time: 0.01s)
✓ Generated graph n=10000, m=7000, seed=2429002973740178792, type=UNIFORM -> ./input/random_graphs/graph_10000_7000_UNIFORM_2429002973740178792.txt (Time: 0.00s)
✓ Generated graph n=10000, m=7000, seed=1070244953599069350, type=UNIFORM -> ./input/random_graphs/graph_10000_7000_UNIFORM_1070244953599069350.txt (Time: 0.01s)
✓ Generated graph n=10000, m=7000, seed=1250005700364523649, type=UNIFORM -> ./input/random_graphs/graph_10000_7000_UNIFORM_1250005700364523649.txt (Time: 0.01s)
✓ Generated graph n=10000, m=7000, seed=1309542850049879452, type=UNIFORM -> ./input/random_graphs/graph_10000_7000_UNIFORM_1309542850049879452.txt (Time: 0.01s)
✓ Generated graph n=10000, m=7000, seed=7663871783842725848, type=UNIFORM -> ./input/random_graphs/graph_10000_7000_UNIFORM_7663871783842725848.txt (Time: 0.01s)
✓ Generated graph n=10000, m=7000, seed=320375091487821987, type=UNIFORM -> ./input/random_graphs/graph_10000_7000_UNIFORM_320375091487821987.txt (Time: 0.01s)
✓ Generated graph n=10000, m=7000, seed=5906957480796939447, type=UNIFORM -> ./input/random_graphs/graph_10000_7000_UNIFORM_5906957480796939447.txt (Time: 0.00s)
✓ Generated graph n=10000, m=7000, seed=7146860528564146064, type=UNIFORM -> ./input/random_graphs/graph_10000_7000_UNIFORM_7146860528564146064.txt (Time: 0.00s)
✓ Generated graph n=10000, m=7000, seed=1250773459040295677, type=UNIFORM -> ./input/random_graphs/graph_10000_7000_UNIFORM_1250773459040295677.txt (Time: 0.00s)
✓ Generated graph n=10000, m=7000, seed=5139481885857321791, type=UNIFORM -> ./input/random_graphs/graph_10000_7000_UNIFORM_5139481885857321791.txt (Time: 0.00s)
✓ Generated graph n=10000, m=7000, seed=3438400432146115956, type=UNIFORM -> ./input/random_graphs/graph_10000_7000_UNIFORM_3438400432146115956.txt (Time: 0.01s)
✓ Generated graph n=10000, m=7000, seed=3010622984418968408, type=UNIFORM -> ./input/random_graphs/graph_10000_7000_UNIFORM_3010622984418968408.txt (Time: 0.00s)
✓ Generated graph n=10000, m=7000, seed=5142811650494845597, type=UNIFORM -> ./input/random_graphs/graph_10000_7000_UNIFORM_5142811650494845597.txt (Time: 0.01s)
✓ Generated graph n=10000, m=7000, seed=7473196763798409428, type=UNIFORM -> ./input/random_graphs/graph_10000_7000_UNIFORM_7473196763798409428.txt (Time: 0.01s)
✓ Generated graph n=10000, m=7000, seed=521787134863155063, type=UNIFORM -> ./input/random_graphs/graph_10000_7000_UNIFORM_521787134863155063.txt (Time: 0.01s)
✓ Generated graph n=10000, m=7000, seed=6002685213311538187, type=UNIFORM -> ./input/random_graphs/graph_10000_7000_UNIFORM_6002685213311538187.txt (Time: 0.01s)
✓ Generated graph n=10000, m=7000, seed=1731523882129807996, type=UNIFORM -> ./input/random_graphs/graph_10000_7000_UNIFORM_1731523882129807996.txt (Time: 0.00s)
✓ Generated graph n=10000, m=7000, seed=5708372698381010775, type=UNIFORM -> ./input/random_graphs/graph_10000_7000_UNIFORM_5708372698381010775.txt (Time: 0.01s)
✓ Generated graph n=10000, m=7000, seed=6785030173969523435, type=UNIFORM -> ./input/random_graphs/graph_10000_7000_UNIFORM_6785030173969523435.txt (Time: 0.01s)
✓ Generated graph n=10000, m=7000, seed=7029781962072644698, type=UNIFORM -> ./input/random_graphs/graph_10000_7000_UNIFORM_7029781962072644698.txt (Time: 0.01s)
✓ Generated graph n=10000, m=7000, seed=5529616217668449934, type=UNIFORM -> ./input/random_graphs/graph_10000_7000_UNIFORM_5529616217668449934.txt (Time: 0.01s)
✓ Generated graph n=10000, m=7000, seed=1024517563182776983, type=UNIFORM -> ./input/random_graphs/graph_10000_7000_UNIFORM_1024517563182776983.txt (Time: 0.01s)
✓ Generated graph n=10000, m=7000, seed=5258051056098597521, type=UNIFORM -> ./input/random_graphs/graph_10000_7000_UNIFORM_5258051056098597521.txt (Time: 0.01s)
✓ Generated graph n=10000, m=7000, seed=1853590723603270879, type=UNIFORM -> ./input/random_graphs/graph_10000_7000_UNIFORM_1853590723603270879.txt (Time: 0.01s)
✓ Generated graph n=10000, m=7000, seed=1647170069535670909, type=UNIFORM -> ./input/random_graphs/graph_10000_7000_UNIFORM_1647170069535670909.txt (Time: 0.00s)
✓ Generated graph n=10000, m=7000, seed=7706236040662210848, type=UNIFORM -> ./input/random_graphs/graph_10000_7000_UNIFORM_7706236040662210848.txt (Time: 0.01s)
✓ Generated graph n=10000, m=7000, seed=3224265581699847191, type=UNIFORM -> ./input/random_graphs/graph_10000_7000_UNIFORM_3224265581699847191.txt (Time: 0.01s)
✓ Generated graph n=10000, m=7000, seed=7161906730445628483, type=UNIFORM -> ./input/random_graphs/graph_10000_7000_UNIFORM_7161906730445628483.txt (Time: 0.01s)
✓ Generated graph n=10000, m=7000, seed=824387247617288499, type=UNIFORM -> ./input/random_graphs/graph_10000_7000_UNIFORM_824387247617288499.txt (Time: 0.01s)
✓ Generated graph n=10000, m=7000, seed=6802378520969450157, type=UNIFORM -> ./input/random_graphs/graph_10000_7000_UNIFORM_6802378520969450157.txt (Time: 0.01s)
✓ Generated graph n=10000, m=7000, seed=1632192924771168275, type=UNIFORM -> ./input/random_graphs/graph_10000_7000_UNIFORM_1632192924771168275.txt (Time: 0.01s)
✓ Generated graph n=10000, m=7000, seed=4552998297316576788, type=UNIFORM -> ./input/random_graphs/graph_10000_7000_UNIFORM_4552998297316576788.txt (Time: 0.01s)
✓ Generated graph n=10000, m=7000, seed=4122784633514911760, type=UNIFORM -> ./input/random_graphs/graph_10000_7000_UNIFORM_4122784633514911760.txt (Time: 0.01s)
✓ Generated graph n=10000, m=7000, seed=8031431416522537101, type=UNIFORM -> ./input/random_graphs/graph_10000_7000_UNIFORM_8031431416522537101.txt (Time: 0.01s)
✓ Generated graph n=10000, m=7000, seed=5636411189175451024, type=UNIFORM -> ./input/random_graphs/graph_10000_7000_UNIFORM_5636411189175451024.txt (Time: 0.00s)
✓ Generated graph n=10000, m=7000, seed=5349491008325879064, type=UNIFORM -> ./input/random_graphs/graph_10000_7000_UNIFORM_5349491008325879064.txt (Time: 0.00s)
✓ Generated graph n=10000, m=7000, seed=6143643868734370809, type=UNIFORM -> ./input/random_graphs/graph_10000_7000_UNIFORM_6143643868734370809.txt (Time: 0.01s)
✓ Generated graph n=10000, m=7000, seed=3272308573967577038, type=UNIFORM -> ./input/random_graphs/graph_10000_7000_UNIFORM_3272308573967577038.txt (Time: 0.01s)
✓ Generated graph n=10000, m=7000, seed=6614505080519948832, type=UNIFORM -> ./input/random_graphs/graph_10000_7000_UNIFORM_6614505080519948832.txt (Time: 0.01s)
✓ Generated graph n=10000, m=7000, seed=7938560551762094560, type=UNIFORM -> ./input/random_graphs/graph_10000_7000_UNIFORM_7938560551762094560.txt (Time: 0.01s)
✓ Generated graph n=10000, m=7000, seed=4445925461710302877, type=UNIFORM -> ./input/random_graphs/graph_10000_7000_UNIFORM_4445925461710302877.txt (Time: 0.01s)
✓ Generated graph n=10000, m=7000, seed=7917045922527545890, type=UNIFORM -> ./input/random_graphs/graph_10000_7000_UNIFORM_7917045922527545890.txt (Time: 0.01s)
✓ Generated graph n=10000, m=7000, seed=3865339568260874865, type=UNIFORM -> ./input/random_graphs/graph_10000_7000_UNIFORM_3865339568260874865.txt (Time: 0.01s)
✓ Generated graph n=10000, m=7000, seed=7921282862123281598, type=UNIFORM -> ./input/random_graphs/graph_10000_7000_UNIFORM_7921282862123281598.txt (Time: 0.01s)
✓ Generated graph n=10000, m=7000, seed=8718380604043999642, type=UNIFORM -> ./input/random_graphs/graph_10000_7000_UNIFORM_8718380604043999642.txt (Time: 0.01s)
✓ Generated graph n=10000, m=7000, seed=1128313391724783137, type=UNIFORM -> ./input/random_graphs/graph_10000_7000_UNIFORM_1128313391724783137.txt (Time: 0.01s)
✓ Generated graph n=10000, m=7000, seed=716820155901718944, type=UNIFORM -> ./input/random_graphs/graph_10000_7000_UNIFORM_716820155901718944.txt (Time: 0.01s)
✓ Generated graph n=10000, m=7000, seed=3817405844514670994, type=UNIFORM -> ./input/random_graphs/graph_10000_7000_UNIFORM_3817405844514670994.txt (Time: 0.01s)
✓ Generated graph n=10000, m=7000, seed=6529943913552561417, type=UNIFORM -> ./input/random_graphs/graph_10000_7000_UNIFORM_6529943913552561417.txt (Time: 0.00s)
✓ Generated graph n=10000, m=7000, seed=1170385908854608748, type=UNIFORM -> ./input/random_graphs/graph_10000_7000_UNIFORM_1170385908854608748.txt (Time: 0.01s)
✓ Generated graph n=10000, m=7000, seed=2909934787168262407, type=UNIFORM -> ./input/random_graphs/graph_10000_7000_UNIFORM_2909934787168262407.txt (Time: 0.01s)
✓ Generated graph n=10000, m=7000, seed=5063475852268941542, type=UNIFORM -> ./input/random_graphs/graph_10000_7000_UNIFORM_5063475852268941542.txt (Time: 0.01s)
✓ Generated graph n=10000, m=7000, seed=8446481348147407377, type=UNIFORM -> ./input/random_graphs/graph_10000_7000_UNIFORM_8446481348147407377.txt (Time: 0.01s)
✓ Generated graph n=10000, m=7000, seed=6224222471595207695, type=UNIFORM -> ./input/random_graphs/graph_10000_7000_UNIFORM_6224222471595207695.txt (Time: 0.01s)
✓ Generated graph n=10000, m=7000, seed=175493991617213850, type=UNIFORM -> ./input/random_graphs/graph_10000_7000_UNIFORM_175493991617213850.txt (Time: 0.01s)
✓ Generated graph n=10000, m=7000, seed=3713827327871807734, type=UNIFORM -> ./input/random_graphs/graph_10000_7000_UNIFORM_3713827327871807734.txt (Time: 0.01s)
✓ Generated graph n=10000, m=7000, seed=199422815561151340, type=UNIFORM -> ./input/random_graphs/graph_10000_7000_UNIFORM_199422815561151340.txt (Time: 0.01s)
✓ Generated graph n=10000, m=7000, seed=6022436717541034636, type=UNIFORM -> ./input/random_graphs/graph_10000_7000_UNIFORM_6022436717541034636.txt (Time: 0.01s)
✓ Generated graph n=10000, m=7000, seed=4997514996153925447, type=UNIFORM -> ./input/random_graphs/graph_10000_7000_UNIFORM_4997514996153925447.txt (Time: 0.01s)
✓ Generated graph n=10000, m=7000, seed=5108599054664628607, type=UNIFORM -> ./input/random_graphs/graph_10000_7000_UNIFORM_5108599054664628607.txt (Time: 0.01s)
✓ Generated graph n=10000, m=7000, seed=7644420139408884785, type=UNIFORM -> ./input/random_graphs/graph_10000_7000_UNIFORM_7644420139408884785.txt (Time: 0.01s)
✓ Generated graph n=10000, m=7000, seed=6764066939395682287, type=UNIFORM -> ./input/random_graphs/graph_10000_7000_UNIFORM_6764066939395682287.txt (Time: 0.01s)
✓ Generated graph n=10000, m=7000, seed=9130666990809746335, type=UNIFORM -> ./input/random_graphs/graph_10000_7000_UNIFORM_9130666990809746335.txt (Time: 0.01s)
✓ Generated graph n=10000, m=7000, seed=1458186392400727732, type=UNIFORM -> ./input/random_graphs/graph_10000_7000_UNIFORM_1458186392400727732.txt (Time: 0.01s)
✓ Generated graph n=10000, m=7000, seed=8794274795737982182, type=UNIFORM -> ./input/random_graphs/graph_10000_7000_UNIFORM_8794274795737982182.txt (Time: 0.01s)
✓ Generated graph n=10000, m=7000, seed=1392892770529522614, type=UNIFORM -> ./input/random_graphs/graph_10000_7000_UNIFORM_1392892770529522614.txt (Time: 0.01s)
✓ Generated graph n=10000, m=7000, seed=2089506265998900862, type=UNIFORM -> ./input/random_graphs/graph_10000_7000_UNIFORM_2089506265998900862.txt (Time: 0.00s)
✓ Generated graph n=10000, m=7000, seed=9060210648189963449, type=UNIFORM -> ./input/random_graphs/graph_10000_7000_UNIFORM_9060210648189963449.txt (Time: 0.01s)
✓ Generated graph n=10000, m=7000, seed=4250897495980125004, type=UNIFORM -> ./input/random_graphs/graph_10000_7000_UNIFORM_4250897495980125004.txt (Time: 0.01s)
✓ Generated graph n=10000, m=7000, seed=5497874167834979553, type=UNIFORM -> ./input/random_graphs/graph_10000_7000_UNIFORM_5497874167834979553.txt (Time: 0.00s)
✓ Generated graph n=10000, m=7000, seed=4060584409398689268, type=UNIFORM -> ./input/random_graphs/graph_10000_7000_UNIFORM_4060584409398689268.txt (Time: 0.01s)
✓ Generated graph n=10000, m=7000, seed=8626102704817790064, type=UNIFORM -> ./input/random_graphs/graph_10000_7000_UNIFORM_8626102704817790064.txt (Time: 0.00s)
✓ Generated graph n=10000, m=7000, seed=1722224698700348310, type=UNIFORM -> ./input/random_graphs/graph_10000_7000_UNIFORM_1722224698700348310.txt (Time: 0.01s)
✓ Generated graph n=10000, m=7000, seed=1332005502874566195, type=UNIFORM -> ./input/random_graphs/graph_10000_7000_UNIFORM_1332005502874566195.txt (Time: 0.01s)
✓ Generated graph n=10000, m=7000, seed=4795749165124911768, type=UNIFORM -> ./input/random_graphs/graph_10000_7000_UNIFORM_4795749165124911768.txt (Time: 0.01s)
✓ Generated graph n=10000, m=7000, seed=8448596294177070022, type=UNIFORM -> ./input/random_graphs/graph_10000_7000_UNIFORM_8448596294177070022.txt (Time: 0.01s)
✓ Generated graph n=10000, m=7000, seed=4934890601268679176, type=UNIFORM -> ./input/random_graphs/graph_10000_7000_UNIFORM_4934890601268679176.txt (Time: 0.01s)
✓ Generated graph n=10000, m=7000, seed=7905487461282246979, type=UNIFORM -> ./input/random_graphs/graph_10000_7000_UNIFORM_7905487461282246979.txt (Time: 0.01s)
✓ Generated graph n=10000, m=7000, seed=7118744415197196276, type=UNIFORM -> ./input/random_graphs/graph_10000_7000_UNIFORM_7118744415197196276.txt (Time: 0.01s)
✓ Generated graph n=10000, m=7000, seed=1992204328026194281, type=UNIFORM -> ./input/random_graphs/graph_10000_7000_UNIFORM_1992204328026194281.txt (Time: 0.01s)
✓ Generated graph n=10000, m=7000, seed=2718103348384927511, type=UNIFORM -> ./input/random_graphs/graph_10000_7000_UNIFORM_2718103348384927511.txt (Time: 0.01s)
✓ Generated graph n=10000, m=7000, seed=7449662661572224354, type=UNIFORM -> ./input/random_graphs/graph_10000_7000_UNIFORM_7449662661572224354.txt (Time: 0.01s)
✓ Generated graph n=10000, m=7000, seed=9059990922233379852, type=UNIFORM -> ./input/random_graphs/graph_10000_7000_UNIFORM_9059990922233379852.txt (Time: 0.01s)
✓ Generated graph n=10000, m=7000, seed=8867616339855336876, type=UNIFORM -> ./input/random_graphs/graph_10000_7000_UNIFORM_8867616339855336876.txt (Time: 0.01s)
✓ Generated graph n=10000, m=7000, seed=5894893360759659423, type=UNIFORM -> ./input/random_graphs/graph_10000_7000_UNIFORM_5894893360759659423.txt (Time: 0.01s)
✓ Generated graph n=10000, m=7000, seed=3221421291694197220, type=UNIFORM -> ./input/random_graphs/graph_10000_7000_UNIFORM_3221421291694197220.txt (Time: 0.01s)
✓ Generated graph n=10000, m=7000, seed=4940913311242578590, type=UNIFORM -> ./input/random_graphs/graph_10000_7000_UNIFORM_4940913311242578590.txt (Time: 0.01s)
✓ Generated graph n=10000, m=8000, seed=5739955973604961613, type=UNIFORM -> ./input/random_graphs/graph_10000_8000_UNIFORM_5739955973604961613.txt (Time: 0.00s)
✓ Generated graph n=10000, m=7000, seed=7632458674696225362, type=UNIFORM -> ./input/random_graphs/graph_10000_7000_UNIFORM_7632458674696225362.txt (Time: 0.01s)
✓ Generated graph n=10000, m=8000, seed=6230961512046992311, type=UNIFORM -> ./input/random_graphs/graph_10000_8000_UNIFORM_6230961512046992311.txt (Time: 0.01s)
✓ Generated graph n=10000, m=7000, seed=2264398621601381987, type=UNIFORM -> ./input/random_graphs/graph_10000_7000_UNIFORM_2264398621601381987.txt (Time: 0.01s)
✓ Generated graph n=10000, m=8000, seed=3881801951614183357, type=UNIFORM -> ./input/random_graphs/graph_10000_8000_UNIFORM_3881801951614183357.txt (Time: 0.01s)
✓ Generated graph n=10000, m=8000, seed=7871178979383552919, type=UNIFORM -> ./input/random_graphs/graph_10000_8000_UNIFORM_7871178979383552919.txt (Time: 0.01s)
✓ Generated graph n=10000, m=7000, seed=7983805977214098674, type=UNIFORM -> ./input/random_graphs/graph_10000_7000_UNIFORM_7983805977214098674.txt (Time: 0.01s)
✓ Generated graph n=10000, m=8000, seed=7032710160631691991, type=UNIFORM -> ./input/random_graphs/graph_10000_8000_UNIFORM_7032710160631691991.txt (Time: 0.01s)
✓ Generated graph n=10000, m=8000, seed=7599700178212337699, type=UNIFORM -> ./input/random_graphs/graph_10000_8000_UNIFORM_7599700178212337699.txt (Time: 0.01s)
✓ Generated graph n=10000, m=8000, seed=1070244953599069350, type=UNIFORM -> ./input/random_graphs/graph_10000_8000_UNIFORM_1070244953599069350.txt (Time: 0.01s)
✓ Generated graph n=10000, m=8000, seed=1353182403971399009, type=UNIFORM -> ./input/random_graphs/graph_10000_8000_UNIFORM_1353182403971399009.txt (Time: 0.01s)
✓ Generated graph n=10000, m=8000, seed=4040737767143389431, type=UNIFORM -> ./input/random_graphs/graph_10000_8000_UNIFORM_4040737767143389431.txt (Time: 0.01s)
✓ Generated graph n=10000, m=8000, seed=1250005700364523649, type=UNIFORM -> ./input/random_graphs/graph_10000_8000_UNIFORM_1250005700364523649.txt (Time: 0.01s)
✓ Generated graph n=10000, m=8000, seed=6938562734920028532, type=UNIFORM -> ./input/random_graphs/graph_10000_8000_UNIFORM_6938562734920028532.txt (Time: 0.01s)
✓ Generated graph n=10000, m=8000, seed=6522163754831416203, type=UNIFORM -> ./input/random_graphs/graph_10000_8000_UNIFORM_6522163754831416203.txt (Time: 0.01s)
✓ Generated graph n=10000, m=8000, seed=7663871783842725848, type=UNIFORM -> ./input/random_graphs/graph_10000_8000_UNIFORM_7663871783842725848.txt (Time: 0.01s)
✓ Generated graph n=10000, m=8000, seed=2429002973740178792, type=UNIFORM -> ./input/random_graphs/graph_10000_8000_UNIFORM_2429002973740178792.txt (Time: 0.01s)
✓ Generated graph n=10000, m=8000, seed=5906957480796939447, type=UNIFORM -> ./input/random_graphs/graph_10000_8000_UNIFORM_5906957480796939447.txt (Time: 0.01s)
✓ Generated graph n=10000, m=8000, seed=1309542850049879452, type=UNIFORM -> ./input/random_graphs/graph_10000_8000_UNIFORM_1309542850049879452.txt (Time: 0.01s)
✓ Generated graph n=10000, m=8000, seed=320375091487821987, type=UNIFORM -> ./input/random_graphs/graph_10000_8000_UNIFORM_320375091487821987.txt (Time: 0.01s)
✓ Generated graph n=10000, m=8000, seed=3438400432146115956, type=UNIFORM -> ./input/random_graphs/graph_10000_8000_UNIFORM_3438400432146115956.txt (Time: 0.01s)
✓ Generated graph n=10000, m=8000, seed=5142811650494845597, type=UNIFORM -> ./input/random_graphs/graph_10000_8000_UNIFORM_5142811650494845597.txt (Time: 0.00s)
✓ Generated graph n=10000, m=8000, seed=7473196763798409428, type=UNIFORM -> ./input/random_graphs/graph_10000_8000_UNIFORM_7473196763798409428.txt (Time: 0.01s)
✓ Generated graph n=10000, m=8000, seed=7146860528564146064, type=UNIFORM -> ./input/random_graphs/graph_10000_8000_UNIFORM_7146860528564146064.txt (Time: 0.01s)
✓ Generated graph n=10000, m=8000, seed=5139481885857321791, type=UNIFORM -> ./input/random_graphs/graph_10000_8000_UNIFORM_5139481885857321791.txt (Time: 0.01s)
✓ Generated graph n=10000, m=8000, seed=1250773459040295677, type=UNIFORM -> ./input/random_graphs/graph_10000_8000_UNIFORM_1250773459040295677.txt (Time: 0.01s)
✓ Generated graph n=10000, m=8000, seed=3010622984418968408, type=UNIFORM -> ./input/random_graphs/graph_10000_8000_UNIFORM_3010622984418968408.txt (Time: 0.01s)
✓ Generated graph n=10000, m=8000, seed=6002685213311538187, type=UNIFORM -> ./input/random_graphs/graph_10000_8000_UNIFORM_6002685213311538187.txt (Time: 0.01s)
✓ Generated graph n=10000, m=8000, seed=5708372698381010775, type=UNIFORM -> ./input/random_graphs/graph_10000_8000_UNIFORM_5708372698381010775.txt (Time: 0.01s)
✓ Generated graph n=10000, m=8000, seed=521787134863155063, type=UNIFORM -> ./input/random_graphs/graph_10000_8000_UNIFORM_521787134863155063.txt (Time: 0.01s)
✓ Generated graph n=10000, m=8000, seed=1731523882129807996, type=UNIFORM -> ./input/random_graphs/graph_10000_8000_UNIFORM_1731523882129807996.txt (Time: 0.01s)
✓ Generated graph n=10000, m=8000, seed=1853590723603270879, type=UNIFORM -> ./input/random_graphs/graph_10000_8000_UNIFORM_1853590723603270879.txt (Time: 0.01s)
✓ Generated graph n=10000, m=8000, seed=7029781962072644698, type=UNIFORM -> ./input/random_graphs/graph_10000_8000_UNIFORM_7029781962072644698.txt (Time: 0.01s)
✓ Generated graph n=10000, m=8000, seed=6785030173969523435, type=UNIFORM -> ./input/random_graphs/graph_10000_8000_UNIFORM_6785030173969523435.txt (Time: 0.01s)
✓ Generated graph n=10000, m=8000, seed=1024517563182776983, type=UNIFORM -> ./input/random_graphs/graph_10000_8000_UNIFORM_1024517563182776983.txt (Time: 0.01s)
✓ Generated graph n=10000, m=8000, seed=3224265581699847191, type=UNIFORM -> ./input/random_graphs/graph_10000_8000_UNIFORM_3224265581699847191.txt (Time: 0.01s)
✓ Generated graph n=10000, m=8000, seed=5529616217668449934, type=UNIFORM -> ./input/random_graphs/graph_10000_8000_UNIFORM_5529616217668449934.txt (Time: 0.01s)
✓ Generated graph n=10000, m=8000, seed=1647170069535670909, type=UNIFORM -> ./input/random_graphs/graph_10000_8000_UNIFORM_1647170069535670909.txt (Time: 0.01s)
✓ Generated graph n=10000, m=8000, seed=4122784633514911760, type=UNIFORM -> ./input/random_graphs/graph_10000_8000_UNIFORM_4122784633514911760.txt (Time: 0.01s)
✓ Generated graph n=10000, m=8000, seed=1632192924771168275, type=UNIFORM -> ./input/random_graphs/graph_10000_8000_UNIFORM_1632192924771168275.txt (Time: 0.00s)
✓ Generated graph n=10000, m=8000, seed=7706236040662210848, type=UNIFORM -> ./input/random_graphs/graph_10000_8000_UNIFORM_7706236040662210848.txt (Time: 0.01s)
✓ Generated graph n=10000, m=8000, seed=824387247617288499, type=UNIFORM -> ./input/random_graphs/graph_10000_8000_UNIFORM_824387247617288499.txt (Time: 0.01s)
✓ Generated graph n=10000, m=8000, seed=5258051056098597521, type=UNIFORM -> ./input/random_graphs/graph_10000_8000_UNIFORM_5258051056098597521.txt (Time: 0.01s)
✓ Generated graph n=10000, m=8000, seed=6802378520969450157, type=UNIFORM -> ./input/random_graphs/graph_10000_8000_UNIFORM_6802378520969450157.txt (Time: 0.01s)
✓ Generated graph n=10000, m=8000, seed=7161906730445628483, type=UNIFORM -> ./input/random_graphs/graph_10000_8000_UNIFORM_7161906730445628483.txt (Time: 0.01s)
✓ Generated graph n=10000, m=8000, seed=4552998297316576788, type=UNIFORM -> ./input/random_graphs/graph_10000_8000_UNIFORM_4552998297316576788.txt (Time: 0.01s)
✓ Generated graph n=10000, m=8000, seed=6143643868734370809, type=UNIFORM -> ./input/random_graphs/graph_10000_8000_UNIFORM_6143643868734370809.txt (Time: 0.01s)
✓ Generated graph n=10000, m=8000, seed=8031431416522537101, type=UNIFORM -> ./input/random_graphs/graph_10000_8000_UNIFORM_8031431416522537101.txt (Time: 0.01s)
✓ Generated graph n=10000, m=8000, seed=5636411189175451024, type=UNIFORM -> ./input/random_graphs/graph_10000_8000_UNIFORM_5636411189175451024.txt (Time: 0.01s)
✓ Generated graph n=10000, m=8000, seed=5349491008325879064, type=UNIFORM -> ./input/random_graphs/graph_10000_8000_UNIFORM_5349491008325879064.txt (Time: 0.01s)
✓ Generated graph n=10000, m=8000, seed=4445925461710302877, type=UNIFORM -> ./input/random_graphs/graph_10000_8000_UNIFORM_4445925461710302877.txt (Time: 0.01s)
✓ Generated graph n=10000, m=8000, seed=6614505080519948832, type=UNIFORM -> ./input/random_graphs/graph_10000_8000_UNIFORM_6614505080519948832.txt (Time: 0.01s)
✓ Generated graph n=10000, m=8000, seed=7938560551762094560, type=UNIFORM -> ./input/random_graphs/graph_10000_8000_UNIFORM_7938560551762094560.txt (Time: 0.01s)
✓ Generated graph n=10000, m=8000, seed=3272308573967577038, type=UNIFORM -> ./input/random_graphs/graph_10000_8000_UNIFORM_3272308573967577038.txt (Time: 0.01s)
✓ Generated graph n=10000, m=8000, seed=7917045922527545890, type=UNIFORM -> ./input/random_graphs/graph_10000_8000_UNIFORM_7917045922527545890.txt (Time: 0.01s)
✓ Generated graph n=10000, m=8000, seed=3865339568260874865, type=UNIFORM -> ./input/random_graphs/graph_10000_8000_UNIFORM_3865339568260874865.txt (Time: 0.01s)
✓ Generated graph n=10000, m=8000, seed=7921282862123281598, type=UNIFORM -> ./input/random_graphs/graph_10000_8000_UNIFORM_7921282862123281598.txt (Time: 0.01s)
✓ Generated graph n=10000, m=8000, seed=6224222471595207695, type=UNIFORM -> ./input/random_graphs/graph_10000_8000_UNIFORM_6224222471595207695.txt (Time: 0.01s)
✓ Generated graph n=10000, m=8000, seed=1128313391724783137, type=UNIFORM -> ./input/random_graphs/graph_10000_8000_UNIFORM_1128313391724783137.txt (Time: 0.01s)
✓ Generated graph n=10000, m=8000, seed=716820155901718944, type=UNIFORM -> ./input/random_graphs/graph_10000_8000_UNIFORM_716820155901718944.txt (Time: 0.01s)
✓ Generated graph n=10000, m=8000, seed=4997514996153925447, type=UNIFORM -> ./input/random_graphs/graph_10000_8000_UNIFORM_4997514996153925447.txt (Time: 0.01s)
✓ Generated graph n=10000, m=8000, seed=3817405844514670994, type=UNIFORM -> ./input/random_graphs/graph_10000_8000_UNIFORM_3817405844514670994.txt (Time: 0.01s)
✓ Generated graph n=10000, m=8000, seed=6529943913552561417, type=UNIFORM -> ./input/random_graphs/graph_10000_8000_UNIFORM_6529943913552561417.txt (Time: 0.01s)
✓ Generated graph n=10000, m=8000, seed=8446481348147407377, type=UNIFORM -> ./input/random_graphs/graph_10000_8000_UNIFORM_8446481348147407377.txt (Time: 0.01s)
✓ Generated graph n=10000, m=8000, seed=1170385908854608748, type=UNIFORM -> ./input/random_graphs/graph_10000_8000_UNIFORM_1170385908854608748.txt (Time: 0.01s)
✓ Generated graph n=10000, m=8000, seed=175493991617213850, type=UNIFORM -> ./input/random_graphs/graph_10000_8000_UNIFORM_175493991617213850.txt (Time: 0.00s)
✓ Generated graph n=10000, m=8000, seed=8718380604043999642, type=UNIFORM -> ./input/random_graphs/graph_10000_8000_UNIFORM_8718380604043999642.txt (Time: 0.01s)
✓ Generated graph n=10000, m=8000, seed=3713827327871807734, type=UNIFORM -> ./input/random_graphs/graph_10000_8000_UNIFORM_3713827327871807734.txt (Time: 0.01s)
✓ Generated graph n=10000, m=8000, seed=6022436717541034636, type=UNIFORM -> ./input/random_graphs/graph_10000_8000_UNIFORM_6022436717541034636.txt (Time: 0.01s)
✓ Generated graph n=10000, m=8000, seed=9130666990809746335, type=UNIFORM -> ./input/random_graphs/graph_10000_8000_UNIFORM_9130666990809746335.txt (Time: 0.01s)
✓ Generated graph n=10000, m=8000, seed=199422815561151340, type=UNIFORM -> ./input/random_graphs/graph_10000_8000_UNIFORM_199422815561151340.txt (Time: 0.01s)
✓ Generated graph n=10000, m=8000, seed=5108599054664628607, type=UNIFORM -> ./input/random_graphs/graph_10000_8000_UNIFORM_5108599054664628607.txt (Time: 0.01s)
✓ Generated graph n=10000, m=8000, seed=5063475852268941542, type=UNIFORM -> ./input/random_graphs/graph_10000_8000_UNIFORM_5063475852268941542.txt (Time: 0.01s)
✓ Generated graph n=10000, m=8000, seed=4250897495980125004, type=UNIFORM -> ./input/random_graphs/graph_10000_8000_UNIFORM_4250897495980125004.txt (Time: 0.01s)
✓ Generated graph n=10000, m=8000, seed=5497874167834979553, type=UNIFORM -> ./input/random_graphs/graph_10000_8000_UNIFORM_5497874167834979553.txt (Time: 0.01s)
✓ Generated graph n=10000, m=8000, seed=1392892770529522614, type=UNIFORM -> ./input/random_graphs/graph_10000_8000_UNIFORM_1392892770529522614.txt (Time: 0.01s)
✓ Generated graph n=10000, m=8000, seed=1458186392400727732, type=UNIFORM -> ./input/random_graphs/graph_10000_8000_UNIFORM_1458186392400727732.txt (Time: 0.01s)
✓ Generated graph n=10000, m=8000, seed=6764066939395682287, type=UNIFORM -> ./input/random_graphs/graph_10000_8000_UNIFORM_6764066939395682287.txt (Time: 0.01s)
✓ Generated graph n=10000, m=8000, seed=7644420139408884785, type=UNIFORM -> ./input/random_graphs/graph_10000_8000_UNIFORM_7644420139408884785.txt (Time: 0.01s)
✓ Generated graph n=10000, m=8000, seed=4060584409398689268, type=UNIFORM -> ./input/random_graphs/graph_10000_8000_UNIFORM_4060584409398689268.txt (Time: 0.01s)
✓ Generated graph n=10000, m=8000, seed=9060210648189963449, type=UNIFORM -> ./input/random_graphs/graph_10000_8000_UNIFORM_9060210648189963449.txt (Time: 0.01s)
✓ Generated graph n=10000, m=8000, seed=8794274795737982182, type=UNIFORM -> ./input/random_graphs/graph_10000_8000_UNIFORM_8794274795737982182.txt (Time: 0.01s)
✓ Generated graph n=10000, m=8000, seed=8448596294177070022, type=UNIFORM -> ./input/random_graphs/graph_10000_8000_UNIFORM_8448596294177070022.txt (Time: 0.00s)
✓ Generated graph n=10000, m=8000, seed=2909934787168262407, type=UNIFORM -> ./input/random_graphs/graph_10000_8000_UNIFORM_2909934787168262407.txt (Time: 0.01s)
✓ Generated graph n=10000, m=8000, seed=1332005502874566195, type=UNIFORM -> ./input/random_graphs/graph_10000_8000_UNIFORM_1332005502874566195.txt (Time: 0.01s)
✓ Generated graph n=10000, m=8000, seed=2089506265998900862, type=UNIFORM -> ./input/random_graphs/graph_10000_8000_UNIFORM_2089506265998900862.txt (Time: 0.01s)
✓ Generated graph n=10000, m=8000, seed=8626102704817790064, type=UNIFORM -> ./input/random_graphs/graph_10000_8000_UNIFORM_8626102704817790064.txt (Time: 0.01s)
✓ Generated graph n=10000, m=8000, seed=7905487461282246979, type=UNIFORM -> ./input/random_graphs/graph_10000_8000_UNIFORM_7905487461282246979.txt (Time: 0.01s)
✓ Generated graph n=10000, m=8000, seed=4795749165124911768, type=UNIFORM -> ./input/random_graphs/graph_10000_8000_UNIFORM_4795749165124911768.txt (Time: 0.01s)
✓ Generated graph n=10000, m=8000, seed=4934890601268679176, type=UNIFORM -> ./input/random_graphs/graph_10000_8000_UNIFORM_4934890601268679176.txt (Time: 0.01s)
✓ Generated graph n=10000, m=8000, seed=1722224698700348310, type=UNIFORM -> ./input/random_graphs/graph_10000_8000_UNIFORM_1722224698700348310.txt (Time: 0.01s)
✓ Generated graph n=10000, m=8000, seed=2718103348384927511, type=UNIFORM -> ./input/random_graphs/graph_10000_8000_UNIFORM_2718103348384927511.txt (Time: 0.01s)
✓ Generated graph n=10000, m=8000, seed=1992204328026194281, type=UNIFORM -> ./input/random_graphs/graph_10000_8000_UNIFORM_1992204328026194281.txt (Time: 0.01s)
✓ Generated graph n=10000, m=8000, seed=7118744415197196276, type=UNIFORM -> ./input/random_graphs/graph_10000_8000_UNIFORM_7118744415197196276.txt (Time: 0.01s)
✓ Generated graph n=10000, m=8000, seed=3221421291694197220, type=UNIFORM -> ./input/random_graphs/graph_10000_8000_UNIFORM_3221421291694197220.txt (Time: 0.01s)
✓ Generated graph n=10000, m=8000, seed=8867616339855336876, type=UNIFORM -> ./input/random_graphs/graph_10000_8000_UNIFORM_8867616339855336876.txt (Time: 0.01s)
✓ Generated graph n=10000, m=8000, seed=9059990922233379852, type=UNIFORM -> ./input/random_graphs/graph_10000_8000_UNIFORM_9059990922233379852.txt (Time: 0.01s)
✓ Generated graph n=10000, m=8000, seed=7449662661572224354, type=UNIFORM -> ./input/random_graphs/graph_10000_8000_UNIFORM_7449662661572224354.txt (Time: 0.01s)
✓ Generated graph n=10000, m=8000, seed=5894893360759659423, type=UNIFORM -> ./input/random_graphs/graph_10000_8000_UNIFORM_5894893360759659423.txt (Time: 0.01s)
✓ Generated graph n=10000, m=8000, seed=7983805977214098674, type=UNIFORM -> ./input/random_graphs/graph_10000_8000_UNIFORM_7983805977214098674.txt (Time: 0.01s)
✓ Generated graph n=10000, m=9000, seed=5739955973604961613, type=UNIFORM -> ./input/random_graphs/graph_10000_9000_UNIFORM_5739955973604961613.txt (Time: 0.00s)
✓ Generated graph n=10000, m=8000, seed=4940913311242578590, type=UNIFORM -> ./input/random_graphs/graph_10000_8000_UNIFORM_4940913311242578590.txt (Time: 0.01s)
✓ Generated graph n=10000, m=8000, seed=7632458674696225362, type=UNIFORM -> ./input/random_graphs/graph_10000_8000_UNIFORM_7632458674696225362.txt (Time: 0.01s)
✓ Generated graph n=10000, m=8000, seed=2264398621601381987, type=UNIFORM -> ./input/random_graphs/graph_10000_8000_UNIFORM_2264398621601381987.txt (Time: 0.01s)
✓ Generated graph n=10000, m=9000, seed=6230961512046992311, type=UNIFORM -> ./input/random_graphs/graph_10000_9000_UNIFORM_6230961512046992311.txt (Time: 0.01s)
✓ Generated graph n=10000, m=9000, seed=7871178979383552919, type=UNIFORM -> ./input/random_graphs/graph_10000_9000_UNIFORM_7871178979383552919.txt (Time: 0.01s)
✓ Generated graph n=10000, m=9000, seed=7032710160631691991, type=UNIFORM -> ./input/random_graphs/graph_10000_9000_UNIFORM_7032710160631691991.txt (Time: 0.01s)
✓ Generated graph n=10000, m=9000, seed=7599700178212337699, type=UNIFORM -> ./input/random_graphs/graph_10000_9000_UNIFORM_7599700178212337699.txt (Time: 0.01s)
✓ Generated graph n=10000, m=9000, seed=1353182403971399009, type=UNIFORM -> ./input/random_graphs/graph_10000_9000_UNIFORM_1353182403971399009.txt (Time: 0.01s)
✓ Generated graph n=10000, m=9000, seed=1070244953599069350, type=UNIFORM -> ./input/random_graphs/graph_10000_9000_UNIFORM_1070244953599069350.txt (Time: 0.01s)
✓ Generated graph n=10000, m=9000, seed=6522163754831416203, type=UNIFORM -> ./input/random_graphs/graph_10000_9000_UNIFORM_6522163754831416203.txt (Time: 0.01s)
✓ Generated graph n=10000, m=9000, seed=3881801951614183357, type=UNIFORM -> ./input/random_graphs/graph_10000_9000_UNIFORM_3881801951614183357.txt (Time: 0.01s)
✓ Generated graph n=10000, m=9000, seed=4040737767143389431, type=UNIFORM -> ./input/random_graphs/graph_10000_9000_UNIFORM_4040737767143389431.txt (Time: 0.01s)
✓ Generated graph n=10000, m=9000, seed=1309542850049879452, type=UNIFORM -> ./input/random_graphs/graph_10000_9000_UNIFORM_1309542850049879452.txt (Time: 0.01s)
✓ Generated graph n=10000, m=9000, seed=6938562734920028532, type=UNIFORM -> ./input/random_graphs/graph_10000_9000_UNIFORM_6938562734920028532.txt (Time: 0.01s)
✓ Generated graph n=10000, m=9000, seed=7663871783842725848, type=UNIFORM -> ./input/random_graphs/graph_10000_9000_UNIFORM_7663871783842725848.txt (Time: 0.01s)
✓ Generated graph n=10000, m=9000, seed=320375091487821987, type=UNIFORM -> ./input/random_graphs/graph_10000_9000_UNIFORM_320375091487821987.txt (Time: 0.01s)
✓ Generated graph n=10000, m=9000, seed=1250773459040295677, type=UNIFORM -> ./input/random_graphs/graph_10000_9000_UNIFORM_1250773459040295677.txt (Time: 0.01s)
✓ Generated graph n=10000, m=9000, seed=7146860528564146064, type=UNIFORM -> ./input/random_graphs/graph_10000_9000_UNIFORM_7146860528564146064.txt (Time: 0.01s)
✓ Generated graph n=10000, m=9000, seed=2429002973740178792, type=UNIFORM -> ./input/random_graphs/graph_10000_9000_UNIFORM_2429002973740178792.txt (Time: 0.01s)
✓ Generated graph n=10000, m=9000, seed=1250005700364523649, type=UNIFORM -> ./input/random_graphs/graph_10000_9000_UNIFORM_1250005700364523649.txt (Time: 0.01s)
✓ Generated graph n=10000, m=9000, seed=5906957480796939447, type=UNIFORM -> ./input/random_graphs/graph_10000_9000_UNIFORM_5906957480796939447.txt (Time: 0.01s)
✓ Generated graph n=10000, m=9000, seed=3438400432146115956, type=UNIFORM -> ./input/random_graphs/graph_10000_9000_UNIFORM_3438400432146115956.txt (Time: 0.01s)
✓ Generated graph n=10000, m=9000, seed=7473196763798409428, type=UNIFORM -> ./input/random_graphs/graph_10000_9000_UNIFORM_7473196763798409428.txt (Time: 0.01s)
✓ Generated graph n=10000, m=9000, seed=3010622984418968408, type=UNIFORM -> ./input/random_graphs/graph_10000_9000_UNIFORM_3010622984418968408.txt (Time: 0.01s)
✓ Generated graph n=10000, m=9000, seed=5139481885857321791, type=UNIFORM -> ./input/random_graphs/graph_10000_9000_UNIFORM_5139481885857321791.txt (Time: 0.01s)
✓ Generated graph n=10000, m=9000, seed=5142811650494845597, type=UNIFORM -> ./input/random_graphs/graph_10000_9000_UNIFORM_5142811650494845597.txt (Time: 0.01s)
✓ Generated graph n=10000, m=9000, seed=6002685213311538187, type=UNIFORM -> ./input/random_graphs/graph_10000_9000_UNIFORM_6002685213311538187.txt (Time: 0.01s)
✓ Generated graph n=10000, m=9000, seed=5708372698381010775, type=UNIFORM -> ./input/random_graphs/graph_10000_9000_UNIFORM_5708372698381010775.txt (Time: 0.01s)
✓ Generated graph n=10000, m=9000, seed=1853590723603270879, type=UNIFORM -> ./input/random_graphs/graph_10000_9000_UNIFORM_1853590723603270879.txt (Time: 0.01s)
✓ Generated graph n=10000, m=9000, seed=1731523882129807996, type=UNIFORM -> ./input/random_graphs/graph_10000_9000_UNIFORM_1731523882129807996.txt (Time: 0.01s)
✓ Generated graph n=10000, m=9000, seed=5529616217668449934, type=UNIFORM -> ./input/random_graphs/graph_10000_9000_UNIFORM_5529616217668449934.txt (Time: 0.01s)
✓ Generated graph n=10000, m=9000, seed=521787134863155063, type=UNIFORM -> ./input/random_graphs/graph_10000_9000_UNIFORM_521787134863155063.txt (Time: 0.01s)
✓ Generated graph n=10000, m=9000, seed=7029781962072644698, type=UNIFORM -> ./input/random_graphs/graph_10000_9000_UNIFORM_7029781962072644698.txt (Time: 0.01s)
✓ Generated graph n=10000, m=9000, seed=1024517563182776983, type=UNIFORM -> ./input/random_graphs/graph_10000_9000_UNIFORM_1024517563182776983.txt (Time: 0.01s)
✓ Generated graph n=10000, m=9000, seed=6785030173969523435, type=UNIFORM -> ./input/random_graphs/graph_10000_9000_UNIFORM_6785030173969523435.txt (Time: 0.01s)
✓ Generated graph n=10000, m=9000, seed=3224265581699847191, type=UNIFORM -> ./input/random_graphs/graph_10000_9000_UNIFORM_3224265581699847191.txt (Time: 0.01s)
✓ Generated graph n=10000, m=9000, seed=5258051056098597521, type=UNIFORM -> ./input/random_graphs/graph_10000_9000_UNIFORM_5258051056098597521.txt (Time: 0.01s)
✓ Generated graph n=10000, m=9000, seed=1647170069535670909, type=UNIFORM -> ./input/random_graphs/graph_10000_9000_UNIFORM_1647170069535670909.txt (Time: 0.01s)
✓ Generated graph n=10000, m=9000, seed=7706236040662210848, type=UNIFORM -> ./input/random_graphs/graph_10000_9000_UNIFORM_7706236040662210848.txt (Time: 0.01s)
✓ Generated graph n=10000, m=9000, seed=4122784633514911760, type=UNIFORM -> ./input/random_graphs/graph_10000_9000_UNIFORM_4122784633514911760.txt (Time: 0.01s)
✓ Generated graph n=10000, m=9000, seed=1632192924771168275, type=UNIFORM -> ./input/random_graphs/graph_10000_9000_UNIFORM_1632192924771168275.txt (Time: 0.01s)
✓ Generated graph n=10000, m=9000, seed=824387247617288499, type=UNIFORM -> ./input/random_graphs/graph_10000_9000_UNIFORM_824387247617288499.txt (Time: 0.01s)
✓ Generated graph n=10000, m=9000, seed=4552998297316576788, type=UNIFORM -> ./input/random_graphs/graph_10000_9000_UNIFORM_4552998297316576788.txt (Time: 0.01s)
✓ Generated graph n=10000, m=9000, seed=6802378520969450157, type=UNIFORM -> ./input/random_graphs/graph_10000_9000_UNIFORM_6802378520969450157.txt (Time: 0.01s)
✓ Generated graph n=10000, m=9000, seed=6143643868734370809, type=UNIFORM -> ./input/random_graphs/graph_10000_9000_UNIFORM_6143643868734370809.txt (Time: 0.01s)
✓ Generated graph n=10000, m=9000, seed=7161906730445628483, type=UNIFORM -> ./input/random_graphs/graph_10000_9000_UNIFORM_7161906730445628483.txt (Time: 0.01s)
✓ Generated graph n=10000, m=9000, seed=8031431416522537101, type=UNIFORM -> ./input/random_graphs/graph_10000_9000_UNIFORM_8031431416522537101.txt (Time: 0.01s)
✓ Generated graph n=10000, m=9000, seed=3272308573967577038, type=UNIFORM -> ./input/random_graphs/graph_10000_9000_UNIFORM_3272308573967577038.txt (Time: 0.01s)
✓ Generated graph n=10000, m=9000, seed=6614505080519948832, type=UNIFORM -> ./input/random_graphs/graph_10000_9000_UNIFORM_6614505080519948832.txt (Time: 0.01s)
✓ Generated graph n=10000, m=9000, seed=5349491008325879064, type=UNIFORM -> ./input/random_graphs/graph_10000_9000_UNIFORM_5349491008325879064.txt (Time: 0.01s)
✓ Generated graph n=10000, m=9000, seed=7917045922527545890, type=UNIFORM -> ./input/random_graphs/graph_10000_9000_UNIFORM_7917045922527545890.txt (Time: 0.01s)
✓ Generated graph n=10000, m=9000, seed=5636411189175451024, type=UNIFORM -> ./input/random_graphs/graph_10000_9000_UNIFORM_5636411189175451024.txt (Time: 0.01s)
✓ Generated graph n=10000, m=9000, seed=4445925461710302877, type=UNIFORM -> ./input/random_graphs/graph_10000_9000_UNIFORM_4445925461710302877.txt (Time: 0.01s)
✓ Generated graph n=10000, m=9000, seed=1128313391724783137, type=UNIFORM -> ./input/random_graphs/graph_10000_9000_UNIFORM_1128313391724783137.txt (Time: 0.01s)
✓ Generated graph n=10000, m=9000, seed=3865339568260874865, type=UNIFORM -> ./input/random_graphs/graph_10000_9000_UNIFORM_3865339568260874865.txt (Time: 0.01s)
✓ Generated graph n=10000, m=9000, seed=7921282862123281598, type=UNIFORM -> ./input/random_graphs/graph_10000_9000_UNIFORM_7921282862123281598.txt (Time: 0.01s)
✓ Generated graph n=10000, m=9000, seed=6224222471595207695, type=UNIFORM -> ./input/random_graphs/graph_10000_9000_UNIFORM_6224222471595207695.txt (Time: 0.01s)
✓ Generated graph n=10000, m=9000, seed=716820155901718944, type=UNIFORM -> ./input/random_graphs/graph_10000_9000_UNIFORM_716820155901718944.txt (Time: 0.01s)
✓ Generated graph n=10000, m=9000, seed=6022436717541034636, type=UNIFORM -> ./input/random_graphs/graph_10000_9000_UNIFORM_6022436717541034636.txt (Time: 0.01s)
✓ Generated graph n=10000, m=9000, seed=7938560551762094560, type=UNIFORM -> ./input/random_graphs/graph_10000_9000_UNIFORM_7938560551762094560.txt (Time: 0.01s)
✓ Generated graph n=10000, m=9000, seed=8718380604043999642, type=UNIFORM -> ./input/random_graphs/graph_10000_9000_UNIFORM_8718380604043999642.txt (Time: 0.01s)
✓ Generated graph n=10000, m=9000, seed=2909934787168262407, type=UNIFORM -> ./input/random_graphs/graph_10000_9000_UNIFORM_2909934787168262407.txt (Time: 0.01s)
✓ Generated graph n=10000, m=9000, seed=6529943913552561417, type=UNIFORM -> ./input/random_graphs/graph_10000_9000_UNIFORM_6529943913552561417.txt (Time: 0.01s)
✓ Generated graph n=10000, m=9000, seed=3817405844514670994, type=UNIFORM -> ./input/random_graphs/graph_10000_9000_UNIFORM_3817405844514670994.txt (Time: 0.01s)
✓ Generated graph n=10000, m=9000, seed=5063475852268941542, type=UNIFORM -> ./input/random_graphs/graph_10000_9000_UNIFORM_5063475852268941542.txt (Time: 0.00s)
✓ Generated graph n=10000, m=9000, seed=8446481348147407377, type=UNIFORM -> ./input/random_graphs/graph_10000_9000_UNIFORM_8446481348147407377.txt (Time: 0.01s)
✓ Generated graph n=10000, m=9000, seed=175493991617213850, type=UNIFORM -> ./input/random_graphs/graph_10000_9000_UNIFORM_175493991617213850.txt (Time: 0.01s)
✓ Generated graph n=10000, m=9000, seed=3713827327871807734, type=UNIFORM -> ./input/random_graphs/graph_10000_9000_UNIFORM_3713827327871807734.txt (Time: 0.01s)
✓ Generated graph n=10000, m=9000, seed=1170385908854608748, type=UNIFORM -> ./input/random_graphs/graph_10000_9000_UNIFORM_1170385908854608748.txt (Time: 0.01s)
✓ Generated graph n=10000, m=9000, seed=5108599054664628607, type=UNIFORM -> ./input/random_graphs/graph_10000_9000_UNIFORM_5108599054664628607.txt (Time: 0.01s)
✓ Generated graph n=10000, m=9000, seed=6764066939395682287, type=UNIFORM -> ./input/random_graphs/graph_10000_9000_UNIFORM_6764066939395682287.txt (Time: 0.00s)
✓ Generated graph n=10000, m=9000, seed=199422815561151340, type=UNIFORM -> ./input/random_graphs/graph_10000_9000_UNIFORM_199422815561151340.txt (Time: 0.01s)
✓ Generated graph n=10000, m=9000, seed=4997514996153925447, type=UNIFORM -> ./input/random_graphs/graph_10000_9000_UNIFORM_4997514996153925447.txt (Time: 0.01s)
✓ Generated graph n=10000, m=9000, seed=7644420139408884785, type=UNIFORM -> ./input/random_graphs/graph_10000_9000_UNIFORM_7644420139408884785.txt (Time: 0.00s)
✓ Generated graph n=10000, m=9000, seed=9130666990809746335, type=UNIFORM -> ./input/random_graphs/graph_10000_9000_UNIFORM_9130666990809746335.txt (Time: 0.01s)
✓ Generated graph n=10000, m=9000, seed=9060210648189963449, type=UNIFORM -> ./input/random_graphs/graph_10000_9000_UNIFORM_9060210648189963449.txt (Time: 0.01s)
✓ Generated graph n=10000, m=9000, seed=1458186392400727732, type=UNIFORM -> ./input/random_graphs/graph_10000_9000_UNIFORM_1458186392400727732.txt (Time: 0.01s)
✓ Generated graph n=10000, m=9000, seed=4250897495980125004, type=UNIFORM -> ./input/random_graphs/graph_10000_9000_UNIFORM_4250897495980125004.txt (Time: 0.01s)
✓ Generated graph n=10000, m=9000, seed=1392892770529522614, type=UNIFORM -> ./input/random_graphs/graph_10000_9000_UNIFORM_1392892770529522614.txt (Time: 0.01s)
✓ Generated graph n=10000, m=9000, seed=8794274795737982182, type=UNIFORM -> ./input/random_graphs/graph_10000_9000_UNIFORM_8794274795737982182.txt (Time: 0.01s)
✓ Generated graph n=10000, m=9000, seed=2089506265998900862, type=UNIFORM -> ./input/random_graphs/graph_10000_9000_UNIFORM_2089506265998900862.txt (Time: 0.01s)
✓ Generated graph n=10000, m=9000, seed=1722224698700348310, type=UNIFORM -> ./input/random_graphs/graph_10000_9000_UNIFORM_1722224698700348310.txt (Time: 0.00s)
✓ Generated graph n=10000, m=9000, seed=1332005502874566195, type=UNIFORM -> ./input/random_graphs/graph_10000_9000_UNIFORM_1332005502874566195.txt (Time: 0.01s)
✓ Generated graph n=10000, m=9000, seed=5497874167834979553, type=UNIFORM -> ./input/random_graphs/graph_10000_9000_UNIFORM_5497874167834979553.txt (Time: 0.01s)
✓ Generated graph n=10000, m=9000, seed=4060584409398689268, type=UNIFORM -> ./input/random_graphs/graph_10000_9000_UNIFORM_4060584409398689268.txt (Time: 0.01s)
✓ Generated graph n=10000, m=9000, seed=7118744415197196276, type=UNIFORM -> ./input/random_graphs/graph_10000_9000_UNIFORM_7118744415197196276.txt (Time: 0.01s)
✓ Generated graph n=10000, m=9000, seed=4934890601268679176, type=UNIFORM -> ./input/random_graphs/graph_10000_9000_UNIFORM_4934890601268679176.txt (Time: 0.01s)
✓ Generated graph n=10000, m=9000, seed=8448596294177070022, type=UNIFORM -> ./input/random_graphs/graph_10000_9000_UNIFORM_8448596294177070022.txt (Time: 0.01s)
✓ Generated graph n=10000, m=9000, seed=9059990922233379852, type=UNIFORM -> ./input/random_graphs/graph_10000_9000_UNIFORM_9059990922233379852.txt (Time: 0.01s)
✓ Generated graph n=10000, m=9000, seed=7449662661572224354, type=UNIFORM -> ./input/random_graphs/graph_10000_9000_UNIFORM_7449662661572224354.txt (Time: 0.01s)
✓ Generated graph n=10000, m=9000, seed=2718103348384927511, type=UNIFORM -> ./input/random_graphs/graph_10000_9000_UNIFORM_2718103348384927511.txt (Time: 0.01s)
✓ Generated graph n=10000, m=9000, seed=7905487461282246979, type=UNIFORM -> ./input/random_graphs/graph_10000_9000_UNIFORM_7905487461282246979.txt (Time: 0.01s)
✓ Generated graph n=10000, m=9000, seed=4795749165124911768, type=UNIFORM -> ./input/random_graphs/graph_10000_9000_UNIFORM_4795749165124911768.txt (Time: 0.01s)
✓ Generated graph n=10000, m=9000, seed=8626102704817790064, type=UNIFORM -> ./input/random_graphs/graph_10000_9000_UNIFORM_8626102704817790064.txt (Time: 0.01s)
✓ Generated graph n=10000, m=9000, seed=1992204328026194281, type=UNIFORM -> ./input/random_graphs/graph_10000_9000_UNIFORM_1992204328026194281.txt (Time: 0.01s)
✓ Generated graph n=10000, m=9000, seed=8867616339855336876, type=UNIFORM -> ./input/random_graphs/graph_10000_9000_UNIFORM_8867616339855336876.txt (Time: 0.01s)
✓ Generated graph n=10000, m=9000, seed=7983805977214098674, type=UNIFORM -> ./input/random_graphs/graph_10000_9000_UNIFORM_7983805977214098674.txt (Time: 0.01s)
✓ Generated graph n=10000, m=9000, seed=3221421291694197220, type=UNIFORM -> ./input/random_graphs/graph_10000_9000_UNIFORM_3221421291694197220.txt (Time: 0.01s)
✓ Generated graph n=10000, m=9000, seed=4940913311242578590, type=UNIFORM -> ./input/random_graphs/graph_10000_9000_UNIFORM_4940913311242578590.txt (Time: 0.01s)
✓ Generated graph n=10000, m=9000, seed=7632458674696225362, type=UNIFORM -> ./input/random_graphs/graph_10000_9000_UNIFORM_7632458674696225362.txt (Time: 0.01s)
✓ Generated graph n=10000, m=9000, seed=2264398621601381987, type=UNIFORM -> ./input/random_graphs/graph_10000_9000_UNIFORM_2264398621601381987.txt (Time: 0.01s)
✓ Generated graph n=10000, m=10000, seed=6230961512046992311, type=UNIFORM -> ./input/random_graphs/graph_10000_10000_UNIFORM_6230961512046992311.txt (Time: 0.01s)
✓ Generated graph n=10000, m=10000, seed=7871178979383552919, type=UNIFORM -> ./input/random_graphs/graph_10000_10000_UNIFORM_7871178979383552919.txt (Time: 0.01s)
✓ Generated graph n=10000, m=10000, seed=5739955973604961613, type=UNIFORM -> ./input/random_graphs/graph_10000_10000_UNIFORM_5739955973604961613.txt (Time: 0.01s)
✓ Generated graph n=10000, m=10000, seed=3881801951614183357, type=UNIFORM -> ./input/random_graphs/graph_10000_10000_UNIFORM_3881801951614183357.txt (Time: 0.01s)
✓ Generated graph n=10000, m=10000, seed=7032710160631691991, type=UNIFORM -> ./input/random_graphs/graph_10000_10000_UNIFORM_7032710160631691991.txt (Time: 0.01s)
✓ Generated graph n=10000, m=9000, seed=5894893360759659423, type=UNIFORM -> ./input/random_graphs/graph_10000_9000_UNIFORM_5894893360759659423.txt (Time: 0.01s)
✓ Generated graph n=10000, m=10000, seed=7599700178212337699, type=UNIFORM -> ./input/random_graphs/graph_10000_10000_UNIFORM_7599700178212337699.txt (Time: 0.01s)
✓ Generated graph n=10000, m=10000, seed=1353182403971399009, type=UNIFORM -> ./input/random_graphs/graph_10000_10000_UNIFORM_1353182403971399009.txt (Time: 0.01s)
✓ Generated graph n=10000, m=10000, seed=1070244953599069350, type=UNIFORM -> ./input/random_graphs/graph_10000_10000_UNIFORM_1070244953599069350.txt (Time: 0.01s)
✓ Generated graph n=10000, m=10000, seed=6938562734920028532, type=UNIFORM -> ./input/random_graphs/graph_10000_10000_UNIFORM_6938562734920028532.txt (Time: 0.01s)
✓ Generated graph n=10000, m=10000, seed=6522163754831416203, type=UNIFORM -> ./input/random_graphs/graph_10000_10000_UNIFORM_6522163754831416203.txt (Time: 0.01s)
✓ Generated graph n=10000, m=10000, seed=1250005700364523649, type=UNIFORM -> ./input/random_graphs/graph_10000_10000_UNIFORM_1250005700364523649.txt (Time: 0.01s)
✓ Generated graph n=10000, m=10000, seed=320375091487821987, type=UNIFORM -> ./input/random_graphs/graph_10000_10000_UNIFORM_320375091487821987.txt (Time: 0.01s)
✓ Generated graph n=10000, m=10000, seed=4040737767143389431, type=UNIFORM -> ./input/random_graphs/graph_10000_10000_UNIFORM_4040737767143389431.txt (Time: 0.01s)
✓ Generated graph n=10000, m=10000, seed=5906957480796939447, type=UNIFORM -> ./input/random_graphs/graph_10000_10000_UNIFORM_5906957480796939447.txt (Time: 0.01s)
✓ Generated graph n=10000, m=10000, seed=1309542850049879452, type=UNIFORM -> ./input/random_graphs/graph_10000_10000_UNIFORM_1309542850049879452.txt (Time: 0.01s)
✓ Generated graph n=10000, m=10000, seed=7663871783842725848, type=UNIFORM -> ./input/random_graphs/graph_10000_10000_UNIFORM_7663871783842725848.txt (Time: 0.01s)
✓ Generated graph n=10000, m=10000, seed=2429002973740178792, type=UNIFORM -> ./input/random_graphs/graph_10000_10000_UNIFORM_2429002973740178792.txt (Time: 0.01s)
✓ Generated graph n=10000, m=10000, seed=1250773459040295677, type=UNIFORM -> ./input/random_graphs/graph_10000_10000_UNIFORM_1250773459040295677.txt (Time: 0.01s)
✓ Generated graph n=10000, m=10000, seed=7146860528564146064, type=UNIFORM -> ./input/random_graphs/graph_10000_10000_UNIFORM_7146860528564146064.txt (Time: 0.01s)
✓ Generated graph n=10000, m=10000, seed=7473196763798409428, type=UNIFORM -> ./input/random_graphs/graph_10000_10000_UNIFORM_7473196763798409428.txt (Time: 0.01s)
✓ Generated graph n=10000, m=10000, seed=5139481885857321791, type=UNIFORM -> ./input/random_graphs/graph_10000_10000_UNIFORM_5139481885857321791.txt (Time: 0.01s)
✓ Generated graph n=10000, m=10000, seed=3438400432146115956, type=UNIFORM -> ./input/random_graphs/graph_10000_10000_UNIFORM_3438400432146115956.txt (Time: 0.01s)
✓ Generated graph n=10000, m=10000, seed=5142811650494845597, type=UNIFORM -> ./input/random_graphs/graph_10000_10000_UNIFORM_5142811650494845597.txt (Time: 0.01s)
✓ Generated graph n=10000, m=10000, seed=6002685213311538187, type=UNIFORM -> ./input/random_graphs/graph_10000_10000_UNIFORM_6002685213311538187.txt (Time: 0.01s)
✓ Generated graph n=10000, m=10000, seed=521787134863155063, type=UNIFORM -> ./input/random_graphs/graph_10000_10000_UNIFORM_521787134863155063.txt (Time: 0.01s)
✓ Generated graph n=10000, m=10000, seed=3010622984418968408, type=UNIFORM -> ./input/random_graphs/graph_10000_10000_UNIFORM_3010622984418968408.txt (Time: 0.01s)
✓ Generated graph n=10000, m=10000, seed=1731523882129807996, type=UNIFORM -> ./input/random_graphs/graph_10000_10000_UNIFORM_1731523882129807996.txt (Time: 0.01s)
✓ Generated graph n=10000, m=10000, seed=5708372698381010775, type=UNIFORM -> ./input/random_graphs/graph_10000_10000_UNIFORM_5708372698381010775.txt (Time: 0.01s)
✓ Generated graph n=10000, m=10000, seed=7029781962072644698, type=UNIFORM -> ./input/random_graphs/graph_10000_10000_UNIFORM_7029781962072644698.txt (Time: 0.01s)
✓ Generated graph n=10000, m=10000, seed=1853590723603270879, type=UNIFORM -> ./input/random_graphs/graph_10000_10000_UNIFORM_1853590723603270879.txt (Time: 0.01s)
✓ Generated graph n=10000, m=10000, seed=1024517563182776983, type=UNIFORM -> ./input/random_graphs/graph_10000_10000_UNIFORM_1024517563182776983.txt (Time: 0.01s)
✓ Generated graph n=10000, m=10000, seed=6785030173969523435, type=UNIFORM -> ./input/random_graphs/graph_10000_10000_UNIFORM_6785030173969523435.txt (Time: 0.01s)
✓ Generated graph n=10000, m=10000, seed=5529616217668449934, type=UNIFORM -> ./input/random_graphs/graph_10000_10000_UNIFORM_5529616217668449934.txt (Time: 0.01s)
✓ Generated graph n=10000, m=10000, seed=3224265581699847191, type=UNIFORM -> ./input/random_graphs/graph_10000_10000_UNIFORM_3224265581699847191.txt (Time: 0.01s)
✓ Generated graph n=10000, m=10000, seed=5258051056098597521, type=UNIFORM -> ./input/random_graphs/graph_10000_10000_UNIFORM_5258051056098597521.txt (Time: 0.01s)
✓ Generated graph n=10000, m=10000, seed=7706236040662210848, type=UNIFORM -> ./input/random_graphs/graph_10000_10000_UNIFORM_7706236040662210848.txt (Time: 0.01s)
✓ Generated graph n=10000, m=10000, seed=4122784633514911760, type=UNIFORM -> ./input/random_graphs/graph_10000_10000_UNIFORM_4122784633514911760.txt (Time: 0.01s)
✓ Generated graph n=10000, m=10000, seed=1647170069535670909, type=UNIFORM -> ./input/random_graphs/graph_10000_10000_UNIFORM_1647170069535670909.txt (Time: 0.01s)
✓ Generated graph n=10000, m=10000, seed=6802378520969450157, type=UNIFORM -> ./input/random_graphs/graph_10000_10000_UNIFORM_6802378520969450157.txt (Time: 0.01s)
✓ Generated graph n=10000, m=10000, seed=7161906730445628483, type=UNIFORM -> ./input/random_graphs/graph_10000_10000_UNIFORM_7161906730445628483.txt (Time: 0.01s)
✓ Generated graph n=10000, m=10000, seed=4552998297316576788, type=UNIFORM -> ./input/random_graphs/graph_10000_10000_UNIFORM_4552998297316576788.txt (Time: 0.01s)
✓ Generated graph n=10000, m=10000, seed=1632192924771168275, type=UNIFORM -> ./input/random_graphs/graph_10000_10000_UNIFORM_1632192924771168275.txt (Time: 0.01s)
✓ Generated graph n=10000, m=10000, seed=6143643868734370809, type=UNIFORM -> ./input/random_graphs/graph_10000_10000_UNIFORM_6143643868734370809.txt (Time: 0.01s)
✓ Generated graph n=10000, m=10000, seed=8031431416522537101, type=UNIFORM -> ./input/random_graphs/graph_10000_10000_UNIFORM_8031431416522537101.txt (Time: 0.01s)
✓ Generated graph n=10000, m=10000, seed=5636411189175451024, type=UNIFORM -> ./input/random_graphs/graph_10000_10000_UNIFORM_5636411189175451024.txt (Time: 0.01s)
✓ Generated graph n=10000, m=10000, seed=824387247617288499, type=UNIFORM -> ./input/random_graphs/graph_10000_10000_UNIFORM_824387247617288499.txt (Time: 0.01s)
✓ Generated graph n=10000, m=10000, seed=4445925461710302877, type=UNIFORM -> ./input/random_graphs/graph_10000_10000_UNIFORM_4445925461710302877.txt (Time: 0.00s)
✓ Generated graph n=10000, m=10000, seed=3272308573967577038, type=UNIFORM -> ./input/random_graphs/graph_10000_10000_UNIFORM_3272308573967577038.txt (Time: 0.01s)
✓ Generated graph n=10000, m=10000, seed=5349491008325879064, type=UNIFORM -> ./input/random_graphs/graph_10000_10000_UNIFORM_5349491008325879064.txt (Time: 0.01s)
✓ Generated graph n=10000, m=10000, seed=7938560551762094560, type=UNIFORM -> ./input/random_graphs/graph_10000_10000_UNIFORM_7938560551762094560.txt (Time: 0.01s)
✓ Generated graph n=10000, m=10000, seed=6614505080519948832, type=UNIFORM -> ./input/random_graphs/graph_10000_10000_UNIFORM_6614505080519948832.txt (Time: 0.01s)
✓ Generated graph n=10000, m=10000, seed=7917045922527545890, type=UNIFORM -> ./input/random_graphs/graph_10000_10000_UNIFORM_7917045922527545890.txt (Time: 0.01s)
✓ Generated graph n=10000, m=10000, seed=3865339568260874865, type=UNIFORM -> ./input/random_graphs/graph_10000_10000_UNIFORM_3865339568260874865.txt (Time: 0.01s)
✓ Generated graph n=10000, m=10000, seed=6224222471595207695, type=UNIFORM -> ./input/random_graphs/graph_10000_10000_UNIFORM_6224222471595207695.txt (Time: 0.01s)
✓ Generated graph n=10000, m=10000, seed=7921282862123281598, type=UNIFORM -> ./input/random_graphs/graph_10000_10000_UNIFORM_7921282862123281598.txt (Time: 0.01s)
✓ Generated graph n=10000, m=10000, seed=1128313391724783137, type=UNIFORM -> ./input/random_graphs/graph_10000_10000_UNIFORM_1128313391724783137.txt (Time: 0.01s)
✓ Generated graph n=10000, m=10000, seed=8718380604043999642, type=UNIFORM -> ./input/random_graphs/graph_10000_10000_UNIFORM_8718380604043999642.txt (Time: 0.01s)
✓ Generated graph n=10000, m=10000, seed=716820155901718944, type=UNIFORM -> ./input/random_graphs/graph_10000_10000_UNIFORM_716820155901718944.txt (Time: 0.01s)
✓ Generated graph n=10000, m=10000, seed=4997514996153925447, type=UNIFORM -> ./input/random_graphs/graph_10000_10000_UNIFORM_4997514996153925447.txt (Time: 0.01s)
✓ Generated graph n=10000, m=10000, seed=5063475852268941542, type=UNIFORM -> ./input/random_graphs/graph_10000_10000_UNIFORM_5063475852268941542.txt (Time: 0.01s)
✓ Generated graph n=10000, m=10000, seed=6529943913552561417, type=UNIFORM -> ./input/random_graphs/graph_10000_10000_UNIFORM_6529943913552561417.txt (Time: 0.01s)
✓ Generated graph n=10000, m=10000, seed=3817405844514670994, type=UNIFORM -> ./input/random_graphs/graph_10000_10000_UNIFORM_3817405844514670994.txt (Time: 0.01s)
✓ Generated graph n=10000, m=10000, seed=8446481348147407377, type=UNIFORM -> ./input/random_graphs/graph_10000_10000_UNIFORM_8446481348147407377.txt (Time: 0.01s)
✓ Generated graph n=10000, m=10000, seed=1170385908854608748, type=UNIFORM -> ./input/random_graphs/graph_10000_10000_UNIFORM_1170385908854608748.txt (Time: 0.01s)
✓ Generated graph n=10000, m=10000, seed=6022436717541034636, type=UNIFORM -> ./input/random_graphs/graph_10000_10000_UNIFORM_6022436717541034636.txt (Time: 0.01s)
✓ Generated graph n=10000, m=10000, seed=2909934787168262407, type=UNIFORM -> ./input/random_graphs/graph_10000_10000_UNIFORM_2909934787168262407.txt (Time: 0.01s)
✓ Generated graph n=10000, m=10000, seed=199422815561151340, type=UNIFORM -> ./input/random_graphs/graph_10000_10000_UNIFORM_199422815561151340.txt (Time: 0.01s)
✓ Generated graph n=10000, m=10000, seed=5108599054664628607, type=UNIFORM -> ./input/random_graphs/graph_10000_10000_UNIFORM_5108599054664628607.txt (Time: 0.01s)
✓ Generated graph n=10000, m=10000, seed=175493991617213850, type=UNIFORM -> ./input/random_graphs/graph_10000_10000_UNIFORM_175493991617213850.txt (Time: 0.01s)
✓ Generated graph n=10000, m=10000, seed=6764066939395682287, type=UNIFORM -> ./input/random_graphs/graph_10000_10000_UNIFORM_6764066939395682287.txt (Time: 0.01s)
✓ Generated graph n=10000, m=10000, seed=3713827327871807734, type=UNIFORM -> ./input/random_graphs/graph_10000_10000_UNIFORM_3713827327871807734.txt (Time: 0.01s)
✓ Generated graph n=10000, m=10000, seed=9130666990809746335, type=UNIFORM -> ./input/random_graphs/graph_10000_10000_UNIFORM_9130666990809746335.txt (Time: 0.01s)
✓ Generated graph n=10000, m=10000, seed=7644420139408884785, type=UNIFORM -> ./input/random_graphs/graph_10000_10000_UNIFORM_7644420139408884785.txt (Time: 0.01s)
✓ Generated graph n=10000, m=10000, seed=1458186392400727732, type=UNIFORM -> ./input/random_graphs/graph_10000_10000_UNIFORM_1458186392400727732.txt (Time: 0.01s)
✓ Generated graph n=10000, m=10000, seed=9060210648189963449, type=UNIFORM -> ./input/random_graphs/graph_10000_10000_UNIFORM_9060210648189963449.txt (Time: 0.01s)
✓ Generated graph n=10000, m=10000, seed=1392892770529522614, type=UNIFORM -> ./input/random_graphs/graph_10000_10000_UNIFORM_1392892770529522614.txt (Time: 0.01s)
✓ Generated graph n=10000, m=10000, seed=8626102704817790064, type=UNIFORM -> ./input/random_graphs/graph_10000_10000_UNIFORM_8626102704817790064.txt (Time: 0.00s)
✓ Generated graph n=10000, m=10000, seed=2089506265998900862, type=UNIFORM -> ./input/random_graphs/graph_10000_10000_UNIFORM_2089506265998900862.txt (Time: 0.01s)
✓ Generated graph n=10000, m=10000, seed=8794274795737982182, type=UNIFORM -> ./input/random_graphs/graph_10000_10000_UNIFORM_8794274795737982182.txt (Time: 0.01s)
✓ Generated graph n=10000, m=10000, seed=5497874167834979553, type=UNIFORM -> ./input/random_graphs/graph_10000_10000_UNIFORM_5497874167834979553.txt (Time: 0.01s)
✓ Generated graph n=10000, m=10000, seed=4250897495980125004, type=UNIFORM -> ./input/random_graphs/graph_10000_10000_UNIFORM_4250897495980125004.txt (Time: 0.01s)
✓ Generated graph n=10000, m=10000, seed=4060584409398689268, type=UNIFORM -> ./input/random_graphs/graph_10000_10000_UNIFORM_4060584409398689268.txt (Time: 0.01s)
✓ Generated graph n=10000, m=10000, seed=1722224698700348310, type=UNIFORM -> ./input/random_graphs/graph_10000_10000_UNIFORM_1722224698700348310.txt (Time: 0.01s)
✓ Generated graph n=10000, m=10000, seed=7905487461282246979, type=UNIFORM -> ./input/random_graphs/graph_10000_10000_UNIFORM_7905487461282246979.txt (Time: 0.01s)
✓ Generated graph n=10000, m=10000, seed=1332005502874566195, type=UNIFORM -> ./input/random_graphs/graph_10000_10000_UNIFORM_1332005502874566195.txt (Time: 0.01s)
✓ Generated graph n=10000, m=10000, seed=8448596294177070022, type=UNIFORM -> ./input/random_graphs/graph_10000_10000_UNIFORM_8448596294177070022.txt (Time: 0.01s)
✓ Generated graph n=10000, m=10000, seed=4795749165124911768, type=UNIFORM -> ./input/random_graphs/graph_10000_10000_UNIFORM_4795749165124911768.txt (Time: 0.01s)
✓ Generated graph n=10000, m=10000, seed=4934890601268679176, type=UNIFORM -> ./input/random_graphs/graph_10000_10000_UNIFORM_4934890601268679176.txt (Time: 0.01s)
✓ Generated graph n=10000, m=10000, seed=1992204328026194281, type=UNIFORM -> ./input/random_graphs/graph_10000_10000_UNIFORM_1992204328026194281.txt (Time: 0.01s)
✓ Generated graph n=10000, m=10000, seed=7118744415197196276, type=UNIFORM -> ./input/random_graphs/graph_10000_10000_UNIFORM_7118744415197196276.txt (Time: 0.01s)
✓ Generated graph n=10000, m=10000, seed=2718103348384927511, type=UNIFORM -> ./input/random_graphs/graph_10000_10000_UNIFORM_2718103348384927511.txt (Time: 0.01s)
✓ Generated graph n=10000, m=10000, seed=9059990922233379852, type=UNIFORM -> ./input/random_graphs/graph_10000_10000_UNIFORM_9059990922233379852.txt (Time: 0.01s)
✓ Generated graph n=10000, m=10000, seed=3221421291694197220, type=UNIFORM -> ./input/random_graphs/graph_10000_10000_UNIFORM_3221421291694197220.txt (Time: 0.01s)
✓ Generated graph n=10000, m=10000, seed=7449662661572224354, type=UNIFORM -> ./input/random_graphs/graph_10000_10000_UNIFORM_7449662661572224354.txt (Time: 0.01s)
✓ Generated graph n=10000, m=10000, seed=8867616339855336876, type=UNIFORM -> ./input/random_graphs/graph_10000_10000_UNIFORM_8867616339855336876.txt (Time: 0.01s)
✓ Generated graph n=10000, m=10000, seed=7983805977214098674, type=UNIFORM -> ./input/random_graphs/graph_10000_10000_UNIFORM_7983805977214098674.txt (Time: 0.01s)
✓ Generated graph n=10000, m=10000, seed=4940913311242578590, type=UNIFORM -> ./input/random_graphs/graph_10000_10000_UNIFORM_4940913311242578590.txt (Time: 0.01s)
✓ Generated graph n=10000, m=10000, seed=5894893360759659423, type=UNIFORM -> ./input/random_graphs/graph_10000_10000_UNIFORM_5894893360759659423.txt (Time: 0.01s)
✓ Generated graph n=10000, m=10000, seed=7632458674696225362, type=UNIFORM -> ./input/random_graphs/graph_10000_10000_UNIFORM_7632458674696225362.txt (Time: 0.01s)
✓ Generated graph n=10000, m=10000, seed=2264398621601381987, type=UNIFORM -> ./input/random_graphs/graph_10000_10000_UNIFORM_2264398621601381987.txt (Time: 0.01s)
✓ Generated graph n=10000, m=12000, seed=7599700178212337699, type=UNIFORM -> ./input/random_graphs/graph_10000_12000_UNIFORM_7599700178212337699.txt (Time: 0.01s)
✓ Generated graph n=10000, m=12000, seed=6230961512046992311, type=UNIFORM -> ./input/random_graphs/graph_10000_12000_UNIFORM_6230961512046992311.txt (Time: 0.01s)
✓ Generated graph n=10000, m=12000, seed=7032710160631691991, type=UNIFORM -> ./input/random_graphs/graph_10000_12000_UNIFORM_7032710160631691991.txt (Time: 0.01s)
✓ Generated graph n=10000, m=12000, seed=3881801951614183357, type=UNIFORM -> ./input/random_graphs/graph_10000_12000_UNIFORM_3881801951614183357.txt (Time: 0.01s)
✓ Generated graph n=10000, m=12000, seed=1353182403971399009, type=UNIFORM -> ./input/random_graphs/graph_10000_12000_UNIFORM_1353182403971399009.txt (Time: 0.01s)
✓ Generated graph n=10000, m=12000, seed=5739955973604961613, type=UNIFORM -> ./input/random_graphs/graph_10000_12000_UNIFORM_5739955973604961613.txt (Time: 0.01s)
✓ Generated graph n=10000, m=12000, seed=6938562734920028532, type=UNIFORM -> ./input/random_graphs/graph_10000_12000_UNIFORM_6938562734920028532.txt (Time: 0.01s)
✓ Generated graph n=10000, m=12000, seed=1070244953599069350, type=UNIFORM -> ./input/random_graphs/graph_10000_12000_UNIFORM_1070244953599069350.txt (Time: 0.01s)
✓ Generated graph n=10000, m=12000, seed=6522163754831416203, type=UNIFORM -> ./input/random_graphs/graph_10000_12000_UNIFORM_6522163754831416203.txt (Time: 0.01s)
✓ Generated graph n=10000, m=12000, seed=7871178979383552919, type=UNIFORM -> ./input/random_graphs/graph_10000_12000_UNIFORM_7871178979383552919.txt (Time: 0.01s)
✓ Generated graph n=10000, m=12000, seed=4040737767143389431, type=UNIFORM -> ./input/random_graphs/graph_10000_12000_UNIFORM_4040737767143389431.txt (Time: 0.01s)
✓ Generated graph n=10000, m=12000, seed=1309542850049879452, type=UNIFORM -> ./input/random_graphs/graph_10000_12000_UNIFORM_1309542850049879452.txt (Time: 0.01s)
✓ Generated graph n=10000, m=12000, seed=2429002973740178792, type=UNIFORM -> ./input/random_graphs/graph_10000_12000_UNIFORM_2429002973740178792.txt (Time: 0.01s)
✓ Generated graph n=10000, m=12000, seed=320375091487821987, type=UNIFORM -> ./input/random_graphs/graph_10000_12000_UNIFORM_320375091487821987.txt (Time: 0.01s)
✓ Generated graph n=10000, m=12000, seed=7663871783842725848, type=UNIFORM -> ./input/random_graphs/graph_10000_12000_UNIFORM_7663871783842725848.txt (Time: 0.01s)
✓ Generated graph n=10000, m=12000, seed=5906957480796939447, type=UNIFORM -> ./input/random_graphs/graph_10000_12000_UNIFORM_5906957480796939447.txt (Time: 0.01s)
✓ Generated graph n=10000, m=12000, seed=1250005700364523649, type=UNIFORM -> ./input/random_graphs/graph_10000_12000_UNIFORM_1250005700364523649.txt (Time: 0.01s)
✓ Generated graph n=10000, m=12000, seed=7473196763798409428, type=UNIFORM -> ./input/random_graphs/graph_10000_12000_UNIFORM_7473196763798409428.txt (Time: 0.01s)
✓ Generated graph n=10000, m=12000, seed=1250773459040295677, type=UNIFORM -> ./input/random_graphs/graph_10000_12000_UNIFORM_1250773459040295677.txt (Time: 0.01s)
✓ Generated graph n=10000, m=12000, seed=7146860528564146064, type=UNIFORM -> ./input/random_graphs/graph_10000_12000_UNIFORM_7146860528564146064.txt (Time: 0.01s)
✓ Generated graph n=10000, m=12000, seed=3438400432146115956, type=UNIFORM -> ./input/random_graphs/graph_10000_12000_UNIFORM_3438400432146115956.txt (Time: 0.01s)
✓ Generated graph n=10000, m=12000, seed=5139481885857321791, type=UNIFORM -> ./input/random_graphs/graph_10000_12000_UNIFORM_5139481885857321791.txt (Time: 0.01s)
✓ Generated graph n=10000, m=12000, seed=5142811650494845597, type=UNIFORM -> ./input/random_graphs/graph_10000_12000_UNIFORM_5142811650494845597.txt (Time: 0.01s)
✓ Generated graph n=10000, m=12000, seed=5529616217668449934, type=UNIFORM -> ./input/random_graphs/graph_10000_12000_UNIFORM_5529616217668449934.txt (Time: 0.00s)
✓ Generated graph n=10000, m=12000, seed=3010622984418968408, type=UNIFORM -> ./input/random_graphs/graph_10000_12000_UNIFORM_3010622984418968408.txt (Time: 0.01s)
✓ Generated graph n=10000, m=12000, seed=5708372698381010775, type=UNIFORM -> ./input/random_graphs/graph_10000_12000_UNIFORM_5708372698381010775.txt (Time: 0.01s)
✓ Generated graph n=10000, m=12000, seed=5258051056098597521, type=UNIFORM -> ./input/random_graphs/graph_10000_12000_UNIFORM_5258051056098597521.txt (Time: 0.00s)
✓ Generated graph n=10000, m=12000, seed=521787134863155063, type=UNIFORM -> ./input/random_graphs/graph_10000_12000_UNIFORM_521787134863155063.txt (Time: 0.01s)
✓ Generated graph n=10000, m=12000, seed=1853590723603270879, type=UNIFORM -> ./input/random_graphs/graph_10000_12000_UNIFORM_1853590723603270879.txt (Time: 0.01s)
✓ Generated graph n=10000, m=12000, seed=1731523882129807996, type=UNIFORM -> ./input/random_graphs/graph_10000_12000_UNIFORM_1731523882129807996.txt (Time: 0.01s)
✓ Generated graph n=10000, m=12000, seed=7029781962072644698, type=UNIFORM -> ./input/random_graphs/graph_10000_12000_UNIFORM_7029781962072644698.txt (Time: 0.01s)
✓ Generated graph n=10000, m=12000, seed=6002685213311538187, type=UNIFORM -> ./input/random_graphs/graph_10000_12000_UNIFORM_6002685213311538187.txt (Time: 0.01s)
✓ Generated graph n=10000, m=12000, seed=6785030173969523435, type=UNIFORM -> ./input/random_graphs/graph_10000_12000_UNIFORM_6785030173969523435.txt (Time: 0.01s)
✓ Generated graph n=10000, m=12000, seed=3224265581699847191, type=UNIFORM -> ./input/random_graphs/graph_10000_12000_UNIFORM_3224265581699847191.txt (Time: 0.01s)
✓ Generated graph n=10000, m=12000, seed=1024517563182776983, type=UNIFORM -> ./input/random_graphs/graph_10000_12000_UNIFORM_1024517563182776983.txt (Time: 0.01s)
✓ Generated graph n=10000, m=12000, seed=1647170069535670909, type=UNIFORM -> ./input/random_graphs/graph_10000_12000_UNIFORM_1647170069535670909.txt (Time: 0.01s)
✓ Generated graph n=10000, m=12000, seed=7706236040662210848, type=UNIFORM -> ./input/random_graphs/graph_10000_12000_UNIFORM_7706236040662210848.txt (Time: 0.01s)
✓ Generated graph n=10000, m=12000, seed=1632192924771168275, type=UNIFORM -> ./input/random_graphs/graph_10000_12000_UNIFORM_1632192924771168275.txt (Time: 0.01s)
✓ Generated graph n=10000, m=12000, seed=824387247617288499, type=UNIFORM -> ./input/random_graphs/graph_10000_12000_UNIFORM_824387247617288499.txt (Time: 0.01s)
✓ Generated graph n=10000, m=12000, seed=4122784633514911760, type=UNIFORM -> ./input/random_graphs/graph_10000_12000_UNIFORM_4122784633514911760.txt (Time: 0.01s)
✓ Generated graph n=10000, m=12000, seed=7161906730445628483, type=UNIFORM -> ./input/random_graphs/graph_10000_12000_UNIFORM_7161906730445628483.txt (Time: 0.01s)
✓ Generated graph n=10000, m=12000, seed=4552998297316576788, type=UNIFORM -> ./input/random_graphs/graph_10000_12000_UNIFORM_4552998297316576788.txt (Time: 0.01s)
✓ Generated graph n=10000, m=12000, seed=6802378520969450157, type=UNIFORM -> ./input/random_graphs/graph_10000_12000_UNIFORM_6802378520969450157.txt (Time: 0.01s)
✓ Generated graph n=10000, m=12000, seed=8031431416522537101, type=UNIFORM -> ./input/random_graphs/graph_10000_12000_UNIFORM_8031431416522537101.txt (Time: 0.01s)
✓ Generated graph n=10000, m=12000, seed=6143643868734370809, type=UNIFORM -> ./input/random_graphs/graph_10000_12000_UNIFORM_6143643868734370809.txt (Time: 0.01s)
✓ Generated graph n=10000, m=12000, seed=3272308573967577038, type=UNIFORM -> ./input/random_graphs/graph_10000_12000_UNIFORM_3272308573967577038.txt (Time: 0.01s)
✓ Generated graph n=10000, m=12000, seed=5636411189175451024, type=UNIFORM -> ./input/random_graphs/graph_10000_12000_UNIFORM_5636411189175451024.txt (Time: 0.01s)
✓ Generated graph n=10000, m=12000, seed=5349491008325879064, type=UNIFORM -> ./input/random_graphs/graph_10000_12000_UNIFORM_5349491008325879064.txt (Time: 0.01s)
✓ Generated graph n=10000, m=12000, seed=3865339568260874865, type=UNIFORM -> ./input/random_graphs/graph_10000_12000_UNIFORM_3865339568260874865.txt (Time: 0.00s)
✓ Generated graph n=10000, m=12000, seed=7938560551762094560, type=UNIFORM -> ./input/random_graphs/graph_10000_12000_UNIFORM_7938560551762094560.txt (Time: 0.01s)
✓ Generated graph n=10000, m=12000, seed=6614505080519948832, type=UNIFORM -> ./input/random_graphs/graph_10000_12000_UNIFORM_6614505080519948832.txt (Time: 0.01s)
✓ Generated graph n=10000, m=12000, seed=7917045922527545890, type=UNIFORM -> ./input/random_graphs/graph_10000_12000_UNIFORM_7917045922527545890.txt (Time: 0.01s)
✓ Generated graph n=10000, m=12000, seed=4445925461710302877, type=UNIFORM -> ./input/random_graphs/graph_10000_12000_UNIFORM_4445925461710302877.txt (Time: 0.01s)
✓ Generated graph n=10000, m=12000, seed=6224222471595207695, type=UNIFORM -> ./input/random_graphs/graph_10000_12000_UNIFORM_6224222471595207695.txt (Time: 0.01s)
✓ Generated graph n=10000, m=12000, seed=7921282862123281598, type=UNIFORM -> ./input/random_graphs/graph_10000_12000_UNIFORM_7921282862123281598.txt (Time: 0.01s)
✓ Generated graph n=10000, m=12000, seed=716820155901718944, type=UNIFORM -> ./input/random_graphs/graph_10000_12000_UNIFORM_716820155901718944.txt (Time: 0.01s)
✓ Generated graph n=10000, m=12000, seed=8718380604043999642, type=UNIFORM -> ./input/random_graphs/graph_10000_12000_UNIFORM_8718380604043999642.txt (Time: 0.01s)
✓ Generated graph n=10000, m=12000, seed=1128313391724783137, type=UNIFORM -> ./input/random_graphs/graph_10000_12000_UNIFORM_1128313391724783137.txt (Time: 0.01s)
✓ Generated graph n=10000, m=12000, seed=5063475852268941542, type=UNIFORM -> ./input/random_graphs/graph_10000_12000_UNIFORM_5063475852268941542.txt (Time: 0.01s)
✓ Generated graph n=10000, m=12000, seed=4997514996153925447, type=UNIFORM -> ./input/random_graphs/graph_10000_12000_UNIFORM_4997514996153925447.txt (Time: 0.01s)
✓ Generated graph n=10000, m=12000, seed=8446481348147407377, type=UNIFORM -> ./input/random_graphs/graph_10000_12000_UNIFORM_8446481348147407377.txt (Time: 0.01s)
✓ Generated graph n=10000, m=12000, seed=3817405844514670994, type=UNIFORM -> ./input/random_graphs/graph_10000_12000_UNIFORM_3817405844514670994.txt (Time: 0.01s)
✓ Generated graph n=10000, m=12000, seed=6529943913552561417, type=UNIFORM -> ./input/random_graphs/graph_10000_12000_UNIFORM_6529943913552561417.txt (Time: 0.01s)
✓ Generated graph n=10000, m=12000, seed=6022436717541034636, type=UNIFORM -> ./input/random_graphs/graph_10000_12000_UNIFORM_6022436717541034636.txt (Time: 0.01s)
✓ Generated graph n=10000, m=12000, seed=2909934787168262407, type=UNIFORM -> ./input/random_graphs/graph_10000_12000_UNIFORM_2909934787168262407.txt (Time: 0.01s)
✓ Generated graph n=10000, m=12000, seed=1170385908854608748, type=UNIFORM -> ./input/random_graphs/graph_10000_12000_UNIFORM_1170385908854608748.txt (Time: 0.01s)
✓ Generated graph n=10000, m=12000, seed=3713827327871807734, type=UNIFORM -> ./input/random_graphs/graph_10000_12000_UNIFORM_3713827327871807734.txt (Time: 0.01s)
✓ Generated graph n=10000, m=12000, seed=199422815561151340, type=UNIFORM -> ./input/random_graphs/graph_10000_12000_UNIFORM_199422815561151340.txt (Time: 0.01s)
✓ Generated graph n=10000, m=12000, seed=5108599054664628607, type=UNIFORM -> ./input/random_graphs/graph_10000_12000_UNIFORM_5108599054664628607.txt (Time: 0.01s)
✓ Generated graph n=10000, m=12000, seed=175493991617213850, type=UNIFORM -> ./input/random_graphs/graph_10000_12000_UNIFORM_175493991617213850.txt (Time: 0.01s)
✓ Generated graph n=10000, m=12000, seed=9130666990809746335, type=UNIFORM -> ./input/random_graphs/graph_10000_12000_UNIFORM_9130666990809746335.txt (Time: 0.01s)
✓ Generated graph n=10000, m=12000, seed=6764066939395682287, type=UNIFORM -> ./input/random_graphs/graph_10000_12000_UNIFORM_6764066939395682287.txt (Time: 0.01s)
✓ Generated graph n=10000, m=12000, seed=1392892770529522614, type=UNIFORM -> ./input/random_graphs/graph_10000_12000_UNIFORM_1392892770529522614.txt (Time: 0.01s)
✓ Generated graph n=10000, m=12000, seed=1458186392400727732, type=UNIFORM -> ./input/random_graphs/graph_10000_12000_UNIFORM_1458186392400727732.txt (Time: 0.01s)
✓ Generated graph n=10000, m=12000, seed=9060210648189963449, type=UNIFORM -> ./input/random_graphs/graph_10000_12000_UNIFORM_9060210648189963449.txt (Time: 0.01s)
✓ Generated graph n=10000, m=12000, seed=4250897495980125004, type=UNIFORM -> ./input/random_graphs/graph_10000_12000_UNIFORM_4250897495980125004.txt (Time: 0.01s)
✓ Generated graph n=10000, m=12000, seed=7644420139408884785, type=UNIFORM -> ./input/random_graphs/graph_10000_12000_UNIFORM_7644420139408884785.txt (Time: 0.01s)
✓ Generated graph n=10000, m=12000, seed=8794274795737982182, type=UNIFORM -> ./input/random_graphs/graph_10000_12000_UNIFORM_8794274795737982182.txt (Time: 0.01s)
✓ Generated graph n=10000, m=12000, seed=1722224698700348310, type=UNIFORM -> ./input/random_graphs/graph_10000_12000_UNIFORM_1722224698700348310.txt (Time: 0.01s)
✓ Generated graph n=10000, m=12000, seed=4060584409398689268, type=UNIFORM -> ./input/random_graphs/graph_10000_12000_UNIFORM_4060584409398689268.txt (Time: 0.01s)
✓ Generated graph n=10000, m=12000, seed=2089506265998900862, type=UNIFORM -> ./input/random_graphs/graph_10000_12000_UNIFORM_2089506265998900862.txt (Time: 0.01s)
✓ Generated graph n=10000, m=12000, seed=7905487461282246979, type=UNIFORM -> ./input/random_graphs/graph_10000_12000_UNIFORM_7905487461282246979.txt (Time: 0.01s)
✓ Generated graph n=10000, m=12000, seed=8626102704817790064, type=UNIFORM -> ./input/random_graphs/graph_10000_12000_UNIFORM_8626102704817790064.txt (Time: 0.01s)
✓ Generated graph n=10000, m=12000, seed=5497874167834979553, type=UNIFORM -> ./input/random_graphs/graph_10000_12000_UNIFORM_5497874167834979553.txt (Time: 0.01s)
✓ Generated graph n=10000, m=12000, seed=1332005502874566195, type=UNIFORM -> ./input/random_graphs/graph_10000_12000_UNIFORM_1332005502874566195.txt (Time: 0.01s)
✓ Generated graph n=10000, m=12000, seed=8448596294177070022, type=UNIFORM -> ./input/random_graphs/graph_10000_12000_UNIFORM_8448596294177070022.txt (Time: 0.01s)
✓ Generated graph n=10000, m=12000, seed=4934890601268679176, type=UNIFORM -> ./input/random_graphs/graph_10000_12000_UNIFORM_4934890601268679176.txt (Time: 0.01s)
✓ Generated graph n=10000, m=12000, seed=4795749165124911768, type=UNIFORM -> ./input/random_graphs/graph_10000_12000_UNIFORM_4795749165124911768.txt (Time: 0.01s)
✓ Generated graph n=10000, m=12000, seed=7118744415197196276, type=UNIFORM -> ./input/random_graphs/graph_10000_12000_UNIFORM_7118744415197196276.txt (Time: 0.01s)
✓ Generated graph n=10000, m=12000, seed=9059990922233379852, type=UNIFORM -> ./input/random_graphs/graph_10000_12000_UNIFORM_9059990922233379852.txt (Time: 0.01s)
✓ Generated graph n=10000, m=12000, seed=2718103348384927511, type=UNIFORM -> ./input/random_graphs/graph_10000_12000_UNIFORM_2718103348384927511.txt (Time: 0.01s)
✓ Generated graph n=10000, m=12000, seed=3221421291694197220, type=UNIFORM -> ./input/random_graphs/graph_10000_12000_UNIFORM_3221421291694197220.txt (Time: 0.01s)
✓ Generated graph n=10000, m=12000, seed=1992204328026194281, type=UNIFORM -> ./input/random_graphs/graph_10000_12000_UNIFORM_1992204328026194281.txt (Time: 0.01s)
✓ Generated graph n=10000, m=12000, seed=8867616339855336876, type=UNIFORM -> ./input/random_graphs/graph_10000_12000_UNIFORM_8867616339855336876.txt (Time: 0.01s)
✓ Generated graph n=10000, m=12000, seed=7449662661572224354, type=UNIFORM -> ./input/random_graphs/graph_10000_12000_UNIFORM_7449662661572224354.txt (Time: 0.01s)
✓ Generated graph n=10000, m=12000, seed=4940913311242578590, type=UNIFORM -> ./input/random_graphs/graph_10000_12000_UNIFORM_4940913311242578590.txt (Time: 0.01s)
✓ Generated graph n=10000, m=12000, seed=2264398621601381987, type=UNIFORM -> ./input/random_graphs/graph_10000_12000_UNIFORM_2264398621601381987.txt (Time: 0.01s)
✓ Generated graph n=10000, m=12000, seed=7983805977214098674, type=UNIFORM -> ./input/random_graphs/graph_10000_12000_UNIFORM_7983805977214098674.txt (Time: 0.01s)
✓ Generated graph n=10000, m=12000, seed=7632458674696225362, type=UNIFORM -> ./input/random_graphs/graph_10000_12000_UNIFORM_7632458674696225362.txt (Time: 0.01s)
✓ Generated graph n=10000, m=12000, seed=5894893360759659423, type=UNIFORM -> ./input/random_graphs/graph_10000_12000_UNIFORM_5894893360759659423.txt (Time: 0.01s)
✓ Generated graph n=10000, m=14000, seed=3881801951614183357, type=UNIFORM -> ./input/random_graphs/graph_10000_14000_UNIFORM_3881801951614183357.txt (Time: 0.01s)
✓ Generated graph n=10000, m=14000, seed=5739955973604961613, type=UNIFORM -> ./input/random_graphs/graph_10000_14000_UNIFORM_5739955973604961613.txt (Time: 0.01s)
✓ Generated graph n=10000, m=14000, seed=7871178979383552919, type=UNIFORM -> ./input/random_graphs/graph_10000_14000_UNIFORM_7871178979383552919.txt (Time: 0.01s)
✓ Generated graph n=10000, m=14000, seed=6230961512046992311, type=UNIFORM -> ./input/random_graphs/graph_10000_14000_UNIFORM_6230961512046992311.txt (Time: 0.01s)
✓ Generated graph n=10000, m=14000, seed=7599700178212337699, type=UNIFORM -> ./input/random_graphs/graph_10000_14000_UNIFORM_7599700178212337699.txt (Time: 0.01s)
✓ Generated graph n=10000, m=14000, seed=7032710160631691991, type=UNIFORM -> ./input/random_graphs/graph_10000_14000_UNIFORM_7032710160631691991.txt (Time: 0.01s)
✓ Generated graph n=10000, m=14000, seed=1070244953599069350, type=UNIFORM -> ./input/random_graphs/graph_10000_14000_UNIFORM_1070244953599069350.txt (Time: 0.01s)
✓ Generated graph n=10000, m=14000, seed=6938562734920028532, type=UNIFORM -> ./input/random_graphs/graph_10000_14000_UNIFORM_6938562734920028532.txt (Time: 0.01s)
✓ Generated graph n=10000, m=14000, seed=6522163754831416203, type=UNIFORM -> ./input/random_graphs/graph_10000_14000_UNIFORM_6522163754831416203.txt (Time: 0.01s)
✓ Generated graph n=10000, m=14000, seed=1353182403971399009, type=UNIFORM -> ./input/random_graphs/graph_10000_14000_UNIFORM_1353182403971399009.txt (Time: 0.01s)
✓ Generated graph n=10000, m=14000, seed=1250005700364523649, type=UNIFORM -> ./input/random_graphs/graph_10000_14000_UNIFORM_1250005700364523649.txt (Time: 0.01s)
✓ Generated graph n=10000, m=14000, seed=4040737767143389431, type=UNIFORM -> ./input/random_graphs/graph_10000_14000_UNIFORM_4040737767143389431.txt (Time: 0.01s)
✓ Generated graph n=10000, m=14000, seed=1309542850049879452, type=UNIFORM -> ./input/random_graphs/graph_10000_14000_UNIFORM_1309542850049879452.txt (Time: 0.01s)
✓ Generated graph n=10000, m=14000, seed=2429002973740178792, type=UNIFORM -> ./input/random_graphs/graph_10000_14000_UNIFORM_2429002973740178792.txt (Time: 0.01s)
✓ Generated graph n=10000, m=14000, seed=7663871783842725848, type=UNIFORM -> ./input/random_graphs/graph_10000_14000_UNIFORM_7663871783842725848.txt (Time: 0.01s)
✓ Generated graph n=10000, m=14000, seed=3438400432146115956, type=UNIFORM -> ./input/random_graphs/graph_10000_14000_UNIFORM_3438400432146115956.txt (Time: 0.01s)
✓ Generated graph n=10000, m=14000, seed=5906957480796939447, type=UNIFORM -> ./input/random_graphs/graph_10000_14000_UNIFORM_5906957480796939447.txt (Time: 0.01s)
✓ Generated graph n=10000, m=14000, seed=320375091487821987, type=UNIFORM -> ./input/random_graphs/graph_10000_14000_UNIFORM_320375091487821987.txt (Time: 0.01s)
✓ Generated graph n=10000, m=14000, seed=1250773459040295677, type=UNIFORM -> ./input/random_graphs/graph_10000_14000_UNIFORM_1250773459040295677.txt (Time: 0.01s)
✓ Generated graph n=10000, m=14000, seed=7146860528564146064, type=UNIFORM -> ./input/random_graphs/graph_10000_14000_UNIFORM_7146860528564146064.txt (Time: 0.01s)
✓ Generated graph n=10000, m=14000, seed=7473196763798409428, type=UNIFORM -> ./input/random_graphs/graph_10000_14000_UNIFORM_7473196763798409428.txt (Time: 0.01s)
✓ Generated graph n=10000, m=14000, seed=5139481885857321791, type=UNIFORM -> ./input/random_graphs/graph_10000_14000_UNIFORM_5139481885857321791.txt (Time: 0.01s)
✓ Generated graph n=10000, m=14000, seed=3010622984418968408, type=UNIFORM -> ./input/random_graphs/graph_10000_14000_UNIFORM_3010622984418968408.txt (Time: 0.01s)
✓ Generated graph n=10000, m=14000, seed=5142811650494845597, type=UNIFORM -> ./input/random_graphs/graph_10000_14000_UNIFORM_5142811650494845597.txt (Time: 0.01s)
✓ Generated graph n=10000, m=14000, seed=6002685213311538187, type=UNIFORM -> ./input/random_graphs/graph_10000_14000_UNIFORM_6002685213311538187.txt (Time: 0.01s)
✓ Generated graph n=10000, m=14000, seed=1731523882129807996, type=UNIFORM -> ./input/random_graphs/graph_10000_14000_UNIFORM_1731523882129807996.txt (Time: 0.01s)
✓ Generated graph n=10000, m=14000, seed=5708372698381010775, type=UNIFORM -> ./input/random_graphs/graph_10000_14000_UNIFORM_5708372698381010775.txt (Time: 0.01s)
✓ Generated graph n=10000, m=14000, seed=521787134863155063, type=UNIFORM -> ./input/random_graphs/graph_10000_14000_UNIFORM_521787134863155063.txt (Time: 0.01s)
✓ Generated graph n=10000, m=14000, seed=7029781962072644698, type=UNIFORM -> ./input/random_graphs/graph_10000_14000_UNIFORM_7029781962072644698.txt (Time: 0.01s)
✓ Generated graph n=10000, m=14000, seed=1853590723603270879, type=UNIFORM -> ./input/random_graphs/graph_10000_14000_UNIFORM_1853590723603270879.txt (Time: 0.01s)
✓ Generated graph n=10000, m=14000, seed=6785030173969523435, type=UNIFORM -> ./input/random_graphs/graph_10000_14000_UNIFORM_6785030173969523435.txt (Time: 0.01s)
✓ Generated graph n=10000, m=14000, seed=5529616217668449934, type=UNIFORM -> ./input/random_graphs/graph_10000_14000_UNIFORM_5529616217668449934.txt (Time: 0.01s)
✓ Generated graph n=10000, m=14000, seed=1024517563182776983, type=UNIFORM -> ./input/random_graphs/graph_10000_14000_UNIFORM_1024517563182776983.txt (Time: 0.01s)
✓ Generated graph n=10000, m=14000, seed=5258051056098597521, type=UNIFORM -> ./input/random_graphs/graph_10000_14000_UNIFORM_5258051056098597521.txt (Time: 0.01s)
✓ Generated graph n=10000, m=14000, seed=3224265581699847191, type=UNIFORM -> ./input/random_graphs/graph_10000_14000_UNIFORM_3224265581699847191.txt (Time: 0.01s)
✓ Generated graph n=10000, m=14000, seed=4122784633514911760, type=UNIFORM -> ./input/random_graphs/graph_10000_14000_UNIFORM_4122784633514911760.txt (Time: 0.01s)
✓ Generated graph n=10000, m=14000, seed=1647170069535670909, type=UNIFORM -> ./input/random_graphs/graph_10000_14000_UNIFORM_1647170069535670909.txt (Time: 0.01s)
✓ Generated graph n=10000, m=14000, seed=7706236040662210848, type=UNIFORM -> ./input/random_graphs/graph_10000_14000_UNIFORM_7706236040662210848.txt (Time: 0.01s)
✓ Generated graph n=10000, m=14000, seed=824387247617288499, type=UNIFORM -> ./input/random_graphs/graph_10000_14000_UNIFORM_824387247617288499.txt (Time: 0.01s)
✓ Generated graph n=10000, m=14000, seed=1632192924771168275, type=UNIFORM -> ./input/random_graphs/graph_10000_14000_UNIFORM_1632192924771168275.txt (Time: 0.01s)
✓ Generated graph n=10000, m=14000, seed=7161906730445628483, type=UNIFORM -> ./input/random_graphs/graph_10000_14000_UNIFORM_7161906730445628483.txt (Time: 0.01s)
✓ Generated graph n=10000, m=14000, seed=8031431416522537101, type=UNIFORM -> ./input/random_graphs/graph_10000_14000_UNIFORM_8031431416522537101.txt (Time: 0.01s)
✓ Generated graph n=10000, m=14000, seed=4552998297316576788, type=UNIFORM -> ./input/random_graphs/graph_10000_14000_UNIFORM_4552998297316576788.txt (Time: 0.01s)
✓ Generated graph n=10000, m=14000, seed=6802378520969450157, type=UNIFORM -> ./input/random_graphs/graph_10000_14000_UNIFORM_6802378520969450157.txt (Time: 0.01s)
✓ Generated graph n=10000, m=14000, seed=7938560551762094560, type=UNIFORM -> ./input/random_graphs/graph_10000_14000_UNIFORM_7938560551762094560.txt (Time: 0.01s)
✓ Generated graph n=10000, m=14000, seed=3272308573967577038, type=UNIFORM -> ./input/random_graphs/graph_10000_14000_UNIFORM_3272308573967577038.txt (Time: 0.01s)
✓ Generated graph n=10000, m=14000, seed=5636411189175451024, type=UNIFORM -> ./input/random_graphs/graph_10000_14000_UNIFORM_5636411189175451024.txt (Time: 0.01s)
✓ Generated graph n=10000, m=14000, seed=5349491008325879064, type=UNIFORM -> ./input/random_graphs/graph_10000_14000_UNIFORM_5349491008325879064.txt (Time: 0.01s)
✓ Generated graph n=10000, m=14000, seed=6143643868734370809, type=UNIFORM -> ./input/random_graphs/graph_10000_14000_UNIFORM_6143643868734370809.txt (Time: 0.01s)
✓ Generated graph n=10000, m=14000, seed=6614505080519948832, type=UNIFORM -> ./input/random_graphs/graph_10000_14000_UNIFORM_6614505080519948832.txt (Time: 0.01s)
✓ Generated graph n=10000, m=14000, seed=4445925461710302877, type=UNIFORM -> ./input/random_graphs/graph_10000_14000_UNIFORM_4445925461710302877.txt (Time: 0.01s)
✓ Generated graph n=10000, m=14000, seed=7917045922527545890, type=UNIFORM -> ./input/random_graphs/graph_10000_14000_UNIFORM_7917045922527545890.txt (Time: 0.01s)
✓ Generated graph n=10000, m=14000, seed=3865339568260874865, type=UNIFORM -> ./input/random_graphs/graph_10000_14000_UNIFORM_3865339568260874865.txt (Time: 0.01s)
✓ Generated graph n=10000, m=14000, seed=7921282862123281598, type=UNIFORM -> ./input/random_graphs/graph_10000_14000_UNIFORM_7921282862123281598.txt (Time: 0.01s)
✓ Generated graph n=10000, m=14000, seed=6224222471595207695, type=UNIFORM -> ./input/random_graphs/graph_10000_14000_UNIFORM_6224222471595207695.txt (Time: 0.01s)
✓ Generated graph n=10000, m=14000, seed=1128313391724783137, type=UNIFORM -> ./input/random_graphs/graph_10000_14000_UNIFORM_1128313391724783137.txt (Time: 0.01s)
✓ Generated graph n=10000, m=14000, seed=716820155901718944, type=UNIFORM -> ./input/random_graphs/graph_10000_14000_UNIFORM_716820155901718944.txt (Time: 0.01s)
✓ Generated graph n=10000, m=14000, seed=4997514996153925447, type=UNIFORM -> ./input/random_graphs/graph_10000_14000_UNIFORM_4997514996153925447.txt (Time: 0.01s)
✓ Generated graph n=10000, m=14000, seed=5063475852268941542, type=UNIFORM -> ./input/random_graphs/graph_10000_14000_UNIFORM_5063475852268941542.txt (Time: 0.01s)
✓ Generated graph n=10000, m=14000, seed=8718380604043999642, type=UNIFORM -> ./input/random_graphs/graph_10000_14000_UNIFORM_8718380604043999642.txt (Time: 0.01s)
✓ Generated graph n=10000, m=14000, seed=8446481348147407377, type=UNIFORM -> ./input/random_graphs/graph_10000_14000_UNIFORM_8446481348147407377.txt (Time: 0.01s)
✓ Generated graph n=10000, m=14000, seed=3817405844514670994, type=UNIFORM -> ./input/random_graphs/graph_10000_14000_UNIFORM_3817405844514670994.txt (Time: 0.01s)
✓ Generated graph n=10000, m=14000, seed=2909934787168262407, type=UNIFORM -> ./input/random_graphs/graph_10000_14000_UNIFORM_2909934787168262407.txt (Time: 0.01s)
✓ Generated graph n=10000, m=14000, seed=1170385908854608748, type=UNIFORM -> ./input/random_graphs/graph_10000_14000_UNIFORM_1170385908854608748.txt (Time: 0.01s)
✓ Generated graph n=10000, m=14000, seed=6529943913552561417, type=UNIFORM -> ./input/random_graphs/graph_10000_14000_UNIFORM_6529943913552561417.txt (Time: 0.01s)
✓ Generated graph n=10000, m=14000, seed=3713827327871807734, type=UNIFORM -> ./input/random_graphs/graph_10000_14000_UNIFORM_3713827327871807734.txt (Time: 0.01s)
✓ Generated graph n=10000, m=14000, seed=175493991617213850, type=UNIFORM -> ./input/random_graphs/graph_10000_14000_UNIFORM_175493991617213850.txt (Time: 0.01s)
✓ Generated graph n=10000, m=14000, seed=199422815561151340, type=UNIFORM -> ./input/random_graphs/graph_10000_14000_UNIFORM_199422815561151340.txt (Time: 0.01s)
✓ Generated graph n=10000, m=14000, seed=5108599054664628607, type=UNIFORM -> ./input/random_graphs/graph_10000_14000_UNIFORM_5108599054664628607.txt (Time: 0.01s)
✓ Generated graph n=10000, m=14000, seed=6022436717541034636, type=UNIFORM -> ./input/random_graphs/graph_10000_14000_UNIFORM_6022436717541034636.txt (Time: 0.01s)
✓ Generated graph n=10000, m=14000, seed=6764066939395682287, type=UNIFORM -> ./input/random_graphs/graph_10000_14000_UNIFORM_6764066939395682287.txt (Time: 0.01s)
✓ Generated graph n=10000, m=14000, seed=7644420139408884785, type=UNIFORM -> ./input/random_graphs/graph_10000_14000_UNIFORM_7644420139408884785.txt (Time: 0.01s)
✓ Generated graph n=10000, m=14000, seed=1392892770529522614, type=UNIFORM -> ./input/random_graphs/graph_10000_14000_UNIFORM_1392892770529522614.txt (Time: 0.01s)
✓ Generated graph n=10000, m=14000, seed=9130666990809746335, type=UNIFORM -> ./input/random_graphs/graph_10000_14000_UNIFORM_9130666990809746335.txt (Time: 0.01s)
✓ Generated graph n=10000, m=14000, seed=1458186392400727732, type=UNIFORM -> ./input/random_graphs/graph_10000_14000_UNIFORM_1458186392400727732.txt (Time: 0.01s)
✓ Generated graph n=10000, m=14000, seed=9060210648189963449, type=UNIFORM -> ./input/random_graphs/graph_10000_14000_UNIFORM_9060210648189963449.txt (Time: 0.01s)
✓ Generated graph n=10000, m=14000, seed=4250897495980125004, type=UNIFORM -> ./input/random_graphs/graph_10000_14000_UNIFORM_4250897495980125004.txt (Time: 0.01s)
✓ Generated graph n=10000, m=14000, seed=2089506265998900862, type=UNIFORM -> ./input/random_graphs/graph_10000_14000_UNIFORM_2089506265998900862.txt (Time: 0.01s)
✓ Generated graph n=10000, m=14000, seed=8794274795737982182, type=UNIFORM -> ./input/random_graphs/graph_10000_14000_UNIFORM_8794274795737982182.txt (Time: 0.01s)
✓ Generated graph n=10000, m=14000, seed=5497874167834979553, type=UNIFORM -> ./input/random_graphs/graph_10000_14000_UNIFORM_5497874167834979553.txt (Time: 0.01s)
✓ Generated graph n=10000, m=14000, seed=1332005502874566195, type=UNIFORM -> ./input/random_graphs/graph_10000_14000_UNIFORM_1332005502874566195.txt (Time: 0.01s)
✓ Generated graph n=10000, m=14000, seed=1722224698700348310, type=UNIFORM -> ./input/random_graphs/graph_10000_14000_UNIFORM_1722224698700348310.txt (Time: 0.01s)
✓ Generated graph n=10000, m=14000, seed=4060584409398689268, type=UNIFORM -> ./input/random_graphs/graph_10000_14000_UNIFORM_4060584409398689268.txt (Time: 0.01s)
✓ Generated graph n=10000, m=14000, seed=7905487461282246979, type=UNIFORM -> ./input/random_graphs/graph_10000_14000_UNIFORM_7905487461282246979.txt (Time: 0.01s)
✓ Generated graph n=10000, m=14000, seed=8448596294177070022, type=UNIFORM -> ./input/random_graphs/graph_10000_14000_UNIFORM_8448596294177070022.txt (Time: 0.01s)
✓ Generated graph n=10000, m=14000, seed=4795749165124911768, type=UNIFORM -> ./input/random_graphs/graph_10000_14000_UNIFORM_4795749165124911768.txt (Time: 0.01s)
✓ Generated graph n=10000, m=14000, seed=8626102704817790064, type=UNIFORM -> ./input/random_graphs/graph_10000_14000_UNIFORM_8626102704817790064.txt (Time: 0.01s)
✓ Generated graph n=10000, m=14000, seed=4934890601268679176, type=UNIFORM -> ./input/random_graphs/graph_10000_14000_UNIFORM_4934890601268679176.txt (Time: 0.01s)
✓ Generated graph n=10000, m=14000, seed=1992204328026194281, type=UNIFORM -> ./input/random_graphs/graph_10000_14000_UNIFORM_1992204328026194281.txt (Time: 0.01s)
✓ Generated graph n=10000, m=14000, seed=5894893360759659423, type=UNIFORM -> ./input/random_graphs/graph_10000_14000_UNIFORM_5894893360759659423.txt (Time: 0.00s)
✓ Generated graph n=10000, m=14000, seed=2718103348384927511, type=UNIFORM -> ./input/random_graphs/graph_10000_14000_UNIFORM_2718103348384927511.txt (Time: 0.01s)
✓ Generated graph n=10000, m=14000, seed=7118744415197196276, type=UNIFORM -> ./input/random_graphs/graph_10000_14000_UNIFORM_7118744415197196276.txt (Time: 0.01s)
✓ Generated graph n=10000, m=14000, seed=3221421291694197220, type=UNIFORM -> ./input/random_graphs/graph_10000_14000_UNIFORM_3221421291694197220.txt (Time: 0.01s)
✓ Generated graph n=10000, m=14000, seed=9059990922233379852, type=UNIFORM -> ./input/random_graphs/graph_10000_14000_UNIFORM_9059990922233379852.txt (Time: 0.01s)
✓ Generated graph n=10000, m=14000, seed=8867616339855336876, type=UNIFORM -> ./input/random_graphs/graph_10000_14000_UNIFORM_8867616339855336876.txt (Time: 0.01s)
✓ Generated graph n=10000, m=16000, seed=6230961512046992311, type=UNIFORM -> ./input/random_graphs/graph_10000_16000_UNIFORM_6230961512046992311.txt (Time: 0.01s)
✓ Generated graph n=10000, m=14000, seed=7983805977214098674, type=UNIFORM -> ./input/random_graphs/graph_10000_14000_UNIFORM_7983805977214098674.txt (Time: 0.01s)
✓ Generated graph n=10000, m=14000, seed=2264398621601381987, type=UNIFORM -> ./input/random_graphs/graph_10000_14000_UNIFORM_2264398621601381987.txt (Time: 0.01s)
✓ Generated graph n=10000, m=14000, seed=7449662661572224354, type=UNIFORM -> ./input/random_graphs/graph_10000_14000_UNIFORM_7449662661572224354.txt (Time: 0.01s)
✓ Generated graph n=10000, m=14000, seed=7632458674696225362, type=UNIFORM -> ./input/random_graphs/graph_10000_14000_UNIFORM_7632458674696225362.txt (Time: 0.01s)
✓ Generated graph n=10000, m=14000, seed=4940913311242578590, type=UNIFORM -> ./input/random_graphs/graph_10000_14000_UNIFORM_4940913311242578590.txt (Time: 0.01s)
✓ Generated graph n=10000, m=16000, seed=5739955973604961613, type=UNIFORM -> ./input/random_graphs/graph_10000_16000_UNIFORM_5739955973604961613.txt (Time: 0.01s)
✓ Generated graph n=10000, m=16000, seed=3881801951614183357, type=UNIFORM -> ./input/random_graphs/graph_10000_16000_UNIFORM_3881801951614183357.txt (Time: 0.01s)
✓ Generated graph n=10000, m=16000, seed=7871178979383552919, type=UNIFORM -> ./input/random_graphs/graph_10000_16000_UNIFORM_7871178979383552919.txt (Time: 0.01s)
✓ Generated graph n=10000, m=16000, seed=7032710160631691991, type=UNIFORM -> ./input/random_graphs/graph_10000_16000_UNIFORM_7032710160631691991.txt (Time: 0.01s)
✓ Generated graph n=10000, m=16000, seed=1353182403971399009, type=UNIFORM -> ./input/random_graphs/graph_10000_16000_UNIFORM_1353182403971399009.txt (Time: 0.01s)
✓ Generated graph n=10000, m=16000, seed=1070244953599069350, type=UNIFORM -> ./input/random_graphs/graph_10000_16000_UNIFORM_1070244953599069350.txt (Time: 0.01s)
✓ Generated graph n=10000, m=16000, seed=6522163754831416203, type=UNIFORM -> ./input/random_graphs/graph_10000_16000_UNIFORM_6522163754831416203.txt (Time: 0.01s)
✓ Generated graph n=10000, m=16000, seed=6938562734920028532, type=UNIFORM -> ./input/random_graphs/graph_10000_16000_UNIFORM_6938562734920028532.txt (Time: 0.01s)
✓ Generated graph n=10000, m=16000, seed=7663871783842725848, type=UNIFORM -> ./input/random_graphs/graph_10000_16000_UNIFORM_7663871783842725848.txt (Time: 0.01s)
✓ Generated graph n=10000, m=16000, seed=7599700178212337699, type=UNIFORM -> ./input/random_graphs/graph_10000_16000_UNIFORM_7599700178212337699.txt (Time: 0.01s)
✓ Generated graph n=10000, m=16000, seed=1250005700364523649, type=UNIFORM -> ./input/random_graphs/graph_10000_16000_UNIFORM_1250005700364523649.txt (Time: 0.01s)
✓ Generated graph n=10000, m=16000, seed=4040737767143389431, type=UNIFORM -> ./input/random_graphs/graph_10000_16000_UNIFORM_4040737767143389431.txt (Time: 0.01s)
✓ Generated graph n=10000, m=16000, seed=2429002973740178792, type=UNIFORM -> ./input/random_graphs/graph_10000_16000_UNIFORM_2429002973740178792.txt (Time: 0.01s)
✓ Generated graph n=10000, m=16000, seed=1309542850049879452, type=UNIFORM -> ./input/random_graphs/graph_10000_16000_UNIFORM_1309542850049879452.txt (Time: 0.01s)
✓ Generated graph n=10000, m=16000, seed=320375091487821987, type=UNIFORM -> ./input/random_graphs/graph_10000_16000_UNIFORM_320375091487821987.txt (Time: 0.01s)
✓ Generated graph n=10000, m=16000, seed=5906957480796939447, type=UNIFORM -> ./input/random_graphs/graph_10000_16000_UNIFORM_5906957480796939447.txt (Time: 0.01s)
✓ Generated graph n=10000, m=16000, seed=1250773459040295677, type=UNIFORM -> ./input/random_graphs/graph_10000_16000_UNIFORM_1250773459040295677.txt (Time: 0.01s)
✓ Generated graph n=10000, m=16000, seed=7146860528564146064, type=UNIFORM -> ./input/random_graphs/graph_10000_16000_UNIFORM_7146860528564146064.txt (Time: 0.01s)
✓ Generated graph n=10000, m=16000, seed=3438400432146115956, type=UNIFORM -> ./input/random_graphs/graph_10000_16000_UNIFORM_3438400432146115956.txt (Time: 0.01s)
✓ Generated graph n=10000, m=16000, seed=5708372698381010775, type=UNIFORM -> ./input/random_graphs/graph_10000_16000_UNIFORM_5708372698381010775.txt (Time: 0.01s)
✓ Generated graph n=10000, m=16000, seed=5139481885857321791, type=UNIFORM -> ./input/random_graphs/graph_10000_16000_UNIFORM_5139481885857321791.txt (Time: 0.01s)
✓ Generated graph n=10000, m=16000, seed=5142811650494845597, type=UNIFORM -> ./input/random_graphs/graph_10000_16000_UNIFORM_5142811650494845597.txt (Time: 0.01s)
✓ Generated graph n=10000, m=16000, seed=3010622984418968408, type=UNIFORM -> ./input/random_graphs/graph_10000_16000_UNIFORM_3010622984418968408.txt (Time: 0.01s)
✓ Generated graph n=10000, m=16000, seed=7473196763798409428, type=UNIFORM -> ./input/random_graphs/graph_10000_16000_UNIFORM_7473196763798409428.txt (Time: 0.01s)
✓ Generated graph n=10000, m=16000, seed=6002685213311538187, type=UNIFORM -> ./input/random_graphs/graph_10000_16000_UNIFORM_6002685213311538187.txt (Time: 0.01s)
✓ Generated graph n=10000, m=16000, seed=521787134863155063, type=UNIFORM -> ./input/random_graphs/graph_10000_16000_UNIFORM_521787134863155063.txt (Time: 0.01s)
✓ Generated graph n=10000, m=16000, seed=1731523882129807996, type=UNIFORM -> ./input/random_graphs/graph_10000_16000_UNIFORM_1731523882129807996.txt (Time: 0.01s)
✓ Generated graph n=10000, m=16000, seed=1853590723603270879, type=UNIFORM -> ./input/random_graphs/graph_10000_16000_UNIFORM_1853590723603270879.txt (Time: 0.01s)
✓ Generated graph n=10000, m=16000, seed=7029781962072644698, type=UNIFORM -> ./input/random_graphs/graph_10000_16000_UNIFORM_7029781962072644698.txt (Time: 0.01s)
✓ Generated graph n=10000, m=16000, seed=5529616217668449934, type=UNIFORM -> ./input/random_graphs/graph_10000_16000_UNIFORM_5529616217668449934.txt (Time: 0.01s)
✓ Generated graph n=10000, m=16000, seed=6785030173969523435, type=UNIFORM -> ./input/random_graphs/graph_10000_16000_UNIFORM_6785030173969523435.txt (Time: 0.01s)
✓ Generated graph n=10000, m=16000, seed=3224265581699847191, type=UNIFORM -> ./input/random_graphs/graph_10000_16000_UNIFORM_3224265581699847191.txt (Time: 0.01s)
✓ Generated graph n=10000, m=16000, seed=1647170069535670909, type=UNIFORM -> ./input/random_graphs/graph_10000_16000_UNIFORM_1647170069535670909.txt (Time: 0.01s)
✓ Generated graph n=10000, m=16000, seed=1024517563182776983, type=UNIFORM -> ./input/random_graphs/graph_10000_16000_UNIFORM_1024517563182776983.txt (Time: 0.01s)
✓ Generated graph n=10000, m=16000, seed=5258051056098597521, type=UNIFORM -> ./input/random_graphs/graph_10000_16000_UNIFORM_5258051056098597521.txt (Time: 0.01s)
✓ Generated graph n=10000, m=16000, seed=4122784633514911760, type=UNIFORM -> ./input/random_graphs/graph_10000_16000_UNIFORM_4122784633514911760.txt (Time: 0.01s)
✓ Generated graph n=10000, m=16000, seed=7706236040662210848, type=UNIFORM -> ./input/random_graphs/graph_10000_16000_UNIFORM_7706236040662210848.txt (Time: 0.01s)
✓ Generated graph n=10000, m=16000, seed=824387247617288499, type=UNIFORM -> ./input/random_graphs/graph_10000_16000_UNIFORM_824387247617288499.txt (Time: 0.01s)
✓ Generated graph n=10000, m=16000, seed=1632192924771168275, type=UNIFORM -> ./input/random_graphs/graph_10000_16000_UNIFORM_1632192924771168275.txt (Time: 0.01s)
✓ Generated graph n=10000, m=16000, seed=7161906730445628483, type=UNIFORM -> ./input/random_graphs/graph_10000_16000_UNIFORM_7161906730445628483.txt (Time: 0.01s)
✓ Generated graph n=10000, m=16000, seed=4552998297316576788, type=UNIFORM -> ./input/random_graphs/graph_10000_16000_UNIFORM_4552998297316576788.txt (Time: 0.01s)
✓ Generated graph n=10000, m=16000, seed=6802378520969450157, type=UNIFORM -> ./input/random_graphs/graph_10000_16000_UNIFORM_6802378520969450157.txt (Time: 0.01s)
✓ Generated graph n=10000, m=16000, seed=8031431416522537101, type=UNIFORM -> ./input/random_graphs/graph_10000_16000_UNIFORM_8031431416522537101.txt (Time: 0.01s)
✓ Generated graph n=10000, m=16000, seed=3272308573967577038, type=UNIFORM -> ./input/random_graphs/graph_10000_16000_UNIFORM_3272308573967577038.txt (Time: 0.01s)
✓ Generated graph n=10000, m=16000, seed=6143643868734370809, type=UNIFORM -> ./input/random_graphs/graph_10000_16000_UNIFORM_6143643868734370809.txt (Time: 0.01s)
✓ Generated graph n=10000, m=16000, seed=5349491008325879064, type=UNIFORM -> ./input/random_graphs/graph_10000_16000_UNIFORM_5349491008325879064.txt (Time: 0.01s)
✓ Generated graph n=10000, m=16000, seed=6614505080519948832, type=UNIFORM -> ./input/random_graphs/graph_10000_16000_UNIFORM_6614505080519948832.txt (Time: 0.01s)
✓ Generated graph n=10000, m=16000, seed=5636411189175451024, type=UNIFORM -> ./input/random_graphs/graph_10000_16000_UNIFORM_5636411189175451024.txt (Time: 0.01s)
✓ Generated graph n=10000, m=16000, seed=7938560551762094560, type=UNIFORM -> ./input/random_graphs/graph_10000_16000_UNIFORM_7938560551762094560.txt (Time: 0.01s)
✓ Generated graph n=10000, m=16000, seed=7917045922527545890, type=UNIFORM -> ./input/random_graphs/graph_10000_16000_UNIFORM_7917045922527545890.txt (Time: 0.01s)
✓ Generated graph n=10000, m=16000, seed=4445925461710302877, type=UNIFORM -> ./input/random_graphs/graph_10000_16000_UNIFORM_4445925461710302877.txt (Time: 0.01s)
✓ Generated graph n=10000, m=16000, seed=3865339568260874865, type=UNIFORM -> ./input/random_graphs/graph_10000_16000_UNIFORM_3865339568260874865.txt (Time: 0.01s)
✓ Generated graph n=10000, m=16000, seed=6224222471595207695, type=UNIFORM -> ./input/random_graphs/graph_10000_16000_UNIFORM_6224222471595207695.txt (Time: 0.01s)
✓ Generated graph n=10000, m=16000, seed=1128313391724783137, type=UNIFORM -> ./input/random_graphs/graph_10000_16000_UNIFORM_1128313391724783137.txt (Time: 0.01s)
✓ Generated graph n=10000, m=16000, seed=716820155901718944, type=UNIFORM -> ./input/random_graphs/graph_10000_16000_UNIFORM_716820155901718944.txt (Time: 0.01s)
✓ Generated graph n=10000, m=16000, seed=8718380604043999642, type=UNIFORM -> ./input/random_graphs/graph_10000_16000_UNIFORM_8718380604043999642.txt (Time: 0.01s)
✓ Generated graph n=10000, m=16000, seed=3817405844514670994, type=UNIFORM -> ./input/random_graphs/graph_10000_16000_UNIFORM_3817405844514670994.txt (Time: 0.01s)
✓ Generated graph n=10000, m=16000, seed=4997514996153925447, type=UNIFORM -> ./input/random_graphs/graph_10000_16000_UNIFORM_4997514996153925447.txt (Time: 0.01s)
✓ Generated graph n=10000, m=16000, seed=6529943913552561417, type=UNIFORM -> ./input/random_graphs/graph_10000_16000_UNIFORM_6529943913552561417.txt (Time: 0.01s)
✓ Generated graph n=10000, m=16000, seed=8446481348147407377, type=UNIFORM -> ./input/random_graphs/graph_10000_16000_UNIFORM_8446481348147407377.txt (Time: 0.01s)
✓ Generated graph n=10000, m=16000, seed=5063475852268941542, type=UNIFORM -> ./input/random_graphs/graph_10000_16000_UNIFORM_5063475852268941542.txt (Time: 0.01s)
✓ Generated graph n=10000, m=16000, seed=2909934787168262407, type=UNIFORM -> ./input/random_graphs/graph_10000_16000_UNIFORM_2909934787168262407.txt (Time: 0.01s)
✓ Generated graph n=10000, m=16000, seed=7921282862123281598, type=UNIFORM -> ./input/random_graphs/graph_10000_16000_UNIFORM_7921282862123281598.txt (Time: 0.01s)
✓ Generated graph n=10000, m=16000, seed=1170385908854608748, type=UNIFORM -> ./input/random_graphs/graph_10000_16000_UNIFORM_1170385908854608748.txt (Time: 0.01s)
✓ Generated graph n=10000, m=16000, seed=6022436717541034636, type=UNIFORM -> ./input/random_graphs/graph_10000_16000_UNIFORM_6022436717541034636.txt (Time: 0.01s)
✓ Generated graph n=10000, m=16000, seed=199422815561151340, type=UNIFORM -> ./input/random_graphs/graph_10000_16000_UNIFORM_199422815561151340.txt (Time: 0.01s)
✓ Generated graph n=10000, m=16000, seed=175493991617213850, type=UNIFORM -> ./input/random_graphs/graph_10000_16000_UNIFORM_175493991617213850.txt (Time: 0.01s)
✓ Generated graph n=10000, m=16000, seed=3713827327871807734, type=UNIFORM -> ./input/random_graphs/graph_10000_16000_UNIFORM_3713827327871807734.txt (Time: 0.01s)
✓ Generated graph n=10000, m=16000, seed=6764066939395682287, type=UNIFORM -> ./input/random_graphs/graph_10000_16000_UNIFORM_6764066939395682287.txt (Time: 0.01s)
✓ Generated graph n=10000, m=16000, seed=5108599054664628607, type=UNIFORM -> ./input/random_graphs/graph_10000_16000_UNIFORM_5108599054664628607.txt (Time: 0.01s)
✓ Generated graph n=10000, m=16000, seed=9130666990809746335, type=UNIFORM -> ./input/random_graphs/graph_10000_16000_UNIFORM_9130666990809746335.txt (Time: 0.01s)
✓ Generated graph n=10000, m=16000, seed=7644420139408884785, type=UNIFORM -> ./input/random_graphs/graph_10000_16000_UNIFORM_7644420139408884785.txt (Time: 0.01s)
✓ Generated graph n=10000, m=16000, seed=1458186392400727732, type=UNIFORM -> ./input/random_graphs/graph_10000_16000_UNIFORM_1458186392400727732.txt (Time: 0.01s)
✓ Generated graph n=10000, m=16000, seed=1392892770529522614, type=UNIFORM -> ./input/random_graphs/graph_10000_16000_UNIFORM_1392892770529522614.txt (Time: 0.01s)
✓ Generated graph n=10000, m=16000, seed=9060210648189963449, type=UNIFORM -> ./input/random_graphs/graph_10000_16000_UNIFORM_9060210648189963449.txt (Time: 0.01s)
✓ Generated graph n=10000, m=16000, seed=4250897495980125004, type=UNIFORM -> ./input/random_graphs/graph_10000_16000_UNIFORM_4250897495980125004.txt (Time: 0.01s)
✓ Generated graph n=10000, m=16000, seed=8794274795737982182, type=UNIFORM -> ./input/random_graphs/graph_10000_16000_UNIFORM_8794274795737982182.txt (Time: 0.01s)
✓ Generated graph n=10000, m=16000, seed=2089506265998900862, type=UNIFORM -> ./input/random_graphs/graph_10000_16000_UNIFORM_2089506265998900862.txt (Time: 0.01s)
✓ Generated graph n=10000, m=16000, seed=7905487461282246979, type=UNIFORM -> ./input/random_graphs/graph_10000_16000_UNIFORM_7905487461282246979.txt (Time: 0.01s)
✓ Generated graph n=10000, m=16000, seed=4060584409398689268, type=UNIFORM -> ./input/random_graphs/graph_10000_16000_UNIFORM_4060584409398689268.txt (Time: 0.01s)
✓ Generated graph n=10000, m=16000, seed=5497874167834979553, type=UNIFORM -> ./input/random_graphs/graph_10000_16000_UNIFORM_5497874167834979553.txt (Time: 0.01s)
✓ Generated graph n=10000, m=16000, seed=8448596294177070022, type=UNIFORM -> ./input/random_graphs/graph_10000_16000_UNIFORM_8448596294177070022.txt (Time: 0.01s)
✓ Generated graph n=10000, m=16000, seed=1332005502874566195, type=UNIFORM -> ./input/random_graphs/graph_10000_16000_UNIFORM_1332005502874566195.txt (Time: 0.01s)
✓ Generated graph n=10000, m=16000, seed=8626102704817790064, type=UNIFORM -> ./input/random_graphs/graph_10000_16000_UNIFORM_8626102704817790064.txt (Time: 0.01s)
✓ Generated graph n=10000, m=16000, seed=4934890601268679176, type=UNIFORM -> ./input/random_graphs/graph_10000_16000_UNIFORM_4934890601268679176.txt (Time: 0.01s)
✓ Generated graph n=10000, m=16000, seed=4795749165124911768, type=UNIFORM -> ./input/random_graphs/graph_10000_16000_UNIFORM_4795749165124911768.txt (Time: 0.01s)
✓ Generated graph n=10000, m=16000, seed=1992204328026194281, type=UNIFORM -> ./input/random_graphs/graph_10000_16000_UNIFORM_1992204328026194281.txt (Time: 0.01s)
✓ Generated graph n=10000, m=16000, seed=1722224698700348310, type=UNIFORM -> ./input/random_graphs/graph_10000_16000_UNIFORM_1722224698700348310.txt (Time: 0.01s)
✓ Generated graph n=10000, m=16000, seed=7118744415197196276, type=UNIFORM -> ./input/random_graphs/graph_10000_16000_UNIFORM_7118744415197196276.txt (Time: 0.01s)
✓ Generated graph n=10000, m=16000, seed=2718103348384927511, type=UNIFORM -> ./input/random_graphs/graph_10000_16000_UNIFORM_2718103348384927511.txt (Time: 0.01s)
✓ Generated graph n=10000, m=16000, seed=9059990922233379852, type=UNIFORM -> ./input/random_graphs/graph_10000_16000_UNIFORM_9059990922233379852.txt (Time: 0.01s)
✓ Generated graph n=10000, m=16000, seed=7449662661572224354, type=UNIFORM -> ./input/random_graphs/graph_10000_16000_UNIFORM_7449662661572224354.txt (Time: 0.01s)
✓ Generated graph n=10000, m=16000, seed=8867616339855336876, type=UNIFORM -> ./input/random_graphs/graph_10000_16000_UNIFORM_8867616339855336876.txt (Time: 0.01s)
✓ Generated graph n=10000, m=16000, seed=5894893360759659423, type=UNIFORM -> ./input/random_graphs/graph_10000_16000_UNIFORM_5894893360759659423.txt (Time: 0.01s)
✓ Generated graph n=10000, m=16000, seed=3221421291694197220, type=UNIFORM -> ./input/random_graphs/graph_10000_16000_UNIFORM_3221421291694197220.txt (Time: 0.01s)
✓ Generated graph n=10000, m=16000, seed=4940913311242578590, type=UNIFORM -> ./input/random_graphs/graph_10000_16000_UNIFORM_4940913311242578590.txt (Time: 0.01s)
✓ Generated graph n=10000, m=16000, seed=7983805977214098674, type=UNIFORM -> ./input/random_graphs/graph_10000_16000_UNIFORM_7983805977214098674.txt (Time: 0.01s)
✓ Generated graph n=10000, m=16000, seed=7632458674696225362, type=UNIFORM -> ./input/random_graphs/graph_10000_16000_UNIFORM_7632458674696225362.txt (Time: 0.01s)
✓ Generated graph n=10000, m=16000, seed=2264398621601381987, type=UNIFORM -> ./input/random_graphs/graph_10000_16000_UNIFORM_2264398621601381987.txt (Time: 0.01s)
✓ Generated graph n=10000, m=18000, seed=7032710160631691991, type=UNIFORM -> ./input/random_graphs/graph_10000_18000_UNIFORM_7032710160631691991.txt (Time: 0.01s)
✓ Generated graph n=10000, m=18000, seed=6230961512046992311, type=UNIFORM -> ./input/random_graphs/graph_10000_18000_UNIFORM_6230961512046992311.txt (Time: 0.01s)
✓ Generated graph n=10000, m=18000, seed=5739955973604961613, type=UNIFORM -> ./input/random_graphs/graph_10000_18000_UNIFORM_5739955973604961613.txt (Time: 0.01s)
✓ Generated graph n=10000, m=18000, seed=7871178979383552919, type=UNIFORM -> ./input/random_graphs/graph_10000_18000_UNIFORM_7871178979383552919.txt (Time: 0.01s)
✓ Generated graph n=10000, m=18000, seed=3881801951614183357, type=UNIFORM -> ./input/random_graphs/graph_10000_18000_UNIFORM_3881801951614183357.txt (Time: 0.01s)
✓ Generated graph n=10000, m=18000, seed=7599700178212337699, type=UNIFORM -> ./input/random_graphs/graph_10000_18000_UNIFORM_7599700178212337699.txt (Time: 0.01s)
✓ Generated graph n=10000, m=18000, seed=1353182403971399009, type=UNIFORM -> ./input/random_graphs/graph_10000_18000_UNIFORM_1353182403971399009.txt (Time: 0.01s)
✓ Generated graph n=10000, m=18000, seed=1070244953599069350, type=UNIFORM -> ./input/random_graphs/graph_10000_18000_UNIFORM_1070244953599069350.txt (Time: 0.01s)
✓ Generated graph n=10000, m=18000, seed=6522163754831416203, type=UNIFORM -> ./input/random_graphs/graph_10000_18000_UNIFORM_6522163754831416203.txt (Time: 0.01s)
✓ Generated graph n=10000, m=18000, seed=4040737767143389431, type=UNIFORM -> ./input/random_graphs/graph_10000_18000_UNIFORM_4040737767143389431.txt (Time: 0.01s)
✓ Generated graph n=10000, m=18000, seed=6938562734920028532, type=UNIFORM -> ./input/random_graphs/graph_10000_18000_UNIFORM_6938562734920028532.txt (Time: 0.01s)
✓ Generated graph n=10000, m=18000, seed=7663871783842725848, type=UNIFORM -> ./input/random_graphs/graph_10000_18000_UNIFORM_7663871783842725848.txt (Time: 0.01s)
✓ Generated graph n=10000, m=18000, seed=2429002973740178792, type=UNIFORM -> ./input/random_graphs/graph_10000_18000_UNIFORM_2429002973740178792.txt (Time: 0.01s)
✓ Generated graph n=10000, m=18000, seed=1309542850049879452, type=UNIFORM -> ./input/random_graphs/graph_10000_18000_UNIFORM_1309542850049879452.txt (Time: 0.01s)
✓ Generated graph n=10000, m=18000, seed=1250005700364523649, type=UNIFORM -> ./input/random_graphs/graph_10000_18000_UNIFORM_1250005700364523649.txt (Time: 0.01s)
✓ Generated graph n=10000, m=18000, seed=320375091487821987, type=UNIFORM -> ./input/random_graphs/graph_10000_18000_UNIFORM_320375091487821987.txt (Time: 0.01s)
✓ Generated graph n=10000, m=18000, seed=5906957480796939447, type=UNIFORM -> ./input/random_graphs/graph_10000_18000_UNIFORM_5906957480796939447.txt (Time: 0.01s)
✓ Generated graph n=10000, m=18000, seed=1250773459040295677, type=UNIFORM -> ./input/random_graphs/graph_10000_18000_UNIFORM_1250773459040295677.txt (Time: 0.01s)
✓ Generated graph n=10000, m=18000, seed=3438400432146115956, type=UNIFORM -> ./input/random_graphs/graph_10000_18000_UNIFORM_3438400432146115956.txt (Time: 0.01s)
✓ Generated graph n=10000, m=18000, seed=5142811650494845597, type=UNIFORM -> ./input/random_graphs/graph_10000_18000_UNIFORM_5142811650494845597.txt (Time: 0.01s)
✓ Generated graph n=10000, m=18000, seed=7473196763798409428, type=UNIFORM -> ./input/random_graphs/graph_10000_18000_UNIFORM_7473196763798409428.txt (Time: 0.01s)
✓ Generated graph n=10000, m=18000, seed=5139481885857321791, type=UNIFORM -> ./input/random_graphs/graph_10000_18000_UNIFORM_5139481885857321791.txt (Time: 0.01s)
✓ Generated graph n=10000, m=18000, seed=3010622984418968408, type=UNIFORM -> ./input/random_graphs/graph_10000_18000_UNIFORM_3010622984418968408.txt (Time: 0.01s)
✓ Generated graph n=10000, m=18000, seed=7146860528564146064, type=UNIFORM -> ./input/random_graphs/graph_10000_18000_UNIFORM_7146860528564146064.txt (Time: 0.01s)
✓ Generated graph n=10000, m=18000, seed=6002685213311538187, type=UNIFORM -> ./input/random_graphs/graph_10000_18000_UNIFORM_6002685213311538187.txt (Time: 0.01s)
✓ Generated graph n=10000, m=18000, seed=5708372698381010775, type=UNIFORM -> ./input/random_graphs/graph_10000_18000_UNIFORM_5708372698381010775.txt (Time: 0.01s)
✓ Generated graph n=10000, m=18000, seed=7029781962072644698, type=UNIFORM -> ./input/random_graphs/graph_10000_18000_UNIFORM_7029781962072644698.txt (Time: 0.01s)
✓ Generated graph n=10000, m=18000, seed=521787134863155063, type=UNIFORM -> ./input/random_graphs/graph_10000_18000_UNIFORM_521787134863155063.txt (Time: 0.01s)
✓ Generated graph n=10000, m=18000, seed=1731523882129807996, type=UNIFORM -> ./input/random_graphs/graph_10000_18000_UNIFORM_1731523882129807996.txt (Time: 0.01s)
✓ Generated graph n=10000, m=18000, seed=1853590723603270879, type=UNIFORM -> ./input/random_graphs/graph_10000_18000_UNIFORM_1853590723603270879.txt (Time: 0.01s)
✓ Generated graph n=10000, m=18000, seed=1024517563182776983, type=UNIFORM -> ./input/random_graphs/graph_10000_18000_UNIFORM_1024517563182776983.txt (Time: 0.01s)
✓ Generated graph n=10000, m=18000, seed=5529616217668449934, type=UNIFORM -> ./input/random_graphs/graph_10000_18000_UNIFORM_5529616217668449934.txt (Time: 0.01s)
✓ Generated graph n=10000, m=18000, seed=6785030173969523435, type=UNIFORM -> ./input/random_graphs/graph_10000_18000_UNIFORM_6785030173969523435.txt (Time: 0.01s)
✓ Generated graph n=10000, m=18000, seed=3224265581699847191, type=UNIFORM -> ./input/random_graphs/graph_10000_18000_UNIFORM_3224265581699847191.txt (Time: 0.01s)
✓ Generated graph n=10000, m=18000, seed=5258051056098597521, type=UNIFORM -> ./input/random_graphs/graph_10000_18000_UNIFORM_5258051056098597521.txt (Time: 0.01s)
✓ Generated graph n=10000, m=18000, seed=4122784633514911760, type=UNIFORM -> ./input/random_graphs/graph_10000_18000_UNIFORM_4122784633514911760.txt (Time: 0.01s)
✓ Generated graph n=10000, m=18000, seed=1647170069535670909, type=UNIFORM -> ./input/random_graphs/graph_10000_18000_UNIFORM_1647170069535670909.txt (Time: 0.01s)
✓ Generated graph n=10000, m=18000, seed=7706236040662210848, type=UNIFORM -> ./input/random_graphs/graph_10000_18000_UNIFORM_7706236040662210848.txt (Time: 0.01s)
✓ Generated graph n=10000, m=18000, seed=1632192924771168275, type=UNIFORM -> ./input/random_graphs/graph_10000_18000_UNIFORM_1632192924771168275.txt (Time: 0.01s)
✓ Generated graph n=10000, m=18000, seed=824387247617288499, type=UNIFORM -> ./input/random_graphs/graph_10000_18000_UNIFORM_824387247617288499.txt (Time: 0.01s)
✓ Generated graph n=10000, m=18000, seed=8031431416522537101, type=UNIFORM -> ./input/random_graphs/graph_10000_18000_UNIFORM_8031431416522537101.txt (Time: 0.01s)
✓ Generated graph n=10000, m=18000, seed=7161906730445628483, type=UNIFORM -> ./input/random_graphs/graph_10000_18000_UNIFORM_7161906730445628483.txt (Time: 0.01s)
✓ Generated graph n=10000, m=18000, seed=6802378520969450157, type=UNIFORM -> ./input/random_graphs/graph_10000_18000_UNIFORM_6802378520969450157.txt (Time: 0.01s)
✓ Generated graph n=10000, m=18000, seed=4552998297316576788, type=UNIFORM -> ./input/random_graphs/graph_10000_18000_UNIFORM_4552998297316576788.txt (Time: 0.01s)
✓ Generated graph n=10000, m=18000, seed=6143643868734370809, type=UNIFORM -> ./input/random_graphs/graph_10000_18000_UNIFORM_6143643868734370809.txt (Time: 0.01s)
✓ Generated graph n=10000, m=18000, seed=5636411189175451024, type=UNIFORM -> ./input/random_graphs/graph_10000_18000_UNIFORM_5636411189175451024.txt (Time: 0.01s)
✓ Generated graph n=10000, m=18000, seed=5349491008325879064, type=UNIFORM -> ./input/random_graphs/graph_10000_18000_UNIFORM_5349491008325879064.txt (Time: 0.01s)
✓ Generated graph n=10000, m=18000, seed=3272308573967577038, type=UNIFORM -> ./input/random_graphs/graph_10000_18000_UNIFORM_3272308573967577038.txt (Time: 0.01s)
✓ Generated graph n=10000, m=18000, seed=7938560551762094560, type=UNIFORM -> ./input/random_graphs/graph_10000_18000_UNIFORM_7938560551762094560.txt (Time: 0.01s)
✓ Generated graph n=10000, m=18000, seed=6614505080519948832, type=UNIFORM -> ./input/random_graphs/graph_10000_18000_UNIFORM_6614505080519948832.txt (Time: 0.01s)
✓ Generated graph n=10000, m=18000, seed=4445925461710302877, type=UNIFORM -> ./input/random_graphs/graph_10000_18000_UNIFORM_4445925461710302877.txt (Time: 0.01s)
✓ Generated graph n=10000, m=18000, seed=7917045922527545890, type=UNIFORM -> ./input/random_graphs/graph_10000_18000_UNIFORM_7917045922527545890.txt (Time: 0.01s)
✓ Generated graph n=10000, m=18000, seed=3865339568260874865, type=UNIFORM -> ./input/random_graphs/graph_10000_18000_UNIFORM_3865339568260874865.txt (Time: 0.01s)
✓ Generated graph n=10000, m=18000, seed=7921282862123281598, type=UNIFORM -> ./input/random_graphs/graph_10000_18000_UNIFORM_7921282862123281598.txt (Time: 0.01s)
✓ Generated graph n=10000, m=18000, seed=6224222471595207695, type=UNIFORM -> ./input/random_graphs/graph_10000_18000_UNIFORM_6224222471595207695.txt (Time: 0.01s)
✓ Generated graph n=10000, m=18000, seed=3817405844514670994, type=UNIFORM -> ./input/random_graphs/graph_10000_18000_UNIFORM_3817405844514670994.txt (Time: 0.01s)
✓ Generated graph n=10000, m=18000, seed=1128313391724783137, type=UNIFORM -> ./input/random_graphs/graph_10000_18000_UNIFORM_1128313391724783137.txt (Time: 0.01s)
✓ Generated graph n=10000, m=18000, seed=8718380604043999642, type=UNIFORM -> ./input/random_graphs/graph_10000_18000_UNIFORM_8718380604043999642.txt (Time: 0.01s)
✓ Generated graph n=10000, m=18000, seed=716820155901718944, type=UNIFORM -> ./input/random_graphs/graph_10000_18000_UNIFORM_716820155901718944.txt (Time: 0.01s)
✓ Generated graph n=10000, m=18000, seed=5063475852268941542, type=UNIFORM -> ./input/random_graphs/graph_10000_18000_UNIFORM_5063475852268941542.txt (Time: 0.01s)
✓ Generated graph n=10000, m=18000, seed=8446481348147407377, type=UNIFORM -> ./input/random_graphs/graph_10000_18000_UNIFORM_8446481348147407377.txt (Time: 0.01s)
✓ Generated graph n=10000, m=18000, seed=4997514996153925447, type=UNIFORM -> ./input/random_graphs/graph_10000_18000_UNIFORM_4997514996153925447.txt (Time: 0.01s)
✓ Generated graph n=10000, m=18000, seed=6022436717541034636, type=UNIFORM -> ./input/random_graphs/graph_10000_18000_UNIFORM_6022436717541034636.txt (Time: 0.01s)
✓ Generated graph n=10000, m=18000, seed=6529943913552561417, type=UNIFORM -> ./input/random_graphs/graph_10000_18000_UNIFORM_6529943913552561417.txt (Time: 0.01s)
✓ Generated graph n=10000, m=18000, seed=199422815561151340, type=UNIFORM -> ./input/random_graphs/graph_10000_18000_UNIFORM_199422815561151340.txt (Time: 0.01s)
✓ Generated graph n=10000, m=18000, seed=1170385908854608748, type=UNIFORM -> ./input/random_graphs/graph_10000_18000_UNIFORM_1170385908854608748.txt (Time: 0.01s)
✓ Generated graph n=10000, m=18000, seed=3713827327871807734, type=UNIFORM -> ./input/random_graphs/graph_10000_18000_UNIFORM_3713827327871807734.txt (Time: 0.01s)
✓ Generated graph n=10000, m=18000, seed=5108599054664628607, type=UNIFORM -> ./input/random_graphs/graph_10000_18000_UNIFORM_5108599054664628607.txt (Time: 0.01s)
✓ Generated graph n=10000, m=18000, seed=175493991617213850, type=UNIFORM -> ./input/random_graphs/graph_10000_18000_UNIFORM_175493991617213850.txt (Time: 0.01s)
✓ Generated graph n=10000, m=18000, seed=6764066939395682287, type=UNIFORM -> ./input/random_graphs/graph_10000_18000_UNIFORM_6764066939395682287.txt (Time: 0.01s)
✓ Generated graph n=10000, m=18000, seed=9130666990809746335, type=UNIFORM -> ./input/random_graphs/graph_10000_18000_UNIFORM_9130666990809746335.txt (Time: 0.01s)
✓ Generated graph n=10000, m=18000, seed=1392892770529522614, type=UNIFORM -> ./input/random_graphs/graph_10000_18000_UNIFORM_1392892770529522614.txt (Time: 0.01s)
✓ Generated graph n=10000, m=18000, seed=1458186392400727732, type=UNIFORM -> ./input/random_graphs/graph_10000_18000_UNIFORM_1458186392400727732.txt (Time: 0.01s)
✓ Generated graph n=10000, m=18000, seed=9060210648189963449, type=UNIFORM -> ./input/random_graphs/graph_10000_18000_UNIFORM_9060210648189963449.txt (Time: 0.01s)
✓ Generated graph n=10000, m=18000, seed=4250897495980125004, type=UNIFORM -> ./input/random_graphs/graph_10000_18000_UNIFORM_4250897495980125004.txt (Time: 0.01s)
✓ Generated graph n=10000, m=18000, seed=7644420139408884785, type=UNIFORM -> ./input/random_graphs/graph_10000_18000_UNIFORM_7644420139408884785.txt (Time: 0.01s)
✓ Generated graph n=10000, m=18000, seed=2909934787168262407, type=UNIFORM -> ./input/random_graphs/graph_10000_18000_UNIFORM_2909934787168262407.txt (Time: 0.01s)
✓ Generated graph n=10000, m=18000, seed=8794274795737982182, type=UNIFORM -> ./input/random_graphs/graph_10000_18000_UNIFORM_8794274795737982182.txt (Time: 0.01s)
✓ Generated graph n=10000, m=18000, seed=2089506265998900862, type=UNIFORM -> ./input/random_graphs/graph_10000_18000_UNIFORM_2089506265998900862.txt (Time: 0.01s)
✓ Generated graph n=10000, m=18000, seed=5497874167834979553, type=UNIFORM -> ./input/random_graphs/graph_10000_18000_UNIFORM_5497874167834979553.txt (Time: 0.01s)
✓ Generated graph n=10000, m=18000, seed=4060584409398689268, type=UNIFORM -> ./input/random_graphs/graph_10000_18000_UNIFORM_4060584409398689268.txt (Time: 0.01s)
✓ Generated graph n=10000, m=18000, seed=1332005502874566195, type=UNIFORM -> ./input/random_graphs/graph_10000_18000_UNIFORM_1332005502874566195.txt (Time: 0.01s)
✓ Generated graph n=10000, m=18000, seed=1722224698700348310, type=UNIFORM -> ./input/random_graphs/graph_10000_18000_UNIFORM_1722224698700348310.txt (Time: 0.01s)
✓ Generated graph n=10000, m=18000, seed=8626102704817790064, type=UNIFORM -> ./input/random_graphs/graph_10000_18000_UNIFORM_8626102704817790064.txt (Time: 0.01s)
✓ Generated graph n=10000, m=18000, seed=7905487461282246979, type=UNIFORM -> ./input/random_graphs/graph_10000_18000_UNIFORM_7905487461282246979.txt (Time: 0.01s)
✓ Generated graph n=10000, m=18000, seed=8448596294177070022, type=UNIFORM -> ./input/random_graphs/graph_10000_18000_UNIFORM_8448596294177070022.txt (Time: 0.01s)
✓ Generated graph n=10000, m=18000, seed=9059990922233379852, type=UNIFORM -> ./input/random_graphs/graph_10000_18000_UNIFORM_9059990922233379852.txt (Time: 0.01s)
✓ Generated graph n=10000, m=18000, seed=4795749165124911768, type=UNIFORM -> ./input/random_graphs/graph_10000_18000_UNIFORM_4795749165124911768.txt (Time: 0.01s)
✓ Generated graph n=10000, m=18000, seed=4934890601268679176, type=UNIFORM -> ./input/random_graphs/graph_10000_18000_UNIFORM_4934890601268679176.txt (Time: 0.01s)
✓ Generated graph n=10000, m=18000, seed=1992204328026194281, type=UNIFORM -> ./input/random_graphs/graph_10000_18000_UNIFORM_1992204328026194281.txt (Time: 0.01s)
✓ Generated graph n=10000, m=18000, seed=2718103348384927511, type=UNIFORM -> ./input/random_graphs/graph_10000_18000_UNIFORM_2718103348384927511.txt (Time: 0.01s)
✓ Generated graph n=10000, m=18000, seed=7118744415197196276, type=UNIFORM -> ./input/random_graphs/graph_10000_18000_UNIFORM_7118744415197196276.txt (Time: 0.01s)
✓ Generated graph n=10000, m=18000, seed=7449662661572224354, type=UNIFORM -> ./input/random_graphs/graph_10000_18000_UNIFORM_7449662661572224354.txt (Time: 0.01s)
✓ Generated graph n=10000, m=18000, seed=3221421291694197220, type=UNIFORM -> ./input/random_graphs/graph_10000_18000_UNIFORM_3221421291694197220.txt (Time: 0.01s)
✓ Generated graph n=10000, m=18000, seed=8867616339855336876, type=UNIFORM -> ./input/random_graphs/graph_10000_18000_UNIFORM_8867616339855336876.txt (Time: 0.01s)
✓ Generated graph n=10000, m=18000, seed=7983805977214098674, type=UNIFORM -> ./input/random_graphs/graph_10000_18000_UNIFORM_7983805977214098674.txt (Time: 0.01s)
✓ Generated graph n=10000, m=18000, seed=5894893360759659423, type=UNIFORM -> ./input/random_graphs/graph_10000_18000_UNIFORM_5894893360759659423.txt (Time: 0.01s)
✓ Generated graph n=10000, m=18000, seed=4940913311242578590, type=UNIFORM -> ./input/random_graphs/graph_10000_18000_UNIFORM_4940913311242578590.txt (Time: 0.01s)
✓ Generated graph n=10000, m=18000, seed=2264398621601381987, type=UNIFORM -> ./input/random_graphs/graph_10000_18000_UNIFORM_2264398621601381987.txt (Time: 0.01s)
✓ Generated graph n=10000, m=18000, seed=7632458674696225362, type=UNIFORM -> ./input/random_graphs/graph_10000_18000_UNIFORM_7632458674696225362.txt (Time: 0.01s)
✓ Generated graph n=10000, m=25000, seed=7871178979383552919, type=UNIFORM -> ./input/random_graphs/graph_10000_25000_UNIFORM_7871178979383552919.txt (Time: 0.01s)
✓ Generated graph n=10000, m=25000, seed=3881801951614183357, type=UNIFORM -> ./input/random_graphs/graph_10000_25000_UNIFORM_3881801951614183357.txt (Time: 0.01s)
✓ Generated graph n=10000, m=25000, seed=7599700178212337699, type=UNIFORM -> ./input/random_graphs/graph_10000_25000_UNIFORM_7599700178212337699.txt (Time: 0.01s)
✓ Generated graph n=10000, m=25000, seed=5739955973604961613, type=UNIFORM -> ./input/random_graphs/graph_10000_25000_UNIFORM_5739955973604961613.txt (Time: 0.01s)
✓ Generated graph n=10000, m=25000, seed=7032710160631691991, type=UNIFORM -> ./input/random_graphs/graph_10000_25000_UNIFORM_7032710160631691991.txt (Time: 0.01s)
✓ Generated graph n=10000, m=25000, seed=6230961512046992311, type=UNIFORM -> ./input/random_graphs/graph_10000_25000_UNIFORM_6230961512046992311.txt (Time: 0.01s)
✓ Generated graph n=10000, m=25000, seed=2429002973740178792, type=UNIFORM -> ./input/random_graphs/graph_10000_25000_UNIFORM_2429002973740178792.txt (Time: 0.01s)
✓ Generated graph n=10000, m=25000, seed=1353182403971399009, type=UNIFORM -> ./input/random_graphs/graph_10000_25000_UNIFORM_1353182403971399009.txt (Time: 0.01s)
✓ Generated graph n=10000, m=25000, seed=6522163754831416203, type=UNIFORM -> ./input/random_graphs/graph_10000_25000_UNIFORM_6522163754831416203.txt (Time: 0.01s)
✓ Generated graph n=10000, m=25000, seed=1070244953599069350, type=UNIFORM -> ./input/random_graphs/graph_10000_25000_UNIFORM_1070244953599069350.txt (Time: 0.01s)
✓ Generated graph n=10000, m=25000, seed=6938562734920028532, type=UNIFORM -> ./input/random_graphs/graph_10000_25000_UNIFORM_6938562734920028532.txt (Time: 0.01s)
✓ Generated graph n=10000, m=25000, seed=4040737767143389431, type=UNIFORM -> ./input/random_graphs/graph_10000_25000_UNIFORM_4040737767143389431.txt (Time: 0.01s)
✓ Generated graph n=10000, m=25000, seed=1250005700364523649, type=UNIFORM -> ./input/random_graphs/graph_10000_25000_UNIFORM_1250005700364523649.txt (Time: 0.01s)
✓ Generated graph n=10000, m=25000, seed=1309542850049879452, type=UNIFORM -> ./input/random_graphs/graph_10000_25000_UNIFORM_1309542850049879452.txt (Time: 0.01s)
✓ Generated graph n=10000, m=25000, seed=7663871783842725848, type=UNIFORM -> ./input/random_graphs/graph_10000_25000_UNIFORM_7663871783842725848.txt (Time: 0.01s)
✓ Generated graph n=10000, m=25000, seed=320375091487821987, type=UNIFORM -> ./input/random_graphs/graph_10000_25000_UNIFORM_320375091487821987.txt (Time: 0.01s)
✓ Generated graph n=10000, m=25000, seed=5906957480796939447, type=UNIFORM -> ./input/random_graphs/graph_10000_25000_UNIFORM_5906957480796939447.txt (Time: 0.01s)
✓ Generated graph n=10000, m=25000, seed=1250773459040295677, type=UNIFORM -> ./input/random_graphs/graph_10000_25000_UNIFORM_1250773459040295677.txt (Time: 0.01s)
✓ Generated graph n=10000, m=25000, seed=7146860528564146064, type=UNIFORM -> ./input/random_graphs/graph_10000_25000_UNIFORM_7146860528564146064.txt (Time: 0.01s)
✓ Generated graph n=10000, m=25000, seed=7473196763798409428, type=UNIFORM -> ./input/random_graphs/graph_10000_25000_UNIFORM_7473196763798409428.txt (Time: 0.01s)
✓ Generated graph n=10000, m=25000, seed=5139481885857321791, type=UNIFORM -> ./input/random_graphs/graph_10000_25000_UNIFORM_5139481885857321791.txt (Time: 0.01s)
✓ Generated graph n=10000, m=25000, seed=3438400432146115956, type=UNIFORM -> ./input/random_graphs/graph_10000_25000_UNIFORM_3438400432146115956.txt (Time: 0.01s)
✓ Generated graph n=10000, m=25000, seed=5142811650494845597, type=UNIFORM -> ./input/random_graphs/graph_10000_25000_UNIFORM_5142811650494845597.txt (Time: 0.01s)
✓ Generated graph n=10000, m=25000, seed=3010622984418968408, type=UNIFORM -> ./input/random_graphs/graph_10000_25000_UNIFORM_3010622984418968408.txt (Time: 0.01s)
✓ Generated graph n=10000, m=25000, seed=6002685213311538187, type=UNIFORM -> ./input/random_graphs/graph_10000_25000_UNIFORM_6002685213311538187.txt (Time: 0.01s)
✓ Generated graph n=10000, m=25000, seed=5529616217668449934, type=UNIFORM -> ./input/random_graphs/graph_10000_25000_UNIFORM_5529616217668449934.txt (Time: 0.01s)
✓ Generated graph n=10000, m=25000, seed=1731523882129807996, type=UNIFORM -> ./input/random_graphs/graph_10000_25000_UNIFORM_1731523882129807996.txt (Time: 0.01s)
✓ Generated graph n=10000, m=25000, seed=521787134863155063, type=UNIFORM -> ./input/random_graphs/graph_10000_25000_UNIFORM_521787134863155063.txt (Time: 0.01s)
✓ Generated graph n=10000, m=25000, seed=1853590723603270879, type=UNIFORM -> ./input/random_graphs/graph_10000_25000_UNIFORM_1853590723603270879.txt (Time: 0.01s)
✓ Generated graph n=10000, m=25000, seed=5708372698381010775, type=UNIFORM -> ./input/random_graphs/graph_10000_25000_UNIFORM_5708372698381010775.txt (Time: 0.01s)
✓ Generated graph n=10000, m=25000, seed=7029781962072644698, type=UNIFORM -> ./input/random_graphs/graph_10000_25000_UNIFORM_7029781962072644698.txt (Time: 0.01s)
✓ Generated graph n=10000, m=25000, seed=6785030173969523435, type=UNIFORM -> ./input/random_graphs/graph_10000_25000_UNIFORM_6785030173969523435.txt (Time: 0.01s)
✓ Generated graph n=10000, m=25000, seed=3224265581699847191, type=UNIFORM -> ./input/random_graphs/graph_10000_25000_UNIFORM_3224265581699847191.txt (Time: 0.01s)
✓ Generated graph n=10000, m=25000, seed=1024517563182776983, type=UNIFORM -> ./input/random_graphs/graph_10000_25000_UNIFORM_1024517563182776983.txt (Time: 0.01s)
✓ Generated graph n=10000, m=25000, seed=1647170069535670909, type=UNIFORM -> ./input/random_graphs/graph_10000_25000_UNIFORM_1647170069535670909.txt (Time: 0.01s)
✓ Generated graph n=10000, m=25000, seed=4122784633514911760, type=UNIFORM -> ./input/random_graphs/graph_10000_25000_UNIFORM_4122784633514911760.txt (Time: 0.01s)
✓ Generated graph n=10000, m=25000, seed=7706236040662210848, type=UNIFORM -> ./input/random_graphs/graph_10000_25000_UNIFORM_7706236040662210848.txt (Time: 0.01s)
✓ Generated graph n=10000, m=25000, seed=5258051056098597521, type=UNIFORM -> ./input/random_graphs/graph_10000_25000_UNIFORM_5258051056098597521.txt (Time: 0.01s)
✓ Generated graph n=10000, m=25000, seed=1632192924771168275, type=UNIFORM -> ./input/random_graphs/graph_10000_25000_UNIFORM_1632192924771168275.txt (Time: 0.01s)
✓ Generated graph n=10000, m=25000, seed=7161906730445628483, type=UNIFORM -> ./input/random_graphs/graph_10000_25000_UNIFORM_7161906730445628483.txt (Time: 0.01s)
✓ Generated graph n=10000, m=25000, seed=824387247617288499, type=UNIFORM -> ./input/random_graphs/graph_10000_25000_UNIFORM_824387247617288499.txt (Time: 0.01s)
✓ Generated graph n=10000, m=25000, seed=6802378520969450157, type=UNIFORM -> ./input/random_graphs/graph_10000_25000_UNIFORM_6802378520969450157.txt (Time: 0.01s)
✓ Generated graph n=10000, m=25000, seed=8031431416522537101, type=UNIFORM -> ./input/random_graphs/graph_10000_25000_UNIFORM_8031431416522537101.txt (Time: 0.01s)
✓ Generated graph n=10000, m=25000, seed=6143643868734370809, type=UNIFORM -> ./input/random_graphs/graph_10000_25000_UNIFORM_6143643868734370809.txt (Time: 0.01s)
✓ Generated graph n=10000, m=25000, seed=3272308573967577038, type=UNIFORM -> ./input/random_graphs/graph_10000_25000_UNIFORM_3272308573967577038.txt (Time: 0.01s)
✓ Generated graph n=10000, m=25000, seed=4552998297316576788, type=UNIFORM -> ./input/random_graphs/graph_10000_25000_UNIFORM_4552998297316576788.txt (Time: 0.01s)
✓ Generated graph n=10000, m=25000, seed=5636411189175451024, type=UNIFORM -> ./input/random_graphs/graph_10000_25000_UNIFORM_5636411189175451024.txt (Time: 0.01s)
✓ Generated graph n=10000, m=25000, seed=5349491008325879064, type=UNIFORM -> ./input/random_graphs/graph_10000_25000_UNIFORM_5349491008325879064.txt (Time: 0.01s)
✓ Generated graph n=10000, m=25000, seed=7938560551762094560, type=UNIFORM -> ./input/random_graphs/graph_10000_25000_UNIFORM_7938560551762094560.txt (Time: 0.01s)
✓ Generated graph n=10000, m=25000, seed=6614505080519948832, type=UNIFORM -> ./input/random_graphs/graph_10000_25000_UNIFORM_6614505080519948832.txt (Time: 0.01s)
✓ Generated graph n=10000, m=25000, seed=7917045922527545890, type=UNIFORM -> ./input/random_graphs/graph_10000_25000_UNIFORM_7917045922527545890.txt (Time: 0.01s)
✓ Generated graph n=10000, m=25000, seed=4445925461710302877, type=UNIFORM -> ./input/random_graphs/graph_10000_25000_UNIFORM_4445925461710302877.txt (Time: 0.01s)
✓ Generated graph n=10000, m=25000, seed=7921282862123281598, type=UNIFORM -> ./input/random_graphs/graph_10000_25000_UNIFORM_7921282862123281598.txt (Time: 0.01s)
✓ Generated graph n=10000, m=25000, seed=6224222471595207695, type=UNIFORM -> ./input/random_graphs/graph_10000_25000_UNIFORM_6224222471595207695.txt (Time: 0.01s)
✓ Generated graph n=10000, m=25000, seed=3865339568260874865, type=UNIFORM -> ./input/random_graphs/graph_10000_25000_UNIFORM_3865339568260874865.txt (Time: 0.01s)
✓ Generated graph n=10000, m=25000, seed=1128313391724783137, type=UNIFORM -> ./input/random_graphs/graph_10000_25000_UNIFORM_1128313391724783137.txt (Time: 0.01s)
✓ Generated graph n=10000, m=25000, seed=716820155901718944, type=UNIFORM -> ./input/random_graphs/graph_10000_25000_UNIFORM_716820155901718944.txt (Time: 0.01s)
✓ Generated graph n=10000, m=25000, seed=8446481348147407377, type=UNIFORM -> ./input/random_graphs/graph_10000_25000_UNIFORM_8446481348147407377.txt (Time: 0.01s)
✓ Generated graph n=10000, m=25000, seed=3817405844514670994, type=UNIFORM -> ./input/random_graphs/graph_10000_25000_UNIFORM_3817405844514670994.txt (Time: 0.01s)
✓ Generated graph n=10000, m=25000, seed=4997514996153925447, type=UNIFORM -> ./input/random_graphs/graph_10000_25000_UNIFORM_4997514996153925447.txt (Time: 0.01s)
✓ Generated graph n=10000, m=25000, seed=6529943913552561417, type=UNIFORM -> ./input/random_graphs/graph_10000_25000_UNIFORM_6529943913552561417.txt (Time: 0.01s)
✓ Generated graph n=10000, m=25000, seed=8718380604043999642, type=UNIFORM -> ./input/random_graphs/graph_10000_25000_UNIFORM_8718380604043999642.txt (Time: 0.01s)
✓ Generated graph n=10000, m=25000, seed=2909934787168262407, type=UNIFORM -> ./input/random_graphs/graph_10000_25000_UNIFORM_2909934787168262407.txt (Time: 0.01s)
✓ Generated graph n=10000, m=25000, seed=5063475852268941542, type=UNIFORM -> ./input/random_graphs/graph_10000_25000_UNIFORM_5063475852268941542.txt (Time: 0.01s)
✓ Generated graph n=10000, m=25000, seed=6022436717541034636, type=UNIFORM -> ./input/random_graphs/graph_10000_25000_UNIFORM_6022436717541034636.txt (Time: 0.01s)
✓ Generated graph n=10000, m=25000, seed=1170385908854608748, type=UNIFORM -> ./input/random_graphs/graph_10000_25000_UNIFORM_1170385908854608748.txt (Time: 0.01s)
✓ Generated graph n=10000, m=25000, seed=199422815561151340, type=UNIFORM -> ./input/random_graphs/graph_10000_25000_UNIFORM_199422815561151340.txt (Time: 0.01s)
✓ Generated graph n=10000, m=25000, seed=3713827327871807734, type=UNIFORM -> ./input/random_graphs/graph_10000_25000_UNIFORM_3713827327871807734.txt (Time: 0.01s)
✓ Generated graph n=10000, m=25000, seed=6764066939395682287, type=UNIFORM -> ./input/random_graphs/graph_10000_25000_UNIFORM_6764066939395682287.txt (Time: 0.01s)
✓ Generated graph n=10000, m=25000, seed=5108599054664628607, type=UNIFORM -> ./input/random_graphs/graph_10000_25000_UNIFORM_5108599054664628607.txt (Time: 0.01s)
✓ Generated graph n=10000, m=25000, seed=175493991617213850, type=UNIFORM -> ./input/random_graphs/graph_10000_25000_UNIFORM_175493991617213850.txt (Time: 0.01s)
✓ Generated graph n=10000, m=25000, seed=9130666990809746335, type=UNIFORM -> ./input/random_graphs/graph_10000_25000_UNIFORM_9130666990809746335.txt (Time: 0.01s)
✓ Generated graph n=10000, m=25000, seed=7644420139408884785, type=UNIFORM -> ./input/random_graphs/graph_10000_25000_UNIFORM_7644420139408884785.txt (Time: 0.01s)
✓ Generated graph n=10000, m=25000, seed=1458186392400727732, type=UNIFORM -> ./input/random_graphs/graph_10000_25000_UNIFORM_1458186392400727732.txt (Time: 0.01s)
✓ Generated graph n=10000, m=25000, seed=1392892770529522614, type=UNIFORM -> ./input/random_graphs/graph_10000_25000_UNIFORM_1392892770529522614.txt (Time: 0.01s)
✓ Generated graph n=10000, m=25000, seed=9060210648189963449, type=UNIFORM -> ./input/random_graphs/graph_10000_25000_UNIFORM_9060210648189963449.txt (Time: 0.01s)
✓ Generated graph n=10000, m=25000, seed=5497874167834979553, type=UNIFORM -> ./input/random_graphs/graph_10000_25000_UNIFORM_5497874167834979553.txt (Time: 0.01s)
✓ Generated graph n=10000, m=25000, seed=1332005502874566195, type=UNIFORM -> ./input/random_graphs/graph_10000_25000_UNIFORM_1332005502874566195.txt (Time: 0.01s)
✓ Generated graph n=10000, m=25000, seed=4060584409398689268, type=UNIFORM -> ./input/random_graphs/graph_10000_25000_UNIFORM_4060584409398689268.txt (Time: 0.01s)
✓ Generated graph n=10000, m=25000, seed=4250897495980125004, type=UNIFORM -> ./input/random_graphs/graph_10000_25000_UNIFORM_4250897495980125004.txt (Time: 0.01s)
✓ Generated graph n=10000, m=25000, seed=2089506265998900862, type=UNIFORM -> ./input/random_graphs/graph_10000_25000_UNIFORM_2089506265998900862.txt (Time: 0.01s)
✓ Generated graph n=10000, m=25000, seed=8794274795737982182, type=UNIFORM -> ./input/random_graphs/graph_10000_25000_UNIFORM_8794274795737982182.txt (Time: 0.01s)
✓ Generated graph n=10000, m=25000, seed=4795749165124911768, type=UNIFORM -> ./input/random_graphs/graph_10000_25000_UNIFORM_4795749165124911768.txt (Time: 0.01s)
✓ Generated graph n=10000, m=25000, seed=1722224698700348310, type=UNIFORM -> ./input/random_graphs/graph_10000_25000_UNIFORM_1722224698700348310.txt (Time: 0.01s)
✓ Generated graph n=10000, m=25000, seed=8626102704817790064, type=UNIFORM -> ./input/random_graphs/graph_10000_25000_UNIFORM_8626102704817790064.txt (Time: 0.01s)
✓ Generated graph n=10000, m=25000, seed=8448596294177070022, type=UNIFORM -> ./input/random_graphs/graph_10000_25000_UNIFORM_8448596294177070022.txt (Time: 0.01s)
✓ Generated graph n=10000, m=25000, seed=4934890601268679176, type=UNIFORM -> ./input/random_graphs/graph_10000_25000_UNIFORM_4934890601268679176.txt (Time: 0.01s)
✓ Generated graph n=10000, m=25000, seed=7905487461282246979, type=UNIFORM -> ./input/random_graphs/graph_10000_25000_UNIFORM_7905487461282246979.txt (Time: 0.01s)
✓ Generated graph n=10000, m=25000, seed=1992204328026194281, type=UNIFORM -> ./input/random_graphs/graph_10000_25000_UNIFORM_1992204328026194281.txt (Time: 0.01s)
✓ Generated graph n=10000, m=25000, seed=2718103348384927511, type=UNIFORM -> ./input/random_graphs/graph_10000_25000_UNIFORM_2718103348384927511.txt (Time: 0.01s)
✓ Generated graph n=10000, m=25000, seed=9059990922233379852, type=UNIFORM -> ./input/random_graphs/graph_10000_25000_UNIFORM_9059990922233379852.txt (Time: 0.01s)
✓ Generated graph n=10000, m=25000, seed=7118744415197196276, type=UNIFORM -> ./input/random_graphs/graph_10000_25000_UNIFORM_7118744415197196276.txt (Time: 0.01s)
✓ Generated graph n=10000, m=25000, seed=7449662661572224354, type=UNIFORM -> ./input/random_graphs/graph_10000_25000_UNIFORM_7449662661572224354.txt (Time: 0.01s)
✓ Generated graph n=10000, m=25000, seed=7632458674696225362, type=UNIFORM -> ./input/random_graphs/graph_10000_25000_UNIFORM_7632458674696225362.txt (Time: 0.01s)
✓ Generated graph n=10000, m=25000, seed=3221421291694197220, type=UNIFORM -> ./input/random_graphs/graph_10000_25000_UNIFORM_3221421291694197220.txt (Time: 0.01s)
✓ Generated graph n=10000, m=25000, seed=5894893360759659423, type=UNIFORM -> ./input/random_graphs/graph_10000_25000_UNIFORM_5894893360759659423.txt (Time: 0.01s)
✓ Generated graph n=10000, m=25000, seed=8867616339855336876, type=UNIFORM -> ./input/random_graphs/graph_10000_25000_UNIFORM_8867616339855336876.txt (Time: 0.01s)
✓ Generated graph n=10000, m=25000, seed=7983805977214098674, type=UNIFORM -> ./input/random_graphs/graph_10000_25000_UNIFORM_7983805977214098674.txt (Time: 0.01s)
✓ Generated graph n=10000, m=25000, seed=4940913311242578590, type=UNIFORM -> ./input/random_graphs/graph_10000_25000_UNIFORM_4940913311242578590.txt (Time: 0.01s)
✓ Generated graph n=10000, m=25000, seed=2264398621601381987, type=UNIFORM -> ./input/random_graphs/graph_10000_25000_UNIFORM_2264398621601381987.txt (Time: 0.01s)
✓ Generated graph n=10000, m=30000, seed=6230961512046992311, type=UNIFORM -> ./input/random_graphs/graph_10000_30000_UNIFORM_6230961512046992311.txt (Time: 0.01s)
✓ Generated graph n=10000, m=30000, seed=1070244953599069350, type=UNIFORM -> ./input/random_graphs/graph_10000_30000_UNIFORM_1070244953599069350.txt (Time: 0.01s)
✓ Generated graph n=10000, m=30000, seed=5739955973604961613, type=UNIFORM -> ./input/random_graphs/graph_10000_30000_UNIFORM_5739955973604961613.txt (Time: 0.01s)
✓ Generated graph n=10000, m=30000, seed=7032710160631691991, type=UNIFORM -> ./input/random_graphs/graph_10000_30000_UNIFORM_7032710160631691991.txt (Time: 0.01s)
✓ Generated graph n=10000, m=30000, seed=7599700178212337699, type=UNIFORM -> ./input/random_graphs/graph_10000_30000_UNIFORM_7599700178212337699.txt (Time: 0.01s)
✓ Generated graph n=10000, m=30000, seed=7871178979383552919, type=UNIFORM -> ./input/random_graphs/graph_10000_30000_UNIFORM_7871178979383552919.txt (Time: 0.01s)
✓ Generated graph n=10000, m=30000, seed=1353182403971399009, type=UNIFORM -> ./input/random_graphs/graph_10000_30000_UNIFORM_1353182403971399009.txt (Time: 0.01s)
✓ Generated graph n=10000, m=30000, seed=3881801951614183357, type=UNIFORM -> ./input/random_graphs/graph_10000_30000_UNIFORM_3881801951614183357.txt (Time: 0.01s)
✓ Generated graph n=10000, m=30000, seed=6522163754831416203, type=UNIFORM -> ./input/random_graphs/graph_10000_30000_UNIFORM_6522163754831416203.txt (Time: 0.01s)
✓ Generated graph n=10000, m=30000, seed=6938562734920028532, type=UNIFORM -> ./input/random_graphs/graph_10000_30000_UNIFORM_6938562734920028532.txt (Time: 0.01s)
✓ Generated graph n=10000, m=30000, seed=1250005700364523649, type=UNIFORM -> ./input/random_graphs/graph_10000_30000_UNIFORM_1250005700364523649.txt (Time: 0.01s)
✓ Generated graph n=10000, m=30000, seed=4040737767143389431, type=UNIFORM -> ./input/random_graphs/graph_10000_30000_UNIFORM_4040737767143389431.txt (Time: 0.01s)
✓ Generated graph n=10000, m=30000, seed=7473196763798409428, type=UNIFORM -> ./input/random_graphs/graph_10000_30000_UNIFORM_7473196763798409428.txt (Time: 0.01s)
✓ Generated graph n=10000, m=30000, seed=2429002973740178792, type=UNIFORM -> ./input/random_graphs/graph_10000_30000_UNIFORM_2429002973740178792.txt (Time: 0.01s)
✓ Generated graph n=10000, m=30000, seed=1309542850049879452, type=UNIFORM -> ./input/random_graphs/graph_10000_30000_UNIFORM_1309542850049879452.txt (Time: 0.01s)
✓ Generated graph n=10000, m=30000, seed=7663871783842725848, type=UNIFORM -> ./input/random_graphs/graph_10000_30000_UNIFORM_7663871783842725848.txt (Time: 0.01s)
✓ Generated graph n=10000, m=30000, seed=320375091487821987, type=UNIFORM -> ./input/random_graphs/graph_10000_30000_UNIFORM_320375091487821987.txt (Time: 0.01s)
✓ Generated graph n=10000, m=30000, seed=5906957480796939447, type=UNIFORM -> ./input/random_graphs/graph_10000_30000_UNIFORM_5906957480796939447.txt (Time: 0.01s)
✓ Generated graph n=10000, m=30000, seed=1250773459040295677, type=UNIFORM -> ./input/random_graphs/graph_10000_30000_UNIFORM_1250773459040295677.txt (Time: 0.01s)
✓ Generated graph n=10000, m=30000, seed=7146860528564146064, type=UNIFORM -> ./input/random_graphs/graph_10000_30000_UNIFORM_7146860528564146064.txt (Time: 0.01s)
✓ Generated graph n=10000, m=30000, seed=3438400432146115956, type=UNIFORM -> ./input/random_graphs/graph_10000_30000_UNIFORM_3438400432146115956.txt (Time: 0.01s)
✓ Generated graph n=10000, m=30000, seed=5142811650494845597, type=UNIFORM -> ./input/random_graphs/graph_10000_30000_UNIFORM_5142811650494845597.txt (Time: 0.01s)
✓ Generated graph n=10000, m=30000, seed=5139481885857321791, type=UNIFORM -> ./input/random_graphs/graph_10000_30000_UNIFORM_5139481885857321791.txt (Time: 0.01s)
✓ Generated graph n=10000, m=30000, seed=3010622984418968408, type=UNIFORM -> ./input/random_graphs/graph_10000_30000_UNIFORM_3010622984418968408.txt (Time: 0.01s)
✓ Generated graph n=10000, m=30000, seed=6002685213311538187, type=UNIFORM -> ./input/random_graphs/graph_10000_30000_UNIFORM_6002685213311538187.txt (Time: 0.01s)
✓ Generated graph n=10000, m=30000, seed=5708372698381010775, type=UNIFORM -> ./input/random_graphs/graph_10000_30000_UNIFORM_5708372698381010775.txt (Time: 0.01s)
✓ Generated graph n=10000, m=30000, seed=521787134863155063, type=UNIFORM -> ./input/random_graphs/graph_10000_30000_UNIFORM_521787134863155063.txt (Time: 0.01s)
✓ Generated graph n=10000, m=30000, seed=1853590723603270879, type=UNIFORM -> ./input/random_graphs/graph_10000_30000_UNIFORM_1853590723603270879.txt (Time: 0.01s)
✓ Generated graph n=10000, m=30000, seed=7706236040662210848, type=UNIFORM -> ./input/random_graphs/graph_10000_30000_UNIFORM_7706236040662210848.txt (Time: 0.01s)
✓ Generated graph n=10000, m=30000, seed=1731523882129807996, type=UNIFORM -> ./input/random_graphs/graph_10000_30000_UNIFORM_1731523882129807996.txt (Time: 0.01s)
✓ Generated graph n=10000, m=30000, seed=6785030173969523435, type=UNIFORM -> ./input/random_graphs/graph_10000_30000_UNIFORM_6785030173969523435.txt (Time: 0.01s)
✓ Generated graph n=10000, m=30000, seed=5529616217668449934, type=UNIFORM -> ./input/random_graphs/graph_10000_30000_UNIFORM_5529616217668449934.txt (Time: 0.01s)
✓ Generated graph n=10000, m=30000, seed=1024517563182776983, type=UNIFORM -> ./input/random_graphs/graph_10000_30000_UNIFORM_1024517563182776983.txt (Time: 0.01s)
✓ Generated graph n=10000, m=30000, seed=3224265581699847191, type=UNIFORM -> ./input/random_graphs/graph_10000_30000_UNIFORM_3224265581699847191.txt (Time: 0.01s)
✓ Generated graph n=10000, m=30000, seed=7029781962072644698, type=UNIFORM -> ./input/random_graphs/graph_10000_30000_UNIFORM_7029781962072644698.txt (Time: 0.01s)
✓ Generated graph n=10000, m=30000, seed=5258051056098597521, type=UNIFORM -> ./input/random_graphs/graph_10000_30000_UNIFORM_5258051056098597521.txt (Time: 0.01s)
✓ Generated graph n=10000, m=30000, seed=4122784633514911760, type=UNIFORM -> ./input/random_graphs/graph_10000_30000_UNIFORM_4122784633514911760.txt (Time: 0.01s)
✓ Generated graph n=10000, m=30000, seed=1647170069535670909, type=UNIFORM -> ./input/random_graphs/graph_10000_30000_UNIFORM_1647170069535670909.txt (Time: 0.01s)
✓ Generated graph n=10000, m=30000, seed=824387247617288499, type=UNIFORM -> ./input/random_graphs/graph_10000_30000_UNIFORM_824387247617288499.txt (Time: 0.01s)
✓ Generated graph n=10000, m=30000, seed=1632192924771168275, type=UNIFORM -> ./input/random_graphs/graph_10000_30000_UNIFORM_1632192924771168275.txt (Time: 0.01s)
✓ Generated graph n=10000, m=30000, seed=6802378520969450157, type=UNIFORM -> ./input/random_graphs/graph_10000_30000_UNIFORM_6802378520969450157.txt (Time: 0.01s)
✓ Generated graph n=10000, m=30000, seed=7161906730445628483, type=UNIFORM -> ./input/random_graphs/graph_10000_30000_UNIFORM_7161906730445628483.txt (Time: 0.01s)
✓ Generated graph n=10000, m=30000, seed=4552998297316576788, type=UNIFORM -> ./input/random_graphs/graph_10000_30000_UNIFORM_4552998297316576788.txt (Time: 0.01s)
✓ Generated graph n=10000, m=30000, seed=8031431416522537101, type=UNIFORM -> ./input/random_graphs/graph_10000_30000_UNIFORM_8031431416522537101.txt (Time: 0.01s)
✓ Generated graph n=10000, m=30000, seed=6143643868734370809, type=UNIFORM -> ./input/random_graphs/graph_10000_30000_UNIFORM_6143643868734370809.txt (Time: 0.01s)
✓ Generated graph n=10000, m=30000, seed=3272308573967577038, type=UNIFORM -> ./input/random_graphs/graph_10000_30000_UNIFORM_3272308573967577038.txt (Time: 0.01s)
✓ Generated graph n=10000, m=30000, seed=5636411189175451024, type=UNIFORM -> ./input/random_graphs/graph_10000_30000_UNIFORM_5636411189175451024.txt (Time: 0.01s)
✓ Generated graph n=10000, m=30000, seed=6614505080519948832, type=UNIFORM -> ./input/random_graphs/graph_10000_30000_UNIFORM_6614505080519948832.txt (Time: 0.01s)
✓ Generated graph n=10000, m=30000, seed=7938560551762094560, type=UNIFORM -> ./input/random_graphs/graph_10000_30000_UNIFORM_7938560551762094560.txt (Time: 0.01s)
✓ Generated graph n=10000, m=30000, seed=5349491008325879064, type=UNIFORM -> ./input/random_graphs/graph_10000_30000_UNIFORM_5349491008325879064.txt (Time: 0.01s)
✓ Generated graph n=10000, m=30000, seed=716820155901718944, type=UNIFORM -> ./input/random_graphs/graph_10000_30000_UNIFORM_716820155901718944.txt (Time: 0.01s)
✓ Generated graph n=10000, m=30000, seed=7917045922527545890, type=UNIFORM -> ./input/random_graphs/graph_10000_30000_UNIFORM_7917045922527545890.txt (Time: 0.01s)
✓ Generated graph n=10000, m=30000, seed=4445925461710302877, type=UNIFORM -> ./input/random_graphs/graph_10000_30000_UNIFORM_4445925461710302877.txt (Time: 0.01s)
✓ Generated graph n=10000, m=30000, seed=3865339568260874865, type=UNIFORM -> ./input/random_graphs/graph_10000_30000_UNIFORM_3865339568260874865.txt (Time: 0.01s)
✓ Generated graph n=10000, m=30000, seed=7921282862123281598, type=UNIFORM -> ./input/random_graphs/graph_10000_30000_UNIFORM_7921282862123281598.txt (Time: 0.01s)
✓ Generated graph n=10000, m=30000, seed=6224222471595207695, type=UNIFORM -> ./input/random_graphs/graph_10000_30000_UNIFORM_6224222471595207695.txt (Time: 0.01s)
✓ Generated graph n=10000, m=30000, seed=1128313391724783137, type=UNIFORM -> ./input/random_graphs/graph_10000_30000_UNIFORM_1128313391724783137.txt (Time: 0.01s)
✓ Generated graph n=10000, m=30000, seed=8718380604043999642, type=UNIFORM -> ./input/random_graphs/graph_10000_30000_UNIFORM_8718380604043999642.txt (Time: 0.01s)
✓ Generated graph n=10000, m=30000, seed=5063475852268941542, type=UNIFORM -> ./input/random_graphs/graph_10000_30000_UNIFORM_5063475852268941542.txt (Time: 0.01s)
✓ Generated graph n=10000, m=30000, seed=4997514996153925447, type=UNIFORM -> ./input/random_graphs/graph_10000_30000_UNIFORM_4997514996153925447.txt (Time: 0.01s)
✓ Generated graph n=10000, m=30000, seed=2909934787168262407, type=UNIFORM -> ./input/random_graphs/graph_10000_30000_UNIFORM_2909934787168262407.txt (Time: 0.01s)
✓ Generated graph n=10000, m=30000, seed=8446481348147407377, type=UNIFORM -> ./input/random_graphs/graph_10000_30000_UNIFORM_8446481348147407377.txt (Time: 0.01s)
✓ Generated graph n=10000, m=30000, seed=6529943913552561417, type=UNIFORM -> ./input/random_graphs/graph_10000_30000_UNIFORM_6529943913552561417.txt (Time: 0.01s)
✓ Generated graph n=10000, m=30000, seed=3817405844514670994, type=UNIFORM -> ./input/random_graphs/graph_10000_30000_UNIFORM_3817405844514670994.txt (Time: 0.01s)
✓ Generated graph n=10000, m=30000, seed=1170385908854608748, type=UNIFORM -> ./input/random_graphs/graph_10000_30000_UNIFORM_1170385908854608748.txt (Time: 0.01s)
✓ Generated graph n=10000, m=30000, seed=3713827327871807734, type=UNIFORM -> ./input/random_graphs/graph_10000_30000_UNIFORM_3713827327871807734.txt (Time: 0.01s)
✓ Generated graph n=10000, m=30000, seed=199422815561151340, type=UNIFORM -> ./input/random_graphs/graph_10000_30000_UNIFORM_199422815561151340.txt (Time: 0.01s)
✓ Generated graph n=10000, m=30000, seed=175493991617213850, type=UNIFORM -> ./input/random_graphs/graph_10000_30000_UNIFORM_175493991617213850.txt (Time: 0.01s)
✓ Generated graph n=10000, m=30000, seed=5108599054664628607, type=UNIFORM -> ./input/random_graphs/graph_10000_30000_UNIFORM_5108599054664628607.txt (Time: 0.01s)
✓ Generated graph n=10000, m=30000, seed=6022436717541034636, type=UNIFORM -> ./input/random_graphs/graph_10000_30000_UNIFORM_6022436717541034636.txt (Time: 0.01s)
✓ Generated graph n=10000, m=30000, seed=6764066939395682287, type=UNIFORM -> ./input/random_graphs/graph_10000_30000_UNIFORM_6764066939395682287.txt (Time: 0.01s)
✓ Generated graph n=10000, m=30000, seed=8794274795737982182, type=UNIFORM -> ./input/random_graphs/graph_10000_30000_UNIFORM_8794274795737982182.txt (Time: 0.01s)
✓ Generated graph n=10000, m=30000, seed=9130666990809746335, type=UNIFORM -> ./input/random_graphs/graph_10000_30000_UNIFORM_9130666990809746335.txt (Time: 0.01s)
✓ Generated graph n=10000, m=30000, seed=7644420139408884785, type=UNIFORM -> ./input/random_graphs/graph_10000_30000_UNIFORM_7644420139408884785.txt (Time: 0.01s)
✓ Generated graph n=10000, m=30000, seed=1458186392400727732, type=UNIFORM -> ./input/random_graphs/graph_10000_30000_UNIFORM_1458186392400727732.txt (Time: 0.01s)
✓ Generated graph n=10000, m=30000, seed=1392892770529522614, type=UNIFORM -> ./input/random_graphs/graph_10000_30000_UNIFORM_1392892770529522614.txt (Time: 0.01s)
✓ Generated graph n=10000, m=30000, seed=9060210648189963449, type=UNIFORM -> ./input/random_graphs/graph_10000_30000_UNIFORM_9060210648189963449.txt (Time: 0.01s)
✓ Generated graph n=10000, m=30000, seed=2089506265998900862, type=UNIFORM -> ./input/random_graphs/graph_10000_30000_UNIFORM_2089506265998900862.txt (Time: 0.01s)
✓ Generated graph n=10000, m=30000, seed=4250897495980125004, type=UNIFORM -> ./input/random_graphs/graph_10000_30000_UNIFORM_4250897495980125004.txt (Time: 0.01s)
✓ Generated graph n=10000, m=30000, seed=5497874167834979553, type=UNIFORM -> ./input/random_graphs/graph_10000_30000_UNIFORM_5497874167834979553.txt (Time: 0.01s)
✓ Generated graph n=10000, m=30000, seed=4060584409398689268, type=UNIFORM -> ./input/random_graphs/graph_10000_30000_UNIFORM_4060584409398689268.txt (Time: 0.01s)
✓ Generated graph n=10000, m=30000, seed=1332005502874566195, type=UNIFORM -> ./input/random_graphs/graph_10000_30000_UNIFORM_1332005502874566195.txt (Time: 0.01s)
✓ Generated graph n=10000, m=30000, seed=1722224698700348310, type=UNIFORM -> ./input/random_graphs/graph_10000_30000_UNIFORM_1722224698700348310.txt (Time: 0.01s)
✓ Generated graph n=10000, m=30000, seed=7905487461282246979, type=UNIFORM -> ./input/random_graphs/graph_10000_30000_UNIFORM_7905487461282246979.txt (Time: 0.01s)
✓ Generated graph n=10000, m=30000, seed=8626102704817790064, type=UNIFORM -> ./input/random_graphs/graph_10000_30000_UNIFORM_8626102704817790064.txt (Time: 0.01s)
✓ Generated graph n=10000, m=30000, seed=8448596294177070022, type=UNIFORM -> ./input/random_graphs/graph_10000_30000_UNIFORM_8448596294177070022.txt (Time: 0.01s)
✓ Generated graph n=10000, m=30000, seed=7983805977214098674, type=UNIFORM -> ./input/random_graphs/graph_10000_30000_UNIFORM_7983805977214098674.txt (Time: 0.01s)
✓ Generated graph n=10000, m=30000, seed=1992204328026194281, type=UNIFORM -> ./input/random_graphs/graph_10000_30000_UNIFORM_1992204328026194281.txt (Time: 0.01s)
✓ Generated graph n=10000, m=30000, seed=4934890601268679176, type=UNIFORM -> ./input/random_graphs/graph_10000_30000_UNIFORM_4934890601268679176.txt (Time: 0.01s)
✓ Generated graph n=10000, m=30000, seed=4795749165124911768, type=UNIFORM -> ./input/random_graphs/graph_10000_30000_UNIFORM_4795749165124911768.txt (Time: 0.01s)
✓ Generated graph n=10000, m=30000, seed=7118744415197196276, type=UNIFORM -> ./input/random_graphs/graph_10000_30000_UNIFORM_7118744415197196276.txt (Time: 0.01s)
✓ Generated graph n=10000, m=30000, seed=2718103348384927511, type=UNIFORM -> ./input/random_graphs/graph_10000_30000_UNIFORM_2718103348384927511.txt (Time: 0.01s)
✓ Generated graph n=10000, m=30000, seed=3221421291694197220, type=UNIFORM -> ./input/random_graphs/graph_10000_30000_UNIFORM_3221421291694197220.txt (Time: 0.01s)
✓ Generated graph n=10000, m=30000, seed=9059990922233379852, type=UNIFORM -> ./input/random_graphs/graph_10000_30000_UNIFORM_9059990922233379852.txt (Time: 0.01s)
✓ Generated graph n=10000, m=30000, seed=7449662661572224354, type=UNIFORM -> ./input/random_graphs/graph_10000_30000_UNIFORM_7449662661572224354.txt (Time: 0.01s)
✓ Generated graph n=10000, m=30000, seed=5894893360759659423, type=UNIFORM -> ./input/random_graphs/graph_10000_30000_UNIFORM_5894893360759659423.txt (Time: 0.01s)
✓ Generated graph n=10000, m=30000, seed=8867616339855336876, type=UNIFORM -> ./input/random_graphs/graph_10000_30000_UNIFORM_8867616339855336876.txt (Time: 0.01s)
✓ Generated graph n=10000, m=30000, seed=2264398621601381987, type=UNIFORM -> ./input/random_graphs/graph_10000_30000_UNIFORM_2264398621601381987.txt (Time: 0.01s)
✓ Generated graph n=10000, m=30000, seed=4940913311242578590, type=UNIFORM -> ./input/random_graphs/graph_10000_30000_UNIFORM_4940913311242578590.txt (Time: 0.01s)
✓ Generated graph n=10000, m=30000, seed=7632458674696225362, type=UNIFORM -> ./input/random_graphs/graph_10000_30000_UNIFORM_7632458674696225362.txt (Time: 0.01s)
✓ Generated graph n=10000, m=35000, seed=6230961512046992311, type=UNIFORM -> ./input/random_graphs/graph_10000_35000_UNIFORM_6230961512046992311.txt (Time: 0.01s)
✓ Generated graph n=10000, m=35000, seed=7871178979383552919, type=UNIFORM -> ./input/random_graphs/graph_10000_35000_UNIFORM_7871178979383552919.txt (Time: 0.01s)
✓ Generated graph n=10000, m=35000, seed=5739955973604961613, type=UNIFORM -> ./input/random_graphs/graph_10000_35000_UNIFORM_5739955973604961613.txt (Time: 0.01s)
✓ Generated graph n=10000, m=35000, seed=7032710160631691991, type=UNIFORM -> ./input/random_graphs/graph_10000_35000_UNIFORM_7032710160631691991.txt (Time: 0.01s)
✓ Generated graph n=10000, m=35000, seed=3881801951614183357, type=UNIFORM -> ./input/random_graphs/graph_10000_35000_UNIFORM_3881801951614183357.txt (Time: 0.01s)
✓ Generated graph n=10000, m=35000, seed=7599700178212337699, type=UNIFORM -> ./input/random_graphs/graph_10000_35000_UNIFORM_7599700178212337699.txt (Time: 0.01s)
✓ Generated graph n=10000, m=35000, seed=1353182403971399009, type=UNIFORM -> ./input/random_graphs/graph_10000_35000_UNIFORM_1353182403971399009.txt (Time: 0.01s)
✓ Generated graph n=10000, m=35000, seed=1070244953599069350, type=UNIFORM -> ./input/random_graphs/graph_10000_35000_UNIFORM_1070244953599069350.txt (Time: 0.01s)
✓ Generated graph n=10000, m=35000, seed=6522163754831416203, type=UNIFORM -> ./input/random_graphs/graph_10000_35000_UNIFORM_6522163754831416203.txt (Time: 0.01s)
✓ Generated graph n=10000, m=35000, seed=6938562734920028532, type=UNIFORM -> ./input/random_graphs/graph_10000_35000_UNIFORM_6938562734920028532.txt (Time: 0.01s)
✓ Generated graph n=10000, m=35000, seed=4040737767143389431, type=UNIFORM -> ./input/random_graphs/graph_10000_35000_UNIFORM_4040737767143389431.txt (Time: 0.01s)
✓ Generated graph n=10000, m=35000, seed=1309542850049879452, type=UNIFORM -> ./input/random_graphs/graph_10000_35000_UNIFORM_1309542850049879452.txt (Time: 0.01s)
✓ Generated graph n=10000, m=35000, seed=1250005700364523649, type=UNIFORM -> ./input/random_graphs/graph_10000_35000_UNIFORM_1250005700364523649.txt (Time: 0.01s)
✓ Generated graph n=10000, m=35000, seed=2429002973740178792, type=UNIFORM -> ./input/random_graphs/graph_10000_35000_UNIFORM_2429002973740178792.txt (Time: 0.01s)
✓ Generated graph n=10000, m=35000, seed=7663871783842725848, type=UNIFORM -> ./input/random_graphs/graph_10000_35000_UNIFORM_7663871783842725848.txt (Time: 0.01s)
✓ Generated graph n=10000, m=35000, seed=320375091487821987, type=UNIFORM -> ./input/random_graphs/graph_10000_35000_UNIFORM_320375091487821987.txt (Time: 0.01s)
✓ Generated graph n=10000, m=35000, seed=7146860528564146064, type=UNIFORM -> ./input/random_graphs/graph_10000_35000_UNIFORM_7146860528564146064.txt (Time: 0.01s)
✓ Generated graph n=10000, m=35000, seed=1250773459040295677, type=UNIFORM -> ./input/random_graphs/graph_10000_35000_UNIFORM_1250773459040295677.txt (Time: 0.01s)
✓ Generated graph n=10000, m=35000, seed=5906957480796939447, type=UNIFORM -> ./input/random_graphs/graph_10000_35000_UNIFORM_5906957480796939447.txt (Time: 0.01s)
✓ Generated graph n=10000, m=35000, seed=3438400432146115956, type=UNIFORM -> ./input/random_graphs/graph_10000_35000_UNIFORM_3438400432146115956.txt (Time: 0.01s)
✓ Generated graph n=10000, m=35000, seed=5139481885857321791, type=UNIFORM -> ./input/random_graphs/graph_10000_35000_UNIFORM_5139481885857321791.txt (Time: 0.01s)
✓ Generated graph n=10000, m=35000, seed=7473196763798409428, type=UNIFORM -> ./input/random_graphs/graph_10000_35000_UNIFORM_7473196763798409428.txt (Time: 0.01s)
✓ Generated graph n=10000, m=35000, seed=5142811650494845597, type=UNIFORM -> ./input/random_graphs/graph_10000_35000_UNIFORM_5142811650494845597.txt (Time: 0.01s)
✓ Generated graph n=10000, m=35000, seed=3010622984418968408, type=UNIFORM -> ./input/random_graphs/graph_10000_35000_UNIFORM_3010622984418968408.txt (Time: 0.01s)
✓ Generated graph n=10000, m=35000, seed=6002685213311538187, type=UNIFORM -> ./input/random_graphs/graph_10000_35000_UNIFORM_6002685213311538187.txt (Time: 0.01s)
✓ Generated graph n=10000, m=35000, seed=5708372698381010775, type=UNIFORM -> ./input/random_graphs/graph_10000_35000_UNIFORM_5708372698381010775.txt (Time: 0.01s)
✓ Generated graph n=10000, m=35000, seed=521787134863155063, type=UNIFORM -> ./input/random_graphs/graph_10000_35000_UNIFORM_521787134863155063.txt (Time: 0.01s)
✓ Generated graph n=10000, m=35000, seed=1731523882129807996, type=UNIFORM -> ./input/random_graphs/graph_10000_35000_UNIFORM_1731523882129807996.txt (Time: 0.01s)
✓ Generated graph n=10000, m=35000, seed=1853590723603270879, type=UNIFORM -> ./input/random_graphs/graph_10000_35000_UNIFORM_1853590723603270879.txt (Time: 0.01s)
✓ Generated graph n=10000, m=35000, seed=7029781962072644698, type=UNIFORM -> ./input/random_graphs/graph_10000_35000_UNIFORM_7029781962072644698.txt (Time: 0.01s)
✓ Generated graph n=10000, m=35000, seed=6785030173969523435, type=UNIFORM -> ./input/random_graphs/graph_10000_35000_UNIFORM_6785030173969523435.txt (Time: 0.01s)
✓ Generated graph n=10000, m=35000, seed=5529616217668449934, type=UNIFORM -> ./input/random_graphs/graph_10000_35000_UNIFORM_5529616217668449934.txt (Time: 0.01s)
✓ Generated graph n=10000, m=35000, seed=6802378520969450157, type=UNIFORM -> ./input/random_graphs/graph_10000_35000_UNIFORM_6802378520969450157.txt (Time: 0.01s)
✓ Generated graph n=10000, m=35000, seed=3224265581699847191, type=UNIFORM -> ./input/random_graphs/graph_10000_35000_UNIFORM_3224265581699847191.txt (Time: 0.01s)
✓ Generated graph n=10000, m=35000, seed=5258051056098597521, type=UNIFORM -> ./input/random_graphs/graph_10000_35000_UNIFORM_5258051056098597521.txt (Time: 0.01s)
✓ Generated graph n=10000, m=35000, seed=1024517563182776983, type=UNIFORM -> ./input/random_graphs/graph_10000_35000_UNIFORM_1024517563182776983.txt (Time: 0.01s)
✓ Generated graph n=10000, m=35000, seed=1647170069535670909, type=UNIFORM -> ./input/random_graphs/graph_10000_35000_UNIFORM_1647170069535670909.txt (Time: 0.01s)
✓ Generated graph n=10000, m=35000, seed=4122784633514911760, type=UNIFORM -> ./input/random_graphs/graph_10000_35000_UNIFORM_4122784633514911760.txt (Time: 0.01s)
✓ Generated graph n=10000, m=35000, seed=824387247617288499, type=UNIFORM -> ./input/random_graphs/graph_10000_35000_UNIFORM_824387247617288499.txt (Time: 0.01s)
✓ Generated graph n=10000, m=35000, seed=7706236040662210848, type=UNIFORM -> ./input/random_graphs/graph_10000_35000_UNIFORM_7706236040662210848.txt (Time: 0.01s)
✓ Generated graph n=10000, m=35000, seed=1632192924771168275, type=UNIFORM -> ./input/random_graphs/graph_10000_35000_UNIFORM_1632192924771168275.txt (Time: 0.01s)
✓ Generated graph n=10000, m=35000, seed=7161906730445628483, type=UNIFORM -> ./input/random_graphs/graph_10000_35000_UNIFORM_7161906730445628483.txt (Time: 0.01s)
✓ Generated graph n=10000, m=35000, seed=4552998297316576788, type=UNIFORM -> ./input/random_graphs/graph_10000_35000_UNIFORM_4552998297316576788.txt (Time: 0.01s)
✓ Generated graph n=10000, m=35000, seed=8031431416522537101, type=UNIFORM -> ./input/random_graphs/graph_10000_35000_UNIFORM_8031431416522537101.txt (Time: 0.01s)
✓ Generated graph n=10000, m=35000, seed=6143643868734370809, type=UNIFORM -> ./input/random_graphs/graph_10000_35000_UNIFORM_6143643868734370809.txt (Time: 0.01s)
✓ Generated graph n=10000, m=35000, seed=3272308573967577038, type=UNIFORM -> ./input/random_graphs/graph_10000_35000_UNIFORM_3272308573967577038.txt (Time: 0.01s)
✓ Generated graph n=10000, m=35000, seed=5636411189175451024, type=UNIFORM -> ./input/random_graphs/graph_10000_35000_UNIFORM_5636411189175451024.txt (Time: 0.01s)
✓ Generated graph n=10000, m=35000, seed=6614505080519948832, type=UNIFORM -> ./input/random_graphs/graph_10000_35000_UNIFORM_6614505080519948832.txt (Time: 0.01s)
✓ Generated graph n=10000, m=35000, seed=5349491008325879064, type=UNIFORM -> ./input/random_graphs/graph_10000_35000_UNIFORM_5349491008325879064.txt (Time: 0.01s)
✓ Generated graph n=10000, m=35000, seed=7938560551762094560, type=UNIFORM -> ./input/random_graphs/graph_10000_35000_UNIFORM_7938560551762094560.txt (Time: 0.01s)
✓ Generated graph n=10000, m=35000, seed=7917045922527545890, type=UNIFORM -> ./input/random_graphs/graph_10000_35000_UNIFORM_7917045922527545890.txt (Time: 0.01s)
✓ Generated graph n=10000, m=35000, seed=4445925461710302877, type=UNIFORM -> ./input/random_graphs/graph_10000_35000_UNIFORM_4445925461710302877.txt (Time: 0.01s)
✓ Generated graph n=10000, m=35000, seed=3865339568260874865, type=UNIFORM -> ./input/random_graphs/graph_10000_35000_UNIFORM_3865339568260874865.txt (Time: 0.01s)
✓ Generated graph n=10000, m=35000, seed=6224222471595207695, type=UNIFORM -> ./input/random_graphs/graph_10000_35000_UNIFORM_6224222471595207695.txt (Time: 0.01s)
✓ Generated graph n=10000, m=35000, seed=1128313391724783137, type=UNIFORM -> ./input/random_graphs/graph_10000_35000_UNIFORM_1128313391724783137.txt (Time: 0.01s)
✓ Generated graph n=10000, m=35000, seed=7921282862123281598, type=UNIFORM -> ./input/random_graphs/graph_10000_35000_UNIFORM_7921282862123281598.txt (Time: 0.01s)
✓ Generated graph n=10000, m=35000, seed=716820155901718944, type=UNIFORM -> ./input/random_graphs/graph_10000_35000_UNIFORM_716820155901718944.txt (Time: 0.01s)
✓ Generated graph n=10000, m=35000, seed=8718380604043999642, type=UNIFORM -> ./input/random_graphs/graph_10000_35000_UNIFORM_8718380604043999642.txt (Time: 0.01s)
✓ Generated graph n=10000, m=35000, seed=5063475852268941542, type=UNIFORM -> ./input/random_graphs/graph_10000_35000_UNIFORM_5063475852268941542.txt (Time: 0.01s)
✓ Generated graph n=10000, m=35000, seed=5108599054664628607, type=UNIFORM -> ./input/random_graphs/graph_10000_35000_UNIFORM_5108599054664628607.txt (Time: 0.01s)
✓ Generated graph n=10000, m=35000, seed=8446481348147407377, type=UNIFORM -> ./input/random_graphs/graph_10000_35000_UNIFORM_8446481348147407377.txt (Time: 0.01s)
✓ Generated graph n=10000, m=35000, seed=4997514996153925447, type=UNIFORM -> ./input/random_graphs/graph_10000_35000_UNIFORM_4997514996153925447.txt (Time: 0.01s)
✓ Generated graph n=10000, m=35000, seed=3817405844514670994, type=UNIFORM -> ./input/random_graphs/graph_10000_35000_UNIFORM_3817405844514670994.txt (Time: 0.01s)
✓ Generated graph n=10000, m=35000, seed=6529943913552561417, type=UNIFORM -> ./input/random_graphs/graph_10000_35000_UNIFORM_6529943913552561417.txt (Time: 0.01s)
✓ Generated graph n=10000, m=35000, seed=2909934787168262407, type=UNIFORM -> ./input/random_graphs/graph_10000_35000_UNIFORM_2909934787168262407.txt (Time: 0.01s)
✓ Generated graph n=10000, m=35000, seed=1170385908854608748, type=UNIFORM -> ./input/random_graphs/graph_10000_35000_UNIFORM_1170385908854608748.txt (Time: 0.01s)
✓ Generated graph n=10000, m=35000, seed=199422815561151340, type=UNIFORM -> ./input/random_graphs/graph_10000_35000_UNIFORM_199422815561151340.txt (Time: 0.01s)
✓ Generated graph n=10000, m=35000, seed=6022436717541034636, type=UNIFORM -> ./input/random_graphs/graph_10000_35000_UNIFORM_6022436717541034636.txt (Time: 0.01s)
✓ Generated graph n=10000, m=35000, seed=3713827327871807734, type=UNIFORM -> ./input/random_graphs/graph_10000_35000_UNIFORM_3713827327871807734.txt (Time: 0.01s)
✓ Generated graph n=10000, m=35000, seed=175493991617213850, type=UNIFORM -> ./input/random_graphs/graph_10000_35000_UNIFORM_175493991617213850.txt (Time: 0.01s)
✓ Generated graph n=10000, m=35000, seed=9130666990809746335, type=UNIFORM -> ./input/random_graphs/graph_10000_35000_UNIFORM_9130666990809746335.txt (Time: 0.01s)
✓ Generated graph n=10000, m=35000, seed=6764066939395682287, type=UNIFORM -> ./input/random_graphs/graph_10000_35000_UNIFORM_6764066939395682287.txt (Time: 0.01s)
✓ Generated graph n=10000, m=35000, seed=1458186392400727732, type=UNIFORM -> ./input/random_graphs/graph_10000_35000_UNIFORM_1458186392400727732.txt (Time: 0.01s)
✓ Generated graph n=10000, m=35000, seed=7644420139408884785, type=UNIFORM -> ./input/random_graphs/graph_10000_35000_UNIFORM_7644420139408884785.txt (Time: 0.01s)
✓ Generated graph n=10000, m=35000, seed=1392892770529522614, type=UNIFORM -> ./input/random_graphs/graph_10000_35000_UNIFORM_1392892770529522614.txt (Time: 0.01s)
✓ Generated graph n=10000, m=35000, seed=1332005502874566195, type=UNIFORM -> ./input/random_graphs/graph_10000_35000_UNIFORM_1332005502874566195.txt (Time: 0.01s)
✓ Generated graph n=10000, m=35000, seed=9060210648189963449, type=UNIFORM -> ./input/random_graphs/graph_10000_35000_UNIFORM_9060210648189963449.txt (Time: 0.01s)
✓ Generated graph n=10000, m=35000, seed=7905487461282246979, type=UNIFORM -> ./input/random_graphs/graph_10000_35000_UNIFORM_7905487461282246979.txt (Time: 0.01s)
✓ Generated graph n=10000, m=35000, seed=4250897495980125004, type=UNIFORM -> ./input/random_graphs/graph_10000_35000_UNIFORM_4250897495980125004.txt (Time: 0.01s)
✓ Generated graph n=10000, m=35000, seed=8794274795737982182, type=UNIFORM -> ./input/random_graphs/graph_10000_35000_UNIFORM_8794274795737982182.txt (Time: 0.01s)
✓ Generated graph n=10000, m=35000, seed=2089506265998900862, type=UNIFORM -> ./input/random_graphs/graph_10000_35000_UNIFORM_2089506265998900862.txt (Time: 0.01s)
✓ Generated graph n=10000, m=35000, seed=5497874167834979553, type=UNIFORM -> ./input/random_graphs/graph_10000_35000_UNIFORM_5497874167834979553.txt (Time: 0.01s)
✓ Generated graph n=10000, m=35000, seed=4060584409398689268, type=UNIFORM -> ./input/random_graphs/graph_10000_35000_UNIFORM_4060584409398689268.txt (Time: 0.01s)
✓ Generated graph n=10000, m=35000, seed=1722224698700348310, type=UNIFORM -> ./input/random_graphs/graph_10000_35000_UNIFORM_1722224698700348310.txt (Time: 0.01s)
✓ Generated graph n=10000, m=35000, seed=8448596294177070022, type=UNIFORM -> ./input/random_graphs/graph_10000_35000_UNIFORM_8448596294177070022.txt (Time: 0.01s)
✓ Generated graph n=10000, m=35000, seed=8626102704817790064, type=UNIFORM -> ./input/random_graphs/graph_10000_35000_UNIFORM_8626102704817790064.txt (Time: 0.01s)
✓ Generated graph n=10000, m=35000, seed=4934890601268679176, type=UNIFORM -> ./input/random_graphs/graph_10000_35000_UNIFORM_4934890601268679176.txt (Time: 0.01s)
✓ Generated graph n=10000, m=35000, seed=4795749165124911768, type=UNIFORM -> ./input/random_graphs/graph_10000_35000_UNIFORM_4795749165124911768.txt (Time: 0.01s)
✓ Generated graph n=10000, m=35000, seed=1992204328026194281, type=UNIFORM -> ./input/random_graphs/graph_10000_35000_UNIFORM_1992204328026194281.txt (Time: 0.01s)
✓ Generated graph n=10000, m=35000, seed=7118744415197196276, type=UNIFORM -> ./input/random_graphs/graph_10000_35000_UNIFORM_7118744415197196276.txt (Time: 0.01s)
✓ Generated graph n=10000, m=35000, seed=2718103348384927511, type=UNIFORM -> ./input/random_graphs/graph_10000_35000_UNIFORM_2718103348384927511.txt (Time: 0.01s)
✓ Generated graph n=10000, m=35000, seed=9059990922233379852, type=UNIFORM -> ./input/random_graphs/graph_10000_35000_UNIFORM_9059990922233379852.txt (Time: 0.01s)
✓ Generated graph n=10000, m=35000, seed=7449662661572224354, type=UNIFORM -> ./input/random_graphs/graph_10000_35000_UNIFORM_7449662661572224354.txt (Time: 0.01s)
✓ Generated graph n=10000, m=35000, seed=3221421291694197220, type=UNIFORM -> ./input/random_graphs/graph_10000_35000_UNIFORM_3221421291694197220.txt (Time: 0.01s)
✓ Generated graph n=10000, m=35000, seed=8867616339855336876, type=UNIFORM -> ./input/random_graphs/graph_10000_35000_UNIFORM_8867616339855336876.txt (Time: 0.01s)
✓ Generated graph n=10000, m=35000, seed=5894893360759659423, type=UNIFORM -> ./input/random_graphs/graph_10000_35000_UNIFORM_5894893360759659423.txt (Time: 0.01s)
✓ Generated graph n=10000, m=35000, seed=7983805977214098674, type=UNIFORM -> ./input/random_graphs/graph_10000_35000_UNIFORM_7983805977214098674.txt (Time: 0.01s)
✓ Generated graph n=10000, m=35000, seed=2264398621601381987, type=UNIFORM -> ./input/random_graphs/graph_10000_35000_UNIFORM_2264398621601381987.txt (Time: 0.01s)
✓ Generated graph n=10000, m=35000, seed=4940913311242578590, type=UNIFORM -> ./input/random_graphs/graph_10000_35000_UNIFORM_4940913311242578590.txt (Time: 0.01s)
✓ Generated graph n=10000, m=40000, seed=7871178979383552919, type=UNIFORM -> ./input/random_graphs/graph_10000_40000_UNIFORM_7871178979383552919.txt (Time: 0.01s)
✓ Generated graph n=10000, m=35000, seed=7632458674696225362, type=UNIFORM -> ./input/random_graphs/graph_10000_35000_UNIFORM_7632458674696225362.txt (Time: 0.01s)
✓ Generated graph n=10000, m=40000, seed=6230961512046992311, type=UNIFORM -> ./input/random_graphs/graph_10000_40000_UNIFORM_6230961512046992311.txt (Time: 0.01s)
✓ Generated graph n=10000, m=40000, seed=5739955973604961613, type=UNIFORM -> ./input/random_graphs/graph_10000_40000_UNIFORM_5739955973604961613.txt (Time: 0.01s)
✓ Generated graph n=10000, m=40000, seed=7032710160631691991, type=UNIFORM -> ./input/random_graphs/graph_10000_40000_UNIFORM_7032710160631691991.txt (Time: 0.01s)
✓ Generated graph n=10000, m=40000, seed=3881801951614183357, type=UNIFORM -> ./input/random_graphs/graph_10000_40000_UNIFORM_3881801951614183357.txt (Time: 0.01s)
✓ Generated graph n=10000, m=40000, seed=7599700178212337699, type=UNIFORM -> ./input/random_graphs/graph_10000_40000_UNIFORM_7599700178212337699.txt (Time: 0.01s)
✓ Generated graph n=10000, m=40000, seed=1353182403971399009, type=UNIFORM -> ./input/random_graphs/graph_10000_40000_UNIFORM_1353182403971399009.txt (Time: 0.01s)
✓ Generated graph n=10000, m=40000, seed=1309542850049879452, type=UNIFORM -> ./input/random_graphs/graph_10000_40000_UNIFORM_1309542850049879452.txt (Time: 0.01s)
✓ Generated graph n=10000, m=40000, seed=1070244953599069350, type=UNIFORM -> ./input/random_graphs/graph_10000_40000_UNIFORM_1070244953599069350.txt (Time: 0.01s)
✓ Generated graph n=10000, m=40000, seed=6522163754831416203, type=UNIFORM -> ./input/random_graphs/graph_10000_40000_UNIFORM_6522163754831416203.txt (Time: 0.01s)
✓ Generated graph n=10000, m=40000, seed=6938562734920028532, type=UNIFORM -> ./input/random_graphs/graph_10000_40000_UNIFORM_6938562734920028532.txt (Time: 0.01s)
✓ Generated graph n=10000, m=40000, seed=4040737767143389431, type=UNIFORM -> ./input/random_graphs/graph_10000_40000_UNIFORM_4040737767143389431.txt (Time: 0.01s)
✓ Generated graph n=10000, m=40000, seed=1250005700364523649, type=UNIFORM -> ./input/random_graphs/graph_10000_40000_UNIFORM_1250005700364523649.txt (Time: 0.01s)
✓ Generated graph n=10000, m=40000, seed=2429002973740178792, type=UNIFORM -> ./input/random_graphs/graph_10000_40000_UNIFORM_2429002973740178792.txt (Time: 0.01s)
✓ Generated graph n=10000, m=40000, seed=7663871783842725848, type=UNIFORM -> ./input/random_graphs/graph_10000_40000_UNIFORM_7663871783842725848.txt (Time: 0.01s)
✓ Generated graph n=10000, m=40000, seed=5906957480796939447, type=UNIFORM -> ./input/random_graphs/graph_10000_40000_UNIFORM_5906957480796939447.txt (Time: 0.01s)
✓ Generated graph n=10000, m=40000, seed=1250773459040295677, type=UNIFORM -> ./input/random_graphs/graph_10000_40000_UNIFORM_1250773459040295677.txt (Time: 0.01s)
✓ Generated graph n=10000, m=40000, seed=7146860528564146064, type=UNIFORM -> ./input/random_graphs/graph_10000_40000_UNIFORM_7146860528564146064.txt (Time: 0.01s)
✓ Generated graph n=10000, m=40000, seed=320375091487821987, type=UNIFORM -> ./input/random_graphs/graph_10000_40000_UNIFORM_320375091487821987.txt (Time: 0.01s)
✓ Generated graph n=10000, m=40000, seed=3438400432146115956, type=UNIFORM -> ./input/random_graphs/graph_10000_40000_UNIFORM_3438400432146115956.txt (Time: 0.01s)
✓ Generated graph n=10000, m=40000, seed=5139481885857321791, type=UNIFORM -> ./input/random_graphs/graph_10000_40000_UNIFORM_5139481885857321791.txt (Time: 0.01s)
✓ Generated graph n=10000, m=40000, seed=7473196763798409428, type=UNIFORM -> ./input/random_graphs/graph_10000_40000_UNIFORM_7473196763798409428.txt (Time: 0.01s)
✓ Generated graph n=10000, m=40000, seed=3010622984418968408, type=UNIFORM -> ./input/random_graphs/graph_10000_40000_UNIFORM_3010622984418968408.txt (Time: 0.01s)
✓ Generated graph n=10000, m=40000, seed=5142811650494845597, type=UNIFORM -> ./input/random_graphs/graph_10000_40000_UNIFORM_5142811650494845597.txt (Time: 0.01s)
✓ Generated graph n=10000, m=40000, seed=5708372698381010775, type=UNIFORM -> ./input/random_graphs/graph_10000_40000_UNIFORM_5708372698381010775.txt (Time: 0.01s)
✓ Generated graph n=10000, m=40000, seed=6002685213311538187, type=UNIFORM -> ./input/random_graphs/graph_10000_40000_UNIFORM_6002685213311538187.txt (Time: 0.01s)
✓ Generated graph n=10000, m=40000, seed=1731523882129807996, type=UNIFORM -> ./input/random_graphs/graph_10000_40000_UNIFORM_1731523882129807996.txt (Time: 0.01s)
✓ Generated graph n=10000, m=40000, seed=521787134863155063, type=UNIFORM -> ./input/random_graphs/graph_10000_40000_UNIFORM_521787134863155063.txt (Time: 0.01s)
✓ Generated graph n=10000, m=40000, seed=1853590723603270879, type=UNIFORM -> ./input/random_graphs/graph_10000_40000_UNIFORM_1853590723603270879.txt (Time: 0.01s)
✓ Generated graph n=10000, m=40000, seed=6785030173969523435, type=UNIFORM -> ./input/random_graphs/graph_10000_40000_UNIFORM_6785030173969523435.txt (Time: 0.01s)
✓ Generated graph n=10000, m=40000, seed=7029781962072644698, type=UNIFORM -> ./input/random_graphs/graph_10000_40000_UNIFORM_7029781962072644698.txt (Time: 0.01s)
✓ Generated graph n=10000, m=40000, seed=5529616217668449934, type=UNIFORM -> ./input/random_graphs/graph_10000_40000_UNIFORM_5529616217668449934.txt (Time: 0.01s)
✓ Generated graph n=10000, m=40000, seed=1024517563182776983, type=UNIFORM -> ./input/random_graphs/graph_10000_40000_UNIFORM_1024517563182776983.txt (Time: 0.01s)
✓ Generated graph n=10000, m=40000, seed=3224265581699847191, type=UNIFORM -> ./input/random_graphs/graph_10000_40000_UNIFORM_3224265581699847191.txt (Time: 0.01s)
✓ Generated graph n=10000, m=40000, seed=4122784633514911760, type=UNIFORM -> ./input/random_graphs/graph_10000_40000_UNIFORM_4122784633514911760.txt (Time: 0.01s)
✓ Generated graph n=10000, m=40000, seed=1647170069535670909, type=UNIFORM -> ./input/random_graphs/graph_10000_40000_UNIFORM_1647170069535670909.txt (Time: 0.01s)
✓ Generated graph n=10000, m=40000, seed=5258051056098597521, type=UNIFORM -> ./input/random_graphs/graph_10000_40000_UNIFORM_5258051056098597521.txt (Time: 0.01s)
✓ Generated graph n=10000, m=40000, seed=7706236040662210848, type=UNIFORM -> ./input/random_graphs/graph_10000_40000_UNIFORM_7706236040662210848.txt (Time: 0.01s)
✓ Generated graph n=10000, m=40000, seed=824387247617288499, type=UNIFORM -> ./input/random_graphs/graph_10000_40000_UNIFORM_824387247617288499.txt (Time: 0.01s)
✓ Generated graph n=10000, m=40000, seed=1632192924771168275, type=UNIFORM -> ./input/random_graphs/graph_10000_40000_UNIFORM_1632192924771168275.txt (Time: 0.01s)
✓ Generated graph n=10000, m=40000, seed=7161906730445628483, type=UNIFORM -> ./input/random_graphs/graph_10000_40000_UNIFORM_7161906730445628483.txt (Time: 0.01s)
✓ Generated graph n=10000, m=40000, seed=4552998297316576788, type=UNIFORM -> ./input/random_graphs/graph_10000_40000_UNIFORM_4552998297316576788.txt (Time: 0.01s)
✓ Generated graph n=10000, m=40000, seed=6802378520969450157, type=UNIFORM -> ./input/random_graphs/graph_10000_40000_UNIFORM_6802378520969450157.txt (Time: 0.01s)
✓ Generated graph n=10000, m=40000, seed=8031431416522537101, type=UNIFORM -> ./input/random_graphs/graph_10000_40000_UNIFORM_8031431416522537101.txt (Time: 0.01s)
✓ Generated graph n=10000, m=40000, seed=6143643868734370809, type=UNIFORM -> ./input/random_graphs/graph_10000_40000_UNIFORM_6143643868734370809.txt (Time: 0.01s)
✓ Generated graph n=10000, m=40000, seed=5636411189175451024, type=UNIFORM -> ./input/random_graphs/graph_10000_40000_UNIFORM_5636411189175451024.txt (Time: 0.01s)
✓ Generated graph n=10000, m=40000, seed=3272308573967577038, type=UNIFORM -> ./input/random_graphs/graph_10000_40000_UNIFORM_3272308573967577038.txt (Time: 0.01s)
✓ Generated graph n=10000, m=40000, seed=5349491008325879064, type=UNIFORM -> ./input/random_graphs/graph_10000_40000_UNIFORM_5349491008325879064.txt (Time: 0.01s)
✓ Generated graph n=10000, m=40000, seed=6614505080519948832, type=UNIFORM -> ./input/random_graphs/graph_10000_40000_UNIFORM_6614505080519948832.txt (Time: 0.01s)
✓ Generated graph n=10000, m=40000, seed=7938560551762094560, type=UNIFORM -> ./input/random_graphs/graph_10000_40000_UNIFORM_7938560551762094560.txt (Time: 0.01s)
✓ Generated graph n=10000, m=40000, seed=7917045922527545890, type=UNIFORM -> ./input/random_graphs/graph_10000_40000_UNIFORM_7917045922527545890.txt (Time: 0.01s)
✓ Generated graph n=10000, m=40000, seed=3865339568260874865, type=UNIFORM -> ./input/random_graphs/graph_10000_40000_UNIFORM_3865339568260874865.txt (Time: 0.01s)
✓ Generated graph n=10000, m=40000, seed=4445925461710302877, type=UNIFORM -> ./input/random_graphs/graph_10000_40000_UNIFORM_4445925461710302877.txt (Time: 0.01s)
✓ Generated graph n=10000, m=40000, seed=4997514996153925447, type=UNIFORM -> ./input/random_graphs/graph_10000_40000_UNIFORM_4997514996153925447.txt (Time: 0.01s)
✓ Generated graph n=10000, m=40000, seed=1128313391724783137, type=UNIFORM -> ./input/random_graphs/graph_10000_40000_UNIFORM_1128313391724783137.txt (Time: 0.01s)
✓ Generated graph n=10000, m=40000, seed=7921282862123281598, type=UNIFORM -> ./input/random_graphs/graph_10000_40000_UNIFORM_7921282862123281598.txt (Time: 0.01s)
✓ Generated graph n=10000, m=40000, seed=716820155901718944, type=UNIFORM -> ./input/random_graphs/graph_10000_40000_UNIFORM_716820155901718944.txt (Time: 0.01s)
✓ Generated graph n=10000, m=40000, seed=8718380604043999642, type=UNIFORM -> ./input/random_graphs/graph_10000_40000_UNIFORM_8718380604043999642.txt (Time: 0.01s)
✓ Generated graph n=10000, m=40000, seed=5063475852268941542, type=UNIFORM -> ./input/random_graphs/graph_10000_40000_UNIFORM_5063475852268941542.txt (Time: 0.01s)
✓ Generated graph n=10000, m=40000, seed=6224222471595207695, type=UNIFORM -> ./input/random_graphs/graph_10000_40000_UNIFORM_6224222471595207695.txt (Time: 0.01s)
✓ Generated graph n=10000, m=40000, seed=8446481348147407377, type=UNIFORM -> ./input/random_graphs/graph_10000_40000_UNIFORM_8446481348147407377.txt (Time: 0.01s)
✓ Generated graph n=10000, m=40000, seed=3817405844514670994, type=UNIFORM -> ./input/random_graphs/graph_10000_40000_UNIFORM_3817405844514670994.txt (Time: 0.01s)
✓ Generated graph n=10000, m=40000, seed=2909934787168262407, type=UNIFORM -> ./input/random_graphs/graph_10000_40000_UNIFORM_2909934787168262407.txt (Time: 0.01s)
✓ Generated graph n=10000, m=40000, seed=6529943913552561417, type=UNIFORM -> ./input/random_graphs/graph_10000_40000_UNIFORM_6529943913552561417.txt (Time: 0.01s)
✓ Generated graph n=10000, m=40000, seed=1170385908854608748, type=UNIFORM -> ./input/random_graphs/graph_10000_40000_UNIFORM_1170385908854608748.txt (Time: 0.01s)
✓ Generated graph n=10000, m=40000, seed=175493991617213850, type=UNIFORM -> ./input/random_graphs/graph_10000_40000_UNIFORM_175493991617213850.txt (Time: 0.01s)
✓ Generated graph n=10000, m=40000, seed=6022436717541034636, type=UNIFORM -> ./input/random_graphs/graph_10000_40000_UNIFORM_6022436717541034636.txt (Time: 0.01s)
✓ Generated graph n=10000, m=40000, seed=3713827327871807734, type=UNIFORM -> ./input/random_graphs/graph_10000_40000_UNIFORM_3713827327871807734.txt (Time: 0.01s)
✓ Generated graph n=10000, m=40000, seed=5108599054664628607, type=UNIFORM -> ./input/random_graphs/graph_10000_40000_UNIFORM_5108599054664628607.txt (Time: 0.01s)
✓ Generated graph n=10000, m=40000, seed=199422815561151340, type=UNIFORM -> ./input/random_graphs/graph_10000_40000_UNIFORM_199422815561151340.txt (Time: 0.01s)
✓ Generated graph n=10000, m=40000, seed=6764066939395682287, type=UNIFORM -> ./input/random_graphs/graph_10000_40000_UNIFORM_6764066939395682287.txt (Time: 0.01s)
✓ Generated graph n=10000, m=40000, seed=2089506265998900862, type=UNIFORM -> ./input/random_graphs/graph_10000_40000_UNIFORM_2089506265998900862.txt (Time: 0.01s)
✓ Generated graph n=10000, m=40000, seed=9130666990809746335, type=UNIFORM -> ./input/random_graphs/graph_10000_40000_UNIFORM_9130666990809746335.txt (Time: 0.01s)
✓ Generated graph n=10000, m=40000, seed=7644420139408884785, type=UNIFORM -> ./input/random_graphs/graph_10000_40000_UNIFORM_7644420139408884785.txt (Time: 0.01s)
✓ Generated graph n=10000, m=40000, seed=1722224698700348310, type=UNIFORM -> ./input/random_graphs/graph_10000_40000_UNIFORM_1722224698700348310.txt (Time: 0.01s)
✓ Generated graph n=10000, m=40000, seed=1458186392400727732, type=UNIFORM -> ./input/random_graphs/graph_10000_40000_UNIFORM_1458186392400727732.txt (Time: 0.01s)
✓ Generated graph n=10000, m=40000, seed=1392892770529522614, type=UNIFORM -> ./input/random_graphs/graph_10000_40000_UNIFORM_1392892770529522614.txt (Time: 0.01s)
✓ Generated graph n=10000, m=40000, seed=8794274795737982182, type=UNIFORM -> ./input/random_graphs/graph_10000_40000_UNIFORM_8794274795737982182.txt (Time: 0.01s)
✓ Generated graph n=10000, m=40000, seed=4250897495980125004, type=UNIFORM -> ./input/random_graphs/graph_10000_40000_UNIFORM_4250897495980125004.txt (Time: 0.01s)
✓ Generated graph n=10000, m=40000, seed=9060210648189963449, type=UNIFORM -> ./input/random_graphs/graph_10000_40000_UNIFORM_9060210648189963449.txt (Time: 0.01s)
✓ Generated graph n=10000, m=40000, seed=5497874167834979553, type=UNIFORM -> ./input/random_graphs/graph_10000_40000_UNIFORM_5497874167834979553.txt (Time: 0.01s)
✓ Generated graph n=10000, m=40000, seed=1332005502874566195, type=UNIFORM -> ./input/random_graphs/graph_10000_40000_UNIFORM_1332005502874566195.txt (Time: 0.01s)
✓ Generated graph n=10000, m=40000, seed=4060584409398689268, type=UNIFORM -> ./input/random_graphs/graph_10000_40000_UNIFORM_4060584409398689268.txt (Time: 0.01s)
✓ Generated graph n=10000, m=40000, seed=7905487461282246979, type=UNIFORM -> ./input/random_graphs/graph_10000_40000_UNIFORM_7905487461282246979.txt (Time: 0.01s)
✓ Generated graph n=10000, m=40000, seed=8626102704817790064, type=UNIFORM -> ./input/random_graphs/graph_10000_40000_UNIFORM_8626102704817790064.txt (Time: 0.01s)
✓ Generated graph n=10000, m=40000, seed=8448596294177070022, type=UNIFORM -> ./input/random_graphs/graph_10000_40000_UNIFORM_8448596294177070022.txt (Time: 0.01s)
✓ Generated graph n=10000, m=40000, seed=7118744415197196276, type=UNIFORM -> ./input/random_graphs/graph_10000_40000_UNIFORM_7118744415197196276.txt (Time: 0.01s)
✓ Generated graph n=10000, m=40000, seed=1992204328026194281, type=UNIFORM -> ./input/random_graphs/graph_10000_40000_UNIFORM_1992204328026194281.txt (Time: 0.01s)
✓ Generated graph n=10000, m=40000, seed=4795749165124911768, type=UNIFORM -> ./input/random_graphs/graph_10000_40000_UNIFORM_4795749165124911768.txt (Time: 0.01s)
✓ Generated graph n=10000, m=40000, seed=4934890601268679176, type=UNIFORM -> ./input/random_graphs/graph_10000_40000_UNIFORM_4934890601268679176.txt (Time: 0.01s)
✓ Generated graph n=10000, m=40000, seed=9059990922233379852, type=UNIFORM -> ./input/random_graphs/graph_10000_40000_UNIFORM_9059990922233379852.txt (Time: 0.01s)
✓ Generated graph n=10000, m=40000, seed=7449662661572224354, type=UNIFORM -> ./input/random_graphs/graph_10000_40000_UNIFORM_7449662661572224354.txt (Time: 0.01s)
✓ Generated graph n=10000, m=40000, seed=2718103348384927511, type=UNIFORM -> ./input/random_graphs/graph_10000_40000_UNIFORM_2718103348384927511.txt (Time: 0.01s)
✓ Generated graph n=10000, m=40000, seed=8867616339855336876, type=UNIFORM -> ./input/random_graphs/graph_10000_40000_UNIFORM_8867616339855336876.txt (Time: 0.01s)
✓ Generated graph n=10000, m=40000, seed=3221421291694197220, type=UNIFORM -> ./input/random_graphs/graph_10000_40000_UNIFORM_3221421291694197220.txt (Time: 0.01s)
✓ Generated graph n=10000, m=40000, seed=7632458674696225362, type=UNIFORM -> ./input/random_graphs/graph_10000_40000_UNIFORM_7632458674696225362.txt (Time: 0.01s)
✓ Generated graph n=10000, m=40000, seed=5894893360759659423, type=UNIFORM -> ./input/random_graphs/graph_10000_40000_UNIFORM_5894893360759659423.txt (Time: 0.01s)
✓ Generated graph n=10000, m=40000, seed=7983805977214098674, type=UNIFORM -> ./input/random_graphs/graph_10000_40000_UNIFORM_7983805977214098674.txt (Time: 0.01s)
✓ Generated graph n=10000, m=40000, seed=4940913311242578590, type=UNIFORM -> ./input/random_graphs/graph_10000_40000_UNIFORM_4940913311242578590.txt (Time: 0.01s)
✓ Generated graph n=10000, m=40000, seed=2264398621601381987, type=UNIFORM -> ./input/random_graphs/graph_10000_40000_UNIFORM_2264398621601381987.txt (Time: 0.01s)
✓ Generated graph n=10000, m=45000, seed=6230961512046992311, type=UNIFORM -> ./input/random_graphs/graph_10000_45000_UNIFORM_6230961512046992311.txt (Time: 0.01s)
✓ Generated graph n=10000, m=45000, seed=7871178979383552919, type=UNIFORM -> ./input/random_graphs/graph_10000_45000_UNIFORM_7871178979383552919.txt (Time: 0.01s)
✓ Generated graph n=10000, m=45000, seed=5739955973604961613, type=UNIFORM -> ./input/random_graphs/graph_10000_45000_UNIFORM_5739955973604961613.txt (Time: 0.01s)
✓ Generated graph n=10000, m=45000, seed=7032710160631691991, type=UNIFORM -> ./input/random_graphs/graph_10000_45000_UNIFORM_7032710160631691991.txt (Time: 0.01s)
✓ Generated graph n=10000, m=45000, seed=3881801951614183357, type=UNIFORM -> ./input/random_graphs/graph_10000_45000_UNIFORM_3881801951614183357.txt (Time: 0.01s)
✓ Generated graph n=10000, m=45000, seed=7599700178212337699, type=UNIFORM -> ./input/random_graphs/graph_10000_45000_UNIFORM_7599700178212337699.txt (Time: 0.01s)
✓ Generated graph n=10000, m=45000, seed=1353182403971399009, type=UNIFORM -> ./input/random_graphs/graph_10000_45000_UNIFORM_1353182403971399009.txt (Time: 0.01s)
✓ Generated graph n=10000, m=45000, seed=1070244953599069350, type=UNIFORM -> ./input/random_graphs/graph_10000_45000_UNIFORM_1070244953599069350.txt (Time: 0.01s)
✓ Generated graph n=10000, m=45000, seed=6522163754831416203, type=UNIFORM -> ./input/random_graphs/graph_10000_45000_UNIFORM_6522163754831416203.txt (Time: 0.01s)
✓ Generated graph n=10000, m=45000, seed=6938562734920028532, type=UNIFORM -> ./input/random_graphs/graph_10000_45000_UNIFORM_6938562734920028532.txt (Time: 0.01s)
✓ Generated graph n=10000, m=45000, seed=4040737767143389431, type=UNIFORM -> ./input/random_graphs/graph_10000_45000_UNIFORM_4040737767143389431.txt (Time: 0.01s)
✓ Generated graph n=10000, m=45000, seed=2429002973740178792, type=UNIFORM -> ./input/random_graphs/graph_10000_45000_UNIFORM_2429002973740178792.txt (Time: 0.01s)
✓ Generated graph n=10000, m=45000, seed=1309542850049879452, type=UNIFORM -> ./input/random_graphs/graph_10000_45000_UNIFORM_1309542850049879452.txt (Time: 0.01s)
✓ Generated graph n=10000, m=45000, seed=1250005700364523649, type=UNIFORM -> ./input/random_graphs/graph_10000_45000_UNIFORM_1250005700364523649.txt (Time: 0.01s)
✓ Generated graph n=10000, m=45000, seed=7663871783842725848, type=UNIFORM -> ./input/random_graphs/graph_10000_45000_UNIFORM_7663871783842725848.txt (Time: 0.01s)
✓ Generated graph n=10000, m=45000, seed=5906957480796939447, type=UNIFORM -> ./input/random_graphs/graph_10000_45000_UNIFORM_5906957480796939447.txt (Time: 0.01s)
✓ Generated graph n=10000, m=45000, seed=320375091487821987, type=UNIFORM -> ./input/random_graphs/graph_10000_45000_UNIFORM_320375091487821987.txt (Time: 0.01s)
✓ Generated graph n=10000, m=45000, seed=3438400432146115956, type=UNIFORM -> ./input/random_graphs/graph_10000_45000_UNIFORM_3438400432146115956.txt (Time: 0.01s)
✓ Generated graph n=10000, m=45000, seed=7146860528564146064, type=UNIFORM -> ./input/random_graphs/graph_10000_45000_UNIFORM_7146860528564146064.txt (Time: 0.01s)
✓ Generated graph n=10000, m=45000, seed=1250773459040295677, type=UNIFORM -> ./input/random_graphs/graph_10000_45000_UNIFORM_1250773459040295677.txt (Time: 0.01s)
✓ Generated graph n=10000, m=45000, seed=5139481885857321791, type=UNIFORM -> ./input/random_graphs/graph_10000_45000_UNIFORM_5139481885857321791.txt (Time: 0.01s)
✓ Generated graph n=10000, m=45000, seed=7473196763798409428, type=UNIFORM -> ./input/random_graphs/graph_10000_45000_UNIFORM_7473196763798409428.txt (Time: 0.01s)
✓ Generated graph n=10000, m=45000, seed=5142811650494845597, type=UNIFORM -> ./input/random_graphs/graph_10000_45000_UNIFORM_5142811650494845597.txt (Time: 0.01s)
✓ Generated graph n=10000, m=45000, seed=3010622984418968408, type=UNIFORM -> ./input/random_graphs/graph_10000_45000_UNIFORM_3010622984418968408.txt (Time: 0.01s)
✓ Generated graph n=10000, m=45000, seed=6002685213311538187, type=UNIFORM -> ./input/random_graphs/graph_10000_45000_UNIFORM_6002685213311538187.txt (Time: 0.01s)
✓ Generated graph n=10000, m=45000, seed=5708372698381010775, type=UNIFORM -> ./input/random_graphs/graph_10000_45000_UNIFORM_5708372698381010775.txt (Time: 0.01s)
✓ Generated graph n=10000, m=45000, seed=1731523882129807996, type=UNIFORM -> ./input/random_graphs/graph_10000_45000_UNIFORM_1731523882129807996.txt (Time: 0.01s)
✓ Generated graph n=10000, m=45000, seed=521787134863155063, type=UNIFORM -> ./input/random_graphs/graph_10000_45000_UNIFORM_521787134863155063.txt (Time: 0.01s)
✓ Generated graph n=10000, m=45000, seed=1853590723603270879, type=UNIFORM -> ./input/random_graphs/graph_10000_45000_UNIFORM_1853590723603270879.txt (Time: 0.01s)
✓ Generated graph n=10000, m=45000, seed=7029781962072644698, type=UNIFORM -> ./input/random_graphs/graph_10000_45000_UNIFORM_7029781962072644698.txt (Time: 0.01s)
✓ Generated graph n=10000, m=45000, seed=6785030173969523435, type=UNIFORM -> ./input/random_graphs/graph_10000_45000_UNIFORM_6785030173969523435.txt (Time: 0.01s)
✓ Generated graph n=10000, m=45000, seed=5529616217668449934, type=UNIFORM -> ./input/random_graphs/graph_10000_45000_UNIFORM_5529616217668449934.txt (Time: 0.01s)
✓ Generated graph n=10000, m=45000, seed=5258051056098597521, type=UNIFORM -> ./input/random_graphs/graph_10000_45000_UNIFORM_5258051056098597521.txt (Time: 0.01s)
✓ Generated graph n=10000, m=45000, seed=1024517563182776983, type=UNIFORM -> ./input/random_graphs/graph_10000_45000_UNIFORM_1024517563182776983.txt (Time: 0.01s)
✓ Generated graph n=10000, m=45000, seed=3224265581699847191, type=UNIFORM -> ./input/random_graphs/graph_10000_45000_UNIFORM_3224265581699847191.txt (Time: 0.01s)
✓ Generated graph n=10000, m=45000, seed=1647170069535670909, type=UNIFORM -> ./input/random_graphs/graph_10000_45000_UNIFORM_1647170069535670909.txt (Time: 0.01s)
✓ Generated graph n=10000, m=45000, seed=4122784633514911760, type=UNIFORM -> ./input/random_graphs/graph_10000_45000_UNIFORM_4122784633514911760.txt (Time: 0.01s)
✓ Generated graph n=10000, m=45000, seed=824387247617288499, type=UNIFORM -> ./input/random_graphs/graph_10000_45000_UNIFORM_824387247617288499.txt (Time: 0.01s)
✓ Generated graph n=10000, m=45000, seed=7706236040662210848, type=UNIFORM -> ./input/random_graphs/graph_10000_45000_UNIFORM_7706236040662210848.txt (Time: 0.01s)
✓ Generated graph n=10000, m=45000, seed=1632192924771168275, type=UNIFORM -> ./input/random_graphs/graph_10000_45000_UNIFORM_1632192924771168275.txt (Time: 0.01s)
✓ Generated graph n=10000, m=45000, seed=7161906730445628483, type=UNIFORM -> ./input/random_graphs/graph_10000_45000_UNIFORM_7161906730445628483.txt (Time: 0.01s)
✓ Generated graph n=10000, m=45000, seed=4552998297316576788, type=UNIFORM -> ./input/random_graphs/graph_10000_45000_UNIFORM_4552998297316576788.txt (Time: 0.01s)
✓ Generated graph n=10000, m=45000, seed=8031431416522537101, type=UNIFORM -> ./input/random_graphs/graph_10000_45000_UNIFORM_8031431416522537101.txt (Time: 0.01s)
✓ Generated graph n=10000, m=45000, seed=6802378520969450157, type=UNIFORM -> ./input/random_graphs/graph_10000_45000_UNIFORM_6802378520969450157.txt (Time: 0.01s)
✓ Generated graph n=10000, m=45000, seed=6143643868734370809, type=UNIFORM -> ./input/random_graphs/graph_10000_45000_UNIFORM_6143643868734370809.txt (Time: 0.01s)
✓ Generated graph n=10000, m=45000, seed=3272308573967577038, type=UNIFORM -> ./input/random_graphs/graph_10000_45000_UNIFORM_3272308573967577038.txt (Time: 0.01s)
✓ Generated graph n=10000, m=45000, seed=5636411189175451024, type=UNIFORM -> ./input/random_graphs/graph_10000_45000_UNIFORM_5636411189175451024.txt (Time: 0.01s)
✓ Generated graph n=10000, m=45000, seed=6614505080519948832, type=UNIFORM -> ./input/random_graphs/graph_10000_45000_UNIFORM_6614505080519948832.txt (Time: 0.01s)
✓ Generated graph n=10000, m=45000, seed=5349491008325879064, type=UNIFORM -> ./input/random_graphs/graph_10000_45000_UNIFORM_5349491008325879064.txt (Time: 0.01s)
✓ Generated graph n=10000, m=45000, seed=4445925461710302877, type=UNIFORM -> ./input/random_graphs/graph_10000_45000_UNIFORM_4445925461710302877.txt (Time: 0.01s)
✓ Generated graph n=10000, m=45000, seed=7917045922527545890, type=UNIFORM -> ./input/random_graphs/graph_10000_45000_UNIFORM_7917045922527545890.txt (Time: 0.01s)
✓ Generated graph n=10000, m=45000, seed=7938560551762094560, type=UNIFORM -> ./input/random_graphs/graph_10000_45000_UNIFORM_7938560551762094560.txt (Time: 0.01s)
✓ Generated graph n=10000, m=45000, seed=3865339568260874865, type=UNIFORM -> ./input/random_graphs/graph_10000_45000_UNIFORM_3865339568260874865.txt (Time: 0.01s)
✓ Generated graph n=10000, m=45000, seed=6224222471595207695, type=UNIFORM -> ./input/random_graphs/graph_10000_45000_UNIFORM_6224222471595207695.txt (Time: 0.01s)
✓ Generated graph n=10000, m=45000, seed=7921282862123281598, type=UNIFORM -> ./input/random_graphs/graph_10000_45000_UNIFORM_7921282862123281598.txt (Time: 0.01s)
✓ Generated graph n=10000, m=45000, seed=1128313391724783137, type=UNIFORM -> ./input/random_graphs/graph_10000_45000_UNIFORM_1128313391724783137.txt (Time: 0.01s)
✓ Generated graph n=10000, m=45000, seed=716820155901718944, type=UNIFORM -> ./input/random_graphs/graph_10000_45000_UNIFORM_716820155901718944.txt (Time: 0.01s)
✓ Generated graph n=10000, m=45000, seed=6022436717541034636, type=UNIFORM -> ./input/random_graphs/graph_10000_45000_UNIFORM_6022436717541034636.txt (Time: 0.01s)
✓ Generated graph n=10000, m=45000, seed=5063475852268941542, type=UNIFORM -> ./input/random_graphs/graph_10000_45000_UNIFORM_5063475852268941542.txt (Time: 0.01s)
✓ Generated graph n=10000, m=45000, seed=4997514996153925447, type=UNIFORM -> ./input/random_graphs/graph_10000_45000_UNIFORM_4997514996153925447.txt (Time: 0.01s)
✓ Generated graph n=10000, m=45000, seed=8446481348147407377, type=UNIFORM -> ./input/random_graphs/graph_10000_45000_UNIFORM_8446481348147407377.txt (Time: 0.01s)
✓ Generated graph n=10000, m=45000, seed=3817405844514670994, type=UNIFORM -> ./input/random_graphs/graph_10000_45000_UNIFORM_3817405844514670994.txt (Time: 0.01s)
✓ Generated graph n=10000, m=45000, seed=6529943913552561417, type=UNIFORM -> ./input/random_graphs/graph_10000_45000_UNIFORM_6529943913552561417.txt (Time: 0.01s)
✓ Generated graph n=10000, m=45000, seed=8718380604043999642, type=UNIFORM -> ./input/random_graphs/graph_10000_45000_UNIFORM_8718380604043999642.txt (Time: 0.02s)
✓ Generated graph n=10000, m=45000, seed=1170385908854608748, type=UNIFORM -> ./input/random_graphs/graph_10000_45000_UNIFORM_1170385908854608748.txt (Time: 0.01s)
✓ Generated graph n=10000, m=45000, seed=2909934787168262407, type=UNIFORM -> ./input/random_graphs/graph_10000_45000_UNIFORM_2909934787168262407.txt (Time: 0.01s)
✓ Generated graph n=10000, m=45000, seed=175493991617213850, type=UNIFORM -> ./input/random_graphs/graph_10000_45000_UNIFORM_175493991617213850.txt (Time: 0.01s)
✓ Generated graph n=10000, m=45000, seed=199422815561151340, type=UNIFORM -> ./input/random_graphs/graph_10000_45000_UNIFORM_199422815561151340.txt (Time: 0.01s)
✓ Generated graph n=10000, m=45000, seed=3713827327871807734, type=UNIFORM -> ./input/random_graphs/graph_10000_45000_UNIFORM_3713827327871807734.txt (Time: 0.01s)
✓ Generated graph n=10000, m=45000, seed=5108599054664628607, type=UNIFORM -> ./input/random_graphs/graph_10000_45000_UNIFORM_5108599054664628607.txt (Time: 0.01s)
✓ Generated graph n=10000, m=45000, seed=9130666990809746335, type=UNIFORM -> ./input/random_graphs/graph_10000_45000_UNIFORM_9130666990809746335.txt (Time: 0.01s)
✓ Generated graph n=10000, m=45000, seed=6764066939395682287, type=UNIFORM -> ./input/random_graphs/graph_10000_45000_UNIFORM_6764066939395682287.txt (Time: 0.01s)
✓ Generated graph n=10000, m=45000, seed=1392892770529522614, type=UNIFORM -> ./input/random_graphs/graph_10000_45000_UNIFORM_1392892770529522614.txt (Time: 0.01s)
✓ Generated graph n=10000, m=45000, seed=7644420139408884785, type=UNIFORM -> ./input/random_graphs/graph_10000_45000_UNIFORM_7644420139408884785.txt (Time: 0.01s)
✓ Generated graph n=10000, m=45000, seed=9060210648189963449, type=UNIFORM -> ./input/random_graphs/graph_10000_45000_UNIFORM_9060210648189963449.txt (Time: 0.01s)
✓ Generated graph n=10000, m=45000, seed=1458186392400727732, type=UNIFORM -> ./input/random_graphs/graph_10000_45000_UNIFORM_1458186392400727732.txt (Time: 0.01s)
✓ Generated graph n=10000, m=45000, seed=8794274795737982182, type=UNIFORM -> ./input/random_graphs/graph_10000_45000_UNIFORM_8794274795737982182.txt (Time: 0.01s)
✓ Generated graph n=10000, m=45000, seed=2089506265998900862, type=UNIFORM -> ./input/random_graphs/graph_10000_45000_UNIFORM_2089506265998900862.txt (Time: 0.01s)
✓ Generated graph n=10000, m=45000, seed=5497874167834979553, type=UNIFORM -> ./input/random_graphs/graph_10000_45000_UNIFORM_5497874167834979553.txt (Time: 0.01s)
✓ Generated graph n=10000, m=45000, seed=4250897495980125004, type=UNIFORM -> ./input/random_graphs/graph_10000_45000_UNIFORM_4250897495980125004.txt (Time: 0.02s)
✓ Generated graph n=10000, m=45000, seed=1722224698700348310, type=UNIFORM -> ./input/random_graphs/graph_10000_45000_UNIFORM_1722224698700348310.txt (Time: 0.01s)
✓ Generated graph n=10000, m=45000, seed=4060584409398689268, type=UNIFORM -> ./input/random_graphs/graph_10000_45000_UNIFORM_4060584409398689268.txt (Time: 0.01s)
✓ Generated graph n=10000, m=45000, seed=1332005502874566195, type=UNIFORM -> ./input/random_graphs/graph_10000_45000_UNIFORM_1332005502874566195.txt (Time: 0.01s)
✓ Generated graph n=10000, m=45000, seed=8626102704817790064, type=UNIFORM -> ./input/random_graphs/graph_10000_45000_UNIFORM_8626102704817790064.txt (Time: 0.01s)
✓ Generated graph n=10000, m=45000, seed=2718103348384927511, type=UNIFORM -> ./input/random_graphs/graph_10000_45000_UNIFORM_2718103348384927511.txt (Time: 0.01s)
✓ Generated graph n=10000, m=45000, seed=8448596294177070022, type=UNIFORM -> ./input/random_graphs/graph_10000_45000_UNIFORM_8448596294177070022.txt (Time: 0.01s)
✓ Generated graph n=10000, m=45000, seed=4795749165124911768, type=UNIFORM -> ./input/random_graphs/graph_10000_45000_UNIFORM_4795749165124911768.txt (Time: 0.01s)
✓ Generated graph n=10000, m=45000, seed=1992204328026194281, type=UNIFORM -> ./input/random_graphs/graph_10000_45000_UNIFORM_1992204328026194281.txt (Time: 0.01s)
✓ Generated graph n=10000, m=45000, seed=7118744415197196276, type=UNIFORM -> ./input/random_graphs/graph_10000_45000_UNIFORM_7118744415197196276.txt (Time: 0.01s)
✓ Generated graph n=10000, m=45000, seed=7905487461282246979, type=UNIFORM -> ./input/random_graphs/graph_10000_45000_UNIFORM_7905487461282246979.txt (Time: 0.01s)
✓ Generated graph n=10000, m=45000, seed=4940913311242578590, type=UNIFORM -> ./input/random_graphs/graph_10000_45000_UNIFORM_4940913311242578590.txt (Time: 0.01s)
✓ Generated graph n=10000, m=45000, seed=7449662661572224354, type=UNIFORM -> ./input/random_graphs/graph_10000_45000_UNIFORM_7449662661572224354.txt (Time: 0.01s)
✓ Generated graph n=10000, m=45000, seed=9059990922233379852, type=UNIFORM -> ./input/random_graphs/graph_10000_45000_UNIFORM_9059990922233379852.txt (Time: 0.01s)
✓ Generated graph n=10000, m=45000, seed=4934890601268679176, type=UNIFORM -> ./input/random_graphs/graph_10000_45000_UNIFORM_4934890601268679176.txt (Time: 0.01s)
✓ Generated graph n=10000, m=45000, seed=3221421291694197220, type=UNIFORM -> ./input/random_graphs/graph_10000_45000_UNIFORM_3221421291694197220.txt (Time: 0.01s)
✓ Generated graph n=10000, m=45000, seed=5894893360759659423, type=UNIFORM -> ./input/random_graphs/graph_10000_45000_UNIFORM_5894893360759659423.txt (Time: 0.01s)
✓ Generated graph n=10000, m=45000, seed=8867616339855336876, type=UNIFORM -> ./input/random_graphs/graph_10000_45000_UNIFORM_8867616339855336876.txt (Time: 0.01s)
✓ Generated graph n=10000, m=45000, seed=7983805977214098674, type=UNIFORM -> ./input/random_graphs/graph_10000_45000_UNIFORM_7983805977214098674.txt (Time: 0.01s)
✓ Generated graph n=10000, m=45000, seed=2264398621601381987, type=UNIFORM -> ./input/random_graphs/graph_10000_45000_UNIFORM_2264398621601381987.txt (Time: 0.01s)
✓ Generated graph n=10000, m=45000, seed=7632458674696225362, type=UNIFORM -> ./input/random_graphs/graph_10000_45000_UNIFORM_7632458674696225362.txt (Time: 0.01s)
✓ Generated graph n=10000, m=50000, seed=6230961512046992311, type=UNIFORM -> ./input/random_graphs/graph_10000_50000_UNIFORM_6230961512046992311.txt (Time: 0.01s)
✓ Generated graph n=10000, m=50000, seed=7032710160631691991, type=UNIFORM -> ./input/random_graphs/graph_10000_50000_UNIFORM_7032710160631691991.txt (Time: 0.01s)
✓ Generated graph n=10000, m=50000, seed=7871178979383552919, type=UNIFORM -> ./input/random_graphs/graph_10000_50000_UNIFORM_7871178979383552919.txt (Time: 0.01s)
✓ Generated graph n=10000, m=50000, seed=3881801951614183357, type=UNIFORM -> ./input/random_graphs/graph_10000_50000_UNIFORM_3881801951614183357.txt (Time: 0.01s)
✓ Generated graph n=10000, m=50000, seed=7599700178212337699, type=UNIFORM -> ./input/random_graphs/graph_10000_50000_UNIFORM_7599700178212337699.txt (Time: 0.01s)
✓ Generated graph n=10000, m=50000, seed=5739955973604961613, type=UNIFORM -> ./input/random_graphs/graph_10000_50000_UNIFORM_5739955973604961613.txt (Time: 0.02s)
✓ Generated graph n=10000, m=50000, seed=1353182403971399009, type=UNIFORM -> ./input/random_graphs/graph_10000_50000_UNIFORM_1353182403971399009.txt (Time: 0.01s)
✓ Generated graph n=10000, m=50000, seed=6522163754831416203, type=UNIFORM -> ./input/random_graphs/graph_10000_50000_UNIFORM_6522163754831416203.txt (Time: 0.01s)
✓ Generated graph n=10000, m=50000, seed=1070244953599069350, type=UNIFORM -> ./input/random_graphs/graph_10000_50000_UNIFORM_1070244953599069350.txt (Time: 0.01s)
✓ Generated graph n=10000, m=50000, seed=6938562734920028532, type=UNIFORM -> ./input/random_graphs/graph_10000_50000_UNIFORM_6938562734920028532.txt (Time: 0.01s)
✓ Generated graph n=10000, m=50000, seed=1250005700364523649, type=UNIFORM -> ./input/random_graphs/graph_10000_50000_UNIFORM_1250005700364523649.txt (Time: 0.01s)
✓ Generated graph n=10000, m=50000, seed=1309542850049879452, type=UNIFORM -> ./input/random_graphs/graph_10000_50000_UNIFORM_1309542850049879452.txt (Time: 0.01s)
✓ Generated graph n=10000, m=50000, seed=2429002973740178792, type=UNIFORM -> ./input/random_graphs/graph_10000_50000_UNIFORM_2429002973740178792.txt (Time: 0.01s)
✓ Generated graph n=10000, m=50000, seed=7663871783842725848, type=UNIFORM -> ./input/random_graphs/graph_10000_50000_UNIFORM_7663871783842725848.txt (Time: 0.01s)
✓ Generated graph n=10000, m=50000, seed=4040737767143389431, type=UNIFORM -> ./input/random_graphs/graph_10000_50000_UNIFORM_4040737767143389431.txt (Time: 0.01s)
✓ Generated graph n=10000, m=50000, seed=320375091487821987, type=UNIFORM -> ./input/random_graphs/graph_10000_50000_UNIFORM_320375091487821987.txt (Time: 0.01s)
✓ Generated graph n=10000, m=50000, seed=5906957480796939447, type=UNIFORM -> ./input/random_graphs/graph_10000_50000_UNIFORM_5906957480796939447.txt (Time: 0.01s)
✓ Generated graph n=10000, m=50000, seed=521787134863155063, type=UNIFORM -> ./input/random_graphs/graph_10000_50000_UNIFORM_521787134863155063.txt (Time: 0.01s)
✓ Generated graph n=10000, m=50000, seed=7146860528564146064, type=UNIFORM -> ./input/random_graphs/graph_10000_50000_UNIFORM_7146860528564146064.txt (Time: 0.01s)
✓ Generated graph n=10000, m=50000, seed=1250773459040295677, type=UNIFORM -> ./input/random_graphs/graph_10000_50000_UNIFORM_1250773459040295677.txt (Time: 0.01s)
✓ Generated graph n=10000, m=50000, seed=3438400432146115956, type=UNIFORM -> ./input/random_graphs/graph_10000_50000_UNIFORM_3438400432146115956.txt (Time: 0.01s)
✓ Generated graph n=10000, m=50000, seed=7473196763798409428, type=UNIFORM -> ./input/random_graphs/graph_10000_50000_UNIFORM_7473196763798409428.txt (Time: 0.01s)
✓ Generated graph n=10000, m=50000, seed=5142811650494845597, type=UNIFORM -> ./input/random_graphs/graph_10000_50000_UNIFORM_5142811650494845597.txt (Time: 0.01s)
✓ Generated graph n=10000, m=50000, seed=6002685213311538187, type=UNIFORM -> ./input/random_graphs/graph_10000_50000_UNIFORM_6002685213311538187.txt (Time: 0.01s)
✓ Generated graph n=10000, m=50000, seed=3010622984418968408, type=UNIFORM -> ./input/random_graphs/graph_10000_50000_UNIFORM_3010622984418968408.txt (Time: 0.01s)
✓ Generated graph n=10000, m=50000, seed=5708372698381010775, type=UNIFORM -> ./input/random_graphs/graph_10000_50000_UNIFORM_5708372698381010775.txt (Time: 0.01s)
✓ Generated graph n=10000, m=50000, seed=5139481885857321791, type=UNIFORM -> ./input/random_graphs/graph_10000_50000_UNIFORM_5139481885857321791.txt (Time: 0.02s)
✓ Generated graph n=10000, m=50000, seed=1731523882129807996, type=UNIFORM -> ./input/random_graphs/graph_10000_50000_UNIFORM_1731523882129807996.txt (Time: 0.01s)
✓ Generated graph n=10000, m=50000, seed=1853590723603270879, type=UNIFORM -> ./input/random_graphs/graph_10000_50000_UNIFORM_1853590723603270879.txt (Time: 0.01s)
✓ Generated graph n=10000, m=50000, seed=7029781962072644698, type=UNIFORM -> ./input/random_graphs/graph_10000_50000_UNIFORM_7029781962072644698.txt (Time: 0.01s)
✓ Generated graph n=10000, m=50000, seed=5529616217668449934, type=UNIFORM -> ./input/random_graphs/graph_10000_50000_UNIFORM_5529616217668449934.txt (Time: 0.01s)
✓ Generated graph n=10000, m=50000, seed=6785030173969523435, type=UNIFORM -> ./input/random_graphs/graph_10000_50000_UNIFORM_6785030173969523435.txt (Time: 0.01s)
✓ Generated graph n=10000, m=50000, seed=7161906730445628483, type=UNIFORM -> ./input/random_graphs/graph_10000_50000_UNIFORM_7161906730445628483.txt (Time: 0.01s)
✓ Generated graph n=10000, m=50000, seed=1024517563182776983, type=UNIFORM -> ./input/random_graphs/graph_10000_50000_UNIFORM_1024517563182776983.txt (Time: 0.01s)
✓ Generated graph n=10000, m=50000, seed=4552998297316576788, type=UNIFORM -> ./input/random_graphs/graph_10000_50000_UNIFORM_4552998297316576788.txt (Time: 0.01s)
✓ Generated graph n=10000, m=50000, seed=3224265581699847191, type=UNIFORM -> ./input/random_graphs/graph_10000_50000_UNIFORM_3224265581699847191.txt (Time: 0.01s)
✓ Generated graph n=10000, m=50000, seed=5258051056098597521, type=UNIFORM -> ./input/random_graphs/graph_10000_50000_UNIFORM_5258051056098597521.txt (Time: 0.01s)
✓ Generated graph n=10000, m=50000, seed=4122784633514911760, type=UNIFORM -> ./input/random_graphs/graph_10000_50000_UNIFORM_4122784633514911760.txt (Time: 0.01s)
✓ Generated graph n=10000, m=50000, seed=1647170069535670909, type=UNIFORM -> ./input/random_graphs/graph_10000_50000_UNIFORM_1647170069535670909.txt (Time: 0.01s)
✓ Generated graph n=10000, m=50000, seed=1632192924771168275, type=UNIFORM -> ./input/random_graphs/graph_10000_50000_UNIFORM_1632192924771168275.txt (Time: 0.01s)
✓ Generated graph n=10000, m=50000, seed=7706236040662210848, type=UNIFORM -> ./input/random_graphs/graph_10000_50000_UNIFORM_7706236040662210848.txt (Time: 0.01s)
✓ Generated graph n=10000, m=50000, seed=6802378520969450157, type=UNIFORM -> ./input/random_graphs/graph_10000_50000_UNIFORM_6802378520969450157.txt (Time: 0.01s)
✓ Generated graph n=10000, m=50000, seed=6143643868734370809, type=UNIFORM -> ./input/random_graphs/graph_10000_50000_UNIFORM_6143643868734370809.txt (Time: 0.01s)
✓ Generated graph n=10000, m=50000, seed=8031431416522537101, type=UNIFORM -> ./input/random_graphs/graph_10000_50000_UNIFORM_8031431416522537101.txt (Time: 0.01s)
✓ Generated graph n=10000, m=50000, seed=3272308573967577038, type=UNIFORM -> ./input/random_graphs/graph_10000_50000_UNIFORM_3272308573967577038.txt (Time: 0.01s)
✓ Generated graph n=10000, m=50000, seed=824387247617288499, type=UNIFORM -> ./input/random_graphs/graph_10000_50000_UNIFORM_824387247617288499.txt (Time: 0.02s)
✓ Generated graph n=10000, m=50000, seed=5636411189175451024, type=UNIFORM -> ./input/random_graphs/graph_10000_50000_UNIFORM_5636411189175451024.txt (Time: 0.01s)
✓ Generated graph n=10000, m=50000, seed=5349491008325879064, type=UNIFORM -> ./input/random_graphs/graph_10000_50000_UNIFORM_5349491008325879064.txt (Time: 0.01s)
✓ Generated graph n=10000, m=50000, seed=6614505080519948832, type=UNIFORM -> ./input/random_graphs/graph_10000_50000_UNIFORM_6614505080519948832.txt (Time: 0.01s)
✓ Generated graph n=10000, m=50000, seed=7938560551762094560, type=UNIFORM -> ./input/random_graphs/graph_10000_50000_UNIFORM_7938560551762094560.txt (Time: 0.01s)
✓ Generated graph n=10000, m=50000, seed=7917045922527545890, type=UNIFORM -> ./input/random_graphs/graph_10000_50000_UNIFORM_7917045922527545890.txt (Time: 0.01s)
✓ Generated graph n=10000, m=50000, seed=4445925461710302877, type=UNIFORM -> ./input/random_graphs/graph_10000_50000_UNIFORM_4445925461710302877.txt (Time: 0.01s)
✓ Generated graph n=10000, m=50000, seed=3865339568260874865, type=UNIFORM -> ./input/random_graphs/graph_10000_50000_UNIFORM_3865339568260874865.txt (Time: 0.01s)
✓ Generated graph n=10000, m=50000, seed=7921282862123281598, type=UNIFORM -> ./input/random_graphs/graph_10000_50000_UNIFORM_7921282862123281598.txt (Time: 0.01s)
✓ Generated graph n=10000, m=50000, seed=6224222471595207695, type=UNIFORM -> ./input/random_graphs/graph_10000_50000_UNIFORM_6224222471595207695.txt (Time: 0.01s)
✓ Generated graph n=10000, m=50000, seed=1128313391724783137, type=UNIFORM -> ./input/random_graphs/graph_10000_50000_UNIFORM_1128313391724783137.txt (Time: 0.01s)
✓ Generated graph n=10000, m=50000, seed=716820155901718944, type=UNIFORM -> ./input/random_graphs/graph_10000_50000_UNIFORM_716820155901718944.txt (Time: 0.01s)
✓ Generated graph n=10000, m=50000, seed=8718380604043999642, type=UNIFORM -> ./input/random_graphs/graph_10000_50000_UNIFORM_8718380604043999642.txt (Time: 0.01s)
✓ Generated graph n=10000, m=50000, seed=4997514996153925447, type=UNIFORM -> ./input/random_graphs/graph_10000_50000_UNIFORM_4997514996153925447.txt (Time: 0.01s)
✓ Generated graph n=10000, m=50000, seed=5063475852268941542, type=UNIFORM -> ./input/random_graphs/graph_10000_50000_UNIFORM_5063475852268941542.txt (Time: 0.01s)
✓ Generated graph n=10000, m=50000, seed=8446481348147407377, type=UNIFORM -> ./input/random_graphs/graph_10000_50000_UNIFORM_8446481348147407377.txt (Time: 0.01s)
✓ Generated graph n=10000, m=50000, seed=3817405844514670994, type=UNIFORM -> ./input/random_graphs/graph_10000_50000_UNIFORM_3817405844514670994.txt (Time: 0.01s)
✓ Generated graph n=10000, m=50000, seed=6529943913552561417, type=UNIFORM -> ./input/random_graphs/graph_10000_50000_UNIFORM_6529943913552561417.txt (Time: 0.01s)
✓ Generated graph n=10000, m=50000, seed=2909934787168262407, type=UNIFORM -> ./input/random_graphs/graph_10000_50000_UNIFORM_2909934787168262407.txt (Time: 0.01s)
✓ Generated graph n=10000, m=50000, seed=1170385908854608748, type=UNIFORM -> ./input/random_graphs/graph_10000_50000_UNIFORM_1170385908854608748.txt (Time: 0.01s)
✓ Generated graph n=10000, m=50000, seed=6022436717541034636, type=UNIFORM -> ./input/random_graphs/graph_10000_50000_UNIFORM_6022436717541034636.txt (Time: 0.01s)
✓ Generated graph n=10000, m=50000, seed=3713827327871807734, type=UNIFORM -> ./input/random_graphs/graph_10000_50000_UNIFORM_3713827327871807734.txt (Time: 0.01s)
✓ Generated graph n=10000, m=50000, seed=199422815561151340, type=UNIFORM -> ./input/random_graphs/graph_10000_50000_UNIFORM_199422815561151340.txt (Time: 0.01s)
✓ Generated graph n=10000, m=50000, seed=5108599054664628607, type=UNIFORM -> ./input/random_graphs/graph_10000_50000_UNIFORM_5108599054664628607.txt (Time: 0.01s)
✓ Generated graph n=10000, m=50000, seed=9130666990809746335, type=UNIFORM -> ./input/random_graphs/graph_10000_50000_UNIFORM_9130666990809746335.txt (Time: 0.01s)
✓ Generated graph n=10000, m=50000, seed=7644420139408884785, type=UNIFORM -> ./input/random_graphs/graph_10000_50000_UNIFORM_7644420139408884785.txt (Time: 0.01s)
✓ Generated graph n=10000, m=50000, seed=175493991617213850, type=UNIFORM -> ./input/random_graphs/graph_10000_50000_UNIFORM_175493991617213850.txt (Time: 0.01s)
✓ Generated graph n=10000, m=50000, seed=6764066939395682287, type=UNIFORM -> ./input/random_graphs/graph_10000_50000_UNIFORM_6764066939395682287.txt (Time: 0.01s)
✓ Generated graph n=10000, m=50000, seed=1458186392400727732, type=UNIFORM -> ./input/random_graphs/graph_10000_50000_UNIFORM_1458186392400727732.txt (Time: 0.01s)
✓ Generated graph n=10000, m=50000, seed=9060210648189963449, type=UNIFORM -> ./input/random_graphs/graph_10000_50000_UNIFORM_9060210648189963449.txt (Time: 0.01s)
✓ Generated graph n=10000, m=50000, seed=1392892770529522614, type=UNIFORM -> ./input/random_graphs/graph_10000_50000_UNIFORM_1392892770529522614.txt (Time: 0.01s)
✓ Generated graph n=10000, m=50000, seed=4250897495980125004, type=UNIFORM -> ./input/random_graphs/graph_10000_50000_UNIFORM_4250897495980125004.txt (Time: 0.01s)
✓ Generated graph n=10000, m=50000, seed=8794274795737982182, type=UNIFORM -> ./input/random_graphs/graph_10000_50000_UNIFORM_8794274795737982182.txt (Time: 0.01s)
✓ Generated graph n=10000, m=50000, seed=2089506265998900862, type=UNIFORM -> ./input/random_graphs/graph_10000_50000_UNIFORM_2089506265998900862.txt (Time: 0.01s)
✓ Generated graph n=10000, m=50000, seed=5497874167834979553, type=UNIFORM -> ./input/random_graphs/graph_10000_50000_UNIFORM_5497874167834979553.txt (Time: 0.01s)
✓ Generated graph n=10000, m=50000, seed=1332005502874566195, type=UNIFORM -> ./input/random_graphs/graph_10000_50000_UNIFORM_1332005502874566195.txt (Time: 0.01s)
✓ Generated graph n=10000, m=50000, seed=4060584409398689268, type=UNIFORM -> ./input/random_graphs/graph_10000_50000_UNIFORM_4060584409398689268.txt (Time: 0.01s)
✓ Generated graph n=10000, m=50000, seed=1722224698700348310, type=UNIFORM -> ./input/random_graphs/graph_10000_50000_UNIFORM_1722224698700348310.txt (Time: 0.01s)
✓ Generated graph n=10000, m=50000, seed=7905487461282246979, type=UNIFORM -> ./input/random_graphs/graph_10000_50000_UNIFORM_7905487461282246979.txt (Time: 0.01s)
✓ Generated graph n=10000, m=50000, seed=8626102704817790064, type=UNIFORM -> ./input/random_graphs/graph_10000_50000_UNIFORM_8626102704817790064.txt (Time: 0.01s)
✓ Generated graph n=10000, m=50000, seed=8448596294177070022, type=UNIFORM -> ./input/random_graphs/graph_10000_50000_UNIFORM_8448596294177070022.txt (Time: 0.01s)
✓ Generated graph n=10000, m=50000, seed=4795749165124911768, type=UNIFORM -> ./input/random_graphs/graph_10000_50000_UNIFORM_4795749165124911768.txt (Time: 0.01s)
✓ Generated graph n=10000, m=50000, seed=4934890601268679176, type=UNIFORM -> ./input/random_graphs/graph_10000_50000_UNIFORM_4934890601268679176.txt (Time: 0.01s)
✓ Generated graph n=10000, m=50000, seed=1992204328026194281, type=UNIFORM -> ./input/random_graphs/graph_10000_50000_UNIFORM_1992204328026194281.txt (Time: 0.01s)
✓ Generated graph n=10000, m=50000, seed=2718103348384927511, type=UNIFORM -> ./input/random_graphs/graph_10000_50000_UNIFORM_2718103348384927511.txt (Time: 0.01s)
✓ Generated graph n=10000, m=50000, seed=7118744415197196276, type=UNIFORM -> ./input/random_graphs/graph_10000_50000_UNIFORM_7118744415197196276.txt (Time: 0.01s)
✓ Generated graph n=10000, m=50000, seed=7449662661572224354, type=UNIFORM -> ./input/random_graphs/graph_10000_50000_UNIFORM_7449662661572224354.txt (Time: 0.01s)
✓ Generated graph n=10000, m=50000, seed=9059990922233379852, type=UNIFORM -> ./input/random_graphs/graph_10000_50000_UNIFORM_9059990922233379852.txt (Time: 0.01s)
✓ Generated graph n=10000, m=50000, seed=3221421291694197220, type=UNIFORM -> ./input/random_graphs/graph_10000_50000_UNIFORM_3221421291694197220.txt (Time: 0.01s)
✓ Generated graph n=10000, m=50000, seed=7983805977214098674, type=UNIFORM -> ./input/random_graphs/graph_10000_50000_UNIFORM_7983805977214098674.txt (Time: 0.01s)
✓ Generated graph n=10000, m=50000, seed=4940913311242578590, type=UNIFORM -> ./input/random_graphs/graph_10000_50000_UNIFORM_4940913311242578590.txt (Time: 0.01s)
✓ Generated graph n=10000, m=50000, seed=5894893360759659423, type=UNIFORM -> ./input/random_graphs/graph_10000_50000_UNIFORM_5894893360759659423.txt (Time: 0.01s)
✓ Generated graph n=10000, m=50000, seed=8867616339855336876, type=UNIFORM -> ./input/random_graphs/graph_10000_50000_UNIFORM_8867616339855336876.txt (Time: 0.01s)
✓ Generated graph n=10000, m=50000, seed=2264398621601381987, type=UNIFORM -> ./input/random_graphs/graph_10000_50000_UNIFORM_2264398621601381987.txt (Time: 0.01s)
✓ Generated graph n=10000, m=50000, seed=7632458674696225362, type=UNIFORM -> ./input/random_graphs/graph_10000_50000_UNIFORM_7632458674696225362.txt (Time: 0.01s)
✓ Generated graph n=10000, m=60000, seed=6230961512046992311, type=UNIFORM -> ./input/random_graphs/graph_10000_60000_UNIFORM_6230961512046992311.txt (Time: 0.02s)
✓ Generated graph n=10000, m=60000, seed=7871178979383552919, type=UNIFORM -> ./input/random_graphs/graph_10000_60000_UNIFORM_7871178979383552919.txt (Time: 0.02s)
✓ Generated graph n=10000, m=60000, seed=3881801951614183357, type=UNIFORM -> ./input/random_graphs/graph_10000_60000_UNIFORM_3881801951614183357.txt (Time: 0.02s)
✓ Generated graph n=10000, m=60000, seed=5739955973604961613, type=UNIFORM -> ./input/random_graphs/graph_10000_60000_UNIFORM_5739955973604961613.txt (Time: 0.02s)
✓ Generated graph n=10000, m=60000, seed=7032710160631691991, type=UNIFORM -> ./input/random_graphs/graph_10000_60000_UNIFORM_7032710160631691991.txt (Time: 0.02s)
✓ Generated graph n=10000, m=60000, seed=4040737767143389431, type=UNIFORM -> ./input/random_graphs/graph_10000_60000_UNIFORM_4040737767143389431.txt (Time: 0.01s)
✓ Generated graph n=10000, m=60000, seed=2429002973740178792, type=UNIFORM -> ./input/random_graphs/graph_10000_60000_UNIFORM_2429002973740178792.txt (Time: 0.01s)
✓ Generated graph n=10000, m=60000, seed=1070244953599069350, type=UNIFORM -> ./input/random_graphs/graph_10000_60000_UNIFORM_1070244953599069350.txt (Time: 0.02s)
✓ Generated graph n=10000, m=60000, seed=7599700178212337699, type=UNIFORM -> ./input/random_graphs/graph_10000_60000_UNIFORM_7599700178212337699.txt (Time: 0.02s)
✓ Generated graph n=10000, m=60000, seed=1353182403971399009, type=UNIFORM -> ./input/random_graphs/graph_10000_60000_UNIFORM_1353182403971399009.txt (Time: 0.02s)
✓ Generated graph n=10000, m=60000, seed=6522163754831416203, type=UNIFORM -> ./input/random_graphs/graph_10000_60000_UNIFORM_6522163754831416203.txt (Time: 0.02s)
✓ Generated graph n=10000, m=60000, seed=6938562734920028532, type=UNIFORM -> ./input/random_graphs/graph_10000_60000_UNIFORM_6938562734920028532.txt (Time: 0.02s)
✓ Generated graph n=10000, m=60000, seed=1250005700364523649, type=UNIFORM -> ./input/random_graphs/graph_10000_60000_UNIFORM_1250005700364523649.txt (Time: 0.02s)
✓ Generated graph n=10000, m=60000, seed=1309542850049879452, type=UNIFORM -> ./input/random_graphs/graph_10000_60000_UNIFORM_1309542850049879452.txt (Time: 0.02s)
✓ Generated graph n=10000, m=60000, seed=7663871783842725848, type=UNIFORM -> ./input/random_graphs/graph_10000_60000_UNIFORM_7663871783842725848.txt (Time: 0.02s)
✓ Generated graph n=10000, m=60000, seed=320375091487821987, type=UNIFORM -> ./input/random_graphs/graph_10000_60000_UNIFORM_320375091487821987.txt (Time: 0.02s)
✓ Generated graph n=10000, m=60000, seed=5906957480796939447, type=UNIFORM -> ./input/random_graphs/graph_10000_60000_UNIFORM_5906957480796939447.txt (Time: 0.02s)
✓ Generated graph n=10000, m=60000, seed=1250773459040295677, type=UNIFORM -> ./input/random_graphs/graph_10000_60000_UNIFORM_1250773459040295677.txt (Time: 0.02s)
✓ Generated graph n=10000, m=60000, seed=7146860528564146064, type=UNIFORM -> ./input/random_graphs/graph_10000_60000_UNIFORM_7146860528564146064.txt (Time: 0.02s)
✓ Generated graph n=10000, m=60000, seed=3438400432146115956, type=UNIFORM -> ./input/random_graphs/graph_10000_60000_UNIFORM_3438400432146115956.txt (Time: 0.02s)
✓ Generated graph n=10000, m=60000, seed=7473196763798409428, type=UNIFORM -> ./input/random_graphs/graph_10000_60000_UNIFORM_7473196763798409428.txt (Time: 0.02s)
✓ Generated graph n=10000, m=60000, seed=5139481885857321791, type=UNIFORM -> ./input/random_graphs/graph_10000_60000_UNIFORM_5139481885857321791.txt (Time: 0.02s)
✓ Generated graph n=10000, m=60000, seed=5142811650494845597, type=UNIFORM -> ./input/random_graphs/graph_10000_60000_UNIFORM_5142811650494845597.txt (Time: 0.02s)
✓ Generated graph n=10000, m=60000, seed=3010622984418968408, type=UNIFORM -> ./input/random_graphs/graph_10000_60000_UNIFORM_3010622984418968408.txt (Time: 0.02s)
✓ Generated graph n=10000, m=60000, seed=6002685213311538187, type=UNIFORM -> ./input/random_graphs/graph_10000_60000_UNIFORM_6002685213311538187.txt (Time: 0.02s)
✓ Generated graph n=10000, m=60000, seed=5708372698381010775, type=UNIFORM -> ./input/random_graphs/graph_10000_60000_UNIFORM_5708372698381010775.txt (Time: 0.02s)
✓ Generated graph n=10000, m=60000, seed=521787134863155063, type=UNIFORM -> ./input/random_graphs/graph_10000_60000_UNIFORM_521787134863155063.txt (Time: 0.02s)
✓ Generated graph n=10000, m=60000, seed=1731523882129807996, type=UNIFORM -> ./input/random_graphs/graph_10000_60000_UNIFORM_1731523882129807996.txt (Time: 0.02s)
✓ Generated graph n=10000, m=60000, seed=1853590723603270879, type=UNIFORM -> ./input/random_graphs/graph_10000_60000_UNIFORM_1853590723603270879.txt (Time: 0.02s)
✓ Generated graph n=10000, m=60000, seed=7029781962072644698, type=UNIFORM -> ./input/random_graphs/graph_10000_60000_UNIFORM_7029781962072644698.txt (Time: 0.02s)
✓ Generated graph n=10000, m=60000, seed=6785030173969523435, type=UNIFORM -> ./input/random_graphs/graph_10000_60000_UNIFORM_6785030173969523435.txt (Time: 0.02s)
✓ Generated graph n=10000, m=60000, seed=5529616217668449934, type=UNIFORM -> ./input/random_graphs/graph_10000_60000_UNIFORM_5529616217668449934.txt (Time: 0.02s)
✓ Generated graph n=10000, m=60000, seed=3224265581699847191, type=UNIFORM -> ./input/random_graphs/graph_10000_60000_UNIFORM_3224265581699847191.txt (Time: 0.02s)
✓ Generated graph n=10000, m=60000, seed=1647170069535670909, type=UNIFORM -> ./input/random_graphs/graph_10000_60000_UNIFORM_1647170069535670909.txt (Time: 0.02s)
✓ Generated graph n=10000, m=60000, seed=5258051056098597521, type=UNIFORM -> ./input/random_graphs/graph_10000_60000_UNIFORM_5258051056098597521.txt (Time: 0.02s)
✓ Generated graph n=10000, m=60000, seed=4122784633514911760, type=UNIFORM -> ./input/random_graphs/graph_10000_60000_UNIFORM_4122784633514911760.txt (Time: 0.02s)
✓ Generated graph n=10000, m=60000, seed=7706236040662210848, type=UNIFORM -> ./input/random_graphs/graph_10000_60000_UNIFORM_7706236040662210848.txt (Time: 0.02s)
✓ Generated graph n=10000, m=60000, seed=824387247617288499, type=UNIFORM -> ./input/random_graphs/graph_10000_60000_UNIFORM_824387247617288499.txt (Time: 0.02s)
✓ Generated graph n=10000, m=60000, seed=1024517563182776983, type=UNIFORM -> ./input/random_graphs/graph_10000_60000_UNIFORM_1024517563182776983.txt (Time: 0.02s)
✓ Generated graph n=10000, m=60000, seed=7161906730445628483, type=UNIFORM -> ./input/random_graphs/graph_10000_60000_UNIFORM_7161906730445628483.txt (Time: 0.02s)
✓ Generated graph n=10000, m=60000, seed=1632192924771168275, type=UNIFORM -> ./input/random_graphs/graph_10000_60000_UNIFORM_1632192924771168275.txt (Time: 0.02s)
✓ Generated graph n=10000, m=60000, seed=6802378520969450157, type=UNIFORM -> ./input/random_graphs/graph_10000_60000_UNIFORM_6802378520969450157.txt (Time: 0.02s)
✓ Generated graph n=10000, m=60000, seed=8031431416522537101, type=UNIFORM -> ./input/random_graphs/graph_10000_60000_UNIFORM_8031431416522537101.txt (Time: 0.02s)
✓ Generated graph n=10000, m=60000, seed=6143643868734370809, type=UNIFORM -> ./input/random_graphs/graph_10000_60000_UNIFORM_6143643868734370809.txt (Time: 0.02s)
✓ Generated graph n=10000, m=60000, seed=3272308573967577038, type=UNIFORM -> ./input/random_graphs/graph_10000_60000_UNIFORM_3272308573967577038.txt (Time: 0.02s)
✓ Generated graph n=10000, m=60000, seed=4552998297316576788, type=UNIFORM -> ./input/random_graphs/graph_10000_60000_UNIFORM_4552998297316576788.txt (Time: 0.02s)
✓ Generated graph n=10000, m=60000, seed=5636411189175451024, type=UNIFORM -> ./input/random_graphs/graph_10000_60000_UNIFORM_5636411189175451024.txt (Time: 0.02s)
✓ Generated graph n=10000, m=60000, seed=5349491008325879064, type=UNIFORM -> ./input/random_graphs/graph_10000_60000_UNIFORM_5349491008325879064.txt (Time: 0.02s)
✓ Generated graph n=10000, m=60000, seed=6614505080519948832, type=UNIFORM -> ./input/random_graphs/graph_10000_60000_UNIFORM_6614505080519948832.txt (Time: 0.02s)
✓ Generated graph n=10000, m=60000, seed=7938560551762094560, type=UNIFORM -> ./input/random_graphs/graph_10000_60000_UNIFORM_7938560551762094560.txt (Time: 0.02s)
✓ Generated graph n=10000, m=60000, seed=7917045922527545890, type=UNIFORM -> ./input/random_graphs/graph_10000_60000_UNIFORM_7917045922527545890.txt (Time: 0.02s)
✓ Generated graph n=10000, m=60000, seed=4445925461710302877, type=UNIFORM -> ./input/random_graphs/graph_10000_60000_UNIFORM_4445925461710302877.txt (Time: 0.02s)
✓ Generated graph n=10000, m=60000, seed=3865339568260874865, type=UNIFORM -> ./input/random_graphs/graph_10000_60000_UNIFORM_3865339568260874865.txt (Time: 0.02s)
✓ Generated graph n=10000, m=60000, seed=7921282862123281598, type=UNIFORM -> ./input/random_graphs/graph_10000_60000_UNIFORM_7921282862123281598.txt (Time: 0.02s)
✓ Generated graph n=10000, m=60000, seed=6224222471595207695, type=UNIFORM -> ./input/random_graphs/graph_10000_60000_UNIFORM_6224222471595207695.txt (Time: 0.02s)
✓ Generated graph n=10000, m=60000, seed=8718380604043999642, type=UNIFORM -> ./input/random_graphs/graph_10000_60000_UNIFORM_8718380604043999642.txt (Time: 0.01s)
✓ Generated graph n=10000, m=60000, seed=716820155901718944, type=UNIFORM -> ./input/random_graphs/graph_10000_60000_UNIFORM_716820155901718944.txt (Time: 0.02s)
✓ Generated graph n=10000, m=60000, seed=1128313391724783137, type=UNIFORM -> ./input/random_graphs/graph_10000_60000_UNIFORM_1128313391724783137.txt (Time: 0.02s)
✓ Generated graph n=10000, m=60000, seed=5063475852268941542, type=UNIFORM -> ./input/random_graphs/graph_10000_60000_UNIFORM_5063475852268941542.txt (Time: 0.02s)
✓ Generated graph n=10000, m=60000, seed=4997514996153925447, type=UNIFORM -> ./input/random_graphs/graph_10000_60000_UNIFORM_4997514996153925447.txt (Time: 0.02s)
✓ Generated graph n=10000, m=60000, seed=8446481348147407377, type=UNIFORM -> ./input/random_graphs/graph_10000_60000_UNIFORM_8446481348147407377.txt (Time: 0.02s)
✓ Generated graph n=10000, m=60000, seed=3817405844514670994, type=UNIFORM -> ./input/random_graphs/graph_10000_60000_UNIFORM_3817405844514670994.txt (Time: 0.02s)
✓ Generated graph n=10000, m=60000, seed=6529943913552561417, type=UNIFORM -> ./input/random_graphs/graph_10000_60000_UNIFORM_6529943913552561417.txt (Time: 0.02s)
✓ Generated graph n=10000, m=60000, seed=2909934787168262407, type=UNIFORM -> ./input/random_graphs/graph_10000_60000_UNIFORM_2909934787168262407.txt (Time: 0.02s)
✓ Generated graph n=10000, m=60000, seed=1170385908854608748, type=UNIFORM -> ./input/random_graphs/graph_10000_60000_UNIFORM_1170385908854608748.txt (Time: 0.02s)
✓ Generated graph n=10000, m=60000, seed=6022436717541034636, type=UNIFORM -> ./input/random_graphs/graph_10000_60000_UNIFORM_6022436717541034636.txt (Time: 0.02s)
✓ Generated graph n=10000, m=60000, seed=3713827327871807734, type=UNIFORM -> ./input/random_graphs/graph_10000_60000_UNIFORM_3713827327871807734.txt (Time: 0.02s)
✓ Generated graph n=10000, m=60000, seed=199422815561151340, type=UNIFORM -> ./input/random_graphs/graph_10000_60000_UNIFORM_199422815561151340.txt (Time: 0.02s)
✓ Generated graph n=10000, m=60000, seed=9130666990809746335, type=UNIFORM -> ./input/random_graphs/graph_10000_60000_UNIFORM_9130666990809746335.txt (Time: 0.02s)
✓ Generated graph n=10000, m=60000, seed=6764066939395682287, type=UNIFORM -> ./input/random_graphs/graph_10000_60000_UNIFORM_6764066939395682287.txt (Time: 0.02s)
✓ Generated graph n=10000, m=60000, seed=5108599054664628607, type=UNIFORM -> ./input/random_graphs/graph_10000_60000_UNIFORM_5108599054664628607.txt (Time: 0.02s)
✓ Generated graph n=10000, m=60000, seed=175493991617213850, type=UNIFORM -> ./input/random_graphs/graph_10000_60000_UNIFORM_175493991617213850.txt (Time: 0.02s)
✓ Generated graph n=10000, m=60000, seed=7644420139408884785, type=UNIFORM -> ./input/random_graphs/graph_10000_60000_UNIFORM_7644420139408884785.txt (Time: 0.02s)
✓ Generated graph n=10000, m=60000, seed=1392892770529522614, type=UNIFORM -> ./input/random_graphs/graph_10000_60000_UNIFORM_1392892770529522614.txt (Time: 0.02s)
✓ Generated graph n=10000, m=60000, seed=1458186392400727732, type=UNIFORM -> ./input/random_graphs/graph_10000_60000_UNIFORM_1458186392400727732.txt (Time: 0.02s)
✓ Generated graph n=10000, m=60000, seed=9060210648189963449, type=UNIFORM -> ./input/random_graphs/graph_10000_60000_UNIFORM_9060210648189963449.txt (Time: 0.02s)
✓ Generated graph n=10000, m=60000, seed=4250897495980125004, type=UNIFORM -> ./input/random_graphs/graph_10000_60000_UNIFORM_4250897495980125004.txt (Time: 0.02s)
✓ Generated graph n=10000, m=60000, seed=8794274795737982182, type=UNIFORM -> ./input/random_graphs/graph_10000_60000_UNIFORM_8794274795737982182.txt (Time: 0.02s)
✓ Generated graph n=10000, m=60000, seed=4060584409398689268, type=UNIFORM -> ./input/random_graphs/graph_10000_60000_UNIFORM_4060584409398689268.txt (Time: 0.01s)
✓ Generated graph n=10000, m=60000, seed=5497874167834979553, type=UNIFORM -> ./input/random_graphs/graph_10000_60000_UNIFORM_5497874167834979553.txt (Time: 0.02s)
✓ Generated graph n=10000, m=60000, seed=1332005502874566195, type=UNIFORM -> ./input/random_graphs/graph_10000_60000_UNIFORM_1332005502874566195.txt (Time: 0.02s)
✓ Generated graph n=10000, m=60000, seed=2089506265998900862, type=UNIFORM -> ./input/random_graphs/graph_10000_60000_UNIFORM_2089506265998900862.txt (Time: 0.02s)
✓ Generated graph n=10000, m=60000, seed=8626102704817790064, type=UNIFORM -> ./input/random_graphs/graph_10000_60000_UNIFORM_8626102704817790064.txt (Time: 0.02s)
✓ Generated graph n=10000, m=60000, seed=7905487461282246979, type=UNIFORM -> ./input/random_graphs/graph_10000_60000_UNIFORM_7905487461282246979.txt (Time: 0.02s)
✓ Generated graph n=10000, m=60000, seed=4795749165124911768, type=UNIFORM -> ./input/random_graphs/graph_10000_60000_UNIFORM_4795749165124911768.txt (Time: 0.02s)
✓ Generated graph n=10000, m=60000, seed=4934890601268679176, type=UNIFORM -> ./input/random_graphs/graph_10000_60000_UNIFORM_4934890601268679176.txt (Time: 0.02s)
✓ Generated graph n=10000, m=60000, seed=1722224698700348310, type=UNIFORM -> ./input/random_graphs/graph_10000_60000_UNIFORM_1722224698700348310.txt (Time: 0.02s)
✓ Generated graph n=10000, m=60000, seed=1992204328026194281, type=UNIFORM -> ./input/random_graphs/graph_10000_60000_UNIFORM_1992204328026194281.txt (Time: 0.02s)
✓ Generated graph n=10000, m=60000, seed=8448596294177070022, type=UNIFORM -> ./input/random_graphs/graph_10000_60000_UNIFORM_8448596294177070022.txt (Time: 0.02s)
✓ Generated graph n=10000, m=60000, seed=2718103348384927511, type=UNIFORM -> ./input/random_graphs/graph_10000_60000_UNIFORM_2718103348384927511.txt (Time: 0.02s)
✓ Generated graph n=10000, m=60000, seed=7118744415197196276, type=UNIFORM -> ./input/random_graphs/graph_10000_60000_UNIFORM_7118744415197196276.txt (Time: 0.02s)
✓ Generated graph n=10000, m=60000, seed=9059990922233379852, type=UNIFORM -> ./input/random_graphs/graph_10000_60000_UNIFORM_9059990922233379852.txt (Time: 0.02s)
✓ Generated graph n=10000, m=60000, seed=7449662661572224354, type=UNIFORM -> ./input/random_graphs/graph_10000_60000_UNIFORM_7449662661572224354.txt (Time: 0.02s)
✓ Generated graph n=10000, m=60000, seed=3221421291694197220, type=UNIFORM -> ./input/random_graphs/graph_10000_60000_UNIFORM_3221421291694197220.txt (Time: 0.02s)
✓ Generated graph n=10000, m=60000, seed=7983805977214098674, type=UNIFORM -> ./input/random_graphs/graph_10000_60000_UNIFORM_7983805977214098674.txt (Time: 0.02s)
✓ Generated graph n=10000, m=60000, seed=8867616339855336876, type=UNIFORM -> ./input/random_graphs/graph_10000_60000_UNIFORM_8867616339855336876.txt (Time: 0.02s)
✓ Generated graph n=10000, m=60000, seed=4940913311242578590, type=UNIFORM -> ./input/random_graphs/graph_10000_60000_UNIFORM_4940913311242578590.txt (Time: 0.02s)
✓ Generated graph n=10000, m=60000, seed=5894893360759659423, type=UNIFORM -> ./input/random_graphs/graph_10000_60000_UNIFORM_5894893360759659423.txt (Time: 0.02s)
✓ Generated graph n=10000, m=60000, seed=2264398621601381987, type=UNIFORM -> ./input/random_graphs/graph_10000_60000_UNIFORM_2264398621601381987.txt (Time: 0.02s)
✓ Generated graph n=10000, m=60000, seed=7632458674696225362, type=UNIFORM -> ./input/random_graphs/graph_10000_60000_UNIFORM_7632458674696225362.txt (Time: 0.02s)
✓ Generated graph n=10000, m=70000, seed=6230961512046992311, type=UNIFORM -> ./input/random_graphs/graph_10000_70000_UNIFORM_6230961512046992311.txt (Time: 0.02s)
✓ Generated graph n=10000, m=70000, seed=7871178979383552919, type=UNIFORM -> ./input/random_graphs/graph_10000_70000_UNIFORM_7871178979383552919.txt (Time: 0.02s)
✓ Generated graph n=10000, m=70000, seed=5739955973604961613, type=UNIFORM -> ./input/random_graphs/graph_10000_70000_UNIFORM_5739955973604961613.txt (Time: 0.02s)
✓ Generated graph n=10000, m=70000, seed=3881801951614183357, type=UNIFORM -> ./input/random_graphs/graph_10000_70000_UNIFORM_3881801951614183357.txt (Time: 0.02s)
✓ Generated graph n=10000, m=70000, seed=7599700178212337699, type=UNIFORM -> ./input/random_graphs/graph_10000_70000_UNIFORM_7599700178212337699.txt (Time: 0.02s)
✓ Generated graph n=10000, m=70000, seed=7032710160631691991, type=UNIFORM -> ./input/random_graphs/graph_10000_70000_UNIFORM_7032710160631691991.txt (Time: 0.02s)
✓ Generated graph n=10000, m=70000, seed=2429002973740178792, type=UNIFORM -> ./input/random_graphs/graph_10000_70000_UNIFORM_2429002973740178792.txt (Time: 0.01s)
✓ Generated graph n=10000, m=70000, seed=1070244953599069350, type=UNIFORM -> ./input/random_graphs/graph_10000_70000_UNIFORM_1070244953599069350.txt (Time: 0.02s)
✓ Generated graph n=10000, m=70000, seed=1353182403971399009, type=UNIFORM -> ./input/random_graphs/graph_10000_70000_UNIFORM_1353182403971399009.txt (Time: 0.02s)
✓ Generated graph n=10000, m=70000, seed=6522163754831416203, type=UNIFORM -> ./input/random_graphs/graph_10000_70000_UNIFORM_6522163754831416203.txt (Time: 0.02s)
✓ Generated graph n=10000, m=70000, seed=7663871783842725848, type=UNIFORM -> ./input/random_graphs/graph_10000_70000_UNIFORM_7663871783842725848.txt (Time: 0.02s)
✓ Generated graph n=10000, m=70000, seed=6938562734920028532, type=UNIFORM -> ./input/random_graphs/graph_10000_70000_UNIFORM_6938562734920028532.txt (Time: 0.02s)
✓ Generated graph n=10000, m=70000, seed=1250005700364523649, type=UNIFORM -> ./input/random_graphs/graph_10000_70000_UNIFORM_1250005700364523649.txt (Time: 0.02s)
✓ Generated graph n=10000, m=70000, seed=4040737767143389431, type=UNIFORM -> ./input/random_graphs/graph_10000_70000_UNIFORM_4040737767143389431.txt (Time: 0.02s)
✓ Generated graph n=10000, m=70000, seed=1309542850049879452, type=UNIFORM -> ./input/random_graphs/graph_10000_70000_UNIFORM_1309542850049879452.txt (Time: 0.02s)
✓ Generated graph n=10000, m=70000, seed=5906957480796939447, type=UNIFORM -> ./input/random_graphs/graph_10000_70000_UNIFORM_5906957480796939447.txt (Time: 0.02s)
✓ Generated graph n=10000, m=70000, seed=320375091487821987, type=UNIFORM -> ./input/random_graphs/graph_10000_70000_UNIFORM_320375091487821987.txt (Time: 0.02s)
✓ Generated graph n=10000, m=70000, seed=7146860528564146064, type=UNIFORM -> ./input/random_graphs/graph_10000_70000_UNIFORM_7146860528564146064.txt (Time: 0.02s)
✓ Generated graph n=10000, m=70000, seed=7473196763798409428, type=UNIFORM -> ./input/random_graphs/graph_10000_70000_UNIFORM_7473196763798409428.txt (Time: 0.02s)
✓ Generated graph n=10000, m=70000, seed=3438400432146115956, type=UNIFORM -> ./input/random_graphs/graph_10000_70000_UNIFORM_3438400432146115956.txt (Time: 0.02s)
✓ Generated graph n=10000, m=70000, seed=1250773459040295677, type=UNIFORM -> ./input/random_graphs/graph_10000_70000_UNIFORM_1250773459040295677.txt (Time: 0.02s)
✓ Generated graph n=10000, m=70000, seed=5142811650494845597, type=UNIFORM -> ./input/random_graphs/graph_10000_70000_UNIFORM_5142811650494845597.txt (Time: 0.02s)
✓ Generated graph n=10000, m=70000, seed=5139481885857321791, type=UNIFORM -> ./input/random_graphs/graph_10000_70000_UNIFORM_5139481885857321791.txt (Time: 0.02s)
✓ Generated graph n=10000, m=70000, seed=3010622984418968408, type=UNIFORM -> ./input/random_graphs/graph_10000_70000_UNIFORM_3010622984418968408.txt (Time: 0.02s)
✓ Generated graph n=10000, m=70000, seed=5529616217668449934, type=UNIFORM -> ./input/random_graphs/graph_10000_70000_UNIFORM_5529616217668449934.txt (Time: 0.01s)
✓ Generated graph n=10000, m=70000, seed=6002685213311538187, type=UNIFORM -> ./input/random_graphs/graph_10000_70000_UNIFORM_6002685213311538187.txt (Time: 0.02s)
✓ Generated graph n=10000, m=70000, seed=5708372698381010775, type=UNIFORM -> ./input/random_graphs/graph_10000_70000_UNIFORM_5708372698381010775.txt (Time: 0.02s)
✓ Generated graph n=10000, m=70000, seed=521787134863155063, type=UNIFORM -> ./input/random_graphs/graph_10000_70000_UNIFORM_521787134863155063.txt (Time: 0.02s)
✓ Generated graph n=10000, m=70000, seed=1731523882129807996, type=UNIFORM -> ./input/random_graphs/graph_10000_70000_UNIFORM_1731523882129807996.txt (Time: 0.02s)
✓ Generated graph n=10000, m=70000, seed=1853590723603270879, type=UNIFORM -> ./input/random_graphs/graph_10000_70000_UNIFORM_1853590723603270879.txt (Time: 0.02s)
✓ Generated graph n=10000, m=70000, seed=7029781962072644698, type=UNIFORM -> ./input/random_graphs/graph_10000_70000_UNIFORM_7029781962072644698.txt (Time: 0.02s)
✓ Generated graph n=10000, m=70000, seed=6785030173969523435, type=UNIFORM -> ./input/random_graphs/graph_10000_70000_UNIFORM_6785030173969523435.txt (Time: 0.02s)
✓ Generated graph n=10000, m=70000, seed=1024517563182776983, type=UNIFORM -> ./input/random_graphs/graph_10000_70000_UNIFORM_1024517563182776983.txt (Time: 0.02s)
✓ Generated graph n=10000, m=70000, seed=3224265581699847191, type=UNIFORM -> ./input/random_graphs/graph_10000_70000_UNIFORM_3224265581699847191.txt (Time: 0.02s)
✓ Generated graph n=10000, m=70000, seed=5258051056098597521, type=UNIFORM -> ./input/random_graphs/graph_10000_70000_UNIFORM_5258051056098597521.txt (Time: 0.02s)
✓ Generated graph n=10000, m=70000, seed=1647170069535670909, type=UNIFORM -> ./input/random_graphs/graph_10000_70000_UNIFORM_1647170069535670909.txt (Time: 0.02s)
✓ Generated graph n=10000, m=70000, seed=4122784633514911760, type=UNIFORM -> ./input/random_graphs/graph_10000_70000_UNIFORM_4122784633514911760.txt (Time: 0.02s)
✓ Generated graph n=10000, m=70000, seed=824387247617288499, type=UNIFORM -> ./input/random_graphs/graph_10000_70000_UNIFORM_824387247617288499.txt (Time: 0.02s)
✓ Generated graph n=10000, m=70000, seed=7706236040662210848, type=UNIFORM -> ./input/random_graphs/graph_10000_70000_UNIFORM_7706236040662210848.txt (Time: 0.02s)
✓ Generated graph n=10000, m=70000, seed=1632192924771168275, type=UNIFORM -> ./input/random_graphs/graph_10000_70000_UNIFORM_1632192924771168275.txt (Time: 0.02s)
✓ Generated graph n=10000, m=70000, seed=7161906730445628483, type=UNIFORM -> ./input/random_graphs/graph_10000_70000_UNIFORM_7161906730445628483.txt (Time: 0.02s)
✓ Generated graph n=10000, m=70000, seed=7938560551762094560, type=UNIFORM -> ./input/random_graphs/graph_10000_70000_UNIFORM_7938560551762094560.txt (Time: 0.01s)
✓ Generated graph n=10000, m=70000, seed=6802378520969450157, type=UNIFORM -> ./input/random_graphs/graph_10000_70000_UNIFORM_6802378520969450157.txt (Time: 0.02s)
✓ Generated graph n=10000, m=70000, seed=8031431416522537101, type=UNIFORM -> ./input/random_graphs/graph_10000_70000_UNIFORM_8031431416522537101.txt (Time: 0.02s)
✓ Generated graph n=10000, m=70000, seed=4552998297316576788, type=UNIFORM -> ./input/random_graphs/graph_10000_70000_UNIFORM_4552998297316576788.txt (Time: 0.02s)
✓ Generated graph n=10000, m=70000, seed=3272308573967577038, type=UNIFORM -> ./input/random_graphs/graph_10000_70000_UNIFORM_3272308573967577038.txt (Time: 0.02s)
✓ Generated graph n=10000, m=70000, seed=6143643868734370809, type=UNIFORM -> ./input/random_graphs/graph_10000_70000_UNIFORM_6143643868734370809.txt (Time: 0.02s)
✓ Generated graph n=10000, m=70000, seed=5636411189175451024, type=UNIFORM -> ./input/random_graphs/graph_10000_70000_UNIFORM_5636411189175451024.txt (Time: 0.02s)
✓ Generated graph n=10000, m=70000, seed=5349491008325879064, type=UNIFORM -> ./input/random_graphs/graph_10000_70000_UNIFORM_5349491008325879064.txt (Time: 0.02s)
✓ Generated graph n=10000, m=70000, seed=6614505080519948832, type=UNIFORM -> ./input/random_graphs/graph_10000_70000_UNIFORM_6614505080519948832.txt (Time: 0.02s)
✓ Generated graph n=10000, m=70000, seed=4445925461710302877, type=UNIFORM -> ./input/random_graphs/graph_10000_70000_UNIFORM_4445925461710302877.txt (Time: 0.02s)
✓ Generated graph n=10000, m=70000, seed=7917045922527545890, type=UNIFORM -> ./input/random_graphs/graph_10000_70000_UNIFORM_7917045922527545890.txt (Time: 0.02s)
✓ Generated graph n=10000, m=70000, seed=3865339568260874865, type=UNIFORM -> ./input/random_graphs/graph_10000_70000_UNIFORM_3865339568260874865.txt (Time: 0.02s)
✓ Generated graph n=10000, m=70000, seed=7921282862123281598, type=UNIFORM -> ./input/random_graphs/graph_10000_70000_UNIFORM_7921282862123281598.txt (Time: 0.02s)
✓ Generated graph n=10000, m=70000, seed=1128313391724783137, type=UNIFORM -> ./input/random_graphs/graph_10000_70000_UNIFORM_1128313391724783137.txt (Time: 0.02s)
✓ Generated graph n=10000, m=70000, seed=716820155901718944, type=UNIFORM -> ./input/random_graphs/graph_10000_70000_UNIFORM_716820155901718944.txt (Time: 0.02s)
✓ Generated graph n=10000, m=70000, seed=6224222471595207695, type=UNIFORM -> ./input/random_graphs/graph_10000_70000_UNIFORM_6224222471595207695.txt (Time: 0.02s)
✓ Generated graph n=10000, m=70000, seed=8718380604043999642, type=UNIFORM -> ./input/random_graphs/graph_10000_70000_UNIFORM_8718380604043999642.txt (Time: 0.02s)
✓ Generated graph n=10000, m=70000, seed=4997514996153925447, type=UNIFORM -> ./input/random_graphs/graph_10000_70000_UNIFORM_4997514996153925447.txt (Time: 0.02s)
✓ Generated graph n=10000, m=70000, seed=8446481348147407377, type=UNIFORM -> ./input/random_graphs/graph_10000_70000_UNIFORM_8446481348147407377.txt (Time: 0.02s)
✓ Generated graph n=10000, m=70000, seed=3817405844514670994, type=UNIFORM -> ./input/random_graphs/graph_10000_70000_UNIFORM_3817405844514670994.txt (Time: 0.02s)
✓ Generated graph n=10000, m=70000, seed=5063475852268941542, type=UNIFORM -> ./input/random_graphs/graph_10000_70000_UNIFORM_5063475852268941542.txt (Time: 0.02s)
✓ Generated graph n=10000, m=70000, seed=6529943913552561417, type=UNIFORM -> ./input/random_graphs/graph_10000_70000_UNIFORM_6529943913552561417.txt (Time: 0.02s)
✓ Generated graph n=10000, m=70000, seed=2909934787168262407, type=UNIFORM -> ./input/random_graphs/graph_10000_70000_UNIFORM_2909934787168262407.txt (Time: 0.02s)
✓ Generated graph n=10000, m=70000, seed=1170385908854608748, type=UNIFORM -> ./input/random_graphs/graph_10000_70000_UNIFORM_1170385908854608748.txt (Time: 0.02s)
✓ Generated graph n=10000, m=70000, seed=199422815561151340, type=UNIFORM -> ./input/random_graphs/graph_10000_70000_UNIFORM_199422815561151340.txt (Time: 0.02s)
✓ Generated graph n=10000, m=70000, seed=6022436717541034636, type=UNIFORM -> ./input/random_graphs/graph_10000_70000_UNIFORM_6022436717541034636.txt (Time: 0.02s)
✓ Generated graph n=10000, m=70000, seed=3713827327871807734, type=UNIFORM -> ./input/random_graphs/graph_10000_70000_UNIFORM_3713827327871807734.txt (Time: 0.02s)
✓ Generated graph n=10000, m=70000, seed=175493991617213850, type=UNIFORM -> ./input/random_graphs/graph_10000_70000_UNIFORM_175493991617213850.txt (Time: 0.02s)
✓ Generated graph n=10000, m=70000, seed=9130666990809746335, type=UNIFORM -> ./input/random_graphs/graph_10000_70000_UNIFORM_9130666990809746335.txt (Time: 0.02s)
✓ Generated graph n=10000, m=70000, seed=5108599054664628607, type=UNIFORM -> ./input/random_graphs/graph_10000_70000_UNIFORM_5108599054664628607.txt (Time: 0.02s)
✓ Generated graph n=10000, m=70000, seed=6764066939395682287, type=UNIFORM -> ./input/random_graphs/graph_10000_70000_UNIFORM_6764066939395682287.txt (Time: 0.02s)
✓ Generated graph n=10000, m=70000, seed=7644420139408884785, type=UNIFORM -> ./input/random_graphs/graph_10000_70000_UNIFORM_7644420139408884785.txt (Time: 0.02s)
✓ Generated graph n=10000, m=70000, seed=1392892770529522614, type=UNIFORM -> ./input/random_graphs/graph_10000_70000_UNIFORM_1392892770529522614.txt (Time: 0.02s)
✓ Generated graph n=10000, m=70000, seed=1458186392400727732, type=UNIFORM -> ./input/random_graphs/graph_10000_70000_UNIFORM_1458186392400727732.txt (Time: 0.02s)
✓ Generated graph n=10000, m=70000, seed=9060210648189963449, type=UNIFORM -> ./input/random_graphs/graph_10000_70000_UNIFORM_9060210648189963449.txt (Time: 0.02s)
✓ Generated graph n=10000, m=70000, seed=4250897495980125004, type=UNIFORM -> ./input/random_graphs/graph_10000_70000_UNIFORM_4250897495980125004.txt (Time: 0.02s)
✓ Generated graph n=10000, m=70000, seed=8794274795737982182, type=UNIFORM -> ./input/random_graphs/graph_10000_70000_UNIFORM_8794274795737982182.txt (Time: 0.02s)
✓ Generated graph n=10000, m=70000, seed=2089506265998900862, type=UNIFORM -> ./input/random_graphs/graph_10000_70000_UNIFORM_2089506265998900862.txt (Time: 0.02s)
✓ Generated graph n=10000, m=70000, seed=5497874167834979553, type=UNIFORM -> ./input/random_graphs/graph_10000_70000_UNIFORM_5497874167834979553.txt (Time: 0.02s)
✓ Generated graph n=10000, m=70000, seed=4060584409398689268, type=UNIFORM -> ./input/random_graphs/graph_10000_70000_UNIFORM_4060584409398689268.txt (Time: 0.02s)
✓ Generated graph n=10000, m=70000, seed=1332005502874566195, type=UNIFORM -> ./input/random_graphs/graph_10000_70000_UNIFORM_1332005502874566195.txt (Time: 0.02s)
✓ Generated graph n=10000, m=70000, seed=1722224698700348310, type=UNIFORM -> ./input/random_graphs/graph_10000_70000_UNIFORM_1722224698700348310.txt (Time: 0.02s)
✓ Generated graph n=10000, m=70000, seed=4940913311242578590, type=UNIFORM -> ./input/random_graphs/graph_10000_70000_UNIFORM_4940913311242578590.txt (Time: 0.01s)
✓ Generated graph n=10000, m=70000, seed=8448596294177070022, type=UNIFORM -> ./input/random_graphs/graph_10000_70000_UNIFORM_8448596294177070022.txt (Time: 0.02s)
✓ Generated graph n=10000, m=70000, seed=8626102704817790064, type=UNIFORM -> ./input/random_graphs/graph_10000_70000_UNIFORM_8626102704817790064.txt (Time: 0.02s)
✓ Generated graph n=10000, m=70000, seed=7905487461282246979, type=UNIFORM -> ./input/random_graphs/graph_10000_70000_UNIFORM_7905487461282246979.txt (Time: 0.02s)
✓ Generated graph n=10000, m=70000, seed=4795749165124911768, type=UNIFORM -> ./input/random_graphs/graph_10000_70000_UNIFORM_4795749165124911768.txt (Time: 0.02s)
✓ Generated graph n=10000, m=70000, seed=4934890601268679176, type=UNIFORM -> ./input/random_graphs/graph_10000_70000_UNIFORM_4934890601268679176.txt (Time: 0.02s)
✓ Generated graph n=10000, m=70000, seed=1992204328026194281, type=UNIFORM -> ./input/random_graphs/graph_10000_70000_UNIFORM_1992204328026194281.txt (Time: 0.02s)
✓ Generated graph n=10000, m=70000, seed=2718103348384927511, type=UNIFORM -> ./input/random_graphs/graph_10000_70000_UNIFORM_2718103348384927511.txt (Time: 0.02s)
✓ Generated graph n=10000, m=70000, seed=9059990922233379852, type=UNIFORM -> ./input/random_graphs/graph_10000_70000_UNIFORM_9059990922233379852.txt (Time: 0.02s)
✓ Generated graph n=10000, m=70000, seed=7118744415197196276, type=UNIFORM -> ./input/random_graphs/graph_10000_70000_UNIFORM_7118744415197196276.txt (Time: 0.02s)
✓ Generated graph n=10000, m=70000, seed=7449662661572224354, type=UNIFORM -> ./input/random_graphs/graph_10000_70000_UNIFORM_7449662661572224354.txt (Time: 0.02s)
✓ Generated graph n=10000, m=70000, seed=5894893360759659423, type=UNIFORM -> ./input/random_graphs/graph_10000_70000_UNIFORM_5894893360759659423.txt (Time: 0.02s)
✓ Generated graph n=10000, m=70000, seed=8867616339855336876, type=UNIFORM -> ./input/random_graphs/graph_10000_70000_UNIFORM_8867616339855336876.txt (Time: 0.02s)
✓ Generated graph n=10000, m=70000, seed=3221421291694197220, type=UNIFORM -> ./input/random_graphs/graph_10000_70000_UNIFORM_3221421291694197220.txt (Time: 0.02s)
✓ Generated graph n=10000, m=70000, seed=7983805977214098674, type=UNIFORM -> ./input/random_graphs/graph_10000_70000_UNIFORM_7983805977214098674.txt (Time: 0.02s)
✓ Generated graph n=10000, m=70000, seed=2264398621601381987, type=UNIFORM -> ./input/random_graphs/graph_10000_70000_UNIFORM_2264398621601381987.txt (Time: 0.02s)
✓ Generated graph n=10000, m=70000, seed=7632458674696225362, type=UNIFORM -> ./input/random_graphs/graph_10000_70000_UNIFORM_7632458674696225362.txt (Time: 0.02s)
✓ Generated graph n=10000, m=80000, seed=7871178979383552919, type=UNIFORM -> ./input/random_graphs/graph_10000_80000_UNIFORM_7871178979383552919.txt (Time: 0.02s)
✓ Generated graph n=10000, m=80000, seed=5739955973604961613, type=UNIFORM -> ./input/random_graphs/graph_10000_80000_UNIFORM_5739955973604961613.txt (Time: 0.02s)
✓ Generated graph n=10000, m=80000, seed=6230961512046992311, type=UNIFORM -> ./input/random_graphs/graph_10000_80000_UNIFORM_6230961512046992311.txt (Time: 0.02s)
✓ Generated graph n=10000, m=80000, seed=3881801951614183357, type=UNIFORM -> ./input/random_graphs/graph_10000_80000_UNIFORM_3881801951614183357.txt (Time: 0.02s)
✓ Generated graph n=10000, m=80000, seed=7599700178212337699, type=UNIFORM -> ./input/random_graphs/graph_10000_80000_UNIFORM_7599700178212337699.txt (Time: 0.02s)
✓ Generated graph n=10000, m=80000, seed=7032710160631691991, type=UNIFORM -> ./input/random_graphs/graph_10000_80000_UNIFORM_7032710160631691991.txt (Time: 0.02s)
✓ Generated graph n=10000, m=80000, seed=1353182403971399009, type=UNIFORM -> ./input/random_graphs/graph_10000_80000_UNIFORM_1353182403971399009.txt (Time: 0.02s)
✓ Generated graph n=10000, m=80000, seed=6522163754831416203, type=UNIFORM -> ./input/random_graphs/graph_10000_80000_UNIFORM_6522163754831416203.txt (Time: 0.02s)
✓ Generated graph n=10000, m=80000, seed=1070244953599069350, type=UNIFORM -> ./input/random_graphs/graph_10000_80000_UNIFORM_1070244953599069350.txt (Time: 0.02s)
✓ Generated graph n=10000, m=80000, seed=6938562734920028532, type=UNIFORM -> ./input/random_graphs/graph_10000_80000_UNIFORM_6938562734920028532.txt (Time: 0.02s)
✓ Generated graph n=10000, m=80000, seed=4040737767143389431, type=UNIFORM -> ./input/random_graphs/graph_10000_80000_UNIFORM_4040737767143389431.txt (Time: 0.02s)
✓ Generated graph n=10000, m=80000, seed=1250005700364523649, type=UNIFORM -> ./input/random_graphs/graph_10000_80000_UNIFORM_1250005700364523649.txt (Time: 0.02s)
✓ Generated graph n=10000, m=80000, seed=7663871783842725848, type=UNIFORM -> ./input/random_graphs/graph_10000_80000_UNIFORM_7663871783842725848.txt (Time: 0.02s)
✓ Generated graph n=10000, m=80000, seed=2429002973740178792, type=UNIFORM -> ./input/random_graphs/graph_10000_80000_UNIFORM_2429002973740178792.txt (Time: 0.02s)
✓ Generated graph n=10000, m=80000, seed=1309542850049879452, type=UNIFORM -> ./input/random_graphs/graph_10000_80000_UNIFORM_1309542850049879452.txt (Time: 0.02s)
✓ Generated graph n=10000, m=80000, seed=5906957480796939447, type=UNIFORM -> ./input/random_graphs/graph_10000_80000_UNIFORM_5906957480796939447.txt (Time: 0.02s)
✓ Generated graph n=10000, m=80000, seed=320375091487821987, type=UNIFORM -> ./input/random_graphs/graph_10000_80000_UNIFORM_320375091487821987.txt (Time: 0.02s)
✓ Generated graph n=10000, m=80000, seed=1250773459040295677, type=UNIFORM -> ./input/random_graphs/graph_10000_80000_UNIFORM_1250773459040295677.txt (Time: 0.02s)
✓ Generated graph n=10000, m=80000, seed=7146860528564146064, type=UNIFORM -> ./input/random_graphs/graph_10000_80000_UNIFORM_7146860528564146064.txt (Time: 0.02s)
✓ Generated graph n=10000, m=80000, seed=5139481885857321791, type=UNIFORM -> ./input/random_graphs/graph_10000_80000_UNIFORM_5139481885857321791.txt (Time: 0.02s)
✓ Generated graph n=10000, m=80000, seed=3438400432146115956, type=UNIFORM -> ./input/random_graphs/graph_10000_80000_UNIFORM_3438400432146115956.txt (Time: 0.02s)
✓ Generated graph n=10000, m=80000, seed=5142811650494845597, type=UNIFORM -> ./input/random_graphs/graph_10000_80000_UNIFORM_5142811650494845597.txt (Time: 0.02s)
✓ Generated graph n=10000, m=80000, seed=7473196763798409428, type=UNIFORM -> ./input/random_graphs/graph_10000_80000_UNIFORM_7473196763798409428.txt (Time: 0.02s)
✓ Generated graph n=10000, m=80000, seed=3010622984418968408, type=UNIFORM -> ./input/random_graphs/graph_10000_80000_UNIFORM_3010622984418968408.txt (Time: 0.02s)
✓ Generated graph n=10000, m=80000, seed=6002685213311538187, type=UNIFORM -> ./input/random_graphs/graph_10000_80000_UNIFORM_6002685213311538187.txt (Time: 0.02s)
✓ Generated graph n=10000, m=80000, seed=5708372698381010775, type=UNIFORM -> ./input/random_graphs/graph_10000_80000_UNIFORM_5708372698381010775.txt (Time: 0.02s)
✓ Generated graph n=10000, m=80000, seed=521787134863155063, type=UNIFORM -> ./input/random_graphs/graph_10000_80000_UNIFORM_521787134863155063.txt (Time: 0.02s)
✓ Generated graph n=10000, m=80000, seed=1853590723603270879, type=UNIFORM -> ./input/random_graphs/graph_10000_80000_UNIFORM_1853590723603270879.txt (Time: 0.02s)
✓ Generated graph n=10000, m=80000, seed=7029781962072644698, type=UNIFORM -> ./input/random_graphs/graph_10000_80000_UNIFORM_7029781962072644698.txt (Time: 0.02s)
✓ Generated graph n=10000, m=80000, seed=1731523882129807996, type=UNIFORM -> ./input/random_graphs/graph_10000_80000_UNIFORM_1731523882129807996.txt (Time: 0.02s)
✓ Generated graph n=10000, m=80000, seed=824387247617288499, type=UNIFORM -> ./input/random_graphs/graph_10000_80000_UNIFORM_824387247617288499.txt (Time: 0.01s)
✓ Generated graph n=10000, m=80000, seed=7161906730445628483, type=UNIFORM -> ./input/random_graphs/graph_10000_80000_UNIFORM_7161906730445628483.txt (Time: 0.01s)
✓ Generated graph n=10000, m=80000, seed=6785030173969523435, type=UNIFORM -> ./input/random_graphs/graph_10000_80000_UNIFORM_6785030173969523435.txt (Time: 0.02s)
✓ Generated graph n=10000, m=80000, seed=5529616217668449934, type=UNIFORM -> ./input/random_graphs/graph_10000_80000_UNIFORM_5529616217668449934.txt (Time: 0.02s)
✓ Generated graph n=10000, m=80000, seed=5258051056098597521, type=UNIFORM -> ./input/random_graphs/graph_10000_80000_UNIFORM_5258051056098597521.txt (Time: 0.02s)
✓ Generated graph n=10000, m=80000, seed=1024517563182776983, type=UNIFORM -> ./input/random_graphs/graph_10000_80000_UNIFORM_1024517563182776983.txt (Time: 0.02s)
✓ Generated graph n=10000, m=80000, seed=3224265581699847191, type=UNIFORM -> ./input/random_graphs/graph_10000_80000_UNIFORM_3224265581699847191.txt (Time: 0.02s)
✓ Generated graph n=10000, m=80000, seed=4122784633514911760, type=UNIFORM -> ./input/random_graphs/graph_10000_80000_UNIFORM_4122784633514911760.txt (Time: 0.02s)
✓ Generated graph n=10000, m=80000, seed=7706236040662210848, type=UNIFORM -> ./input/random_graphs/graph_10000_80000_UNIFORM_7706236040662210848.txt (Time: 0.02s)
✓ Generated graph n=10000, m=80000, seed=1647170069535670909, type=UNIFORM -> ./input/random_graphs/graph_10000_80000_UNIFORM_1647170069535670909.txt (Time: 0.02s)
✓ Generated graph n=10000, m=80000, seed=1632192924771168275, type=UNIFORM -> ./input/random_graphs/graph_10000_80000_UNIFORM_1632192924771168275.txt (Time: 0.02s)
✓ Generated graph n=10000, m=80000, seed=6802378520969450157, type=UNIFORM -> ./input/random_graphs/graph_10000_80000_UNIFORM_6802378520969450157.txt (Time: 0.02s)
✓ Generated graph n=10000, m=80000, seed=6143643868734370809, type=UNIFORM -> ./input/random_graphs/graph_10000_80000_UNIFORM_6143643868734370809.txt (Time: 0.02s)
✓ Generated graph n=10000, m=80000, seed=4552998297316576788, type=UNIFORM -> ./input/random_graphs/graph_10000_80000_UNIFORM_4552998297316576788.txt (Time: 0.02s)
✓ Generated graph n=10000, m=80000, seed=8031431416522537101, type=UNIFORM -> ./input/random_graphs/graph_10000_80000_UNIFORM_8031431416522537101.txt (Time: 0.02s)
✓ Generated graph n=10000, m=80000, seed=3272308573967577038, type=UNIFORM -> ./input/random_graphs/graph_10000_80000_UNIFORM_3272308573967577038.txt (Time: 0.02s)
✓ Generated graph n=10000, m=80000, seed=5349491008325879064, type=UNIFORM -> ./input/random_graphs/graph_10000_80000_UNIFORM_5349491008325879064.txt (Time: 0.02s)
✓ Generated graph n=10000, m=80000, seed=5636411189175451024, type=UNIFORM -> ./input/random_graphs/graph_10000_80000_UNIFORM_5636411189175451024.txt (Time: 0.02s)
✓ Generated graph n=10000, m=80000, seed=6614505080519948832, type=UNIFORM -> ./input/random_graphs/graph_10000_80000_UNIFORM_6614505080519948832.txt (Time: 0.02s)
✓ Generated graph n=10000, m=80000, seed=7938560551762094560, type=UNIFORM -> ./input/random_graphs/graph_10000_80000_UNIFORM_7938560551762094560.txt (Time: 0.02s)
✓ Generated graph n=10000, m=80000, seed=716820155901718944, type=UNIFORM -> ./input/random_graphs/graph_10000_80000_UNIFORM_716820155901718944.txt (Time: 0.01s)
✓ Generated graph n=10000, m=80000, seed=7917045922527545890, type=UNIFORM -> ./input/random_graphs/graph_10000_80000_UNIFORM_7917045922527545890.txt (Time: 0.02s)
✓ Generated graph n=10000, m=80000, seed=4445925461710302877, type=UNIFORM -> ./input/random_graphs/graph_10000_80000_UNIFORM_4445925461710302877.txt (Time: 0.02s)
✓ Generated graph n=10000, m=80000, seed=3865339568260874865, type=UNIFORM -> ./input/random_graphs/graph_10000_80000_UNIFORM_3865339568260874865.txt (Time: 0.02s)
✓ Generated graph n=10000, m=80000, seed=6224222471595207695, type=UNIFORM -> ./input/random_graphs/graph_10000_80000_UNIFORM_6224222471595207695.txt (Time: 0.02s)
✓ Generated graph n=10000, m=80000, seed=1128313391724783137, type=UNIFORM -> ./input/random_graphs/graph_10000_80000_UNIFORM_1128313391724783137.txt (Time: 0.02s)
✓ Generated graph n=10000, m=80000, seed=7921282862123281598, type=UNIFORM -> ./input/random_graphs/graph_10000_80000_UNIFORM_7921282862123281598.txt (Time: 0.02s)
✓ Generated graph n=10000, m=80000, seed=8718380604043999642, type=UNIFORM -> ./input/random_graphs/graph_10000_80000_UNIFORM_8718380604043999642.txt (Time: 0.02s)
✓ Generated graph n=10000, m=80000, seed=5063475852268941542, type=UNIFORM -> ./input/random_graphs/graph_10000_80000_UNIFORM_5063475852268941542.txt (Time: 0.02s)
✓ Generated graph n=10000, m=80000, seed=8446481348147407377, type=UNIFORM -> ./input/random_graphs/graph_10000_80000_UNIFORM_8446481348147407377.txt (Time: 0.02s)
✓ Generated graph n=10000, m=80000, seed=4997514996153925447, type=UNIFORM -> ./input/random_graphs/graph_10000_80000_UNIFORM_4997514996153925447.txt (Time: 0.02s)
✓ Generated graph n=10000, m=80000, seed=3817405844514670994, type=UNIFORM -> ./input/random_graphs/graph_10000_80000_UNIFORM_3817405844514670994.txt (Time: 0.02s)
✓ Generated graph n=10000, m=80000, seed=2909934787168262407, type=UNIFORM -> ./input/random_graphs/graph_10000_80000_UNIFORM_2909934787168262407.txt (Time: 0.02s)
✓ Generated graph n=10000, m=80000, seed=1170385908854608748, type=UNIFORM -> ./input/random_graphs/graph_10000_80000_UNIFORM_1170385908854608748.txt (Time: 0.02s)
✓ Generated graph n=10000, m=80000, seed=6529943913552561417, type=UNIFORM -> ./input/random_graphs/graph_10000_80000_UNIFORM_6529943913552561417.txt (Time: 0.02s)
✓ Generated graph n=10000, m=80000, seed=6022436717541034636, type=UNIFORM -> ./input/random_graphs/graph_10000_80000_UNIFORM_6022436717541034636.txt (Time: 0.02s)
✓ Generated graph n=10000, m=80000, seed=199422815561151340, type=UNIFORM -> ./input/random_graphs/graph_10000_80000_UNIFORM_199422815561151340.txt (Time: 0.02s)
✓ Generated graph n=10000, m=80000, seed=3713827327871807734, type=UNIFORM -> ./input/random_graphs/graph_10000_80000_UNIFORM_3713827327871807734.txt (Time: 0.02s)
✓ Generated graph n=10000, m=80000, seed=5108599054664628607, type=UNIFORM -> ./input/random_graphs/graph_10000_80000_UNIFORM_5108599054664628607.txt (Time: 0.02s)
✓ Generated graph n=10000, m=80000, seed=175493991617213850, type=UNIFORM -> ./input/random_graphs/graph_10000_80000_UNIFORM_175493991617213850.txt (Time: 0.02s)
✓ Generated graph n=10000, m=80000, seed=9130666990809746335, type=UNIFORM -> ./input/random_graphs/graph_10000_80000_UNIFORM_9130666990809746335.txt (Time: 0.02s)
✓ Generated graph n=10000, m=80000, seed=6764066939395682287, type=UNIFORM -> ./input/random_graphs/graph_10000_80000_UNIFORM_6764066939395682287.txt (Time: 0.02s)
✓ Generated graph n=10000, m=80000, seed=1458186392400727732, type=UNIFORM -> ./input/random_graphs/graph_10000_80000_UNIFORM_1458186392400727732.txt (Time: 0.02s)
✓ Generated graph n=10000, m=80000, seed=7644420139408884785, type=UNIFORM -> ./input/random_graphs/graph_10000_80000_UNIFORM_7644420139408884785.txt (Time: 0.02s)
✓ Generated graph n=10000, m=80000, seed=4250897495980125004, type=UNIFORM -> ./input/random_graphs/graph_10000_80000_UNIFORM_4250897495980125004.txt (Time: 0.02s)
✓ Generated graph n=10000, m=80000, seed=9060210648189963449, type=UNIFORM -> ./input/random_graphs/graph_10000_80000_UNIFORM_9060210648189963449.txt (Time: 0.02s)
✓ Generated graph n=10000, m=80000, seed=1392892770529522614, type=UNIFORM -> ./input/random_graphs/graph_10000_80000_UNIFORM_1392892770529522614.txt (Time: 0.02s)
✓ Generated graph n=10000, m=80000, seed=8794274795737982182, type=UNIFORM -> ./input/random_graphs/graph_10000_80000_UNIFORM_8794274795737982182.txt (Time: 0.02s)
✓ Generated graph n=10000, m=80000, seed=2089506265998900862, type=UNIFORM -> ./input/random_graphs/graph_10000_80000_UNIFORM_2089506265998900862.txt (Time: 0.02s)
✓ Generated graph n=10000, m=80000, seed=4060584409398689268, type=UNIFORM -> ./input/random_graphs/graph_10000_80000_UNIFORM_4060584409398689268.txt (Time: 0.02s)
✓ Generated graph n=10000, m=80000, seed=5497874167834979553, type=UNIFORM -> ./input/random_graphs/graph_10000_80000_UNIFORM_5497874167834979553.txt (Time: 0.02s)
✓ Generated graph n=10000, m=80000, seed=1332005502874566195, type=UNIFORM -> ./input/random_graphs/graph_10000_80000_UNIFORM_1332005502874566195.txt (Time: 0.02s)
✓ Generated graph n=10000, m=80000, seed=8626102704817790064, type=UNIFORM -> ./input/random_graphs/graph_10000_80000_UNIFORM_8626102704817790064.txt (Time: 0.02s)
✓ Generated graph n=10000, m=80000, seed=7905487461282246979, type=UNIFORM -> ./input/random_graphs/graph_10000_80000_UNIFORM_7905487461282246979.txt (Time: 0.02s)
✓ Generated graph n=10000, m=80000, seed=8448596294177070022, type=UNIFORM -> ./input/random_graphs/graph_10000_80000_UNIFORM_8448596294177070022.txt (Time: 0.02s)
✓ Generated graph n=10000, m=80000, seed=1722224698700348310, type=UNIFORM -> ./input/random_graphs/graph_10000_80000_UNIFORM_1722224698700348310.txt (Time: 0.02s)
✓ Generated graph n=10000, m=80000, seed=4795749165124911768, type=UNIFORM -> ./input/random_graphs/graph_10000_80000_UNIFORM_4795749165124911768.txt (Time: 0.02s)
✓ Generated graph n=10000, m=80000, seed=1992204328026194281, type=UNIFORM -> ./input/random_graphs/graph_10000_80000_UNIFORM_1992204328026194281.txt (Time: 0.02s)
✓ Generated graph n=10000, m=80000, seed=7118744415197196276, type=UNIFORM -> ./input/random_graphs/graph_10000_80000_UNIFORM_7118744415197196276.txt (Time: 0.02s)
✓ Generated graph n=10000, m=80000, seed=4934890601268679176, type=UNIFORM -> ./input/random_graphs/graph_10000_80000_UNIFORM_4934890601268679176.txt (Time: 0.02s)
✓ Generated graph n=10000, m=80000, seed=2718103348384927511, type=UNIFORM -> ./input/random_graphs/graph_10000_80000_UNIFORM_2718103348384927511.txt (Time: 0.02s)
✓ Generated graph n=10000, m=80000, seed=7632458674696225362, type=UNIFORM -> ./input/random_graphs/graph_10000_80000_UNIFORM_7632458674696225362.txt (Time: 0.02s)
✓ Generated graph n=10000, m=80000, seed=7449662661572224354, type=UNIFORM -> ./input/random_graphs/graph_10000_80000_UNIFORM_7449662661572224354.txt (Time: 0.02s)
✓ Generated graph n=10000, m=80000, seed=9059990922233379852, type=UNIFORM -> ./input/random_graphs/graph_10000_80000_UNIFORM_9059990922233379852.txt (Time: 0.02s)
✓ Generated graph n=10000, m=80000, seed=3221421291694197220, type=UNIFORM -> ./input/random_graphs/graph_10000_80000_UNIFORM_3221421291694197220.txt (Time: 0.02s)
✓ Generated graph n=10000, m=80000, seed=4940913311242578590, type=UNIFORM -> ./input/random_graphs/graph_10000_80000_UNIFORM_4940913311242578590.txt (Time: 0.02s)
✓ Generated graph n=10000, m=80000, seed=7983805977214098674, type=UNIFORM -> ./input/random_graphs/graph_10000_80000_UNIFORM_7983805977214098674.txt (Time: 0.02s)
✓ Generated graph n=10000, m=80000, seed=5894893360759659423, type=UNIFORM -> ./input/random_graphs/graph_10000_80000_UNIFORM_5894893360759659423.txt (Time: 0.02s)
✓ Generated graph n=10000, m=80000, seed=8867616339855336876, type=UNIFORM -> ./input/random_graphs/graph_10000_80000_UNIFORM_8867616339855336876.txt (Time: 0.02s)
✓ Generated graph n=10000, m=80000, seed=2264398621601381987, type=UNIFORM -> ./input/random_graphs/graph_10000_80000_UNIFORM_2264398621601381987.txt (Time: 0.02s)
✓ Generated graph n=10000, m=90000, seed=6230961512046992311, type=UNIFORM -> ./input/random_graphs/graph_10000_90000_UNIFORM_6230961512046992311.txt (Time: 0.02s)
✓ Generated graph n=10000, m=90000, seed=7871178979383552919, type=UNIFORM -> ./input/random_graphs/graph_10000_90000_UNIFORM_7871178979383552919.txt (Time: 0.02s)
✓ Generated graph n=10000, m=90000, seed=3881801951614183357, type=UNIFORM -> ./input/random_graphs/graph_10000_90000_UNIFORM_3881801951614183357.txt (Time: 0.02s)
✓ Generated graph n=10000, m=90000, seed=5739955973604961613, type=UNIFORM -> ./input/random_graphs/graph_10000_90000_UNIFORM_5739955973604961613.txt (Time: 0.02s)
✓ Generated graph n=10000, m=90000, seed=7032710160631691991, type=UNIFORM -> ./input/random_graphs/graph_10000_90000_UNIFORM_7032710160631691991.txt (Time: 0.02s)
✓ Generated graph n=10000, m=90000, seed=7599700178212337699, type=UNIFORM -> ./input/random_graphs/graph_10000_90000_UNIFORM_7599700178212337699.txt (Time: 0.02s)
✓ Generated graph n=10000, m=90000, seed=1070244953599069350, type=UNIFORM -> ./input/random_graphs/graph_10000_90000_UNIFORM_1070244953599069350.txt (Time: 0.02s)
✓ Generated graph n=10000, m=90000, seed=1353182403971399009, type=UNIFORM -> ./input/random_graphs/graph_10000_90000_UNIFORM_1353182403971399009.txt (Time: 0.02s)
✓ Generated graph n=10000, m=90000, seed=6938562734920028532, type=UNIFORM -> ./input/random_graphs/graph_10000_90000_UNIFORM_6938562734920028532.txt (Time: 0.02s)
✓ Generated graph n=10000, m=90000, seed=6522163754831416203, type=UNIFORM -> ./input/random_graphs/graph_10000_90000_UNIFORM_6522163754831416203.txt (Time: 0.02s)
✓ Generated graph n=10000, m=90000, seed=1250005700364523649, type=UNIFORM -> ./input/random_graphs/graph_10000_90000_UNIFORM_1250005700364523649.txt (Time: 0.02s)
✓ Generated graph n=10000, m=90000, seed=4040737767143389431, type=UNIFORM -> ./input/random_graphs/graph_10000_90000_UNIFORM_4040737767143389431.txt (Time: 0.02s)
✓ Generated graph n=10000, m=90000, seed=3010622984418968408, type=UNIFORM -> ./input/random_graphs/graph_10000_90000_UNIFORM_3010622984418968408.txt (Time: 0.02s)
✓ Generated graph n=10000, m=90000, seed=2429002973740178792, type=UNIFORM -> ./input/random_graphs/graph_10000_90000_UNIFORM_2429002973740178792.txt (Time: 0.02s)
✓ Generated graph n=10000, m=90000, seed=1309542850049879452, type=UNIFORM -> ./input/random_graphs/graph_10000_90000_UNIFORM_1309542850049879452.txt (Time: 0.02s)
✓ Generated graph n=10000, m=90000, seed=7663871783842725848, type=UNIFORM -> ./input/random_graphs/graph_10000_90000_UNIFORM_7663871783842725848.txt (Time: 0.02s)
✓ Generated graph n=10000, m=90000, seed=320375091487821987, type=UNIFORM -> ./input/random_graphs/graph_10000_90000_UNIFORM_320375091487821987.txt (Time: 0.02s)
✓ Generated graph n=10000, m=90000, seed=1250773459040295677, type=UNIFORM -> ./input/random_graphs/graph_10000_90000_UNIFORM_1250773459040295677.txt (Time: 0.02s)
✓ Generated graph n=10000, m=90000, seed=7146860528564146064, type=UNIFORM -> ./input/random_graphs/graph_10000_90000_UNIFORM_7146860528564146064.txt (Time: 0.02s)
✓ Generated graph n=10000, m=90000, seed=5906957480796939447, type=UNIFORM -> ./input/random_graphs/graph_10000_90000_UNIFORM_5906957480796939447.txt (Time: 0.02s)
✓ Generated graph n=10000, m=90000, seed=3438400432146115956, type=UNIFORM -> ./input/random_graphs/graph_10000_90000_UNIFORM_3438400432146115956.txt (Time: 0.02s)
✓ Generated graph n=10000, m=90000, seed=7473196763798409428, type=UNIFORM -> ./input/random_graphs/graph_10000_90000_UNIFORM_7473196763798409428.txt (Time: 0.02s)
✓ Generated graph n=10000, m=90000, seed=6002685213311538187, type=UNIFORM -> ./input/random_graphs/graph_10000_90000_UNIFORM_6002685213311538187.txt (Time: 0.02s)
✓ Generated graph n=10000, m=90000, seed=5139481885857321791, type=UNIFORM -> ./input/random_graphs/graph_10000_90000_UNIFORM_5139481885857321791.txt (Time: 0.02s)
✓ Generated graph n=10000, m=90000, seed=5142811650494845597, type=UNIFORM -> ./input/random_graphs/graph_10000_90000_UNIFORM_5142811650494845597.txt (Time: 0.02s)
✓ Generated graph n=10000, m=90000, seed=5708372698381010775, type=UNIFORM -> ./input/random_graphs/graph_10000_90000_UNIFORM_5708372698381010775.txt (Time: 0.02s)
✓ Generated graph n=10000, m=90000, seed=3224265581699847191, type=UNIFORM -> ./input/random_graphs/graph_10000_90000_UNIFORM_3224265581699847191.txt (Time: 0.02s)
✓ Generated graph n=10000, m=90000, seed=1632192924771168275, type=UNIFORM -> ./input/random_graphs/graph_10000_90000_UNIFORM_1632192924771168275.txt (Time: 0.01s)
✓ Generated graph n=10000, m=90000, seed=521787134863155063, type=UNIFORM -> ./input/random_graphs/graph_10000_90000_UNIFORM_521787134863155063.txt (Time: 0.02s)
✓ Generated graph n=10000, m=90000, seed=7029781962072644698, type=UNIFORM -> ./input/random_graphs/graph_10000_90000_UNIFORM_7029781962072644698.txt (Time: 0.02s)
✓ Generated graph n=10000, m=90000, seed=1731523882129807996, type=UNIFORM -> ./input/random_graphs/graph_10000_90000_UNIFORM_1731523882129807996.txt (Time: 0.02s)
✓ Generated graph n=10000, m=90000, seed=6785030173969523435, type=UNIFORM -> ./input/random_graphs/graph_10000_90000_UNIFORM_6785030173969523435.txt (Time: 0.02s)
✓ Generated graph n=10000, m=90000, seed=1853590723603270879, type=UNIFORM -> ./input/random_graphs/graph_10000_90000_UNIFORM_1853590723603270879.txt (Time: 0.02s)
✓ Generated graph n=10000, m=90000, seed=1024517563182776983, type=UNIFORM -> ./input/random_graphs/graph_10000_90000_UNIFORM_1024517563182776983.txt (Time: 0.02s)
✓ Generated graph n=10000, m=90000, seed=5529616217668449934, type=UNIFORM -> ./input/random_graphs/graph_10000_90000_UNIFORM_5529616217668449934.txt (Time: 0.02s)
✓ Generated graph n=10000, m=90000, seed=1647170069535670909, type=UNIFORM -> ./input/random_graphs/graph_10000_90000_UNIFORM_1647170069535670909.txt (Time: 0.02s)
✓ Generated graph n=10000, m=90000, seed=4122784633514911760, type=UNIFORM -> ./input/random_graphs/graph_10000_90000_UNIFORM_4122784633514911760.txt (Time: 0.02s)
✓ Generated graph n=10000, m=90000, seed=5258051056098597521, type=UNIFORM -> ./input/random_graphs/graph_10000_90000_UNIFORM_5258051056098597521.txt (Time: 0.02s)
✓ Generated graph n=10000, m=90000, seed=824387247617288499, type=UNIFORM -> ./input/random_graphs/graph_10000_90000_UNIFORM_824387247617288499.txt (Time: 0.02s)
✓ Generated graph n=10000, m=90000, seed=7706236040662210848, type=UNIFORM -> ./input/random_graphs/graph_10000_90000_UNIFORM_7706236040662210848.txt (Time: 0.02s)
✓ Generated graph n=10000, m=90000, seed=7161906730445628483, type=UNIFORM -> ./input/random_graphs/graph_10000_90000_UNIFORM_7161906730445628483.txt (Time: 0.02s)
✓ Generated graph n=10000, m=90000, seed=4552998297316576788, type=UNIFORM -> ./input/random_graphs/graph_10000_90000_UNIFORM_4552998297316576788.txt (Time: 0.02s)
✓ Generated graph n=10000, m=90000, seed=8031431416522537101, type=UNIFORM -> ./input/random_graphs/graph_10000_90000_UNIFORM_8031431416522537101.txt (Time: 0.02s)
✓ Generated graph n=10000, m=90000, seed=6802378520969450157, type=UNIFORM -> ./input/random_graphs/graph_10000_90000_UNIFORM_6802378520969450157.txt (Time: 0.02s)
✓ Generated graph n=10000, m=90000, seed=6143643868734370809, type=UNIFORM -> ./input/random_graphs/graph_10000_90000_UNIFORM_6143643868734370809.txt (Time: 0.02s)
✓ Generated graph n=10000, m=90000, seed=3272308573967577038, type=UNIFORM -> ./input/random_graphs/graph_10000_90000_UNIFORM_3272308573967577038.txt (Time: 0.02s)
✓ Generated graph n=10000, m=90000, seed=5636411189175451024, type=UNIFORM -> ./input/random_graphs/graph_10000_90000_UNIFORM_5636411189175451024.txt (Time: 0.02s)
✓ Generated graph n=10000, m=90000, seed=6614505080519948832, type=UNIFORM -> ./input/random_graphs/graph_10000_90000_UNIFORM_6614505080519948832.txt (Time: 0.02s)
✓ Generated graph n=10000, m=90000, seed=5349491008325879064, type=UNIFORM -> ./input/random_graphs/graph_10000_90000_UNIFORM_5349491008325879064.txt (Time: 0.02s)
✓ Generated graph n=10000, m=90000, seed=7938560551762094560, type=UNIFORM -> ./input/random_graphs/graph_10000_90000_UNIFORM_7938560551762094560.txt (Time: 0.02s)
✓ Generated graph n=10000, m=90000, seed=6224222471595207695, type=UNIFORM -> ./input/random_graphs/graph_10000_90000_UNIFORM_6224222471595207695.txt (Time: 0.01s)
✓ Generated graph n=10000, m=90000, seed=4445925461710302877, type=UNIFORM -> ./input/random_graphs/graph_10000_90000_UNIFORM_4445925461710302877.txt (Time: 0.02s)
✓ Generated graph n=10000, m=90000, seed=7917045922527545890, type=UNIFORM -> ./input/random_graphs/graph_10000_90000_UNIFORM_7917045922527545890.txt (Time: 0.02s)
✓ Generated graph n=10000, m=90000, seed=3865339568260874865, type=UNIFORM -> ./input/random_graphs/graph_10000_90000_UNIFORM_3865339568260874865.txt (Time: 0.02s)
✓ Generated graph n=10000, m=90000, seed=7921282862123281598, type=UNIFORM -> ./input/random_graphs/graph_10000_90000_UNIFORM_7921282862123281598.txt (Time: 0.02s)
✓ Generated graph n=10000, m=90000, seed=1128313391724783137, type=UNIFORM -> ./input/random_graphs/graph_10000_90000_UNIFORM_1128313391724783137.txt (Time: 0.02s)
✓ Generated graph n=10000, m=90000, seed=6529943913552561417, type=UNIFORM -> ./input/random_graphs/graph_10000_90000_UNIFORM_6529943913552561417.txt (Time: 0.02s)
✓ Generated graph n=10000, m=90000, seed=8718380604043999642, type=UNIFORM -> ./input/random_graphs/graph_10000_90000_UNIFORM_8718380604043999642.txt (Time: 0.02s)
✓ Generated graph n=10000, m=90000, seed=5063475852268941542, type=UNIFORM -> ./input/random_graphs/graph_10000_90000_UNIFORM_5063475852268941542.txt (Time: 0.02s)
✓ Generated graph n=10000, m=90000, seed=4997514996153925447, type=UNIFORM -> ./input/random_graphs/graph_10000_90000_UNIFORM_4997514996153925447.txt (Time: 0.02s)
✓ Generated graph n=10000, m=90000, seed=716820155901718944, type=UNIFORM -> ./input/random_graphs/graph_10000_90000_UNIFORM_716820155901718944.txt (Time: 0.02s)
✓ Generated graph n=10000, m=90000, seed=2909934787168262407, type=UNIFORM -> ./input/random_graphs/graph_10000_90000_UNIFORM_2909934787168262407.txt (Time: 0.02s)
✓ Generated graph n=10000, m=90000, seed=1170385908854608748, type=UNIFORM -> ./input/random_graphs/graph_10000_90000_UNIFORM_1170385908854608748.txt (Time: 0.02s)
✓ Generated graph n=10000, m=90000, seed=8446481348147407377, type=UNIFORM -> ./input/random_graphs/graph_10000_90000_UNIFORM_8446481348147407377.txt (Time: 0.02s)
✓ Generated graph n=10000, m=90000, seed=6022436717541034636, type=UNIFORM -> ./input/random_graphs/graph_10000_90000_UNIFORM_6022436717541034636.txt (Time: 0.02s)
✓ Generated graph n=10000, m=90000, seed=199422815561151340, type=UNIFORM -> ./input/random_graphs/graph_10000_90000_UNIFORM_199422815561151340.txt (Time: 0.02s)
✓ Generated graph n=10000, m=90000, seed=6764066939395682287, type=UNIFORM -> ./input/random_graphs/graph_10000_90000_UNIFORM_6764066939395682287.txt (Time: 0.02s)
✓ Generated graph n=10000, m=90000, seed=3817405844514670994, type=UNIFORM -> ./input/random_graphs/graph_10000_90000_UNIFORM_3817405844514670994.txt (Time: 0.02s)
✓ Generated graph n=10000, m=90000, seed=3713827327871807734, type=UNIFORM -> ./input/random_graphs/graph_10000_90000_UNIFORM_3713827327871807734.txt (Time: 0.02s)
✓ Generated graph n=10000, m=90000, seed=175493991617213850, type=UNIFORM -> ./input/random_graphs/graph_10000_90000_UNIFORM_175493991617213850.txt (Time: 0.02s)
✓ Generated graph n=10000, m=90000, seed=5108599054664628607, type=UNIFORM -> ./input/random_graphs/graph_10000_90000_UNIFORM_5108599054664628607.txt (Time: 0.02s)
✓ Generated graph n=10000, m=90000, seed=7644420139408884785, type=UNIFORM -> ./input/random_graphs/graph_10000_90000_UNIFORM_7644420139408884785.txt (Time: 0.02s)
✓ Generated graph n=10000, m=90000, seed=9130666990809746335, type=UNIFORM -> ./input/random_graphs/graph_10000_90000_UNIFORM_9130666990809746335.txt (Time: 0.02s)
✓ Generated graph n=10000, m=90000, seed=1458186392400727732, type=UNIFORM -> ./input/random_graphs/graph_10000_90000_UNIFORM_1458186392400727732.txt (Time: 0.02s)
✓ Generated graph n=10000, m=90000, seed=1392892770529522614, type=UNIFORM -> ./input/random_graphs/graph_10000_90000_UNIFORM_1392892770529522614.txt (Time: 0.02s)
✓ Generated graph n=10000, m=90000, seed=9060210648189963449, type=UNIFORM -> ./input/random_graphs/graph_10000_90000_UNIFORM_9060210648189963449.txt (Time: 0.02s)
✓ Generated graph n=10000, m=90000, seed=4250897495980125004, type=UNIFORM -> ./input/random_graphs/graph_10000_90000_UNIFORM_4250897495980125004.txt (Time: 0.02s)
✓ Generated graph n=10000, m=90000, seed=8794274795737982182, type=UNIFORM -> ./input/random_graphs/graph_10000_90000_UNIFORM_8794274795737982182.txt (Time: 0.02s)
✓ Generated graph n=10000, m=90000, seed=2089506265998900862, type=UNIFORM -> ./input/random_graphs/graph_10000_90000_UNIFORM_2089506265998900862.txt (Time: 0.02s)
✓ Generated graph n=10000, m=90000, seed=5497874167834979553, type=UNIFORM -> ./input/random_graphs/graph_10000_90000_UNIFORM_5497874167834979553.txt (Time: 0.02s)
✓ Generated graph n=10000, m=90000, seed=4060584409398689268, type=UNIFORM -> ./input/random_graphs/graph_10000_90000_UNIFORM_4060584409398689268.txt (Time: 0.02s)
✓ Generated graph n=10000, m=90000, seed=1332005502874566195, type=UNIFORM -> ./input/random_graphs/graph_10000_90000_UNIFORM_1332005502874566195.txt (Time: 0.02s)
✓ Generated graph n=10000, m=90000, seed=1722224698700348310, type=UNIFORM -> ./input/random_graphs/graph_10000_90000_UNIFORM_1722224698700348310.txt (Time: 0.02s)
✓ Generated graph n=10000, m=90000, seed=8626102704817790064, type=UNIFORM -> ./input/random_graphs/graph_10000_90000_UNIFORM_8626102704817790064.txt (Time: 0.02s)
✓ Generated graph n=10000, m=90000, seed=7905487461282246979, type=UNIFORM -> ./input/random_graphs/graph_10000_90000_UNIFORM_7905487461282246979.txt (Time: 0.02s)
✓ Generated graph n=10000, m=90000, seed=4795749165124911768, type=UNIFORM -> ./input/random_graphs/graph_10000_90000_UNIFORM_4795749165124911768.txt (Time: 0.02s)
✓ Generated graph n=10000, m=90000, seed=8448596294177070022, type=UNIFORM -> ./input/random_graphs/graph_10000_90000_UNIFORM_8448596294177070022.txt (Time: 0.02s)
✓ Generated graph n=10000, m=90000, seed=4934890601268679176, type=UNIFORM -> ./input/random_graphs/graph_10000_90000_UNIFORM_4934890601268679176.txt (Time: 0.02s)
✓ Generated graph n=10000, m=90000, seed=1992204328026194281, type=UNIFORM -> ./input/random_graphs/graph_10000_90000_UNIFORM_1992204328026194281.txt (Time: 0.02s)
✓ Generated graph n=10000, m=90000, seed=3221421291694197220, type=UNIFORM -> ./input/random_graphs/graph_10000_90000_UNIFORM_3221421291694197220.txt (Time: 0.02s)
✓ Generated graph n=10000, m=90000, seed=2718103348384927511, type=UNIFORM -> ./input/random_graphs/graph_10000_90000_UNIFORM_2718103348384927511.txt (Time: 0.02s)
✓ Generated graph n=10000, m=90000, seed=9059990922233379852, type=UNIFORM -> ./input/random_graphs/graph_10000_90000_UNIFORM_9059990922233379852.txt (Time: 0.02s)
✓ Generated graph n=10000, m=90000, seed=7449662661572224354, type=UNIFORM -> ./input/random_graphs/graph_10000_90000_UNIFORM_7449662661572224354.txt (Time: 0.02s)
✓ Generated graph n=10000, m=90000, seed=7118744415197196276, type=UNIFORM -> ./input/random_graphs/graph_10000_90000_UNIFORM_7118744415197196276.txt (Time: 0.02s)
✓ Generated graph n=10000, m=90000, seed=8867616339855336876, type=UNIFORM -> ./input/random_graphs/graph_10000_90000_UNIFORM_8867616339855336876.txt (Time: 0.02s)
✓ Generated graph n=10000, m=90000, seed=7983805977214098674, type=UNIFORM -> ./input/random_graphs/graph_10000_90000_UNIFORM_7983805977214098674.txt (Time: 0.02s)
✓ Generated graph n=10000, m=90000, seed=4940913311242578590, type=UNIFORM -> ./input/random_graphs/graph_10000_90000_UNIFORM_4940913311242578590.txt (Time: 0.02s)
✓ Generated graph n=10000, m=90000, seed=5894893360759659423, type=UNIFORM -> ./input/random_graphs/graph_10000_90000_UNIFORM_5894893360759659423.txt (Time: 0.02s)
✓ Generated graph n=10000, m=100000, seed=7871178979383552919, type=UNIFORM -> ./input/random_graphs/graph_10000_100000_UNIFORM_7871178979383552919.txt (Time: 0.02s)
✓ Generated graph n=10000, m=90000, seed=2264398621601381987, type=UNIFORM -> ./input/random_graphs/graph_10000_90000_UNIFORM_2264398621601381987.txt (Time: 0.02s)
✓ Generated graph n=10000, m=90000, seed=7632458674696225362, type=UNIFORM -> ./input/random_graphs/graph_10000_90000_UNIFORM_7632458674696225362.txt (Time: 0.02s)
✓ Generated graph n=10000, m=100000, seed=6230961512046992311, type=UNIFORM -> ./input/random_graphs/graph_10000_100000_UNIFORM_6230961512046992311.txt (Time: 0.02s)
✓ Generated graph n=10000, m=100000, seed=5739955973604961613, type=UNIFORM -> ./input/random_graphs/graph_10000_100000_UNIFORM_5739955973604961613.txt (Time: 0.02s)
✓ Generated graph n=10000, m=100000, seed=3881801951614183357, type=UNIFORM -> ./input/random_graphs/graph_10000_100000_UNIFORM_3881801951614183357.txt (Time: 0.02s)
✓ Generated graph n=10000, m=100000, seed=7032710160631691991, type=UNIFORM -> ./input/random_graphs/graph_10000_100000_UNIFORM_7032710160631691991.txt (Time: 0.02s)
✓ Generated graph n=10000, m=100000, seed=7599700178212337699, type=UNIFORM -> ./input/random_graphs/graph_10000_100000_UNIFORM_7599700178212337699.txt (Time: 0.02s)
✓ Generated graph n=10000, m=100000, seed=1070244953599069350, type=UNIFORM -> ./input/random_graphs/graph_10000_100000_UNIFORM_1070244953599069350.txt (Time: 0.02s)
✓ Generated graph n=10000, m=100000, seed=6522163754831416203, type=UNIFORM -> ./input/random_graphs/graph_10000_100000_UNIFORM_6522163754831416203.txt (Time: 0.02s)
✓ Generated graph n=10000, m=100000, seed=1353182403971399009, type=UNIFORM -> ./input/random_graphs/graph_10000_100000_UNIFORM_1353182403971399009.txt (Time: 0.02s)
✓ Generated graph n=10000, m=100000, seed=6938562734920028532, type=UNIFORM -> ./input/random_graphs/graph_10000_100000_UNIFORM_6938562734920028532.txt (Time: 0.02s)
✓ Generated graph n=10000, m=100000, seed=4040737767143389431, type=UNIFORM -> ./input/random_graphs/graph_10000_100000_UNIFORM_4040737767143389431.txt (Time: 0.02s)
✓ Generated graph n=10000, m=100000, seed=1250005700364523649, type=UNIFORM -> ./input/random_graphs/graph_10000_100000_UNIFORM_1250005700364523649.txt (Time: 0.02s)
✓ Generated graph n=10000, m=100000, seed=5708372698381010775, type=UNIFORM -> ./input/random_graphs/graph_10000_100000_UNIFORM_5708372698381010775.txt (Time: 0.02s)
✓ Generated graph n=10000, m=100000, seed=1309542850049879452, type=UNIFORM -> ./input/random_graphs/graph_10000_100000_UNIFORM_1309542850049879452.txt (Time: 0.02s)
✓ Generated graph n=10000, m=100000, seed=2429002973740178792, type=UNIFORM -> ./input/random_graphs/graph_10000_100000_UNIFORM_2429002973740178792.txt (Time: 0.02s)
✓ Generated graph n=10000, m=100000, seed=7663871783842725848, type=UNIFORM -> ./input/random_graphs/graph_10000_100000_UNIFORM_7663871783842725848.txt (Time: 0.02s)
✓ Generated graph n=10000, m=100000, seed=320375091487821987, type=UNIFORM -> ./input/random_graphs/graph_10000_100000_UNIFORM_320375091487821987.txt (Time: 0.02s)
✓ Generated graph n=10000, m=100000, seed=5906957480796939447, type=UNIFORM -> ./input/random_graphs/graph_10000_100000_UNIFORM_5906957480796939447.txt (Time: 0.02s)
✓ Generated graph n=10000, m=100000, seed=7473196763798409428, type=UNIFORM -> ./input/random_graphs/graph_10000_100000_UNIFORM_7473196763798409428.txt (Time: 0.02s)
✓ Generated graph n=10000, m=100000, seed=1250773459040295677, type=UNIFORM -> ./input/random_graphs/graph_10000_100000_UNIFORM_1250773459040295677.txt (Time: 0.02s)
✓ Generated graph n=10000, m=100000, seed=3438400432146115956, type=UNIFORM -> ./input/random_graphs/graph_10000_100000_UNIFORM_3438400432146115956.txt (Time: 0.02s)
✓ Generated graph n=10000, m=100000, seed=7146860528564146064, type=UNIFORM -> ./input/random_graphs/graph_10000_100000_UNIFORM_7146860528564146064.txt (Time: 0.02s)
✓ Generated graph n=10000, m=100000, seed=5142811650494845597, type=UNIFORM -> ./input/random_graphs/graph_10000_100000_UNIFORM_5142811650494845597.txt (Time: 0.02s)
✓ Generated graph n=10000, m=100000, seed=5139481885857321791, type=UNIFORM -> ./input/random_graphs/graph_10000_100000_UNIFORM_5139481885857321791.txt (Time: 0.02s)
✓ Generated graph n=10000, m=100000, seed=6002685213311538187, type=UNIFORM -> ./input/random_graphs/graph_10000_100000_UNIFORM_6002685213311538187.txt (Time: 0.02s)
✓ Generated graph n=10000, m=100000, seed=3010622984418968408, type=UNIFORM -> ./input/random_graphs/graph_10000_100000_UNIFORM_3010622984418968408.txt (Time: 0.02s)
✓ Generated graph n=10000, m=100000, seed=521787134863155063, type=UNIFORM -> ./input/random_graphs/graph_10000_100000_UNIFORM_521787134863155063.txt (Time: 0.02s)
✓ Generated graph n=10000, m=100000, seed=1731523882129807996, type=UNIFORM -> ./input/random_graphs/graph_10000_100000_UNIFORM_1731523882129807996.txt (Time: 0.02s)
✓ Generated graph n=10000, m=100000, seed=1853590723603270879, type=UNIFORM -> ./input/random_graphs/graph_10000_100000_UNIFORM_1853590723603270879.txt (Time: 0.02s)
✓ Generated graph n=10000, m=100000, seed=7029781962072644698, type=UNIFORM -> ./input/random_graphs/graph_10000_100000_UNIFORM_7029781962072644698.txt (Time: 0.02s)
✓ Generated graph n=10000, m=100000, seed=6785030173969523435, type=UNIFORM -> ./input/random_graphs/graph_10000_100000_UNIFORM_6785030173969523435.txt (Time: 0.02s)
✓ Generated graph n=10000, m=100000, seed=3224265581699847191, type=UNIFORM -> ./input/random_graphs/graph_10000_100000_UNIFORM_3224265581699847191.txt (Time: 0.02s)
✓ Generated graph n=10000, m=100000, seed=1024517563182776983, type=UNIFORM -> ./input/random_graphs/graph_10000_100000_UNIFORM_1024517563182776983.txt (Time: 0.02s)
✓ Generated graph n=10000, m=100000, seed=5529616217668449934, type=UNIFORM -> ./input/random_graphs/graph_10000_100000_UNIFORM_5529616217668449934.txt (Time: 0.02s)
✓ Generated graph n=10000, m=100000, seed=5258051056098597521, type=UNIFORM -> ./input/random_graphs/graph_10000_100000_UNIFORM_5258051056098597521.txt (Time: 0.02s)
✓ Generated graph n=10000, m=100000, seed=4122784633514911760, type=UNIFORM -> ./input/random_graphs/graph_10000_100000_UNIFORM_4122784633514911760.txt (Time: 0.02s)
✓ Generated graph n=10000, m=100000, seed=7706236040662210848, type=UNIFORM -> ./input/random_graphs/graph_10000_100000_UNIFORM_7706236040662210848.txt (Time: 0.02s)
✓ Generated graph n=10000, m=100000, seed=1632192924771168275, type=UNIFORM -> ./input/random_graphs/graph_10000_100000_UNIFORM_1632192924771168275.txt (Time: 0.02s)
✓ Generated graph n=10000, m=100000, seed=1647170069535670909, type=UNIFORM -> ./input/random_graphs/graph_10000_100000_UNIFORM_1647170069535670909.txt (Time: 0.02s)
✓ Generated graph n=10000, m=100000, seed=824387247617288499, type=UNIFORM -> ./input/random_graphs/graph_10000_100000_UNIFORM_824387247617288499.txt (Time: 0.02s)
✓ Generated graph n=10000, m=100000, seed=6802378520969450157, type=UNIFORM -> ./input/random_graphs/graph_10000_100000_UNIFORM_6802378520969450157.txt (Time: 0.02s)
✓ Generated graph n=10000, m=100000, seed=7161906730445628483, type=UNIFORM -> ./input/random_graphs/graph_10000_100000_UNIFORM_7161906730445628483.txt (Time: 0.02s)
✓ Generated graph n=10000, m=100000, seed=4552998297316576788, type=UNIFORM -> ./input/random_graphs/graph_10000_100000_UNIFORM_4552998297316576788.txt (Time: 0.02s)
✓ Generated graph n=10000, m=100000, seed=6143643868734370809, type=UNIFORM -> ./input/random_graphs/graph_10000_100000_UNIFORM_6143643868734370809.txt (Time: 0.02s)
✓ Generated graph n=10000, m=100000, seed=8031431416522537101, type=UNIFORM -> ./input/random_graphs/graph_10000_100000_UNIFORM_8031431416522537101.txt (Time: 0.02s)
✓ Generated graph n=10000, m=100000, seed=6614505080519948832, type=UNIFORM -> ./input/random_graphs/graph_10000_100000_UNIFORM_6614505080519948832.txt (Time: 0.02s)
✓ Generated graph n=10000, m=100000, seed=5636411189175451024, type=UNIFORM -> ./input/random_graphs/graph_10000_100000_UNIFORM_5636411189175451024.txt (Time: 0.02s)
✓ Generated graph n=10000, m=100000, seed=5349491008325879064, type=UNIFORM -> ./input/random_graphs/graph_10000_100000_UNIFORM_5349491008325879064.txt (Time: 0.02s)
✓ Generated graph n=10000, m=100000, seed=3272308573967577038, type=UNIFORM -> ./input/random_graphs/graph_10000_100000_UNIFORM_3272308573967577038.txt (Time: 0.02s)
✓ Generated graph n=10000, m=100000, seed=7938560551762094560, type=UNIFORM -> ./input/random_graphs/graph_10000_100000_UNIFORM_7938560551762094560.txt (Time: 0.03s)
✓ Generated graph n=10000, m=100000, seed=7917045922527545890, type=UNIFORM -> ./input/random_graphs/graph_10000_100000_UNIFORM_7917045922527545890.txt (Time: 0.03s)
✓ Generated graph n=10000, m=100000, seed=4445925461710302877, type=UNIFORM -> ./input/random_graphs/graph_10000_100000_UNIFORM_4445925461710302877.txt (Time: 0.02s)
✓ Generated graph n=10000, m=100000, seed=3865339568260874865, type=UNIFORM -> ./input/random_graphs/graph_10000_100000_UNIFORM_3865339568260874865.txt (Time: 0.02s)
✓ Generated graph n=10000, m=100000, seed=8446481348147407377, type=UNIFORM -> ./input/random_graphs/graph_10000_100000_UNIFORM_8446481348147407377.txt (Time: 0.02s)
✓ Generated graph n=10000, m=100000, seed=7921282862123281598, type=UNIFORM -> ./input/random_graphs/graph_10000_100000_UNIFORM_7921282862123281598.txt (Time: 0.02s)
✓ Generated graph n=10000, m=100000, seed=1128313391724783137, type=UNIFORM -> ./input/random_graphs/graph_10000_100000_UNIFORM_1128313391724783137.txt (Time: 0.02s)
✓ Generated graph n=10000, m=100000, seed=716820155901718944, type=UNIFORM -> ./input/random_graphs/graph_10000_100000_UNIFORM_716820155901718944.txt (Time: 0.02s)
✓ Generated graph n=10000, m=100000, seed=6224222471595207695, type=UNIFORM -> ./input/random_graphs/graph_10000_100000_UNIFORM_6224222471595207695.txt (Time: 0.02s)
✓ Generated graph n=10000, m=100000, seed=5063475852268941542, type=UNIFORM -> ./input/random_graphs/graph_10000_100000_UNIFORM_5063475852268941542.txt (Time: 0.02s)
✓ Generated graph n=10000, m=100000, seed=8718380604043999642, type=UNIFORM -> ./input/random_graphs/graph_10000_100000_UNIFORM_8718380604043999642.txt (Time: 0.02s)
✓ Generated graph n=10000, m=100000, seed=4997514996153925447, type=UNIFORM -> ./input/random_graphs/graph_10000_100000_UNIFORM_4997514996153925447.txt (Time: 0.02s)
✓ Generated graph n=10000, m=100000, seed=6529943913552561417, type=UNIFORM -> ./input/random_graphs/graph_10000_100000_UNIFORM_6529943913552561417.txt (Time: 0.02s)
✓ Generated graph n=10000, m=100000, seed=3817405844514670994, type=UNIFORM -> ./input/random_graphs/graph_10000_100000_UNIFORM_3817405844514670994.txt (Time: 0.02s)
✓ Generated graph n=10000, m=100000, seed=2909934787168262407, type=UNIFORM -> ./input/random_graphs/graph_10000_100000_UNIFORM_2909934787168262407.txt (Time: 0.02s)
✓ Generated graph n=10000, m=100000, seed=175493991617213850, type=UNIFORM -> ./input/random_graphs/graph_10000_100000_UNIFORM_175493991617213850.txt (Time: 0.02s)
✓ Generated graph n=10000, m=100000, seed=1170385908854608748, type=UNIFORM -> ./input/random_graphs/graph_10000_100000_UNIFORM_1170385908854608748.txt (Time: 0.02s)
✓ Generated graph n=10000, m=100000, seed=6022436717541034636, type=UNIFORM -> ./input/random_graphs/graph_10000_100000_UNIFORM_6022436717541034636.txt (Time: 0.02s)
✓ Generated graph n=10000, m=100000, seed=199422815561151340, type=UNIFORM -> ./input/random_graphs/graph_10000_100000_UNIFORM_199422815561151340.txt (Time: 0.02s)
✓ Generated graph n=10000, m=100000, seed=5108599054664628607, type=UNIFORM -> ./input/random_graphs/graph_10000_100000_UNIFORM_5108599054664628607.txt (Time: 0.02s)
✓ Generated graph n=10000, m=100000, seed=7644420139408884785, type=UNIFORM -> ./input/random_graphs/graph_10000_100000_UNIFORM_7644420139408884785.txt (Time: 0.02s)
✓ Generated graph n=10000, m=100000, seed=6764066939395682287, type=UNIFORM -> ./input/random_graphs/graph_10000_100000_UNIFORM_6764066939395682287.txt (Time: 0.02s)
✓ Generated graph n=10000, m=100000, seed=9130666990809746335, type=UNIFORM -> ./input/random_graphs/graph_10000_100000_UNIFORM_9130666990809746335.txt (Time: 0.02s)
✓ Generated graph n=10000, m=100000, seed=1458186392400727732, type=UNIFORM -> ./input/random_graphs/graph_10000_100000_UNIFORM_1458186392400727732.txt (Time: 0.02s)
✓ Generated graph n=10000, m=100000, seed=3713827327871807734, type=UNIFORM -> ./input/random_graphs/graph_10000_100000_UNIFORM_3713827327871807734.txt (Time: 0.03s)
✓ Generated graph n=10000, m=100000, seed=1392892770529522614, type=UNIFORM -> ./input/random_graphs/graph_10000_100000_UNIFORM_1392892770529522614.txt (Time: 0.02s)
✓ Generated graph n=10000, m=100000, seed=9060210648189963449, type=UNIFORM -> ./input/random_graphs/graph_10000_100000_UNIFORM_9060210648189963449.txt (Time: 0.02s)
✓ Generated graph n=10000, m=100000, seed=4250897495980125004, type=UNIFORM -> ./input/random_graphs/graph_10000_100000_UNIFORM_4250897495980125004.txt (Time: 0.02s)
✓ Generated graph n=10000, m=100000, seed=2089506265998900862, type=UNIFORM -> ./input/random_graphs/graph_10000_100000_UNIFORM_2089506265998900862.txt (Time: 0.02s)
✓ Generated graph n=10000, m=100000, seed=8794274795737982182, type=UNIFORM -> ./input/random_graphs/graph_10000_100000_UNIFORM_8794274795737982182.txt (Time: 0.02s)
✓ Generated graph n=10000, m=100000, seed=2718103348384927511, type=UNIFORM -> ./input/random_graphs/graph_10000_100000_UNIFORM_2718103348384927511.txt (Time: 0.02s)
✓ Generated graph n=10000, m=100000, seed=5497874167834979553, type=UNIFORM -> ./input/random_graphs/graph_10000_100000_UNIFORM_5497874167834979553.txt (Time: 0.02s)
✓ Generated graph n=10000, m=100000, seed=4060584409398689268, type=UNIFORM -> ./input/random_graphs/graph_10000_100000_UNIFORM_4060584409398689268.txt (Time: 0.02s)
✓ Generated graph n=10000, m=100000, seed=1332005502874566195, type=UNIFORM -> ./input/random_graphs/graph_10000_100000_UNIFORM_1332005502874566195.txt (Time: 0.02s)
✓ Generated graph n=10000, m=100000, seed=8626102704817790064, type=UNIFORM -> ./input/random_graphs/graph_10000_100000_UNIFORM_8626102704817790064.txt (Time: 0.02s)
✓ Generated graph n=10000, m=100000, seed=1722224698700348310, type=UNIFORM -> ./input/random_graphs/graph_10000_100000_UNIFORM_1722224698700348310.txt (Time: 0.02s)
✓ Generated graph n=10000, m=100000, seed=7905487461282246979, type=UNIFORM -> ./input/random_graphs/graph_10000_100000_UNIFORM_7905487461282246979.txt (Time: 0.02s)
✓ Generated graph n=10000, m=100000, seed=8448596294177070022, type=UNIFORM -> ./input/random_graphs/graph_10000_100000_UNIFORM_8448596294177070022.txt (Time: 0.02s)
✓ Generated graph n=10000, m=100000, seed=1992204328026194281, type=UNIFORM -> ./input/random_graphs/graph_10000_100000_UNIFORM_1992204328026194281.txt (Time: 0.02s)
✓ Generated graph n=10000, m=100000, seed=4934890601268679176, type=UNIFORM -> ./input/random_graphs/graph_10000_100000_UNIFORM_4934890601268679176.txt (Time: 0.02s)
✓ Generated graph n=10000, m=100000, seed=4795749165124911768, type=UNIFORM -> ./input/random_graphs/graph_10000_100000_UNIFORM_4795749165124911768.txt (Time: 0.02s)
✓ Generated graph n=10000, m=100000, seed=7118744415197196276, type=UNIFORM -> ./input/random_graphs/graph_10000_100000_UNIFORM_7118744415197196276.txt (Time: 0.02s)
✓ Generated graph n=10000, m=100000, seed=7449662661572224354, type=UNIFORM -> ./input/random_graphs/graph_10000_100000_UNIFORM_7449662661572224354.txt (Time: 0.02s)
✓ Generated graph n=10000, m=100000, seed=9059990922233379852, type=UNIFORM -> ./input/random_graphs/graph_10000_100000_UNIFORM_9059990922233379852.txt (Time: 0.02s)
✓ Generated graph n=10000, m=100000, seed=8867616339855336876, type=UNIFORM -> ./input/random_graphs/graph_10000_100000_UNIFORM_8867616339855336876.txt (Time: 0.02s)
✓ Generated graph n=10000, m=100000, seed=5894893360759659423, type=UNIFORM -> ./input/random_graphs/graph_10000_100000_UNIFORM_5894893360759659423.txt (Time: 0.02s)
✓ Generated graph n=10000, m=100000, seed=7983805977214098674, type=UNIFORM -> ./input/random_graphs/graph_10000_100000_UNIFORM_7983805977214098674.txt (Time: 0.02s)
✓ Generated graph n=10000, m=100000, seed=2264398621601381987, type=UNIFORM -> ./input/random_graphs/graph_10000_100000_UNIFORM_2264398621601381987.txt (Time: 0.02s)
✓ Generated graph n=10000, m=100000, seed=4940913311242578590, type=UNIFORM -> ./input/random_graphs/graph_10000_100000_UNIFORM_4940913311242578590.txt (Time: 0.02s)
✓ Generated graph n=10000, m=100000, seed=3221421291694197220, type=UNIFORM -> ./input/random_graphs/graph_10000_100000_UNIFORM_3221421291694197220.txt (Time: 0.03s)
✓ Generated graph n=10000, m=100000, seed=7632458674696225362, type=UNIFORM -> ./input/random_graphs/graph_10000_100000_UNIFORM_7632458674696225362.txt (Time: 0.02s)
✓ Generated graph n=10000, m=200000, seed=7032710160631691991, type=UNIFORM -> ./input/random_graphs/graph_10000_200000_UNIFORM_7032710160631691991.txt (Time: 0.03s)
✓ Generated graph n=10000, m=200000, seed=7871178979383552919, type=UNIFORM -> ./input/random_graphs/graph_10000_200000_UNIFORM_7871178979383552919.txt (Time: 0.04s)
✓ Generated graph n=10000, m=200000, seed=6230961512046992311, type=UNIFORM -> ./input/random_graphs/graph_10000_200000_UNIFORM_6230961512046992311.txt (Time: 0.05s)
✓ Generated graph n=10000, m=200000, seed=5739955973604961613, type=UNIFORM -> ./input/random_graphs/graph_10000_200000_UNIFORM_5739955973604961613.txt (Time: 0.04s)
✓ Generated graph n=10000, m=200000, seed=3881801951614183357, type=UNIFORM -> ./input/random_graphs/graph_10000_200000_UNIFORM_3881801951614183357.txt (Time: 0.05s)
✓ Generated graph n=10000, m=200000, seed=7599700178212337699, type=UNIFORM -> ./input/random_graphs/graph_10000_200000_UNIFORM_7599700178212337699.txt (Time: 0.04s)
✓ Generated graph n=10000, m=200000, seed=1070244953599069350, type=UNIFORM -> ./input/random_graphs/graph_10000_200000_UNIFORM_1070244953599069350.txt (Time: 0.04s)
✓ Generated graph n=10000, m=200000, seed=1353182403971399009, type=UNIFORM -> ./input/random_graphs/graph_10000_200000_UNIFORM_1353182403971399009.txt (Time: 0.05s)
✓ Generated graph n=10000, m=200000, seed=1250005700364523649, type=UNIFORM -> ./input/random_graphs/graph_10000_200000_UNIFORM_1250005700364523649.txt (Time: 0.04s)
✓ Generated graph n=10000, m=200000, seed=6522163754831416203, type=UNIFORM -> ./input/random_graphs/graph_10000_200000_UNIFORM_6522163754831416203.txt (Time: 0.05s)
✓ Generated graph n=10000, m=200000, seed=4040737767143389431, type=UNIFORM -> ./input/random_graphs/graph_10000_200000_UNIFORM_4040737767143389431.txt (Time: 0.05s)
✓ Generated graph n=10000, m=200000, seed=1309542850049879452, type=UNIFORM -> ./input/random_graphs/graph_10000_200000_UNIFORM_1309542850049879452.txt (Time: 0.04s)
✓ Generated graph n=10000, m=200000, seed=7663871783842725848, type=UNIFORM -> ./input/random_graphs/graph_10000_200000_UNIFORM_7663871783842725848.txt (Time: 0.04s)
✓ Generated graph n=10000, m=200000, seed=2429002973740178792, type=UNIFORM -> ./input/random_graphs/graph_10000_200000_UNIFORM_2429002973740178792.txt (Time: 0.04s)
✓ Generated graph n=10000, m=200000, seed=6938562734920028532, type=UNIFORM -> ./input/random_graphs/graph_10000_200000_UNIFORM_6938562734920028532.txt (Time: 0.05s)
✓ Generated graph n=10000, m=200000, seed=320375091487821987, type=UNIFORM -> ./input/random_graphs/graph_10000_200000_UNIFORM_320375091487821987.txt (Time: 0.05s)
✓ Generated graph n=10000, m=200000, seed=1250773459040295677, type=UNIFORM -> ./input/random_graphs/graph_10000_200000_UNIFORM_1250773459040295677.txt (Time: 0.04s)
✓ Generated graph n=10000, m=200000, seed=7146860528564146064, type=UNIFORM -> ./input/random_graphs/graph_10000_200000_UNIFORM_7146860528564146064.txt (Time: 0.04s)
✓ Generated graph n=10000, m=200000, seed=5906957480796939447, type=UNIFORM -> ./input/random_graphs/graph_10000_200000_UNIFORM_5906957480796939447.txt (Time: 0.05s)
✓ Generated graph n=10000, m=200000, seed=5139481885857321791, type=UNIFORM -> ./input/random_graphs/graph_10000_200000_UNIFORM_5139481885857321791.txt (Time: 0.04s)
✓ Generated graph n=10000, m=200000, seed=3438400432146115956, type=UNIFORM -> ./input/random_graphs/graph_10000_200000_UNIFORM_3438400432146115956.txt (Time: 0.04s)
✓ Generated graph n=10000, m=200000, seed=5142811650494845597, type=UNIFORM -> ./input/random_graphs/graph_10000_200000_UNIFORM_5142811650494845597.txt (Time: 0.04s)
✓ Generated graph n=10000, m=200000, seed=7473196763798409428, type=UNIFORM -> ./input/random_graphs/graph_10000_200000_UNIFORM_7473196763798409428.txt (Time: 0.05s)
✓ Generated graph n=10000, m=200000, seed=3010622984418968408, type=UNIFORM -> ./input/random_graphs/graph_10000_200000_UNIFORM_3010622984418968408.txt (Time: 0.05s)
✓ Generated graph n=10000, m=200000, seed=5708372698381010775, type=UNIFORM -> ./input/random_graphs/graph_10000_200000_UNIFORM_5708372698381010775.txt (Time: 0.03s)
✓ Generated graph n=10000, m=200000, seed=6002685213311538187, type=UNIFORM -> ./input/random_graphs/graph_10000_200000_UNIFORM_6002685213311538187.txt (Time: 0.05s)
✓ Generated graph n=10000, m=200000, seed=5529616217668449934, type=UNIFORM -> ./input/random_graphs/graph_10000_200000_UNIFORM_5529616217668449934.txt (Time: 0.03s)
✓ Generated graph n=10000, m=200000, seed=521787134863155063, type=UNIFORM -> ./input/random_graphs/graph_10000_200000_UNIFORM_521787134863155063.txt (Time: 0.04s)
✓ Generated graph n=10000, m=200000, seed=1731523882129807996, type=UNIFORM -> ./input/random_graphs/graph_10000_200000_UNIFORM_1731523882129807996.txt (Time: 0.04s)
✓ Generated graph n=10000, m=200000, seed=1853590723603270879, type=UNIFORM -> ./input/random_graphs/graph_10000_200000_UNIFORM_1853590723603270879.txt (Time: 0.04s)
✓ Generated graph n=10000, m=200000, seed=7029781962072644698, type=UNIFORM -> ./input/random_graphs/graph_10000_200000_UNIFORM_7029781962072644698.txt (Time: 0.04s)
✓ Generated graph n=10000, m=200000, seed=3224265581699847191, type=UNIFORM -> ./input/random_graphs/graph_10000_200000_UNIFORM_3224265581699847191.txt (Time: 0.04s)
✓ Generated graph n=10000, m=200000, seed=6785030173969523435, type=UNIFORM -> ./input/random_graphs/graph_10000_200000_UNIFORM_6785030173969523435.txt (Time: 0.05s)
✓ Generated graph n=10000, m=200000, seed=1024517563182776983, type=UNIFORM -> ./input/random_graphs/graph_10000_200000_UNIFORM_1024517563182776983.txt (Time: 0.04s)
✓ Generated graph n=10000, m=200000, seed=5258051056098597521, type=UNIFORM -> ./input/random_graphs/graph_10000_200000_UNIFORM_5258051056098597521.txt (Time: 0.04s)
✓ Generated graph n=10000, m=200000, seed=1647170069535670909, type=UNIFORM -> ./input/random_graphs/graph_10000_200000_UNIFORM_1647170069535670909.txt (Time: 0.04s)
✓ Generated graph n=10000, m=200000, seed=824387247617288499, type=UNIFORM -> ./input/random_graphs/graph_10000_200000_UNIFORM_824387247617288499.txt (Time: 0.04s)
✓ Generated graph n=10000, m=200000, seed=4122784633514911760, type=UNIFORM -> ./input/random_graphs/graph_10000_200000_UNIFORM_4122784633514911760.txt (Time: 0.04s)
✓ Generated graph n=10000, m=200000, seed=7706236040662210848, type=UNIFORM -> ./input/random_graphs/graph_10000_200000_UNIFORM_7706236040662210848.txt (Time: 0.04s)
✓ Generated graph n=10000, m=200000, seed=8031431416522537101, type=UNIFORM -> ./input/random_graphs/graph_10000_200000_UNIFORM_8031431416522537101.txt (Time: 0.04s)
✓ Generated graph n=10000, m=200000, seed=7161906730445628483, type=UNIFORM -> ./input/random_graphs/graph_10000_200000_UNIFORM_7161906730445628483.txt (Time: 0.04s)
✓ Generated graph n=10000, m=200000, seed=6802378520969450157, type=UNIFORM -> ./input/random_graphs/graph_10000_200000_UNIFORM_6802378520969450157.txt (Time: 0.04s)
✓ Generated graph n=10000, m=200000, seed=1632192924771168275, type=UNIFORM -> ./input/random_graphs/graph_10000_200000_UNIFORM_1632192924771168275.txt (Time: 0.04s)
✓ Generated graph n=10000, m=200000, seed=4552998297316576788, type=UNIFORM -> ./input/random_graphs/graph_10000_200000_UNIFORM_4552998297316576788.txt (Time: 0.04s)
✓ Generated graph n=10000, m=200000, seed=6143643868734370809, type=UNIFORM -> ./input/random_graphs/graph_10000_200000_UNIFORM_6143643868734370809.txt (Time: 0.04s)
✓ Generated graph n=10000, m=200000, seed=3272308573967577038, type=UNIFORM -> ./input/random_graphs/graph_10000_200000_UNIFORM_3272308573967577038.txt (Time: 0.04s)
✓ Generated graph n=10000, m=200000, seed=5636411189175451024, type=UNIFORM -> ./input/random_graphs/graph_10000_200000_UNIFORM_5636411189175451024.txt (Time: 0.04s)
✓ Generated graph n=10000, m=200000, seed=5349491008325879064, type=UNIFORM -> ./input/random_graphs/graph_10000_200000_UNIFORM_5349491008325879064.txt (Time: 0.04s)
✓ Generated graph n=10000, m=200000, seed=6614505080519948832, type=UNIFORM -> ./input/random_graphs/graph_10000_200000_UNIFORM_6614505080519948832.txt (Time: 0.04s)
✓ Generated graph n=10000, m=200000, seed=7938560551762094560, type=UNIFORM -> ./input/random_graphs/graph_10000_200000_UNIFORM_7938560551762094560.txt (Time: 0.05s)
✓ Generated graph n=10000, m=200000, seed=7917045922527545890, type=UNIFORM -> ./input/random_graphs/graph_10000_200000_UNIFORM_7917045922527545890.txt (Time: 0.04s)
✓ Generated graph n=10000, m=200000, seed=4445925461710302877, type=UNIFORM -> ./input/random_graphs/graph_10000_200000_UNIFORM_4445925461710302877.txt (Time: 0.04s)
✓ Generated graph n=10000, m=200000, seed=3865339568260874865, type=UNIFORM -> ./input/random_graphs/graph_10000_200000_UNIFORM_3865339568260874865.txt (Time: 0.04s)
✓ Generated graph n=10000, m=200000, seed=6224222471595207695, type=UNIFORM -> ./input/random_graphs/graph_10000_200000_UNIFORM_6224222471595207695.txt (Time: 0.04s)
✓ Generated graph n=10000, m=200000, seed=7921282862123281598, type=UNIFORM -> ./input/random_graphs/graph_10000_200000_UNIFORM_7921282862123281598.txt (Time: 0.05s)
✓ Generated graph n=10000, m=200000, seed=1128313391724783137, type=UNIFORM -> ./input/random_graphs/graph_10000_200000_UNIFORM_1128313391724783137.txt (Time: 0.04s)
✓ Generated graph n=10000, m=200000, seed=716820155901718944, type=UNIFORM -> ./input/random_graphs/graph_10000_200000_UNIFORM_716820155901718944.txt (Time: 0.04s)
✓ Generated graph n=10000, m=200000, seed=5063475852268941542, type=UNIFORM -> ./input/random_graphs/graph_10000_200000_UNIFORM_5063475852268941542.txt (Time: 0.04s)
✓ Generated graph n=10000, m=200000, seed=8718380604043999642, type=UNIFORM -> ./input/random_graphs/graph_10000_200000_UNIFORM_8718380604043999642.txt (Time: 0.04s)
✓ Generated graph n=10000, m=200000, seed=8446481348147407377, type=UNIFORM -> ./input/random_graphs/graph_10000_200000_UNIFORM_8446481348147407377.txt (Time: 0.04s)
✓ Generated graph n=10000, m=200000, seed=3817405844514670994, type=UNIFORM -> ./input/random_graphs/graph_10000_200000_UNIFORM_3817405844514670994.txt (Time: 0.04s)
✓ Generated graph n=10000, m=200000, seed=4997514996153925447, type=UNIFORM -> ./input/random_graphs/graph_10000_200000_UNIFORM_4997514996153925447.txt (Time: 0.05s)
✓ Generated graph n=10000, m=200000, seed=2909934787168262407, type=UNIFORM -> ./input/random_graphs/graph_10000_200000_UNIFORM_2909934787168262407.txt (Time: 0.04s)
✓ Generated graph n=10000, m=200000, seed=6529943913552561417, type=UNIFORM -> ./input/random_graphs/graph_10000_200000_UNIFORM_6529943913552561417.txt (Time: 0.04s)
✓ Generated graph n=10000, m=200000, seed=1170385908854608748, type=UNIFORM -> ./input/random_graphs/graph_10000_200000_UNIFORM_1170385908854608748.txt (Time: 0.04s)
✓ Generated graph n=10000, m=200000, seed=3713827327871807734, type=UNIFORM -> ./input/random_graphs/graph_10000_200000_UNIFORM_3713827327871807734.txt (Time: 0.04s)
✓ Generated graph n=10000, m=200000, seed=6022436717541034636, type=UNIFORM -> ./input/random_graphs/graph_10000_200000_UNIFORM_6022436717541034636.txt (Time: 0.04s)
✓ Generated graph n=10000, m=200000, seed=199422815561151340, type=UNIFORM -> ./input/random_graphs/graph_10000_200000_UNIFORM_199422815561151340.txt (Time: 0.04s)
✓ Generated graph n=10000, m=200000, seed=6764066939395682287, type=UNIFORM -> ./input/random_graphs/graph_10000_200000_UNIFORM_6764066939395682287.txt (Time: 0.04s)
✓ Generated graph n=10000, m=200000, seed=5108599054664628607, type=UNIFORM -> ./input/random_graphs/graph_10000_200000_UNIFORM_5108599054664628607.txt (Time: 0.05s)
✓ Generated graph n=10000, m=200000, seed=175493991617213850, type=UNIFORM -> ./input/random_graphs/graph_10000_200000_UNIFORM_175493991617213850.txt (Time: 0.05s)
✓ Generated graph n=10000, m=200000, seed=9130666990809746335, type=UNIFORM -> ./input/random_graphs/graph_10000_200000_UNIFORM_9130666990809746335.txt (Time: 0.05s)
✓ Generated graph n=10000, m=200000, seed=7644420139408884785, type=UNIFORM -> ./input/random_graphs/graph_10000_200000_UNIFORM_7644420139408884785.txt (Time: 0.04s)
✓ Generated graph n=10000, m=200000, seed=1458186392400727732, type=UNIFORM -> ./input/random_graphs/graph_10000_200000_UNIFORM_1458186392400727732.txt (Time: 0.04s)
✓ Generated graph n=10000, m=200000, seed=1392892770529522614, type=UNIFORM -> ./input/random_graphs/graph_10000_200000_UNIFORM_1392892770529522614.txt (Time: 0.05s)
✓ Generated graph n=10000, m=200000, seed=9060210648189963449, type=UNIFORM -> ./input/random_graphs/graph_10000_200000_UNIFORM_9060210648189963449.txt (Time: 0.05s)
✓ Generated graph n=10000, m=200000, seed=4060584409398689268, type=UNIFORM -> ./input/random_graphs/graph_10000_200000_UNIFORM_4060584409398689268.txt (Time: 0.03s)
✓ Generated graph n=10000, m=200000, seed=4250897495980125004, type=UNIFORM -> ./input/random_graphs/graph_10000_200000_UNIFORM_4250897495980125004.txt (Time: 0.04s)
✓ Generated graph n=10000, m=200000, seed=8794274795737982182, type=UNIFORM -> ./input/random_graphs/graph_10000_200000_UNIFORM_8794274795737982182.txt (Time: 0.04s)
✓ Generated graph n=10000, m=200000, seed=2089506265998900862, type=UNIFORM -> ./input/random_graphs/graph_10000_200000_UNIFORM_2089506265998900862.txt (Time: 0.04s)
✓ Generated graph n=10000, m=200000, seed=5497874167834979553, type=UNIFORM -> ./input/random_graphs/graph_10000_200000_UNIFORM_5497874167834979553.txt (Time: 0.05s)
✓ Generated graph n=10000, m=200000, seed=1332005502874566195, type=UNIFORM -> ./input/random_graphs/graph_10000_200000_UNIFORM_1332005502874566195.txt (Time: 0.04s)
✓ Generated graph n=10000, m=200000, seed=1722224698700348310, type=UNIFORM -> ./input/random_graphs/graph_10000_200000_UNIFORM_1722224698700348310.txt (Time: 0.04s)
✓ Generated graph n=10000, m=200000, seed=7905487461282246979, type=UNIFORM -> ./input/random_graphs/graph_10000_200000_UNIFORM_7905487461282246979.txt (Time: 0.04s)
✓ Generated graph n=10000, m=200000, seed=8626102704817790064, type=UNIFORM -> ./input/random_graphs/graph_10000_200000_UNIFORM_8626102704817790064.txt (Time: 0.04s)
✓ Generated graph n=10000, m=200000, seed=8448596294177070022, type=UNIFORM -> ./input/random_graphs/graph_10000_200000_UNIFORM_8448596294177070022.txt (Time: 0.04s)
✓ Generated graph n=10000, m=200000, seed=7118744415197196276, type=UNIFORM -> ./input/random_graphs/graph_10000_200000_UNIFORM_7118744415197196276.txt (Time: 0.04s)
✓ Generated graph n=10000, m=200000, seed=4934890601268679176, type=UNIFORM -> ./input/random_graphs/graph_10000_200000_UNIFORM_4934890601268679176.txt (Time: 0.04s)
✓ Generated graph n=10000, m=200000, seed=4795749165124911768, type=UNIFORM -> ./input/random_graphs/graph_10000_200000_UNIFORM_4795749165124911768.txt (Time: 0.05s)
✓ Generated graph n=10000, m=200000, seed=7449662661572224354, type=UNIFORM -> ./input/random_graphs/graph_10000_200000_UNIFORM_7449662661572224354.txt (Time: 0.04s)
✓ Generated graph n=10000, m=200000, seed=1992204328026194281, type=UNIFORM -> ./input/random_graphs/graph_10000_200000_UNIFORM_1992204328026194281.txt (Time: 0.05s)
✓ Generated graph n=10000, m=200000, seed=2718103348384927511, type=UNIFORM -> ./input/random_graphs/graph_10000_200000_UNIFORM_2718103348384927511.txt (Time: 0.04s)
✓ Generated graph n=10000, m=200000, seed=3221421291694197220, type=UNIFORM -> ./input/random_graphs/graph_10000_200000_UNIFORM_3221421291694197220.txt (Time: 0.04s)
✓ Generated graph n=10000, m=200000, seed=9059990922233379852, type=UNIFORM -> ./input/random_graphs/graph_10000_200000_UNIFORM_9059990922233379852.txt (Time: 0.04s)
✓ Generated graph n=10000, m=200000, seed=8867616339855336876, type=UNIFORM -> ./input/random_graphs/graph_10000_200000_UNIFORM_8867616339855336876.txt (Time: 0.04s)
✓ Generated graph n=10000, m=200000, seed=5894893360759659423, type=UNIFORM -> ./input/random_graphs/graph_10000_200000_UNIFORM_5894893360759659423.txt (Time: 0.04s)
✓ Generated graph n=10000, m=200000, seed=2264398621601381987, type=UNIFORM -> ./input/random_graphs/graph_10000_200000_UNIFORM_2264398621601381987.txt (Time: 0.04s)
✓ Generated graph n=10000, m=200000, seed=7983805977214098674, type=UNIFORM -> ./input/random_graphs/graph_10000_200000_UNIFORM_7983805977214098674.txt (Time: 0.04s)
✓ Generated graph n=10000, m=200000, seed=4940913311242578590, type=UNIFORM -> ./input/random_graphs/graph_10000_200000_UNIFORM_4940913311242578590.txt (Time: 0.04s)
✓ Generated graph n=10000, m=200000, seed=7632458674696225362, type=UNIFORM -> ./input/random_graphs/graph_10000_200000_UNIFORM_7632458674696225362.txt (Time: 0.05s)
✓ Generated graph n=10000, m=300000, seed=7871178979383552919, type=UNIFORM -> ./input/random_graphs/graph_10000_300000_UNIFORM_7871178979383552919.txt (Time: 0.04s)
✓ Generated graph n=10000, m=300000, seed=6230961512046992311, type=UNIFORM -> ./input/random_graphs/graph_10000_300000_UNIFORM_6230961512046992311.txt (Time: 0.06s)
✓ Generated graph n=10000, m=300000, seed=5739955973604961613, type=UNIFORM -> ./input/random_graphs/graph_10000_300000_UNIFORM_5739955973604961613.txt (Time: 0.07s)
✓ Generated graph n=10000, m=300000, seed=3881801951614183357, type=UNIFORM -> ./input/random_graphs/graph_10000_300000_UNIFORM_3881801951614183357.txt (Time: 0.06s)
✓ Generated graph n=10000, m=300000, seed=7032710160631691991, type=UNIFORM -> ./input/random_graphs/graph_10000_300000_UNIFORM_7032710160631691991.txt (Time: 0.07s)
✓ Generated graph n=10000, m=300000, seed=7599700178212337699, type=UNIFORM -> ./input/random_graphs/graph_10000_300000_UNIFORM_7599700178212337699.txt (Time: 0.06s)
✓ Generated graph n=10000, m=300000, seed=1353182403971399009, type=UNIFORM -> ./input/random_graphs/graph_10000_300000_UNIFORM_1353182403971399009.txt (Time: 0.06s)
✓ Generated graph n=10000, m=300000, seed=1070244953599069350, type=UNIFORM -> ./input/random_graphs/graph_10000_300000_UNIFORM_1070244953599069350.txt (Time: 0.06s)
✓ Generated graph n=10000, m=300000, seed=6938562734920028532, type=UNIFORM -> ./input/random_graphs/graph_10000_300000_UNIFORM_6938562734920028532.txt (Time: 0.06s)
✓ Generated graph n=10000, m=300000, seed=6522163754831416203, type=UNIFORM -> ./input/random_graphs/graph_10000_300000_UNIFORM_6522163754831416203.txt (Time: 0.06s)
✓ Generated graph n=10000, m=300000, seed=1250005700364523649, type=UNIFORM -> ./input/random_graphs/graph_10000_300000_UNIFORM_1250005700364523649.txt (Time: 0.06s)
✓ Generated graph n=10000, m=300000, seed=5708372698381010775, type=UNIFORM -> ./input/random_graphs/graph_10000_300000_UNIFORM_5708372698381010775.txt (Time: 0.04s)
✓ Generated graph n=10000, m=300000, seed=4040737767143389431, type=UNIFORM -> ./input/random_graphs/graph_10000_300000_UNIFORM_4040737767143389431.txt (Time: 0.07s)
✓ Generated graph n=10000, m=300000, seed=7663871783842725848, type=UNIFORM -> ./input/random_graphs/graph_10000_300000_UNIFORM_7663871783842725848.txt (Time: 0.06s)
✓ Generated graph n=10000, m=300000, seed=1309542850049879452, type=UNIFORM -> ./input/random_graphs/graph_10000_300000_UNIFORM_1309542850049879452.txt (Time: 0.06s)
✓ Generated graph n=10000, m=300000, seed=320375091487821987, type=UNIFORM -> ./input/random_graphs/graph_10000_300000_UNIFORM_320375091487821987.txt (Time: 0.06s)
✓ Generated graph n=10000, m=300000, seed=2429002973740178792, type=UNIFORM -> ./input/random_graphs/graph_10000_300000_UNIFORM_2429002973740178792.txt (Time: 0.06s)
✓ Generated graph n=10000, m=300000, seed=7146860528564146064, type=UNIFORM -> ./input/random_graphs/graph_10000_300000_UNIFORM_7146860528564146064.txt (Time: 0.06s)
✓ Generated graph n=10000, m=300000, seed=1250773459040295677, type=UNIFORM -> ./input/random_graphs/graph_10000_300000_UNIFORM_1250773459040295677.txt (Time: 0.06s)
✓ Generated graph n=10000, m=300000, seed=7473196763798409428, type=UNIFORM -> ./input/random_graphs/graph_10000_300000_UNIFORM_7473196763798409428.txt (Time: 0.06s)
✓ Generated graph n=10000, m=300000, seed=3438400432146115956, type=UNIFORM -> ./input/random_graphs/graph_10000_300000_UNIFORM_3438400432146115956.txt (Time: 0.06s)
✓ Generated graph n=10000, m=300000, seed=5142811650494845597, type=UNIFORM -> ./input/random_graphs/graph_10000_300000_UNIFORM_5142811650494845597.txt (Time: 0.06s)
✓ Generated graph n=10000, m=300000, seed=5906957480796939447, type=UNIFORM -> ./input/random_graphs/graph_10000_300000_UNIFORM_5906957480796939447.txt (Time: 0.07s)
✓ Generated graph n=10000, m=300000, seed=3010622984418968408, type=UNIFORM -> ./input/random_graphs/graph_10000_300000_UNIFORM_3010622984418968408.txt (Time: 0.06s)
✓ Generated graph n=10000, m=300000, seed=5139481885857321791, type=UNIFORM -> ./input/random_graphs/graph_10000_300000_UNIFORM_5139481885857321791.txt (Time: 0.07s)
✓ Generated graph n=10000, m=300000, seed=6002685213311538187, type=UNIFORM -> ./input/random_graphs/graph_10000_300000_UNIFORM_6002685213311538187.txt (Time: 0.06s)
✓ Generated graph n=10000, m=300000, seed=521787134863155063, type=UNIFORM -> ./input/random_graphs/graph_10000_300000_UNIFORM_521787134863155063.txt (Time: 0.06s)
✓ Generated graph n=10000, m=300000, seed=4122784633514911760, type=UNIFORM -> ./input/random_graphs/graph_10000_300000_UNIFORM_4122784633514911760.txt (Time: 0.04s)
✓ Generated graph n=10000, m=300000, seed=1731523882129807996, type=UNIFORM -> ./input/random_graphs/graph_10000_300000_UNIFORM_1731523882129807996.txt (Time: 0.07s)
✓ Generated graph n=10000, m=300000, seed=7029781962072644698, type=UNIFORM -> ./input/random_graphs/graph_10000_300000_UNIFORM_7029781962072644698.txt (Time: 0.06s)
✓ Generated graph n=10000, m=300000, seed=1853590723603270879, type=UNIFORM -> ./input/random_graphs/graph_10000_300000_UNIFORM_1853590723603270879.txt (Time: 0.07s)
✓ Generated graph n=10000, m=300000, seed=1024517563182776983, type=UNIFORM -> ./input/random_graphs/graph_10000_300000_UNIFORM_1024517563182776983.txt (Time: 0.06s)
✓ Generated graph n=10000, m=300000, seed=3224265581699847191, type=UNIFORM -> ./input/random_graphs/graph_10000_300000_UNIFORM_3224265581699847191.txt (Time: 0.06s)
✓ Generated graph n=10000, m=300000, seed=5529616217668449934, type=UNIFORM -> ./input/random_graphs/graph_10000_300000_UNIFORM_5529616217668449934.txt (Time: 0.07s)
✓ Generated graph n=10000, m=300000, seed=1647170069535670909, type=UNIFORM -> ./input/random_graphs/graph_10000_300000_UNIFORM_1647170069535670909.txt (Time: 0.06s)
✓ Generated graph n=10000, m=300000, seed=5258051056098597521, type=UNIFORM -> ./input/random_graphs/graph_10000_300000_UNIFORM_5258051056098597521.txt (Time: 0.06s)
✓ Generated graph n=10000, m=300000, seed=6785030173969523435, type=UNIFORM -> ./input/random_graphs/graph_10000_300000_UNIFORM_6785030173969523435.txt (Time: 0.07s)
✓ Generated graph n=10000, m=300000, seed=7706236040662210848, type=UNIFORM -> ./input/random_graphs/graph_10000_300000_UNIFORM_7706236040662210848.txt (Time: 0.06s)
✓ Generated graph n=10000, m=300000, seed=6802378520969450157, type=UNIFORM -> ./input/random_graphs/graph_10000_300000_UNIFORM_6802378520969450157.txt (Time: 0.06s)
✓ Generated graph n=10000, m=300000, seed=4552998297316576788, type=UNIFORM -> ./input/random_graphs/graph_10000_300000_UNIFORM_4552998297316576788.txt (Time: 0.06s)
✓ Generated graph n=10000, m=300000, seed=824387247617288499, type=UNIFORM -> ./input/random_graphs/graph_10000_300000_UNIFORM_824387247617288499.txt (Time: 0.07s)
✓ Generated graph n=10000, m=300000, seed=1632192924771168275, type=UNIFORM -> ./input/random_graphs/graph_10000_300000_UNIFORM_1632192924771168275.txt (Time: 0.07s)
✓ Generated graph n=10000, m=300000, seed=8031431416522537101, type=UNIFORM -> ./input/random_graphs/graph_10000_300000_UNIFORM_8031431416522537101.txt (Time: 0.06s)
✓ Generated graph n=10000, m=300000, seed=7161906730445628483, type=UNIFORM -> ./input/random_graphs/graph_10000_300000_UNIFORM_7161906730445628483.txt (Time: 0.07s)
✓ Generated graph n=10000, m=300000, seed=3272308573967577038, type=UNIFORM -> ./input/random_graphs/graph_10000_300000_UNIFORM_3272308573967577038.txt (Time: 0.06s)
✓ Generated graph n=10000, m=300000, seed=6143643868734370809, type=UNIFORM -> ./input/random_graphs/graph_10000_300000_UNIFORM_6143643868734370809.txt (Time: 0.06s)
✓ Generated graph n=10000, m=300000, seed=5636411189175451024, type=UNIFORM -> ./input/random_graphs/graph_10000_300000_UNIFORM_5636411189175451024.txt (Time: 0.06s)
✓ Generated graph n=10000, m=300000, seed=7938560551762094560, type=UNIFORM -> ./input/random_graphs/graph_10000_300000_UNIFORM_7938560551762094560.txt (Time: 0.06s)
✓ Generated graph n=10000, m=300000, seed=6614505080519948832, type=UNIFORM -> ./input/random_graphs/graph_10000_300000_UNIFORM_6614505080519948832.txt (Time: 0.06s)
✓ Generated graph n=10000, m=300000, seed=5349491008325879064, type=UNIFORM -> ./input/random_graphs/graph_10000_300000_UNIFORM_5349491008325879064.txt (Time: 0.07s)
✓ Generated graph n=10000, m=300000, seed=7917045922527545890, type=UNIFORM -> ./input/random_graphs/graph_10000_300000_UNIFORM_7917045922527545890.txt (Time: 0.06s)
✓ Generated graph n=10000, m=300000, seed=3865339568260874865, type=UNIFORM -> ./input/random_graphs/graph_10000_300000_UNIFORM_3865339568260874865.txt (Time: 0.05s)
✓ Generated graph n=10000, m=300000, seed=4445925461710302877, type=UNIFORM -> ./input/random_graphs/graph_10000_300000_UNIFORM_4445925461710302877.txt (Time: 0.06s)
✓ Generated graph n=10000, m=300000, seed=6022436717541034636, type=UNIFORM -> ./input/random_graphs/graph_10000_300000_UNIFORM_6022436717541034636.txt (Time: 0.05s)
✓ Generated graph n=10000, m=300000, seed=7921282862123281598, type=UNIFORM -> ./input/random_graphs/graph_10000_300000_UNIFORM_7921282862123281598.txt (Time: 0.06s)
✓ Generated graph n=10000, m=300000, seed=6224222471595207695, type=UNIFORM -> ./input/random_graphs/graph_10000_300000_UNIFORM_6224222471595207695.txt (Time: 0.06s)
✓ Generated graph n=10000, m=300000, seed=1128313391724783137, type=UNIFORM -> ./input/random_graphs/graph_10000_300000_UNIFORM_1128313391724783137.txt (Time: 0.06s)
✓ Generated graph n=10000, m=300000, seed=8718380604043999642, type=UNIFORM -> ./input/random_graphs/graph_10000_300000_UNIFORM_8718380604043999642.txt (Time: 0.06s)
✓ Generated graph n=10000, m=300000, seed=4997514996153925447, type=UNIFORM -> ./input/random_graphs/graph_10000_300000_UNIFORM_4997514996153925447.txt (Time: 0.06s)
✓ Generated graph n=10000, m=300000, seed=3817405844514670994, type=UNIFORM -> ./input/random_graphs/graph_10000_300000_UNIFORM_3817405844514670994.txt (Time: 0.06s)
✓ Generated graph n=10000, m=300000, seed=8446481348147407377, type=UNIFORM -> ./input/random_graphs/graph_10000_300000_UNIFORM_8446481348147407377.txt (Time: 0.06s)
✓ Generated graph n=10000, m=300000, seed=6529943913552561417, type=UNIFORM -> ./input/random_graphs/graph_10000_300000_UNIFORM_6529943913552561417.txt (Time: 0.06s)
✓ Generated graph n=10000, m=300000, seed=716820155901718944, type=UNIFORM -> ./input/random_graphs/graph_10000_300000_UNIFORM_716820155901718944.txt (Time: 0.06s)
✓ Generated graph n=10000, m=300000, seed=5063475852268941542, type=UNIFORM -> ./input/random_graphs/graph_10000_300000_UNIFORM_5063475852268941542.txt (Time: 0.06s)
✓ Generated graph n=10000, m=300000, seed=2909934787168262407, type=UNIFORM -> ./input/random_graphs/graph_10000_300000_UNIFORM_2909934787168262407.txt (Time: 0.06s)
✓ Generated graph n=10000, m=300000, seed=1170385908854608748, type=UNIFORM -> ./input/random_graphs/graph_10000_300000_UNIFORM_1170385908854608748.txt (Time: 0.06s)
✓ Generated graph n=10000, m=300000, seed=5108599054664628607, type=UNIFORM -> ./input/random_graphs/graph_10000_300000_UNIFORM_5108599054664628607.txt (Time: 0.06s)
✓ Generated graph n=10000, m=300000, seed=175493991617213850, type=UNIFORM -> ./input/random_graphs/graph_10000_300000_UNIFORM_175493991617213850.txt (Time: 0.06s)
✓ Generated graph n=10000, m=300000, seed=3713827327871807734, type=UNIFORM -> ./input/random_graphs/graph_10000_300000_UNIFORM_3713827327871807734.txt (Time: 0.07s)
✓ Generated graph n=10000, m=300000, seed=199422815561151340, type=UNIFORM -> ./input/random_graphs/graph_10000_300000_UNIFORM_199422815561151340.txt (Time: 0.07s)
✓ Generated graph n=10000, m=300000, seed=9130666990809746335, type=UNIFORM -> ./input/random_graphs/graph_10000_300000_UNIFORM_9130666990809746335.txt (Time: 0.06s)
✓ Generated graph n=10000, m=300000, seed=7644420139408884785, type=UNIFORM -> ./input/random_graphs/graph_10000_300000_UNIFORM_7644420139408884785.txt (Time: 0.06s)
✓ Generated graph n=10000, m=300000, seed=6764066939395682287, type=UNIFORM -> ./input/random_graphs/graph_10000_300000_UNIFORM_6764066939395682287.txt (Time: 0.07s)
✓ Generated graph n=10000, m=300000, seed=1458186392400727732, type=UNIFORM -> ./input/random_graphs/graph_10000_300000_UNIFORM_1458186392400727732.txt (Time: 0.06s)
✓ Generated graph n=10000, m=300000, seed=1392892770529522614, type=UNIFORM -> ./input/random_graphs/graph_10000_300000_UNIFORM_1392892770529522614.txt (Time: 0.06s)
✓ Generated graph n=10000, m=300000, seed=9060210648189963449, type=UNIFORM -> ./input/random_graphs/graph_10000_300000_UNIFORM_9060210648189963449.txt (Time: 0.06s)
✓ Generated graph n=10000, m=300000, seed=4250897495980125004, type=UNIFORM -> ./input/random_graphs/graph_10000_300000_UNIFORM_4250897495980125004.txt (Time: 0.07s)
✓ Generated graph n=10000, m=300000, seed=8794274795737982182, type=UNIFORM -> ./input/random_graphs/graph_10000_300000_UNIFORM_8794274795737982182.txt (Time: 0.06s)
✓ Generated graph n=10000, m=300000, seed=2089506265998900862, type=UNIFORM -> ./input/random_graphs/graph_10000_300000_UNIFORM_2089506265998900862.txt (Time: 0.05s)
✓ Generated graph n=10000, m=300000, seed=5497874167834979553, type=UNIFORM -> ./input/random_graphs/graph_10000_300000_UNIFORM_5497874167834979553.txt (Time: 0.06s)
✓ Generated graph n=10000, m=300000, seed=4060584409398689268, type=UNIFORM -> ./input/random_graphs/graph_10000_300000_UNIFORM_4060584409398689268.txt (Time: 0.06s)
✓ Generated graph n=10000, m=300000, seed=1332005502874566195, type=UNIFORM -> ./input/random_graphs/graph_10000_300000_UNIFORM_1332005502874566195.txt (Time: 0.06s)
✓ Generated graph n=10000, m=300000, seed=1722224698700348310, type=UNIFORM -> ./input/random_graphs/graph_10000_300000_UNIFORM_1722224698700348310.txt (Time: 0.06s)
✓ Generated graph n=10000, m=300000, seed=8626102704817790064, type=UNIFORM -> ./input/random_graphs/graph_10000_300000_UNIFORM_8626102704817790064.txt (Time: 0.06s)
✓ Generated graph n=10000, m=300000, seed=7905487461282246979, type=UNIFORM -> ./input/random_graphs/graph_10000_300000_UNIFORM_7905487461282246979.txt (Time: 0.06s)
✓ Generated graph n=10000, m=300000, seed=8448596294177070022, type=UNIFORM -> ./input/random_graphs/graph_10000_300000_UNIFORM_8448596294177070022.txt (Time: 0.06s)
✓ Generated graph n=10000, m=300000, seed=1992204328026194281, type=UNIFORM -> ./input/random_graphs/graph_10000_300000_UNIFORM_1992204328026194281.txt (Time: 0.06s)
✓ Generated graph n=10000, m=300000, seed=4795749165124911768, type=UNIFORM -> ./input/random_graphs/graph_10000_300000_UNIFORM_4795749165124911768.txt (Time: 0.06s)
✓ Generated graph n=10000, m=300000, seed=4934890601268679176, type=UNIFORM -> ./input/random_graphs/graph_10000_300000_UNIFORM_4934890601268679176.txt (Time: 0.06s)
✓ Generated graph n=10000, m=300000, seed=5894893360759659423, type=UNIFORM -> ./input/random_graphs/graph_10000_300000_UNIFORM_5894893360759659423.txt (Time: 0.05s)
✓ Generated graph n=10000, m=300000, seed=2718103348384927511, type=UNIFORM -> ./input/random_graphs/graph_10000_300000_UNIFORM_2718103348384927511.txt (Time: 0.06s)
✓ Generated graph n=10000, m=300000, seed=7118744415197196276, type=UNIFORM -> ./input/random_graphs/graph_10000_300000_UNIFORM_7118744415197196276.txt (Time: 0.06s)
✓ Generated graph n=10000, m=300000, seed=9059990922233379852, type=UNIFORM -> ./input/random_graphs/graph_10000_300000_UNIFORM_9059990922233379852.txt (Time: 0.06s)
✓ Generated graph n=10000, m=300000, seed=7449662661572224354, type=UNIFORM -> ./input/random_graphs/graph_10000_300000_UNIFORM_7449662661572224354.txt (Time: 0.06s)
✓ Generated graph n=10000, m=300000, seed=7983805977214098674, type=UNIFORM -> ./input/random_graphs/graph_10000_300000_UNIFORM_7983805977214098674.txt (Time: 0.06s)
✓ Generated graph n=10000, m=300000, seed=3221421291694197220, type=UNIFORM -> ./input/random_graphs/graph_10000_300000_UNIFORM_3221421291694197220.txt (Time: 0.07s)
✓ Generated graph n=10000, m=300000, seed=7632458674696225362, type=UNIFORM -> ./input/random_graphs/graph_10000_300000_UNIFORM_7632458674696225362.txt (Time: 0.06s)
✓ Generated graph n=10000, m=300000, seed=2264398621601381987, type=UNIFORM -> ./input/random_graphs/graph_10000_300000_UNIFORM_2264398621601381987.txt (Time: 0.06s)
✓ Generated graph n=10000, m=300000, seed=8867616339855336876, type=UNIFORM -> ./input/random_graphs/graph_10000_300000_UNIFORM_8867616339855336876.txt (Time: 0.07s)
✓ Generated graph n=10000, m=300000, seed=4940913311242578590, type=UNIFORM -> ./input/random_graphs/graph_10000_300000_UNIFORM_4940913311242578590.txt (Time: 0.06s)
✓ Generated graph n=10000, m=400000, seed=6230961512046992311, type=UNIFORM -> ./input/random_graphs/graph_10000_400000_UNIFORM_6230961512046992311.txt (Time: 0.07s)
✓ Generated graph n=10000, m=400000, seed=7871178979383552919, type=UNIFORM -> ./input/random_graphs/graph_10000_400000_UNIFORM_7871178979383552919.txt (Time: 0.08s)
✓ Generated graph n=10000, m=400000, seed=5739955973604961613, type=UNIFORM -> ./input/random_graphs/graph_10000_400000_UNIFORM_5739955973604961613.txt (Time: 0.08s)
✓ Generated graph n=10000, m=400000, seed=7146860528564146064, type=UNIFORM -> ./input/random_graphs/graph_10000_400000_UNIFORM_7146860528564146064.txt (Time: 0.05s)
✓ Generated graph n=10000, m=400000, seed=3881801951614183357, type=UNIFORM -> ./input/random_graphs/graph_10000_400000_UNIFORM_3881801951614183357.txt (Time: 0.08s)
✓ Generated graph n=10000, m=400000, seed=1070244953599069350, type=UNIFORM -> ./input/random_graphs/graph_10000_400000_UNIFORM_1070244953599069350.txt (Time: 0.08s)
✓ Generated graph n=10000, m=400000, seed=7032710160631691991, type=UNIFORM -> ./input/random_graphs/graph_10000_400000_UNIFORM_7032710160631691991.txt (Time: 0.08s)
✓ Generated graph n=10000, m=400000, seed=6522163754831416203, type=UNIFORM -> ./input/random_graphs/graph_10000_400000_UNIFORM_6522163754831416203.txt (Time: 0.08s)
✓ Generated graph n=10000, m=400000, seed=4040737767143389431, type=UNIFORM -> ./input/random_graphs/graph_10000_400000_UNIFORM_4040737767143389431.txt (Time: 0.08s)
✓ Generated graph n=10000, m=400000, seed=7599700178212337699, type=UNIFORM -> ./input/random_graphs/graph_10000_400000_UNIFORM_7599700178212337699.txt (Time: 0.09s)
✓ Generated graph n=10000, m=400000, seed=6938562734920028532, type=UNIFORM -> ./input/random_graphs/graph_10000_400000_UNIFORM_6938562734920028532.txt (Time: 0.08s)
✓ Generated graph n=10000, m=400000, seed=1250005700364523649, type=UNIFORM -> ./input/random_graphs/graph_10000_400000_UNIFORM_1250005700364523649.txt (Time: 0.08s)
✓ Generated graph n=10000, m=400000, seed=1353182403971399009, type=UNIFORM -> ./input/random_graphs/graph_10000_400000_UNIFORM_1353182403971399009.txt (Time: 0.08s)
✓ Generated graph n=10000, m=400000, seed=320375091487821987, type=UNIFORM -> ./input/random_graphs/graph_10000_400000_UNIFORM_320375091487821987.txt (Time: 0.08s)
✓ Generated graph n=10000, m=400000, seed=1309542850049879452, type=UNIFORM -> ./input/random_graphs/graph_10000_400000_UNIFORM_1309542850049879452.txt (Time: 0.08s)
✓ Generated graph n=10000, m=400000, seed=7663871783842725848, type=UNIFORM -> ./input/random_graphs/graph_10000_400000_UNIFORM_7663871783842725848.txt (Time: 0.08s)
✓ Generated graph n=10000, m=400000, seed=2429002973740178792, type=UNIFORM -> ./input/random_graphs/graph_10000_400000_UNIFORM_2429002973740178792.txt (Time: 0.09s)
✓ Generated graph n=10000, m=400000, seed=1250773459040295677, type=UNIFORM -> ./input/random_graphs/graph_10000_400000_UNIFORM_1250773459040295677.txt (Time: 0.08s)
✓ Generated graph n=10000, m=400000, seed=5906957480796939447, type=UNIFORM -> ./input/random_graphs/graph_10000_400000_UNIFORM_5906957480796939447.txt (Time: 0.08s)
✓ Generated graph n=10000, m=400000, seed=3438400432146115956, type=UNIFORM -> ./input/random_graphs/graph_10000_400000_UNIFORM_3438400432146115956.txt (Time: 0.08s)
✓ Generated graph n=10000, m=400000, seed=5708372698381010775, type=UNIFORM -> ./input/random_graphs/graph_10000_400000_UNIFORM_5708372698381010775.txt (Time: 0.06s)
✓ Generated graph n=10000, m=400000, seed=5139481885857321791, type=UNIFORM -> ./input/random_graphs/graph_10000_400000_UNIFORM_5139481885857321791.txt (Time: 0.08s)
✓ Generated graph n=10000, m=400000, seed=7473196763798409428, type=UNIFORM -> ./input/random_graphs/graph_10000_400000_UNIFORM_7473196763798409428.txt (Time: 0.08s)
✓ Generated graph n=10000, m=400000, seed=3010622984418968408, type=UNIFORM -> ./input/random_graphs/graph_10000_400000_UNIFORM_3010622984418968408.txt (Time: 0.08s)
✓ Generated graph n=10000, m=400000, seed=5142811650494845597, type=UNIFORM -> ./input/random_graphs/graph_10000_400000_UNIFORM_5142811650494845597.txt (Time: 0.08s)
✓ Generated graph n=10000, m=400000, seed=6002685213311538187, type=UNIFORM -> ./input/random_graphs/graph_10000_400000_UNIFORM_6002685213311538187.txt (Time: 0.09s)
✓ Generated graph n=10000, m=400000, seed=1853590723603270879, type=UNIFORM -> ./input/random_graphs/graph_10000_400000_UNIFORM_1853590723603270879.txt (Time: 0.06s)
✓ Generated graph n=10000, m=400000, seed=521787134863155063, type=UNIFORM -> ./input/random_graphs/graph_10000_400000_UNIFORM_521787134863155063.txt (Time: 0.08s)
✓ Generated graph n=10000, m=400000, seed=1731523882129807996, type=UNIFORM -> ./input/random_graphs/graph_10000_400000_UNIFORM_1731523882129807996.txt (Time: 0.08s)
✓ Generated graph n=10000, m=400000, seed=7029781962072644698, type=UNIFORM -> ./input/random_graphs/graph_10000_400000_UNIFORM_7029781962072644698.txt (Time: 0.08s)
✓ Generated graph n=10000, m=400000, seed=1024517563182776983, type=UNIFORM -> ./input/random_graphs/graph_10000_400000_UNIFORM_1024517563182776983.txt (Time: 0.08s)
✓ Generated graph n=10000, m=400000, seed=3224265581699847191, type=UNIFORM -> ./input/random_graphs/graph_10000_400000_UNIFORM_3224265581699847191.txt (Time: 0.08s)
✓ Generated graph n=10000, m=400000, seed=5636411189175451024, type=UNIFORM -> ./input/random_graphs/graph_10000_400000_UNIFORM_5636411189175451024.txt (Time: 0.06s)
✓ Generated graph n=10000, m=400000, seed=5529616217668449934, type=UNIFORM -> ./input/random_graphs/graph_10000_400000_UNIFORM_5529616217668449934.txt (Time: 0.08s)
✓ Generated graph n=10000, m=400000, seed=4122784633514911760, type=UNIFORM -> ./input/random_graphs/graph_10000_400000_UNIFORM_4122784633514911760.txt (Time: 0.08s)
✓ Generated graph n=10000, m=400000, seed=6785030173969523435, type=UNIFORM -> ./input/random_graphs/graph_10000_400000_UNIFORM_6785030173969523435.txt (Time: 0.08s)
✓ Generated graph n=10000, m=400000, seed=7706236040662210848, type=UNIFORM -> ./input/random_graphs/graph_10000_400000_UNIFORM_7706236040662210848.txt (Time: 0.08s)
✓ Generated graph n=10000, m=400000, seed=5258051056098597521, type=UNIFORM -> ./input/random_graphs/graph_10000_400000_UNIFORM_5258051056098597521.txt (Time: 0.08s)
✓ Generated graph n=10000, m=400000, seed=824387247617288499, type=UNIFORM -> ./input/random_graphs/graph_10000_400000_UNIFORM_824387247617288499.txt (Time: 0.08s)
✓ Generated graph n=10000, m=400000, seed=1632192924771168275, type=UNIFORM -> ./input/random_graphs/graph_10000_400000_UNIFORM_1632192924771168275.txt (Time: 0.08s)
✓ Generated graph n=10000, m=400000, seed=7161906730445628483, type=UNIFORM -> ./input/random_graphs/graph_10000_400000_UNIFORM_7161906730445628483.txt (Time: 0.08s)
✓ Generated graph n=10000, m=400000, seed=1647170069535670909, type=UNIFORM -> ./input/random_graphs/graph_10000_400000_UNIFORM_1647170069535670909.txt (Time: 0.09s)
✓ Generated graph n=10000, m=400000, seed=6802378520969450157, type=UNIFORM -> ./input/random_graphs/graph_10000_400000_UNIFORM_6802378520969450157.txt (Time: 0.08s)
✓ Generated graph n=10000, m=400000, seed=4552998297316576788, type=UNIFORM -> ./input/random_graphs/graph_10000_400000_UNIFORM_4552998297316576788.txt (Time: 0.08s)
✓ Generated graph n=10000, m=400000, seed=8031431416522537101, type=UNIFORM -> ./input/random_graphs/graph_10000_400000_UNIFORM_8031431416522537101.txt (Time: 0.08s)
✓ Generated graph n=10000, m=400000, seed=6143643868734370809, type=UNIFORM -> ./input/random_graphs/graph_10000_400000_UNIFORM_6143643868734370809.txt (Time: 0.08s)
✓ Generated graph n=10000, m=400000, seed=3272308573967577038, type=UNIFORM -> ./input/random_graphs/graph_10000_400000_UNIFORM_3272308573967577038.txt (Time: 0.08s)
✓ Generated graph n=10000, m=400000, seed=7938560551762094560, type=UNIFORM -> ./input/random_graphs/graph_10000_400000_UNIFORM_7938560551762094560.txt (Time: 0.08s)
✓ Generated graph n=10000, m=400000, seed=5349491008325879064, type=UNIFORM -> ./input/random_graphs/graph_10000_400000_UNIFORM_5349491008325879064.txt (Time: 0.08s)
✓ Generated graph n=10000, m=400000, seed=6614505080519948832, type=UNIFORM -> ./input/random_graphs/graph_10000_400000_UNIFORM_6614505080519948832.txt (Time: 0.08s)
✓ Generated graph n=10000, m=400000, seed=7917045922527545890, type=UNIFORM -> ./input/random_graphs/graph_10000_400000_UNIFORM_7917045922527545890.txt (Time: 0.08s)
✓ Generated graph n=10000, m=400000, seed=6224222471595207695, type=UNIFORM -> ./input/random_graphs/graph_10000_400000_UNIFORM_6224222471595207695.txt (Time: 0.06s)
✓ Generated graph n=10000, m=400000, seed=8718380604043999642, type=UNIFORM -> ./input/random_graphs/graph_10000_400000_UNIFORM_8718380604043999642.txt (Time: 0.05s)
✓ Generated graph n=10000, m=400000, seed=4445925461710302877, type=UNIFORM -> ./input/random_graphs/graph_10000_400000_UNIFORM_4445925461710302877.txt (Time: 0.09s)
✓ Generated graph n=10000, m=400000, seed=3865339568260874865, type=UNIFORM -> ./input/random_graphs/graph_10000_400000_UNIFORM_3865339568260874865.txt (Time: 0.08s)
✓ Generated graph n=10000, m=400000, seed=7921282862123281598, type=UNIFORM -> ./input/random_graphs/graph_10000_400000_UNIFORM_7921282862123281598.txt (Time: 0.09s)
✓ Generated graph n=10000, m=400000, seed=1128313391724783137, type=UNIFORM -> ./input/random_graphs/graph_10000_400000_UNIFORM_1128313391724783137.txt (Time: 0.08s)
✓ Generated graph n=10000, m=400000, seed=4997514996153925447, type=UNIFORM -> ./input/random_graphs/graph_10000_400000_UNIFORM_4997514996153925447.txt (Time: 0.08s)
✓ Generated graph n=10000, m=400000, seed=8446481348147407377, type=UNIFORM -> ./input/random_graphs/graph_10000_400000_UNIFORM_8446481348147407377.txt (Time: 0.08s)
✓ Generated graph n=10000, m=400000, seed=5063475852268941542, type=UNIFORM -> ./input/random_graphs/graph_10000_400000_UNIFORM_5063475852268941542.txt (Time: 0.08s)
✓ Generated graph n=10000, m=400000, seed=6529943913552561417, type=UNIFORM -> ./input/random_graphs/graph_10000_400000_UNIFORM_6529943913552561417.txt (Time: 0.08s)
✓ Generated graph n=10000, m=400000, seed=6022436717541034636, type=UNIFORM -> ./input/random_graphs/graph_10000_400000_UNIFORM_6022436717541034636.txt (Time: 0.08s)
✓ Generated graph n=10000, m=400000, seed=716820155901718944, type=UNIFORM -> ./input/random_graphs/graph_10000_400000_UNIFORM_716820155901718944.txt (Time: 0.09s)
✓ Generated graph n=10000, m=400000, seed=2909934787168262407, type=UNIFORM -> ./input/random_graphs/graph_10000_400000_UNIFORM_2909934787168262407.txt (Time: 0.08s)
✓ Generated graph n=10000, m=400000, seed=3817405844514670994, type=UNIFORM -> ./input/random_graphs/graph_10000_400000_UNIFORM_3817405844514670994.txt (Time: 0.08s)
✓ Generated graph n=10000, m=400000, seed=1170385908854608748, type=UNIFORM -> ./input/random_graphs/graph_10000_400000_UNIFORM_1170385908854608748.txt (Time: 0.08s)
✓ Generated graph n=10000, m=400000, seed=199422815561151340, type=UNIFORM -> ./input/random_graphs/graph_10000_400000_UNIFORM_199422815561151340.txt (Time: 0.08s)
✓ Generated graph n=10000, m=400000, seed=6764066939395682287, type=UNIFORM -> ./input/random_graphs/graph_10000_400000_UNIFORM_6764066939395682287.txt (Time: 0.08s)
✓ Generated graph n=10000, m=400000, seed=9130666990809746335, type=UNIFORM -> ./input/random_graphs/graph_10000_400000_UNIFORM_9130666990809746335.txt (Time: 0.08s)
✓ Generated graph n=10000, m=400000, seed=3713827327871807734, type=UNIFORM -> ./input/random_graphs/graph_10000_400000_UNIFORM_3713827327871807734.txt (Time: 0.09s)
✓ Generated graph n=10000, m=400000, seed=175493991617213850, type=UNIFORM -> ./input/random_graphs/graph_10000_400000_UNIFORM_175493991617213850.txt (Time: 0.08s)
✓ Generated graph n=10000, m=400000, seed=5108599054664628607, type=UNIFORM -> ./input/random_graphs/graph_10000_400000_UNIFORM_5108599054664628607.txt (Time: 0.09s)
✓ Generated graph n=10000, m=400000, seed=7644420139408884785, type=UNIFORM -> ./input/random_graphs/graph_10000_400000_UNIFORM_7644420139408884785.txt (Time: 0.08s)
✓ Generated graph n=10000, m=400000, seed=1458186392400727732, type=UNIFORM -> ./input/random_graphs/graph_10000_400000_UNIFORM_1458186392400727732.txt (Time: 0.08s)
✓ Generated graph n=10000, m=400000, seed=4250897495980125004, type=UNIFORM -> ./input/random_graphs/graph_10000_400000_UNIFORM_4250897495980125004.txt (Time: 0.05s)
✓ Generated graph n=10000, m=400000, seed=1392892770529522614, type=UNIFORM -> ./input/random_graphs/graph_10000_400000_UNIFORM_1392892770529522614.txt (Time: 0.08s)
✓ Generated graph n=10000, m=400000, seed=9060210648189963449, type=UNIFORM -> ./input/random_graphs/graph_10000_400000_UNIFORM_9060210648189963449.txt (Time: 0.08s)
✓ Generated graph n=10000, m=400000, seed=8794274795737982182, type=UNIFORM -> ./input/random_graphs/graph_10000_400000_UNIFORM_8794274795737982182.txt (Time: 0.08s)
✓ Generated graph n=10000, m=400000, seed=2089506265998900862, type=UNIFORM -> ./input/random_graphs/graph_10000_400000_UNIFORM_2089506265998900862.txt (Time: 0.08s)
✓ Generated graph n=10000, m=400000, seed=5497874167834979553, type=UNIFORM -> ./input/random_graphs/graph_10000_400000_UNIFORM_5497874167834979553.txt (Time: 0.08s)
✓ Generated graph n=10000, m=400000, seed=4060584409398689268, type=UNIFORM -> ./input/random_graphs/graph_10000_400000_UNIFORM_4060584409398689268.txt (Time: 0.08s)
✓ Generated graph n=10000, m=400000, seed=8626102704817790064, type=UNIFORM -> ./input/random_graphs/graph_10000_400000_UNIFORM_8626102704817790064.txt (Time: 0.08s)
✓ Generated graph n=10000, m=400000, seed=1722224698700348310, type=UNIFORM -> ./input/random_graphs/graph_10000_400000_UNIFORM_1722224698700348310.txt (Time: 0.08s)
✓ Generated graph n=10000, m=400000, seed=1332005502874566195, type=UNIFORM -> ./input/random_graphs/graph_10000_400000_UNIFORM_1332005502874566195.txt (Time: 0.09s)
✓ Generated graph n=10000, m=400000, seed=8448596294177070022, type=UNIFORM -> ./input/random_graphs/graph_10000_400000_UNIFORM_8448596294177070022.txt (Time: 0.08s)
✓ Generated graph n=10000, m=400000, seed=1992204328026194281, type=UNIFORM -> ./input/random_graphs/graph_10000_400000_UNIFORM_1992204328026194281.txt (Time: 0.08s)
✓ Generated graph n=10000, m=400000, seed=7905487461282246979, type=UNIFORM -> ./input/random_graphs/graph_10000_400000_UNIFORM_7905487461282246979.txt (Time: 0.08s)
✓ Generated graph n=10000, m=400000, seed=4934890601268679176, type=UNIFORM -> ./input/random_graphs/graph_10000_400000_UNIFORM_4934890601268679176.txt (Time: 0.08s)
✓ Generated graph n=10000, m=400000, seed=4795749165124911768, type=UNIFORM -> ./input/random_graphs/graph_10000_400000_UNIFORM_4795749165124911768.txt (Time: 0.08s)
✓ Generated graph n=10000, m=500000, seed=6230961512046992311, type=UNIFORM -> ./input/random_graphs/graph_10000_500000_UNIFORM_6230961512046992311.txt (Time: 0.06s)
✓ Generated graph n=10000, m=400000, seed=2718103348384927511, type=UNIFORM -> ./input/random_graphs/graph_10000_400000_UNIFORM_2718103348384927511.txt (Time: 0.09s)
✓ Generated graph n=10000, m=400000, seed=7118744415197196276, type=UNIFORM -> ./input/random_graphs/graph_10000_400000_UNIFORM_7118744415197196276.txt (Time: 0.09s)
✓ Generated graph n=10000, m=400000, seed=8867616339855336876, type=UNIFORM -> ./input/random_graphs/graph_10000_400000_UNIFORM_8867616339855336876.txt (Time: 0.08s)
✓ Generated graph n=10000, m=400000, seed=3221421291694197220, type=UNIFORM -> ./input/random_graphs/graph_10000_400000_UNIFORM_3221421291694197220.txt (Time: 0.08s)
✓ Generated graph n=10000, m=400000, seed=9059990922233379852, type=UNIFORM -> ./input/random_graphs/graph_10000_400000_UNIFORM_9059990922233379852.txt (Time: 0.09s)
✓ Generated graph n=10000, m=400000, seed=7449662661572224354, type=UNIFORM -> ./input/random_graphs/graph_10000_400000_UNIFORM_7449662661572224354.txt (Time: 0.08s)
✓ Generated graph n=10000, m=400000, seed=7983805977214098674, type=UNIFORM -> ./input/random_graphs/graph_10000_400000_UNIFORM_7983805977214098674.txt (Time: 0.08s)
✓ Generated graph n=10000, m=400000, seed=2264398621601381987, type=UNIFORM -> ./input/random_graphs/graph_10000_400000_UNIFORM_2264398621601381987.txt (Time: 0.08s)
✓ Generated graph n=10000, m=400000, seed=5894893360759659423, type=UNIFORM -> ./input/random_graphs/graph_10000_400000_UNIFORM_5894893360759659423.txt (Time: 0.09s)
✓ Generated graph n=10000, m=400000, seed=7632458674696225362, type=UNIFORM -> ./input/random_graphs/graph_10000_400000_UNIFORM_7632458674696225362.txt (Time: 0.08s)
✓ Generated graph n=10000, m=400000, seed=4940913311242578590, type=UNIFORM -> ./input/random_graphs/graph_10000_400000_UNIFORM_4940913311242578590.txt (Time: 0.09s)
✓ Generated graph n=10000, m=500000, seed=7032710160631691991, type=UNIFORM -> ./input/random_graphs/graph_10000_500000_UNIFORM_7032710160631691991.txt (Time: 0.06s)
✓ Generated graph n=10000, m=500000, seed=7871178979383552919, type=UNIFORM -> ./input/random_graphs/graph_10000_500000_UNIFORM_7871178979383552919.txt (Time: 0.10s)
✓ Generated graph n=10000, m=500000, seed=5739955973604961613, type=UNIFORM -> ./input/random_graphs/graph_10000_500000_UNIFORM_5739955973604961613.txt (Time: 0.10s)
✓ Generated graph n=10000, m=500000, seed=3881801951614183357, type=UNIFORM -> ./input/random_graphs/graph_10000_500000_UNIFORM_3881801951614183357.txt (Time: 0.10s)
✓ Generated graph n=10000, m=500000, seed=7599700178212337699, type=UNIFORM -> ./input/random_graphs/graph_10000_500000_UNIFORM_7599700178212337699.txt (Time: 0.11s)
✓ Generated graph n=10000, m=500000, seed=1353182403971399009, type=UNIFORM -> ./input/random_graphs/graph_10000_500000_UNIFORM_1353182403971399009.txt (Time: 0.10s)
✓ Generated graph n=10000, m=500000, seed=4040737767143389431, type=UNIFORM -> ./input/random_graphs/graph_10000_500000_UNIFORM_4040737767143389431.txt (Time: 0.10s)
✓ Generated graph n=10000, m=500000, seed=521787134863155063, type=UNIFORM -> ./input/random_graphs/graph_10000_500000_UNIFORM_521787134863155063.txt (Time: 0.06s)
✓ Generated graph n=10000, m=500000, seed=1070244953599069350, type=UNIFORM -> ./input/random_graphs/graph_10000_500000_UNIFORM_1070244953599069350.txt (Time: 0.10s)
✓ Generated graph n=10000, m=500000, seed=6522163754831416203, type=UNIFORM -> ./input/random_graphs/graph_10000_500000_UNIFORM_6522163754831416203.txt (Time: 0.10s)
✓ Generated graph n=10000, m=500000, seed=1309542850049879452, type=UNIFORM -> ./input/random_graphs/graph_10000_500000_UNIFORM_1309542850049879452.txt (Time: 0.10s)
✓ Generated graph n=10000, m=500000, seed=1250005700364523649, type=UNIFORM -> ./input/random_graphs/graph_10000_500000_UNIFORM_1250005700364523649.txt (Time: 0.10s)
✓ Generated graph n=10000, m=500000, seed=7663871783842725848, type=UNIFORM -> ./input/random_graphs/graph_10000_500000_UNIFORM_7663871783842725848.txt (Time: 0.10s)
✓ Generated graph n=10000, m=500000, seed=6938562734920028532, type=UNIFORM -> ./input/random_graphs/graph_10000_500000_UNIFORM_6938562734920028532.txt (Time: 0.10s)
✓ Generated graph n=10000, m=500000, seed=2429002973740178792, type=UNIFORM -> ./input/random_graphs/graph_10000_500000_UNIFORM_2429002973740178792.txt (Time: 0.10s)
✓ Generated graph n=10000, m=500000, seed=320375091487821987, type=UNIFORM -> ./input/random_graphs/graph_10000_500000_UNIFORM_320375091487821987.txt (Time: 0.10s)
✓ Generated graph n=10000, m=500000, seed=5906957480796939447, type=UNIFORM -> ./input/random_graphs/graph_10000_500000_UNIFORM_5906957480796939447.txt (Time: 0.10s)
✓ Generated graph n=10000, m=500000, seed=3438400432146115956, type=UNIFORM -> ./input/random_graphs/graph_10000_500000_UNIFORM_3438400432146115956.txt (Time: 0.10s)
✓ Generated graph n=10000, m=500000, seed=7146860528564146064, type=UNIFORM -> ./input/random_graphs/graph_10000_500000_UNIFORM_7146860528564146064.txt (Time: 0.10s)
✓ Generated graph n=10000, m=500000, seed=5142811650494845597, type=UNIFORM -> ./input/random_graphs/graph_10000_500000_UNIFORM_5142811650494845597.txt (Time: 0.10s)
✓ Generated graph n=10000, m=500000, seed=7473196763798409428, type=UNIFORM -> ./input/random_graphs/graph_10000_500000_UNIFORM_7473196763798409428.txt (Time: 0.10s)
✓ Generated graph n=10000, m=500000, seed=1250773459040295677, type=UNIFORM -> ./input/random_graphs/graph_10000_500000_UNIFORM_1250773459040295677.txt (Time: 0.11s)
✓ Generated graph n=10000, m=500000, seed=5139481885857321791, type=UNIFORM -> ./input/random_graphs/graph_10000_500000_UNIFORM_5139481885857321791.txt (Time: 0.10s)
✓ Generated graph n=10000, m=500000, seed=3010622984418968408, type=UNIFORM -> ./input/random_graphs/graph_10000_500000_UNIFORM_3010622984418968408.txt (Time: 0.10s)
✓ Generated graph n=10000, m=500000, seed=6002685213311538187, type=UNIFORM -> ./input/random_graphs/graph_10000_500000_UNIFORM_6002685213311538187.txt (Time: 0.10s)
✓ Generated graph n=10000, m=500000, seed=5708372698381010775, type=UNIFORM -> ./input/random_graphs/graph_10000_500000_UNIFORM_5708372698381010775.txt (Time: 0.11s)
✓ Generated graph n=10000, m=500000, seed=1731523882129807996, type=UNIFORM -> ./input/random_graphs/graph_10000_500000_UNIFORM_1731523882129807996.txt (Time: 0.10s)
✓ Generated graph n=10000, m=500000, seed=3224265581699847191, type=UNIFORM -> ./input/random_graphs/graph_10000_500000_UNIFORM_3224265581699847191.txt (Time: 0.06s)
✓ Generated graph n=10000, m=500000, seed=6802378520969450157, type=UNIFORM -> ./input/random_graphs/graph_10000_500000_UNIFORM_6802378520969450157.txt (Time: 0.06s)
✓ Generated graph n=10000, m=500000, seed=1853590723603270879, type=UNIFORM -> ./input/random_graphs/graph_10000_500000_UNIFORM_1853590723603270879.txt (Time: 0.10s)
✓ Generated graph n=10000, m=500000, seed=7029781962072644698, type=UNIFORM -> ./input/random_graphs/graph_10000_500000_UNIFORM_7029781962072644698.txt (Time: 0.11s)
✓ Generated graph n=10000, m=500000, seed=5529616217668449934, type=UNIFORM -> ./input/random_graphs/graph_10000_500000_UNIFORM_5529616217668449934.txt (Time: 0.10s)
✓ Generated graph n=10000, m=500000, seed=1024517563182776983, type=UNIFORM -> ./input/random_graphs/graph_10000_500000_UNIFORM_1024517563182776983.txt (Time: 0.10s)
✓ Generated graph n=10000, m=500000, seed=7706236040662210848, type=UNIFORM -> ./input/random_graphs/graph_10000_500000_UNIFORM_7706236040662210848.txt (Time: 0.10s)
✓ Generated graph n=10000, m=500000, seed=6785030173969523435, type=UNIFORM -> ./input/random_graphs/graph_10000_500000_UNIFORM_6785030173969523435.txt (Time: 0.11s)
✓ Generated graph n=10000, m=500000, seed=5258051056098597521, type=UNIFORM -> ./input/random_graphs/graph_10000_500000_UNIFORM_5258051056098597521.txt (Time: 0.10s)
✓ Generated graph n=10000, m=500000, seed=1647170069535670909, type=UNIFORM -> ./input/random_graphs/graph_10000_500000_UNIFORM_1647170069535670909.txt (Time: 0.10s)
✓ Generated graph n=10000, m=500000, seed=824387247617288499, type=UNIFORM -> ./input/random_graphs/graph_10000_500000_UNIFORM_824387247617288499.txt (Time: 0.10s)
✓ Generated graph n=10000, m=500000, seed=4122784633514911760, type=UNIFORM -> ./input/random_graphs/graph_10000_500000_UNIFORM_4122784633514911760.txt (Time: 0.10s)
✓ Generated graph n=10000, m=500000, seed=7161906730445628483, type=UNIFORM -> ./input/random_graphs/graph_10000_500000_UNIFORM_7161906730445628483.txt (Time: 0.10s)
✓ Generated graph n=10000, m=500000, seed=1632192924771168275, type=UNIFORM -> ./input/random_graphs/graph_10000_500000_UNIFORM_1632192924771168275.txt (Time: 0.10s)
✓ Generated graph n=10000, m=500000, seed=6143643868734370809, type=UNIFORM -> ./input/random_graphs/graph_10000_500000_UNIFORM_6143643868734370809.txt (Time: 0.10s)
✓ Generated graph n=10000, m=500000, seed=4552998297316576788, type=UNIFORM -> ./input/random_graphs/graph_10000_500000_UNIFORM_4552998297316576788.txt (Time: 0.10s)
✓ Generated graph n=10000, m=500000, seed=8031431416522537101, type=UNIFORM -> ./input/random_graphs/graph_10000_500000_UNIFORM_8031431416522537101.txt (Time: 0.10s)
✓ Generated graph n=10000, m=500000, seed=3272308573967577038, type=UNIFORM -> ./input/random_graphs/graph_10000_500000_UNIFORM_3272308573967577038.txt (Time: 0.10s)
✓ Generated graph n=10000, m=500000, seed=6614505080519948832, type=UNIFORM -> ./input/random_graphs/graph_10000_500000_UNIFORM_6614505080519948832.txt (Time: 0.10s)
✓ Generated graph n=10000, m=500000, seed=5636411189175451024, type=UNIFORM -> ./input/random_graphs/graph_10000_500000_UNIFORM_5636411189175451024.txt (Time: 0.10s)
✓ Generated graph n=10000, m=500000, seed=7938560551762094560, type=UNIFORM -> ./input/random_graphs/graph_10000_500000_UNIFORM_7938560551762094560.txt (Time: 0.10s)
✓ Generated graph n=10000, m=500000, seed=7917045922527545890, type=UNIFORM -> ./input/random_graphs/graph_10000_500000_UNIFORM_7917045922527545890.txt (Time: 0.10s)
✓ Generated graph n=10000, m=500000, seed=5349491008325879064, type=UNIFORM -> ./input/random_graphs/graph_10000_500000_UNIFORM_5349491008325879064.txt (Time: 0.11s)
✓ Generated graph n=10000, m=500000, seed=4445925461710302877, type=UNIFORM -> ./input/random_graphs/graph_10000_500000_UNIFORM_4445925461710302877.txt (Time: 0.11s)
✓ Generated graph n=10000, m=500000, seed=7921282862123281598, type=UNIFORM -> ./input/random_graphs/graph_10000_500000_UNIFORM_7921282862123281598.txt (Time: 0.07s)
✓ Generated graph n=10000, m=500000, seed=3865339568260874865, type=UNIFORM -> ./input/random_graphs/graph_10000_500000_UNIFORM_3865339568260874865.txt (Time: 0.11s)
✓ Generated graph n=10000, m=500000, seed=6224222471595207695, type=UNIFORM -> ./input/random_graphs/graph_10000_500000_UNIFORM_6224222471595207695.txt (Time: 0.10s)
✓ Generated graph n=10000, m=500000, seed=1128313391724783137, type=UNIFORM -> ./input/random_graphs/graph_10000_500000_UNIFORM_1128313391724783137.txt (Time: 0.10s)
✓ Generated graph n=10000, m=500000, seed=716820155901718944, type=UNIFORM -> ./input/random_graphs/graph_10000_500000_UNIFORM_716820155901718944.txt (Time: 0.10s)
✓ Generated graph n=10000, m=500000, seed=7644420139408884785, type=UNIFORM -> ./input/random_graphs/graph_10000_500000_UNIFORM_7644420139408884785.txt (Time: 0.07s)
✓ Generated graph n=10000, m=500000, seed=5063475852268941542, type=UNIFORM -> ./input/random_graphs/graph_10000_500000_UNIFORM_5063475852268941542.txt (Time: 0.10s)
✓ Generated graph n=10000, m=500000, seed=3817405844514670994, type=UNIFORM -> ./input/random_graphs/graph_10000_500000_UNIFORM_3817405844514670994.txt (Time: 0.10s)
✓ Generated graph n=10000, m=500000, seed=8446481348147407377, type=UNIFORM -> ./input/random_graphs/graph_10000_500000_UNIFORM_8446481348147407377.txt (Time: 0.10s)
✓ Generated graph n=10000, m=500000, seed=4997514996153925447, type=UNIFORM -> ./input/random_graphs/graph_10000_500000_UNIFORM_4997514996153925447.txt (Time: 0.10s)
✓ Generated graph n=10000, m=500000, seed=8718380604043999642, type=UNIFORM -> ./input/random_graphs/graph_10000_500000_UNIFORM_8718380604043999642.txt (Time: 0.11s)
✓ Generated graph n=10000, m=500000, seed=2909934787168262407, type=UNIFORM -> ./input/random_graphs/graph_10000_500000_UNIFORM_2909934787168262407.txt (Time: 0.10s)
✓ Generated graph n=10000, m=500000, seed=1170385908854608748, type=UNIFORM -> ./input/random_graphs/graph_10000_500000_UNIFORM_1170385908854608748.txt (Time: 0.10s)
✓ Generated graph n=10000, m=500000, seed=199422815561151340, type=UNIFORM -> ./input/random_graphs/graph_10000_500000_UNIFORM_199422815561151340.txt (Time: 0.10s)
✓ Generated graph n=10000, m=500000, seed=6022436717541034636, type=UNIFORM -> ./input/random_graphs/graph_10000_500000_UNIFORM_6022436717541034636.txt (Time: 0.10s)
✓ Generated graph n=10000, m=500000, seed=6529943913552561417, type=UNIFORM -> ./input/random_graphs/graph_10000_500000_UNIFORM_6529943913552561417.txt (Time: 0.11s)
✓ Generated graph n=10000, m=500000, seed=3713827327871807734, type=UNIFORM -> ./input/random_graphs/graph_10000_500000_UNIFORM_3713827327871807734.txt (Time: 0.10s)
✓ Generated graph n=10000, m=500000, seed=175493991617213850, type=UNIFORM -> ./input/random_graphs/graph_10000_500000_UNIFORM_175493991617213850.txt (Time: 0.10s)
✓ Generated graph n=10000, m=500000, seed=5108599054664628607, type=UNIFORM -> ./input/random_graphs/graph_10000_500000_UNIFORM_5108599054664628607.txt (Time: 0.10s)
✓ Generated graph n=10000, m=500000, seed=9130666990809746335, type=UNIFORM -> ./input/random_graphs/graph_10000_500000_UNIFORM_9130666990809746335.txt (Time: 0.10s)
✓ Generated graph n=10000, m=500000, seed=1458186392400727732, type=UNIFORM -> ./input/random_graphs/graph_10000_500000_UNIFORM_1458186392400727732.txt (Time: 0.10s)
✓ Generated graph n=10000, m=500000, seed=1392892770529522614, type=UNIFORM -> ./input/random_graphs/graph_10000_500000_UNIFORM_1392892770529522614.txt (Time: 0.10s)
✓ Generated graph n=10000, m=500000, seed=9060210648189963449, type=UNIFORM -> ./input/random_graphs/graph_10000_500000_UNIFORM_9060210648189963449.txt (Time: 0.10s)
✓ Generated graph n=10000, m=500000, seed=6764066939395682287, type=UNIFORM -> ./input/random_graphs/graph_10000_500000_UNIFORM_6764066939395682287.txt (Time: 0.11s)
✓ Generated graph n=10000, m=500000, seed=4250897495980125004, type=UNIFORM -> ./input/random_graphs/graph_10000_500000_UNIFORM_4250897495980125004.txt (Time: 0.10s)
✓ Generated graph n=10000, m=500000, seed=8794274795737982182, type=UNIFORM -> ./input/random_graphs/graph_10000_500000_UNIFORM_8794274795737982182.txt (Time: 0.10s)
✓ Generated graph n=10000, m=500000, seed=2089506265998900862, type=UNIFORM -> ./input/random_graphs/graph_10000_500000_UNIFORM_2089506265998900862.txt (Time: 0.11s)
✓ Generated graph n=10000, m=500000, seed=1332005502874566195, type=UNIFORM -> ./input/random_graphs/graph_10000_500000_UNIFORM_1332005502874566195.txt (Time: 0.09s)
✓ Generated graph n=10000, m=500000, seed=1722224698700348310, type=UNIFORM -> ./input/random_graphs/graph_10000_500000_UNIFORM_1722224698700348310.txt (Time: 0.08s)
✓ Generated graph n=10000, m=500000, seed=4060584409398689268, type=UNIFORM -> ./input/random_graphs/graph_10000_500000_UNIFORM_4060584409398689268.txt (Time: 0.10s)
✓ Generated graph n=10000, m=500000, seed=5497874167834979553, type=UNIFORM -> ./input/random_graphs/graph_10000_500000_UNIFORM_5497874167834979553.txt (Time: 0.11s)
✓ Generated graph n=10000, m=500000, seed=3221421291694197220, type=UNIFORM -> ./input/random_graphs/graph_10000_500000_UNIFORM_3221421291694197220.txt (Time: 0.09s)
✓ Generated graph n=10000, m=500000, seed=8626102704817790064, type=UNIFORM -> ./input/random_graphs/graph_10000_500000_UNIFORM_8626102704817790064.txt (Time: 0.10s)
✓ Generated graph n=10000, m=500000, seed=7905487461282246979, type=UNIFORM -> ./input/random_graphs/graph_10000_500000_UNIFORM_7905487461282246979.txt (Time: 0.10s)
✓ Generated graph n=10000, m=500000, seed=4795749165124911768, type=UNIFORM -> ./input/random_graphs/graph_10000_500000_UNIFORM_4795749165124911768.txt (Time: 0.10s)
✓ Generated graph n=10000, m=500000, seed=8448596294177070022, type=UNIFORM -> ./input/random_graphs/graph_10000_500000_UNIFORM_8448596294177070022.txt (Time: 0.10s)
✓ Generated graph n=10000, m=500000, seed=1992204328026194281, type=UNIFORM -> ./input/random_graphs/graph_10000_500000_UNIFORM_1992204328026194281.txt (Time: 0.10s)
✓ Generated graph n=10000, m=500000, seed=7118744415197196276, type=UNIFORM -> ./input/random_graphs/graph_10000_500000_UNIFORM_7118744415197196276.txt (Time: 0.10s)
✓ Generated graph n=10000, m=500000, seed=4934890601268679176, type=UNIFORM -> ./input/random_graphs/graph_10000_500000_UNIFORM_4934890601268679176.txt (Time: 0.11s)
✓ Generated graph n=10000, m=500000, seed=2718103348384927511, type=UNIFORM -> ./input/random_graphs/graph_10000_500000_UNIFORM_2718103348384927511.txt (Time: 0.10s)
✓ Generated graph n=10000, m=500000, seed=9059990922233379852, type=UNIFORM -> ./input/random_graphs/graph_10000_500000_UNIFORM_9059990922233379852.txt (Time: 0.10s)
✓ Generated graph n=10000, m=500000, seed=7449662661572224354, type=UNIFORM -> ./input/random_graphs/graph_10000_500000_UNIFORM_7449662661572224354.txt (Time: 0.11s)
✓ Generated graph n=10000, m=500000, seed=8867616339855336876, type=UNIFORM -> ./input/random_graphs/graph_10000_500000_UNIFORM_8867616339855336876.txt (Time: 0.10s)
✓ Generated graph n=10000, m=500000, seed=7983805977214098674, type=UNIFORM -> ./input/random_graphs/graph_10000_500000_UNIFORM_7983805977214098674.txt (Time: 0.10s)
✓ Generated graph n=10000, m=500000, seed=5894893360759659423, type=UNIFORM -> ./input/random_graphs/graph_10000_500000_UNIFORM_5894893360759659423.txt (Time: 0.11s)
✓ Generated graph n=10000, m=500000, seed=4940913311242578590, type=UNIFORM -> ./input/random_graphs/graph_10000_500000_UNIFORM_4940913311242578590.txt (Time: 0.10s)
✓ Generated graph n=10000, m=500000, seed=2264398621601381987, type=UNIFORM -> ./input/random_graphs/graph_10000_500000_UNIFORM_2264398621601381987.txt (Time: 0.10s)
✓ Generated graph n=10000, m=500000, seed=7632458674696225362, type=UNIFORM -> ./input/random_graphs/graph_10000_500000_UNIFORM_7632458674696225362.txt (Time: 0.10s)
✓ Generated graph n=10000, m=600000, seed=6230961512046992311, type=UNIFORM -> ./input/random_graphs/graph_10000_600000_UNIFORM_6230961512046992311.txt (Time: 0.12s)
✓ Generated graph n=10000, m=600000, seed=7871178979383552919, type=UNIFORM -> ./input/random_graphs/graph_10000_600000_UNIFORM_7871178979383552919.txt (Time: 0.12s)
✓ Generated graph n=10000, m=600000, seed=5739955973604961613, type=UNIFORM -> ./input/random_graphs/graph_10000_600000_UNIFORM_5739955973604961613.txt (Time: 0.12s)
✓ Generated graph n=10000, m=600000, seed=3881801951614183357, type=UNIFORM -> ./input/random_graphs/graph_10000_600000_UNIFORM_3881801951614183357.txt (Time: 0.13s)
✓ Generated graph n=10000, m=600000, seed=7032710160631691991, type=UNIFORM -> ./input/random_graphs/graph_10000_600000_UNIFORM_7032710160631691991.txt (Time: 0.13s)
✓ Generated graph n=10000, m=600000, seed=7599700178212337699, type=UNIFORM -> ./input/random_graphs/graph_10000_600000_UNIFORM_7599700178212337699.txt (Time: 0.13s)
✓ Generated graph n=10000, m=600000, seed=1353182403971399009, type=UNIFORM -> ./input/random_graphs/graph_10000_600000_UNIFORM_1353182403971399009.txt (Time: 0.12s)
✓ Generated graph n=10000, m=600000, seed=1070244953599069350, type=UNIFORM -> ./input/random_graphs/graph_10000_600000_UNIFORM_1070244953599069350.txt (Time: 0.13s)
✓ Generated graph n=10000, m=600000, seed=6522163754831416203, type=UNIFORM -> ./input/random_graphs/graph_10000_600000_UNIFORM_6522163754831416203.txt (Time: 0.12s)
✓ Generated graph n=10000, m=600000, seed=6938562734920028532, type=UNIFORM -> ./input/random_graphs/graph_10000_600000_UNIFORM_6938562734920028532.txt (Time: 0.12s)
✓ Generated graph n=10000, m=600000, seed=2429002973740178792, type=UNIFORM -> ./input/random_graphs/graph_10000_600000_UNIFORM_2429002973740178792.txt (Time: 0.12s)
✓ Generated graph n=10000, m=600000, seed=1250005700364523649, type=UNIFORM -> ./input/random_graphs/graph_10000_600000_UNIFORM_1250005700364523649.txt (Time: 0.12s)
✓ Generated graph n=10000, m=600000, seed=1309542850049879452, type=UNIFORM -> ./input/random_graphs/graph_10000_600000_UNIFORM_1309542850049879452.txt (Time: 0.12s)
✓ Generated graph n=10000, m=600000, seed=4040737767143389431, type=UNIFORM -> ./input/random_graphs/graph_10000_600000_UNIFORM_4040737767143389431.txt (Time: 0.13s)
✓ Generated graph n=10000, m=600000, seed=7146860528564146064, type=UNIFORM -> ./input/random_graphs/graph_10000_600000_UNIFORM_7146860528564146064.txt (Time: 0.12s)
✓ Generated graph n=10000, m=600000, seed=5906957480796939447, type=UNIFORM -> ./input/random_graphs/graph_10000_600000_UNIFORM_5906957480796939447.txt (Time: 0.12s)
✓ Generated graph n=10000, m=600000, seed=320375091487821987, type=UNIFORM -> ./input/random_graphs/graph_10000_600000_UNIFORM_320375091487821987.txt (Time: 0.12s)
✓ Generated graph n=10000, m=600000, seed=1250773459040295677, type=UNIFORM -> ./input/random_graphs/graph_10000_600000_UNIFORM_1250773459040295677.txt (Time: 0.12s)
✓ Generated graph n=10000, m=600000, seed=7663871783842725848, type=UNIFORM -> ./input/random_graphs/graph_10000_600000_UNIFORM_7663871783842725848.txt (Time: 0.13s)
✓ Generated graph n=10000, m=600000, seed=3438400432146115956, type=UNIFORM -> ./input/random_graphs/graph_10000_600000_UNIFORM_3438400432146115956.txt (Time: 0.12s)
✓ Generated graph n=10000, m=600000, seed=7473196763798409428, type=UNIFORM -> ./input/random_graphs/graph_10000_600000_UNIFORM_7473196763798409428.txt (Time: 0.12s)
✓ Generated graph n=10000, m=600000, seed=5139481885857321791, type=UNIFORM -> ./input/random_graphs/graph_10000_600000_UNIFORM_5139481885857321791.txt (Time: 0.12s)
✓ Generated graph n=10000, m=600000, seed=5142811650494845597, type=UNIFORM -> ./input/random_graphs/graph_10000_600000_UNIFORM_5142811650494845597.txt (Time: 0.12s)
✓ Generated graph n=10000, m=600000, seed=6002685213311538187, type=UNIFORM -> ./input/random_graphs/graph_10000_600000_UNIFORM_6002685213311538187.txt (Time: 0.12s)
✓ Generated graph n=10000, m=600000, seed=3010622984418968408, type=UNIFORM -> ./input/random_graphs/graph_10000_600000_UNIFORM_3010622984418968408.txt (Time: 0.12s)
✓ Generated graph n=10000, m=600000, seed=5708372698381010775, type=UNIFORM -> ./input/random_graphs/graph_10000_600000_UNIFORM_5708372698381010775.txt (Time: 0.12s)
✓ Generated graph n=10000, m=600000, seed=521787134863155063, type=UNIFORM -> ./input/random_graphs/graph_10000_600000_UNIFORM_521787134863155063.txt (Time: 0.12s)
✓ Generated graph n=10000, m=600000, seed=1731523882129807996, type=UNIFORM -> ./input/random_graphs/graph_10000_600000_UNIFORM_1731523882129807996.txt (Time: 0.12s)
✓ Generated graph n=10000, m=600000, seed=1853590723603270879, type=UNIFORM -> ./input/random_graphs/graph_10000_600000_UNIFORM_1853590723603270879.txt (Time: 0.12s)
✓ Generated graph n=10000, m=600000, seed=5529616217668449934, type=UNIFORM -> ./input/random_graphs/graph_10000_600000_UNIFORM_5529616217668449934.txt (Time: 0.11s)
✓ Generated graph n=10000, m=600000, seed=7029781962072644698, type=UNIFORM -> ./input/random_graphs/graph_10000_600000_UNIFORM_7029781962072644698.txt (Time: 0.13s)
✓ Generated graph n=10000, m=600000, seed=8031431416522537101, type=UNIFORM -> ./input/random_graphs/graph_10000_600000_UNIFORM_8031431416522537101.txt (Time: 0.08s)
✓ Generated graph n=10000, m=600000, seed=6785030173969523435, type=UNIFORM -> ./input/random_graphs/graph_10000_600000_UNIFORM_6785030173969523435.txt (Time: 0.13s)
✓ Generated graph n=10000, m=600000, seed=1024517563182776983, type=UNIFORM -> ./input/random_graphs/graph_10000_600000_UNIFORM_1024517563182776983.txt (Time: 0.12s)
✓ Generated graph n=10000, m=600000, seed=3224265581699847191, type=UNIFORM -> ./input/random_graphs/graph_10000_600000_UNIFORM_3224265581699847191.txt (Time: 0.12s)
✓ Generated graph n=10000, m=600000, seed=5258051056098597521, type=UNIFORM -> ./input/random_graphs/graph_10000_600000_UNIFORM_5258051056098597521.txt (Time: 0.12s)
✓ Generated graph n=10000, m=600000, seed=7706236040662210848, type=UNIFORM -> ./input/random_graphs/graph_10000_600000_UNIFORM_7706236040662210848.txt (Time: 0.12s)
✓ Generated graph n=10000, m=600000, seed=1647170069535670909, type=UNIFORM -> ./input/random_graphs/graph_10000_600000_UNIFORM_1647170069535670909.txt (Time: 0.12s)
✓ Generated graph n=10000, m=600000, seed=824387247617288499, type=UNIFORM -> ./input/random_graphs/graph_10000_600000_UNIFORM_824387247617288499.txt (Time: 0.12s)
✓ Generated graph n=10000, m=600000, seed=4122784633514911760, type=UNIFORM -> ./input/random_graphs/graph_10000_600000_UNIFORM_4122784633514911760.txt (Time: 0.12s)
✓ Generated graph n=10000, m=600000, seed=6802378520969450157, type=UNIFORM -> ./input/random_graphs/graph_10000_600000_UNIFORM_6802378520969450157.txt (Time: 0.12s)
✓ Generated graph n=10000, m=600000, seed=7161906730445628483, type=UNIFORM -> ./input/random_graphs/graph_10000_600000_UNIFORM_7161906730445628483.txt (Time: 0.12s)
✓ Generated graph n=10000, m=600000, seed=4552998297316576788, type=UNIFORM -> ./input/random_graphs/graph_10000_600000_UNIFORM_4552998297316576788.txt (Time: 0.12s)
✓ Generated graph n=10000, m=600000, seed=1632192924771168275, type=UNIFORM -> ./input/random_graphs/graph_10000_600000_UNIFORM_1632192924771168275.txt (Time: 0.13s)
✓ Generated graph n=10000, m=600000, seed=6143643868734370809, type=UNIFORM -> ./input/random_graphs/graph_10000_600000_UNIFORM_6143643868734370809.txt (Time: 0.12s)
✓ Generated graph n=10000, m=600000, seed=3272308573967577038, type=UNIFORM -> ./input/random_graphs/graph_10000_600000_UNIFORM_3272308573967577038.txt (Time: 0.12s)
✓ Generated graph n=10000, m=600000, seed=5636411189175451024, type=UNIFORM -> ./input/random_graphs/graph_10000_600000_UNIFORM_5636411189175451024.txt (Time: 0.13s)
✓ Generated graph n=10000, m=600000, seed=5349491008325879064, type=UNIFORM -> ./input/random_graphs/graph_10000_600000_UNIFORM_5349491008325879064.txt (Time: 0.12s)
✓ Generated graph n=10000, m=600000, seed=7938560551762094560, type=UNIFORM -> ./input/random_graphs/graph_10000_600000_UNIFORM_7938560551762094560.txt (Time: 0.12s)
✓ Generated graph n=10000, m=600000, seed=6614505080519948832, type=UNIFORM -> ./input/random_graphs/graph_10000_600000_UNIFORM_6614505080519948832.txt (Time: 0.13s)
✓ Generated graph n=10000, m=600000, seed=7917045922527545890, type=UNIFORM -> ./input/random_graphs/graph_10000_600000_UNIFORM_7917045922527545890.txt (Time: 0.12s)
✓ Generated graph n=10000, m=600000, seed=4445925461710302877, type=UNIFORM -> ./input/random_graphs/graph_10000_600000_UNIFORM_4445925461710302877.txt (Time: 0.12s)
✓ Generated graph n=10000, m=600000, seed=3865339568260874865, type=UNIFORM -> ./input/random_graphs/graph_10000_600000_UNIFORM_3865339568260874865.txt (Time: 0.12s)
✓ Generated graph n=10000, m=600000, seed=716820155901718944, type=UNIFORM -> ./input/random_graphs/graph_10000_600000_UNIFORM_716820155901718944.txt (Time: 0.10s)
✓ Generated graph n=10000, m=600000, seed=6224222471595207695, type=UNIFORM -> ./input/random_graphs/graph_10000_600000_UNIFORM_6224222471595207695.txt (Time: 0.12s)
✓ Generated graph n=10000, m=600000, seed=7921282862123281598, type=UNIFORM -> ./input/random_graphs/graph_10000_600000_UNIFORM_7921282862123281598.txt (Time: 0.12s)
✓ Generated graph n=10000, m=600000, seed=1128313391724783137, type=UNIFORM -> ./input/random_graphs/graph_10000_600000_UNIFORM_1128313391724783137.txt (Time: 0.12s)
✓ Generated graph n=10000, m=600000, seed=8718380604043999642, type=UNIFORM -> ./input/random_graphs/graph_10000_600000_UNIFORM_8718380604043999642.txt (Time: 0.13s)
✓ Generated graph n=10000, m=600000, seed=5063475852268941542, type=UNIFORM -> ./input/random_graphs/graph_10000_600000_UNIFORM_5063475852268941542.txt (Time: 0.12s)
✓ Generated graph n=10000, m=600000, seed=4997514996153925447, type=UNIFORM -> ./input/random_graphs/graph_10000_600000_UNIFORM_4997514996153925447.txt (Time: 0.12s)
✓ Generated graph n=10000, m=600000, seed=175493991617213850, type=UNIFORM -> ./input/random_graphs/graph_10000_600000_UNIFORM_175493991617213850.txt (Time: 0.10s)
✓ Generated graph n=10000, m=600000, seed=3817405844514670994, type=UNIFORM -> ./input/random_graphs/graph_10000_600000_UNIFORM_3817405844514670994.txt (Time: 0.12s)
✓ Generated graph n=10000, m=600000, seed=8446481348147407377, type=UNIFORM -> ./input/random_graphs/graph_10000_600000_UNIFORM_8446481348147407377.txt (Time: 0.12s)
✓ Generated graph n=10000, m=600000, seed=6529943913552561417, type=UNIFORM -> ./input/random_graphs/graph_10000_600000_UNIFORM_6529943913552561417.txt (Time: 0.12s)
✓ Generated graph n=10000, m=600000, seed=2909934787168262407, type=UNIFORM -> ./input/random_graphs/graph_10000_600000_UNIFORM_2909934787168262407.txt (Time: 0.12s)
✓ Generated graph n=10000, m=600000, seed=1170385908854608748, type=UNIFORM -> ./input/random_graphs/graph_10000_600000_UNIFORM_1170385908854608748.txt (Time: 0.12s)
✓ Generated graph n=10000, m=600000, seed=6022436717541034636, type=UNIFORM -> ./input/random_graphs/graph_10000_600000_UNIFORM_6022436717541034636.txt (Time: 0.12s)
✓ Generated graph n=10000, m=600000, seed=199422815561151340, type=UNIFORM -> ./input/random_graphs/graph_10000_600000_UNIFORM_199422815561151340.txt (Time: 0.12s)
✓ Generated graph n=10000, m=600000, seed=3713827327871807734, type=UNIFORM -> ./input/random_graphs/graph_10000_600000_UNIFORM_3713827327871807734.txt (Time: 0.12s)
✓ Generated graph n=10000, m=600000, seed=5108599054664628607, type=UNIFORM -> ./input/random_graphs/graph_10000_600000_UNIFORM_5108599054664628607.txt (Time: 0.12s)
✓ Generated graph n=10000, m=600000, seed=6764066939395682287, type=UNIFORM -> ./input/random_graphs/graph_10000_600000_UNIFORM_6764066939395682287.txt (Time: 0.12s)
✓ Generated graph n=10000, m=600000, seed=9130666990809746335, type=UNIFORM -> ./input/random_graphs/graph_10000_600000_UNIFORM_9130666990809746335.txt (Time: 0.12s)
✓ Generated graph n=10000, m=600000, seed=1458186392400727732, type=UNIFORM -> ./input/random_graphs/graph_10000_600000_UNIFORM_1458186392400727732.txt (Time: 0.12s)
✓ Generated graph n=10000, m=600000, seed=7644420139408884785, type=UNIFORM -> ./input/random_graphs/graph_10000_600000_UNIFORM_7644420139408884785.txt (Time: 0.13s)
✓ Generated graph n=10000, m=600000, seed=1392892770529522614, type=UNIFORM -> ./input/random_graphs/graph_10000_600000_UNIFORM_1392892770529522614.txt (Time: 0.12s)
✓ Generated graph n=10000, m=600000, seed=9060210648189963449, type=UNIFORM -> ./input/random_graphs/graph_10000_600000_UNIFORM_9060210648189963449.txt (Time: 0.12s)
✓ Generated graph n=10000, m=600000, seed=4250897495980125004, type=UNIFORM -> ./input/random_graphs/graph_10000_600000_UNIFORM_4250897495980125004.txt (Time: 0.12s)
✓ Generated graph n=10000, m=600000, seed=8794274795737982182, type=UNIFORM -> ./input/random_graphs/graph_10000_600000_UNIFORM_8794274795737982182.txt (Time: 0.12s)
✓ Generated graph n=10000, m=600000, seed=2089506265998900862, type=UNIFORM -> ./input/random_graphs/graph_10000_600000_UNIFORM_2089506265998900862.txt (Time: 0.13s)
✓ Generated graph n=10000, m=600000, seed=5497874167834979553, type=UNIFORM -> ./input/random_graphs/graph_10000_600000_UNIFORM_5497874167834979553.txt (Time: 0.12s)
✓ Generated graph n=10000, m=600000, seed=4060584409398689268, type=UNIFORM -> ./input/random_graphs/graph_10000_600000_UNIFORM_4060584409398689268.txt (Time: 0.12s)
✓ Generated graph n=10000, m=600000, seed=1332005502874566195, type=UNIFORM -> ./input/random_graphs/graph_10000_600000_UNIFORM_1332005502874566195.txt (Time: 0.12s)
✓ Generated graph n=10000, m=600000, seed=1722224698700348310, type=UNIFORM -> ./input/random_graphs/graph_10000_600000_UNIFORM_1722224698700348310.txt (Time: 0.13s)
✓ Generated graph n=10000, m=600000, seed=8626102704817790064, type=UNIFORM -> ./input/random_graphs/graph_10000_600000_UNIFORM_8626102704817790064.txt (Time: 0.12s)
✓ Generated graph n=10000, m=600000, seed=9059990922233379852, type=UNIFORM -> ./input/random_graphs/graph_10000_600000_UNIFORM_9059990922233379852.txt (Time: 0.11s)
✓ Generated graph n=10000, m=600000, seed=1992204328026194281, type=UNIFORM -> ./input/random_graphs/graph_10000_600000_UNIFORM_1992204328026194281.txt (Time: 0.12s)
✓ Generated graph n=10000, m=600000, seed=8448596294177070022, type=UNIFORM -> ./input/random_graphs/graph_10000_600000_UNIFORM_8448596294177070022.txt (Time: 0.12s)
✓ Generated graph n=10000, m=600000, seed=7118744415197196276, type=UNIFORM -> ./input/random_graphs/graph_10000_600000_UNIFORM_7118744415197196276.txt (Time: 0.12s)
✓ Generated graph n=10000, m=600000, seed=4795749165124911768, type=UNIFORM -> ./input/random_graphs/graph_10000_600000_UNIFORM_4795749165124911768.txt (Time: 0.12s)
✓ Generated graph n=10000, m=600000, seed=4934890601268679176, type=UNIFORM -> ./input/random_graphs/graph_10000_600000_UNIFORM_4934890601268679176.txt (Time: 0.12s)
✓ Generated graph n=10000, m=600000, seed=7905487461282246979, type=UNIFORM -> ./input/random_graphs/graph_10000_600000_UNIFORM_7905487461282246979.txt (Time: 0.13s)
✓ Generated graph n=10000, m=600000, seed=2718103348384927511, type=UNIFORM -> ./input/random_graphs/graph_10000_600000_UNIFORM_2718103348384927511.txt (Time: 0.12s)
✓ Generated graph n=10000, m=600000, seed=7449662661572224354, type=UNIFORM -> ./input/random_graphs/graph_10000_600000_UNIFORM_7449662661572224354.txt (Time: 0.12s)
✓ Generated graph n=10000, m=600000, seed=3221421291694197220, type=UNIFORM -> ./input/random_graphs/graph_10000_600000_UNIFORM_3221421291694197220.txt (Time: 0.12s)
✓ Generated graph n=10000, m=600000, seed=5894893360759659423, type=UNIFORM -> ./input/random_graphs/graph_10000_600000_UNIFORM_5894893360759659423.txt (Time: 0.12s)
✓ Generated graph n=10000, m=600000, seed=8867616339855336876, type=UNIFORM -> ./input/random_graphs/graph_10000_600000_UNIFORM_8867616339855336876.txt (Time: 0.12s)
✓ Generated graph n=10000, m=600000, seed=7983805977214098674, type=UNIFORM -> ./input/random_graphs/graph_10000_600000_UNIFORM_7983805977214098674.txt (Time: 0.12s)
✓ Generated graph n=10000, m=600000, seed=4940913311242578590, type=UNIFORM -> ./input/random_graphs/graph_10000_600000_UNIFORM_4940913311242578590.txt (Time: 0.12s)
✓ Generated graph n=10000, m=600000, seed=2264398621601381987, type=UNIFORM -> ./input/random_graphs/graph_10000_600000_UNIFORM_2264398621601381987.txt (Time: 0.12s)
✓ Generated graph n=10000, m=600000, seed=7632458674696225362, type=UNIFORM -> ./input/random_graphs/graph_10000_600000_UNIFORM_7632458674696225362.txt (Time: 0.13s)
✓ Generated graph n=10000, m=700000, seed=6230961512046992311, type=UNIFORM -> ./input/random_graphs/graph_10000_700000_UNIFORM_6230961512046992311.txt (Time: 0.14s)
✓ Generated graph n=10000, m=700000, seed=7871178979383552919, type=UNIFORM -> ./input/random_graphs/graph_10000_700000_UNIFORM_7871178979383552919.txt (Time: 0.14s)
✓ Generated graph n=10000, m=700000, seed=5739955973604961613, type=UNIFORM -> ./input/random_graphs/graph_10000_700000_UNIFORM_5739955973604961613.txt (Time: 0.14s)
✓ Generated graph n=10000, m=700000, seed=3881801951614183357, type=UNIFORM -> ./input/random_graphs/graph_10000_700000_UNIFORM_3881801951614183357.txt (Time: 0.14s)
✓ Generated graph n=10000, m=700000, seed=7032710160631691991, type=UNIFORM -> ./input/random_graphs/graph_10000_700000_UNIFORM_7032710160631691991.txt (Time: 0.14s)
✓ Generated graph n=10000, m=700000, seed=7599700178212337699, type=UNIFORM -> ./input/random_graphs/graph_10000_700000_UNIFORM_7599700178212337699.txt (Time: 0.15s)
✓ Generated graph n=10000, m=700000, seed=1353182403971399009, type=UNIFORM -> ./input/random_graphs/graph_10000_700000_UNIFORM_1353182403971399009.txt (Time: 0.14s)
✓ Generated graph n=10000, m=700000, seed=6522163754831416203, type=UNIFORM -> ./input/random_graphs/graph_10000_700000_UNIFORM_6522163754831416203.txt (Time: 0.14s)
✓ Generated graph n=10000, m=700000, seed=4040737767143389431, type=UNIFORM -> ./input/random_graphs/graph_10000_700000_UNIFORM_4040737767143389431.txt (Time: 0.14s)
✓ Generated graph n=10000, m=700000, seed=1070244953599069350, type=UNIFORM -> ./input/random_graphs/graph_10000_700000_UNIFORM_1070244953599069350.txt (Time: 0.15s)
✓ Generated graph n=10000, m=700000, seed=6938562734920028532, type=UNIFORM -> ./input/random_graphs/graph_10000_700000_UNIFORM_6938562734920028532.txt (Time: 0.14s)
✓ Generated graph n=10000, m=700000, seed=7663871783842725848, type=UNIFORM -> ./input/random_graphs/graph_10000_700000_UNIFORM_7663871783842725848.txt (Time: 0.14s)
✓ Generated graph n=10000, m=700000, seed=5906957480796939447, type=UNIFORM -> ./input/random_graphs/graph_10000_700000_UNIFORM_5906957480796939447.txt (Time: 0.14s)
✓ Generated graph n=10000, m=700000, seed=1309542850049879452, type=UNIFORM -> ./input/random_graphs/graph_10000_700000_UNIFORM_1309542850049879452.txt (Time: 0.14s)
✓ Generated graph n=10000, m=700000, seed=1250005700364523649, type=UNIFORM -> ./input/random_graphs/graph_10000_700000_UNIFORM_1250005700364523649.txt (Time: 0.14s)
✓ Generated graph n=10000, m=700000, seed=1250773459040295677, type=UNIFORM -> ./input/random_graphs/graph_10000_700000_UNIFORM_1250773459040295677.txt (Time: 0.14s)
✓ Generated graph n=10000, m=700000, seed=2429002973740178792, type=UNIFORM -> ./input/random_graphs/graph_10000_700000_UNIFORM_2429002973740178792.txt (Time: 0.15s)
✓ Generated graph n=10000, m=700000, seed=320375091487821987, type=UNIFORM -> ./input/random_graphs/graph_10000_700000_UNIFORM_320375091487821987.txt (Time: 0.15s)
✓ Generated graph n=10000, m=700000, seed=7146860528564146064, type=UNIFORM -> ./input/random_graphs/graph_10000_700000_UNIFORM_7146860528564146064.txt (Time: 0.15s)
✓ Generated graph n=10000, m=700000, seed=3438400432146115956, type=UNIFORM -> ./input/random_graphs/graph_10000_700000_UNIFORM_3438400432146115956.txt (Time: 0.14s)
✓ Generated graph n=10000, m=700000, seed=7473196763798409428, type=UNIFORM -> ./input/random_graphs/graph_10000_700000_UNIFORM_7473196763798409428.txt (Time: 0.14s)
✓ Generated graph n=10000, m=700000, seed=5139481885857321791, type=UNIFORM -> ./input/random_graphs/graph_10000_700000_UNIFORM_5139481885857321791.txt (Time: 0.14s)
✓ Generated graph n=10000, m=700000, seed=3010622984418968408, type=UNIFORM -> ./input/random_graphs/graph_10000_700000_UNIFORM_3010622984418968408.txt (Time: 0.14s)
✓ Generated graph n=10000, m=700000, seed=5142811650494845597, type=UNIFORM -> ./input/random_graphs/graph_10000_700000_UNIFORM_5142811650494845597.txt (Time: 0.15s)
✓ Generated graph n=10000, m=700000, seed=6002685213311538187, type=UNIFORM -> ./input/random_graphs/graph_10000_700000_UNIFORM_6002685213311538187.txt (Time: 0.15s)
✓ Generated graph n=10000, m=700000, seed=5708372698381010775, type=UNIFORM -> ./input/random_graphs/graph_10000_700000_UNIFORM_5708372698381010775.txt (Time: 0.14s)
✓ Generated graph n=10000, m=700000, seed=521787134863155063, type=UNIFORM -> ./input/random_graphs/graph_10000_700000_UNIFORM_521787134863155063.txt (Time: 0.14s)
✓ Generated graph n=10000, m=700000, seed=1731523882129807996, type=UNIFORM -> ./input/random_graphs/graph_10000_700000_UNIFORM_1731523882129807996.txt (Time: 0.14s)
✓ Generated graph n=10000, m=700000, seed=4552998297316576788, type=UNIFORM -> ./input/random_graphs/graph_10000_700000_UNIFORM_4552998297316576788.txt (Time: 0.09s)
✓ Generated graph n=10000, m=700000, seed=1853590723603270879, type=UNIFORM -> ./input/random_graphs/graph_10000_700000_UNIFORM_1853590723603270879.txt (Time: 0.14s)
✓ Generated graph n=10000, m=700000, seed=7029781962072644698, type=UNIFORM -> ./input/random_graphs/graph_10000_700000_UNIFORM_7029781962072644698.txt (Time: 0.14s)
✓ Generated graph n=10000, m=700000, seed=6785030173969523435, type=UNIFORM -> ./input/random_graphs/graph_10000_700000_UNIFORM_6785030173969523435.txt (Time: 0.14s)
✓ Generated graph n=10000, m=700000, seed=5529616217668449934, type=UNIFORM -> ./input/random_graphs/graph_10000_700000_UNIFORM_5529616217668449934.txt (Time: 0.14s)
✓ Generated graph n=10000, m=700000, seed=1024517563182776983, type=UNIFORM -> ./input/random_graphs/graph_10000_700000_UNIFORM_1024517563182776983.txt (Time: 0.14s)
✓ Generated graph n=10000, m=700000, seed=1647170069535670909, type=UNIFORM -> ./input/random_graphs/graph_10000_700000_UNIFORM_1647170069535670909.txt (Time: 0.14s)
✓ Generated graph n=10000, m=700000, seed=3224265581699847191, type=UNIFORM -> ./input/random_graphs/graph_10000_700000_UNIFORM_3224265581699847191.txt (Time: 0.14s)
✓ Generated graph n=10000, m=700000, seed=7706236040662210848, type=UNIFORM -> ./input/random_graphs/graph_10000_700000_UNIFORM_7706236040662210848.txt (Time: 0.14s)
✓ Generated graph n=10000, m=700000, seed=824387247617288499, type=UNIFORM -> ./input/random_graphs/graph_10000_700000_UNIFORM_824387247617288499.txt (Time: 0.14s)
✓ Generated graph n=10000, m=700000, seed=5258051056098597521, type=UNIFORM -> ./input/random_graphs/graph_10000_700000_UNIFORM_5258051056098597521.txt (Time: 0.15s)
✓ Generated graph n=10000, m=700000, seed=4122784633514911760, type=UNIFORM -> ./input/random_graphs/graph_10000_700000_UNIFORM_4122784633514911760.txt (Time: 0.14s)
✓ Generated graph n=10000, m=700000, seed=1632192924771168275, type=UNIFORM -> ./input/random_graphs/graph_10000_700000_UNIFORM_1632192924771168275.txt (Time: 0.14s)
✓ Generated graph n=10000, m=700000, seed=7161906730445628483, type=UNIFORM -> ./input/random_graphs/graph_10000_700000_UNIFORM_7161906730445628483.txt (Time: 0.14s)
✓ Generated graph n=10000, m=700000, seed=8031431416522537101, type=UNIFORM -> ./input/random_graphs/graph_10000_700000_UNIFORM_8031431416522537101.txt (Time: 0.14s)
✓ Generated graph n=10000, m=700000, seed=6802378520969450157, type=UNIFORM -> ./input/random_graphs/graph_10000_700000_UNIFORM_6802378520969450157.txt (Time: 0.15s)
✓ Generated graph n=10000, m=700000, seed=3272308573967577038, type=UNIFORM -> ./input/random_graphs/graph_10000_700000_UNIFORM_3272308573967577038.txt (Time: 0.14s)
✓ Generated graph n=10000, m=700000, seed=5636411189175451024, type=UNIFORM -> ./input/random_graphs/graph_10000_700000_UNIFORM_5636411189175451024.txt (Time: 0.14s)
✓ Generated graph n=10000, m=700000, seed=6143643868734370809, type=UNIFORM -> ./input/random_graphs/graph_10000_700000_UNIFORM_6143643868734370809.txt (Time: 0.15s)
✓ Generated graph n=10000, m=700000, seed=5349491008325879064, type=UNIFORM -> ./input/random_graphs/graph_10000_700000_UNIFORM_5349491008325879064.txt (Time: 0.14s)
✓ Generated graph n=10000, m=700000, seed=6614505080519948832, type=UNIFORM -> ./input/random_graphs/graph_10000_700000_UNIFORM_6614505080519948832.txt (Time: 0.14s)
✓ Generated graph n=10000, m=700000, seed=6224222471595207695, type=UNIFORM -> ./input/random_graphs/graph_10000_700000_UNIFORM_6224222471595207695.txt (Time: 0.09s)
✓ Generated graph n=10000, m=700000, seed=7938560551762094560, type=UNIFORM -> ./input/random_graphs/graph_10000_700000_UNIFORM_7938560551762094560.txt (Time: 0.15s)
✓ Generated graph n=10000, m=700000, seed=7917045922527545890, type=UNIFORM -> ./input/random_graphs/graph_10000_700000_UNIFORM_7917045922527545890.txt (Time: 0.14s)
✓ Generated graph n=10000, m=700000, seed=4445925461710302877, type=UNIFORM -> ./input/random_graphs/graph_10000_700000_UNIFORM_4445925461710302877.txt (Time: 0.14s)
✓ Generated graph n=10000, m=700000, seed=3865339568260874865, type=UNIFORM -> ./input/random_graphs/graph_10000_700000_UNIFORM_3865339568260874865.txt (Time: 0.15s)
✓ Generated graph n=10000, m=700000, seed=7921282862123281598, type=UNIFORM -> ./input/random_graphs/graph_10000_700000_UNIFORM_7921282862123281598.txt (Time: 0.14s)
✓ Generated graph n=10000, m=700000, seed=1128313391724783137, type=UNIFORM -> ./input/random_graphs/graph_10000_700000_UNIFORM_1128313391724783137.txt (Time: 0.14s)
✓ Generated graph n=10000, m=700000, seed=716820155901718944, type=UNIFORM -> ./input/random_graphs/graph_10000_700000_UNIFORM_716820155901718944.txt (Time: 0.14s)
✓ Generated graph n=10000, m=700000, seed=8718380604043999642, type=UNIFORM -> ./input/random_graphs/graph_10000_700000_UNIFORM_8718380604043999642.txt (Time: 0.14s)
✓ Generated graph n=10000, m=700000, seed=4997514996153925447, type=UNIFORM -> ./input/random_graphs/graph_10000_700000_UNIFORM_4997514996153925447.txt (Time: 0.14s)
✓ Generated graph n=10000, m=700000, seed=8446481348147407377, type=UNIFORM -> ./input/random_graphs/graph_10000_700000_UNIFORM_8446481348147407377.txt (Time: 0.14s)
✓ Generated graph n=10000, m=700000, seed=5063475852268941542, type=UNIFORM -> ./input/random_graphs/graph_10000_700000_UNIFORM_5063475852268941542.txt (Time: 0.14s)
✓ Generated graph n=10000, m=700000, seed=6529943913552561417, type=UNIFORM -> ./input/random_graphs/graph_10000_700000_UNIFORM_6529943913552561417.txt (Time: 0.14s)
✓ Generated graph n=10000, m=700000, seed=3817405844514670994, type=UNIFORM -> ./input/random_graphs/graph_10000_700000_UNIFORM_3817405844514670994.txt (Time: 0.14s)
✓ Generated graph n=10000, m=700000, seed=6022436717541034636, type=UNIFORM -> ./input/random_graphs/graph_10000_700000_UNIFORM_6022436717541034636.txt (Time: 0.13s)
✓ Generated graph n=10000, m=700000, seed=1170385908854608748, type=UNIFORM -> ./input/random_graphs/graph_10000_700000_UNIFORM_1170385908854608748.txt (Time: 0.14s)
✓ Generated graph n=10000, m=700000, seed=2909934787168262407, type=UNIFORM -> ./input/random_graphs/graph_10000_700000_UNIFORM_2909934787168262407.txt (Time: 0.15s)
✓ Generated graph n=10000, m=700000, seed=3713827327871807734, type=UNIFORM -> ./input/random_graphs/graph_10000_700000_UNIFORM_3713827327871807734.txt (Time: 0.14s)
✓ Generated graph n=10000, m=700000, seed=175493991617213850, type=UNIFORM -> ./input/random_graphs/graph_10000_700000_UNIFORM_175493991617213850.txt (Time: 0.14s)
✓ Generated graph n=10000, m=700000, seed=5108599054664628607, type=UNIFORM -> ./input/random_graphs/graph_10000_700000_UNIFORM_5108599054664628607.txt (Time: 0.14s)
✓ Generated graph n=10000, m=700000, seed=199422815561151340, type=UNIFORM -> ./input/random_graphs/graph_10000_700000_UNIFORM_199422815561151340.txt (Time: 0.15s)
✓ Generated graph n=10000, m=700000, seed=6764066939395682287, type=UNIFORM -> ./input/random_graphs/graph_10000_700000_UNIFORM_6764066939395682287.txt (Time: 0.14s)
✓ Generated graph n=10000, m=700000, seed=9130666990809746335, type=UNIFORM -> ./input/random_graphs/graph_10000_700000_UNIFORM_9130666990809746335.txt (Time: 0.14s)
✓ Generated graph n=10000, m=700000, seed=1392892770529522614, type=UNIFORM -> ./input/random_graphs/graph_10000_700000_UNIFORM_1392892770529522614.txt (Time: 0.13s)
✓ Generated graph n=10000, m=700000, seed=1458186392400727732, type=UNIFORM -> ./input/random_graphs/graph_10000_700000_UNIFORM_1458186392400727732.txt (Time: 0.14s)
✓ Generated graph n=10000, m=700000, seed=7644420139408884785, type=UNIFORM -> ./input/random_graphs/graph_10000_700000_UNIFORM_7644420139408884785.txt (Time: 0.15s)
✓ Generated graph n=10000, m=700000, seed=9060210648189963449, type=UNIFORM -> ./input/random_graphs/graph_10000_700000_UNIFORM_9060210648189963449.txt (Time: 0.14s)
✓ Generated graph n=10000, m=700000, seed=8794274795737982182, type=UNIFORM -> ./input/random_graphs/graph_10000_700000_UNIFORM_8794274795737982182.txt (Time: 0.14s)
✓ Generated graph n=10000, m=700000, seed=4250897495980125004, type=UNIFORM -> ./input/random_graphs/graph_10000_700000_UNIFORM_4250897495980125004.txt (Time: 0.15s)
✓ Generated graph n=10000, m=700000, seed=2089506265998900862, type=UNIFORM -> ./input/random_graphs/graph_10000_700000_UNIFORM_2089506265998900862.txt (Time: 0.14s)
✓ Generated graph n=10000, m=700000, seed=5497874167834979553, type=UNIFORM -> ./input/random_graphs/graph_10000_700000_UNIFORM_5497874167834979553.txt (Time: 0.14s)
✓ Generated graph n=10000, m=700000, seed=4060584409398689268, type=UNIFORM -> ./input/random_graphs/graph_10000_700000_UNIFORM_4060584409398689268.txt (Time: 0.15s)
✓ Generated graph n=10000, m=700000, seed=1722224698700348310, type=UNIFORM -> ./input/random_graphs/graph_10000_700000_UNIFORM_1722224698700348310.txt (Time: 0.14s)
✓ Generated graph n=10000, m=700000, seed=7905487461282246979, type=UNIFORM -> ./input/random_graphs/graph_10000_700000_UNIFORM_7905487461282246979.txt (Time: 0.14s)
✓ Generated graph n=10000, m=700000, seed=8626102704817790064, type=UNIFORM -> ./input/random_graphs/graph_10000_700000_UNIFORM_8626102704817790064.txt (Time: 0.14s)
✓ Generated graph n=10000, m=700000, seed=4934890601268679176, type=UNIFORM -> ./input/random_graphs/graph_10000_700000_UNIFORM_4934890601268679176.txt (Time: 0.14s)
✓ Generated graph n=10000, m=700000, seed=4795749165124911768, type=UNIFORM -> ./input/random_graphs/graph_10000_700000_UNIFORM_4795749165124911768.txt (Time: 0.14s)
✓ Generated graph n=10000, m=700000, seed=1332005502874566195, type=UNIFORM -> ./input/random_graphs/graph_10000_700000_UNIFORM_1332005502874566195.txt (Time: 0.16s)
✓ Generated graph n=10000, m=700000, seed=8448596294177070022, type=UNIFORM -> ./input/random_graphs/graph_10000_700000_UNIFORM_8448596294177070022.txt (Time: 0.15s)
✓ Generated graph n=10000, m=700000, seed=7118744415197196276, type=UNIFORM -> ./input/random_graphs/graph_10000_700000_UNIFORM_7118744415197196276.txt (Time: 0.14s)
✓ Generated graph n=10000, m=700000, seed=1992204328026194281, type=UNIFORM -> ./input/random_graphs/graph_10000_700000_UNIFORM_1992204328026194281.txt (Time: 0.14s)
✓ Generated graph n=10000, m=700000, seed=9059990922233379852, type=UNIFORM -> ./input/random_graphs/graph_10000_700000_UNIFORM_9059990922233379852.txt (Time: 0.14s)
✓ Generated graph n=10000, m=700000, seed=3221421291694197220, type=UNIFORM -> ./input/random_graphs/graph_10000_700000_UNIFORM_3221421291694197220.txt (Time: 0.14s)
✓ Generated graph n=10000, m=700000, seed=2718103348384927511, type=UNIFORM -> ./input/random_graphs/graph_10000_700000_UNIFORM_2718103348384927511.txt (Time: 0.15s)
✓ Generated graph n=10000, m=700000, seed=7449662661572224354, type=UNIFORM -> ./input/random_graphs/graph_10000_700000_UNIFORM_7449662661572224354.txt (Time: 0.14s)
✓ Generated graph n=10000, m=700000, seed=8867616339855336876, type=UNIFORM -> ./input/random_graphs/graph_10000_700000_UNIFORM_8867616339855336876.txt (Time: 0.14s)
✓ Generated graph n=10000, m=700000, seed=5894893360759659423, type=UNIFORM -> ./input/random_graphs/graph_10000_700000_UNIFORM_5894893360759659423.txt (Time: 0.15s)
✓ Generated graph n=10000, m=700000, seed=4940913311242578590, type=UNIFORM -> ./input/random_graphs/graph_10000_700000_UNIFORM_4940913311242578590.txt (Time: 0.14s)
✓ Generated graph n=10000, m=700000, seed=7983805977214098674, type=UNIFORM -> ./input/random_graphs/graph_10000_700000_UNIFORM_7983805977214098674.txt (Time: 0.15s)
✓ Generated graph n=10000, m=700000, seed=2264398621601381987, type=UNIFORM -> ./input/random_graphs/graph_10000_700000_UNIFORM_2264398621601381987.txt (Time: 0.14s)
✓ Generated graph n=10000, m=700000, seed=7632458674696225362, type=UNIFORM -> ./input/random_graphs/graph_10000_700000_UNIFORM_7632458674696225362.txt (Time: 0.14s)
✓ Generated graph n=10000, m=800000, seed=5739955973604961613, type=UNIFORM -> ./input/random_graphs/graph_10000_800000_UNIFORM_5739955973604961613.txt (Time: 0.14s)
✓ Generated graph n=10000, m=800000, seed=6230961512046992311, type=UNIFORM -> ./input/random_graphs/graph_10000_800000_UNIFORM_6230961512046992311.txt (Time: 0.17s)
✓ Generated graph n=10000, m=800000, seed=7871178979383552919, type=UNIFORM -> ./input/random_graphs/graph_10000_800000_UNIFORM_7871178979383552919.txt (Time: 0.17s)
✓ Generated graph n=10000, m=800000, seed=7032710160631691991, type=UNIFORM -> ./input/random_graphs/graph_10000_800000_UNIFORM_7032710160631691991.txt (Time: 0.16s)
✓ Generated graph n=10000, m=800000, seed=3881801951614183357, type=UNIFORM -> ./input/random_graphs/graph_10000_800000_UNIFORM_3881801951614183357.txt (Time: 0.16s)
✓ Generated graph n=10000, m=800000, seed=7599700178212337699, type=UNIFORM -> ./input/random_graphs/graph_10000_800000_UNIFORM_7599700178212337699.txt (Time: 0.16s)
✓ Generated graph n=10000, m=800000, seed=1353182403971399009, type=UNIFORM -> ./input/random_graphs/graph_10000_800000_UNIFORM_1353182403971399009.txt (Time: 0.17s)
✓ Generated graph n=10000, m=800000, seed=6938562734920028532, type=UNIFORM -> ./input/random_graphs/graph_10000_800000_UNIFORM_6938562734920028532.txt (Time: 0.16s)
✓ Generated graph n=10000, m=800000, seed=4040737767143389431, type=UNIFORM -> ./input/random_graphs/graph_10000_800000_UNIFORM_4040737767143389431.txt (Time: 0.16s)
✓ Generated graph n=10000, m=800000, seed=6522163754831416203, type=UNIFORM -> ./input/random_graphs/graph_10000_800000_UNIFORM_6522163754831416203.txt (Time: 0.16s)
✓ Generated graph n=10000, m=800000, seed=1070244953599069350, type=UNIFORM -> ./input/random_graphs/graph_10000_800000_UNIFORM_1070244953599069350.txt (Time: 0.16s)
✓ Generated graph n=10000, m=800000, seed=1309542850049879452, type=UNIFORM -> ./input/random_graphs/graph_10000_800000_UNIFORM_1309542850049879452.txt (Time: 0.16s)
✓ Generated graph n=10000, m=800000, seed=1250005700364523649, type=UNIFORM -> ./input/random_graphs/graph_10000_800000_UNIFORM_1250005700364523649.txt (Time: 0.17s)
✓ Generated graph n=10000, m=800000, seed=7663871783842725848, type=UNIFORM -> ./input/random_graphs/graph_10000_800000_UNIFORM_7663871783842725848.txt (Time: 0.17s)
✓ Generated graph n=10000, m=800000, seed=2429002973740178792, type=UNIFORM -> ./input/random_graphs/graph_10000_800000_UNIFORM_2429002973740178792.txt (Time: 0.17s)
✓ Generated graph n=10000, m=800000, seed=320375091487821987, type=UNIFORM -> ./input/random_graphs/graph_10000_800000_UNIFORM_320375091487821987.txt (Time: 0.16s)
✓ Generated graph n=10000, m=800000, seed=7146860528564146064, type=UNIFORM -> ./input/random_graphs/graph_10000_800000_UNIFORM_7146860528564146064.txt (Time: 0.16s)
✓ Generated graph n=10000, m=800000, seed=5906957480796939447, type=UNIFORM -> ./input/random_graphs/graph_10000_800000_UNIFORM_5906957480796939447.txt (Time: 0.16s)
✓ Generated graph n=10000, m=800000, seed=3438400432146115956, type=UNIFORM -> ./input/random_graphs/graph_10000_800000_UNIFORM_3438400432146115956.txt (Time: 0.16s)
✓ Generated graph n=10000, m=800000, seed=1250773459040295677, type=UNIFORM -> ./input/random_graphs/graph_10000_800000_UNIFORM_1250773459040295677.txt (Time: 0.17s)
✓ Generated graph n=10000, m=800000, seed=1731523882129807996, type=UNIFORM -> ./input/random_graphs/graph_10000_800000_UNIFORM_1731523882129807996.txt (Time: 0.10s)
✓ Generated graph n=10000, m=800000, seed=7473196763798409428, type=UNIFORM -> ./input/random_graphs/graph_10000_800000_UNIFORM_7473196763798409428.txt (Time: 0.16s)
✓ Generated graph n=10000, m=800000, seed=5142811650494845597, type=UNIFORM -> ./input/random_graphs/graph_10000_800000_UNIFORM_5142811650494845597.txt (Time: 0.16s)
✓ Generated graph n=10000, m=800000, seed=5139481885857321791, type=UNIFORM -> ./input/random_graphs/graph_10000_800000_UNIFORM_5139481885857321791.txt (Time: 0.17s)
✓ Generated graph n=10000, m=800000, seed=3010622984418968408, type=UNIFORM -> ./input/random_graphs/graph_10000_800000_UNIFORM_3010622984418968408.txt (Time: 0.16s)
✓ Generated graph n=10000, m=800000, seed=6002685213311538187, type=UNIFORM -> ./input/random_graphs/graph_10000_800000_UNIFORM_6002685213311538187.txt (Time: 0.16s)
✓ Generated graph n=10000, m=800000, seed=5708372698381010775, type=UNIFORM -> ./input/random_graphs/graph_10000_800000_UNIFORM_5708372698381010775.txt (Time: 0.17s)
✓ Generated graph n=10000, m=800000, seed=521787134863155063, type=UNIFORM -> ./input/random_graphs/graph_10000_800000_UNIFORM_521787134863155063.txt (Time: 0.17s)
✓ Generated graph n=10000, m=800000, seed=7029781962072644698, type=UNIFORM -> ./input/random_graphs/graph_10000_800000_UNIFORM_7029781962072644698.txt (Time: 0.16s)
✓ Generated graph n=10000, m=800000, seed=1853590723603270879, type=UNIFORM -> ./input/random_graphs/graph_10000_800000_UNIFORM_1853590723603270879.txt (Time: 0.17s)
✓ Generated graph n=10000, m=800000, seed=6785030173969523435, type=UNIFORM -> ./input/random_graphs/graph_10000_800000_UNIFORM_6785030173969523435.txt (Time: 0.16s)
✓ Generated graph n=10000, m=800000, seed=3272308573967577038, type=UNIFORM -> ./input/random_graphs/graph_10000_800000_UNIFORM_3272308573967577038.txt (Time: 0.11s)
✓ Generated graph n=10000, m=800000, seed=1024517563182776983, type=UNIFORM -> ./input/random_graphs/graph_10000_800000_UNIFORM_1024517563182776983.txt (Time: 0.16s)
✓ Generated graph n=10000, m=800000, seed=3224265581699847191, type=UNIFORM -> ./input/random_graphs/graph_10000_800000_UNIFORM_3224265581699847191.txt (Time: 0.16s)
✓ Generated graph n=10000, m=800000, seed=5529616217668449934, type=UNIFORM -> ./input/random_graphs/graph_10000_800000_UNIFORM_5529616217668449934.txt (Time: 0.17s)
✓ Generated graph n=10000, m=800000, seed=5258051056098597521, type=UNIFORM -> ./input/random_graphs/graph_10000_800000_UNIFORM_5258051056098597521.txt (Time: 0.17s)
✓ Generated graph n=10000, m=800000, seed=1647170069535670909, type=UNIFORM -> ./input/random_graphs/graph_10000_800000_UNIFORM_1647170069535670909.txt (Time: 0.17s)
✓ Generated graph n=10000, m=800000, seed=4122784633514911760, type=UNIFORM -> ./input/random_graphs/graph_10000_800000_UNIFORM_4122784633514911760.txt (Time: 0.16s)
✓ Generated graph n=10000, m=800000, seed=824387247617288499, type=UNIFORM -> ./input/random_graphs/graph_10000_800000_UNIFORM_824387247617288499.txt (Time: 0.16s)
✓ Generated graph n=10000, m=800000, seed=7706236040662210848, type=UNIFORM -> ./input/random_graphs/graph_10000_800000_UNIFORM_7706236040662210848.txt (Time: 0.17s)
✓ Generated graph n=10000, m=800000, seed=7161906730445628483, type=UNIFORM -> ./input/random_graphs/graph_10000_800000_UNIFORM_7161906730445628483.txt (Time: 0.17s)
✓ Generated graph n=10000, m=800000, seed=1632192924771168275, type=UNIFORM -> ./input/random_graphs/graph_10000_800000_UNIFORM_1632192924771168275.txt (Time: 0.17s)
✓ Generated graph n=10000, m=800000, seed=4552998297316576788, type=UNIFORM -> ./input/random_graphs/graph_10000_800000_UNIFORM_4552998297316576788.txt (Time: 0.16s)
✓ Generated graph n=10000, m=800000, seed=8031431416522537101, type=UNIFORM -> ./input/random_graphs/graph_10000_800000_UNIFORM_8031431416522537101.txt (Time: 0.16s)
✓ Generated graph n=10000, m=800000, seed=6802378520969450157, type=UNIFORM -> ./input/random_graphs/graph_10000_800000_UNIFORM_6802378520969450157.txt (Time: 0.17s)
✓ Generated graph n=10000, m=800000, seed=6143643868734370809, type=UNIFORM -> ./input/random_graphs/graph_10000_800000_UNIFORM_6143643868734370809.txt (Time: 0.17s)
✓ Generated graph n=10000, m=800000, seed=5636411189175451024, type=UNIFORM -> ./input/random_graphs/graph_10000_800000_UNIFORM_5636411189175451024.txt (Time: 0.16s)
✓ Generated graph n=10000, m=800000, seed=7917045922527545890, type=UNIFORM -> ./input/random_graphs/graph_10000_800000_UNIFORM_7917045922527545890.txt (Time: 0.14s)
✓ Generated graph n=10000, m=800000, seed=5349491008325879064, type=UNIFORM -> ./input/random_graphs/graph_10000_800000_UNIFORM_5349491008325879064.txt (Time: 0.17s)
✓ Generated graph n=10000, m=800000, seed=6614505080519948832, type=UNIFORM -> ./input/random_graphs/graph_10000_800000_UNIFORM_6614505080519948832.txt (Time: 0.17s)
✓ Generated graph n=10000, m=800000, seed=7938560551762094560, type=UNIFORM -> ./input/random_graphs/graph_10000_800000_UNIFORM_7938560551762094560.txt (Time: 0.16s)
✓ Generated graph n=10000, m=800000, seed=3865339568260874865, type=UNIFORM -> ./input/random_graphs/graph_10000_800000_UNIFORM_3865339568260874865.txt (Time: 0.16s)
✓ Generated graph n=10000, m=800000, seed=4445925461710302877, type=UNIFORM -> ./input/random_graphs/graph_10000_800000_UNIFORM_4445925461710302877.txt (Time: 0.17s)
✓ Generated graph n=10000, m=800000, seed=6224222471595207695, type=UNIFORM -> ./input/random_graphs/graph_10000_800000_UNIFORM_6224222471595207695.txt (Time: 0.16s)
✓ Generated graph n=10000, m=800000, seed=7921282862123281598, type=UNIFORM -> ./input/random_graphs/graph_10000_800000_UNIFORM_7921282862123281598.txt (Time: 0.17s)
✓ Generated graph n=10000, m=800000, seed=1128313391724783137, type=UNIFORM -> ./input/random_graphs/graph_10000_800000_UNIFORM_1128313391724783137.txt (Time: 0.16s)
✓ Generated graph n=10000, m=800000, seed=7644420139408884785, type=UNIFORM -> ./input/random_graphs/graph_10000_800000_UNIFORM_7644420139408884785.txt (Time: 0.10s)
✓ Generated graph n=10000, m=800000, seed=4997514996153925447, type=UNIFORM -> ./input/random_graphs/graph_10000_800000_UNIFORM_4997514996153925447.txt (Time: 0.15s)
✓ Generated graph n=10000, m=800000, seed=8718380604043999642, type=UNIFORM -> ./input/random_graphs/graph_10000_800000_UNIFORM_8718380604043999642.txt (Time: 0.16s)
✓ Generated graph n=10000, m=800000, seed=716820155901718944, type=UNIFORM -> ./input/random_graphs/graph_10000_800000_UNIFORM_716820155901718944.txt (Time: 0.17s)
✓ Generated graph n=10000, m=800000, seed=5063475852268941542, type=UNIFORM -> ./input/random_graphs/graph_10000_800000_UNIFORM_5063475852268941542.txt (Time: 0.16s)
✓ Generated graph n=10000, m=800000, seed=8446481348147407377, type=UNIFORM -> ./input/random_graphs/graph_10000_800000_UNIFORM_8446481348147407377.txt (Time: 0.16s)
✓ Generated graph n=10000, m=800000, seed=6529943913552561417, type=UNIFORM -> ./input/random_graphs/graph_10000_800000_UNIFORM_6529943913552561417.txt (Time: 0.16s)
✓ Generated graph n=10000, m=800000, seed=3817405844514670994, type=UNIFORM -> ./input/random_graphs/graph_10000_800000_UNIFORM_3817405844514670994.txt (Time: 0.17s)
✓ Generated graph n=10000, m=800000, seed=2909934787168262407, type=UNIFORM -> ./input/random_graphs/graph_10000_800000_UNIFORM_2909934787168262407.txt (Time: 0.16s)
✓ Generated graph n=10000, m=800000, seed=6022436717541034636, type=UNIFORM -> ./input/random_graphs/graph_10000_800000_UNIFORM_6022436717541034636.txt (Time: 0.16s)
✓ Generated graph n=10000, m=800000, seed=1170385908854608748, type=UNIFORM -> ./input/random_graphs/graph_10000_800000_UNIFORM_1170385908854608748.txt (Time: 0.17s)
✓ Generated graph n=10000, m=800000, seed=199422815561151340, type=UNIFORM -> ./input/random_graphs/graph_10000_800000_UNIFORM_199422815561151340.txt (Time: 0.16s)
✓ Generated graph n=10000, m=800000, seed=3713827327871807734, type=UNIFORM -> ./input/random_graphs/graph_10000_800000_UNIFORM_3713827327871807734.txt (Time: 0.17s)
✓ Generated graph n=10000, m=800000, seed=175493991617213850, type=UNIFORM -> ./input/random_graphs/graph_10000_800000_UNIFORM_175493991617213850.txt (Time: 0.16s)
✓ Generated graph n=10000, m=800000, seed=5108599054664628607, type=UNIFORM -> ./input/random_graphs/graph_10000_800000_UNIFORM_5108599054664628607.txt (Time: 0.17s)
✓ Generated graph n=10000, m=800000, seed=9130666990809746335, type=UNIFORM -> ./input/random_graphs/graph_10000_800000_UNIFORM_9130666990809746335.txt (Time: 0.17s)
✓ Generated graph n=10000, m=800000, seed=6764066939395682287, type=UNIFORM -> ./input/random_graphs/graph_10000_800000_UNIFORM_6764066939395682287.txt (Time: 0.17s)
✓ Generated graph n=10000, m=800000, seed=1458186392400727732, type=UNIFORM -> ./input/random_graphs/graph_10000_800000_UNIFORM_1458186392400727732.txt (Time: 0.16s)
✓ Generated graph n=10000, m=800000, seed=9060210648189963449, type=UNIFORM -> ./input/random_graphs/graph_10000_800000_UNIFORM_9060210648189963449.txt (Time: 0.16s)
✓ Generated graph n=10000, m=800000, seed=1392892770529522614, type=UNIFORM -> ./input/random_graphs/graph_10000_800000_UNIFORM_1392892770529522614.txt (Time: 0.17s)
✓ Generated graph n=10000, m=800000, seed=4250897495980125004, type=UNIFORM -> ./input/random_graphs/graph_10000_800000_UNIFORM_4250897495980125004.txt (Time: 0.16s)
✓ Generated graph n=10000, m=800000, seed=8794274795737982182, type=UNIFORM -> ./input/random_graphs/graph_10000_800000_UNIFORM_8794274795737982182.txt (Time: 0.17s)
✓ Generated graph n=10000, m=800000, seed=1992204328026194281, type=UNIFORM -> ./input/random_graphs/graph_10000_800000_UNIFORM_1992204328026194281.txt (Time: 0.10s)
✓ Generated graph n=10000, m=800000, seed=2089506265998900862, type=UNIFORM -> ./input/random_graphs/graph_10000_800000_UNIFORM_2089506265998900862.txt (Time: 0.17s)
✓ Generated graph n=10000, m=800000, seed=5497874167834979553, type=UNIFORM -> ./input/random_graphs/graph_10000_800000_UNIFORM_5497874167834979553.txt (Time: 0.17s)
✓ Generated graph n=10000, m=800000, seed=8626102704817790064, type=UNIFORM -> ./input/random_graphs/graph_10000_800000_UNIFORM_8626102704817790064.txt (Time: 0.15s)
✓ Generated graph n=10000, m=800000, seed=1722224698700348310, type=UNIFORM -> ./input/random_graphs/graph_10000_800000_UNIFORM_1722224698700348310.txt (Time: 0.16s)
✓ Generated graph n=10000, m=800000, seed=1332005502874566195, type=UNIFORM -> ./input/random_graphs/graph_10000_800000_UNIFORM_1332005502874566195.txt (Time: 0.17s)
✓ Generated graph n=10000, m=800000, seed=4060584409398689268, type=UNIFORM -> ./input/random_graphs/graph_10000_800000_UNIFORM_4060584409398689268.txt (Time: 0.17s)
✓ Generated graph n=10000, m=800000, seed=8448596294177070022, type=UNIFORM -> ./input/random_graphs/graph_10000_800000_UNIFORM_8448596294177070022.txt (Time: 0.16s)
✓ Generated graph n=10000, m=800000, seed=4795749165124911768, type=UNIFORM -> ./input/random_graphs/graph_10000_800000_UNIFORM_4795749165124911768.txt (Time: 0.16s)
✓ Generated graph n=10000, m=800000, seed=7905487461282246979, type=UNIFORM -> ./input/random_graphs/graph_10000_800000_UNIFORM_7905487461282246979.txt (Time: 0.17s)
✓ Generated graph n=10000, m=800000, seed=7118744415197196276, type=UNIFORM -> ./input/random_graphs/graph_10000_800000_UNIFORM_7118744415197196276.txt (Time: 0.16s)
✓ Generated graph n=10000, m=800000, seed=4934890601268679176, type=UNIFORM -> ./input/random_graphs/graph_10000_800000_UNIFORM_4934890601268679176.txt (Time: 0.16s)
✓ Generated graph n=10000, m=800000, seed=2718103348384927511, type=UNIFORM -> ./input/random_graphs/graph_10000_800000_UNIFORM_2718103348384927511.txt (Time: 0.16s)
✓ Generated graph n=10000, m=800000, seed=9059990922233379852, type=UNIFORM -> ./input/random_graphs/graph_10000_800000_UNIFORM_9059990922233379852.txt (Time: 0.17s)
✓ Generated graph n=10000, m=800000, seed=3221421291694197220, type=UNIFORM -> ./input/random_graphs/graph_10000_800000_UNIFORM_3221421291694197220.txt (Time: 0.16s)
✓ Generated graph n=10000, m=800000, seed=7449662661572224354, type=UNIFORM -> ./input/random_graphs/graph_10000_800000_UNIFORM_7449662661572224354.txt (Time: 0.16s)
✓ Generated graph n=10000, m=800000, seed=8867616339855336876, type=UNIFORM -> ./input/random_graphs/graph_10000_800000_UNIFORM_8867616339855336876.txt (Time: 0.17s)
✓ Generated graph n=10000, m=800000, seed=5894893360759659423, type=UNIFORM -> ./input/random_graphs/graph_10000_800000_UNIFORM_5894893360759659423.txt (Time: 0.17s)
✓ Generated graph n=10000, m=800000, seed=7983805977214098674, type=UNIFORM -> ./input/random_graphs/graph_10000_800000_UNIFORM_7983805977214098674.txt (Time: 0.17s)
✓ Generated graph n=10000, m=800000, seed=4940913311242578590, type=UNIFORM -> ./input/random_graphs/graph_10000_800000_UNIFORM_4940913311242578590.txt (Time: 0.17s)
✓ Generated graph n=10000, m=800000, seed=2264398621601381987, type=UNIFORM -> ./input/random_graphs/graph_10000_800000_UNIFORM_2264398621601381987.txt (Time: 0.17s)
✓ Generated graph n=10000, m=800000, seed=7632458674696225362, type=UNIFORM -> ./input/random_graphs/graph_10000_800000_UNIFORM_7632458674696225362.txt (Time: 0.16s)
✓ Generated graph n=10000, m=900000, seed=6230961512046992311, type=UNIFORM -> ./input/random_graphs/graph_10000_900000_UNIFORM_6230961512046992311.txt (Time: 0.18s)
✓ Generated graph n=10000, m=900000, seed=5739955973604961613, type=UNIFORM -> ./input/random_graphs/graph_10000_900000_UNIFORM_5739955973604961613.txt (Time: 0.18s)
✓ Generated graph n=10000, m=900000, seed=7871178979383552919, type=UNIFORM -> ./input/random_graphs/graph_10000_900000_UNIFORM_7871178979383552919.txt (Time: 0.19s)
✓ Generated graph n=10000, m=900000, seed=3881801951614183357, type=UNIFORM -> ./input/random_graphs/graph_10000_900000_UNIFORM_3881801951614183357.txt (Time: 0.18s)
✓ Generated graph n=10000, m=900000, seed=7032710160631691991, type=UNIFORM -> ./input/random_graphs/graph_10000_900000_UNIFORM_7032710160631691991.txt (Time: 0.19s)
✓ Generated graph n=10000, m=900000, seed=7599700178212337699, type=UNIFORM -> ./input/random_graphs/graph_10000_900000_UNIFORM_7599700178212337699.txt (Time: 0.18s)
✓ Generated graph n=10000, m=900000, seed=6522163754831416203, type=UNIFORM -> ./input/random_graphs/graph_10000_900000_UNIFORM_6522163754831416203.txt (Time: 0.18s)
✓ Generated graph n=10000, m=900000, seed=1070244953599069350, type=UNIFORM -> ./input/random_graphs/graph_10000_900000_UNIFORM_1070244953599069350.txt (Time: 0.18s)
✓ Generated graph n=10000, m=900000, seed=1353182403971399009, type=UNIFORM -> ./input/random_graphs/graph_10000_900000_UNIFORM_1353182403971399009.txt (Time: 0.19s)
✓ Generated graph n=10000, m=900000, seed=1250005700364523649, type=UNIFORM -> ./input/random_graphs/graph_10000_900000_UNIFORM_1250005700364523649.txt (Time: 0.18s)
✓ Generated graph n=10000, m=900000, seed=6938562734920028532, type=UNIFORM -> ./input/random_graphs/graph_10000_900000_UNIFORM_6938562734920028532.txt (Time: 0.19s)
✓ Generated graph n=10000, m=900000, seed=1309542850049879452, type=UNIFORM -> ./input/random_graphs/graph_10000_900000_UNIFORM_1309542850049879452.txt (Time: 0.18s)
✓ Generated graph n=10000, m=900000, seed=2429002973740178792, type=UNIFORM -> ./input/random_graphs/graph_10000_900000_UNIFORM_2429002973740178792.txt (Time: 0.17s)
✓ Generated graph n=10000, m=900000, seed=4040737767143389431, type=UNIFORM -> ./input/random_graphs/graph_10000_900000_UNIFORM_4040737767143389431.txt (Time: 0.19s)
✓ Generated graph n=10000, m=900000, seed=7663871783842725848, type=UNIFORM -> ./input/random_graphs/graph_10000_900000_UNIFORM_7663871783842725848.txt (Time: 0.17s)
✓ Generated graph n=10000, m=900000, seed=5906957480796939447, type=UNIFORM -> ./input/random_graphs/graph_10000_900000_UNIFORM_5906957480796939447.txt (Time: 0.17s)
✓ Generated graph n=10000, m=900000, seed=320375091487821987, type=UNIFORM -> ./input/random_graphs/graph_10000_900000_UNIFORM_320375091487821987.txt (Time: 0.18s)
✓ Generated graph n=10000, m=900000, seed=1250773459040295677, type=UNIFORM -> ./input/random_graphs/graph_10000_900000_UNIFORM_1250773459040295677.txt (Time: 0.18s)
✓ Generated graph n=10000, m=900000, seed=3438400432146115956, type=UNIFORM -> ./input/random_graphs/graph_10000_900000_UNIFORM_3438400432146115956.txt (Time: 0.18s)
✓ Generated graph n=10000, m=900000, seed=7146860528564146064, type=UNIFORM -> ./input/random_graphs/graph_10000_900000_UNIFORM_7146860528564146064.txt (Time: 0.18s)
✓ Generated graph n=10000, m=900000, seed=7473196763798409428, type=UNIFORM -> ./input/random_graphs/graph_10000_900000_UNIFORM_7473196763798409428.txt (Time: 0.18s)
✓ Generated graph n=10000, m=900000, seed=5139481885857321791, type=UNIFORM -> ./input/random_graphs/graph_10000_900000_UNIFORM_5139481885857321791.txt (Time: 0.18s)
✓ Generated graph n=10000, m=900000, seed=6002685213311538187, type=UNIFORM -> ./input/random_graphs/graph_10000_900000_UNIFORM_6002685213311538187.txt (Time: 0.18s)
✓ Generated graph n=10000, m=900000, seed=5142811650494845597, type=UNIFORM -> ./input/random_graphs/graph_10000_900000_UNIFORM_5142811650494845597.txt (Time: 0.18s)
✓ Generated graph n=10000, m=900000, seed=3010622984418968408, type=UNIFORM -> ./input/random_graphs/graph_10000_900000_UNIFORM_3010622984418968408.txt (Time: 0.19s)
✓ Generated graph n=10000, m=900000, seed=5708372698381010775, type=UNIFORM -> ./input/random_graphs/graph_10000_900000_UNIFORM_5708372698381010775.txt (Time: 0.18s)
✓ Generated graph n=10000, m=900000, seed=521787134863155063, type=UNIFORM -> ./input/random_graphs/graph_10000_900000_UNIFORM_521787134863155063.txt (Time: 0.18s)
✓ Generated graph n=10000, m=900000, seed=1731523882129807996, type=UNIFORM -> ./input/random_graphs/graph_10000_900000_UNIFORM_1731523882129807996.txt (Time: 0.19s)
✓ Generated graph n=10000, m=900000, seed=1853590723603270879, type=UNIFORM -> ./input/random_graphs/graph_10000_900000_UNIFORM_1853590723603270879.txt (Time: 0.18s)
✓ Generated graph n=10000, m=900000, seed=6802378520969450157, type=UNIFORM -> ./input/random_graphs/graph_10000_900000_UNIFORM_6802378520969450157.txt (Time: 0.13s)
✓ Generated graph n=10000, m=900000, seed=1024517563182776983, type=UNIFORM -> ./input/random_graphs/graph_10000_900000_UNIFORM_1024517563182776983.txt (Time: 0.18s)
✓ Generated graph n=10000, m=900000, seed=6785030173969523435, type=UNIFORM -> ./input/random_graphs/graph_10000_900000_UNIFORM_6785030173969523435.txt (Time: 0.19s)
✓ Generated graph n=10000, m=900000, seed=5529616217668449934, type=UNIFORM -> ./input/random_graphs/graph_10000_900000_UNIFORM_5529616217668449934.txt (Time: 0.18s)
✓ Generated graph n=10000, m=900000, seed=7029781962072644698, type=UNIFORM -> ./input/random_graphs/graph_10000_900000_UNIFORM_7029781962072644698.txt (Time: 0.19s)
✓ Generated graph n=10000, m=900000, seed=5258051056098597521, type=UNIFORM -> ./input/random_graphs/graph_10000_900000_UNIFORM_5258051056098597521.txt (Time: 0.18s)
✓ Generated graph n=10000, m=900000, seed=4122784633514911760, type=UNIFORM -> ./input/random_graphs/graph_10000_900000_UNIFORM_4122784633514911760.txt (Time: 0.18s)
✓ Generated graph n=10000, m=900000, seed=824387247617288499, type=UNIFORM -> ./input/random_graphs/graph_10000_900000_UNIFORM_824387247617288499.txt (Time: 0.18s)
✓ Generated graph n=10000, m=900000, seed=3224265581699847191, type=UNIFORM -> ./input/random_graphs/graph_10000_900000_UNIFORM_3224265581699847191.txt (Time: 0.19s)
✓ Generated graph n=10000, m=900000, seed=1632192924771168275, type=UNIFORM -> ./input/random_graphs/graph_10000_900000_UNIFORM_1632192924771168275.txt (Time: 0.18s)
✓ Generated graph n=10000, m=900000, seed=1647170069535670909, type=UNIFORM -> ./input/random_graphs/graph_10000_900000_UNIFORM_1647170069535670909.txt (Time: 0.19s)
✓ Generated graph n=10000, m=900000, seed=7706236040662210848, type=UNIFORM -> ./input/random_graphs/graph_10000_900000_UNIFORM_7706236040662210848.txt (Time: 0.19s)
✓ Generated graph n=10000, m=900000, seed=4552998297316576788, type=UNIFORM -> ./input/random_graphs/graph_10000_900000_UNIFORM_4552998297316576788.txt (Time: 0.18s)
✓ Generated graph n=10000, m=900000, seed=7161906730445628483, type=UNIFORM -> ./input/random_graphs/graph_10000_900000_UNIFORM_7161906730445628483.txt (Time: 0.18s)
✓ Generated graph n=10000, m=900000, seed=8031431416522537101, type=UNIFORM -> ./input/random_graphs/graph_10000_900000_UNIFORM_8031431416522537101.txt (Time: 0.18s)
✓ Generated graph n=10000, m=900000, seed=6143643868734370809, type=UNIFORM -> ./input/random_graphs/graph_10000_900000_UNIFORM_6143643868734370809.txt (Time: 0.18s)
✓ Generated graph n=10000, m=900000, seed=6614505080519948832, type=UNIFORM -> ./input/random_graphs/graph_10000_900000_UNIFORM_6614505080519948832.txt (Time: 0.16s)
✓ Generated graph n=10000, m=900000, seed=3272308573967577038, type=UNIFORM -> ./input/random_graphs/graph_10000_900000_UNIFORM_3272308573967577038.txt (Time: 0.19s)
✓ Generated graph n=10000, m=900000, seed=5636411189175451024, type=UNIFORM -> ./input/random_graphs/graph_10000_900000_UNIFORM_5636411189175451024.txt (Time: 0.19s)
✓ Generated graph n=10000, m=900000, seed=5349491008325879064, type=UNIFORM -> ./input/random_graphs/graph_10000_900000_UNIFORM_5349491008325879064.txt (Time: 0.18s)
✓ Generated graph n=10000, m=900000, seed=7938560551762094560, type=UNIFORM -> ./input/random_graphs/graph_10000_900000_UNIFORM_7938560551762094560.txt (Time: 0.19s)
✓ Generated graph n=10000, m=900000, seed=7917045922527545890, type=UNIFORM -> ./input/random_graphs/graph_10000_900000_UNIFORM_7917045922527545890.txt (Time: 0.19s)
✓ Generated graph n=10000, m=900000, seed=4445925461710302877, type=UNIFORM -> ./input/random_graphs/graph_10000_900000_UNIFORM_4445925461710302877.txt (Time: 0.18s)
✓ Generated graph n=10000, m=900000, seed=3865339568260874865, type=UNIFORM -> ./input/random_graphs/graph_10000_900000_UNIFORM_3865339568260874865.txt (Time: 0.18s)
✓ Generated graph n=10000, m=900000, seed=7921282862123281598, type=UNIFORM -> ./input/random_graphs/graph_10000_900000_UNIFORM_7921282862123281598.txt (Time: 0.19s)
✓ Generated graph n=10000, m=900000, seed=6224222471595207695, type=UNIFORM -> ./input/random_graphs/graph_10000_900000_UNIFORM_6224222471595207695.txt (Time: 0.18s)
✓ Generated graph n=10000, m=900000, seed=1128313391724783137, type=UNIFORM -> ./input/random_graphs/graph_10000_900000_UNIFORM_1128313391724783137.txt (Time: 0.18s)
✓ Generated graph n=10000, m=900000, seed=9130666990809746335, type=UNIFORM -> ./input/random_graphs/graph_10000_900000_UNIFORM_9130666990809746335.txt (Time: 0.11s)
✓ Generated graph n=10000, m=900000, seed=716820155901718944, type=UNIFORM -> ./input/random_graphs/graph_10000_900000_UNIFORM_716820155901718944.txt (Time: 0.17s)
✓ Generated graph n=10000, m=900000, seed=8718380604043999642, type=UNIFORM -> ./input/random_graphs/graph_10000_900000_UNIFORM_8718380604043999642.txt (Time: 0.18s)
✓ Generated graph n=10000, m=900000, seed=4997514996153925447, type=UNIFORM -> ./input/random_graphs/graph_10000_900000_UNIFORM_4997514996153925447.txt (Time: 0.18s)
✓ Generated graph n=10000, m=900000, seed=8446481348147407377, type=UNIFORM -> ./input/random_graphs/graph_10000_900000_UNIFORM_8446481348147407377.txt (Time: 0.18s)
✓ Generated graph n=10000, m=900000, seed=5063475852268941542, type=UNIFORM -> ./input/random_graphs/graph_10000_900000_UNIFORM_5063475852268941542.txt (Time: 0.19s)
✓ Generated graph n=10000, m=900000, seed=3817405844514670994, type=UNIFORM -> ./input/random_graphs/graph_10000_900000_UNIFORM_3817405844514670994.txt (Time: 0.18s)
✓ Generated graph n=10000, m=900000, seed=6529943913552561417, type=UNIFORM -> ./input/random_graphs/graph_10000_900000_UNIFORM_6529943913552561417.txt (Time: 0.18s)
✓ Generated graph n=10000, m=900000, seed=6022436717541034636, type=UNIFORM -> ./input/random_graphs/graph_10000_900000_UNIFORM_6022436717541034636.txt (Time: 0.18s)
✓ Generated graph n=10000, m=900000, seed=2909934787168262407, type=UNIFORM -> ./input/random_graphs/graph_10000_900000_UNIFORM_2909934787168262407.txt (Time: 0.19s)
✓ Generated graph n=10000, m=900000, seed=1170385908854608748, type=UNIFORM -> ./input/random_graphs/graph_10000_900000_UNIFORM_1170385908854608748.txt (Time: 0.19s)
✓ Generated graph n=10000, m=900000, seed=3713827327871807734, type=UNIFORM -> ./input/random_graphs/graph_10000_900000_UNIFORM_3713827327871807734.txt (Time: 0.18s)
✓ Generated graph n=10000, m=900000, seed=199422815561151340, type=UNIFORM -> ./input/random_graphs/graph_10000_900000_UNIFORM_199422815561151340.txt (Time: 0.19s)
✓ Generated graph n=10000, m=900000, seed=175493991617213850, type=UNIFORM -> ./input/random_graphs/graph_10000_900000_UNIFORM_175493991617213850.txt (Time: 0.19s)
✓ Generated graph n=10000, m=900000, seed=5108599054664628607, type=UNIFORM -> ./input/random_graphs/graph_10000_900000_UNIFORM_5108599054664628607.txt (Time: 0.18s)
✓ Generated graph n=10000, m=900000, seed=6764066939395682287, type=UNIFORM -> ./input/random_graphs/graph_10000_900000_UNIFORM_6764066939395682287.txt (Time: 0.18s)
✓ Generated graph n=10000, m=900000, seed=1458186392400727732, type=UNIFORM -> ./input/random_graphs/graph_10000_900000_UNIFORM_1458186392400727732.txt (Time: 0.18s)
✓ Generated graph n=10000, m=900000, seed=7644420139408884785, type=UNIFORM -> ./input/random_graphs/graph_10000_900000_UNIFORM_7644420139408884785.txt (Time: 0.18s)
✓ Generated graph n=10000, m=900000, seed=1392892770529522614, type=UNIFORM -> ./input/random_graphs/graph_10000_900000_UNIFORM_1392892770529522614.txt (Time: 0.18s)
✓ Generated graph n=10000, m=900000, seed=9060210648189963449, type=UNIFORM -> ./input/random_graphs/graph_10000_900000_UNIFORM_9060210648189963449.txt (Time: 0.18s)
✓ Generated graph n=10000, m=900000, seed=4250897495980125004, type=UNIFORM -> ./input/random_graphs/graph_10000_900000_UNIFORM_4250897495980125004.txt (Time: 0.19s)
✓ Generated graph n=10000, m=900000, seed=1722224698700348310, type=UNIFORM -> ./input/random_graphs/graph_10000_900000_UNIFORM_1722224698700348310.txt (Time: 0.15s)
✓ Generated graph n=10000, m=900000, seed=8794274795737982182, type=UNIFORM -> ./input/random_graphs/graph_10000_900000_UNIFORM_8794274795737982182.txt (Time: 0.19s)
✓ Generated graph n=10000, m=900000, seed=2089506265998900862, type=UNIFORM -> ./input/random_graphs/graph_10000_900000_UNIFORM_2089506265998900862.txt (Time: 0.18s)
✓ Generated graph n=10000, m=900000, seed=5497874167834979553, type=UNIFORM -> ./input/random_graphs/graph_10000_900000_UNIFORM_5497874167834979553.txt (Time: 0.18s)
✓ Generated graph n=10000, m=900000, seed=4060584409398689268, type=UNIFORM -> ./input/random_graphs/graph_10000_900000_UNIFORM_4060584409398689268.txt (Time: 0.18s)
✓ Generated graph n=10000, m=900000, seed=1332005502874566195, type=UNIFORM -> ./input/random_graphs/graph_10000_900000_UNIFORM_1332005502874566195.txt (Time: 0.18s)
✓ Generated graph n=10000, m=900000, seed=8626102704817790064, type=UNIFORM -> ./input/random_graphs/graph_10000_900000_UNIFORM_8626102704817790064.txt (Time: 0.17s)
✓ Generated graph n=10000, m=900000, seed=8448596294177070022, type=UNIFORM -> ./input/random_graphs/graph_10000_900000_UNIFORM_8448596294177070022.txt (Time: 0.18s)
✓ Generated graph n=10000, m=900000, seed=7905487461282246979, type=UNIFORM -> ./input/random_graphs/graph_10000_900000_UNIFORM_7905487461282246979.txt (Time: 0.18s)
✓ Generated graph n=10000, m=900000, seed=4934890601268679176, type=UNIFORM -> ./input/random_graphs/graph_10000_900000_UNIFORM_4934890601268679176.txt (Time: 0.18s)
✓ Generated graph n=10000, m=900000, seed=1992204328026194281, type=UNIFORM -> ./input/random_graphs/graph_10000_900000_UNIFORM_1992204328026194281.txt (Time: 0.18s)
✓ Generated graph n=10000, m=900000, seed=4795749165124911768, type=UNIFORM -> ./input/random_graphs/graph_10000_900000_UNIFORM_4795749165124911768.txt (Time: 0.19s)
✓ Generated graph n=10000, m=900000, seed=5894893360759659423, type=UNIFORM -> ./input/random_graphs/graph_10000_900000_UNIFORM_5894893360759659423.txt (Time: 0.15s)
✓ Generated graph n=10000, m=900000, seed=2718103348384927511, type=UNIFORM -> ./input/random_graphs/graph_10000_900000_UNIFORM_2718103348384927511.txt (Time: 0.18s)
✓ Generated graph n=10000, m=900000, seed=7118744415197196276, type=UNIFORM -> ./input/random_graphs/graph_10000_900000_UNIFORM_7118744415197196276.txt (Time: 0.19s)
✓ Generated graph n=10000, m=900000, seed=9059990922233379852, type=UNIFORM -> ./input/random_graphs/graph_10000_900000_UNIFORM_9059990922233379852.txt (Time: 0.19s)
✓ Generated graph n=10000, m=900000, seed=7449662661572224354, type=UNIFORM -> ./input/random_graphs/graph_10000_900000_UNIFORM_7449662661572224354.txt (Time: 0.18s)
✓ Generated graph n=10000, m=900000, seed=8867616339855336876, type=UNIFORM -> ./input/random_graphs/graph_10000_900000_UNIFORM_8867616339855336876.txt (Time: 0.18s)
✓ Generated graph n=10000, m=900000, seed=7983805977214098674, type=UNIFORM -> ./input/random_graphs/graph_10000_900000_UNIFORM_7983805977214098674.txt (Time: 0.18s)
✓ Generated graph n=10000, m=900000, seed=3221421291694197220, type=UNIFORM -> ./input/random_graphs/graph_10000_900000_UNIFORM_3221421291694197220.txt (Time: 0.19s)
✓ Generated graph n=10000, m=900000, seed=4940913311242578590, type=UNIFORM -> ./input/random_graphs/graph_10000_900000_UNIFORM_4940913311242578590.txt (Time: 0.18s)
✓ Generated graph n=10000, m=900000, seed=2264398621601381987, type=UNIFORM -> ./input/random_graphs/graph_10000_900000_UNIFORM_2264398621601381987.txt (Time: 0.19s)
✓ Generated graph n=10000, m=900000, seed=7632458674696225362, type=UNIFORM -> ./input/random_graphs/graph_10000_900000_UNIFORM_7632458674696225362.txt (Time: 0.18s)
✓ Generated graph n=10000, m=1000000, seed=6230961512046992311, type=UNIFORM -> ./input/random_graphs/graph_10000_1000000_UNIFORM_6230961512046992311.txt (Time: 0.20s)
✓ Generated graph n=10000, m=1000000, seed=7871178979383552919, type=UNIFORM -> ./input/random_graphs/graph_10000_1000000_UNIFORM_7871178979383552919.txt (Time: 0.20s)
✓ Generated graph n=10000, m=1000000, seed=7032710160631691991, type=UNIFORM -> ./input/random_graphs/graph_10000_1000000_UNIFORM_7032710160631691991.txt (Time: 0.20s)
✓ Generated graph n=10000, m=1000000, seed=5739955973604961613, type=UNIFORM -> ./input/random_graphs/graph_10000_1000000_UNIFORM_5739955973604961613.txt (Time: 0.21s)
✓ Generated graph n=10000, m=1000000, seed=3881801951614183357, type=UNIFORM -> ./input/random_graphs/graph_10000_1000000_UNIFORM_3881801951614183357.txt (Time: 0.21s)
✓ Generated graph n=10000, m=1000000, seed=7599700178212337699, type=UNIFORM -> ./input/random_graphs/graph_10000_1000000_UNIFORM_7599700178212337699.txt (Time: 0.21s)
✓ Generated graph n=10000, m=1000000, seed=6522163754831416203, type=UNIFORM -> ./input/random_graphs/graph_10000_1000000_UNIFORM_6522163754831416203.txt (Time: 0.20s)
✓ Generated graph n=10000, m=1000000, seed=1353182403971399009, type=UNIFORM -> ./input/random_graphs/graph_10000_1000000_UNIFORM_1353182403971399009.txt (Time: 0.20s)
✓ Generated graph n=10000, m=1000000, seed=1070244953599069350, type=UNIFORM -> ./input/random_graphs/graph_10000_1000000_UNIFORM_1070244953599069350.txt (Time: 0.21s)
✓ Generated graph n=10000, m=1000000, seed=6938562734920028532, type=UNIFORM -> ./input/random_graphs/graph_10000_1000000_UNIFORM_6938562734920028532.txt (Time: 0.20s)
✓ Generated graph n=10000, m=1000000, seed=7663871783842725848, type=UNIFORM -> ./input/random_graphs/graph_10000_1000000_UNIFORM_7663871783842725848.txt (Time: 0.19s)
✓ Generated graph n=10000, m=1000000, seed=1250005700364523649, type=UNIFORM -> ./input/random_graphs/graph_10000_1000000_UNIFORM_1250005700364523649.txt (Time: 0.20s)
✓ Generated graph n=10000, m=1000000, seed=4040737767143389431, type=UNIFORM -> ./input/random_graphs/graph_10000_1000000_UNIFORM_4040737767143389431.txt (Time: 0.20s)
✓ Generated graph n=10000, m=1000000, seed=2429002973740178792, type=UNIFORM -> ./input/random_graphs/graph_10000_1000000_UNIFORM_2429002973740178792.txt (Time: 0.20s)
✓ Generated graph n=10000, m=1000000, seed=1309542850049879452, type=UNIFORM -> ./input/random_graphs/graph_10000_1000000_UNIFORM_1309542850049879452.txt (Time: 0.20s)
✓ Generated graph n=10000, m=1000000, seed=320375091487821987, type=UNIFORM -> ./input/random_graphs/graph_10000_1000000_UNIFORM_320375091487821987.txt (Time: 0.20s)
✓ Generated graph n=10000, m=1000000, seed=5906957480796939447, type=UNIFORM -> ./input/random_graphs/graph_10000_1000000_UNIFORM_5906957480796939447.txt (Time: 0.20s)
✓ Generated graph n=10000, m=1000000, seed=1250773459040295677, type=UNIFORM -> ./input/random_graphs/graph_10000_1000000_UNIFORM_1250773459040295677.txt (Time: 0.20s)
✓ Generated graph n=10000, m=1000000, seed=7146860528564146064, type=UNIFORM -> ./input/random_graphs/graph_10000_1000000_UNIFORM_7146860528564146064.txt (Time: 0.20s)
✓ Generated graph n=10000, m=1000000, seed=7473196763798409428, type=UNIFORM -> ./input/random_graphs/graph_10000_1000000_UNIFORM_7473196763798409428.txt (Time: 0.20s)
✓ Generated graph n=10000, m=1000000, seed=3438400432146115956, type=UNIFORM -> ./input/random_graphs/graph_10000_1000000_UNIFORM_3438400432146115956.txt (Time: 0.20s)
✓ Generated graph n=10000, m=1000000, seed=5139481885857321791, type=UNIFORM -> ./input/random_graphs/graph_10000_1000000_UNIFORM_5139481885857321791.txt (Time: 0.21s)
✓ Generated graph n=10000, m=1000000, seed=5142811650494845597, type=UNIFORM -> ./input/random_graphs/graph_10000_1000000_UNIFORM_5142811650494845597.txt (Time: 0.20s)
✓ Generated graph n=10000, m=1000000, seed=6002685213311538187, type=UNIFORM -> ./input/random_graphs/graph_10000_1000000_UNIFORM_6002685213311538187.txt (Time: 0.20s)
✓ Generated graph n=10000, m=1000000, seed=3010622984418968408, type=UNIFORM -> ./input/random_graphs/graph_10000_1000000_UNIFORM_3010622984418968408.txt (Time: 0.21s)
✓ Generated graph n=10000, m=1000000, seed=5708372698381010775, type=UNIFORM -> ./input/random_graphs/graph_10000_1000000_UNIFORM_5708372698381010775.txt (Time: 0.19s)
✓ Generated graph n=10000, m=1000000, seed=824387247617288499, type=UNIFORM -> ./input/random_graphs/graph_10000_1000000_UNIFORM_824387247617288499.txt (Time: 0.14s)
✓ Generated graph n=10000, m=1000000, seed=521787134863155063, type=UNIFORM -> ./input/random_graphs/graph_10000_1000000_UNIFORM_521787134863155063.txt (Time: 0.20s)
✓ Generated graph n=10000, m=1000000, seed=1731523882129807996, type=UNIFORM -> ./input/random_graphs/graph_10000_1000000_UNIFORM_1731523882129807996.txt (Time: 0.20s)
✓ Generated graph n=10000, m=1000000, seed=1853590723603270879, type=UNIFORM -> ./input/random_graphs/graph_10000_1000000_UNIFORM_1853590723603270879.txt (Time: 0.20s)
✓ Generated graph n=10000, m=1000000, seed=7029781962072644698, type=UNIFORM -> ./input/random_graphs/graph_10000_1000000_UNIFORM_7029781962072644698.txt (Time: 0.21s)
✓ Generated graph n=10000, m=1000000, seed=5529616217668449934, type=UNIFORM -> ./input/random_graphs/graph_10000_1000000_UNIFORM_5529616217668449934.txt (Time: 0.20s)
✓ Generated graph n=10000, m=1000000, seed=1024517563182776983, type=UNIFORM -> ./input/random_graphs/graph_10000_1000000_UNIFORM_1024517563182776983.txt (Time: 0.20s)
✓ Generated graph n=10000, m=1000000, seed=1647170069535670909, type=UNIFORM -> ./input/random_graphs/graph_10000_1000000_UNIFORM_1647170069535670909.txt (Time: 0.19s)
✓ Generated graph n=10000, m=1000000, seed=6785030173969523435, type=UNIFORM -> ./input/random_graphs/graph_10000_1000000_UNIFORM_6785030173969523435.txt (Time: 0.21s)
✓ Generated graph n=10000, m=1000000, seed=5258051056098597521, type=UNIFORM -> ./input/random_graphs/graph_10000_1000000_UNIFORM_5258051056098597521.txt (Time: 0.20s)
✓ Generated graph n=10000, m=1000000, seed=7706236040662210848, type=UNIFORM -> ./input/random_graphs/graph_10000_1000000_UNIFORM_7706236040662210848.txt (Time: 0.20s)
✓ Generated graph n=10000, m=1000000, seed=3224265581699847191, type=UNIFORM -> ./input/random_graphs/graph_10000_1000000_UNIFORM_3224265581699847191.txt (Time: 0.21s)
✓ Generated graph n=10000, m=1000000, seed=1632192924771168275, type=UNIFORM -> ./input/random_graphs/graph_10000_1000000_UNIFORM_1632192924771168275.txt (Time: 0.20s)
✓ Generated graph n=10000, m=1000000, seed=4122784633514911760, type=UNIFORM -> ./input/random_graphs/graph_10000_1000000_UNIFORM_4122784633514911760.txt (Time: 0.21s)
✓ Generated graph n=10000, m=1000000, seed=7161906730445628483, type=UNIFORM -> ./input/random_graphs/graph_10000_1000000_UNIFORM_7161906730445628483.txt (Time: 0.20s)
✓ Generated graph n=10000, m=1000000, seed=4552998297316576788, type=UNIFORM -> ./input/random_graphs/graph_10000_1000000_UNIFORM_4552998297316576788.txt (Time: 0.19s)
✓ Generated graph n=10000, m=1000000, seed=6802378520969450157, type=UNIFORM -> ./input/random_graphs/graph_10000_1000000_UNIFORM_6802378520969450157.txt (Time: 0.20s)
✓ Generated graph n=10000, m=1000000, seed=8031431416522537101, type=UNIFORM -> ./input/random_graphs/graph_10000_1000000_UNIFORM_8031431416522537101.txt (Time: 0.20s)
✓ Generated graph n=10000, m=1000000, seed=3272308573967577038, type=UNIFORM -> ./input/random_graphs/graph_10000_1000000_UNIFORM_3272308573967577038.txt (Time: 0.20s)
✓ Generated graph n=10000, m=1000000, seed=6143643868734370809, type=UNIFORM -> ./input/random_graphs/graph_10000_1000000_UNIFORM_6143643868734370809.txt (Time: 0.21s)
✓ Generated graph n=10000, m=1000000, seed=5636411189175451024, type=UNIFORM -> ./input/random_graphs/graph_10000_1000000_UNIFORM_5636411189175451024.txt (Time: 0.21s)
✓ Generated graph n=10000, m=1000000, seed=5349491008325879064, type=UNIFORM -> ./input/random_graphs/graph_10000_1000000_UNIFORM_5349491008325879064.txt (Time: 0.21s)
✓ Generated graph n=10000, m=1000000, seed=6614505080519948832, type=UNIFORM -> ./input/random_graphs/graph_10000_1000000_UNIFORM_6614505080519948832.txt (Time: 0.20s)
✓ Generated graph n=10000, m=1000000, seed=7938560551762094560, type=UNIFORM -> ./input/random_graphs/graph_10000_1000000_UNIFORM_7938560551762094560.txt (Time: 0.21s)
✓ Generated graph n=10000, m=1000000, seed=7917045922527545890, type=UNIFORM -> ./input/random_graphs/graph_10000_1000000_UNIFORM_7917045922527545890.txt (Time: 0.21s)
✓ Generated graph n=10000, m=1000000, seed=4445925461710302877, type=UNIFORM -> ./input/random_graphs/graph_10000_1000000_UNIFORM_4445925461710302877.txt (Time: 0.19s)
✓ Generated graph n=10000, m=1000000, seed=3865339568260874865, type=UNIFORM -> ./input/random_graphs/graph_10000_1000000_UNIFORM_3865339568260874865.txt (Time: 0.20s)
✓ Generated graph n=10000, m=1000000, seed=6224222471595207695, type=UNIFORM -> ./input/random_graphs/graph_10000_1000000_UNIFORM_6224222471595207695.txt (Time: 0.20s)
✓ Generated graph n=10000, m=1000000, seed=7921282862123281598, type=UNIFORM -> ./input/random_graphs/graph_10000_1000000_UNIFORM_7921282862123281598.txt (Time: 0.21s)
✓ Generated graph n=10000, m=1000000, seed=1128313391724783137, type=UNIFORM -> ./input/random_graphs/graph_10000_1000000_UNIFORM_1128313391724783137.txt (Time: 0.20s)
✓ Generated graph n=10000, m=1000000, seed=8718380604043999642, type=UNIFORM -> ./input/random_graphs/graph_10000_1000000_UNIFORM_8718380604043999642.txt (Time: 0.20s)
✓ Generated graph n=10000, m=1000000, seed=716820155901718944, type=UNIFORM -> ./input/random_graphs/graph_10000_1000000_UNIFORM_716820155901718944.txt (Time: 0.21s)
✓ Generated graph n=10000, m=1000000, seed=4997514996153925447, type=UNIFORM -> ./input/random_graphs/graph_10000_1000000_UNIFORM_4997514996153925447.txt (Time: 0.20s)
✓ Generated graph n=10000, m=1000000, seed=5063475852268941542, type=UNIFORM -> ./input/random_graphs/graph_10000_1000000_UNIFORM_5063475852268941542.txt (Time: 0.20s)
✓ Generated graph n=10000, m=1000000, seed=8446481348147407377, type=UNIFORM -> ./input/random_graphs/graph_10000_1000000_UNIFORM_8446481348147407377.txt (Time: 0.20s)
✓ Generated graph n=10000, m=1000000, seed=3817405844514670994, type=UNIFORM -> ./input/random_graphs/graph_10000_1000000_UNIFORM_3817405844514670994.txt (Time: 0.20s)
✓ Generated graph n=10000, m=1000000, seed=6529943913552561417, type=UNIFORM -> ./input/random_graphs/graph_10000_1000000_UNIFORM_6529943913552561417.txt (Time: 0.20s)
✓ Generated graph n=10000, m=1000000, seed=2909934787168262407, type=UNIFORM -> ./input/random_graphs/graph_10000_1000000_UNIFORM_2909934787168262407.txt (Time: 0.21s)
✓ Generated graph n=10000, m=1000000, seed=1170385908854608748, type=UNIFORM -> ./input/random_graphs/graph_10000_1000000_UNIFORM_1170385908854608748.txt (Time: 0.21s)
✓ Generated graph n=10000, m=1000000, seed=6022436717541034636, type=UNIFORM -> ./input/random_graphs/graph_10000_1000000_UNIFORM_6022436717541034636.txt (Time: 0.20s)
✓ Generated graph n=10000, m=1000000, seed=199422815561151340, type=UNIFORM -> ./input/random_graphs/graph_10000_1000000_UNIFORM_199422815561151340.txt (Time: 0.20s)
✓ Generated graph n=10000, m=1000000, seed=3713827327871807734, type=UNIFORM -> ./input/random_graphs/graph_10000_1000000_UNIFORM_3713827327871807734.txt (Time: 0.20s)
✓ Generated graph n=10000, m=1000000, seed=175493991617213850, type=UNIFORM -> ./input/random_graphs/graph_10000_1000000_UNIFORM_175493991617213850.txt (Time: 0.20s)
✓ Generated graph n=10000, m=1000000, seed=5108599054664628607, type=UNIFORM -> ./input/random_graphs/graph_10000_1000000_UNIFORM_5108599054664628607.txt (Time: 0.20s)
✓ Generated graph n=10000, m=1000000, seed=6764066939395682287, type=UNIFORM -> ./input/random_graphs/graph_10000_1000000_UNIFORM_6764066939395682287.txt (Time: 0.21s)
✓ Generated graph n=10000, m=1000000, seed=9130666990809746335, type=UNIFORM -> ./input/random_graphs/graph_10000_1000000_UNIFORM_9130666990809746335.txt (Time: 0.20s)
✓ Generated graph n=10000, m=1000000, seed=7644420139408884785, type=UNIFORM -> ./input/random_graphs/graph_10000_1000000_UNIFORM_7644420139408884785.txt (Time: 0.21s)
✓ Generated graph n=10000, m=1000000, seed=1458186392400727732, type=UNIFORM -> ./input/random_graphs/graph_10000_1000000_UNIFORM_1458186392400727732.txt (Time: 0.20s)
✓ Generated graph n=10000, m=1000000, seed=1392892770529522614, type=UNIFORM -> ./input/random_graphs/graph_10000_1000000_UNIFORM_1392892770529522614.txt (Time: 0.21s)
✓ Generated graph n=10000, m=1000000, seed=9060210648189963449, type=UNIFORM -> ./input/random_graphs/graph_10000_1000000_UNIFORM_9060210648189963449.txt (Time: 0.21s)
✓ Generated graph n=10000, m=1000000, seed=4250897495980125004, type=UNIFORM -> ./input/random_graphs/graph_10000_1000000_UNIFORM_4250897495980125004.txt (Time: 0.19s)
✓ Generated graph n=10000, m=1000000, seed=5497874167834979553, type=UNIFORM -> ./input/random_graphs/graph_10000_1000000_UNIFORM_5497874167834979553.txt (Time: 0.19s)
✓ Generated graph n=10000, m=1000000, seed=8794274795737982182, type=UNIFORM -> ./input/random_graphs/graph_10000_1000000_UNIFORM_8794274795737982182.txt (Time: 0.20s)
✓ Generated graph n=10000, m=1000000, seed=2089506265998900862, type=UNIFORM -> ./input/random_graphs/graph_10000_1000000_UNIFORM_2089506265998900862.txt (Time: 0.20s)
✓ Generated graph n=10000, m=1000000, seed=4060584409398689268, type=UNIFORM -> ./input/random_graphs/graph_10000_1000000_UNIFORM_4060584409398689268.txt (Time: 0.21s)
✓ Generated graph n=10000, m=1000000, seed=1332005502874566195, type=UNIFORM -> ./input/random_graphs/graph_10000_1000000_UNIFORM_1332005502874566195.txt (Time: 0.20s)
✓ Generated graph n=10000, m=1000000, seed=1722224698700348310, type=UNIFORM -> ./input/random_graphs/graph_10000_1000000_UNIFORM_1722224698700348310.txt (Time: 0.20s)
✓ Generated graph n=10000, m=1000000, seed=8448596294177070022, type=UNIFORM -> ./input/random_graphs/graph_10000_1000000_UNIFORM_8448596294177070022.txt (Time: 0.20s)
✓ Generated graph n=10000, m=1000000, seed=8626102704817790064, type=UNIFORM -> ./input/random_graphs/graph_10000_1000000_UNIFORM_8626102704817790064.txt (Time: 0.21s)
✓ Generated graph n=10000, m=1000000, seed=7905487461282246979, type=UNIFORM -> ./input/random_graphs/graph_10000_1000000_UNIFORM_7905487461282246979.txt (Time: 0.21s)
✓ Generated graph n=10000, m=1000000, seed=1992204328026194281, type=UNIFORM -> ./input/random_graphs/graph_10000_1000000_UNIFORM_1992204328026194281.txt (Time: 0.20s)
✓ Generated graph n=10000, m=1000000, seed=4934890601268679176, type=UNIFORM -> ./input/random_graphs/graph_10000_1000000_UNIFORM_4934890601268679176.txt (Time: 0.21s)
✓ Generated graph n=10000, m=1000000, seed=4795749165124911768, type=UNIFORM -> ./input/random_graphs/graph_10000_1000000_UNIFORM_4795749165124911768.txt (Time: 0.21s)
✓ Generated graph n=10000, m=1000000, seed=9059990922233379852, type=UNIFORM -> ./input/random_graphs/graph_10000_1000000_UNIFORM_9059990922233379852.txt (Time: 0.20s)
✓ Generated graph n=10000, m=1000000, seed=2718103348384927511, type=UNIFORM -> ./input/random_graphs/graph_10000_1000000_UNIFORM_2718103348384927511.txt (Time: 0.21s)
✓ Generated graph n=10000, m=1000000, seed=7118744415197196276, type=UNIFORM -> ./input/random_graphs/graph_10000_1000000_UNIFORM_7118744415197196276.txt (Time: 0.21s)
✓ Generated graph n=10000, m=1000000, seed=7449662661572224354, type=UNIFORM -> ./input/random_graphs/graph_10000_1000000_UNIFORM_7449662661572224354.txt (Time: 0.21s)
✓ Generated graph n=10000, m=1000000, seed=3221421291694197220, type=UNIFORM -> ./input/random_graphs/graph_10000_1000000_UNIFORM_3221421291694197220.txt (Time: 0.20s)
✓ Generated graph n=10000, m=1000000, seed=8867616339855336876, type=UNIFORM -> ./input/random_graphs/graph_10000_1000000_UNIFORM_8867616339855336876.txt (Time: 0.20s)
✓ Generated graph n=10000, m=1000000, seed=5894893360759659423, type=UNIFORM -> ./input/random_graphs/graph_10000_1000000_UNIFORM_5894893360759659423.txt (Time: 0.20s)
✓ Generated graph n=10000, m=1000000, seed=7983805977214098674, type=UNIFORM -> ./input/random_graphs/graph_10000_1000000_UNIFORM_7983805977214098674.txt (Time: 0.20s)
✓ Generated graph n=10000, m=1000000, seed=4940913311242578590, type=UNIFORM -> ./input/random_graphs/graph_10000_1000000_UNIFORM_4940913311242578590.txt (Time: 0.20s)
✓ Generated graph n=10000, m=1000000, seed=2264398621601381987, type=UNIFORM -> ./input/random_graphs/graph_10000_1000000_UNIFORM_2264398621601381987.txt (Time: 0.21s)
✓ Generated graph n=10000, m=1000000, seed=7632458674696225362, type=UNIFORM -> ./input/random_graphs/graph_10000_1000000_UNIFORM_7632458674696225362.txt (Time: 0.20s)
✓ Generated graph n=10000, m=2000000, seed=7871178979383552919, type=UNIFORM -> ./input/random_graphs/graph_10000_2000000_UNIFORM_7871178979383552919.txt (Time: 0.40s)
✓ Generated graph n=10000, m=2000000, seed=6230961512046992311, type=UNIFORM -> ./input/random_graphs/graph_10000_2000000_UNIFORM_6230961512046992311.txt (Time: 0.42s)
✓ Generated graph n=10000, m=2000000, seed=5739955973604961613, type=UNIFORM -> ./input/random_graphs/graph_10000_2000000_UNIFORM_5739955973604961613.txt (Time: 0.41s)
✓ Generated graph n=10000, m=2000000, seed=3881801951614183357, type=UNIFORM -> ./input/random_graphs/graph_10000_2000000_UNIFORM_3881801951614183357.txt (Time: 0.40s)
✓ Generated graph n=10000, m=2000000, seed=7032710160631691991, type=UNIFORM -> ./input/random_graphs/graph_10000_2000000_UNIFORM_7032710160631691991.txt (Time: 0.40s)
✓ Generated graph n=10000, m=2000000, seed=1353182403971399009, type=UNIFORM -> ./input/random_graphs/graph_10000_2000000_UNIFORM_1353182403971399009.txt (Time: 0.39s)
✓ Generated graph n=10000, m=2000000, seed=7599700178212337699, type=UNIFORM -> ./input/random_graphs/graph_10000_2000000_UNIFORM_7599700178212337699.txt (Time: 0.40s)
✓ Generated graph n=10000, m=2000000, seed=6522163754831416203, type=UNIFORM -> ./input/random_graphs/graph_10000_2000000_UNIFORM_6522163754831416203.txt (Time: 0.40s)
✓ Generated graph n=10000, m=2000000, seed=4040737767143389431, type=UNIFORM -> ./input/random_graphs/graph_10000_2000000_UNIFORM_4040737767143389431.txt (Time: 0.40s)
✓ Generated graph n=10000, m=2000000, seed=6938562734920028532, type=UNIFORM -> ./input/random_graphs/graph_10000_2000000_UNIFORM_6938562734920028532.txt (Time: 0.40s)
✓ Generated graph n=10000, m=2000000, seed=1070244953599069350, type=UNIFORM -> ./input/random_graphs/graph_10000_2000000_UNIFORM_1070244953599069350.txt (Time: 0.41s)
✓ Generated graph n=10000, m=2000000, seed=1309542850049879452, type=UNIFORM -> ./input/random_graphs/graph_10000_2000000_UNIFORM_1309542850049879452.txt (Time: 0.40s)
✓ Generated graph n=10000, m=2000000, seed=5906957480796939447, type=UNIFORM -> ./input/random_graphs/graph_10000_2000000_UNIFORM_5906957480796939447.txt (Time: 0.40s)
✓ Generated graph n=10000, m=2000000, seed=2429002973740178792, type=UNIFORM -> ./input/random_graphs/graph_10000_2000000_UNIFORM_2429002973740178792.txt (Time: 0.41s)
✓ Generated graph n=10000, m=2000000, seed=320375091487821987, type=UNIFORM -> ./input/random_graphs/graph_10000_2000000_UNIFORM_320375091487821987.txt (Time: 0.41s)
✓ Generated graph n=10000, m=2000000, seed=1250773459040295677, type=UNIFORM -> ./input/random_graphs/graph_10000_2000000_UNIFORM_1250773459040295677.txt (Time: 0.40s)
✓ Generated graph n=10000, m=2000000, seed=1250005700364523649, type=UNIFORM -> ./input/random_graphs/graph_10000_2000000_UNIFORM_1250005700364523649.txt (Time: 0.42s)
✓ Generated graph n=10000, m=2000000, seed=7663871783842725848, type=UNIFORM -> ./input/random_graphs/graph_10000_2000000_UNIFORM_7663871783842725848.txt (Time: 0.42s)
✓ Generated graph n=10000, m=2000000, seed=3438400432146115956, type=UNIFORM -> ./input/random_graphs/graph_10000_2000000_UNIFORM_3438400432146115956.txt (Time: 0.40s)
✓ Generated graph n=10000, m=2000000, seed=7146860528564146064, type=UNIFORM -> ./input/random_graphs/graph_10000_2000000_UNIFORM_7146860528564146064.txt (Time: 0.41s)
✓ Generated graph n=10000, m=2000000, seed=7473196763798409428, type=UNIFORM -> ./input/random_graphs/graph_10000_2000000_UNIFORM_7473196763798409428.txt (Time: 0.39s)
✓ Generated graph n=10000, m=2000000, seed=5139481885857321791, type=UNIFORM -> ./input/random_graphs/graph_10000_2000000_UNIFORM_5139481885857321791.txt (Time: 0.40s)
✓ Generated graph n=10000, m=2000000, seed=5142811650494845597, type=UNIFORM -> ./input/random_graphs/graph_10000_2000000_UNIFORM_5142811650494845597.txt (Time: 0.41s)
✓ Generated graph n=10000, m=2000000, seed=3010622984418968408, type=UNIFORM -> ./input/random_graphs/graph_10000_2000000_UNIFORM_3010622984418968408.txt (Time: 0.42s)
✓ Generated graph n=10000, m=2000000, seed=6002685213311538187, type=UNIFORM -> ./input/random_graphs/graph_10000_2000000_UNIFORM_6002685213311538187.txt (Time: 0.40s)
✓ Generated graph n=10000, m=2000000, seed=5708372698381010775, type=UNIFORM -> ./input/random_graphs/graph_10000_2000000_UNIFORM_5708372698381010775.txt (Time: 0.41s)
✓ Generated graph n=10000, m=2000000, seed=521787134863155063, type=UNIFORM -> ./input/random_graphs/graph_10000_2000000_UNIFORM_521787134863155063.txt (Time: 0.39s)
✓ Generated graph n=10000, m=2000000, seed=1853590723603270879, type=UNIFORM -> ./input/random_graphs/graph_10000_2000000_UNIFORM_1853590723603270879.txt (Time: 0.40s)
✓ Generated graph n=10000, m=2000000, seed=6785030173969523435, type=UNIFORM -> ./input/random_graphs/graph_10000_2000000_UNIFORM_6785030173969523435.txt (Time: 0.40s)
✓ Generated graph n=10000, m=2000000, seed=1731523882129807996, type=UNIFORM -> ./input/random_graphs/graph_10000_2000000_UNIFORM_1731523882129807996.txt (Time: 0.42s)
✓ Generated graph n=10000, m=2000000, seed=7029781962072644698, type=UNIFORM -> ./input/random_graphs/graph_10000_2000000_UNIFORM_7029781962072644698.txt (Time: 0.41s)
✓ Generated graph n=10000, m=2000000, seed=5529616217668449934, type=UNIFORM -> ./input/random_graphs/graph_10000_2000000_UNIFORM_5529616217668449934.txt (Time: 0.40s)
✓ Generated graph n=10000, m=2000000, seed=1024517563182776983, type=UNIFORM -> ./input/random_graphs/graph_10000_2000000_UNIFORM_1024517563182776983.txt (Time: 0.39s)
✓ Generated graph n=10000, m=2000000, seed=1647170069535670909, type=UNIFORM -> ./input/random_graphs/graph_10000_2000000_UNIFORM_1647170069535670909.txt (Time: 0.40s)
✓ Generated graph n=10000, m=2000000, seed=3224265581699847191, type=UNIFORM -> ./input/random_graphs/graph_10000_2000000_UNIFORM_3224265581699847191.txt (Time: 0.40s)
✓ Generated graph n=10000, m=2000000, seed=5258051056098597521, type=UNIFORM -> ./input/random_graphs/graph_10000_2000000_UNIFORM_5258051056098597521.txt (Time: 0.40s)
✓ Generated graph n=10000, m=2000000, seed=7706236040662210848, type=UNIFORM -> ./input/random_graphs/graph_10000_2000000_UNIFORM_7706236040662210848.txt (Time: 0.40s)
✓ Generated graph n=10000, m=2000000, seed=824387247617288499, type=UNIFORM -> ./input/random_graphs/graph_10000_2000000_UNIFORM_824387247617288499.txt (Time: 0.40s)
✓ Generated graph n=10000, m=2000000, seed=7161906730445628483, type=UNIFORM -> ./input/random_graphs/graph_10000_2000000_UNIFORM_7161906730445628483.txt (Time: 0.39s)
✓ Generated graph n=10000, m=2000000, seed=1632192924771168275, type=UNIFORM -> ./input/random_graphs/graph_10000_2000000_UNIFORM_1632192924771168275.txt (Time: 0.40s)
✓ Generated graph n=10000, m=2000000, seed=6802378520969450157, type=UNIFORM -> ./input/random_graphs/graph_10000_2000000_UNIFORM_6802378520969450157.txt (Time: 0.40s)
✓ Generated graph n=10000, m=2000000, seed=4122784633514911760, type=UNIFORM -> ./input/random_graphs/graph_10000_2000000_UNIFORM_4122784633514911760.txt (Time: 0.41s)
✓ Generated graph n=10000, m=2000000, seed=4552998297316576788, type=UNIFORM -> ./input/random_graphs/graph_10000_2000000_UNIFORM_4552998297316576788.txt (Time: 0.41s)
✓ Generated graph n=10000, m=2000000, seed=6143643868734370809, type=UNIFORM -> ./input/random_graphs/graph_10000_2000000_UNIFORM_6143643868734370809.txt (Time: 0.40s)
✓ Generated graph n=10000, m=2000000, seed=8031431416522537101, type=UNIFORM -> ./input/random_graphs/graph_10000_2000000_UNIFORM_8031431416522537101.txt (Time: 0.41s)
✓ Generated graph n=10000, m=2000000, seed=3272308573967577038, type=UNIFORM -> ./input/random_graphs/graph_10000_2000000_UNIFORM_3272308573967577038.txt (Time: 0.40s)
✓ Generated graph n=10000, m=2000000, seed=5636411189175451024, type=UNIFORM -> ./input/random_graphs/graph_10000_2000000_UNIFORM_5636411189175451024.txt (Time: 0.39s)
✓ Generated graph n=10000, m=2000000, seed=5349491008325879064, type=UNIFORM -> ./input/random_graphs/graph_10000_2000000_UNIFORM_5349491008325879064.txt (Time: 0.40s)
✓ Generated graph n=10000, m=2000000, seed=6614505080519948832, type=UNIFORM -> ./input/random_graphs/graph_10000_2000000_UNIFORM_6614505080519948832.txt (Time: 0.39s)
✓ Generated graph n=10000, m=2000000, seed=7938560551762094560, type=UNIFORM -> ./input/random_graphs/graph_10000_2000000_UNIFORM_7938560551762094560.txt (Time: 0.42s)
✓ Generated graph n=10000, m=2000000, seed=7917045922527545890, type=UNIFORM -> ./input/random_graphs/graph_10000_2000000_UNIFORM_7917045922527545890.txt (Time: 0.39s)
✓ Generated graph n=10000, m=2000000, seed=4445925461710302877, type=UNIFORM -> ./input/random_graphs/graph_10000_2000000_UNIFORM_4445925461710302877.txt (Time: 0.40s)
✓ Generated graph n=10000, m=2000000, seed=3865339568260874865, type=UNIFORM -> ./input/random_graphs/graph_10000_2000000_UNIFORM_3865339568260874865.txt (Time: 0.40s)
✓ Generated graph n=10000, m=2000000, seed=7921282862123281598, type=UNIFORM -> ./input/random_graphs/graph_10000_2000000_UNIFORM_7921282862123281598.txt (Time: 0.40s)
✓ Generated graph n=10000, m=2000000, seed=6224222471595207695, type=UNIFORM -> ./input/random_graphs/graph_10000_2000000_UNIFORM_6224222471595207695.txt (Time: 0.40s)
✓ Generated graph n=10000, m=2000000, seed=716820155901718944, type=UNIFORM -> ./input/random_graphs/graph_10000_2000000_UNIFORM_716820155901718944.txt (Time: 0.41s)
✓ Generated graph n=10000, m=2000000, seed=8718380604043999642, type=UNIFORM -> ./input/random_graphs/graph_10000_2000000_UNIFORM_8718380604043999642.txt (Time: 0.40s)
✓ Generated graph n=10000, m=2000000, seed=1128313391724783137, type=UNIFORM -> ./input/random_graphs/graph_10000_2000000_UNIFORM_1128313391724783137.txt (Time: 0.42s)
✓ Generated graph n=10000, m=2000000, seed=8446481348147407377, type=UNIFORM -> ./input/random_graphs/graph_10000_2000000_UNIFORM_8446481348147407377.txt (Time: 0.39s)
✓ Generated graph n=10000, m=2000000, seed=5063475852268941542, type=UNIFORM -> ./input/random_graphs/graph_10000_2000000_UNIFORM_5063475852268941542.txt (Time: 0.41s)
✓ Generated graph n=10000, m=2000000, seed=4997514996153925447, type=UNIFORM -> ./input/random_graphs/graph_10000_2000000_UNIFORM_4997514996153925447.txt (Time: 0.41s)
✓ Generated graph n=10000, m=2000000, seed=1170385908854608748, type=UNIFORM -> ./input/random_graphs/graph_10000_2000000_UNIFORM_1170385908854608748.txt (Time: 0.39s)
✓ Generated graph n=10000, m=2000000, seed=2909934787168262407, type=UNIFORM -> ./input/random_graphs/graph_10000_2000000_UNIFORM_2909934787168262407.txt (Time: 0.39s)
✓ Generated graph n=10000, m=2000000, seed=3817405844514670994, type=UNIFORM -> ./input/random_graphs/graph_10000_2000000_UNIFORM_3817405844514670994.txt (Time: 0.41s)
✓ Generated graph n=10000, m=2000000, seed=6529943913552561417, type=UNIFORM -> ./input/random_graphs/graph_10000_2000000_UNIFORM_6529943913552561417.txt (Time: 0.41s)
✓ Generated graph n=10000, m=2000000, seed=199422815561151340, type=UNIFORM -> ./input/random_graphs/graph_10000_2000000_UNIFORM_199422815561151340.txt (Time: 0.40s)
✓ Generated graph n=10000, m=2000000, seed=6764066939395682287, type=UNIFORM -> ./input/random_graphs/graph_10000_2000000_UNIFORM_6764066939395682287.txt (Time: 0.39s)
✓ Generated graph n=10000, m=2000000, seed=6022436717541034636, type=UNIFORM -> ./input/random_graphs/graph_10000_2000000_UNIFORM_6022436717541034636.txt (Time: 0.41s)
✓ Generated graph n=10000, m=2000000, seed=175493991617213850, type=UNIFORM -> ./input/random_graphs/graph_10000_2000000_UNIFORM_175493991617213850.txt (Time: 0.40s)
✓ Generated graph n=10000, m=2000000, seed=3713827327871807734, type=UNIFORM -> ./input/random_graphs/graph_10000_2000000_UNIFORM_3713827327871807734.txt (Time: 0.41s)
✓ Generated graph n=10000, m=2000000, seed=9130666990809746335, type=UNIFORM -> ./input/random_graphs/graph_10000_2000000_UNIFORM_9130666990809746335.txt (Time: 0.40s)
✓ Generated graph n=10000, m=2000000, seed=5108599054664628607, type=UNIFORM -> ./input/random_graphs/graph_10000_2000000_UNIFORM_5108599054664628607.txt (Time: 0.41s)
✓ Generated graph n=10000, m=2000000, seed=7644420139408884785, type=UNIFORM -> ./input/random_graphs/graph_10000_2000000_UNIFORM_7644420139408884785.txt (Time: 0.39s)
✓ Generated graph n=10000, m=2000000, seed=1458186392400727732, type=UNIFORM -> ./input/random_graphs/graph_10000_2000000_UNIFORM_1458186392400727732.txt (Time: 0.40s)
✓ Generated graph n=10000, m=2000000, seed=1392892770529522614, type=UNIFORM -> ./input/random_graphs/graph_10000_2000000_UNIFORM_1392892770529522614.txt (Time: 0.40s)
✓ Generated graph n=10000, m=2000000, seed=4250897495980125004, type=UNIFORM -> ./input/random_graphs/graph_10000_2000000_UNIFORM_4250897495980125004.txt (Time: 0.39s)
✓ Generated graph n=10000, m=2000000, seed=9060210648189963449, type=UNIFORM -> ./input/random_graphs/graph_10000_2000000_UNIFORM_9060210648189963449.txt (Time: 0.41s)
✓ Generated graph n=10000, m=2000000, seed=8794274795737982182, type=UNIFORM -> ./input/random_graphs/graph_10000_2000000_UNIFORM_8794274795737982182.txt (Time: 0.40s)
✓ Generated graph n=10000, m=2000000, seed=2089506265998900862, type=UNIFORM -> ./input/random_graphs/graph_10000_2000000_UNIFORM_2089506265998900862.txt (Time: 0.40s)
✓ Generated graph n=10000, m=2000000, seed=4060584409398689268, type=UNIFORM -> ./input/random_graphs/graph_10000_2000000_UNIFORM_4060584409398689268.txt (Time: 0.39s)
✓ Generated graph n=10000, m=2000000, seed=8626102704817790064, type=UNIFORM -> ./input/random_graphs/graph_10000_2000000_UNIFORM_8626102704817790064.txt (Time: 0.39s)
✓ Generated graph n=10000, m=2000000, seed=5497874167834979553, type=UNIFORM -> ./input/random_graphs/graph_10000_2000000_UNIFORM_5497874167834979553.txt (Time: 0.42s)
✓ Generated graph n=10000, m=2000000, seed=1722224698700348310, type=UNIFORM -> ./input/random_graphs/graph_10000_2000000_UNIFORM_1722224698700348310.txt (Time: 0.40s)
✓ Generated graph n=10000, m=2000000, seed=1332005502874566195, type=UNIFORM -> ./input/random_graphs/graph_10000_2000000_UNIFORM_1332005502874566195.txt (Time: 0.41s)
✓ Generated graph n=10000, m=2000000, seed=4795749165124911768, type=UNIFORM -> ./input/random_graphs/graph_10000_2000000_UNIFORM_4795749165124911768.txt (Time: 0.39s)
✓ Generated graph n=10000, m=2000000, seed=7905487461282246979, type=UNIFORM -> ./input/random_graphs/graph_10000_2000000_UNIFORM_7905487461282246979.txt (Time: 0.40s)
✓ Generated graph n=10000, m=2000000, seed=4934890601268679176, type=UNIFORM -> ./input/random_graphs/graph_10000_2000000_UNIFORM_4934890601268679176.txt (Time: 0.39s)
✓ Generated graph n=10000, m=2000000, seed=8448596294177070022, type=UNIFORM -> ./input/random_graphs/graph_10000_2000000_UNIFORM_8448596294177070022.txt (Time: 0.40s)
✓ Generated graph n=10000, m=2000000, seed=1992204328026194281, type=UNIFORM -> ./input/random_graphs/graph_10000_2000000_UNIFORM_1992204328026194281.txt (Time: 0.39s)
✓ Generated graph n=10000, m=2000000, seed=2718103348384927511, type=UNIFORM -> ./input/random_graphs/graph_10000_2000000_UNIFORM_2718103348384927511.txt (Time: 0.39s)
✓ Generated graph n=10000, m=2000000, seed=9059990922233379852, type=UNIFORM -> ./input/random_graphs/graph_10000_2000000_UNIFORM_9059990922233379852.txt (Time: 0.39s)
✓ Generated graph n=10000, m=2000000, seed=3221421291694197220, type=UNIFORM -> ./input/random_graphs/graph_10000_2000000_UNIFORM_3221421291694197220.txt (Time: 0.40s)
✓ Generated graph n=10000, m=2000000, seed=7118744415197196276, type=UNIFORM -> ./input/random_graphs/graph_10000_2000000_UNIFORM_7118744415197196276.txt (Time: 0.42s)
✓ Generated graph n=10000, m=2000000, seed=5894893360759659423, type=UNIFORM -> ./input/random_graphs/graph_10000_2000000_UNIFORM_5894893360759659423.txt (Time: 0.39s)
✓ Generated graph n=10000, m=2000000, seed=7449662661572224354, type=UNIFORM -> ./input/random_graphs/graph_10000_2000000_UNIFORM_7449662661572224354.txt (Time: 0.40s)
✓ Generated graph n=10000, m=2000000, seed=4940913311242578590, type=UNIFORM -> ./input/random_graphs/graph_10000_2000000_UNIFORM_4940913311242578590.txt (Time: 0.39s)
✓ Generated graph n=10000, m=2000000, seed=8867616339855336876, type=UNIFORM -> ./input/random_graphs/graph_10000_2000000_UNIFORM_8867616339855336876.txt (Time: 0.41s)
✓ Generated graph n=10000, m=2000000, seed=7983805977214098674, type=UNIFORM -> ./input/random_graphs/graph_10000_2000000_UNIFORM_7983805977214098674.txt (Time: 0.41s)
✓ Generated graph n=10000, m=2000000, seed=2264398621601381987, type=UNIFORM -> ./input/random_graphs/graph_10000_2000000_UNIFORM_2264398621601381987.txt (Time: 0.39s)
✓ Generated graph n=10000, m=2000000, seed=7632458674696225362, type=UNIFORM -> ./input/random_graphs/graph_10000_2000000_UNIFORM_7632458674696225362.txt (Time: 0.40s)
✓ Generated graph n=10000, m=4000000, seed=7871178979383552919, type=UNIFORM -> ./input/random_graphs/graph_10000_4000000_UNIFORM_7871178979383552919.txt (Time: 0.80s)
✓ Generated graph n=10000, m=4000000, seed=6938562734920028532, type=UNIFORM -> ./input/random_graphs/graph_10000_4000000_UNIFORM_6938562734920028532.txt (Time: 0.73s)
✓ Generated graph n=10000, m=4000000, seed=6230961512046992311, type=UNIFORM -> ./input/random_graphs/graph_10000_4000000_UNIFORM_6230961512046992311.txt (Time: 0.83s)
✓ Generated graph n=10000, m=4000000, seed=3881801951614183357, type=UNIFORM -> ./input/random_graphs/graph_10000_4000000_UNIFORM_3881801951614183357.txt (Time: 0.80s)
✓ Generated graph n=10000, m=4000000, seed=5739955973604961613, type=UNIFORM -> ./input/random_graphs/graph_10000_4000000_UNIFORM_5739955973604961613.txt (Time: 0.81s)
✓ Generated graph n=10000, m=4000000, seed=7599700178212337699, type=UNIFORM -> ./input/random_graphs/graph_10000_4000000_UNIFORM_7599700178212337699.txt (Time: 0.79s)
✓ Generated graph n=10000, m=4000000, seed=1250005700364523649, type=UNIFORM -> ./input/random_graphs/graph_10000_4000000_UNIFORM_1250005700364523649.txt (Time: 0.78s)
✓ Generated graph n=10000, m=4000000, seed=1353182403971399009, type=UNIFORM -> ./input/random_graphs/graph_10000_4000000_UNIFORM_1353182403971399009.txt (Time: 0.80s)
✓ Generated graph n=10000, m=4000000, seed=7032710160631691991, type=UNIFORM -> ./input/random_graphs/graph_10000_4000000_UNIFORM_7032710160631691991.txt (Time: 0.81s)
✓ Generated graph n=10000, m=4000000, seed=6522163754831416203, type=UNIFORM -> ./input/random_graphs/graph_10000_4000000_UNIFORM_6522163754831416203.txt (Time: 0.80s)
✓ Generated graph n=10000, m=4000000, seed=4040737767143389431, type=UNIFORM -> ./input/random_graphs/graph_10000_4000000_UNIFORM_4040737767143389431.txt (Time: 0.80s)
✓ Generated graph n=10000, m=4000000, seed=1070244953599069350, type=UNIFORM -> ./input/random_graphs/graph_10000_4000000_UNIFORM_1070244953599069350.txt (Time: 0.81s)
✓ Generated graph n=10000, m=4000000, seed=1309542850049879452, type=UNIFORM -> ./input/random_graphs/graph_10000_4000000_UNIFORM_1309542850049879452.txt (Time: 0.79s)
✓ Generated graph n=10000, m=4000000, seed=7663871783842725848, type=UNIFORM -> ./input/random_graphs/graph_10000_4000000_UNIFORM_7663871783842725848.txt (Time: 0.81s)
✓ Generated graph n=10000, m=4000000, seed=2429002973740178792, type=UNIFORM -> ./input/random_graphs/graph_10000_4000000_UNIFORM_2429002973740178792.txt (Time: 0.82s)
✓ Generated graph n=10000, m=4000000, seed=5139481885857321791, type=UNIFORM -> ./input/random_graphs/graph_10000_4000000_UNIFORM_5139481885857321791.txt (Time: 0.78s)
✓ Generated graph n=10000, m=4000000, seed=5906957480796939447, type=UNIFORM -> ./input/random_graphs/graph_10000_4000000_UNIFORM_5906957480796939447.txt (Time: 0.81s)
✓ Generated graph n=10000, m=4000000, seed=7473196763798409428, type=UNIFORM -> ./input/random_graphs/graph_10000_4000000_UNIFORM_7473196763798409428.txt (Time: 0.79s)
✓ Generated graph n=10000, m=4000000, seed=320375091487821987, type=UNIFORM -> ./input/random_graphs/graph_10000_4000000_UNIFORM_320375091487821987.txt (Time: 0.82s)
✓ Generated graph n=10000, m=4000000, seed=7146860528564146064, type=UNIFORM -> ./input/random_graphs/graph_10000_4000000_UNIFORM_7146860528564146064.txt (Time: 0.81s)
✓ Generated graph n=10000, m=4000000, seed=1250773459040295677, type=UNIFORM -> ./input/random_graphs/graph_10000_4000000_UNIFORM_1250773459040295677.txt (Time: 0.84s)
✓ Generated graph n=10000, m=4000000, seed=3010622984418968408, type=UNIFORM -> ./input/random_graphs/graph_10000_4000000_UNIFORM_3010622984418968408.txt (Time: 0.79s)
✓ Generated graph n=10000, m=4000000, seed=3438400432146115956, type=UNIFORM -> ./input/random_graphs/graph_10000_4000000_UNIFORM_3438400432146115956.txt (Time: 0.84s)
✓ Generated graph n=10000, m=4000000, seed=5142811650494845597, type=UNIFORM -> ./input/random_graphs/graph_10000_4000000_UNIFORM_5142811650494845597.txt (Time: 0.82s)
✓ Generated graph n=10000, m=4000000, seed=6002685213311538187, type=UNIFORM -> ./input/random_graphs/graph_10000_4000000_UNIFORM_6002685213311538187.txt (Time: 0.81s)
✓ Generated graph n=10000, m=4000000, seed=3224265581699847191, type=UNIFORM -> ./input/random_graphs/graph_10000_4000000_UNIFORM_3224265581699847191.txt (Time: 0.60s)
✓ Generated graph n=10000, m=4000000, seed=521787134863155063, type=UNIFORM -> ./input/random_graphs/graph_10000_4000000_UNIFORM_521787134863155063.txt (Time: 0.76s)
✓ Generated graph n=10000, m=4000000, seed=5708372698381010775, type=UNIFORM -> ./input/random_graphs/graph_10000_4000000_UNIFORM_5708372698381010775.txt (Time: 0.80s)
✓ Generated graph n=10000, m=4000000, seed=6143643868734370809, type=UNIFORM -> ./input/random_graphs/graph_10000_4000000_UNIFORM_6143643868734370809.txt (Time: 0.70s)
✓ Generated graph n=10000, m=4000000, seed=5529616217668449934, type=UNIFORM -> ./input/random_graphs/graph_10000_4000000_UNIFORM_5529616217668449934.txt (Time: 0.76s)
✓ Generated graph n=10000, m=4000000, seed=7029781962072644698, type=UNIFORM -> ./input/random_graphs/graph_10000_4000000_UNIFORM_7029781962072644698.txt (Time: 0.79s)
✓ Generated graph n=10000, m=4000000, seed=1024517563182776983, type=UNIFORM -> ./input/random_graphs/graph_10000_4000000_UNIFORM_1024517563182776983.txt (Time: 0.77s)
✓ Generated graph n=10000, m=4000000, seed=1731523882129807996, type=UNIFORM -> ./input/random_graphs/graph_10000_4000000_UNIFORM_1731523882129807996.txt (Time: 0.81s)
✓ Generated graph n=10000, m=4000000, seed=5258051056098597521, type=UNIFORM -> ./input/random_graphs/graph_10000_4000000_UNIFORM_5258051056098597521.txt (Time: 0.78s)
✓ Generated graph n=10000, m=4000000, seed=7706236040662210848, type=UNIFORM -> ./input/random_graphs/graph_10000_4000000_UNIFORM_7706236040662210848.txt (Time: 0.77s)
✓ Generated graph n=10000, m=4000000, seed=1853590723603270879, type=UNIFORM -> ./input/random_graphs/graph_10000_4000000_UNIFORM_1853590723603270879.txt (Time: 0.82s)
✓ Generated graph n=10000, m=4000000, seed=6785030173969523435, type=UNIFORM -> ./input/random_graphs/graph_10000_4000000_UNIFORM_6785030173969523435.txt (Time: 0.81s)
✓ Generated graph n=10000, m=4000000, seed=1647170069535670909, type=UNIFORM -> ./input/random_graphs/graph_10000_4000000_UNIFORM_1647170069535670909.txt (Time: 0.80s)
✓ Generated graph n=10000, m=4000000, seed=4122784633514911760, type=UNIFORM -> ./input/random_graphs/graph_10000_4000000_UNIFORM_4122784633514911760.txt (Time: 0.80s)
✓ Generated graph n=10000, m=4000000, seed=7161906730445628483, type=UNIFORM -> ./input/random_graphs/graph_10000_4000000_UNIFORM_7161906730445628483.txt (Time: 0.77s)
✓ Generated graph n=10000, m=4000000, seed=824387247617288499, type=UNIFORM -> ./input/random_graphs/graph_10000_4000000_UNIFORM_824387247617288499.txt (Time: 0.80s)
✓ Generated graph n=10000, m=4000000, seed=1632192924771168275, type=UNIFORM -> ./input/random_graphs/graph_10000_4000000_UNIFORM_1632192924771168275.txt (Time: 0.81s)
✓ Generated graph n=10000, m=4000000, seed=8031431416522537101, type=UNIFORM -> ./input/random_graphs/graph_10000_4000000_UNIFORM_8031431416522537101.txt (Time: 0.81s)
✓ Generated graph n=10000, m=4000000, seed=6614505080519948832, type=UNIFORM -> ./input/random_graphs/graph_10000_4000000_UNIFORM_6614505080519948832.txt (Time: 0.77s)
✓ Generated graph n=10000, m=4000000, seed=3272308573967577038, type=UNIFORM -> ./input/random_graphs/graph_10000_4000000_UNIFORM_3272308573967577038.txt (Time: 0.77s)
✓ Generated graph n=10000, m=4000000, seed=6802378520969450157, type=UNIFORM -> ./input/random_graphs/graph_10000_4000000_UNIFORM_6802378520969450157.txt (Time: 0.81s)
✓ Generated graph n=10000, m=4000000, seed=4552998297316576788, type=UNIFORM -> ./input/random_graphs/graph_10000_4000000_UNIFORM_4552998297316576788.txt (Time: 0.81s)
✓ Generated graph n=10000, m=4000000, seed=5636411189175451024, type=UNIFORM -> ./input/random_graphs/graph_10000_4000000_UNIFORM_5636411189175451024.txt (Time: 0.82s)
✓ Generated graph n=10000, m=4000000, seed=5349491008325879064, type=UNIFORM -> ./input/random_graphs/graph_10000_4000000_UNIFORM_5349491008325879064.txt (Time: 0.82s)
✓ Generated graph n=10000, m=4000000, seed=7938560551762094560, type=UNIFORM -> ./input/random_graphs/graph_10000_4000000_UNIFORM_7938560551762094560.txt (Time: 0.77s)
✓ Generated graph n=10000, m=4000000, seed=7917045922527545890, type=UNIFORM -> ./input/random_graphs/graph_10000_4000000_UNIFORM_7917045922527545890.txt (Time: 0.78s)
✓ Generated graph n=10000, m=4000000, seed=4445925461710302877, type=UNIFORM -> ./input/random_graphs/graph_10000_4000000_UNIFORM_4445925461710302877.txt (Time: 0.77s)
✓ Generated graph n=10000, m=4000000, seed=6224222471595207695, type=UNIFORM -> ./input/random_graphs/graph_10000_4000000_UNIFORM_6224222471595207695.txt (Time: 0.77s)
✓ Generated graph n=10000, m=4000000, seed=716820155901718944, type=UNIFORM -> ./input/random_graphs/graph_10000_4000000_UNIFORM_716820155901718944.txt (Time: 0.77s)
✓ Generated graph n=10000, m=4000000, seed=7921282862123281598, type=UNIFORM -> ./input/random_graphs/graph_10000_4000000_UNIFORM_7921282862123281598.txt (Time: 0.79s)
✓ Generated graph n=10000, m=4000000, seed=8446481348147407377, type=UNIFORM -> ./input/random_graphs/graph_10000_4000000_UNIFORM_8446481348147407377.txt (Time: 0.77s)
✓ Generated graph n=10000, m=4000000, seed=1128313391724783137, type=UNIFORM -> ./input/random_graphs/graph_10000_4000000_UNIFORM_1128313391724783137.txt (Time: 0.79s)
✓ Generated graph n=10000, m=4000000, seed=3865339568260874865, type=UNIFORM -> ./input/random_graphs/graph_10000_4000000_UNIFORM_3865339568260874865.txt (Time: 0.82s)
✓ Generated graph n=10000, m=4000000, seed=5063475852268941542, type=UNIFORM -> ./input/random_graphs/graph_10000_4000000_UNIFORM_5063475852268941542.txt (Time: 0.78s)
✓ Generated graph n=10000, m=4000000, seed=8718380604043999642, type=UNIFORM -> ./input/random_graphs/graph_10000_4000000_UNIFORM_8718380604043999642.txt (Time: 0.79s)
✓ Generated graph n=10000, m=4000000, seed=4997514996153925447, type=UNIFORM -> ./input/random_graphs/graph_10000_4000000_UNIFORM_4997514996153925447.txt (Time: 0.78s)
✓ Generated graph n=10000, m=4000000, seed=2909934787168262407, type=UNIFORM -> ./input/random_graphs/graph_10000_4000000_UNIFORM_2909934787168262407.txt (Time: 0.80s)
✓ Generated graph n=10000, m=4000000, seed=1170385908854608748, type=UNIFORM -> ./input/random_graphs/graph_10000_4000000_UNIFORM_1170385908854608748.txt (Time: 0.80s)
✓ Generated graph n=10000, m=4000000, seed=3817405844514670994, type=UNIFORM -> ./input/random_graphs/graph_10000_4000000_UNIFORM_3817405844514670994.txt (Time: 0.82s)
✓ Generated graph n=10000, m=4000000, seed=6022436717541034636, type=UNIFORM -> ./input/random_graphs/graph_10000_4000000_UNIFORM_6022436717541034636.txt (Time: 0.79s)
✓ Generated graph n=10000, m=4000000, seed=3713827327871807734, type=UNIFORM -> ./input/random_graphs/graph_10000_4000000_UNIFORM_3713827327871807734.txt (Time: 0.77s)
✓ Generated graph n=10000, m=4000000, seed=6529943913552561417, type=UNIFORM -> ./input/random_graphs/graph_10000_4000000_UNIFORM_6529943913552561417.txt (Time: 0.82s)
✓ Generated graph n=10000, m=4000000, seed=5108599054664628607, type=UNIFORM -> ./input/random_graphs/graph_10000_4000000_UNIFORM_5108599054664628607.txt (Time: 0.77s)
✓ Generated graph n=10000, m=4000000, seed=175493991617213850, type=UNIFORM -> ./input/random_graphs/graph_10000_4000000_UNIFORM_175493991617213850.txt (Time: 0.79s)
✓ Generated graph n=10000, m=4000000, seed=199422815561151340, type=UNIFORM -> ./input/random_graphs/graph_10000_4000000_UNIFORM_199422815561151340.txt (Time: 0.80s)
✓ Generated graph n=10000, m=4000000, seed=6764066939395682287, type=UNIFORM -> ./input/random_graphs/graph_10000_4000000_UNIFORM_6764066939395682287.txt (Time: 0.79s)
✓ Generated graph n=10000, m=4000000, seed=9130666990809746335, type=UNIFORM -> ./input/random_graphs/graph_10000_4000000_UNIFORM_9130666990809746335.txt (Time: 0.79s)
✓ Generated graph n=10000, m=4000000, seed=7644420139408884785, type=UNIFORM -> ./input/random_graphs/graph_10000_4000000_UNIFORM_7644420139408884785.txt (Time: 0.75s)
✓ Generated graph n=10000, m=4000000, seed=1458186392400727732, type=UNIFORM -> ./input/random_graphs/graph_10000_4000000_UNIFORM_1458186392400727732.txt (Time: 0.78s)
✓ Generated graph n=10000, m=4000000, seed=1392892770529522614, type=UNIFORM -> ./input/random_graphs/graph_10000_4000000_UNIFORM_1392892770529522614.txt (Time: 0.82s)
✓ Generated graph n=10000, m=4000000, seed=1992204328026194281, type=UNIFORM -> ./input/random_graphs/graph_10000_4000000_UNIFORM_1992204328026194281.txt (Time: 0.47s)
✓ Generated graph n=10000, m=4000000, seed=9060210648189963449, type=UNIFORM -> ./input/random_graphs/graph_10000_4000000_UNIFORM_9060210648189963449.txt (Time: 0.79s)
✓ Generated graph n=10000, m=4000000, seed=4250897495980125004, type=UNIFORM -> ./input/random_graphs/graph_10000_4000000_UNIFORM_4250897495980125004.txt (Time: 0.77s)
✓ Generated graph n=10000, m=4000000, seed=8794274795737982182, type=UNIFORM -> ./input/random_graphs/graph_10000_4000000_UNIFORM_8794274795737982182.txt (Time: 0.78s)
✓ Generated graph n=10000, m=4000000, seed=2089506265998900862, type=UNIFORM -> ./input/random_graphs/graph_10000_4000000_UNIFORM_2089506265998900862.txt (Time: 0.77s)
✓ Generated graph n=10000, m=4000000, seed=5497874167834979553, type=UNIFORM -> ./input/random_graphs/graph_10000_4000000_UNIFORM_5497874167834979553.txt (Time: 0.79s)
✓ Generated graph n=10000, m=4000000, seed=4060584409398689268, type=UNIFORM -> ./input/random_graphs/graph_10000_4000000_UNIFORM_4060584409398689268.txt (Time: 0.77s)
✓ Generated graph n=10000, m=4000000, seed=1722224698700348310, type=UNIFORM -> ./input/random_graphs/graph_10000_4000000_UNIFORM_1722224698700348310.txt (Time: 0.79s)
✓ Generated graph n=10000, m=4000000, seed=1332005502874566195, type=UNIFORM -> ./input/random_graphs/graph_10000_4000000_UNIFORM_1332005502874566195.txt (Time: 0.81s)
✓ Generated graph n=10000, m=4000000, seed=8626102704817790064, type=UNIFORM -> ./input/random_graphs/graph_10000_4000000_UNIFORM_8626102704817790064.txt (Time: 0.80s)
✓ Generated graph n=10000, m=4000000, seed=8448596294177070022, type=UNIFORM -> ./input/random_graphs/graph_10000_4000000_UNIFORM_8448596294177070022.txt (Time: 0.80s)
✓ Generated graph n=10000, m=4000000, seed=7905487461282246979, type=UNIFORM -> ./input/random_graphs/graph_10000_4000000_UNIFORM_7905487461282246979.txt (Time: 0.82s)
✓ Generated graph n=10000, m=4000000, seed=2718103348384927511, type=UNIFORM -> ./input/random_graphs/graph_10000_4000000_UNIFORM_2718103348384927511.txt (Time: 0.77s)
✓ Generated graph n=10000, m=4000000, seed=7118744415197196276, type=UNIFORM -> ./input/random_graphs/graph_10000_4000000_UNIFORM_7118744415197196276.txt (Time: 0.79s)
✓ Generated graph n=10000, m=4000000, seed=4934890601268679176, type=UNIFORM -> ./input/random_graphs/graph_10000_4000000_UNIFORM_4934890601268679176.txt (Time: 0.80s)
✓ Generated graph n=10000, m=4000000, seed=7449662661572224354, type=UNIFORM -> ./input/random_graphs/graph_10000_4000000_UNIFORM_7449662661572224354.txt (Time: 0.78s)
✓ Generated graph n=10000, m=4000000, seed=4795749165124911768, type=UNIFORM -> ./input/random_graphs/graph_10000_4000000_UNIFORM_4795749165124911768.txt (Time: 0.81s)
✓ Generated graph n=10000, m=4000000, seed=3221421291694197220, type=UNIFORM -> ./input/random_graphs/graph_10000_4000000_UNIFORM_3221421291694197220.txt (Time: 0.77s)
✓ Generated graph n=10000, m=4000000, seed=7983805977214098674, type=UNIFORM -> ./input/random_graphs/graph_10000_4000000_UNIFORM_7983805977214098674.txt (Time: 0.79s)
✓ Generated graph n=10000, m=4000000, seed=5894893360759659423, type=UNIFORM -> ./input/random_graphs/graph_10000_4000000_UNIFORM_5894893360759659423.txt (Time: 0.80s)
✓ Generated graph n=10000, m=4000000, seed=9059990922233379852, type=UNIFORM -> ./input/random_graphs/graph_10000_4000000_UNIFORM_9059990922233379852.txt (Time: 0.82s)
✓ Generated graph n=10000, m=4000000, seed=8867616339855336876, type=UNIFORM -> ./input/random_graphs/graph_10000_4000000_UNIFORM_8867616339855336876.txt (Time: 0.81s)
✓ Generated graph n=10000, m=4000000, seed=2264398621601381987, type=UNIFORM -> ./input/random_graphs/graph_10000_4000000_UNIFORM_2264398621601381987.txt (Time: 0.78s)
✓ Generated graph n=10000, m=4000000, seed=4940913311242578590, type=UNIFORM -> ./input/random_graphs/graph_10000_4000000_UNIFORM_4940913311242578590.txt (Time: 0.81s)
✓ Generated graph n=10000, m=4000000, seed=7632458674696225362, type=UNIFORM -> ./input/random_graphs/graph_10000_4000000_UNIFORM_7632458674696225362.txt (Time: 0.79s)
✓ Generated graph n=10000, m=6000000, seed=6230961512046992311, type=UNIFORM -> ./input/random_graphs/graph_10000_6000000_UNIFORM_6230961512046992311.txt (Time: 0.71s)
✓ Generated graph n=10000, m=6000000, seed=7871178979383552919, type=UNIFORM -> ./input/random_graphs/graph_10000_6000000_UNIFORM_7871178979383552919.txt (Time: 1.16s)
✓ Generated graph n=10000, m=6000000, seed=5739955973604961613, type=UNIFORM -> ./input/random_graphs/graph_10000_6000000_UNIFORM_5739955973604961613.txt (Time: 1.19s)
✓ Generated graph n=10000, m=6000000, seed=3881801951614183357, type=UNIFORM -> ./input/random_graphs/graph_10000_6000000_UNIFORM_3881801951614183357.txt (Time: 1.16s)
✓ Generated graph n=10000, m=6000000, seed=7032710160631691991, type=UNIFORM -> ./input/random_graphs/graph_10000_6000000_UNIFORM_7032710160631691991.txt (Time: 1.16s)
✓ Generated graph n=10000, m=6000000, seed=7599700178212337699, type=UNIFORM -> ./input/random_graphs/graph_10000_6000000_UNIFORM_7599700178212337699.txt (Time: 1.18s)
✓ Generated graph n=10000, m=6000000, seed=1353182403971399009, type=UNIFORM -> ./input/random_graphs/graph_10000_6000000_UNIFORM_1353182403971399009.txt (Time: 1.19s)
✓ Generated graph n=10000, m=6000000, seed=5708372698381010775, type=UNIFORM -> ./input/random_graphs/graph_10000_6000000_UNIFORM_5708372698381010775.txt (Time: 0.74s)
✓ Generated graph n=10000, m=6000000, seed=1070244953599069350, type=UNIFORM -> ./input/random_graphs/graph_10000_6000000_UNIFORM_1070244953599069350.txt (Time: 1.20s)
✓ Generated graph n=10000, m=6000000, seed=4040737767143389431, type=UNIFORM -> ./input/random_graphs/graph_10000_6000000_UNIFORM_4040737767143389431.txt (Time: 1.19s)
✓ Generated graph n=10000, m=6000000, seed=6938562734920028532, type=UNIFORM -> ./input/random_graphs/graph_10000_6000000_UNIFORM_6938562734920028532.txt (Time: 1.20s)
✓ Generated graph n=10000, m=6000000, seed=1309542850049879452, type=UNIFORM -> ./input/random_graphs/graph_10000_6000000_UNIFORM_1309542850049879452.txt (Time: 1.18s)
✓ Generated graph n=10000, m=6000000, seed=1250005700364523649, type=UNIFORM -> ./input/random_graphs/graph_10000_6000000_UNIFORM_1250005700364523649.txt (Time: 1.19s)
✓ Generated graph n=10000, m=6000000, seed=5906957480796939447, type=UNIFORM -> ./input/random_graphs/graph_10000_6000000_UNIFORM_5906957480796939447.txt (Time: 1.16s)
✓ Generated graph n=10000, m=6000000, seed=6522163754831416203, type=UNIFORM -> ./input/random_graphs/graph_10000_6000000_UNIFORM_6522163754831416203.txt (Time: 1.22s)
✓ Generated graph n=10000, m=6000000, seed=3438400432146115956, type=UNIFORM -> ./input/random_graphs/graph_10000_6000000_UNIFORM_3438400432146115956.txt (Time: 1.15s)
✓ Generated graph n=10000, m=6000000, seed=320375091487821987, type=UNIFORM -> ./input/random_graphs/graph_10000_6000000_UNIFORM_320375091487821987.txt (Time: 1.21s)
✓ Generated graph n=10000, m=6000000, seed=2429002973740178792, type=UNIFORM -> ./input/random_graphs/graph_10000_6000000_UNIFORM_2429002973740178792.txt (Time: 1.22s)
✓ Generated graph n=10000, m=6000000, seed=7663871783842725848, type=UNIFORM -> ./input/random_graphs/graph_10000_6000000_UNIFORM_7663871783842725848.txt (Time: 1.22s)
✓ Generated graph n=10000, m=6000000, seed=7146860528564146064, type=UNIFORM -> ./input/random_graphs/graph_10000_6000000_UNIFORM_7146860528564146064.txt (Time: 1.19s)
✓ Generated graph n=10000, m=6000000, seed=5142811650494845597, type=UNIFORM -> ./input/random_graphs/graph_10000_6000000_UNIFORM_5142811650494845597.txt (Time: 1.17s)
✓ Generated graph n=10000, m=6000000, seed=7473196763798409428, type=UNIFORM -> ./input/random_graphs/graph_10000_6000000_UNIFORM_7473196763798409428.txt (Time: 1.19s)
✓ Generated graph n=10000, m=6000000, seed=1250773459040295677, type=UNIFORM -> ./input/random_graphs/graph_10000_6000000_UNIFORM_1250773459040295677.txt (Time: 1.23s)
✓ Generated graph n=10000, m=6000000, seed=3010622984418968408, type=UNIFORM -> ./input/random_graphs/graph_10000_6000000_UNIFORM_3010622984418968408.txt (Time: 1.18s)
✓ Generated graph n=10000, m=6000000, seed=5139481885857321791, type=UNIFORM -> ./input/random_graphs/graph_10000_6000000_UNIFORM_5139481885857321791.txt (Time: 1.23s)
✓ Generated graph n=10000, m=6000000, seed=6002685213311538187, type=UNIFORM -> ./input/random_graphs/graph_10000_6000000_UNIFORM_6002685213311538187.txt (Time: 1.18s)
✓ Generated graph n=10000, m=6000000, seed=521787134863155063, type=UNIFORM -> ./input/random_graphs/graph_10000_6000000_UNIFORM_521787134863155063.txt (Time: 1.14s)
✓ Generated graph n=10000, m=6000000, seed=1731523882129807996, type=UNIFORM -> ./input/random_graphs/graph_10000_6000000_UNIFORM_1731523882129807996.txt (Time: 1.18s)
✓ Generated graph n=10000, m=6000000, seed=7029781962072644698, type=UNIFORM -> ./input/random_graphs/graph_10000_6000000_UNIFORM_7029781962072644698.txt (Time: 1.18s)
✓ Generated graph n=10000, m=6000000, seed=1853590723603270879, type=UNIFORM -> ./input/random_graphs/graph_10000_6000000_UNIFORM_1853590723603270879.txt (Time: 1.20s)
✓ Generated graph n=10000, m=6000000, seed=6785030173969523435, type=UNIFORM -> ./input/random_graphs/graph_10000_6000000_UNIFORM_6785030173969523435.txt (Time: 1.16s)
✓ Generated graph n=10000, m=6000000, seed=1024517563182776983, type=UNIFORM -> ./input/random_graphs/graph_10000_6000000_UNIFORM_1024517563182776983.txt (Time: 1.18s)
✓ Generated graph n=10000, m=6000000, seed=4122784633514911760, type=UNIFORM -> ./input/random_graphs/graph_10000_6000000_UNIFORM_4122784633514911760.txt (Time: 1.17s)
✓ Generated graph n=10000, m=6000000, seed=5529616217668449934, type=UNIFORM -> ./input/random_graphs/graph_10000_6000000_UNIFORM_5529616217668449934.txt (Time: 1.22s)
✓ Generated graph n=10000, m=6000000, seed=1632192924771168275, type=UNIFORM -> ./input/random_graphs/graph_10000_6000000_UNIFORM_1632192924771168275.txt (Time: 1.17s)
✓ Generated graph n=10000, m=6000000, seed=1647170069535670909, type=UNIFORM -> ./input/random_graphs/graph_10000_6000000_UNIFORM_1647170069535670909.txt (Time: 1.19s)
✓ Generated graph n=10000, m=6000000, seed=3224265581699847191, type=UNIFORM -> ./input/random_graphs/graph_10000_6000000_UNIFORM_3224265581699847191.txt (Time: 1.20s)
✓ Generated graph n=10000, m=6000000, seed=7706236040662210848, type=UNIFORM -> ./input/random_graphs/graph_10000_6000000_UNIFORM_7706236040662210848.txt (Time: 1.20s)
✓ Generated graph n=10000, m=6000000, seed=824387247617288499, type=UNIFORM -> ./input/random_graphs/graph_10000_6000000_UNIFORM_824387247617288499.txt (Time: 1.19s)
✓ Generated graph n=10000, m=6000000, seed=7161906730445628483, type=UNIFORM -> ./input/random_graphs/graph_10000_6000000_UNIFORM_7161906730445628483.txt (Time: 1.19s)
✓ Generated graph n=10000, m=6000000, seed=5258051056098597521, type=UNIFORM -> ./input/random_graphs/graph_10000_6000000_UNIFORM_5258051056098597521.txt (Time: 1.25s)
✓ Generated graph n=10000, m=6000000, seed=3272308573967577038, type=UNIFORM -> ./input/random_graphs/graph_10000_6000000_UNIFORM_3272308573967577038.txt (Time: 1.17s)
✓ Generated graph n=10000, m=6000000, seed=6614505080519948832, type=UNIFORM -> ./input/random_graphs/graph_10000_6000000_UNIFORM_6614505080519948832.txt (Time: 1.17s)
✓ Generated graph n=10000, m=6000000, seed=6802378520969450157, type=UNIFORM -> ./input/random_graphs/graph_10000_6000000_UNIFORM_6802378520969450157.txt (Time: 1.21s)
✓ Generated graph n=10000, m=6000000, seed=6143643868734370809, type=UNIFORM -> ./input/random_graphs/graph_10000_6000000_UNIFORM_6143643868734370809.txt (Time: 1.22s)
✓ Generated graph n=10000, m=6000000, seed=8031431416522537101, type=UNIFORM -> ./input/random_graphs/graph_10000_6000000_UNIFORM_8031431416522537101.txt (Time: 1.22s)
✓ Generated graph n=10000, m=6000000, seed=5636411189175451024, type=UNIFORM -> ./input/random_graphs/graph_10000_6000000_UNIFORM_5636411189175451024.txt (Time: 1.22s)
✓ Generated graph n=10000, m=6000000, seed=7938560551762094560, type=UNIFORM -> ./input/random_graphs/graph_10000_6000000_UNIFORM_7938560551762094560.txt (Time: 1.18s)
✓ Generated graph n=10000, m=6000000, seed=4552998297316576788, type=UNIFORM -> ./input/random_graphs/graph_10000_6000000_UNIFORM_4552998297316576788.txt (Time: 1.24s)
✓ Generated graph n=10000, m=6000000, seed=5349491008325879064, type=UNIFORM -> ./input/random_graphs/graph_10000_6000000_UNIFORM_5349491008325879064.txt (Time: 1.24s)
✓ Generated graph n=10000, m=6000000, seed=7917045922527545890, type=UNIFORM -> ./input/random_graphs/graph_10000_6000000_UNIFORM_7917045922527545890.txt (Time: 1.21s)
✓ Generated graph n=10000, m=6000000, seed=4445925461710302877, type=UNIFORM -> ./input/random_graphs/graph_10000_6000000_UNIFORM_4445925461710302877.txt (Time: 1.21s)
✓ Generated graph n=10000, m=6000000, seed=8718380604043999642, type=UNIFORM -> ./input/random_graphs/graph_10000_6000000_UNIFORM_8718380604043999642.txt (Time: 1.04s)
✓ Generated graph n=10000, m=6000000, seed=3865339568260874865, type=UNIFORM -> ./input/random_graphs/graph_10000_6000000_UNIFORM_3865339568260874865.txt (Time: 1.18s)
✓ Generated graph n=10000, m=6000000, seed=7921282862123281598, type=UNIFORM -> ./input/random_graphs/graph_10000_6000000_UNIFORM_7921282862123281598.txt (Time: 1.16s)
✓ Generated graph n=10000, m=6000000, seed=1128313391724783137, type=UNIFORM -> ./input/random_graphs/graph_10000_6000000_UNIFORM_1128313391724783137.txt (Time: 1.16s)
✓ Generated graph n=10000, m=6000000, seed=6224222471595207695, type=UNIFORM -> ./input/random_graphs/graph_10000_6000000_UNIFORM_6224222471595207695.txt (Time: 1.17s)
✓ Generated graph n=10000, m=6000000, seed=5063475852268941542, type=UNIFORM -> ./input/random_graphs/graph_10000_6000000_UNIFORM_5063475852268941542.txt (Time: 1.17s)
✓ Generated graph n=10000, m=6000000, seed=716820155901718944, type=UNIFORM -> ./input/random_graphs/graph_10000_6000000_UNIFORM_716820155901718944.txt (Time: 1.20s)
✓ Generated graph n=10000, m=6000000, seed=4997514996153925447, type=UNIFORM -> ./input/random_graphs/graph_10000_6000000_UNIFORM_4997514996153925447.txt (Time: 1.19s)
✓ Generated graph n=10000, m=6000000, seed=3817405844514670994, type=UNIFORM -> ./input/random_graphs/graph_10000_6000000_UNIFORM_3817405844514670994.txt (Time: 1.19s)
✓ Generated graph n=10000, m=6000000, seed=2909934787168262407, type=UNIFORM -> ./input/random_graphs/graph_10000_6000000_UNIFORM_2909934787168262407.txt (Time: 1.17s)
✓ Generated graph n=10000, m=6000000, seed=1170385908854608748, type=UNIFORM -> ./input/random_graphs/graph_10000_6000000_UNIFORM_1170385908854608748.txt (Time: 1.18s)
✓ Generated graph n=10000, m=6000000, seed=6529943913552561417, type=UNIFORM -> ./input/random_graphs/graph_10000_6000000_UNIFORM_6529943913552561417.txt (Time: 1.20s)
✓ Generated graph n=10000, m=6000000, seed=3713827327871807734, type=UNIFORM -> ./input/random_graphs/graph_10000_6000000_UNIFORM_3713827327871807734.txt (Time: 1.17s)
✓ Generated graph n=10000, m=6000000, seed=8446481348147407377, type=UNIFORM -> ./input/random_graphs/graph_10000_6000000_UNIFORM_8446481348147407377.txt (Time: 1.24s)
✓ Generated graph n=10000, m=6000000, seed=6022436717541034636, type=UNIFORM -> ./input/random_graphs/graph_10000_6000000_UNIFORM_6022436717541034636.txt (Time: 1.20s)
✓ Generated graph n=10000, m=6000000, seed=1458186392400727732, type=UNIFORM -> ./input/random_graphs/graph_10000_6000000_UNIFORM_1458186392400727732.txt (Time: 1.17s)
✓ Generated graph n=10000, m=6000000, seed=5108599054664628607, type=UNIFORM -> ./input/random_graphs/graph_10000_6000000_UNIFORM_5108599054664628607.txt (Time: 1.20s)
✓ Generated graph n=10000, m=6000000, seed=199422815561151340, type=UNIFORM -> ./input/random_graphs/graph_10000_6000000_UNIFORM_199422815561151340.txt (Time: 1.26s)
✓ Generated graph n=10000, m=6000000, seed=6764066939395682287, type=UNIFORM -> ./input/random_graphs/graph_10000_6000000_UNIFORM_6764066939395682287.txt (Time: 1.21s)
✓ Generated graph n=10000, m=6000000, seed=9130666990809746335, type=UNIFORM -> ./input/random_graphs/graph_10000_6000000_UNIFORM_9130666990809746335.txt (Time: 1.22s)
✓ Generated graph n=10000, m=6000000, seed=175493991617213850, type=UNIFORM -> ./input/random_graphs/graph_10000_6000000_UNIFORM_175493991617213850.txt (Time: 1.24s)
✓ Generated graph n=10000, m=6000000, seed=7644420139408884785, type=UNIFORM -> ./input/random_graphs/graph_10000_6000000_UNIFORM_7644420139408884785.txt (Time: 1.24s)
✓ Generated graph n=10000, m=6000000, seed=1392892770529522614, type=UNIFORM -> ./input/random_graphs/graph_10000_6000000_UNIFORM_1392892770529522614.txt (Time: 1.22s)
✓ Generated graph n=10000, m=6000000, seed=9060210648189963449, type=UNIFORM -> ./input/random_graphs/graph_10000_6000000_UNIFORM_9060210648189963449.txt (Time: 1.24s)
✓ Generated graph n=10000, m=6000000, seed=4250897495980125004, type=UNIFORM -> ./input/random_graphs/graph_10000_6000000_UNIFORM_4250897495980125004.txt (Time: 1.23s)
✓ Generated graph n=10000, m=6000000, seed=8794274795737982182, type=UNIFORM -> ./input/random_graphs/graph_10000_6000000_UNIFORM_8794274795737982182.txt (Time: 1.21s)
✓ Generated graph n=10000, m=6000000, seed=5497874167834979553, type=UNIFORM -> ./input/random_graphs/graph_10000_6000000_UNIFORM_5497874167834979553.txt (Time: 1.19s)
✓ Generated graph n=10000, m=6000000, seed=2089506265998900862, type=UNIFORM -> ./input/random_graphs/graph_10000_6000000_UNIFORM_2089506265998900862.txt (Time: 1.22s)
✓ Generated graph n=10000, m=6000000, seed=1332005502874566195, type=UNIFORM -> ./input/random_graphs/graph_10000_6000000_UNIFORM_1332005502874566195.txt (Time: 1.20s)
✓ Generated graph n=10000, m=6000000, seed=4060584409398689268, type=UNIFORM -> ./input/random_graphs/graph_10000_6000000_UNIFORM_4060584409398689268.txt (Time: 1.23s)
✓ Generated graph n=10000, m=6000000, seed=1722224698700348310, type=UNIFORM -> ./input/random_graphs/graph_10000_6000000_UNIFORM_1722224698700348310.txt (Time: 1.18s)
✓ Generated graph n=10000, m=6000000, seed=8626102704817790064, type=UNIFORM -> ./input/random_graphs/graph_10000_6000000_UNIFORM_8626102704817790064.txt (Time: 1.22s)
✓ Generated graph n=10000, m=6000000, seed=7905487461282246979, type=UNIFORM -> ./input/random_graphs/graph_10000_6000000_UNIFORM_7905487461282246979.txt (Time: 1.21s)
✓ Generated graph n=10000, m=6000000, seed=8448596294177070022, type=UNIFORM -> ./input/random_graphs/graph_10000_6000000_UNIFORM_8448596294177070022.txt (Time: 1.21s)
✓ Generated graph n=10000, m=6000000, seed=4795749165124911768, type=UNIFORM -> ./input/random_graphs/graph_10000_6000000_UNIFORM_4795749165124911768.txt (Time: 1.21s)
✓ Generated graph n=10000, m=6000000, seed=4934890601268679176, type=UNIFORM -> ./input/random_graphs/graph_10000_6000000_UNIFORM_4934890601268679176.txt (Time: 1.20s)
✓ Generated graph n=10000, m=6000000, seed=1992204328026194281, type=UNIFORM -> ./input/random_graphs/graph_10000_6000000_UNIFORM_1992204328026194281.txt (Time: 1.21s)
✓ Generated graph n=10000, m=6000000, seed=7118744415197196276, type=UNIFORM -> ./input/random_graphs/graph_10000_6000000_UNIFORM_7118744415197196276.txt (Time: 1.20s)
✓ Generated graph n=10000, m=6000000, seed=2718103348384927511, type=UNIFORM -> ./input/random_graphs/graph_10000_6000000_UNIFORM_2718103348384927511.txt (Time: 1.20s)
✓ Generated graph n=10000, m=6000000, seed=3221421291694197220, type=UNIFORM -> ./input/random_graphs/graph_10000_6000000_UNIFORM_3221421291694197220.txt (Time: 1.18s)
✓ Generated graph n=10000, m=6000000, seed=9059990922233379852, type=UNIFORM -> ./input/random_graphs/graph_10000_6000000_UNIFORM_9059990922233379852.txt (Time: 1.25s)
✓ Generated graph n=10000, m=6000000, seed=7983805977214098674, type=UNIFORM -> ./input/random_graphs/graph_10000_6000000_UNIFORM_7983805977214098674.txt (Time: 1.18s)
✓ Generated graph n=10000, m=6000000, seed=7449662661572224354, type=UNIFORM -> ./input/random_graphs/graph_10000_6000000_UNIFORM_7449662661572224354.txt (Time: 1.23s)
✓ Generated graph n=10000, m=6000000, seed=2264398621601381987, type=UNIFORM -> ./input/random_graphs/graph_10000_6000000_UNIFORM_2264398621601381987.txt (Time: 1.16s)
✓ Generated graph n=10000, m=6000000, seed=4940913311242578590, type=UNIFORM -> ./input/random_graphs/graph_10000_6000000_UNIFORM_4940913311242578590.txt (Time: 1.19s)
✓ Generated graph n=10000, m=6000000, seed=5894893360759659423, type=UNIFORM -> ./input/random_graphs/graph_10000_6000000_UNIFORM_5894893360759659423.txt (Time: 1.20s)
✓ Generated graph n=10000, m=6000000, seed=8867616339855336876, type=UNIFORM -> ./input/random_graphs/graph_10000_6000000_UNIFORM_8867616339855336876.txt (Time: 1.22s)
✓ Generated graph n=10000, m=6000000, seed=7632458674696225362, type=UNIFORM -> ./input/random_graphs/graph_10000_6000000_UNIFORM_7632458674696225362.txt (Time: 1.19s)
✓ Generated graph n=10000, m=8000000, seed=6230961512046992311, type=UNIFORM -> ./input/random_graphs/graph_10000_8000000_UNIFORM_6230961512046992311.txt (Time: 1.61s)
✓ Generated graph n=10000, m=8000000, seed=7032710160631691991, type=UNIFORM -> ./input/random_graphs/graph_10000_8000000_UNIFORM_7032710160631691991.txt (Time: 0.92s)
✓ Generated graph n=10000, m=8000000, seed=5142811650494845597, type=UNIFORM -> ./input/random_graphs/graph_10000_8000000_UNIFORM_5142811650494845597.txt (Time: 0.91s)
✓ Generated graph n=10000, m=8000000, seed=7871178979383552919, type=UNIFORM -> ./input/random_graphs/graph_10000_8000000_UNIFORM_7871178979383552919.txt (Time: 1.57s)
✓ Generated graph n=10000, m=8000000, seed=5739955973604961613, type=UNIFORM -> ./input/random_graphs/graph_10000_8000000_UNIFORM_5739955973604961613.txt (Time: 1.53s)
✓ Generated graph n=10000, m=8000000, seed=1070244953599069350, type=UNIFORM -> ./input/random_graphs/graph_10000_8000000_UNIFORM_1070244953599069350.txt (Time: 1.49s)
✓ Generated graph n=10000, m=8000000, seed=7599700178212337699, type=UNIFORM -> ./input/random_graphs/graph_10000_8000000_UNIFORM_7599700178212337699.txt (Time: 1.56s)
✓ Generated graph n=10000, m=8000000, seed=3881801951614183357, type=UNIFORM -> ./input/random_graphs/graph_10000_8000000_UNIFORM_3881801951614183357.txt (Time: 1.59s)
✓ Generated graph n=10000, m=8000000, seed=1353182403971399009, type=UNIFORM -> ./input/random_graphs/graph_10000_8000000_UNIFORM_1353182403971399009.txt (Time: 1.54s)
✓ Generated graph n=10000, m=8000000, seed=7663871783842725848, type=UNIFORM -> ./input/random_graphs/graph_10000_8000000_UNIFORM_7663871783842725848.txt (Time: 1.42s)
✓ Generated graph n=10000, m=8000000, seed=6938562734920028532, type=UNIFORM -> ./input/random_graphs/graph_10000_8000000_UNIFORM_6938562734920028532.txt (Time: 1.51s)
✓ Generated graph n=10000, m=8000000, seed=4040737767143389431, type=UNIFORM -> ./input/random_graphs/graph_10000_8000000_UNIFORM_4040737767143389431.txt (Time: 1.52s)
✓ Generated graph n=10000, m=8000000, seed=2429002973740178792, type=UNIFORM -> ./input/random_graphs/graph_10000_8000000_UNIFORM_2429002973740178792.txt (Time: 1.51s)
✓ Generated graph n=10000, m=8000000, seed=1250005700364523649, type=UNIFORM -> ./input/random_graphs/graph_10000_8000000_UNIFORM_1250005700364523649.txt (Time: 1.54s)
✓ Generated graph n=10000, m=8000000, seed=320375091487821987, type=UNIFORM -> ./input/random_graphs/graph_10000_8000000_UNIFORM_320375091487821987.txt (Time: 1.52s)
✓ Generated graph n=10000, m=8000000, seed=6522163754831416203, type=UNIFORM -> ./input/random_graphs/graph_10000_8000000_UNIFORM_6522163754831416203.txt (Time: 1.59s)
✓ Generated graph n=10000, m=8000000, seed=5906957480796939447, type=UNIFORM -> ./input/random_graphs/graph_10000_8000000_UNIFORM_5906957480796939447.txt (Time: 1.51s)
✓ Generated graph n=10000, m=8000000, seed=1309542850049879452, type=UNIFORM -> ./input/random_graphs/graph_10000_8000000_UNIFORM_1309542850049879452.txt (Time: 1.59s)
✓ Generated graph n=10000, m=8000000, seed=3010622984418968408, type=UNIFORM -> ./input/random_graphs/graph_10000_8000000_UNIFORM_3010622984418968408.txt (Time: 1.50s)
✓ Generated graph n=10000, m=8000000, seed=3438400432146115956, type=UNIFORM -> ./input/random_graphs/graph_10000_8000000_UNIFORM_3438400432146115956.txt (Time: 1.53s)
✓ Generated graph n=10000, m=8000000, seed=1250773459040295677, type=UNIFORM -> ./input/random_graphs/graph_10000_8000000_UNIFORM_1250773459040295677.txt (Time: 1.55s)
✓ Generated graph n=10000, m=8000000, seed=7146860528564146064, type=UNIFORM -> ./input/random_graphs/graph_10000_8000000_UNIFORM_7146860528564146064.txt (Time: 1.58s)
✓ Generated graph n=10000, m=8000000, seed=5139481885857321791, type=UNIFORM -> ./input/random_graphs/graph_10000_8000000_UNIFORM_5139481885857321791.txt (Time: 1.60s)
✓ Generated graph n=10000, m=8000000, seed=521787134863155063, type=UNIFORM -> ./input/random_graphs/graph_10000_8000000_UNIFORM_521787134863155063.txt (Time: 0.93s)
✓ Generated graph n=10000, m=8000000, seed=6002685213311538187, type=UNIFORM -> ./input/random_graphs/graph_10000_8000000_UNIFORM_6002685213311538187.txt (Time: 1.61s)
✓ Generated graph n=10000, m=8000000, seed=7473196763798409428, type=UNIFORM -> ./input/random_graphs/graph_10000_8000000_UNIFORM_7473196763798409428.txt (Time: 1.65s)
✓ Generated graph n=10000, m=8000000, seed=1731523882129807996, type=UNIFORM -> ./input/random_graphs/graph_10000_8000000_UNIFORM_1731523882129807996.txt (Time: 0.92s)
✓ Generated graph n=10000, m=8000000, seed=5708372698381010775, type=UNIFORM -> ./input/random_graphs/graph_10000_8000000_UNIFORM_5708372698381010775.txt (Time: 1.54s)
✓ Generated graph n=10000, m=8000000, seed=7706236040662210848, type=UNIFORM -> ./input/random_graphs/graph_10000_8000000_UNIFORM_7706236040662210848.txt (Time: 0.89s)
✓ Generated graph n=10000, m=8000000, seed=1853590723603270879, type=UNIFORM -> ./input/random_graphs/graph_10000_8000000_UNIFORM_1853590723603270879.txt (Time: 1.19s)
✓ Generated graph n=10000, m=8000000, seed=6614505080519948832, type=UNIFORM -> ./input/random_graphs/graph_10000_8000000_UNIFORM_6614505080519948832.txt (Time: 0.91s)
✓ Generated graph n=10000, m=8000000, seed=5529616217668449934, type=UNIFORM -> ./input/random_graphs/graph_10000_8000000_UNIFORM_5529616217668449934.txt (Time: 1.48s)
✓ Generated graph n=10000, m=8000000, seed=7029781962072644698, type=UNIFORM -> ./input/random_graphs/graph_10000_8000000_UNIFORM_7029781962072644698.txt (Time: 1.57s)
✓ Generated graph n=10000, m=8000000, seed=5258051056098597521, type=UNIFORM -> ./input/random_graphs/graph_10000_8000000_UNIFORM_5258051056098597521.txt (Time: 1.49s)
✓ Generated graph n=10000, m=8000000, seed=6785030173969523435, type=UNIFORM -> ./input/random_graphs/graph_10000_8000000_UNIFORM_6785030173969523435.txt (Time: 1.57s)
✓ Generated graph n=10000, m=8000000, seed=3224265581699847191, type=UNIFORM -> ./input/random_graphs/graph_10000_8000000_UNIFORM_3224265581699847191.txt (Time: 1.54s)
✓ Generated graph n=10000, m=8000000, seed=1632192924771168275, type=UNIFORM -> ./input/random_graphs/graph_10000_8000000_UNIFORM_1632192924771168275.txt (Time: 1.44s)
✓ Generated graph n=10000, m=8000000, seed=1647170069535670909, type=UNIFORM -> ./input/random_graphs/graph_10000_8000000_UNIFORM_1647170069535670909.txt (Time: 1.50s)
✓ Generated graph n=10000, m=8000000, seed=1024517563182776983, type=UNIFORM -> ./input/random_graphs/graph_10000_8000000_UNIFORM_1024517563182776983.txt (Time: 1.56s)
✓ Generated graph n=10000, m=8000000, seed=4122784633514911760, type=UNIFORM -> ./input/random_graphs/graph_10000_8000000_UNIFORM_4122784633514911760.txt (Time: 1.57s)
✓ Generated graph n=10000, m=8000000, seed=4552998297316576788, type=UNIFORM -> ./input/random_graphs/graph_10000_8000000_UNIFORM_4552998297316576788.txt (Time: 1.52s)
✓ Generated graph n=10000, m=8000000, seed=7161906730445628483, type=UNIFORM -> ./input/random_graphs/graph_10000_8000000_UNIFORM_7161906730445628483.txt (Time: 1.55s)
✓ Generated graph n=10000, m=8000000, seed=824387247617288499, type=UNIFORM -> ./input/random_graphs/graph_10000_8000000_UNIFORM_824387247617288499.txt (Time: 1.58s)
✓ Generated graph n=10000, m=8000000, seed=3272308573967577038, type=UNIFORM -> ./input/random_graphs/graph_10000_8000000_UNIFORM_3272308573967577038.txt (Time: 1.51s)
✓ Generated graph n=10000, m=8000000, seed=6143643868734370809, type=UNIFORM -> ./input/random_graphs/graph_10000_8000000_UNIFORM_6143643868734370809.txt (Time: 1.53s)
✓ Generated graph n=10000, m=8000000, seed=6802378520969450157, type=UNIFORM -> ./input/random_graphs/graph_10000_8000000_UNIFORM_6802378520969450157.txt (Time: 1.60s)
✓ Generated graph n=10000, m=8000000, seed=8031431416522537101, type=UNIFORM -> ./input/random_graphs/graph_10000_8000000_UNIFORM_8031431416522537101.txt (Time: 1.57s)
✓ Generated graph n=10000, m=8000000, seed=5349491008325879064, type=UNIFORM -> ./input/random_graphs/graph_10000_8000000_UNIFORM_5349491008325879064.txt (Time: 1.51s)
✓ Generated graph n=10000, m=8000000, seed=5636411189175451024, type=UNIFORM -> ./input/random_graphs/graph_10000_8000000_UNIFORM_5636411189175451024.txt (Time: 1.57s)
✓ Generated graph n=10000, m=8000000, seed=7938560551762094560, type=UNIFORM -> ./input/random_graphs/graph_10000_8000000_UNIFORM_7938560551762094560.txt (Time: 1.58s)
✓ Generated graph n=10000, m=8000000, seed=7917045922527545890, type=UNIFORM -> ./input/random_graphs/graph_10000_8000000_UNIFORM_7917045922527545890.txt (Time: 1.60s)
✓ Generated graph n=10000, m=8000000, seed=6224222471595207695, type=UNIFORM -> ./input/random_graphs/graph_10000_8000000_UNIFORM_6224222471595207695.txt (Time: 0.92s)
✓ Generated graph n=10000, m=8000000, seed=1128313391724783137, type=UNIFORM -> ./input/random_graphs/graph_10000_8000000_UNIFORM_1128313391724783137.txt (Time: 0.92s)
✓ Generated graph n=10000, m=8000000, seed=4445925461710302877, type=UNIFORM -> ./input/random_graphs/graph_10000_8000000_UNIFORM_4445925461710302877.txt (Time: 1.62s)
✓ Generated graph n=10000, m=8000000, seed=3865339568260874865, type=UNIFORM -> ./input/random_graphs/graph_10000_8000000_UNIFORM_3865339568260874865.txt (Time: 1.55s)
✓ Generated graph n=10000, m=8000000, seed=7921282862123281598, type=UNIFORM -> ./input/random_graphs/graph_10000_8000000_UNIFORM_7921282862123281598.txt (Time: 1.34s)
✓ Generated graph n=10000, m=8000000, seed=6764066939395682287, type=UNIFORM -> ./input/random_graphs/graph_10000_8000000_UNIFORM_6764066939395682287.txt (Time: 1.05s)
✓ Generated graph n=10000, m=8000000, seed=6529943913552561417, type=UNIFORM -> ./input/random_graphs/graph_10000_8000000_UNIFORM_6529943913552561417.txt (Time: 1.25s)
✓ Generated graph n=10000, m=8000000, seed=8718380604043999642, type=UNIFORM -> ./input/random_graphs/graph_10000_8000000_UNIFORM_8718380604043999642.txt (Time: 1.52s)
✓ Generated graph n=10000, m=8000000, seed=5063475852268941542, type=UNIFORM -> ./input/random_graphs/graph_10000_8000000_UNIFORM_5063475852268941542.txt (Time: 1.53s)
✓ Generated graph n=10000, m=8000000, seed=716820155901718944, type=UNIFORM -> ./input/random_graphs/graph_10000_8000000_UNIFORM_716820155901718944.txt (Time: 1.58s)
✓ Generated graph n=10000, m=8000000, seed=4997514996153925447, type=UNIFORM -> ./input/random_graphs/graph_10000_8000000_UNIFORM_4997514996153925447.txt (Time: 1.50s)
✓ Generated graph n=10000, m=8000000, seed=8446481348147407377, type=UNIFORM -> ./input/random_graphs/graph_10000_8000000_UNIFORM_8446481348147407377.txt (Time: 1.52s)
✓ Generated graph n=10000, m=8000000, seed=2909934787168262407, type=UNIFORM -> ./input/random_graphs/graph_10000_8000000_UNIFORM_2909934787168262407.txt (Time: 1.52s)
✓ Generated graph n=10000, m=8000000, seed=3817405844514670994, type=UNIFORM -> ./input/random_graphs/graph_10000_8000000_UNIFORM_3817405844514670994.txt (Time: 1.58s)
✓ Generated graph n=10000, m=8000000, seed=1170385908854608748, type=UNIFORM -> ./input/random_graphs/graph_10000_8000000_UNIFORM_1170385908854608748.txt (Time: 1.54s)
✓ Generated graph n=10000, m=8000000, seed=199422815561151340, type=UNIFORM -> ./input/random_graphs/graph_10000_8000000_UNIFORM_199422815561151340.txt (Time: 1.51s)
✓ Generated graph n=10000, m=8000000, seed=175493991617213850, type=UNIFORM -> ./input/random_graphs/graph_10000_8000000_UNIFORM_175493991617213850.txt (Time: 1.48s)
✓ Generated graph n=10000, m=8000000, seed=6022436717541034636, type=UNIFORM -> ./input/random_graphs/graph_10000_8000000_UNIFORM_6022436717541034636.txt (Time: 1.54s)
✓ Generated graph n=10000, m=8000000, seed=4060584409398689268, type=UNIFORM -> ./input/random_graphs/graph_10000_8000000_UNIFORM_4060584409398689268.txt (Time: 0.91s)
✓ Generated graph n=10000, m=8000000, seed=3713827327871807734, type=UNIFORM -> ./input/random_graphs/graph_10000_8000000_UNIFORM_3713827327871807734.txt (Time: 1.60s)
✓ Generated graph n=10000, m=8000000, seed=5108599054664628607, type=UNIFORM -> ./input/random_graphs/graph_10000_8000000_UNIFORM_5108599054664628607.txt (Time: 1.56s)
✓ Generated graph n=10000, m=8000000, seed=9130666990809746335, type=UNIFORM -> ./input/random_graphs/graph_10000_8000000_UNIFORM_9130666990809746335.txt (Time: 1.54s)
✓ Generated graph n=10000, m=8000000, seed=7644420139408884785, type=UNIFORM -> ./input/random_graphs/graph_10000_8000000_UNIFORM_7644420139408884785.txt (Time: 1.60s)
✓ Generated graph n=10000, m=8000000, seed=1458186392400727732, type=UNIFORM -> ./input/random_graphs/graph_10000_8000000_UNIFORM_1458186392400727732.txt (Time: 1.59s)
✓ Generated graph n=10000, m=8000000, seed=1392892770529522614, type=UNIFORM -> ./input/random_graphs/graph_10000_8000000_UNIFORM_1392892770529522614.txt (Time: 1.60s)
✓ Generated graph n=10000, m=8000000, seed=9060210648189963449, type=UNIFORM -> ./input/random_graphs/graph_10000_8000000_UNIFORM_9060210648189963449.txt (Time: 1.61s)
✓ Generated graph n=10000, m=8000000, seed=8794274795737982182, type=UNIFORM -> ./input/random_graphs/graph_10000_8000000_UNIFORM_8794274795737982182.txt (Time: 1.45s)
✓ Generated graph n=10000, m=8000000, seed=4250897495980125004, type=UNIFORM -> ./input/random_graphs/graph_10000_8000000_UNIFORM_4250897495980125004.txt (Time: 1.61s)
✓ Generated graph n=10000, m=8000000, seed=2089506265998900862, type=UNIFORM -> ./input/random_graphs/graph_10000_8000000_UNIFORM_2089506265998900862.txt (Time: 1.54s)
✓ Generated graph n=10000, m=8000000, seed=5497874167834979553, type=UNIFORM -> ./input/random_graphs/graph_10000_8000000_UNIFORM_5497874167834979553.txt (Time: 1.62s)
✓ Generated graph n=10000, m=8000000, seed=1992204328026194281, type=UNIFORM -> ./input/random_graphs/graph_10000_8000000_UNIFORM_1992204328026194281.txt (Time: 0.90s)
✓ Generated graph n=10000, m=8000000, seed=7905487461282246979, type=UNIFORM -> ./input/random_graphs/graph_10000_8000000_UNIFORM_7905487461282246979.txt (Time: 1.19s)
✓ Generated graph n=10000, m=8000000, seed=1332005502874566195, type=UNIFORM -> ./input/random_graphs/graph_10000_8000000_UNIFORM_1332005502874566195.txt (Time: 1.56s)
✓ Generated graph n=10000, m=8000000, seed=1722224698700348310, type=UNIFORM -> ./input/random_graphs/graph_10000_8000000_UNIFORM_1722224698700348310.txt (Time: 1.56s)
✓ Generated graph n=10000, m=8000000, seed=8626102704817790064, type=UNIFORM -> ./input/random_graphs/graph_10000_8000000_UNIFORM_8626102704817790064.txt (Time: 1.50s)
✓ Generated graph n=10000, m=8000000, seed=7118744415197196276, type=UNIFORM -> ./input/random_graphs/graph_10000_8000000_UNIFORM_7118744415197196276.txt (Time: 1.39s)
✓ Generated graph n=10000, m=8000000, seed=8448596294177070022, type=UNIFORM -> ./input/random_graphs/graph_10000_8000000_UNIFORM_8448596294177070022.txt (Time: 1.49s)
✓ Generated graph n=10000, m=8000000, seed=4934890601268679176, type=UNIFORM -> ./input/random_graphs/graph_10000_8000000_UNIFORM_4934890601268679176.txt (Time: 1.55s)
✓ Generated graph n=10000, m=8000000, seed=4795749165124911768, type=UNIFORM -> ./input/random_graphs/graph_10000_8000000_UNIFORM_4795749165124911768.txt (Time: 1.58s)
✓ Generated graph n=10000, m=8000000, seed=7632458674696225362, type=UNIFORM -> ./input/random_graphs/graph_10000_8000000_UNIFORM_7632458674696225362.txt (Time: 1.27s)
✓ Generated graph n=10000, m=8000000, seed=9059990922233379852, type=UNIFORM -> ./input/random_graphs/graph_10000_8000000_UNIFORM_9059990922233379852.txt (Time: 1.50s)
✓ Generated graph n=10000, m=8000000, seed=7449662661572224354, type=UNIFORM -> ./input/random_graphs/graph_10000_8000000_UNIFORM_7449662661572224354.txt (Time: 1.51s)
✓ Generated graph n=10000, m=8000000, seed=8867616339855336876, type=UNIFORM -> ./input/random_graphs/graph_10000_8000000_UNIFORM_8867616339855336876.txt (Time: 1.47s)
✓ Generated graph n=10000, m=8000000, seed=3221421291694197220, type=UNIFORM -> ./input/random_graphs/graph_10000_8000000_UNIFORM_3221421291694197220.txt (Time: 1.56s)
✓ Generated graph n=10000, m=8000000, seed=2718103348384927511, type=UNIFORM -> ./input/random_graphs/graph_10000_8000000_UNIFORM_2718103348384927511.txt (Time: 1.60s)
✓ Generated graph n=10000, m=8000000, seed=5894893360759659423, type=UNIFORM -> ./input/random_graphs/graph_10000_8000000_UNIFORM_5894893360759659423.txt (Time: 1.57s)
✓ Generated graph n=10000, m=8000000, seed=7983805977214098674, type=UNIFORM -> ./input/random_graphs/graph_10000_8000000_UNIFORM_7983805977214098674.txt (Time: 1.57s)
✓ Generated graph n=10000, m=8000000, seed=4940913311242578590, type=UNIFORM -> ./input/random_graphs/graph_10000_8000000_UNIFORM_4940913311242578590.txt (Time: 1.57s)
✓ Generated graph n=10000, m=8000000, seed=2264398621601381987, type=UNIFORM -> ./input/random_graphs/graph_10000_8000000_UNIFORM_2264398621601381987.txt (Time: 1.55s)
✓ Generated graph n=10000, m=10000000, seed=5739955973604961613, type=UNIFORM -> ./input/random_graphs/graph_10000_10000000_UNIFORM_5739955973604961613.txt (Time: 1.91s)
✓ Generated graph n=10000, m=10000000, seed=7871178979383552919, type=UNIFORM -> ./input/random_graphs/graph_10000_10000000_UNIFORM_7871178979383552919.txt (Time: 1.95s)
✓ Generated graph n=10000, m=10000000, seed=6230961512046992311, type=UNIFORM -> ./input/random_graphs/graph_10000_10000000_UNIFORM_6230961512046992311.txt (Time: 1.99s)
✓ Generated graph n=10000, m=10000000, seed=6938562734920028532, type=UNIFORM -> ./input/random_graphs/graph_10000_10000000_UNIFORM_6938562734920028532.txt (Time: 1.12s)
✓ Generated graph n=10000, m=10000000, seed=3881801951614183357, type=UNIFORM -> ./input/random_graphs/graph_10000_10000000_UNIFORM_3881801951614183357.txt (Time: 1.95s)
✓ Generated graph n=10000, m=10000000, seed=7032710160631691991, type=UNIFORM -> ./input/random_graphs/graph_10000_10000000_UNIFORM_7032710160631691991.txt (Time: 2.02s)
✓ Generated graph n=10000, m=10000000, seed=1250005700364523649, type=UNIFORM -> ./input/random_graphs/graph_10000_10000000_UNIFORM_1250005700364523649.txt (Time: 1.20s)
✓ Generated graph n=10000, m=10000000, seed=7599700178212337699, type=UNIFORM -> ./input/random_graphs/graph_10000_10000000_UNIFORM_7599700178212337699.txt (Time: 1.91s)
✓ Generated graph n=10000, m=10000000, seed=1353182403971399009, type=UNIFORM -> ./input/random_graphs/graph_10000_10000000_UNIFORM_1353182403971399009.txt (Time: 1.95s)
✓ Generated graph n=10000, m=10000000, seed=1070244953599069350, type=UNIFORM -> ./input/random_graphs/graph_10000_10000000_UNIFORM_1070244953599069350.txt (Time: 1.82s)
✓ Generated graph n=10000, m=10000000, seed=6522163754831416203, type=UNIFORM -> ./input/random_graphs/graph_10000_10000000_UNIFORM_6522163754831416203.txt (Time: 1.82s)
✓ Generated graph n=10000, m=10000000, seed=5906957480796939447, type=UNIFORM -> ./input/random_graphs/graph_10000_10000000_UNIFORM_5906957480796939447.txt (Time: 1.66s)
✓ Generated graph n=10000, m=10000000, seed=4040737767143389431, type=UNIFORM -> ./input/random_graphs/graph_10000_10000000_UNIFORM_4040737767143389431.txt (Time: 1.91s)
✓ Generated graph n=10000, m=10000000, seed=1309542850049879452, type=UNIFORM -> ./input/random_graphs/graph_10000_10000000_UNIFORM_1309542850049879452.txt (Time: 1.89s)
✓ Generated graph n=10000, m=10000000, seed=2429002973740178792, type=UNIFORM -> ./input/random_graphs/graph_10000_10000000_UNIFORM_2429002973740178792.txt (Time: 1.87s)
✓ Generated graph n=10000, m=10000000, seed=320375091487821987, type=UNIFORM -> ./input/random_graphs/graph_10000_10000000_UNIFORM_320375091487821987.txt (Time: 1.89s)
✓ Generated graph n=10000, m=10000000, seed=7663871783842725848, type=UNIFORM -> ./input/random_graphs/graph_10000_10000000_UNIFORM_7663871783842725848.txt (Time: 1.97s)
✓ Generated graph n=10000, m=10000000, seed=7146860528564146064, type=UNIFORM -> ./input/random_graphs/graph_10000_10000000_UNIFORM_7146860528564146064.txt (Time: 1.89s)
✓ Generated graph n=10000, m=10000000, seed=1250773459040295677, type=UNIFORM -> ./input/random_graphs/graph_10000_10000000_UNIFORM_1250773459040295677.txt (Time: 1.90s)
✓ Generated graph n=10000, m=10000000, seed=7473196763798409428, type=UNIFORM -> ./input/random_graphs/graph_10000_10000000_UNIFORM_7473196763798409428.txt (Time: 1.85s)
✓ Generated graph n=10000, m=10000000, seed=3438400432146115956, type=UNIFORM -> ./input/random_graphs/graph_10000_10000000_UNIFORM_3438400432146115956.txt (Time: 1.90s)
✓ Generated graph n=10000, m=10000000, seed=1853590723603270879, type=UNIFORM -> ./input/random_graphs/graph_10000_10000000_UNIFORM_1853590723603270879.txt (Time: 1.18s)
✓ Generated graph n=10000, m=10000000, seed=5139481885857321791, type=UNIFORM -> ./input/random_graphs/graph_10000_10000000_UNIFORM_5139481885857321791.txt (Time: 1.93s)
✓ Generated graph n=10000, m=10000000, seed=3010622984418968408, type=UNIFORM -> ./input/random_graphs/graph_10000_10000000_UNIFORM_3010622984418968408.txt (Time: 1.96s)
✓ Generated graph n=10000, m=10000000, seed=5142811650494845597, type=UNIFORM -> ./input/random_graphs/graph_10000_10000000_UNIFORM_5142811650494845597.txt (Time: 2.00s)
✓ Generated graph n=10000, m=10000000, seed=6002685213311538187, type=UNIFORM -> ./input/random_graphs/graph_10000_10000000_UNIFORM_6002685213311538187.txt (Time: 1.95s)
✓ Generated graph n=10000, m=10000000, seed=5529616217668449934, type=UNIFORM -> ./input/random_graphs/graph_10000_10000000_UNIFORM_5529616217668449934.txt (Time: 1.29s)
✓ Generated graph n=10000, m=10000000, seed=5708372698381010775, type=UNIFORM -> ./input/random_graphs/graph_10000_10000000_UNIFORM_5708372698381010775.txt (Time: 1.90s)
✓ Generated graph n=10000, m=10000000, seed=1731523882129807996, type=UNIFORM -> ./input/random_graphs/graph_10000_10000000_UNIFORM_1731523882129807996.txt (Time: 1.90s)
✓ Generated graph n=10000, m=10000000, seed=521787134863155063, type=UNIFORM -> ./input/random_graphs/graph_10000_10000000_UNIFORM_521787134863155063.txt (Time: 1.98s)
✓ Generated graph n=10000, m=10000000, seed=4122784633514911760, type=UNIFORM -> ./input/random_graphs/graph_10000_10000000_UNIFORM_4122784633514911760.txt (Time: 1.13s)
✓ Generated graph n=10000, m=10000000, seed=7029781962072644698, type=UNIFORM -> ./input/random_graphs/graph_10000_10000000_UNIFORM_7029781962072644698.txt (Time: 2.02s)
✓ Generated graph n=10000, m=10000000, seed=6785030173969523435, type=UNIFORM -> ./input/random_graphs/graph_10000_10000000_UNIFORM_6785030173969523435.txt (Time: 1.99s)
✓ Generated graph n=10000, m=10000000, seed=824387247617288499, type=UNIFORM -> ./input/random_graphs/graph_10000_10000000_UNIFORM_824387247617288499.txt (Time: 1.25s)
✓ Generated graph n=10000, m=10000000, seed=1024517563182776983, type=UNIFORM -> ./input/random_graphs/graph_10000_10000000_UNIFORM_1024517563182776983.txt (Time: 1.90s)
✓ Generated graph n=10000, m=10000000, seed=7161906730445628483, type=UNIFORM -> ./input/random_graphs/graph_10000_10000000_UNIFORM_7161906730445628483.txt (Time: 1.29s)
✓ Generated graph n=10000, m=10000000, seed=3224265581699847191, type=UNIFORM -> ./input/random_graphs/graph_10000_10000000_UNIFORM_3224265581699847191.txt (Time: 1.95s)
✓ Generated graph n=10000, m=10000000, seed=1647170069535670909, type=UNIFORM -> ./input/random_graphs/graph_10000_10000000_UNIFORM_1647170069535670909.txt (Time: 1.74s)
✓ Generated graph n=10000, m=10000000, seed=5258051056098597521, type=UNIFORM -> ./input/random_graphs/graph_10000_10000000_UNIFORM_5258051056098597521.txt (Time: 1.97s)
✓ Generated graph n=10000, m=10000000, seed=7706236040662210848, type=UNIFORM -> ./input/random_graphs/graph_10000_10000000_UNIFORM_7706236040662210848.txt (Time: 1.74s)
✓ Generated graph n=10000, m=10000000, seed=1632192924771168275, type=UNIFORM -> ./input/random_graphs/graph_10000_10000000_UNIFORM_1632192924771168275.txt (Time: 1.85s)
✓ Generated graph n=10000, m=10000000, seed=4552998297316576788, type=UNIFORM -> ./input/random_graphs/graph_10000_10000000_UNIFORM_4552998297316576788.txt (Time: 1.86s)
✓ Generated graph n=10000, m=10000000, seed=8031431416522537101, type=UNIFORM -> ./input/random_graphs/graph_10000_10000000_UNIFORM_8031431416522537101.txt (Time: 1.88s)
✓ Generated graph n=10000, m=10000000, seed=3272308573967577038, type=UNIFORM -> ./input/random_graphs/graph_10000_10000000_UNIFORM_3272308573967577038.txt (Time: 1.84s)
✓ Generated graph n=10000, m=10000000, seed=6143643868734370809, type=UNIFORM -> ./input/random_graphs/graph_10000_10000000_UNIFORM_6143643868734370809.txt (Time: 1.89s)
✓ Generated graph n=10000, m=10000000, seed=6802378520969450157, type=UNIFORM -> ./input/random_graphs/graph_10000_10000000_UNIFORM_6802378520969450157.txt (Time: 1.96s)
✓ Generated graph n=10000, m=10000000, seed=5636411189175451024, type=UNIFORM -> ./input/random_graphs/graph_10000_10000000_UNIFORM_5636411189175451024.txt (Time: 1.90s)
✓ Generated graph n=10000, m=10000000, seed=1128313391724783137, type=UNIFORM -> ./input/random_graphs/graph_10000_10000000_UNIFORM_1128313391724783137.txt (Time: 1.16s)
✓ Generated graph n=10000, m=10000000, seed=5349491008325879064, type=UNIFORM -> ./input/random_graphs/graph_10000_10000000_UNIFORM_5349491008325879064.txt (Time: 1.92s)
✓ Generated graph n=10000, m=10000000, seed=6614505080519948832, type=UNIFORM -> ./input/random_graphs/graph_10000_10000000_UNIFORM_6614505080519948832.txt (Time: 1.93s)
✓ Generated graph n=10000, m=10000000, seed=7938560551762094560, type=UNIFORM -> ./input/random_graphs/graph_10000_10000000_UNIFORM_7938560551762094560.txt (Time: 1.97s)
✓ Generated graph n=10000, m=10000000, seed=5063475852268941542, type=UNIFORM -> ./input/random_graphs/graph_10000_10000000_UNIFORM_5063475852268941542.txt (Time: 1.18s)
✓ Generated graph n=10000, m=10000000, seed=7917045922527545890, type=UNIFORM -> ./input/random_graphs/graph_10000_10000000_UNIFORM_7917045922527545890.txt (Time: 1.98s)
✓ Generated graph n=10000, m=10000000, seed=4445925461710302877, type=UNIFORM -> ./input/random_graphs/graph_10000_10000000_UNIFORM_4445925461710302877.txt (Time: 1.92s)
✓ Generated graph n=10000, m=10000000, seed=3865339568260874865, type=UNIFORM -> ./input/random_graphs/graph_10000_10000000_UNIFORM_3865339568260874865.txt (Time: 1.91s)
✓ Generated graph n=10000, m=10000000, seed=7921282862123281598, type=UNIFORM -> ./input/random_graphs/graph_10000_10000000_UNIFORM_7921282862123281598.txt (Time: 1.93s)
✓ Generated graph n=10000, m=10000000, seed=716820155901718944, type=UNIFORM -> ./input/random_graphs/graph_10000_10000000_UNIFORM_716820155901718944.txt (Time: 1.88s)
✓ Generated graph n=10000, m=10000000, seed=6224222471595207695, type=UNIFORM -> ./input/random_graphs/graph_10000_10000000_UNIFORM_6224222471595207695.txt (Time: 2.00s)
✓ Generated graph n=10000, m=10000000, seed=4997514996153925447, type=UNIFORM -> ./input/random_graphs/graph_10000_10000000_UNIFORM_4997514996153925447.txt (Time: 1.88s)
✓ Generated graph n=10000, m=10000000, seed=8718380604043999642, type=UNIFORM -> ./input/random_graphs/graph_10000_10000000_UNIFORM_8718380604043999642.txt (Time: 1.95s)
✓ Generated graph n=10000, m=10000000, seed=6529943913552561417, type=UNIFORM -> ./input/random_graphs/graph_10000_10000000_UNIFORM_6529943913552561417.txt (Time: 1.84s)
✓ Generated graph n=10000, m=10000000, seed=8446481348147407377, type=UNIFORM -> ./input/random_graphs/graph_10000_10000000_UNIFORM_8446481348147407377.txt (Time: 1.95s)
✓ Generated graph n=10000, m=10000000, seed=1170385908854608748, type=UNIFORM -> ./input/random_graphs/graph_10000_10000000_UNIFORM_1170385908854608748.txt (Time: 1.68s)
✓ Generated graph n=10000, m=10000000, seed=3817405844514670994, type=UNIFORM -> ./input/random_graphs/graph_10000_10000000_UNIFORM_3817405844514670994.txt (Time: 2.01s)
✓ Generated graph n=10000, m=10000000, seed=2909934787168262407, type=UNIFORM -> ./input/random_graphs/graph_10000_10000000_UNIFORM_2909934787168262407.txt (Time: 1.91s)
✓ Generated graph n=10000, m=10000000, seed=1392892770529522614, type=UNIFORM -> ./input/random_graphs/graph_10000_10000000_UNIFORM_1392892770529522614.txt (Time: 1.16s)
✓ Generated graph n=10000, m=10000000, seed=199422815561151340, type=UNIFORM -> ./input/random_graphs/graph_10000_10000000_UNIFORM_199422815561151340.txt (Time: 1.65s)
✓ Generated graph n=10000, m=10000000, seed=6022436717541034636, type=UNIFORM -> ./input/random_graphs/graph_10000_10000000_UNIFORM_6022436717541034636.txt (Time: 1.85s)
✓ Generated graph n=10000, m=10000000, seed=3713827327871807734, type=UNIFORM -> ./input/random_graphs/graph_10000_10000000_UNIFORM_3713827327871807734.txt (Time: 1.88s)
✓ Generated graph n=10000, m=10000000, seed=175493991617213850, type=UNIFORM -> ./input/random_graphs/graph_10000_10000000_UNIFORM_175493991617213850.txt (Time: 1.90s)
✓ Generated graph n=10000, m=10000000, seed=5108599054664628607, type=UNIFORM -> ./input/random_graphs/graph_10000_10000000_UNIFORM_5108599054664628607.txt (Time: 1.90s)
✓ Generated graph n=10000, m=10000000, seed=6764066939395682287, type=UNIFORM -> ./input/random_graphs/graph_10000_10000000_UNIFORM_6764066939395682287.txt (Time: 1.89s)
✓ Generated graph n=10000, m=10000000, seed=9130666990809746335, type=UNIFORM -> ./input/random_graphs/graph_10000_10000000_UNIFORM_9130666990809746335.txt (Time: 1.88s)
✓ Generated graph n=10000, m=10000000, seed=7644420139408884785, type=UNIFORM -> ./input/random_graphs/graph_10000_10000000_UNIFORM_7644420139408884785.txt (Time: 1.91s)
✓ Generated graph n=10000, m=10000000, seed=1458186392400727732, type=UNIFORM -> ./input/random_graphs/graph_10000_10000000_UNIFORM_1458186392400727732.txt (Time: 1.94s)
✓ Generated graph n=10000, m=10000000, seed=4250897495980125004, type=UNIFORM -> ./input/random_graphs/graph_10000_10000000_UNIFORM_4250897495980125004.txt (Time: 1.92s)
✓ Generated graph n=10000, m=10000000, seed=9060210648189963449, type=UNIFORM -> ./input/random_graphs/graph_10000_10000000_UNIFORM_9060210648189963449.txt (Time: 1.96s)
✓ Generated graph n=10000, m=10000000, seed=8794274795737982182, type=UNIFORM -> ./input/random_graphs/graph_10000_10000000_UNIFORM_8794274795737982182.txt (Time: 1.98s)
✓ Generated graph n=10000, m=10000000, seed=2089506265998900862, type=UNIFORM -> ./input/random_graphs/graph_10000_10000000_UNIFORM_2089506265998900862.txt (Time: 1.91s)
✓ Generated graph n=10000, m=10000000, seed=2718103348384927511, type=UNIFORM -> ./input/random_graphs/graph_10000_10000000_UNIFORM_2718103348384927511.txt (Time: 1.12s)
✓ Generated graph n=10000, m=10000000, seed=5497874167834979553, type=UNIFORM -> ./input/random_graphs/graph_10000_10000000_UNIFORM_5497874167834979553.txt (Time: 1.88s)
✓ Generated graph n=10000, m=10000000, seed=4060584409398689268, type=UNIFORM -> ./input/random_graphs/graph_10000_10000000_UNIFORM_4060584409398689268.txt (Time: 1.88s)
✓ Generated graph n=10000, m=10000000, seed=7118744415197196276, type=UNIFORM -> ./input/random_graphs/graph_10000_10000000_UNIFORM_7118744415197196276.txt (Time: 1.31s)
✓ Generated graph n=10000, m=10000000, seed=7449662661572224354, type=UNIFORM -> ./input/random_graphs/graph_10000_10000000_UNIFORM_7449662661572224354.txt (Time: 1.10s)
✓ Generated graph n=10000, m=10000000, seed=1722224698700348310, type=UNIFORM -> ./input/random_graphs/graph_10000_10000000_UNIFORM_1722224698700348310.txt (Time: 1.91s)
✓ Generated graph n=10000, m=10000000, seed=1332005502874566195, type=UNIFORM -> ./input/random_graphs/graph_10000_10000000_UNIFORM_1332005502874566195.txt (Time: 1.93s)
✓ Generated graph n=10000, m=10000000, seed=8626102704817790064, type=UNIFORM -> ./input/random_graphs/graph_10000_10000000_UNIFORM_8626102704817790064.txt (Time: 1.92s)
✓ Generated graph n=10000, m=10000000, seed=7905487461282246979, type=UNIFORM -> ./input/random_graphs/graph_10000_10000000_UNIFORM_7905487461282246979.txt (Time: 1.98s)
✓ Generated graph n=10000, m=10000000, seed=4795749165124911768, type=UNIFORM -> ./input/random_graphs/graph_10000_10000000_UNIFORM_4795749165124911768.txt (Time: 1.88s)
✓ Generated graph n=10000, m=10000000, seed=8448596294177070022, type=UNIFORM -> ./input/random_graphs/graph_10000_10000000_UNIFORM_8448596294177070022.txt (Time: 1.93s)
✓ Generated graph n=10000, m=10000000, seed=1992204328026194281, type=UNIFORM -> ./input/random_graphs/graph_10000_10000000_UNIFORM_1992204328026194281.txt (Time: 1.91s)
✓ Generated graph n=10000, m=10000000, seed=4934890601268679176, type=UNIFORM -> ./input/random_graphs/graph_10000_10000000_UNIFORM_4934890601268679176.txt (Time: 1.99s)
✓ Generated graph n=10000, m=10000000, seed=9059990922233379852, type=UNIFORM -> ./input/random_graphs/graph_10000_10000000_UNIFORM_9059990922233379852.txt (Time: 1.98s)
✓ Generated graph n=10000, m=10000000, seed=3221421291694197220, type=UNIFORM -> ./input/random_graphs/graph_10000_10000000_UNIFORM_3221421291694197220.txt (Time: 1.89s)
✓ Generated graph n=10000, m=10000000, seed=8867616339855336876, type=UNIFORM -> ./input/random_graphs/graph_10000_10000000_UNIFORM_8867616339855336876.txt (Time: 1.90s)
✓ Generated graph n=10000, m=10000000, seed=5894893360759659423, type=UNIFORM -> ./input/random_graphs/graph_10000_10000000_UNIFORM_5894893360759659423.txt (Time: 1.90s)
✓ Generated graph n=10000, m=10000000, seed=7983805977214098674, type=UNIFORM -> ./input/random_graphs/graph_10000_10000000_UNIFORM_7983805977214098674.txt (Time: 1.90s)
✓ Generated graph n=10000, m=10000000, seed=4940913311242578590, type=UNIFORM -> ./input/random_graphs/graph_10000_10000000_UNIFORM_4940913311242578590.txt (Time: 1.98s)
✓ Generated graph n=10000, m=10000000, seed=2264398621601381987, type=UNIFORM -> ./input/random_graphs/graph_10000_10000000_UNIFORM_2264398621601381987.txt (Time: 1.90s)
✓ Generated graph n=10000, m=10000000, seed=7632458674696225362, type=UNIFORM -> ./input/random_graphs/graph_10000_10000000_UNIFORM_7632458674696225362.txt (Time: 1.90s)
✓ Generated graph n=10000, m=15000000, seed=7032710160631691991, type=UNIFORM -> ./input/random_graphs/graph_10000_15000000_UNIFORM_7032710160631691991.txt (Time: 1.67s)
✓ Generated graph n=10000, m=15000000, seed=6522163754831416203, type=UNIFORM -> ./input/random_graphs/graph_10000_15000000_UNIFORM_6522163754831416203.txt (Time: 1.64s)
✓ Generated graph n=10000, m=15000000, seed=1070244953599069350, type=UNIFORM -> ./input/random_graphs/graph_10000_15000000_UNIFORM_1070244953599069350.txt (Time: 1.78s)
✓ Generated graph n=10000, m=15000000, seed=6230961512046992311, type=UNIFORM -> ./input/random_graphs/graph_10000_15000000_UNIFORM_6230961512046992311.txt (Time: 2.83s)
✓ Generated graph n=10000, m=15000000, seed=7871178979383552919, type=UNIFORM -> ./input/random_graphs/graph_10000_15000000_UNIFORM_7871178979383552919.txt (Time: 2.85s)
✓ Generated graph n=10000, m=15000000, seed=3881801951614183357, type=UNIFORM -> ./input/random_graphs/graph_10000_15000000_UNIFORM_3881801951614183357.txt (Time: 2.91s)
✓ Generated graph n=10000, m=15000000, seed=5739955973604961613, type=UNIFORM -> ./input/random_graphs/graph_10000_15000000_UNIFORM_5739955973604961613.txt (Time: 2.94s)
✓ Generated graph n=10000, m=15000000, seed=6938562734920028532, type=UNIFORM -> ./input/random_graphs/graph_10000_15000000_UNIFORM_6938562734920028532.txt (Time: 2.71s)
✓ Generated graph n=10000, m=15000000, seed=1353182403971399009, type=UNIFORM -> ./input/random_graphs/graph_10000_15000000_UNIFORM_1353182403971399009.txt (Time: 2.90s)
✓ Generated graph n=10000, m=15000000, seed=7599700178212337699, type=UNIFORM -> ./input/random_graphs/graph_10000_15000000_UNIFORM_7599700178212337699.txt (Time: 2.96s)
✓ Generated graph n=10000, m=15000000, seed=4040737767143389431, type=UNIFORM -> ./input/random_graphs/graph_10000_15000000_UNIFORM_4040737767143389431.txt (Time: 2.82s)
✓ Generated graph n=10000, m=15000000, seed=1250005700364523649, type=UNIFORM -> ./input/random_graphs/graph_10000_15000000_UNIFORM_1250005700364523649.txt (Time: 2.89s)
✓ Generated graph n=10000, m=15000000, seed=1250773459040295677, type=UNIFORM -> ./input/random_graphs/graph_10000_15000000_UNIFORM_1250773459040295677.txt (Time: 2.28s)
✓ Generated graph n=10000, m=15000000, seed=5708372698381010775, type=UNIFORM -> ./input/random_graphs/graph_10000_15000000_UNIFORM_5708372698381010775.txt (Time: 1.82s)
✓ Generated graph n=10000, m=15000000, seed=1309542850049879452, type=UNIFORM -> ./input/random_graphs/graph_10000_15000000_UNIFORM_1309542850049879452.txt (Time: 2.91s)
✓ Generated graph n=10000, m=15000000, seed=2429002973740178792, type=UNIFORM -> ./input/random_graphs/graph_10000_15000000_UNIFORM_2429002973740178792.txt (Time: 2.84s)
✓ Generated graph n=10000, m=15000000, seed=7663871783842725848, type=UNIFORM -> ./input/random_graphs/graph_10000_15000000_UNIFORM_7663871783842725848.txt (Time: 2.85s)
✓ Generated graph n=10000, m=15000000, seed=320375091487821987, type=UNIFORM -> ./input/random_graphs/graph_10000_15000000_UNIFORM_320375091487821987.txt (Time: 2.85s)
✓ Generated graph n=10000, m=15000000, seed=5906957480796939447, type=UNIFORM -> ./input/random_graphs/graph_10000_15000000_UNIFORM_5906957480796939447.txt (Time: 3.00s)
✓ Generated graph n=10000, m=15000000, seed=7146860528564146064, type=UNIFORM -> ./input/random_graphs/graph_10000_15000000_UNIFORM_7146860528564146064.txt (Time: 2.88s)
✓ Generated graph n=10000, m=15000000, seed=3438400432146115956, type=UNIFORM -> ./input/random_graphs/graph_10000_15000000_UNIFORM_3438400432146115956.txt (Time: 2.82s)
✓ Generated graph n=10000, m=15000000, seed=5139481885857321791, type=UNIFORM -> ./input/random_graphs/graph_10000_15000000_UNIFORM_5139481885857321791.txt (Time: 2.84s)
✓ Generated graph n=10000, m=15000000, seed=7473196763798409428, type=UNIFORM -> ./input/random_graphs/graph_10000_15000000_UNIFORM_7473196763798409428.txt (Time: 2.95s)
✓ Generated graph n=10000, m=15000000, seed=5142811650494845597, type=UNIFORM -> ./input/random_graphs/graph_10000_15000000_UNIFORM_5142811650494845597.txt (Time: 2.85s)
✓ Generated graph n=10000, m=15000000, seed=6002685213311538187, type=UNIFORM -> ./input/random_graphs/graph_10000_15000000_UNIFORM_6002685213311538187.txt (Time: 2.78s)
✓ Generated graph n=10000, m=15000000, seed=3010622984418968408, type=UNIFORM -> ./input/random_graphs/graph_10000_15000000_UNIFORM_3010622984418968408.txt (Time: 2.95s)
✓ Generated graph n=10000, m=15000000, seed=1731523882129807996, type=UNIFORM -> ./input/random_graphs/graph_10000_15000000_UNIFORM_1731523882129807996.txt (Time: 2.83s)
✓ Generated graph n=10000, m=15000000, seed=521787134863155063, type=UNIFORM -> ./input/random_graphs/graph_10000_15000000_UNIFORM_521787134863155063.txt (Time: 2.90s)
✓ Generated graph n=10000, m=15000000, seed=1024517563182776983, type=UNIFORM -> ./input/random_graphs/graph_10000_15000000_UNIFORM_1024517563182776983.txt (Time: 2.35s)
✓ Generated graph n=10000, m=15000000, seed=6785030173969523435, type=UNIFORM -> ./input/random_graphs/graph_10000_15000000_UNIFORM_6785030173969523435.txt (Time: 2.69s)
✓ Generated graph n=10000, m=15000000, seed=1853590723603270879, type=UNIFORM -> ./input/random_graphs/graph_10000_15000000_UNIFORM_1853590723603270879.txt (Time: 2.85s)
✓ Generated graph n=10000, m=15000000, seed=7029781962072644698, type=UNIFORM -> ./input/random_graphs/graph_10000_15000000_UNIFORM_7029781962072644698.txt (Time: 2.83s)
✓ Generated graph n=10000, m=15000000, seed=5529616217668449934, type=UNIFORM -> ./input/random_graphs/graph_10000_15000000_UNIFORM_5529616217668449934.txt (Time: 2.92s)
✓ Generated graph n=10000, m=15000000, seed=3224265581699847191, type=UNIFORM -> ./input/random_graphs/graph_10000_15000000_UNIFORM_3224265581699847191.txt (Time: 2.86s)
✓ Generated graph n=10000, m=15000000, seed=5258051056098597521, type=UNIFORM -> ./input/random_graphs/graph_10000_15000000_UNIFORM_5258051056098597521.txt (Time: 2.87s)
✓ Generated graph n=10000, m=15000000, seed=1647170069535670909, type=UNIFORM -> ./input/random_graphs/graph_10000_15000000_UNIFORM_1647170069535670909.txt (Time: 2.82s)
✓ Generated graph n=10000, m=15000000, seed=824387247617288499, type=UNIFORM -> ./input/random_graphs/graph_10000_15000000_UNIFORM_824387247617288499.txt (Time: 2.64s)
✓ Generated graph n=10000, m=15000000, seed=5349491008325879064, type=UNIFORM -> ./input/random_graphs/graph_10000_15000000_UNIFORM_5349491008325879064.txt (Time: 1.91s)
✓ Generated graph n=10000, m=15000000, seed=7706236040662210848, type=UNIFORM -> ./input/random_graphs/graph_10000_15000000_UNIFORM_7706236040662210848.txt (Time: 2.85s)
✓ Generated graph n=10000, m=15000000, seed=4122784633514911760, type=UNIFORM -> ./input/random_graphs/graph_10000_15000000_UNIFORM_4122784633514911760.txt (Time: 2.89s)
✓ Generated graph n=10000, m=15000000, seed=7161906730445628483, type=UNIFORM -> ./input/random_graphs/graph_10000_15000000_UNIFORM_7161906730445628483.txt (Time: 2.88s)
✓ Generated graph n=10000, m=15000000, seed=6802378520969450157, type=UNIFORM -> ./input/random_graphs/graph_10000_15000000_UNIFORM_6802378520969450157.txt (Time: 2.88s)
✓ Generated graph n=10000, m=15000000, seed=1632192924771168275, type=UNIFORM -> ./input/random_graphs/graph_10000_15000000_UNIFORM_1632192924771168275.txt (Time: 3.02s)
✓ Generated graph n=10000, m=15000000, seed=4552998297316576788, type=UNIFORM -> ./input/random_graphs/graph_10000_15000000_UNIFORM_4552998297316576788.txt (Time: 2.96s)
✓ Generated graph n=10000, m=15000000, seed=8031431416522537101, type=UNIFORM -> ./input/random_graphs/graph_10000_15000000_UNIFORM_8031431416522537101.txt (Time: 2.85s)
✓ Generated graph n=10000, m=15000000, seed=3272308573967577038, type=UNIFORM -> ./input/random_graphs/graph_10000_15000000_UNIFORM_3272308573967577038.txt (Time: 2.85s)
✓ Generated graph n=10000, m=15000000, seed=5636411189175451024, type=UNIFORM -> ./input/random_graphs/graph_10000_15000000_UNIFORM_5636411189175451024.txt (Time: 2.86s)
✓ Generated graph n=10000, m=15000000, seed=6143643868734370809, type=UNIFORM -> ./input/random_graphs/graph_10000_15000000_UNIFORM_6143643868734370809.txt (Time: 2.95s)
✓ Generated graph n=10000, m=15000000, seed=6614505080519948832, type=UNIFORM -> ./input/random_graphs/graph_10000_15000000_UNIFORM_6614505080519948832.txt (Time: 2.86s)
✓ Generated graph n=10000, m=15000000, seed=7938560551762094560, type=UNIFORM -> ./input/random_graphs/graph_10000_15000000_UNIFORM_7938560551762094560.txt (Time: 2.87s)
✓ Generated graph n=10000, m=15000000, seed=7917045922527545890, type=UNIFORM -> ./input/random_graphs/graph_10000_15000000_UNIFORM_7917045922527545890.txt (Time: 2.81s)
✓ Generated graph n=10000, m=15000000, seed=1128313391724783137, type=UNIFORM -> ./input/random_graphs/graph_10000_15000000_UNIFORM_1128313391724783137.txt (Time: 2.02s)
✓ Generated graph n=10000, m=15000000, seed=4445925461710302877, type=UNIFORM -> ./input/random_graphs/graph_10000_15000000_UNIFORM_4445925461710302877.txt (Time: 2.90s)
✓ Generated graph n=10000, m=15000000, seed=3865339568260874865, type=UNIFORM -> ./input/random_graphs/graph_10000_15000000_UNIFORM_3865339568260874865.txt (Time: 2.97s)
✓ Generated graph n=10000, m=15000000, seed=6529943913552561417, type=UNIFORM -> ./input/random_graphs/graph_10000_15000000_UNIFORM_6529943913552561417.txt (Time: 1.67s)
✓ Generated graph n=10000, m=15000000, seed=3817405844514670994, type=UNIFORM -> ./input/random_graphs/graph_10000_15000000_UNIFORM_3817405844514670994.txt (Time: 2.07s)
✓ Generated graph n=10000, m=15000000, seed=716820155901718944, type=UNIFORM -> ./input/random_graphs/graph_10000_15000000_UNIFORM_716820155901718944.txt (Time: 2.86s)
✓ Generated graph n=10000, m=15000000, seed=7921282862123281598, type=UNIFORM -> ./input/random_graphs/graph_10000_15000000_UNIFORM_7921282862123281598.txt (Time: 2.91s)
✓ Generated graph n=10000, m=15000000, seed=6224222471595207695, type=UNIFORM -> ./input/random_graphs/graph_10000_15000000_UNIFORM_6224222471595207695.txt (Time: 2.91s)
✓ Generated graph n=10000, m=15000000, seed=8718380604043999642, type=UNIFORM -> ./input/random_graphs/graph_10000_15000000_UNIFORM_8718380604043999642.txt (Time: 2.84s)
✓ Generated graph n=10000, m=15000000, seed=5063475852268941542, type=UNIFORM -> ./input/random_graphs/graph_10000_15000000_UNIFORM_5063475852268941542.txt (Time: 2.92s)
✓ Generated graph n=10000, m=15000000, seed=8446481348147407377, type=UNIFORM -> ./input/random_graphs/graph_10000_15000000_UNIFORM_8446481348147407377.txt (Time: 2.87s)
✓ Generated graph n=10000, m=15000000, seed=4997514996153925447, type=UNIFORM -> ./input/random_graphs/graph_10000_15000000_UNIFORM_4997514996153925447.txt (Time: 2.96s)
✓ Generated graph n=10000, m=15000000, seed=1170385908854608748, type=UNIFORM -> ./input/random_graphs/graph_10000_15000000_UNIFORM_1170385908854608748.txt (Time: 2.82s)
✓ Generated graph n=10000, m=15000000, seed=2909934787168262407, type=UNIFORM -> ./input/random_graphs/graph_10000_15000000_UNIFORM_2909934787168262407.txt (Time: 2.85s)
✓ Generated graph n=10000, m=15000000, seed=4250897495980125004, type=UNIFORM -> ./input/random_graphs/graph_10000_15000000_UNIFORM_4250897495980125004.txt (Time: 1.69s)
✓ Generated graph n=10000, m=15000000, seed=199422815561151340, type=UNIFORM -> ./input/random_graphs/graph_10000_15000000_UNIFORM_199422815561151340.txt (Time: 2.81s)
✓ Generated graph n=10000, m=15000000, seed=6022436717541034636, type=UNIFORM -> ./input/random_graphs/graph_10000_15000000_UNIFORM_6022436717541034636.txt (Time: 2.85s)
✓ Generated graph n=10000, m=15000000, seed=3713827327871807734, type=UNIFORM -> ./input/random_graphs/graph_10000_15000000_UNIFORM_3713827327871807734.txt (Time: 2.81s)
✓ Generated graph n=10000, m=15000000, seed=5108599054664628607, type=UNIFORM -> ./input/random_graphs/graph_10000_15000000_UNIFORM_5108599054664628607.txt (Time: 2.88s)
✓ Generated graph n=10000, m=15000000, seed=175493991617213850, type=UNIFORM -> ./input/random_graphs/graph_10000_15000000_UNIFORM_175493991617213850.txt (Time: 2.96s)
✓ Generated graph n=10000, m=15000000, seed=6764066939395682287, type=UNIFORM -> ./input/random_graphs/graph_10000_15000000_UNIFORM_6764066939395682287.txt (Time: 2.85s)
✓ Generated graph n=10000, m=15000000, seed=1458186392400727732, type=UNIFORM -> ./input/random_graphs/graph_10000_15000000_UNIFORM_1458186392400727732.txt (Time: 2.74s)
✓ Generated graph n=10000, m=15000000, seed=9130666990809746335, type=UNIFORM -> ./input/random_graphs/graph_10000_15000000_UNIFORM_9130666990809746335.txt (Time: 2.86s)
✓ Generated graph n=10000, m=15000000, seed=9060210648189963449, type=UNIFORM -> ./input/random_graphs/graph_10000_15000000_UNIFORM_9060210648189963449.txt (Time: 2.80s)
✓ Generated graph n=10000, m=15000000, seed=8626102704817790064, type=UNIFORM -> ./input/random_graphs/graph_10000_15000000_UNIFORM_8626102704817790064.txt (Time: 1.66s)
✓ Generated graph n=10000, m=15000000, seed=1392892770529522614, type=UNIFORM -> ./input/random_graphs/graph_10000_15000000_UNIFORM_1392892770529522614.txt (Time: 2.85s)
✓ Generated graph n=10000, m=15000000, seed=7644420139408884785, type=UNIFORM -> ./input/random_graphs/graph_10000_15000000_UNIFORM_7644420139408884785.txt (Time: 3.01s)
✓ Generated graph n=10000, m=15000000, seed=1722224698700348310, type=UNIFORM -> ./input/random_graphs/graph_10000_15000000_UNIFORM_1722224698700348310.txt (Time: 1.97s)
✓ Generated graph n=10000, m=15000000, seed=8794274795737982182, type=UNIFORM -> ./input/random_graphs/graph_10000_15000000_UNIFORM_8794274795737982182.txt (Time: 2.86s)
✓ Generated graph n=10000, m=15000000, seed=2089506265998900862, type=UNIFORM -> ./input/random_graphs/graph_10000_15000000_UNIFORM_2089506265998900862.txt (Time: 2.95s)
✓ Generated graph n=10000, m=15000000, seed=5497874167834979553, type=UNIFORM -> ./input/random_graphs/graph_10000_15000000_UNIFORM_5497874167834979553.txt (Time: 2.96s)
✓ Generated graph n=10000, m=15000000, seed=3221421291694197220, type=UNIFORM -> ./input/random_graphs/graph_10000_15000000_UNIFORM_3221421291694197220.txt (Time: 1.67s)
✓ Generated graph n=10000, m=15000000, seed=4060584409398689268, type=UNIFORM -> ./input/random_graphs/graph_10000_15000000_UNIFORM_4060584409398689268.txt (Time: 2.85s)
✓ Generated graph n=10000, m=15000000, seed=1332005502874566195, type=UNIFORM -> ./input/random_graphs/graph_10000_15000000_UNIFORM_1332005502874566195.txt (Time: 2.84s)
✓ Generated graph n=10000, m=15000000, seed=2718103348384927511, type=UNIFORM -> ./input/random_graphs/graph_10000_15000000_UNIFORM_2718103348384927511.txt (Time: 2.26s)
✓ Generated graph n=10000, m=15000000, seed=7905487461282246979, type=UNIFORM -> ./input/random_graphs/graph_10000_15000000_UNIFORM_7905487461282246979.txt (Time: 2.97s)
✓ Generated graph n=10000, m=15000000, seed=4795749165124911768, type=UNIFORM -> ./input/random_graphs/graph_10000_15000000_UNIFORM_4795749165124911768.txt (Time: 2.79s)
✓ Generated graph n=10000, m=15000000, seed=8448596294177070022, type=UNIFORM -> ./input/random_graphs/graph_10000_15000000_UNIFORM_8448596294177070022.txt (Time: 2.88s)
✓ Generated graph n=10000, m=15000000, seed=4934890601268679176, type=UNIFORM -> ./input/random_graphs/graph_10000_15000000_UNIFORM_4934890601268679176.txt (Time: 2.89s)
✓ Generated graph n=10000, m=15000000, seed=7118744415197196276, type=UNIFORM -> ./input/random_graphs/graph_10000_15000000_UNIFORM_7118744415197196276.txt (Time: 2.87s)
✓ Generated graph n=10000, m=15000000, seed=9059990922233379852, type=UNIFORM -> ./input/random_graphs/graph_10000_15000000_UNIFORM_9059990922233379852.txt (Time: 2.85s)
✓ Generated graph n=10000, m=15000000, seed=1992204328026194281, type=UNIFORM -> ./input/random_graphs/graph_10000_15000000_UNIFORM_1992204328026194281.txt (Time: 3.00s)
✓ Generated graph n=10000, m=15000000, seed=7449662661572224354, type=UNIFORM -> ./input/random_graphs/graph_10000_15000000_UNIFORM_7449662661572224354.txt (Time: 2.85s)
✓ Generated graph n=10000, m=15000000, seed=7632458674696225362, type=UNIFORM -> ./input/random_graphs/graph_10000_15000000_UNIFORM_7632458674696225362.txt (Time: 2.38s)
✓ Generated graph n=10000, m=15000000, seed=8867616339855336876, type=UNIFORM -> ./input/random_graphs/graph_10000_15000000_UNIFORM_8867616339855336876.txt (Time: 2.85s)
✓ Generated graph n=10000, m=15000000, seed=5894893360759659423, type=UNIFORM -> ./input/random_graphs/graph_10000_15000000_UNIFORM_5894893360759659423.txt (Time: 2.99s)
✓ Generated graph n=10000, m=15000000, seed=7983805977214098674, type=UNIFORM -> ./input/random_graphs/graph_10000_15000000_UNIFORM_7983805977214098674.txt (Time: 2.85s)
✓ Generated graph n=10000, m=15000000, seed=2264398621601381987, type=UNIFORM -> ./input/random_graphs/graph_10000_15000000_UNIFORM_2264398621601381987.txt (Time: 2.80s)
✓ Generated graph n=10000, m=15000000, seed=4940913311242578590, type=UNIFORM -> ./input/random_graphs/graph_10000_15000000_UNIFORM_4940913311242578590.txt (Time: 2.84s)
✓ Generated graph n=10000, m=20000000, seed=7871178979383552919, type=UNIFORM -> ./input/random_graphs/graph_10000_20000000_UNIFORM_7871178979383552919.txt (Time: 2.90s)
✓ Generated graph n=10000, m=20000000, seed=3881801951614183357, type=UNIFORM -> ./input/random_graphs/graph_10000_20000000_UNIFORM_3881801951614183357.txt (Time: 2.95s)
✓ Generated graph n=10000, m=20000000, seed=6230961512046992311, type=UNIFORM -> ./input/random_graphs/graph_10000_20000000_UNIFORM_6230961512046992311.txt (Time: 4.02s)
✓ Generated graph n=10000, m=20000000, seed=5739955973604961613, type=UNIFORM -> ./input/random_graphs/graph_10000_20000000_UNIFORM_5739955973604961613.txt (Time: 4.02s)
✓ Generated graph n=10000, m=20000000, seed=7032710160631691991, type=UNIFORM -> ./input/random_graphs/graph_10000_20000000_UNIFORM_7032710160631691991.txt (Time: 4.02s)
✓ Generated graph n=10000, m=20000000, seed=4040737767143389431, type=UNIFORM -> ./input/random_graphs/graph_10000_20000000_UNIFORM_4040737767143389431.txt (Time: 3.18s)
✓ Generated graph n=10000, m=20000000, seed=7599700178212337699, type=UNIFORM -> ./input/random_graphs/graph_10000_20000000_UNIFORM_7599700178212337699.txt (Time: 4.08s)
✓ Generated graph n=10000, m=20000000, seed=1353182403971399009, type=UNIFORM -> ./input/random_graphs/graph_10000_20000000_UNIFORM_1353182403971399009.txt (Time: 4.11s)
✓ Generated graph n=10000, m=20000000, seed=1070244953599069350, type=UNIFORM -> ./input/random_graphs/graph_10000_20000000_UNIFORM_1070244953599069350.txt (Time: 3.92s)
✓ Generated graph n=10000, m=20000000, seed=6522163754831416203, type=UNIFORM -> ./input/random_graphs/graph_10000_20000000_UNIFORM_6522163754831416203.txt (Time: 3.93s)
✓ Generated graph n=10000, m=20000000, seed=6938562734920028532, type=UNIFORM -> ./input/random_graphs/graph_10000_20000000_UNIFORM_6938562734920028532.txt (Time: 3.84s)
✓ Generated graph n=10000, m=20000000, seed=1250005700364523649, type=UNIFORM -> ./input/random_graphs/graph_10000_20000000_UNIFORM_1250005700364523649.txt (Time: 3.89s)
✓ Generated graph n=10000, m=20000000, seed=7663871783842725848, type=UNIFORM -> ./input/random_graphs/graph_10000_20000000_UNIFORM_7663871783842725848.txt (Time: 3.75s)
✓ Generated graph n=10000, m=20000000, seed=1309542850049879452, type=UNIFORM -> ./input/random_graphs/graph_10000_20000000_UNIFORM_1309542850049879452.txt (Time: 3.93s)
✓ Generated graph n=10000, m=20000000, seed=5708372698381010775, type=UNIFORM -> ./input/random_graphs/graph_10000_20000000_UNIFORM_5708372698381010775.txt (Time: 2.69s)
✓ Generated graph n=10000, m=20000000, seed=2429002973740178792, type=UNIFORM -> ./input/random_graphs/graph_10000_20000000_UNIFORM_2429002973740178792.txt (Time: 3.95s)
✓ Generated graph n=10000, m=20000000, seed=320375091487821987, type=UNIFORM -> ./input/random_graphs/graph_10000_20000000_UNIFORM_320375091487821987.txt (Time: 3.84s)
✓ Generated graph n=10000, m=20000000, seed=5906957480796939447, type=UNIFORM -> ./input/random_graphs/graph_10000_20000000_UNIFORM_5906957480796939447.txt (Time: 3.91s)
✓ Generated graph n=10000, m=20000000, seed=1250773459040295677, type=UNIFORM -> ./input/random_graphs/graph_10000_20000000_UNIFORM_1250773459040295677.txt (Time: 3.93s)
✓ Generated graph n=10000, m=20000000, seed=7146860528564146064, type=UNIFORM -> ./input/random_graphs/graph_10000_20000000_UNIFORM_7146860528564146064.txt (Time: 4.01s)
✓ Generated graph n=10000, m=20000000, seed=3438400432146115956, type=UNIFORM -> ./input/random_graphs/graph_10000_20000000_UNIFORM_3438400432146115956.txt (Time: 3.77s)
✓ Generated graph n=10000, m=20000000, seed=7473196763798409428, type=UNIFORM -> ./input/random_graphs/graph_10000_20000000_UNIFORM_7473196763798409428.txt (Time: 4.07s)
✓ Generated graph n=10000, m=20000000, seed=5139481885857321791, type=UNIFORM -> ./input/random_graphs/graph_10000_20000000_UNIFORM_5139481885857321791.txt (Time: 4.05s)
✓ Generated graph n=10000, m=20000000, seed=3010622984418968408, type=UNIFORM -> ./input/random_graphs/graph_10000_20000000_UNIFORM_3010622984418968408.txt (Time: 3.94s)
✓ Generated graph n=10000, m=20000000, seed=6002685213311538187, type=UNIFORM -> ./input/random_graphs/graph_10000_20000000_UNIFORM_6002685213311538187.txt (Time: 3.99s)
✓ Generated graph n=10000, m=20000000, seed=5142811650494845597, type=UNIFORM -> ./input/random_graphs/graph_10000_20000000_UNIFORM_5142811650494845597.txt (Time: 4.11s)
✓ Generated graph n=10000, m=20000000, seed=521787134863155063, type=UNIFORM -> ./input/random_graphs/graph_10000_20000000_UNIFORM_521787134863155063.txt (Time: 3.81s)
✓ Generated graph n=10000, m=20000000, seed=5258051056098597521, type=UNIFORM -> ./input/random_graphs/graph_10000_20000000_UNIFORM_5258051056098597521.txt (Time: 2.34s)
✓ Generated graph n=10000, m=20000000, seed=1853590723603270879, type=UNIFORM -> ./input/random_graphs/graph_10000_20000000_UNIFORM_1853590723603270879.txt (Time: 3.51s)
✓ Generated graph n=10000, m=20000000, seed=1731523882129807996, type=UNIFORM -> ./input/random_graphs/graph_10000_20000000_UNIFORM_1731523882129807996.txt (Time: 3.92s)
✓ Generated graph n=10000, m=20000000, seed=824387247617288499, type=UNIFORM -> ./input/random_graphs/graph_10000_20000000_UNIFORM_824387247617288499.txt (Time: 2.42s)
✓ Generated graph n=10000, m=20000000, seed=1024517563182776983, type=UNIFORM -> ./input/random_graphs/graph_10000_20000000_UNIFORM_1024517563182776983.txt (Time: 3.53s)
✓ Generated graph n=10000, m=20000000, seed=6785030173969523435, type=UNIFORM -> ./input/random_graphs/graph_10000_20000000_UNIFORM_6785030173969523435.txt (Time: 3.89s)
✓ Generated graph n=10000, m=20000000, seed=7029781962072644698, type=UNIFORM -> ./input/random_graphs/graph_10000_20000000_UNIFORM_7029781962072644698.txt (Time: 3.90s)
✓ Generated graph n=10000, m=20000000, seed=5529616217668449934, type=UNIFORM -> ./input/random_graphs/graph_10000_20000000_UNIFORM_5529616217668449934.txt (Time: 3.92s)
✓ Generated graph n=10000, m=20000000, seed=1647170069535670909, type=UNIFORM -> ./input/random_graphs/graph_10000_20000000_UNIFORM_1647170069535670909.txt (Time: 3.86s)
✓ Generated graph n=10000, m=20000000, seed=3224265581699847191, type=UNIFORM -> ./input/random_graphs/graph_10000_20000000_UNIFORM_3224265581699847191.txt (Time: 4.02s)
✓ Generated graph n=10000, m=20000000, seed=5636411189175451024, type=UNIFORM -> ./input/random_graphs/graph_10000_20000000_UNIFORM_5636411189175451024.txt (Time: 2.59s)
✓ Generated graph n=10000, m=20000000, seed=4122784633514911760, type=UNIFORM -> ./input/random_graphs/graph_10000_20000000_UNIFORM_4122784633514911760.txt (Time: 3.85s)
✓ Generated graph n=10000, m=20000000, seed=7706236040662210848, type=UNIFORM -> ./input/random_graphs/graph_10000_20000000_UNIFORM_7706236040662210848.txt (Time: 3.88s)
✓ Generated graph n=10000, m=20000000, seed=7161906730445628483, type=UNIFORM -> ./input/random_graphs/graph_10000_20000000_UNIFORM_7161906730445628483.txt (Time: 3.87s)
✓ Generated graph n=10000, m=20000000, seed=1632192924771168275, type=UNIFORM -> ./input/random_graphs/graph_10000_20000000_UNIFORM_1632192924771168275.txt (Time: 3.99s)
✓ Generated graph n=10000, m=20000000, seed=6802378520969450157, type=UNIFORM -> ./input/random_graphs/graph_10000_20000000_UNIFORM_6802378520969450157.txt (Time: 3.94s)
✓ Generated graph n=10000, m=20000000, seed=8031431416522537101, type=UNIFORM -> ./input/random_graphs/graph_10000_20000000_UNIFORM_8031431416522537101.txt (Time: 3.89s)
✓ Generated graph n=10000, m=20000000, seed=6143643868734370809, type=UNIFORM -> ./input/random_graphs/graph_10000_20000000_UNIFORM_6143643868734370809.txt (Time: 3.90s)
✓ Generated graph n=10000, m=20000000, seed=4552998297316576788, type=UNIFORM -> ./input/random_graphs/graph_10000_20000000_UNIFORM_4552998297316576788.txt (Time: 4.12s)
✓ Generated graph n=10000, m=20000000, seed=3272308573967577038, type=UNIFORM -> ./input/random_graphs/graph_10000_20000000_UNIFORM_3272308573967577038.txt (Time: 3.97s)
✓ Generated graph n=10000, m=20000000, seed=1128313391724783137, type=UNIFORM -> ./input/random_graphs/graph_10000_20000000_UNIFORM_1128313391724783137.txt (Time: 2.49s)
✓ Generated graph n=10000, m=20000000, seed=5349491008325879064, type=UNIFORM -> ./input/random_graphs/graph_10000_20000000_UNIFORM_5349491008325879064.txt (Time: 3.95s)
✓ Generated graph n=10000, m=20000000, seed=6614505080519948832, type=UNIFORM -> ./input/random_graphs/graph_10000_20000000_UNIFORM_6614505080519948832.txt (Time: 4.02s)
✓ Generated graph n=10000, m=20000000, seed=7938560551762094560, type=UNIFORM -> ./input/random_graphs/graph_10000_20000000_UNIFORM_7938560551762094560.txt (Time: 4.04s)
✓ Generated graph n=10000, m=20000000, seed=7917045922527545890, type=UNIFORM -> ./input/random_graphs/graph_10000_20000000_UNIFORM_7917045922527545890.txt (Time: 4.08s)
✓ Generated graph n=10000, m=20000000, seed=4445925461710302877, type=UNIFORM -> ./input/random_graphs/graph_10000_20000000_UNIFORM_4445925461710302877.txt (Time: 3.98s)
✓ Generated graph n=10000, m=20000000, seed=3865339568260874865, type=UNIFORM -> ./input/random_graphs/graph_10000_20000000_UNIFORM_3865339568260874865.txt (Time: 3.84s)
✓ Generated graph n=10000, m=20000000, seed=6529943913552561417, type=UNIFORM -> ./input/random_graphs/graph_10000_20000000_UNIFORM_6529943913552561417.txt (Time: 2.37s)
✓ Generated graph n=10000, m=20000000, seed=7921282862123281598, type=UNIFORM -> ./input/random_graphs/graph_10000_20000000_UNIFORM_7921282862123281598.txt (Time: 3.84s)
✓ Generated graph n=10000, m=20000000, seed=6224222471595207695, type=UNIFORM -> ./input/random_graphs/graph_10000_20000000_UNIFORM_6224222471595207695.txt (Time: 4.08s)
✓ Generated graph n=10000, m=20000000, seed=716820155901718944, type=UNIFORM -> ./input/random_graphs/graph_10000_20000000_UNIFORM_716820155901718944.txt (Time: 3.99s)
✓ Generated graph n=10000, m=20000000, seed=8718380604043999642, type=UNIFORM -> ./input/random_graphs/graph_10000_20000000_UNIFORM_8718380604043999642.txt (Time: 3.99s)
✓ Generated graph n=10000, m=20000000, seed=5063475852268941542, type=UNIFORM -> ./input/random_graphs/graph_10000_20000000_UNIFORM_5063475852268941542.txt (Time: 4.10s)
✓ Generated graph n=10000, m=20000000, seed=4997514996153925447, type=UNIFORM -> ./input/random_graphs/graph_10000_20000000_UNIFORM_4997514996153925447.txt (Time: 3.92s)
✓ Generated graph n=10000, m=20000000, seed=8446481348147407377, type=UNIFORM -> ./input/random_graphs/graph_10000_20000000_UNIFORM_8446481348147407377.txt (Time: 3.97s)
✓ Generated graph n=10000, m=20000000, seed=3817405844514670994, type=UNIFORM -> ./input/random_graphs/graph_10000_20000000_UNIFORM_3817405844514670994.txt (Time: 4.07s)
✓ Generated graph n=10000, m=20000000, seed=6764066939395682287, type=UNIFORM -> ./input/random_graphs/graph_10000_20000000_UNIFORM_6764066939395682287.txt (Time: 3.14s)
✓ Generated graph n=10000, m=20000000, seed=1170385908854608748, type=UNIFORM -> ./input/random_graphs/graph_10000_20000000_UNIFORM_1170385908854608748.txt (Time: 3.88s)
✓ Generated graph n=10000, m=20000000, seed=6022436717541034636, type=UNIFORM -> ./input/random_graphs/graph_10000_20000000_UNIFORM_6022436717541034636.txt (Time: 3.80s)
✓ Generated graph n=10000, m=20000000, seed=2909934787168262407, type=UNIFORM -> ./input/random_graphs/graph_10000_20000000_UNIFORM_2909934787168262407.txt (Time: 4.18s)
✓ Generated graph n=10000, m=20000000, seed=199422815561151340, type=UNIFORM -> ./input/random_graphs/graph_10000_20000000_UNIFORM_199422815561151340.txt (Time: 3.92s)
✓ Generated graph n=10000, m=20000000, seed=3713827327871807734, type=UNIFORM -> ./input/random_graphs/graph_10000_20000000_UNIFORM_3713827327871807734.txt (Time: 4.07s)
✓ Generated graph n=10000, m=20000000, seed=175493991617213850, type=UNIFORM -> ./input/random_graphs/graph_10000_20000000_UNIFORM_175493991617213850.txt (Time: 3.93s)
✓ Generated graph n=10000, m=20000000, seed=5108599054664628607, type=UNIFORM -> ./input/random_graphs/graph_10000_20000000_UNIFORM_5108599054664628607.txt (Time: 3.94s)
✓ Generated graph n=10000, m=20000000, seed=9130666990809746335, type=UNIFORM -> ./input/random_graphs/graph_10000_20000000_UNIFORM_9130666990809746335.txt (Time: 3.91s)
✓ Generated graph n=10000, m=20000000, seed=7644420139408884785, type=UNIFORM -> ./input/random_graphs/graph_10000_20000000_UNIFORM_7644420139408884785.txt (Time: 3.52s)
✓ Generated graph n=10000, m=20000000, seed=1458186392400727732, type=UNIFORM -> ./input/random_graphs/graph_10000_20000000_UNIFORM_1458186392400727732.txt (Time: 3.96s)
✓ Generated graph n=10000, m=20000000, seed=9060210648189963449, type=UNIFORM -> ./input/random_graphs/graph_10000_20000000_UNIFORM_9060210648189963449.txt (Time: 4.05s)
✓ Generated graph n=10000, m=20000000, seed=4250897495980125004, type=UNIFORM -> ./input/random_graphs/graph_10000_20000000_UNIFORM_4250897495980125004.txt (Time: 3.93s)
✓ Generated graph n=10000, m=20000000, seed=1392892770529522614, type=UNIFORM -> ./input/random_graphs/graph_10000_20000000_UNIFORM_1392892770529522614.txt (Time: 4.14s)
✓ Generated graph n=10000, m=20000000, seed=8626102704817790064, type=UNIFORM -> ./input/random_graphs/graph_10000_20000000_UNIFORM_8626102704817790064.txt (Time: 2.37s)
✓ Generated graph n=10000, m=20000000, seed=2089506265998900862, type=UNIFORM -> ./input/random_graphs/graph_10000_20000000_UNIFORM_2089506265998900862.txt (Time: 3.86s)
✓ Generated graph n=10000, m=20000000, seed=8794274795737982182, type=UNIFORM -> ./input/random_graphs/graph_10000_20000000_UNIFORM_8794274795737982182.txt (Time: 4.03s)
✓ Generated graph n=10000, m=20000000, seed=8448596294177070022, type=UNIFORM -> ./input/random_graphs/graph_10000_20000000_UNIFORM_8448596294177070022.txt (Time: 2.53s)
✓ Generated graph n=10000, m=20000000, seed=4795749165124911768, type=UNIFORM -> ./input/random_graphs/graph_10000_20000000_UNIFORM_4795749165124911768.txt (Time: 2.38s)
✓ Generated graph n=10000, m=20000000, seed=4060584409398689268, type=UNIFORM -> ./input/random_graphs/graph_10000_20000000_UNIFORM_4060584409398689268.txt (Time: 3.94s)
✓ Generated graph n=10000, m=20000000, seed=5497874167834979553, type=UNIFORM -> ./input/random_graphs/graph_10000_20000000_UNIFORM_5497874167834979553.txt (Time: 4.10s)
✓ Generated graph n=10000, m=20000000, seed=1332005502874566195, type=UNIFORM -> ./input/random_graphs/graph_10000_20000000_UNIFORM_1332005502874566195.txt (Time: 4.03s)
✓ Generated graph n=10000, m=20000000, seed=1722224698700348310, type=UNIFORM -> ./input/random_graphs/graph_10000_20000000_UNIFORM_1722224698700348310.txt (Time: 4.08s)
✓ Generated graph n=10000, m=20000000, seed=7905487461282246979, type=UNIFORM -> ./input/random_graphs/graph_10000_20000000_UNIFORM_7905487461282246979.txt (Time: 3.90s)
✓ Generated graph n=10000, m=20000000, seed=7983805977214098674, type=UNIFORM -> ./input/random_graphs/graph_10000_20000000_UNIFORM_7983805977214098674.txt (Time: 2.73s)
✓ Generated graph n=10000, m=20000000, seed=4934890601268679176, type=UNIFORM -> ./input/random_graphs/graph_10000_20000000_UNIFORM_4934890601268679176.txt (Time: 3.89s)
✓ Generated graph n=10000, m=20000000, seed=4940913311242578590, type=UNIFORM -> ./input/random_graphs/graph_10000_20000000_UNIFORM_4940913311242578590.txt (Time: 3.03s)
✓ Generated graph n=10000, m=20000000, seed=1992204328026194281, type=UNIFORM -> ./input/random_graphs/graph_10000_20000000_UNIFORM_1992204328026194281.txt (Time: 3.90s)
✓ Generated graph n=10000, m=20000000, seed=7449662661572224354, type=UNIFORM -> ./input/random_graphs/graph_10000_20000000_UNIFORM_7449662661572224354.txt (Time: 3.79s)
✓ Generated graph n=10000, m=20000000, seed=2718103348384927511, type=UNIFORM -> ./input/random_graphs/graph_10000_20000000_UNIFORM_2718103348384927511.txt (Time: 3.95s)
✓ Generated graph n=10000, m=20000000, seed=7118744415197196276, type=UNIFORM -> ./input/random_graphs/graph_10000_20000000_UNIFORM_7118744415197196276.txt (Time: 4.00s)
✓ Generated graph n=10000, m=20000000, seed=9059990922233379852, type=UNIFORM -> ./input/random_graphs/graph_10000_20000000_UNIFORM_9059990922233379852.txt (Time: 3.98s)
✓ Generated graph n=10000, m=20000000, seed=8867616339855336876, type=UNIFORM -> ./input/random_graphs/graph_10000_20000000_UNIFORM_8867616339855336876.txt (Time: 3.85s)
✓ Generated graph n=10000, m=25000000, seed=5739955973604961613, type=UNIFORM -> ./input/random_graphs/graph_10000_25000000_UNIFORM_5739955973604961613.txt (Time: 2.92s)
✓ Generated graph n=10000, m=20000000, seed=5894893360759659423, type=UNIFORM -> ./input/random_graphs/graph_10000_20000000_UNIFORM_5894893360759659423.txt (Time: 3.88s)
✓ Generated graph n=10000, m=20000000, seed=3221421291694197220, type=UNIFORM -> ./input/random_graphs/graph_10000_20000000_UNIFORM_3221421291694197220.txt (Time: 4.09s)
✓ Generated graph n=10000, m=25000000, seed=1353182403971399009, type=UNIFORM -> ./input/random_graphs/graph_10000_25000000_UNIFORM_1353182403971399009.txt (Time: 2.85s)
✓ Generated graph n=10000, m=20000000, seed=2264398621601381987, type=UNIFORM -> ./input/random_graphs/graph_10000_20000000_UNIFORM_2264398621601381987.txt (Time: 3.94s)
✓ Generated graph n=10000, m=20000000, seed=7632458674696225362, type=UNIFORM -> ./input/random_graphs/graph_10000_20000000_UNIFORM_7632458674696225362.txt (Time: 3.91s)
✓ Generated graph n=10000, m=25000000, seed=6230961512046992311, type=UNIFORM -> ./input/random_graphs/graph_10000_25000000_UNIFORM_6230961512046992311.txt (Time: 5.09s)
✓ Generated graph n=10000, m=25000000, seed=7871178979383552919, type=UNIFORM -> ./input/random_graphs/graph_10000_25000000_UNIFORM_7871178979383552919.txt (Time: 5.15s)
✓ Generated graph n=10000, m=25000000, seed=7032710160631691991, type=UNIFORM -> ./input/random_graphs/graph_10000_25000000_UNIFORM_7032710160631691991.txt (Time: 4.94s)
✓ Generated graph n=10000, m=25000000, seed=3881801951614183357, type=UNIFORM -> ./input/random_graphs/graph_10000_25000000_UNIFORM_3881801951614183357.txt (Time: 5.07s)
✓ Generated graph n=10000, m=25000000, seed=7599700178212337699, type=UNIFORM -> ./input/random_graphs/graph_10000_25000000_UNIFORM_7599700178212337699.txt (Time: 5.04s)
✓ Generated graph n=10000, m=25000000, seed=7146860528564146064, type=UNIFORM -> ./input/random_graphs/graph_10000_25000000_UNIFORM_7146860528564146064.txt (Time: 2.93s)
✓ Generated graph n=10000, m=25000000, seed=1070244953599069350, type=UNIFORM -> ./input/random_graphs/graph_10000_25000000_UNIFORM_1070244953599069350.txt (Time: 4.99s)
✓ Generated graph n=10000, m=25000000, seed=6522163754831416203, type=UNIFORM -> ./input/random_graphs/graph_10000_25000000_UNIFORM_6522163754831416203.txt (Time: 4.91s)
✓ Generated graph n=10000, m=25000000, seed=6002685213311538187, type=UNIFORM -> ./input/random_graphs/graph_10000_25000000_UNIFORM_6002685213311538187.txt (Time: 2.88s)
✓ Generated graph n=10000, m=25000000, seed=6938562734920028532, type=UNIFORM -> ./input/random_graphs/graph_10000_25000000_UNIFORM_6938562734920028532.txt (Time: 5.21s)
✓ Generated graph n=10000, m=25000000, seed=4040737767143389431, type=UNIFORM -> ./input/random_graphs/graph_10000_25000000_UNIFORM_4040737767143389431.txt (Time: 4.89s)
✓ Generated graph n=10000, m=25000000, seed=1309542850049879452, type=UNIFORM -> ./input/random_graphs/graph_10000_25000000_UNIFORM_1309542850049879452.txt (Time: 4.81s)
✓ Generated graph n=10000, m=25000000, seed=1250005700364523649, type=UNIFORM -> ./input/random_graphs/graph_10000_25000000_UNIFORM_1250005700364523649.txt (Time: 5.15s)
✓ Generated graph n=10000, m=25000000, seed=2429002973740178792, type=UNIFORM -> ./input/random_graphs/graph_10000_25000000_UNIFORM_2429002973740178792.txt (Time: 5.08s)
✓ Generated graph n=10000, m=25000000, seed=7663871783842725848, type=UNIFORM -> ./input/random_graphs/graph_10000_25000000_UNIFORM_7663871783842725848.txt (Time: 5.00s)
✓ Generated graph n=10000, m=25000000, seed=320375091487821987, type=UNIFORM -> ./input/random_graphs/graph_10000_25000000_UNIFORM_320375091487821987.txt (Time: 4.97s)
✓ Generated graph n=10000, m=25000000, seed=5906957480796939447, type=UNIFORM -> ./input/random_graphs/graph_10000_25000000_UNIFORM_5906957480796939447.txt (Time: 4.87s)
✓ Generated graph n=10000, m=25000000, seed=1250773459040295677, type=UNIFORM -> ./input/random_graphs/graph_10000_25000000_UNIFORM_1250773459040295677.txt (Time: 4.87s)
✓ Generated graph n=10000, m=25000000, seed=3438400432146115956, type=UNIFORM -> ./input/random_graphs/graph_10000_25000000_UNIFORM_3438400432146115956.txt (Time: 4.78s)
✓ Generated graph n=10000, m=25000000, seed=7473196763798409428, type=UNIFORM -> ./input/random_graphs/graph_10000_25000000_UNIFORM_7473196763798409428.txt (Time: 4.87s)
✓ Generated graph n=10000, m=25000000, seed=5139481885857321791, type=UNIFORM -> ./input/random_graphs/graph_10000_25000000_UNIFORM_5139481885857321791.txt (Time: 4.92s)
✓ Generated graph n=10000, m=25000000, seed=5142811650494845597, type=UNIFORM -> ./input/random_graphs/graph_10000_25000000_UNIFORM_5142811650494845597.txt (Time: 4.89s)
✓ Generated graph n=10000, m=25000000, seed=3010622984418968408, type=UNIFORM -> ./input/random_graphs/graph_10000_25000000_UNIFORM_3010622984418968408.txt (Time: 5.21s)
✓ Generated graph n=10000, m=25000000, seed=5708372698381010775, type=UNIFORM -> ./input/random_graphs/graph_10000_25000000_UNIFORM_5708372698381010775.txt (Time: 4.84s)
✓ Generated graph n=10000, m=25000000, seed=521787134863155063, type=UNIFORM -> ./input/random_graphs/graph_10000_25000000_UNIFORM_521787134863155063.txt (Time: 4.99s)
✓ Generated graph n=10000, m=25000000, seed=1647170069535670909, type=UNIFORM -> ./input/random_graphs/graph_10000_25000000_UNIFORM_1647170069535670909.txt (Time: 2.86s)
✓ Generated graph n=10000, m=25000000, seed=1024517563182776983, type=UNIFORM -> ./input/random_graphs/graph_10000_25000000_UNIFORM_1024517563182776983.txt (Time: 3.58s)
✓ Generated graph n=10000, m=25000000, seed=1731523882129807996, type=UNIFORM -> ./input/random_graphs/graph_10000_25000000_UNIFORM_1731523882129807996.txt (Time: 4.92s)
✓ Generated graph n=10000, m=25000000, seed=1853590723603270879, type=UNIFORM -> ./input/random_graphs/graph_10000_25000000_UNIFORM_1853590723603270879.txt (Time: 4.96s)
✓ Generated graph n=10000, m=25000000, seed=6802378520969450157, type=UNIFORM -> ./input/random_graphs/graph_10000_25000000_UNIFORM_6802378520969450157.txt (Time: 2.92s)
✓ Generated graph n=10000, m=25000000, seed=6785030173969523435, type=UNIFORM -> ./input/random_graphs/graph_10000_25000000_UNIFORM_6785030173969523435.txt (Time: 4.90s)
✓ Generated graph n=10000, m=25000000, seed=7029781962072644698, type=UNIFORM -> ./input/random_graphs/graph_10000_25000000_UNIFORM_7029781962072644698.txt (Time: 5.00s)
✓ Generated graph n=10000, m=25000000, seed=3224265581699847191, type=UNIFORM -> ./input/random_graphs/graph_10000_25000000_UNIFORM_3224265581699847191.txt (Time: 4.97s)
✓ Generated graph n=10000, m=25000000, seed=5529616217668449934, type=UNIFORM -> ./input/random_graphs/graph_10000_25000000_UNIFORM_5529616217668449934.txt (Time: 5.14s)
✓ Generated graph n=10000, m=25000000, seed=5258051056098597521, type=UNIFORM -> ./input/random_graphs/graph_10000_25000000_UNIFORM_5258051056098597521.txt (Time: 5.02s)
✓ Generated graph n=10000, m=25000000, seed=7161906730445628483, type=UNIFORM -> ./input/random_graphs/graph_10000_25000000_UNIFORM_7161906730445628483.txt (Time: 3.68s)
✓ Generated graph n=10000, m=25000000, seed=4122784633514911760, type=UNIFORM -> ./input/random_graphs/graph_10000_25000000_UNIFORM_4122784633514911760.txt (Time: 5.07s)
✓ Generated graph n=10000, m=25000000, seed=7706236040662210848, type=UNIFORM -> ./input/random_graphs/graph_10000_25000000_UNIFORM_7706236040662210848.txt (Time: 5.05s)
✓ Generated graph n=10000, m=25000000, seed=824387247617288499, type=UNIFORM -> ./input/random_graphs/graph_10000_25000000_UNIFORM_824387247617288499.txt (Time: 5.11s)
✓ Generated graph n=10000, m=25000000, seed=1632192924771168275, type=UNIFORM -> ./input/random_graphs/graph_10000_25000000_UNIFORM_1632192924771168275.txt (Time: 5.10s)
✓ Generated graph n=10000, m=25000000, seed=3865339568260874865, type=UNIFORM -> ./input/random_graphs/graph_10000_25000000_UNIFORM_3865339568260874865.txt (Time: 3.06s)
✓ Generated graph n=10000, m=25000000, seed=4552998297316576788, type=UNIFORM -> ./input/random_graphs/graph_10000_25000000_UNIFORM_4552998297316576788.txt (Time: 4.80s)
✓ Generated graph n=10000, m=25000000, seed=6143643868734370809, type=UNIFORM -> ./input/random_graphs/graph_10000_25000000_UNIFORM_6143643868734370809.txt (Time: 4.75s)
✓ Generated graph n=10000, m=25000000, seed=3272308573967577038, type=UNIFORM -> ./input/random_graphs/graph_10000_25000000_UNIFORM_3272308573967577038.txt (Time: 4.87s)
✓ Generated graph n=10000, m=25000000, seed=8031431416522537101, type=UNIFORM -> ./input/random_graphs/graph_10000_25000000_UNIFORM_8031431416522537101.txt (Time: 4.94s)
✓ Generated graph n=10000, m=25000000, seed=5636411189175451024, type=UNIFORM -> ./input/random_graphs/graph_10000_25000000_UNIFORM_5636411189175451024.txt (Time: 5.04s)
✓ Generated graph n=10000, m=25000000, seed=5349491008325879064, type=UNIFORM -> ./input/random_graphs/graph_10000_25000000_UNIFORM_5349491008325879064.txt (Time: 4.91s)
✓ Generated graph n=10000, m=25000000, seed=6614505080519948832, type=UNIFORM -> ./input/random_graphs/graph_10000_25000000_UNIFORM_6614505080519948832.txt (Time: 4.95s)
✓ Generated graph n=10000, m=25000000, seed=7938560551762094560, type=UNIFORM -> ./input/random_graphs/graph_10000_25000000_UNIFORM_7938560551762094560.txt (Time: 4.94s)
✓ Generated graph n=10000, m=25000000, seed=7917045922527545890, type=UNIFORM -> ./input/random_graphs/graph_10000_25000000_UNIFORM_7917045922527545890.txt (Time: 4.86s)
✓ Generated graph n=10000, m=25000000, seed=4445925461710302877, type=UNIFORM -> ./input/random_graphs/graph_10000_25000000_UNIFORM_4445925461710302877.txt (Time: 4.95s)
✓ Generated graph n=10000, m=25000000, seed=7921282862123281598, type=UNIFORM -> ./input/random_graphs/graph_10000_25000000_UNIFORM_7921282862123281598.txt (Time: 4.92s)
✓ Generated graph n=10000, m=25000000, seed=6529943913552561417, type=UNIFORM -> ./input/random_graphs/graph_10000_25000000_UNIFORM_6529943913552561417.txt (Time: 3.62s)
✓ Generated graph n=10000, m=25000000, seed=6224222471595207695, type=UNIFORM -> ./input/random_graphs/graph_10000_25000000_UNIFORM_6224222471595207695.txt (Time: 4.79s)
✓ Generated graph n=10000, m=25000000, seed=1128313391724783137, type=UNIFORM -> ./input/random_graphs/graph_10000_25000000_UNIFORM_1128313391724783137.txt (Time: 4.82s)
✓ Generated graph n=10000, m=25000000, seed=8446481348147407377, type=UNIFORM -> ./input/random_graphs/graph_10000_25000000_UNIFORM_8446481348147407377.txt (Time: 4.48s)
✓ Generated graph n=10000, m=25000000, seed=1170385908854608748, type=UNIFORM -> ./input/random_graphs/graph_10000_25000000_UNIFORM_1170385908854608748.txt (Time: 3.44s)
✓ Generated graph n=10000, m=25000000, seed=5063475852268941542, type=UNIFORM -> ./input/random_graphs/graph_10000_25000000_UNIFORM_5063475852268941542.txt (Time: 4.98s)
✓ Generated graph n=10000, m=25000000, seed=8718380604043999642, type=UNIFORM -> ./input/random_graphs/graph_10000_25000000_UNIFORM_8718380604043999642.txt (Time: 5.05s)
✓ Generated graph n=10000, m=25000000, seed=716820155901718944, type=UNIFORM -> ./input/random_graphs/graph_10000_25000000_UNIFORM_716820155901718944.txt (Time: 5.08s)
✓ Generated graph n=10000, m=25000000, seed=4997514996153925447, type=UNIFORM -> ./input/random_graphs/graph_10000_25000000_UNIFORM_4997514996153925447.txt (Time: 4.91s)
✓ Generated graph n=10000, m=25000000, seed=3817405844514670994, type=UNIFORM -> ./input/random_graphs/graph_10000_25000000_UNIFORM_3817405844514670994.txt (Time: 4.91s)
✓ Generated graph n=10000, m=25000000, seed=2909934787168262407, type=UNIFORM -> ./input/random_graphs/graph_10000_25000000_UNIFORM_2909934787168262407.txt (Time: 5.10s)
✓ Generated graph n=10000, m=25000000, seed=6022436717541034636, type=UNIFORM -> ./input/random_graphs/graph_10000_25000000_UNIFORM_6022436717541034636.txt (Time: 4.80s)
✓ Generated graph n=10000, m=25000000, seed=3713827327871807734, type=UNIFORM -> ./input/random_graphs/graph_10000_25000000_UNIFORM_3713827327871807734.txt (Time: 4.90s)
✓ Generated graph n=10000, m=25000000, seed=175493991617213850, type=UNIFORM -> ./input/random_graphs/graph_10000_25000000_UNIFORM_175493991617213850.txt (Time: 4.94s)
✓ Generated graph n=10000, m=25000000, seed=199422815561151340, type=UNIFORM -> ./input/random_graphs/graph_10000_25000000_UNIFORM_199422815561151340.txt (Time: 5.08s)
✓ Generated graph n=10000, m=25000000, seed=1392892770529522614, type=UNIFORM -> ./input/random_graphs/graph_10000_25000000_UNIFORM_1392892770529522614.txt (Time: 4.22s)
✓ Generated graph n=10000, m=25000000, seed=6764066939395682287, type=UNIFORM -> ./input/random_graphs/graph_10000_25000000_UNIFORM_6764066939395682287.txt (Time: 4.85s)
✓ Generated graph n=10000, m=25000000, seed=9130666990809746335, type=UNIFORM -> ./input/random_graphs/graph_10000_25000000_UNIFORM_9130666990809746335.txt (Time: 4.79s)
✓ Generated graph n=10000, m=25000000, seed=5108599054664628607, type=UNIFORM -> ./input/random_graphs/graph_10000_25000000_UNIFORM_5108599054664628607.txt (Time: 4.99s)
✓ Generated graph n=10000, m=25000000, seed=7644420139408884785, type=UNIFORM -> ./input/random_graphs/graph_10000_25000000_UNIFORM_7644420139408884785.txt (Time: 4.81s)
✓ Generated graph n=10000, m=25000000, seed=1458186392400727732, type=UNIFORM -> ./input/random_graphs/graph_10000_25000000_UNIFORM_1458186392400727732.txt (Time: 5.01s)
✓ Generated graph n=10000, m=25000000, seed=9060210648189963449, type=UNIFORM -> ./input/random_graphs/graph_10000_25000000_UNIFORM_9060210648189963449.txt (Time: 4.90s)
✓ Generated graph n=10000, m=25000000, seed=4250897495980125004, type=UNIFORM -> ./input/random_graphs/graph_10000_25000000_UNIFORM_4250897495980125004.txt (Time: 5.04s)
✓ Generated graph n=10000, m=25000000, seed=8794274795737982182, type=UNIFORM -> ./input/random_graphs/graph_10000_25000000_UNIFORM_8794274795737982182.txt (Time: 4.89s)
✓ Generated graph n=10000, m=25000000, seed=2089506265998900862, type=UNIFORM -> ./input/random_graphs/graph_10000_25000000_UNIFORM_2089506265998900862.txt (Time: 4.88s)
✓ Generated graph n=10000, m=25000000, seed=1992204328026194281, type=UNIFORM -> ./input/random_graphs/graph_10000_25000000_UNIFORM_1992204328026194281.txt (Time: 3.75s)
✓ Generated graph n=10000, m=25000000, seed=5497874167834979553, type=UNIFORM -> ./input/random_graphs/graph_10000_25000000_UNIFORM_5497874167834979553.txt (Time: 5.06s)
✓ Generated graph n=10000, m=25000000, seed=2718103348384927511, type=UNIFORM -> ./input/random_graphs/graph_10000_25000000_UNIFORM_2718103348384927511.txt (Time: 2.91s)
✓ Generated graph n=10000, m=25000000, seed=1332005502874566195, type=UNIFORM -> ./input/random_graphs/graph_10000_25000000_UNIFORM_1332005502874566195.txt (Time: 4.86s)
✓ Generated graph n=10000, m=25000000, seed=4060584409398689268, type=UNIFORM -> ./input/random_graphs/graph_10000_25000000_UNIFORM_4060584409398689268.txt (Time: 5.00s)
✓ Generated graph n=10000, m=25000000, seed=8626102704817790064, type=UNIFORM -> ./input/random_graphs/graph_10000_25000000_UNIFORM_8626102704817790064.txt (Time: 4.87s)
✓ Generated graph n=10000, m=25000000, seed=1722224698700348310, type=UNIFORM -> ./input/random_graphs/graph_10000_25000000_UNIFORM_1722224698700348310.txt (Time: 5.00s)
✓ Generated graph n=10000, m=25000000, seed=4795749165124911768, type=UNIFORM -> ./input/random_graphs/graph_10000_25000000_UNIFORM_4795749165124911768.txt (Time: 4.84s)
✓ Generated graph n=10000, m=25000000, seed=7905487461282246979, type=UNIFORM -> ./input/random_graphs/graph_10000_25000000_UNIFORM_7905487461282246979.txt (Time: 4.97s)
✓ Generated graph n=10000, m=25000000, seed=8448596294177070022, type=UNIFORM -> ./input/random_graphs/graph_10000_25000000_UNIFORM_8448596294177070022.txt (Time: 4.95s)
✓ Generated graph n=10000, m=25000000, seed=4934890601268679176, type=UNIFORM -> ./input/random_graphs/graph_10000_25000000_UNIFORM_4934890601268679176.txt (Time: 4.77s)
✓ Generated graph n=10000, m=25000000, seed=4940913311242578590, type=UNIFORM -> ./input/random_graphs/graph_10000_25000000_UNIFORM_4940913311242578590.txt (Time: 4.21s)
✓ Generated graph n=10000, m=25000000, seed=9059990922233379852, type=UNIFORM -> ./input/random_graphs/graph_10000_25000000_UNIFORM_9059990922233379852.txt (Time: 4.80s)
✓ Generated graph n=10000, m=25000000, seed=7118744415197196276, type=UNIFORM -> ./input/random_graphs/graph_10000_25000000_UNIFORM_7118744415197196276.txt (Time: 5.16s)
✓ Generated graph n=10000, m=25000000, seed=8867616339855336876, type=UNIFORM -> ./input/random_graphs/graph_10000_25000000_UNIFORM_8867616339855336876.txt (Time: 4.71s)
✓ Generated graph n=10000, m=25000000, seed=3221421291694197220, type=UNIFORM -> ./input/random_graphs/graph_10000_25000000_UNIFORM_3221421291694197220.txt (Time: 4.86s)
✓ Generated graph n=10000, m=25000000, seed=7449662661572224354, type=UNIFORM -> ./input/random_graphs/graph_10000_25000000_UNIFORM_7449662661572224354.txt (Time: 4.89s)
✓ Generated graph n=10000, m=25000000, seed=7983805977214098674, type=UNIFORM -> ./input/random_graphs/graph_10000_25000000_UNIFORM_7983805977214098674.txt (Time: 4.83s)
✓ Generated graph n=10000, m=25000000, seed=5894893360759659423, type=UNIFORM -> ./input/random_graphs/graph_10000_25000000_UNIFORM_5894893360759659423.txt (Time: 4.97s)
✓ Generated graph n=10000, m=25000000, seed=2264398621601381987, type=UNIFORM -> ./input/random_graphs/graph_10000_25000000_UNIFORM_2264398621601381987.txt (Time: 4.89s)
✓ Generated graph n=10000, m=25000000, seed=7632458674696225362, type=UNIFORM -> ./input/random_graphs/graph_10000_25000000_UNIFORM_7632458674696225362.txt (Time: 4.84s)
✓ Generated graph n=10000, m=30000000, seed=5739955973604961613, type=UNIFORM -> ./input/random_graphs/graph_10000_30000000_UNIFORM_5739955973604961613.txt (Time: 5.02s)
✓ Generated graph n=10000, m=30000000, seed=6230961512046992311, type=UNIFORM -> ./input/random_graphs/graph_10000_30000000_UNIFORM_6230961512046992311.txt (Time: 5.88s)
✓ Generated graph n=10000, m=30000000, seed=1353182403971399009, type=UNIFORM -> ./input/random_graphs/graph_10000_30000000_UNIFORM_1353182403971399009.txt (Time: 4.47s)
✓ Generated graph n=10000, m=30000000, seed=7871178979383552919, type=UNIFORM -> ./input/random_graphs/graph_10000_30000000_UNIFORM_7871178979383552919.txt (Time: 5.76s)
✓ Generated graph n=10000, m=30000000, seed=3881801951614183357, type=UNIFORM -> ./input/random_graphs/graph_10000_30000000_UNIFORM_3881801951614183357.txt (Time: 5.81s)
✓ Generated graph n=10000, m=30000000, seed=320375091487821987, type=UNIFORM -> ./input/random_graphs/graph_10000_30000000_UNIFORM_320375091487821987.txt (Time: 3.59s)
✓ Generated graph n=10000, m=30000000, seed=7032710160631691991, type=UNIFORM -> ./input/random_graphs/graph_10000_30000000_UNIFORM_7032710160631691991.txt (Time: 5.90s)
✓ Generated graph n=10000, m=30000000, seed=7599700178212337699, type=UNIFORM -> ./input/random_graphs/graph_10000_30000000_UNIFORM_7599700178212337699.txt (Time: 5.94s)
✓ Generated graph n=10000, m=30000000, seed=1070244953599069350, type=UNIFORM -> ./input/random_graphs/graph_10000_30000000_UNIFORM_1070244953599069350.txt (Time: 5.87s)
✓ Generated graph n=10000, m=30000000, seed=6522163754831416203, type=UNIFORM -> ./input/random_graphs/graph_10000_30000000_UNIFORM_6522163754831416203.txt (Time: 5.98s)
✓ Generated graph n=10000, m=30000000, seed=6938562734920028532, type=UNIFORM -> ./input/random_graphs/graph_10000_30000000_UNIFORM_6938562734920028532.txt (Time: 5.85s)
✓ Generated graph n=10000, m=30000000, seed=1250005700364523649, type=UNIFORM -> ./input/random_graphs/graph_10000_30000000_UNIFORM_1250005700364523649.txt (Time: 5.90s)
✓ Generated graph n=10000, m=30000000, seed=4040737767143389431, type=UNIFORM -> ./input/random_graphs/graph_10000_30000000_UNIFORM_4040737767143389431.txt (Time: 5.98s)
✓ Generated graph n=10000, m=30000000, seed=1309542850049879452, type=UNIFORM -> ./input/random_graphs/graph_10000_30000000_UNIFORM_1309542850049879452.txt (Time: 5.89s)
✓ Generated graph n=10000, m=30000000, seed=2429002973740178792, type=UNIFORM -> ./input/random_graphs/graph_10000_30000000_UNIFORM_2429002973740178792.txt (Time: 5.90s)
✓ Generated graph n=10000, m=30000000, seed=7663871783842725848, type=UNIFORM -> ./input/random_graphs/graph_10000_30000000_UNIFORM_7663871783842725848.txt (Time: 5.97s)
✓ Generated graph n=10000, m=30000000, seed=5708372698381010775, type=UNIFORM -> ./input/random_graphs/graph_10000_30000000_UNIFORM_5708372698381010775.txt (Time: 3.51s)
✓ Generated graph n=10000, m=30000000, seed=5906957480796939447, type=UNIFORM -> ./input/random_graphs/graph_10000_30000000_UNIFORM_5906957480796939447.txt (Time: 5.88s)
✓ Generated graph n=10000, m=30000000, seed=1250773459040295677, type=UNIFORM -> ./input/random_graphs/graph_10000_30000000_UNIFORM_1250773459040295677.txt (Time: 5.88s)
✓ Generated graph n=10000, m=30000000, seed=3438400432146115956, type=UNIFORM -> ./input/random_graphs/graph_10000_30000000_UNIFORM_3438400432146115956.txt (Time: 5.83s)
✓ Generated graph n=10000, m=30000000, seed=7146860528564146064, type=UNIFORM -> ./input/random_graphs/graph_10000_30000000_UNIFORM_7146860528564146064.txt (Time: 5.99s)
✓ Generated graph n=10000, m=30000000, seed=5139481885857321791, type=UNIFORM -> ./input/random_graphs/graph_10000_30000000_UNIFORM_5139481885857321791.txt (Time: 5.84s)
✓ Generated graph n=10000, m=30000000, seed=5142811650494845597, type=UNIFORM -> ./input/random_graphs/graph_10000_30000000_UNIFORM_5142811650494845597.txt (Time: 5.84s)
✓ Generated graph n=10000, m=30000000, seed=7473196763798409428, type=UNIFORM -> ./input/random_graphs/graph_10000_30000000_UNIFORM_7473196763798409428.txt (Time: 6.13s)
✓ Generated graph n=10000, m=30000000, seed=3010622984418968408, type=UNIFORM -> ./input/random_graphs/graph_10000_30000000_UNIFORM_3010622984418968408.txt (Time: 6.13s)
✓ Generated graph n=10000, m=30000000, seed=6002685213311538187, type=UNIFORM -> ./input/random_graphs/graph_10000_30000000_UNIFORM_6002685213311538187.txt (Time: 6.03s)
✓ Generated graph n=10000, m=30000000, seed=521787134863155063, type=UNIFORM -> ./input/random_graphs/graph_10000_30000000_UNIFORM_521787134863155063.txt (Time: 5.78s)
✓ Generated graph n=10000, m=30000000, seed=5258051056098597521, type=UNIFORM -> ./input/random_graphs/graph_10000_30000000_UNIFORM_5258051056098597521.txt (Time: 4.13s)
✓ Generated graph n=10000, m=30000000, seed=1731523882129807996, type=UNIFORM -> ./input/random_graphs/graph_10000_30000000_UNIFORM_1731523882129807996.txt (Time: 5.89s)
✓ Generated graph n=10000, m=30000000, seed=1024517563182776983, type=UNIFORM -> ./input/random_graphs/graph_10000_30000000_UNIFORM_1024517563182776983.txt (Time: 4.60s)
✓ Generated graph n=10000, m=30000000, seed=1853590723603270879, type=UNIFORM -> ./input/random_graphs/graph_10000_30000000_UNIFORM_1853590723603270879.txt (Time: 5.93s)
✓ Generated graph n=10000, m=30000000, seed=3224265581699847191, type=UNIFORM -> ./input/random_graphs/graph_10000_30000000_UNIFORM_3224265581699847191.txt (Time: 4.68s)
✓ Generated graph n=10000, m=30000000, seed=7029781962072644698, type=UNIFORM -> ./input/random_graphs/graph_10000_30000000_UNIFORM_7029781962072644698.txt (Time: 5.86s)
✓ Generated graph n=10000, m=30000000, seed=6785030173969523435, type=UNIFORM -> ./input/random_graphs/graph_10000_30000000_UNIFORM_6785030173969523435.txt (Time: 5.96s)
✓ Generated graph n=10000, m=30000000, seed=5529616217668449934, type=UNIFORM -> ./input/random_graphs/graph_10000_30000000_UNIFORM_5529616217668449934.txt (Time: 6.05s)
✓ Generated graph n=10000, m=30000000, seed=6802378520969450157, type=UNIFORM -> ./input/random_graphs/graph_10000_30000000_UNIFORM_6802378520969450157.txt (Time: 4.32s)
✓ Generated graph n=10000, m=30000000, seed=1647170069535670909, type=UNIFORM -> ./input/random_graphs/graph_10000_30000000_UNIFORM_1647170069535670909.txt (Time: 5.98s)
✓ Generated graph n=10000, m=30000000, seed=4122784633514911760, type=UNIFORM -> ./input/random_graphs/graph_10000_30000000_UNIFORM_4122784633514911760.txt (Time: 5.87s)
✓ Generated graph n=10000, m=30000000, seed=7706236040662210848, type=UNIFORM -> ./input/random_graphs/graph_10000_30000000_UNIFORM_7706236040662210848.txt (Time: 5.87s)
✓ Generated graph n=10000, m=30000000, seed=1632192924771168275, type=UNIFORM -> ./input/random_graphs/graph_10000_30000000_UNIFORM_1632192924771168275.txt (Time: 5.90s)
✓ Generated graph n=10000, m=30000000, seed=824387247617288499, type=UNIFORM -> ./input/random_graphs/graph_10000_30000000_UNIFORM_824387247617288499.txt (Time: 5.99s)
✓ Generated graph n=10000, m=30000000, seed=7161906730445628483, type=UNIFORM -> ./input/random_graphs/graph_10000_30000000_UNIFORM_7161906730445628483.txt (Time: 5.97s)
✓ Generated graph n=10000, m=30000000, seed=8031431416522537101, type=UNIFORM -> ./input/random_graphs/graph_10000_30000000_UNIFORM_8031431416522537101.txt (Time: 4.51s)
✓ Generated graph n=10000, m=30000000, seed=7938560551762094560, type=UNIFORM -> ./input/random_graphs/graph_10000_30000000_UNIFORM_7938560551762094560.txt (Time: 4.23s)
✓ Generated graph n=10000, m=30000000, seed=4552998297316576788, type=UNIFORM -> ./input/random_graphs/graph_10000_30000000_UNIFORM_4552998297316576788.txt (Time: 5.91s)
✓ Generated graph n=10000, m=30000000, seed=3272308573967577038, type=UNIFORM -> ./input/random_graphs/graph_10000_30000000_UNIFORM_3272308573967577038.txt (Time: 5.80s)
✓ Generated graph n=10000, m=30000000, seed=6143643868734370809, type=UNIFORM -> ./input/random_graphs/graph_10000_30000000_UNIFORM_6143643868734370809.txt (Time: 5.89s)
✓ Generated graph n=10000, m=30000000, seed=5636411189175451024, type=UNIFORM -> ./input/random_graphs/graph_10000_30000000_UNIFORM_5636411189175451024.txt (Time: 5.99s)
✓ Generated graph n=10000, m=30000000, seed=6614505080519948832, type=UNIFORM -> ./input/random_graphs/graph_10000_30000000_UNIFORM_6614505080519948832.txt (Time: 5.79s)
✓ Generated graph n=10000, m=30000000, seed=5349491008325879064, type=UNIFORM -> ./input/random_graphs/graph_10000_30000000_UNIFORM_5349491008325879064.txt (Time: 5.98s)
✓ Generated graph n=10000, m=30000000, seed=7917045922527545890, type=UNIFORM -> ./input/random_graphs/graph_10000_30000000_UNIFORM_7917045922527545890.txt (Time: 5.41s)
✓ Generated graph n=10000, m=30000000, seed=7921282862123281598, type=UNIFORM -> ./input/random_graphs/graph_10000_30000000_UNIFORM_7921282862123281598.txt (Time: 5.17s)
✓ Generated graph n=10000, m=30000000, seed=8718380604043999642, type=UNIFORM -> ./input/random_graphs/graph_10000_30000000_UNIFORM_8718380604043999642.txt (Time: 4.68s)
✓ Generated graph n=10000, m=30000000, seed=4445925461710302877, type=UNIFORM -> ./input/random_graphs/graph_10000_30000000_UNIFORM_4445925461710302877.txt (Time: 5.87s)
✓ Generated graph n=10000, m=30000000, seed=3713827327871807734, type=UNIFORM -> ./input/random_graphs/graph_10000_30000000_UNIFORM_3713827327871807734.txt (Time: 3.51s)
✓ Generated graph n=10000, m=30000000, seed=6224222471595207695, type=UNIFORM -> ./input/random_graphs/graph_10000_30000000_UNIFORM_6224222471595207695.txt (Time: 5.73s)
✓ Generated graph n=10000, m=30000000, seed=716820155901718944, type=UNIFORM -> ./input/random_graphs/graph_10000_30000000_UNIFORM_716820155901718944.txt (Time: 5.63s)
✓ Generated graph n=10000, m=30000000, seed=4997514996153925447, type=UNIFORM -> ./input/random_graphs/graph_10000_30000000_UNIFORM_4997514996153925447.txt (Time: 4.72s)
✓ Generated graph n=10000, m=30000000, seed=3865339568260874865, type=UNIFORM -> ./input/random_graphs/graph_10000_30000000_UNIFORM_3865339568260874865.txt (Time: 6.10s)
✓ Generated graph n=10000, m=30000000, seed=1128313391724783137, type=UNIFORM -> ./input/random_graphs/graph_10000_30000000_UNIFORM_1128313391724783137.txt (Time: 5.99s)
✓ Generated graph n=10000, m=30000000, seed=5063475852268941542, type=UNIFORM -> ./input/random_graphs/graph_10000_30000000_UNIFORM_5063475852268941542.txt (Time: 5.99s)
✓ Generated graph n=10000, m=30000000, seed=8446481348147407377, type=UNIFORM -> ./input/random_graphs/graph_10000_30000000_UNIFORM_8446481348147407377.txt (Time: 5.93s)
✓ Generated graph n=10000, m=30000000, seed=3817405844514670994, type=UNIFORM -> ./input/random_graphs/graph_10000_30000000_UNIFORM_3817405844514670994.txt (Time: 5.86s)
✓ Generated graph n=10000, m=30000000, seed=2909934787168262407, type=UNIFORM -> ./input/random_graphs/graph_10000_30000000_UNIFORM_2909934787168262407.txt (Time: 5.88s)
✓ Generated graph n=10000, m=30000000, seed=6529943913552561417, type=UNIFORM -> ./input/random_graphs/graph_10000_30000000_UNIFORM_6529943913552561417.txt (Time: 6.00s)
✓ Generated graph n=10000, m=30000000, seed=6022436717541034636, type=UNIFORM -> ./input/random_graphs/graph_10000_30000000_UNIFORM_6022436717541034636.txt (Time: 5.84s)
✓ Generated graph n=10000, m=30000000, seed=1170385908854608748, type=UNIFORM -> ./input/random_graphs/graph_10000_30000000_UNIFORM_1170385908854608748.txt (Time: 5.88s)
✓ Generated graph n=10000, m=30000000, seed=199422815561151340, type=UNIFORM -> ./input/random_graphs/graph_10000_30000000_UNIFORM_199422815561151340.txt (Time: 5.90s)
✓ Generated graph n=10000, m=30000000, seed=175493991617213850, type=UNIFORM -> ./input/random_graphs/graph_10000_30000000_UNIFORM_175493991617213850.txt (Time: 5.99s)
✓ Generated graph n=10000, m=30000000, seed=4250897495980125004, type=UNIFORM -> ./input/random_graphs/graph_10000_30000000_UNIFORM_4250897495980125004.txt (Time: 4.15s)
✓ Generated graph n=10000, m=30000000, seed=9130666990809746335, type=UNIFORM -> ./input/random_graphs/graph_10000_30000000_UNIFORM_9130666990809746335.txt (Time: 5.75s)
✓ Generated graph n=10000, m=30000000, seed=6764066939395682287, type=UNIFORM -> ./input/random_graphs/graph_10000_30000000_UNIFORM_6764066939395682287.txt (Time: 5.82s)
✓ Generated graph n=10000, m=30000000, seed=5108599054664628607, type=UNIFORM -> ./input/random_graphs/graph_10000_30000000_UNIFORM_5108599054664628607.txt (Time: 6.09s)
✓ Generated graph n=10000, m=30000000, seed=1458186392400727732, type=UNIFORM -> ./input/random_graphs/graph_10000_30000000_UNIFORM_1458186392400727732.txt (Time: 5.80s)
✓ Generated graph n=10000, m=30000000, seed=1392892770529522614, type=UNIFORM -> ./input/random_graphs/graph_10000_30000000_UNIFORM_1392892770529522614.txt (Time: 5.79s)
✓ Generated graph n=10000, m=30000000, seed=7644420139408884785, type=UNIFORM -> ./input/random_graphs/graph_10000_30000000_UNIFORM_7644420139408884785.txt (Time: 5.93s)
✓ Generated graph n=10000, m=30000000, seed=8794274795737982182, type=UNIFORM -> ./input/random_graphs/graph_10000_30000000_UNIFORM_8794274795737982182.txt (Time: 4.69s)
✓ Generated graph n=10000, m=30000000, seed=9060210648189963449, type=UNIFORM -> ./input/random_graphs/graph_10000_30000000_UNIFORM_9060210648189963449.txt (Time: 6.02s)
✓ Generated graph n=10000, m=30000000, seed=1722224698700348310, type=UNIFORM -> ./input/random_graphs/graph_10000_30000000_UNIFORM_1722224698700348310.txt (Time: 4.22s)
✓ Generated graph n=10000, m=30000000, seed=7905487461282246979, type=UNIFORM -> ./input/random_graphs/graph_10000_30000000_UNIFORM_7905487461282246979.txt (Time: 5.20s)
✓ Generated graph n=10000, m=30000000, seed=2089506265998900862, type=UNIFORM -> ./input/random_graphs/graph_10000_30000000_UNIFORM_2089506265998900862.txt (Time: 5.87s)
✓ Generated graph n=10000, m=30000000, seed=5497874167834979553, type=UNIFORM -> ./input/random_graphs/graph_10000_30000000_UNIFORM_5497874167834979553.txt (Time: 5.95s)
✓ Generated graph n=10000, m=30000000, seed=4060584409398689268, type=UNIFORM -> ./input/random_graphs/graph_10000_30000000_UNIFORM_4060584409398689268.txt (Time: 5.95s)
✓ Generated graph n=10000, m=30000000, seed=8626102704817790064, type=UNIFORM -> ./input/random_graphs/graph_10000_30000000_UNIFORM_8626102704817790064.txt (Time: 5.84s)
✓ Generated graph n=10000, m=30000000, seed=1332005502874566195, type=UNIFORM -> ./input/random_graphs/graph_10000_30000000_UNIFORM_1332005502874566195.txt (Time: 5.90s)
✓ Generated graph n=10000, m=30000000, seed=7118744415197196276, type=UNIFORM -> ./input/random_graphs/graph_10000_30000000_UNIFORM_7118744415197196276.txt (Time: 4.33s)
✓ Generated graph n=10000, m=30000000, seed=8448596294177070022, type=UNIFORM -> ./input/random_graphs/graph_10000_30000000_UNIFORM_8448596294177070022.txt (Time: 5.96s)
✓ Generated graph n=10000, m=30000000, seed=8867616339855336876, type=UNIFORM -> ./input/random_graphs/graph_10000_30000000_UNIFORM_8867616339855336876.txt (Time: 3.80s)
✓ Generated graph n=10000, m=30000000, seed=4795749165124911768, type=UNIFORM -> ./input/random_graphs/graph_10000_30000000_UNIFORM_4795749165124911768.txt (Time: 5.94s)
✓ Generated graph n=10000, m=30000000, seed=4934890601268679176, type=UNIFORM -> ./input/random_graphs/graph_10000_30000000_UNIFORM_4934890601268679176.txt (Time: 5.95s)
✓ Generated graph n=10000, m=30000000, seed=1992204328026194281, type=UNIFORM -> ./input/random_graphs/graph_10000_30000000_UNIFORM_1992204328026194281.txt (Time: 5.90s)
✓ Generated graph n=10000, m=30000000, seed=9059990922233379852, type=UNIFORM -> ./input/random_graphs/graph_10000_30000000_UNIFORM_9059990922233379852.txt (Time: 5.85s)
✓ Generated graph n=10000, m=30000000, seed=2718103348384927511, type=UNIFORM -> ./input/random_graphs/graph_10000_30000000_UNIFORM_2718103348384927511.txt (Time: 6.11s)
✓ Generated graph n=10000, m=30000000, seed=7449662661572224354, type=UNIFORM -> ./input/random_graphs/graph_10000_30000000_UNIFORM_7449662661572224354.txt (Time: 5.98s)
✓ Generated graph n=10000, m=35000000, seed=5739955973604961613, type=UNIFORM -> ./input/random_graphs/graph_10000_35000000_UNIFORM_5739955973604961613.txt (Time: 4.23s)
✓ Generated graph n=10000, m=30000000, seed=3221421291694197220, type=UNIFORM -> ./input/random_graphs/graph_10000_30000000_UNIFORM_3221421291694197220.txt (Time: 5.98s)
✓ Generated graph n=10000, m=30000000, seed=5894893360759659423, type=UNIFORM -> ./input/random_graphs/graph_10000_30000000_UNIFORM_5894893360759659423.txt (Time: 5.74s)
✓ Generated graph n=10000, m=30000000, seed=7983805977214098674, type=UNIFORM -> ./input/random_graphs/graph_10000_30000000_UNIFORM_7983805977214098674.txt (Time: 5.88s)
✓ Generated graph n=10000, m=35000000, seed=7032710160631691991, type=UNIFORM -> ./input/random_graphs/graph_10000_35000000_UNIFORM_7032710160631691991.txt (Time: 4.09s)
✓ Generated graph n=10000, m=30000000, seed=2264398621601381987, type=UNIFORM -> ./input/random_graphs/graph_10000_30000000_UNIFORM_2264398621601381987.txt (Time: 5.80s)
✓ Generated graph n=10000, m=30000000, seed=7632458674696225362, type=UNIFORM -> ./input/random_graphs/graph_10000_30000000_UNIFORM_7632458674696225362.txt (Time: 5.81s)
✓ Generated graph n=10000, m=30000000, seed=4940913311242578590, type=UNIFORM -> ./input/random_graphs/graph_10000_30000000_UNIFORM_4940913311242578590.txt (Time: 5.88s)
✓ Generated graph n=10000, m=35000000, seed=1070244953599069350, type=UNIFORM -> ./input/random_graphs/graph_10000_35000000_UNIFORM_1070244953599069350.txt (Time: 4.91s)
✓ Generated graph n=10000, m=35000000, seed=7871178979383552919, type=UNIFORM -> ./input/random_graphs/graph_10000_35000000_UNIFORM_7871178979383552919.txt (Time: 6.92s)
✓ Generated graph n=10000, m=35000000, seed=6230961512046992311, type=UNIFORM -> ./input/random_graphs/graph_10000_35000000_UNIFORM_6230961512046992311.txt (Time: 7.11s)
✓ Generated graph n=10000, m=35000000, seed=3881801951614183357, type=UNIFORM -> ./input/random_graphs/graph_10000_35000000_UNIFORM_3881801951614183357.txt (Time: 7.03s)
✓ Generated graph n=10000, m=35000000, seed=2429002973740178792, type=UNIFORM -> ./input/random_graphs/graph_10000_35000000_UNIFORM_2429002973740178792.txt (Time: 4.23s)
✓ Generated graph n=10000, m=35000000, seed=7599700178212337699, type=UNIFORM -> ./input/random_graphs/graph_10000_35000000_UNIFORM_7599700178212337699.txt (Time: 6.84s)
✓ Generated graph n=10000, m=35000000, seed=1353182403971399009, type=UNIFORM -> ./input/random_graphs/graph_10000_35000000_UNIFORM_1353182403971399009.txt (Time: 6.81s)
✓ Generated graph n=10000, m=35000000, seed=6522163754831416203, type=UNIFORM -> ./input/random_graphs/graph_10000_35000000_UNIFORM_6522163754831416203.txt (Time: 6.82s)
✓ Generated graph n=10000, m=35000000, seed=4040737767143389431, type=UNIFORM -> ./input/random_graphs/graph_10000_35000000_UNIFORM_4040737767143389431.txt (Time: 6.58s)
✓ Generated graph n=10000, m=35000000, seed=6938562734920028532, type=UNIFORM -> ./input/random_graphs/graph_10000_35000000_UNIFORM_6938562734920028532.txt (Time: 7.16s)
✓ Generated graph n=10000, m=35000000, seed=3438400432146115956, type=UNIFORM -> ./input/random_graphs/graph_10000_35000000_UNIFORM_3438400432146115956.txt (Time: 4.72s)
✓ Generated graph n=10000, m=35000000, seed=1309542850049879452, type=UNIFORM -> ./input/random_graphs/graph_10000_35000000_UNIFORM_1309542850049879452.txt (Time: 6.58s)
✓ Generated graph n=10000, m=35000000, seed=1250005700364523649, type=UNIFORM -> ./input/random_graphs/graph_10000_35000000_UNIFORM_1250005700364523649.txt (Time: 7.12s)
✓ Generated graph n=10000, m=35000000, seed=5906957480796939447, type=UNIFORM -> ./input/random_graphs/graph_10000_35000000_UNIFORM_5906957480796939447.txt (Time: 6.86s)
✓ Generated graph n=10000, m=35000000, seed=320375091487821987, type=UNIFORM -> ./input/random_graphs/graph_10000_35000000_UNIFORM_320375091487821987.txt (Time: 7.00s)
✓ Generated graph n=10000, m=35000000, seed=7663871783842725848, type=UNIFORM -> ./input/random_graphs/graph_10000_35000000_UNIFORM_7663871783842725848.txt (Time: 7.17s)
✓ Generated graph n=10000, m=35000000, seed=1250773459040295677, type=UNIFORM -> ./input/random_graphs/graph_10000_35000000_UNIFORM_1250773459040295677.txt (Time: 6.91s)
✓ Generated graph n=10000, m=35000000, seed=7146860528564146064, type=UNIFORM -> ./input/random_graphs/graph_10000_35000000_UNIFORM_7146860528564146064.txt (Time: 6.90s)
✓ Generated graph n=10000, m=35000000, seed=7473196763798409428, type=UNIFORM -> ./input/random_graphs/graph_10000_35000000_UNIFORM_7473196763798409428.txt (Time: 7.02s)
✓ Generated graph n=10000, m=35000000, seed=5139481885857321791, type=UNIFORM -> ./input/random_graphs/graph_10000_35000000_UNIFORM_5139481885857321791.txt (Time: 7.11s)
✓ Generated graph n=10000, m=35000000, seed=6002685213311538187, type=UNIFORM -> ./input/random_graphs/graph_10000_35000000_UNIFORM_6002685213311538187.txt (Time: 6.83s)
✓ Generated graph n=10000, m=35000000, seed=5708372698381010775, type=UNIFORM -> ./input/random_graphs/graph_10000_35000000_UNIFORM_5708372698381010775.txt (Time: 6.83s)
✓ Generated graph n=10000, m=35000000, seed=521787134863155063, type=UNIFORM -> ./input/random_graphs/graph_10000_35000000_UNIFORM_521787134863155063.txt (Time: 6.85s)
✓ Generated graph n=10000, m=35000000, seed=5142811650494845597, type=UNIFORM -> ./input/random_graphs/graph_10000_35000000_UNIFORM_5142811650494845597.txt (Time: 7.14s)
✓ Generated graph n=10000, m=35000000, seed=3010622984418968408, type=UNIFORM -> ./input/random_graphs/graph_10000_35000000_UNIFORM_3010622984418968408.txt (Time: 7.14s)
✓ Generated graph n=10000, m=35000000, seed=1731523882129807996, type=UNIFORM -> ./input/random_graphs/graph_10000_35000000_UNIFORM_1731523882129807996.txt (Time: 7.19s)
✓ Generated graph n=10000, m=35000000, seed=1853590723603270879, type=UNIFORM -> ./input/random_graphs/graph_10000_35000000_UNIFORM_1853590723603270879.txt (Time: 7.15s)
✓ Generated graph n=10000, m=35000000, seed=7029781962072644698, type=UNIFORM -> ./input/random_graphs/graph_10000_35000000_UNIFORM_7029781962072644698.txt (Time: 7.30s)
✓ Generated graph n=10000, m=35000000, seed=6785030173969523435, type=UNIFORM -> ./input/random_graphs/graph_10000_35000000_UNIFORM_6785030173969523435.txt (Time: 7.19s)
✓ Generated graph n=10000, m=35000000, seed=5529616217668449934, type=UNIFORM -> ./input/random_graphs/graph_10000_35000000_UNIFORM_5529616217668449934.txt (Time: 6.84s)
✓ Generated graph n=10000, m=35000000, seed=1024517563182776983, type=UNIFORM -> ./input/random_graphs/graph_10000_35000000_UNIFORM_1024517563182776983.txt (Time: 7.25s)
✓ Generated graph n=10000, m=35000000, seed=3224265581699847191, type=UNIFORM -> ./input/random_graphs/graph_10000_35000000_UNIFORM_3224265581699847191.txt (Time: 7.43s)
✓ Generated graph n=10000, m=35000000, seed=7706236040662210848, type=UNIFORM -> ./input/random_graphs/graph_10000_35000000_UNIFORM_7706236040662210848.txt (Time: 7.04s)
✓ Generated graph n=10000, m=35000000, seed=4122784633514911760, type=UNIFORM -> ./input/random_graphs/graph_10000_35000000_UNIFORM_4122784633514911760.txt (Time: 7.19s)
✓ Generated graph n=10000, m=35000000, seed=5258051056098597521, type=UNIFORM -> ./input/random_graphs/graph_10000_35000000_UNIFORM_5258051056098597521.txt (Time: 7.54s)
✓ Generated graph n=10000, m=35000000, seed=1647170069535670909, type=UNIFORM -> ./input/random_graphs/graph_10000_35000000_UNIFORM_1647170069535670909.txt (Time: 7.45s)
✓ Generated graph n=10000, m=35000000, seed=824387247617288499, type=UNIFORM -> ./input/random_graphs/graph_10000_35000000_UNIFORM_824387247617288499.txt (Time: 7.20s)
✓ Generated graph n=10000, m=35000000, seed=1632192924771168275, type=UNIFORM -> ./input/random_graphs/graph_10000_35000000_UNIFORM_1632192924771168275.txt (Time: 7.27s)
✓ Generated graph n=10000, m=35000000, seed=7161906730445628483, type=UNIFORM -> ./input/random_graphs/graph_10000_35000000_UNIFORM_7161906730445628483.txt (Time: 6.96s)
✓ Generated graph n=10000, m=35000000, seed=6802378520969450157, type=UNIFORM -> ./input/random_graphs/graph_10000_35000000_UNIFORM_6802378520969450157.txt (Time: 6.92s)
✓ Generated graph n=10000, m=35000000, seed=4552998297316576788, type=UNIFORM -> ./input/random_graphs/graph_10000_35000000_UNIFORM_4552998297316576788.txt (Time: 7.09s)
✓ Generated graph n=10000, m=35000000, seed=6143643868734370809, type=UNIFORM -> ./input/random_graphs/graph_10000_35000000_UNIFORM_6143643868734370809.txt (Time: 7.01s)
✓ Generated graph n=10000, m=35000000, seed=8031431416522537101, type=UNIFORM -> ./input/random_graphs/graph_10000_35000000_UNIFORM_8031431416522537101.txt (Time: 7.12s)
✓ Generated graph n=10000, m=35000000, seed=3272308573967577038, type=UNIFORM -> ./input/random_graphs/graph_10000_35000000_UNIFORM_3272308573967577038.txt (Time: 7.12s)
✓ Generated graph n=10000, m=35000000, seed=5636411189175451024, type=UNIFORM -> ./input/random_graphs/graph_10000_35000000_UNIFORM_5636411189175451024.txt (Time: 7.05s)
✓ Generated graph n=10000, m=35000000, seed=5349491008325879064, type=UNIFORM -> ./input/random_graphs/graph_10000_35000000_UNIFORM_5349491008325879064.txt (Time: 7.08s)
✓ Generated graph n=10000, m=35000000, seed=6614505080519948832, type=UNIFORM -> ./input/random_graphs/graph_10000_35000000_UNIFORM_6614505080519948832.txt (Time: 7.25s)
✓ Generated graph n=10000, m=35000000, seed=7938560551762094560, type=UNIFORM -> ./input/random_graphs/graph_10000_35000000_UNIFORM_7938560551762094560.txt (Time: 7.24s)
✓ Generated graph n=10000, m=35000000, seed=7917045922527545890, type=UNIFORM -> ./input/random_graphs/graph_10000_35000000_UNIFORM_7917045922527545890.txt (Time: 7.25s)
✓ Generated graph n=10000, m=35000000, seed=4445925461710302877, type=UNIFORM -> ./input/random_graphs/graph_10000_35000000_UNIFORM_4445925461710302877.txt (Time: 7.75s)
✓ Generated graph n=10000, m=35000000, seed=3865339568260874865, type=UNIFORM -> ./input/random_graphs/graph_10000_35000000_UNIFORM_3865339568260874865.txt (Time: 7.46s)
✓ Generated graph n=10000, m=35000000, seed=6224222471595207695, type=UNIFORM -> ./input/random_graphs/graph_10000_35000000_UNIFORM_6224222471595207695.txt (Time: 7.35s)
✓ Generated graph n=10000, m=35000000, seed=7921282862123281598, type=UNIFORM -> ./input/random_graphs/graph_10000_35000000_UNIFORM_7921282862123281598.txt (Time: 7.58s)
✓ Generated graph n=10000, m=35000000, seed=716820155901718944, type=UNIFORM -> ./input/random_graphs/graph_10000_35000000_UNIFORM_716820155901718944.txt (Time: 7.14s)
✓ Generated graph n=10000, m=35000000, seed=1128313391724783137, type=UNIFORM -> ./input/random_graphs/graph_10000_35000000_UNIFORM_1128313391724783137.txt (Time: 7.35s)
✓ Generated graph n=10000, m=35000000, seed=8718380604043999642, type=UNIFORM -> ./input/random_graphs/graph_10000_35000000_UNIFORM_8718380604043999642.txt (Time: 7.06s)
✓ Generated graph n=10000, m=35000000, seed=5063475852268941542, type=UNIFORM -> ./input/random_graphs/graph_10000_35000000_UNIFORM_5063475852268941542.txt (Time: 7.10s)
✓ Generated graph n=10000, m=35000000, seed=4997514996153925447, type=UNIFORM -> ./input/random_graphs/graph_10000_35000000_UNIFORM_4997514996153925447.txt (Time: 7.07s)
✓ Generated graph n=10000, m=35000000, seed=6529943913552561417, type=UNIFORM -> ./input/random_graphs/graph_10000_35000000_UNIFORM_6529943913552561417.txt (Time: 7.22s)
✓ Generated graph n=10000, m=35000000, seed=8446481348147407377, type=UNIFORM -> ./input/random_graphs/graph_10000_35000000_UNIFORM_8446481348147407377.txt (Time: 7.29s)
✓ Generated graph n=10000, m=35000000, seed=3817405844514670994, type=UNIFORM -> ./input/random_graphs/graph_10000_35000000_UNIFORM_3817405844514670994.txt (Time: 7.43s)
✓ Generated graph n=10000, m=35000000, seed=2909934787168262407, type=UNIFORM -> ./input/random_graphs/graph_10000_35000000_UNIFORM_2909934787168262407.txt (Time: 7.33s)
✓ Generated graph n=10000, m=35000000, seed=6022436717541034636, type=UNIFORM -> ./input/random_graphs/graph_10000_35000000_UNIFORM_6022436717541034636.txt (Time: 7.18s)
✓ Generated graph n=10000, m=35000000, seed=1170385908854608748, type=UNIFORM -> ./input/random_graphs/graph_10000_35000000_UNIFORM_1170385908854608748.txt (Time: 7.53s)
✓ Generated graph n=10000, m=35000000, seed=199422815561151340, type=UNIFORM -> ./input/random_graphs/graph_10000_35000000_UNIFORM_199422815561151340.txt (Time: 7.33s)
✓ Generated graph n=10000, m=35000000, seed=3713827327871807734, type=UNIFORM -> ./input/random_graphs/graph_10000_35000000_UNIFORM_3713827327871807734.txt (Time: 7.21s)
✓ Generated graph n=10000, m=35000000, seed=5108599054664628607, type=UNIFORM -> ./input/random_graphs/graph_10000_35000000_UNIFORM_5108599054664628607.txt (Time: 7.10s)
✓ Generated graph n=10000, m=35000000, seed=175493991617213850, type=UNIFORM -> ./input/random_graphs/graph_10000_35000000_UNIFORM_175493991617213850.txt (Time: 7.49s)
✓ Generated graph n=10000, m=35000000, seed=6764066939395682287, type=UNIFORM -> ./input/random_graphs/graph_10000_35000000_UNIFORM_6764066939395682287.txt (Time: 7.25s)
✓ Generated graph n=10000, m=35000000, seed=9130666990809746335, type=UNIFORM -> ./input/random_graphs/graph_10000_35000000_UNIFORM_9130666990809746335.txt (Time: 7.25s)
✓ Generated graph n=10000, m=35000000, seed=7644420139408884785, type=UNIFORM -> ./input/random_graphs/graph_10000_35000000_UNIFORM_7644420139408884785.txt (Time: 7.29s)
✓ Generated graph n=10000, m=35000000, seed=1458186392400727732, type=UNIFORM -> ./input/random_graphs/graph_10000_35000000_UNIFORM_1458186392400727732.txt (Time: 7.20s)
✓ Generated graph n=10000, m=35000000, seed=9060210648189963449, type=UNIFORM -> ./input/random_graphs/graph_10000_35000000_UNIFORM_9060210648189963449.txt (Time: 7.78s)
✓ Generated graph n=10000, m=35000000, seed=1392892770529522614, type=UNIFORM -> ./input/random_graphs/graph_10000_35000000_UNIFORM_1392892770529522614.txt (Time: 7.96s)
✓ Generated graph n=10000, m=35000000, seed=4250897495980125004, type=UNIFORM -> ./input/random_graphs/graph_10000_35000000_UNIFORM_4250897495980125004.txt (Time: 7.41s)
✓ Generated graph n=10000, m=35000000, seed=8794274795737982182, type=UNIFORM -> ./input/random_graphs/graph_10000_35000000_UNIFORM_8794274795737982182.txt (Time: 7.24s)
✓ Generated graph n=10000, m=35000000, seed=5497874167834979553, type=UNIFORM -> ./input/random_graphs/graph_10000_35000000_UNIFORM_5497874167834979553.txt (Time: 7.10s)
✓ Generated graph n=10000, m=35000000, seed=4060584409398689268, type=UNIFORM -> ./input/random_graphs/graph_10000_35000000_UNIFORM_4060584409398689268.txt (Time: 7.20s)
✓ Generated graph n=10000, m=35000000, seed=2089506265998900862, type=UNIFORM -> ./input/random_graphs/graph_10000_35000000_UNIFORM_2089506265998900862.txt (Time: 7.49s)
✓ Generated graph n=10000, m=35000000, seed=1332005502874566195, type=UNIFORM -> ./input/random_graphs/graph_10000_35000000_UNIFORM_1332005502874566195.txt (Time: 7.76s)
✓ Generated graph n=10000, m=35000000, seed=1722224698700348310, type=UNIFORM -> ./input/random_graphs/graph_10000_35000000_UNIFORM_1722224698700348310.txt (Time: 7.01s)
✓ Generated graph n=10000, m=35000000, seed=8626102704817790064, type=UNIFORM -> ./input/random_graphs/graph_10000_35000000_UNIFORM_8626102704817790064.txt (Time: 7.35s)
✓ Generated graph n=10000, m=35000000, seed=7905487461282246979, type=UNIFORM -> ./input/random_graphs/graph_10000_35000000_UNIFORM_7905487461282246979.txt (Time: 7.25s)
✓ Generated graph n=10000, m=35000000, seed=8448596294177070022, type=UNIFORM -> ./input/random_graphs/graph_10000_35000000_UNIFORM_8448596294177070022.txt (Time: 7.13s)
✓ Generated graph n=10000, m=35000000, seed=4795749165124911768, type=UNIFORM -> ./input/random_graphs/graph_10000_35000000_UNIFORM_4795749165124911768.txt (Time: 7.31s)
✓ Generated graph n=10000, m=35000000, seed=4934890601268679176, type=UNIFORM -> ./input/random_graphs/graph_10000_35000000_UNIFORM_4934890601268679176.txt (Time: 7.38s)
✓ Generated graph n=10000, m=35000000, seed=1992204328026194281, type=UNIFORM -> ./input/random_graphs/graph_10000_35000000_UNIFORM_1992204328026194281.txt (Time: 7.26s)
✓ Generated graph n=10000, m=35000000, seed=2718103348384927511, type=UNIFORM -> ./input/random_graphs/graph_10000_35000000_UNIFORM_2718103348384927511.txt (Time: 7.09s)
✓ Generated graph n=10000, m=35000000, seed=9059990922233379852, type=UNIFORM -> ./input/random_graphs/graph_10000_35000000_UNIFORM_9059990922233379852.txt (Time: 7.08s)
✓ Generated graph n=10000, m=35000000, seed=7449662661572224354, type=UNIFORM -> ./input/random_graphs/graph_10000_35000000_UNIFORM_7449662661572224354.txt (Time: 7.11s)
✓ Generated graph n=10000, m=35000000, seed=7118744415197196276, type=UNIFORM -> ./input/random_graphs/graph_10000_35000000_UNIFORM_7118744415197196276.txt (Time: 7.52s)
✓ Generated graph n=10000, m=35000000, seed=3221421291694197220, type=UNIFORM -> ./input/random_graphs/graph_10000_35000000_UNIFORM_3221421291694197220.txt (Time: 7.26s)
✓ Generated graph n=10000, m=35000000, seed=8867616339855336876, type=UNIFORM -> ./input/random_graphs/graph_10000_35000000_UNIFORM_8867616339855336876.txt (Time: 7.04s)
✓ Generated graph n=10000, m=35000000, seed=5894893360759659423, type=UNIFORM -> ./input/random_graphs/graph_10000_35000000_UNIFORM_5894893360759659423.txt (Time: 7.15s)
✓ Generated graph n=10000, m=35000000, seed=7983805977214098674, type=UNIFORM -> ./input/random_graphs/graph_10000_35000000_UNIFORM_7983805977214098674.txt (Time: 7.21s)
✓ Generated graph n=10000, m=35000000, seed=2264398621601381987, type=UNIFORM -> ./input/random_graphs/graph_10000_35000000_UNIFORM_2264398621601381987.txt (Time: 6.97s)
✓ Generated graph n=10000, m=35000000, seed=4940913311242578590, type=UNIFORM -> ./input/random_graphs/graph_10000_35000000_UNIFORM_4940913311242578590.txt (Time: 7.52s)
✓ Generated graph n=10000, m=35000000, seed=7632458674696225362, type=UNIFORM -> ./input/random_graphs/graph_10000_35000000_UNIFORM_7632458674696225362.txt (Time: 7.08s)
✓ Generated graph n=10000, m=40000000, seed=6230961512046992311, type=UNIFORM -> ./input/random_graphs/graph_10000_40000000_UNIFORM_6230961512046992311.txt (Time: 7.91s)
✓ Generated graph n=10000, m=40000000, seed=7871178979383552919, type=UNIFORM -> ./input/random_graphs/graph_10000_40000000_UNIFORM_7871178979383552919.txt (Time: 8.10s)
✓ Generated graph n=10000, m=40000000, seed=3881801951614183357, type=UNIFORM -> ./input/random_graphs/graph_10000_40000000_UNIFORM_3881801951614183357.txt (Time: 8.36s)
✓ Generated graph n=10000, m=40000000, seed=5739955973604961613, type=UNIFORM -> ./input/random_graphs/graph_10000_40000000_UNIFORM_5739955973604961613.txt (Time: 8.53s)
✓ Generated graph n=10000, m=40000000, seed=7599700178212337699, type=UNIFORM -> ./input/random_graphs/graph_10000_40000000_UNIFORM_7599700178212337699.txt (Time: 8.17s)
✓ Generated graph n=10000, m=40000000, seed=7032710160631691991, type=UNIFORM -> ./input/random_graphs/graph_10000_40000000_UNIFORM_7032710160631691991.txt (Time: 8.39s)
✓ Generated graph n=10000, m=40000000, seed=1353182403971399009, type=UNIFORM -> ./input/random_graphs/graph_10000_40000000_UNIFORM_1353182403971399009.txt (Time: 8.76s)
✓ Generated graph n=10000, m=40000000, seed=6522163754831416203, type=UNIFORM -> ./input/random_graphs/graph_10000_40000000_UNIFORM_6522163754831416203.txt (Time: 8.08s)
✓ Generated graph n=10000, m=40000000, seed=1070244953599069350, type=UNIFORM -> ./input/random_graphs/graph_10000_40000000_UNIFORM_1070244953599069350.txt (Time: 8.80s)
✓ Generated graph n=10000, m=40000000, seed=6938562734920028532, type=UNIFORM -> ./input/random_graphs/graph_10000_40000000_UNIFORM_6938562734920028532.txt (Time: 8.17s)
✓ Generated graph n=10000, m=40000000, seed=4040737767143389431, type=UNIFORM -> ./input/random_graphs/graph_10000_40000000_UNIFORM_4040737767143389431.txt (Time: 8.24s)
✓ Generated graph n=10000, m=40000000, seed=1250005700364523649, type=UNIFORM -> ./input/random_graphs/graph_10000_40000000_UNIFORM_1250005700364523649.txt (Time: 8.52s)
✓ Generated graph n=10000, m=40000000, seed=1309542850049879452, type=UNIFORM -> ./input/random_graphs/graph_10000_40000000_UNIFORM_1309542850049879452.txt (Time: 8.45s)
✓ Generated graph n=10000, m=40000000, seed=2429002973740178792, type=UNIFORM -> ./input/random_graphs/graph_10000_40000000_UNIFORM_2429002973740178792.txt (Time: 8.23s)
✓ Generated graph n=10000, m=40000000, seed=320375091487821987, type=UNIFORM -> ./input/random_graphs/graph_10000_40000000_UNIFORM_320375091487821987.txt (Time: 8.06s)
✓ Generated graph n=10000, m=40000000, seed=7663871783842725848, type=UNIFORM -> ./input/random_graphs/graph_10000_40000000_UNIFORM_7663871783842725848.txt (Time: 8.38s)
✓ Generated graph n=10000, m=40000000, seed=5906957480796939447, type=UNIFORM -> ./input/random_graphs/graph_10000_40000000_UNIFORM_5906957480796939447.txt (Time: 8.15s)
✓ Generated graph n=10000, m=40000000, seed=7146860528564146064, type=UNIFORM -> ./input/random_graphs/graph_10000_40000000_UNIFORM_7146860528564146064.txt (Time: 7.95s)
✓ Generated graph n=10000, m=40000000, seed=1250773459040295677, type=UNIFORM -> ./input/random_graphs/graph_10000_40000000_UNIFORM_1250773459040295677.txt (Time: 8.31s)
✓ Generated graph n=10000, m=40000000, seed=3438400432146115956, type=UNIFORM -> ./input/random_graphs/graph_10000_40000000_UNIFORM_3438400432146115956.txt (Time: 8.13s)
✓ Generated graph n=10000, m=40000000, seed=7473196763798409428, type=UNIFORM -> ./input/random_graphs/graph_10000_40000000_UNIFORM_7473196763798409428.txt (Time: 8.13s)
✓ Generated graph n=10000, m=40000000, seed=5139481885857321791, type=UNIFORM -> ./input/random_graphs/graph_10000_40000000_UNIFORM_5139481885857321791.txt (Time: 8.21s)
✓ Generated graph n=10000, m=40000000, seed=5142811650494845597, type=UNIFORM -> ./input/random_graphs/graph_10000_40000000_UNIFORM_5142811650494845597.txt (Time: 8.33s)
✓ Generated graph n=10000, m=40000000, seed=3010622984418968408, type=UNIFORM -> ./input/random_graphs/graph_10000_40000000_UNIFORM_3010622984418968408.txt (Time: 8.08s)
✓ Generated graph n=10000, m=40000000, seed=6002685213311538187, type=UNIFORM -> ./input/random_graphs/graph_10000_40000000_UNIFORM_6002685213311538187.txt (Time: 7.93s)
✓ Generated graph n=10000, m=40000000, seed=5708372698381010775, type=UNIFORM -> ./input/random_graphs/graph_10000_40000000_UNIFORM_5708372698381010775.txt (Time: 8.19s)
✓ Generated graph n=10000, m=40000000, seed=521787134863155063, type=UNIFORM -> ./input/random_graphs/graph_10000_40000000_UNIFORM_521787134863155063.txt (Time: 7.99s)
✓ Generated graph n=10000, m=40000000, seed=7029781962072644698, type=UNIFORM -> ./input/random_graphs/graph_10000_40000000_UNIFORM_7029781962072644698.txt (Time: 8.01s)
✓ Generated graph n=10000, m=40000000, seed=1731523882129807996, type=UNIFORM -> ./input/random_graphs/graph_10000_40000000_UNIFORM_1731523882129807996.txt (Time: 8.40s)
✓ Generated graph n=10000, m=40000000, seed=1853590723603270879, type=UNIFORM -> ./input/random_graphs/graph_10000_40000000_UNIFORM_1853590723603270879.txt (Time: 8.33s)
✓ Generated graph n=10000, m=40000000, seed=6785030173969523435, type=UNIFORM -> ./input/random_graphs/graph_10000_40000000_UNIFORM_6785030173969523435.txt (Time: 8.54s)
✓ Generated graph n=10000, m=40000000, seed=3224265581699847191, type=UNIFORM -> ./input/random_graphs/graph_10000_40000000_UNIFORM_3224265581699847191.txt (Time: 8.16s)
✓ Generated graph n=10000, m=40000000, seed=1024517563182776983, type=UNIFORM -> ./input/random_graphs/graph_10000_40000000_UNIFORM_1024517563182776983.txt (Time: 8.29s)
✓ Generated graph n=10000, m=40000000, seed=5258051056098597521, type=UNIFORM -> ./input/random_graphs/graph_10000_40000000_UNIFORM_5258051056098597521.txt (Time: 8.10s)
✓ Generated graph n=10000, m=40000000, seed=5529616217668449934, type=UNIFORM -> ./input/random_graphs/graph_10000_40000000_UNIFORM_5529616217668449934.txt (Time: 8.63s)
✓ Generated graph n=10000, m=40000000, seed=1647170069535670909, type=UNIFORM -> ./input/random_graphs/graph_10000_40000000_UNIFORM_1647170069535670909.txt (Time: 8.42s)
✓ Generated graph n=10000, m=40000000, seed=4122784633514911760, type=UNIFORM -> ./input/random_graphs/graph_10000_40000000_UNIFORM_4122784633514911760.txt (Time: 8.42s)
✓ Generated graph n=10000, m=40000000, seed=7706236040662210848, type=UNIFORM -> ./input/random_graphs/graph_10000_40000000_UNIFORM_7706236040662210848.txt (Time: 8.31s)
✓ Generated graph n=10000, m=40000000, seed=1632192924771168275, type=UNIFORM -> ./input/random_graphs/graph_10000_40000000_UNIFORM_1632192924771168275.txt (Time: 7.90s)
✓ Generated graph n=10000, m=40000000, seed=824387247617288499, type=UNIFORM -> ./input/random_graphs/graph_10000_40000000_UNIFORM_824387247617288499.txt (Time: 8.35s)
✓ Generated graph n=10000, m=40000000, seed=6802378520969450157, type=UNIFORM -> ./input/random_graphs/graph_10000_40000000_UNIFORM_6802378520969450157.txt (Time: 7.95s)
✓ Generated graph n=10000, m=40000000, seed=7161906730445628483, type=UNIFORM -> ./input/random_graphs/graph_10000_40000000_UNIFORM_7161906730445628483.txt (Time: 8.07s)
✓ Generated graph n=10000, m=40000000, seed=4552998297316576788, type=UNIFORM -> ./input/random_graphs/graph_10000_40000000_UNIFORM_4552998297316576788.txt (Time: 8.21s)
✓ Generated graph n=10000, m=40000000, seed=8031431416522537101, type=UNIFORM -> ./input/random_graphs/graph_10000_40000000_UNIFORM_8031431416522537101.txt (Time: 8.20s)
✓ Generated graph n=10000, m=40000000, seed=6143643868734370809, type=UNIFORM -> ./input/random_graphs/graph_10000_40000000_UNIFORM_6143643868734370809.txt (Time: 8.34s)
✓ Generated graph n=10000, m=40000000, seed=3272308573967577038, type=UNIFORM -> ./input/random_graphs/graph_10000_40000000_UNIFORM_3272308573967577038.txt (Time: 8.60s)
✓ Generated graph n=10000, m=40000000, seed=5636411189175451024, type=UNIFORM -> ./input/random_graphs/graph_10000_40000000_UNIFORM_5636411189175451024.txt (Time: 8.19s)
✓ Generated graph n=10000, m=40000000, seed=6614505080519948832, type=UNIFORM -> ./input/random_graphs/graph_10000_40000000_UNIFORM_6614505080519948832.txt (Time: 8.17s)
✓ Generated graph n=10000, m=40000000, seed=5349491008325879064, type=UNIFORM -> ./input/random_graphs/graph_10000_40000000_UNIFORM_5349491008325879064.txt (Time: 8.35s)
✓ Generated graph n=10000, m=40000000, seed=7938560551762094560, type=UNIFORM -> ./input/random_graphs/graph_10000_40000000_UNIFORM_7938560551762094560.txt (Time: 8.18s)
✓ Generated graph n=10000, m=40000000, seed=4445925461710302877, type=UNIFORM -> ./input/random_graphs/graph_10000_40000000_UNIFORM_4445925461710302877.txt (Time: 7.95s)
✓ Generated graph n=10000, m=40000000, seed=7917045922527545890, type=UNIFORM -> ./input/random_graphs/graph_10000_40000000_UNIFORM_7917045922527545890.txt (Time: 8.23s)
✓ Generated graph n=10000, m=40000000, seed=3865339568260874865, type=UNIFORM -> ./input/random_graphs/graph_10000_40000000_UNIFORM_3865339568260874865.txt (Time: 8.20s)
✓ Generated graph n=10000, m=40000000, seed=7921282862123281598, type=UNIFORM -> ./input/random_graphs/graph_10000_40000000_UNIFORM_7921282862123281598.txt (Time: 7.96s)
✓ Generated graph n=10000, m=40000000, seed=6224222471595207695, type=UNIFORM -> ./input/random_graphs/graph_10000_40000000_UNIFORM_6224222471595207695.txt (Time: 8.52s)
✓ Generated graph n=10000, m=40000000, seed=1128313391724783137, type=UNIFORM -> ./input/random_graphs/graph_10000_40000000_UNIFORM_1128313391724783137.txt (Time: 8.18s)
✓ Generated graph n=10000, m=40000000, seed=5063475852268941542, type=UNIFORM -> ./input/random_graphs/graph_10000_40000000_UNIFORM_5063475852268941542.txt (Time: 7.99s)
✓ Generated graph n=10000, m=40000000, seed=8718380604043999642, type=UNIFORM -> ./input/random_graphs/graph_10000_40000000_UNIFORM_8718380604043999642.txt (Time: 8.07s)
✓ Generated graph n=10000, m=40000000, seed=716820155901718944, type=UNIFORM -> ./input/random_graphs/graph_10000_40000000_UNIFORM_716820155901718944.txt (Time: 8.25s)
✓ Generated graph n=10000, m=40000000, seed=8446481348147407377, type=UNIFORM -> ./input/random_graphs/graph_10000_40000000_UNIFORM_8446481348147407377.txt (Time: 7.76s)
✓ Generated graph n=10000, m=40000000, seed=4997514996153925447, type=UNIFORM -> ./input/random_graphs/graph_10000_40000000_UNIFORM_4997514996153925447.txt (Time: 8.41s)
✓ Generated graph n=10000, m=40000000, seed=2909934787168262407, type=UNIFORM -> ./input/random_graphs/graph_10000_40000000_UNIFORM_2909934787168262407.txt (Time: 7.84s)
✓ Generated graph n=10000, m=40000000, seed=3817405844514670994, type=UNIFORM -> ./input/random_graphs/graph_10000_40000000_UNIFORM_3817405844514670994.txt (Time: 8.18s)
✓ Generated graph n=10000, m=40000000, seed=6529943913552561417, type=UNIFORM -> ./input/random_graphs/graph_10000_40000000_UNIFORM_6529943913552561417.txt (Time: 8.23s)
✓ Generated graph n=10000, m=40000000, seed=199422815561151340, type=UNIFORM -> ./input/random_graphs/graph_10000_40000000_UNIFORM_199422815561151340.txt (Time: 7.80s)
✓ Generated graph n=10000, m=40000000, seed=1170385908854608748, type=UNIFORM -> ./input/random_graphs/graph_10000_40000000_UNIFORM_1170385908854608748.txt (Time: 8.21s)
✓ Generated graph n=10000, m=40000000, seed=6022436717541034636, type=UNIFORM -> ./input/random_graphs/graph_10000_40000000_UNIFORM_6022436717541034636.txt (Time: 8.14s)
✓ Generated graph n=10000, m=40000000, seed=5108599054664628607, type=UNIFORM -> ./input/random_graphs/graph_10000_40000000_UNIFORM_5108599054664628607.txt (Time: 7.99s)
✓ Generated graph n=10000, m=40000000, seed=3713827327871807734, type=UNIFORM -> ./input/random_graphs/graph_10000_40000000_UNIFORM_3713827327871807734.txt (Time: 8.63s)
✓ Generated graph n=10000, m=40000000, seed=175493991617213850, type=UNIFORM -> ./input/random_graphs/graph_10000_40000000_UNIFORM_175493991617213850.txt (Time: 8.41s)
✓ Generated graph n=10000, m=40000000, seed=6764066939395682287, type=UNIFORM -> ./input/random_graphs/graph_10000_40000000_UNIFORM_6764066939395682287.txt (Time: 8.08s)
✓ Generated graph n=10000, m=40000000, seed=9130666990809746335, type=UNIFORM -> ./input/random_graphs/graph_10000_40000000_UNIFORM_9130666990809746335.txt (Time: 8.17s)
✓ Generated graph n=10000, m=40000000, seed=1392892770529522614, type=UNIFORM -> ./input/random_graphs/graph_10000_40000000_UNIFORM_1392892770529522614.txt (Time: 8.06s)
✓ Generated graph n=10000, m=40000000, seed=7644420139408884785, type=UNIFORM -> ./input/random_graphs/graph_10000_40000000_UNIFORM_7644420139408884785.txt (Time: 8.32s)
✓ Generated graph n=10000, m=40000000, seed=1458186392400727732, type=UNIFORM -> ./input/random_graphs/graph_10000_40000000_UNIFORM_1458186392400727732.txt (Time: 8.65s)
✓ Generated graph n=10000, m=40000000, seed=9060210648189963449, type=UNIFORM -> ./input/random_graphs/graph_10000_40000000_UNIFORM_9060210648189963449.txt (Time: 7.74s)
✓ Generated graph n=10000, m=40000000, seed=4250897495980125004, type=UNIFORM -> ./input/random_graphs/graph_10000_40000000_UNIFORM_4250897495980125004.txt (Time: 7.82s)
✓ Generated graph n=10000, m=40000000, seed=2089506265998900862, type=UNIFORM -> ./input/random_graphs/graph_10000_40000000_UNIFORM_2089506265998900862.txt (Time: 8.15s)
✓ Generated graph n=10000, m=40000000, seed=5497874167834979553, type=UNIFORM -> ./input/random_graphs/graph_10000_40000000_UNIFORM_5497874167834979553.txt (Time: 8.06s)
✓ Generated graph n=10000, m=40000000, seed=4060584409398689268, type=UNIFORM -> ./input/random_graphs/graph_10000_40000000_UNIFORM_4060584409398689268.txt (Time: 8.10s)
✓ Generated graph n=10000, m=40000000, seed=8794274795737982182, type=UNIFORM -> ./input/random_graphs/graph_10000_40000000_UNIFORM_8794274795737982182.txt (Time: 9.16s)
✓ Generated graph n=10000, m=40000000, seed=8626102704817790064, type=UNIFORM -> ./input/random_graphs/graph_10000_40000000_UNIFORM_8626102704817790064.txt (Time: 7.94s)
✓ Generated graph n=10000, m=40000000, seed=1332005502874566195, type=UNIFORM -> ./input/random_graphs/graph_10000_40000000_UNIFORM_1332005502874566195.txt (Time: 8.12s)
✓ Generated graph n=10000, m=40000000, seed=7905487461282246979, type=UNIFORM -> ./input/random_graphs/graph_10000_40000000_UNIFORM_7905487461282246979.txt (Time: 8.02s)
✓ Generated graph n=10000, m=40000000, seed=1722224698700348310, type=UNIFORM -> ./input/random_graphs/graph_10000_40000000_UNIFORM_1722224698700348310.txt (Time: 8.46s)
✓ Generated graph n=10000, m=40000000, seed=8448596294177070022, type=UNIFORM -> ./input/random_graphs/graph_10000_40000000_UNIFORM_8448596294177070022.txt (Time: 8.39s)
✓ Generated graph n=10000, m=40000000, seed=1992204328026194281, type=UNIFORM -> ./input/random_graphs/graph_10000_40000000_UNIFORM_1992204328026194281.txt (Time: 8.24s)
✓ Generated graph n=10000, m=40000000, seed=4934890601268679176, type=UNIFORM -> ./input/random_graphs/graph_10000_40000000_UNIFORM_4934890601268679176.txt (Time: 8.41s)
✓ Generated graph n=10000, m=40000000, seed=4795749165124911768, type=UNIFORM -> ./input/random_graphs/graph_10000_40000000_UNIFORM_4795749165124911768.txt (Time: 8.58s)
✓ Generated graph n=10000, m=40000000, seed=9059990922233379852, type=UNIFORM -> ./input/random_graphs/graph_10000_40000000_UNIFORM_9059990922233379852.txt (Time: 8.14s)
✓ Generated graph n=10000, m=40000000, seed=7118744415197196276, type=UNIFORM -> ./input/random_graphs/graph_10000_40000000_UNIFORM_7118744415197196276.txt (Time: 8.54s)
✓ Generated graph n=10000, m=40000000, seed=2718103348384927511, type=UNIFORM -> ./input/random_graphs/graph_10000_40000000_UNIFORM_2718103348384927511.txt (Time: 8.53s)
✓ Generated graph n=10000, m=40000000, seed=7449662661572224354, type=UNIFORM -> ./input/random_graphs/graph_10000_40000000_UNIFORM_7449662661572224354.txt (Time: 8.13s)
✓ Generated graph n=10000, m=40000000, seed=3221421291694197220, type=UNIFORM -> ./input/random_graphs/graph_10000_40000000_UNIFORM_3221421291694197220.txt (Time: 8.31s)
✓ Generated graph n=10000, m=40000000, seed=8867616339855336876, type=UNIFORM -> ./input/random_graphs/graph_10000_40000000_UNIFORM_8867616339855336876.txt (Time: 8.38s)
✓ Generated graph n=10000, m=40000000, seed=7983805977214098674, type=UNIFORM -> ./input/random_graphs/graph_10000_40000000_UNIFORM_7983805977214098674.txt (Time: 8.18s)
✓ Generated graph n=10000, m=40000000, seed=5894893360759659423, type=UNIFORM -> ./input/random_graphs/graph_10000_40000000_UNIFORM_5894893360759659423.txt (Time: 8.52s)
✓ Generated graph n=10000, m=40000000, seed=4940913311242578590, type=UNIFORM -> ./input/random_graphs/graph_10000_40000000_UNIFORM_4940913311242578590.txt (Time: 8.24s)
✓ Generated graph n=10000, m=40000000, seed=2264398621601381987, type=UNIFORM -> ./input/random_graphs/graph_10000_40000000_UNIFORM_2264398621601381987.txt (Time: 8.38s)
✓ Generated graph n=10000, m=40000000, seed=7632458674696225362, type=UNIFORM -> ./input/random_graphs/graph_10000_40000000_UNIFORM_7632458674696225362.txt (Time: 8.87s)
✓ Generated graph n=10000, m=49995000, seed=6230961512046992311, type=UNIFORM -> ./input/random_graphs/graph_10000_49995000_UNIFORM_6230961512046992311.txt (Time: 10.97s)
✓ Generated graph n=10000, m=49995000, seed=7871178979383552919, type=UNIFORM -> ./input/random_graphs/graph_10000_49995000_UNIFORM_7871178979383552919.txt (Time: 11.02s)
✓ Generated graph n=10000, m=49995000, seed=7599700178212337699, type=UNIFORM -> ./input/random_graphs/graph_10000_49995000_UNIFORM_7599700178212337699.txt (Time: 9.98s)
✓ Generated graph n=10000, m=49995000, seed=1070244953599069350, type=UNIFORM -> ./input/random_graphs/graph_10000_49995000_UNIFORM_1070244953599069350.txt (Time: 9.81s)
✓ Generated graph n=10000, m=49995000, seed=5739955973604961613, type=UNIFORM -> ./input/random_graphs/graph_10000_49995000_UNIFORM_5739955973604961613.txt (Time: 11.24s)
✓ Generated graph n=10000, m=49995000, seed=3881801951614183357, type=UNIFORM -> ./input/random_graphs/graph_10000_49995000_UNIFORM_3881801951614183357.txt (Time: 10.72s)
✓ Generated graph n=10000, m=49995000, seed=7032710160631691991, type=UNIFORM -> ./input/random_graphs/graph_10000_49995000_UNIFORM_7032710160631691991.txt (Time: 10.67s)
✓ Generated graph n=10000, m=49995000, seed=6522163754831416203, type=UNIFORM -> ./input/random_graphs/graph_10000_49995000_UNIFORM_6522163754831416203.txt (Time: 9.81s)
✓ Generated graph n=10000, m=49995000, seed=1353182403971399009, type=UNIFORM -> ./input/random_graphs/graph_10000_49995000_UNIFORM_1353182403971399009.txt (Time: 10.17s)
✓ Generated graph n=10000, m=49995000, seed=4040737767143389431, type=UNIFORM -> ./input/random_graphs/graph_10000_49995000_UNIFORM_4040737767143389431.txt (Time: 9.91s)
✓ Generated graph n=10000, m=49995000, seed=6938562734920028532, type=UNIFORM -> ./input/random_graphs/graph_10000_49995000_UNIFORM_6938562734920028532.txt (Time: 10.46s)
✓ Generated graph n=10000, m=49995000, seed=1309542850049879452, type=UNIFORM -> ./input/random_graphs/graph_10000_49995000_UNIFORM_1309542850049879452.txt (Time: 9.55s)
✓ Generated graph n=10000, m=49995000, seed=7663871783842725848, type=UNIFORM -> ./input/random_graphs/graph_10000_49995000_UNIFORM_7663871783842725848.txt (Time: 9.69s)
✓ Generated graph n=10000, m=49995000, seed=2429002973740178792, type=UNIFORM -> ./input/random_graphs/graph_10000_49995000_UNIFORM_2429002973740178792.txt (Time: 9.90s)
✓ Generated graph n=10000, m=49995000, seed=1250005700364523649, type=UNIFORM -> ./input/random_graphs/graph_10000_49995000_UNIFORM_1250005700364523649.txt (Time: 10.09s)
✓ Generated graph n=10000, m=49995000, seed=5906957480796939447, type=UNIFORM -> ./input/random_graphs/graph_10000_49995000_UNIFORM_5906957480796939447.txt (Time: 9.89s)
✓ Generated graph n=10000, m=49995000, seed=320375091487821987, type=UNIFORM -> ./input/random_graphs/graph_10000_49995000_UNIFORM_320375091487821987.txt (Time: 10.23s)
✓ Generated graph n=10000, m=49995000, seed=1250773459040295677, type=UNIFORM -> ./input/random_graphs/graph_10000_49995000_UNIFORM_1250773459040295677.txt (Time: 10.10s)
✓ Generated graph n=10000, m=49995000, seed=3438400432146115956, type=UNIFORM -> ./input/random_graphs/graph_10000_49995000_UNIFORM_3438400432146115956.txt (Time: 9.88s)
✓ Generated graph n=10000, m=49995000, seed=7146860528564146064, type=UNIFORM -> ./input/random_graphs/graph_10000_49995000_UNIFORM_7146860528564146064.txt (Time: 10.19s)
✓ Generated graph n=10000, m=49995000, seed=7473196763798409428, type=UNIFORM -> ./input/random_graphs/graph_10000_49995000_UNIFORM_7473196763798409428.txt (Time: 9.74s)
✓ Generated graph n=10000, m=49995000, seed=3010622984418968408, type=UNIFORM -> ./input/random_graphs/graph_10000_49995000_UNIFORM_3010622984418968408.txt (Time: 9.41s)
✓ Generated graph n=10000, m=49995000, seed=5139481885857321791, type=UNIFORM -> ./input/random_graphs/graph_10000_49995000_UNIFORM_5139481885857321791.txt (Time: 10.01s)
✓ Generated graph n=10000, m=49995000, seed=5142811650494845597, type=UNIFORM -> ./input/random_graphs/graph_10000_49995000_UNIFORM_5142811650494845597.txt (Time: 9.77s)
✓ Generated graph n=10000, m=49995000, seed=6002685213311538187, type=UNIFORM -> ./input/random_graphs/graph_10000_49995000_UNIFORM_6002685213311538187.txt (Time: 10.22s)
✓ Generated graph n=10000, m=49995000, seed=521787134863155063, type=UNIFORM -> ./input/random_graphs/graph_10000_49995000_UNIFORM_521787134863155063.txt (Time: 9.66s)
✓ Generated graph n=10000, m=49995000, seed=5708372698381010775, type=UNIFORM -> ./input/random_graphs/graph_10000_49995000_UNIFORM_5708372698381010775.txt (Time: 10.34s)
✓ Generated graph n=10000, m=49995000, seed=1731523882129807996, type=UNIFORM -> ./input/random_graphs/graph_10000_49995000_UNIFORM_1731523882129807996.txt (Time: 9.66s)
✓ Generated graph n=10000, m=49995000, seed=1853590723603270879, type=UNIFORM -> ./input/random_graphs/graph_10000_49995000_UNIFORM_1853590723603270879.txt (Time: 9.61s)
✓ Generated graph n=10000, m=49995000, seed=6785030173969523435, type=UNIFORM -> ./input/random_graphs/graph_10000_49995000_UNIFORM_6785030173969523435.txt (Time: 9.63s)
✓ Generated graph n=10000, m=49995000, seed=7029781962072644698, type=UNIFORM -> ./input/random_graphs/graph_10000_49995000_UNIFORM_7029781962072644698.txt (Time: 9.69s)
✓ Generated graph n=10000, m=49995000, seed=5529616217668449934, type=UNIFORM -> ./input/random_graphs/graph_10000_49995000_UNIFORM_5529616217668449934.txt (Time: 9.79s)
✓ Generated graph n=10000, m=49995000, seed=3224265581699847191, type=UNIFORM -> ./input/random_graphs/graph_10000_49995000_UNIFORM_3224265581699847191.txt (Time: 10.01s)
✓ Generated graph n=10000, m=49995000, seed=1647170069535670909, type=UNIFORM -> ./input/random_graphs/graph_10000_49995000_UNIFORM_1647170069535670909.txt (Time: 9.69s)
✓ Generated graph n=10000, m=49995000, seed=1024517563182776983, type=UNIFORM -> ./input/random_graphs/graph_10000_49995000_UNIFORM_1024517563182776983.txt (Time: 10.59s)
✓ Generated graph n=10000, m=49995000, seed=4122784633514911760, type=UNIFORM -> ./input/random_graphs/graph_10000_49995000_UNIFORM_4122784633514911760.txt (Time: 9.57s)
✓ Generated graph n=10000, m=49995000, seed=5258051056098597521, type=UNIFORM -> ./input/random_graphs/graph_10000_49995000_UNIFORM_5258051056098597521.txt (Time: 9.98s)
✓ Generated graph n=10000, m=49995000, seed=824387247617288499, type=UNIFORM -> ./input/random_graphs/graph_10000_49995000_UNIFORM_824387247617288499.txt (Time: 9.75s)
✓ Generated graph n=10000, m=49995000, seed=7706236040662210848, type=UNIFORM -> ./input/random_graphs/graph_10000_49995000_UNIFORM_7706236040662210848.txt (Time: 9.99s)
✓ Generated graph n=10000, m=49995000, seed=1632192924771168275, type=UNIFORM -> ./input/random_graphs/graph_10000_49995000_UNIFORM_1632192924771168275.txt (Time: 10.12s)
✓ Generated graph n=10000, m=49995000, seed=7161906730445628483, type=UNIFORM -> ./input/random_graphs/graph_10000_49995000_UNIFORM_7161906730445628483.txt (Time: 9.93s)
✓ Generated graph n=10000, m=49995000, seed=4552998297316576788, type=UNIFORM -> ./input/random_graphs/graph_10000_49995000_UNIFORM_4552998297316576788.txt (Time: 9.64s)
✓ Generated graph n=10000, m=49995000, seed=6802378520969450157, type=UNIFORM -> ./input/random_graphs/graph_10000_49995000_UNIFORM_6802378520969450157.txt (Time: 10.15s)
✓ Generated graph n=10000, m=49995000, seed=8031431416522537101, type=UNIFORM -> ./input/random_graphs/graph_10000_49995000_UNIFORM_8031431416522537101.txt (Time: 10.01s)
✓ Generated graph n=10000, m=49995000, seed=6143643868734370809, type=UNIFORM -> ./input/random_graphs/graph_10000_49995000_UNIFORM_6143643868734370809.txt (Time: 9.98s)
✓ Generated graph n=10000, m=49995000, seed=5636411189175451024, type=UNIFORM -> ./input/random_graphs/graph_10000_49995000_UNIFORM_5636411189175451024.txt (Time: 9.63s)
✓ Generated graph n=10000, m=49995000, seed=3272308573967577038, type=UNIFORM -> ./input/random_graphs/graph_10000_49995000_UNIFORM_3272308573967577038.txt (Time: 10.21s)
✓ Generated graph n=10000, m=49995000, seed=5349491008325879064, type=UNIFORM -> ./input/random_graphs/graph_10000_49995000_UNIFORM_5349491008325879064.txt (Time: 9.87s)
✓ Generated graph n=10000, m=49995000, seed=6614505080519948832, type=UNIFORM -> ./input/random_graphs/graph_10000_49995000_UNIFORM_6614505080519948832.txt (Time: 10.25s)
✓ Generated graph n=10000, m=49995000, seed=7938560551762094560, type=UNIFORM -> ./input/random_graphs/graph_10000_49995000_UNIFORM_7938560551762094560.txt (Time: 9.99s)
✓ Generated graph n=10000, m=49995000, seed=7917045922527545890, type=UNIFORM -> ./input/random_graphs/graph_10000_49995000_UNIFORM_7917045922527545890.txt (Time: 9.66s)
✓ Generated graph n=10000, m=49995000, seed=4445925461710302877, type=UNIFORM -> ./input/random_graphs/graph_10000_49995000_UNIFORM_4445925461710302877.txt (Time: 10.40s)
✓ Generated graph n=10000, m=49995000, seed=7921282862123281598, type=UNIFORM -> ./input/random_graphs/graph_10000_49995000_UNIFORM_7921282862123281598.txt (Time: 9.53s)
✓ Generated graph n=10000, m=49995000, seed=3865339568260874865, type=UNIFORM -> ./input/random_graphs/graph_10000_49995000_UNIFORM_3865339568260874865.txt (Time: 9.69s)
✓ Generated graph n=10000, m=49995000, seed=1128313391724783137, type=UNIFORM -> ./input/random_graphs/graph_10000_49995000_UNIFORM_1128313391724783137.txt (Time: 9.52s)
✓ Generated graph n=10000, m=49995000, seed=6224222471595207695, type=UNIFORM -> ./input/random_graphs/graph_10000_49995000_UNIFORM_6224222471595207695.txt (Time: 9.64s)
✓ Generated graph n=10000, m=49995000, seed=716820155901718944, type=UNIFORM -> ./input/random_graphs/graph_10000_49995000_UNIFORM_716820155901718944.txt (Time: 9.69s)
✓ Generated graph n=10000, m=49995000, seed=8718380604043999642, type=UNIFORM -> ./input/random_graphs/graph_10000_49995000_UNIFORM_8718380604043999642.txt (Time: 9.65s)
✓ Generated graph n=10000, m=49995000, seed=8446481348147407377, type=UNIFORM -> ./input/random_graphs/graph_10000_49995000_UNIFORM_8446481348147407377.txt (Time: 9.82s)
✓ Generated graph n=10000, m=49995000, seed=5063475852268941542, type=UNIFORM -> ./input/random_graphs/graph_10000_49995000_UNIFORM_5063475852268941542.txt (Time: 9.95s)
✓ Generated graph n=10000, m=49995000, seed=4997514996153925447, type=UNIFORM -> ./input/random_graphs/graph_10000_49995000_UNIFORM_4997514996153925447.txt (Time: 10.03s)
✓ Generated graph n=10000, m=49995000, seed=3817405844514670994, type=UNIFORM -> ./input/random_graphs/graph_10000_49995000_UNIFORM_3817405844514670994.txt (Time: 10.06s)
✓ Generated graph n=10000, m=49995000, seed=6529943913552561417, type=UNIFORM -> ./input/random_graphs/graph_10000_49995000_UNIFORM_6529943913552561417.txt (Time: 9.72s)
✓ Generated graph n=10000, m=49995000, seed=2909934787168262407, type=UNIFORM -> ./input/random_graphs/graph_10000_49995000_UNIFORM_2909934787168262407.txt (Time: 10.09s)
✓ Generated graph n=10000, m=49995000, seed=199422815561151340, type=UNIFORM -> ./input/random_graphs/graph_10000_49995000_UNIFORM_199422815561151340.txt (Time: 9.69s)
✓ Generated graph n=10000, m=49995000, seed=6022436717541034636, type=UNIFORM -> ./input/random_graphs/graph_10000_49995000_UNIFORM_6022436717541034636.txt (Time: 10.03s)
✓ Generated graph n=10000, m=49995000, seed=1170385908854608748, type=UNIFORM -> ./input/random_graphs/graph_10000_49995000_UNIFORM_1170385908854608748.txt (Time: 10.22s)
✓ Generated graph n=10000, m=49995000, seed=175493991617213850, type=UNIFORM -> ./input/random_graphs/graph_10000_49995000_UNIFORM_175493991617213850.txt (Time: 9.78s)
✓ Generated graph n=10000, m=49995000, seed=3713827327871807734, type=UNIFORM -> ./input/random_graphs/graph_10000_49995000_UNIFORM_3713827327871807734.txt (Time: 10.37s)
✓ Generated graph n=10000, m=49995000, seed=5108599054664628607, type=UNIFORM -> ./input/random_graphs/graph_10000_49995000_UNIFORM_5108599054664628607.txt (Time: 9.88s)
✓ Generated graph n=10000, m=49995000, seed=6764066939395682287, type=UNIFORM -> ./input/random_graphs/graph_10000_49995000_UNIFORM_6764066939395682287.txt (Time: 9.77s)
✓ Generated graph n=10000, m=49995000, seed=7644420139408884785, type=UNIFORM -> ./input/random_graphs/graph_10000_49995000_UNIFORM_7644420139408884785.txt (Time: 9.89s)
✓ Generated graph n=10000, m=49995000, seed=9130666990809746335, type=UNIFORM -> ./input/random_graphs/graph_10000_49995000_UNIFORM_9130666990809746335.txt (Time: 10.37s)
✓ Generated graph n=10000, m=49995000, seed=1458186392400727732, type=UNIFORM -> ./input/random_graphs/graph_10000_49995000_UNIFORM_1458186392400727732.txt (Time: 9.96s)
✓ Generated graph n=10000, m=49995000, seed=1392892770529522614, type=UNIFORM -> ./input/random_graphs/graph_10000_49995000_UNIFORM_1392892770529522614.txt (Time: 9.98s)
✓ Generated graph n=10000, m=49995000, seed=9060210648189963449, type=UNIFORM -> ./input/random_graphs/graph_10000_49995000_UNIFORM_9060210648189963449.txt (Time: 10.53s)
✓ Generated graph n=10000, m=49995000, seed=8794274795737982182, type=UNIFORM -> ./input/random_graphs/graph_10000_49995000_UNIFORM_8794274795737982182.txt (Time: 10.50s)
✓ Generated graph n=10000, m=49995000, seed=4250897495980125004, type=UNIFORM -> ./input/random_graphs/graph_10000_49995000_UNIFORM_4250897495980125004.txt (Time: 11.33s)
✓ Generated graph n=10000, m=49995000, seed=2089506265998900862, type=UNIFORM -> ./input/random_graphs/graph_10000_49995000_UNIFORM_2089506265998900862.txt (Time: 11.06s)
✓ Generated graph n=10000, m=49995000, seed=1332005502874566195, type=UNIFORM -> ./input/random_graphs/graph_10000_49995000_UNIFORM_1332005502874566195.txt (Time: 11.01s)
✓ Generated graph n=10000, m=49995000, seed=8448596294177070022, type=UNIFORM -> ./input/random_graphs/graph_10000_49995000_UNIFORM_8448596294177070022.txt (Time: 10.35s)
✓ Generated graph n=10000, m=49995000, seed=5497874167834979553, type=UNIFORM -> ./input/random_graphs/graph_10000_49995000_UNIFORM_5497874167834979553.txt (Time: 12.28s)
✓ Generated graph n=10000, m=49995000, seed=4060584409398689268, type=UNIFORM -> ./input/random_graphs/graph_10000_49995000_UNIFORM_4060584409398689268.txt (Time: 12.24s)
✓ Generated graph n=10000, m=49995000, seed=1992204328026194281, type=UNIFORM -> ./input/random_graphs/graph_10000_49995000_UNIFORM_1992204328026194281.txt (Time: 10.24s)
✓ Generated graph n=10000, m=49995000, seed=1722224698700348310, type=UNIFORM -> ./input/random_graphs/graph_10000_49995000_UNIFORM_1722224698700348310.txt (Time: 12.10s)
✓ Generated graph n=10000, m=49995000, seed=7118744415197196276, type=UNIFORM -> ./input/random_graphs/graph_10000_49995000_UNIFORM_7118744415197196276.txt (Time: 10.39s)
✓ Generated graph n=10000, m=49995000, seed=9059990922233379852, type=UNIFORM -> ./input/random_graphs/graph_10000_49995000_UNIFORM_9059990922233379852.txt (Time: 11.56s)
✓ Generated graph n=10000, m=49995000, seed=4934890601268679176, type=UNIFORM -> ./input/random_graphs/graph_10000_49995000_UNIFORM_4934890601268679176.txt (Time: 12.74s)
✓ Generated graph n=10000, m=49995000, seed=2718103348384927511, type=UNIFORM -> ./input/random_graphs/graph_10000_49995000_UNIFORM_2718103348384927511.txt (Time: 11.93s)
✓ Generated graph n=10000, m=49995000, seed=8626102704817790064, type=UNIFORM -> ./input/random_graphs/graph_10000_49995000_UNIFORM_8626102704817790064.txt (Time: 13.26s)
✓ Generated graph n=10000, m=49995000, seed=7449662661572224354, type=UNIFORM -> ./input/random_graphs/graph_10000_49995000_UNIFORM_7449662661572224354.txt (Time: 11.34s)
✓ Generated graph n=10000, m=49995000, seed=3221421291694197220, type=UNIFORM -> ./input/random_graphs/graph_10000_49995000_UNIFORM_3221421291694197220.txt (Time: 12.27s)
✓ Generated graph n=10000, m=49995000, seed=5894893360759659423, type=UNIFORM -> ./input/random_graphs/graph_10000_49995000_UNIFORM_5894893360759659423.txt (Time: 11.83s)
✓ Generated graph n=10000, m=49995000, seed=7905487461282246979, type=UNIFORM -> ./input/random_graphs/graph_10000_49995000_UNIFORM_7905487461282246979.txt (Time: 14.51s)
✓ Generated graph n=10000, m=49995000, seed=8867616339855336876, type=UNIFORM -> ./input/random_graphs/graph_10000_49995000_UNIFORM_8867616339855336876.txt (Time: 12.39s)
✓ Generated graph n=10000, m=49995000, seed=4795749165124911768, type=UNIFORM -> ./input/random_graphs/graph_10000_49995000_UNIFORM_4795749165124911768.txt (Time: 14.28s)
✓ Generated graph n=10000, m=49995000, seed=4940913311242578590, type=UNIFORM -> ./input/random_graphs/graph_10000_49995000_UNIFORM_4940913311242578590.txt (Time: 11.43s)
✓ Generated graph n=10000, m=49995000, seed=2264398621601381987, type=UNIFORM -> ./input/random_graphs/graph_10000_49995000_UNIFORM_2264398621601381987.txt (Time: 12.34s)
✓ Generated graph n=10000, m=49995000, seed=7983805977214098674, type=UNIFORM -> ./input/random_graphs/graph_10000_49995000_UNIFORM_7983805977214098674.txt (Time: 14.15s)
✓ Generated graph n=10000, m=49995000, seed=7632458674696225362, type=UNIFORM -> ./input/random_graphs/graph_10000_49995000_UNIFORM_7632458674696225362.txt (Time: 12.56s)

Graph generation completed in 203.08 seconds
Successful: 4600
Failed: 0
Total: 4600
