Generating graphs for 35 (n,m) pairs with 100 iterations each
Total graphs to generate: 3500
Using 20 parallel processes
Graph type: POWLAW
Sparsity: 3
✓ Generated graph n=10, m=31, seed=1070244953599069350, type=POWLAW -> ./input/random_graphs/graph_10_31_POWLAW_1070244953599069350.txt (Time: 0.00s)
✓ Generated graph n=10, m=31, seed=5139481885857321791, type=POWLAW -> ./input/random_graphs/graph_10_31_POWLAW_5139481885857321791.txt (Time: 0.00s)
✓ Generated graph n=10, m=31, seed=1353182403971399009, type=POWLAW -> ./input/random_graphs/graph_10_31_POWLAW_1353182403971399009.txt (Time: 0.00s)
✓ Generated graph n=10, m=31, seed=7473196763798409428, type=POWLAW -> ./input/random_graphs/graph_10_31_POWLAW_7473196763798409428.txt (Time: 0.00s)
✓ Generated graph n=10, m=31, seed=7599700178212337699, type=POWLAW -> ./input/random_graphs/graph_10_31_POWLAW_7599700178212337699.txt (Time: 0.01s)
✓ Generated graph n=10, m=31, seed=7032710160631691991, type=POWLAW -> ./input/random_graphs/graph_10_31_POWLAW_7032710160631691991.txt (Time: 0.00s)
✓ Generated graph n=10, m=31, seed=6230961512046992311, type=POWLAW -> ./input/random_graphs/graph_10_31_POWLAW_6230961512046992311.txt (Time: 0.01s)
✓ Generated graph n=10, m=31, seed=7146860528564146064, type=POWLAW -> ./input/random_graphs/graph_10_31_POWLAW_7146860528564146064.txt (Time: 0.00s)
✓ Generated graph n=10, m=31, seed=6938562734920028532, type=POWLAW -> ./input/random_graphs/graph_10_31_POWLAW_6938562734920028532.txt (Time: 0.00s)
✓ Generated graph n=10, m=31, seed=3881801951614183357, type=POWLAW -> ./input/random_graphs/graph_10_31_POWLAW_3881801951614183357.txt (Time: 0.00s)
✓ Generated graph n=10, m=31, seed=1250773459040295677, type=POWLAW -> ./input/random_graphs/graph_10_31_POWLAW_1250773459040295677.txt (Time: 0.00s)
✓ Generated graph n=10, m=31, seed=5739955973604961613, type=POWLAW -> ./input/random_graphs/graph_10_31_POWLAW_5739955973604961613.txt (Time: 0.00s)
✓ Generated graph n=10, m=31, seed=5906957480796939447, type=POWLAW -> ./input/random_graphs/graph_10_31_POWLAW_5906957480796939447.txt (Time: 0.00s)
✓ Generated graph n=10, m=31, seed=320375091487821987, type=POWLAW -> ./input/random_graphs/graph_10_31_POWLAW_320375091487821987.txt (Time: 0.00s)
✓ Generated graph n=10, m=31, seed=7663871783842725848, type=POWLAW -> ./input/random_graphs/graph_10_31_POWLAW_7663871783842725848.txt (Time: 0.01s)
✓ Generated graph n=10, m=31, seed=7871178979383552919, type=POWLAW -> ./input/random_graphs/graph_10_31_POWLAW_7871178979383552919.txt (Time: 0.01s)
✓ Generated graph n=10, m=31, seed=2429002973740178792, type=POWLAW -> ./input/random_graphs/graph_10_31_POWLAW_2429002973740178792.txt (Time: 0.00s)
✓ Generated graph n=10, m=31, seed=1309542850049879452, type=POWLAW -> ./input/random_graphs/graph_10_31_POWLAW_1309542850049879452.txt (Time: 0.00s)
✓ Generated graph n=10, m=31, seed=1250005700364523649, type=POWLAW -> ./input/random_graphs/graph_10_31_POWLAW_1250005700364523649.txt (Time: 0.00s)
✓ Generated graph n=10, m=31, seed=4040737767143389431, type=POWLAW -> ./input/random_graphs/graph_10_31_POWLAW_4040737767143389431.txt (Time: 0.01s)
✓ Generated graph n=10, m=31, seed=3010622984418968408, type=POWLAW -> ./input/random_graphs/graph_10_31_POWLAW_3010622984418968408.txt (Time: 0.00s)
✓ Generated graph n=10, m=31, seed=6522163754831416203, type=POWLAW -> ./input/random_graphs/graph_10_31_POWLAW_6522163754831416203.txt (Time: 0.01s)
✓ Generated graph n=10, m=31, seed=5142811650494845597, type=POWLAW -> ./input/random_graphs/graph_10_31_POWLAW_5142811650494845597.txt (Time: 0.00s)
✓ Generated graph n=10, m=31, seed=3438400432146115956, type=POWLAW -> ./input/random_graphs/graph_10_31_POWLAW_3438400432146115956.txt (Time: 0.01s)
✓ Generated graph n=10, m=31, seed=5708372698381010775, type=POWLAW -> ./input/random_graphs/graph_10_31_POWLAW_5708372698381010775.txt (Time: 0.00s)
✓ Generated graph n=10, m=31, seed=1853590723603270879, type=POWLAW -> ./input/random_graphs/graph_10_31_POWLAW_1853590723603270879.txt (Time: 0.00s)
✓ Generated graph n=10, m=31, seed=6785030173969523435, type=POWLAW -> ./input/random_graphs/graph_10_31_POWLAW_6785030173969523435.txt (Time: 0.00s)
✓ Generated graph n=10, m=31, seed=521787134863155063, type=POWLAW -> ./input/random_graphs/graph_10_31_POWLAW_521787134863155063.txt (Time: 0.00s)
✓ Generated graph n=10, m=31, seed=5529616217668449934, type=POWLAW -> ./input/random_graphs/graph_10_31_POWLAW_5529616217668449934.txt (Time: 0.00s)
✓ Generated graph n=10, m=31, seed=7029781962072644698, type=POWLAW -> ./input/random_graphs/graph_10_31_POWLAW_7029781962072644698.txt (Time: 0.00s)
✓ Generated graph n=10, m=31, seed=6002685213311538187, type=POWLAW -> ./input/random_graphs/graph_10_31_POWLAW_6002685213311538187.txt (Time: 0.00s)
✓ Generated graph n=10, m=31, seed=1731523882129807996, type=POWLAW -> ./input/random_graphs/graph_10_31_POWLAW_1731523882129807996.txt (Time: 0.00s)
✓ Generated graph n=10, m=31, seed=3224265581699847191, type=POWLAW -> ./input/random_graphs/graph_10_31_POWLAW_3224265581699847191.txt (Time: 0.00s)
✓ Generated graph n=10, m=31, seed=1024517563182776983, type=POWLAW -> ./input/random_graphs/graph_10_31_POWLAW_1024517563182776983.txt (Time: 0.00s)
✓ Generated graph n=10, m=31, seed=1647170069535670909, type=POWLAW -> ./input/random_graphs/graph_10_31_POWLAW_1647170069535670909.txt (Time: 0.00s)
✓ Generated graph n=10, m=31, seed=7706236040662210848, type=POWLAW -> ./input/random_graphs/graph_10_31_POWLAW_7706236040662210848.txt (Time: 0.00s)
✓ Generated graph n=10, m=31, seed=4122784633514911760, type=POWLAW -> ./input/random_graphs/graph_10_31_POWLAW_4122784633514911760.txt (Time: 0.00s)
✓ Generated graph n=10, m=31, seed=1632192924771168275, type=POWLAW -> ./input/random_graphs/graph_10_31_POWLAW_1632192924771168275.txt (Time: 0.00s)
✓ Generated graph n=10, m=31, seed=5258051056098597521, type=POWLAW -> ./input/random_graphs/graph_10_31_POWLAW_5258051056098597521.txt (Time: 0.00s)
✓ Generated graph n=10, m=31, seed=6802378520969450157, type=POWLAW -> ./input/random_graphs/graph_10_31_POWLAW_6802378520969450157.txt (Time: 0.00s)
✓ Generated graph n=10, m=31, seed=8031431416522537101, type=POWLAW -> ./input/random_graphs/graph_10_31_POWLAW_8031431416522537101.txt (Time: 0.00s)
✓ Generated graph n=10, m=31, seed=5636411189175451024, type=POWLAW -> ./input/random_graphs/graph_10_31_POWLAW_5636411189175451024.txt (Time: 0.00s)
✓ Generated graph n=10, m=31, seed=3272308573967577038, type=POWLAW -> ./input/random_graphs/graph_10_31_POWLAW_3272308573967577038.txt (Time: 0.00s)
✓ Generated graph n=10, m=31, seed=7161906730445628483, type=POWLAW -> ./input/random_graphs/graph_10_31_POWLAW_7161906730445628483.txt (Time: 0.00s)
✓ Generated graph n=10, m=31, seed=6614505080519948832, type=POWLAW -> ./input/random_graphs/graph_10_31_POWLAW_6614505080519948832.txt (Time: 0.00s)
✓ Generated graph n=10, m=31, seed=6143643868734370809, type=POWLAW -> ./input/random_graphs/graph_10_31_POWLAW_6143643868734370809.txt (Time: 0.00s)
✓ Generated graph n=10, m=31, seed=5349491008325879064, type=POWLAW -> ./input/random_graphs/graph_10_31_POWLAW_5349491008325879064.txt (Time: 0.00s)
✓ Generated graph n=10, m=31, seed=4552998297316576788, type=POWLAW -> ./input/random_graphs/graph_10_31_POWLAW_4552998297316576788.txt (Time: 0.00s)
✓ Generated graph n=10, m=31, seed=7938560551762094560, type=POWLAW -> ./input/random_graphs/graph_10_31_POWLAW_7938560551762094560.txt (Time: 0.00s)
✓ Generated graph n=10, m=31, seed=7917045922527545890, type=POWLAW -> ./input/random_graphs/graph_10_31_POWLAW_7917045922527545890.txt (Time: 0.00s)
✓ Generated graph n=10, m=31, seed=3865339568260874865, type=POWLAW -> ./input/random_graphs/graph_10_31_POWLAW_3865339568260874865.txt (Time: 0.00s)
✓ Generated graph n=10, m=31, seed=7921282862123281598, type=POWLAW -> ./input/random_graphs/graph_10_31_POWLAW_7921282862123281598.txt (Time: 0.00s)
✓ Generated graph n=10, m=31, seed=4445925461710302877, type=POWLAW -> ./input/random_graphs/graph_10_31_POWLAW_4445925461710302877.txt (Time: 0.00s)
✓ Generated graph n=10, m=31, seed=824387247617288499, type=POWLAW -> ./input/random_graphs/graph_10_31_POWLAW_824387247617288499.txt (Time: 0.01s)
✓ Generated graph n=10, m=31, seed=6224222471595207695, type=POWLAW -> ./input/random_graphs/graph_10_31_POWLAW_6224222471595207695.txt (Time: 0.00s)
✓ Generated graph n=10, m=31, seed=8718380604043999642, type=POWLAW -> ./input/random_graphs/graph_10_31_POWLAW_8718380604043999642.txt (Time: 0.00s)
✓ Generated graph n=10, m=31, seed=8446481348147407377, type=POWLAW -> ./input/random_graphs/graph_10_31_POWLAW_8446481348147407377.txt (Time: 0.00s)
✓ Generated graph n=10, m=31, seed=1128313391724783137, type=POWLAW -> ./input/random_graphs/graph_10_31_POWLAW_1128313391724783137.txt (Time: 0.00s)
✓ Generated graph n=10, m=31, seed=5063475852268941542, type=POWLAW -> ./input/random_graphs/graph_10_31_POWLAW_5063475852268941542.txt (Time: 0.00s)
✓ Generated graph n=10, m=31, seed=4997514996153925447, type=POWLAW -> ./input/random_graphs/graph_10_31_POWLAW_4997514996153925447.txt (Time: 0.00s)
✓ Generated graph n=10, m=31, seed=3817405844514670994, type=POWLAW -> ./input/random_graphs/graph_10_31_POWLAW_3817405844514670994.txt (Time: 0.00s)
✓ Generated graph n=10, m=31, seed=716820155901718944, type=POWLAW -> ./input/random_graphs/graph_10_31_POWLAW_716820155901718944.txt (Time: 0.00s)
✓ Generated graph n=10, m=31, seed=6529943913552561417, type=POWLAW -> ./input/random_graphs/graph_10_31_POWLAW_6529943913552561417.txt (Time: 0.00s)
✓ Generated graph n=10, m=31, seed=2909934787168262407, type=POWLAW -> ./input/random_graphs/graph_10_31_POWLAW_2909934787168262407.txt (Time: 0.00s)
✓ Generated graph n=10, m=31, seed=199422815561151340, type=POWLAW -> ./input/random_graphs/graph_10_31_POWLAW_199422815561151340.txt (Time: 0.00s)
✓ Generated graph n=10, m=31, seed=3713827327871807734, type=POWLAW -> ./input/random_graphs/graph_10_31_POWLAW_3713827327871807734.txt (Time: 0.00s)
✓ Generated graph n=10, m=31, seed=6022436717541034636, type=POWLAW -> ./input/random_graphs/graph_10_31_POWLAW_6022436717541034636.txt (Time: 0.00s)
✓ Generated graph n=10, m=31, seed=1170385908854608748, type=POWLAW -> ./input/random_graphs/graph_10_31_POWLAW_1170385908854608748.txt (Time: 0.00s)
✓ Generated graph n=10, m=31, seed=9130666990809746335, type=POWLAW -> ./input/random_graphs/graph_10_31_POWLAW_9130666990809746335.txt (Time: 0.00s)
✓ Generated graph n=10, m=31, seed=6764066939395682287, type=POWLAW -> ./input/random_graphs/graph_10_31_POWLAW_6764066939395682287.txt (Time: 0.00s)
✓ Generated graph n=10, m=31, seed=5108599054664628607, type=POWLAW -> ./input/random_graphs/graph_10_31_POWLAW_5108599054664628607.txt (Time: 0.00s)
✓ Generated graph n=10, m=31, seed=7644420139408884785, type=POWLAW -> ./input/random_graphs/graph_10_31_POWLAW_7644420139408884785.txt (Time: 0.00s)
✓ Generated graph n=10, m=31, seed=175493991617213850, type=POWLAW -> ./input/random_graphs/graph_10_31_POWLAW_175493991617213850.txt (Time: 0.00s)
✓ Generated graph n=10, m=31, seed=1392892770529522614, type=POWLAW -> ./input/random_graphs/graph_10_31_POWLAW_1392892770529522614.txt (Time: 0.00s)
✓ Generated graph n=10, m=31, seed=1458186392400727732, type=POWLAW -> ./input/random_graphs/graph_10_31_POWLAW_1458186392400727732.txt (Time: 0.00s)
✓ Generated graph n=10, m=31, seed=9060210648189963449, type=POWLAW -> ./input/random_graphs/graph_10_31_POWLAW_9060210648189963449.txt (Time: 0.00s)
✓ Generated graph n=10, m=31, seed=8794274795737982182, type=POWLAW -> ./input/random_graphs/graph_10_31_POWLAW_8794274795737982182.txt (Time: 0.00s)
✓ Generated graph n=10, m=31, seed=2089506265998900862, type=POWLAW -> ./input/random_graphs/graph_10_31_POWLAW_2089506265998900862.txt (Time: 0.00s)
✓ Generated graph n=10, m=31, seed=5497874167834979553, type=POWLAW -> ./input/random_graphs/graph_10_31_POWLAW_5497874167834979553.txt (Time: 0.00s)
✓ Generated graph n=10, m=31, seed=1332005502874566195, type=POWLAW -> ./input/random_graphs/graph_10_31_POWLAW_1332005502874566195.txt (Time: 0.00s)
✓ Generated graph n=10, m=31, seed=4060584409398689268, type=POWLAW -> ./input/random_graphs/graph_10_31_POWLAW_4060584409398689268.txt (Time: 0.00s)
✓ Generated graph n=10, m=31, seed=1722224698700348310, type=POWLAW -> ./input/random_graphs/graph_10_31_POWLAW_1722224698700348310.txt (Time: 0.00s)
✓ Generated graph n=10, m=31, seed=4250897495980125004, type=POWLAW -> ./input/random_graphs/graph_10_31_POWLAW_4250897495980125004.txt (Time: 0.00s)
✓ Generated graph n=10, m=31, seed=7905487461282246979, type=POWLAW -> ./input/random_graphs/graph_10_31_POWLAW_7905487461282246979.txt (Time: 0.00s)
✓ Generated graph n=10, m=31, seed=8448596294177070022, type=POWLAW -> ./input/random_graphs/graph_10_31_POWLAW_8448596294177070022.txt (Time: 0.00s)
✓ Generated graph n=10, m=31, seed=4795749165124911768, type=POWLAW -> ./input/random_graphs/graph_10_31_POWLAW_4795749165124911768.txt (Time: 0.00s)
✓ Generated graph n=10, m=31, seed=4934890601268679176, type=POWLAW -> ./input/random_graphs/graph_10_31_POWLAW_4934890601268679176.txt (Time: 0.00s)
✓ Generated graph n=10, m=31, seed=8626102704817790064, type=POWLAW -> ./input/random_graphs/graph_10_31_POWLAW_8626102704817790064.txt (Time: 0.00s)
✓ Generated graph n=10, m=31, seed=7118744415197196276, type=POWLAW -> ./input/random_graphs/graph_10_31_POWLAW_7118744415197196276.txt (Time: 0.00s)
✓ Generated graph n=10, m=31, seed=7449662661572224354, type=POWLAW -> ./input/random_graphs/graph_10_31_POWLAW_7449662661572224354.txt (Time: 0.00s)
✓ Generated graph n=10, m=31, seed=3221421291694197220, type=POWLAW -> ./input/random_graphs/graph_10_31_POWLAW_3221421291694197220.txt (Time: 0.00s)
✓ Generated graph n=10, m=31, seed=2718103348384927511, type=POWLAW -> ./input/random_graphs/graph_10_31_POWLAW_2718103348384927511.txt (Time: 0.00s)
✓ Generated graph n=10, m=31, seed=8867616339855336876, type=POWLAW -> ./input/random_graphs/graph_10_31_POWLAW_8867616339855336876.txt (Time: 0.00s)
✓ Generated graph n=10, m=31, seed=1992204328026194281, type=POWLAW -> ./input/random_graphs/graph_10_31_POWLAW_1992204328026194281.txt (Time: 0.00s)
✓ Generated graph n=10, m=31, seed=9059990922233379852, type=POWLAW -> ./input/random_graphs/graph_10_31_POWLAW_9059990922233379852.txt (Time: 0.00s)
✓ Generated graph n=10, m=31, seed=5894893360759659423, type=POWLAW -> ./input/random_graphs/graph_10_31_POWLAW_5894893360759659423.txt (Time: 0.00s)
✓ Generated graph n=10, m=31, seed=2264398621601381987, type=POWLAW -> ./input/random_graphs/graph_10_31_POWLAW_2264398621601381987.txt (Time: 0.00s)
✓ Generated graph n=10, m=31, seed=7983805977214098674, type=POWLAW -> ./input/random_graphs/graph_10_31_POWLAW_7983805977214098674.txt (Time: 0.00s)
✓ Generated graph n=20, m=89, seed=7871178979383552919, type=POWLAW -> ./input/random_graphs/graph_20_89_POWLAW_7871178979383552919.txt (Time: 0.00s)
✓ Generated graph n=10, m=31, seed=7632458674696225362, type=POWLAW -> ./input/random_graphs/graph_10_31_POWLAW_7632458674696225362.txt (Time: 0.00s)
✓ Generated graph n=10, m=31, seed=4940913311242578590, type=POWLAW -> ./input/random_graphs/graph_10_31_POWLAW_4940913311242578590.txt (Time: 0.00s)
✓ Generated graph n=20, m=89, seed=7032710160631691991, type=POWLAW -> ./input/random_graphs/graph_20_89_POWLAW_7032710160631691991.txt (Time: 0.00s)
✓ Generated graph n=20, m=89, seed=7599700178212337699, type=POWLAW -> ./input/random_graphs/graph_20_89_POWLAW_7599700178212337699.txt (Time: 0.00s)
✓ Generated graph n=20, m=89, seed=6230961512046992311, type=POWLAW -> ./input/random_graphs/graph_20_89_POWLAW_6230961512046992311.txt (Time: 0.00s)
✓ Generated graph n=20, m=89, seed=5739955973604961613, type=POWLAW -> ./input/random_graphs/graph_20_89_POWLAW_5739955973604961613.txt (Time: 0.00s)
✓ Generated graph n=20, m=89, seed=3881801951614183357, type=POWLAW -> ./input/random_graphs/graph_20_89_POWLAW_3881801951614183357.txt (Time: 0.00s)
✓ Generated graph n=20, m=89, seed=6938562734920028532, type=POWLAW -> ./input/random_graphs/graph_20_89_POWLAW_6938562734920028532.txt (Time: 0.00s)
✓ Generated graph n=20, m=89, seed=1353182403971399009, type=POWLAW -> ./input/random_graphs/graph_20_89_POWLAW_1353182403971399009.txt (Time: 0.00s)
✓ Generated graph n=20, m=89, seed=6522163754831416203, type=POWLAW -> ./input/random_graphs/graph_20_89_POWLAW_6522163754831416203.txt (Time: 0.00s)
✓ Generated graph n=20, m=89, seed=1070244953599069350, type=POWLAW -> ./input/random_graphs/graph_20_89_POWLAW_1070244953599069350.txt (Time: 0.00s)
✓ Generated graph n=20, m=89, seed=4040737767143389431, type=POWLAW -> ./input/random_graphs/graph_20_89_POWLAW_4040737767143389431.txt (Time: 0.00s)
✓ Generated graph n=20, m=89, seed=1250005700364523649, type=POWLAW -> ./input/random_graphs/graph_20_89_POWLAW_1250005700364523649.txt (Time: 0.00s)
✓ Generated graph n=20, m=89, seed=320375091487821987, type=POWLAW -> ./input/random_graphs/graph_20_89_POWLAW_320375091487821987.txt (Time: 0.00s)
✓ Generated graph n=20, m=89, seed=1309542850049879452, type=POWLAW -> ./input/random_graphs/graph_20_89_POWLAW_1309542850049879452.txt (Time: 0.00s)
✓ Generated graph n=20, m=89, seed=2429002973740178792, type=POWLAW -> ./input/random_graphs/graph_20_89_POWLAW_2429002973740178792.txt (Time: 0.00s)
✓ Generated graph n=20, m=89, seed=7663871783842725848, type=POWLAW -> ./input/random_graphs/graph_20_89_POWLAW_7663871783842725848.txt (Time: 0.00s)
✓ Generated graph n=20, m=89, seed=5906957480796939447, type=POWLAW -> ./input/random_graphs/graph_20_89_POWLAW_5906957480796939447.txt (Time: 0.00s)
✓ Generated graph n=20, m=89, seed=1250773459040295677, type=POWLAW -> ./input/random_graphs/graph_20_89_POWLAW_1250773459040295677.txt (Time: 0.00s)
✓ Generated graph n=20, m=89, seed=7146860528564146064, type=POWLAW -> ./input/random_graphs/graph_20_89_POWLAW_7146860528564146064.txt (Time: 0.00s)
✓ Generated graph n=20, m=89, seed=5139481885857321791, type=POWLAW -> ./input/random_graphs/graph_20_89_POWLAW_5139481885857321791.txt (Time: 0.00s)
✓ Generated graph n=20, m=89, seed=7473196763798409428, type=POWLAW -> ./input/random_graphs/graph_20_89_POWLAW_7473196763798409428.txt (Time: 0.00s)
✓ Generated graph n=20, m=89, seed=3010622984418968408, type=POWLAW -> ./input/random_graphs/graph_20_89_POWLAW_3010622984418968408.txt (Time: 0.00s)
✓ Generated graph n=20, m=89, seed=6002685213311538187, type=POWLAW -> ./input/random_graphs/graph_20_89_POWLAW_6002685213311538187.txt (Time: 0.00s)
✓ Generated graph n=20, m=89, seed=3438400432146115956, type=POWLAW -> ./input/random_graphs/graph_20_89_POWLAW_3438400432146115956.txt (Time: 0.00s)
✓ Generated graph n=20, m=89, seed=5142811650494845597, type=POWLAW -> ./input/random_graphs/graph_20_89_POWLAW_5142811650494845597.txt (Time: 0.00s)
✓ Generated graph n=20, m=89, seed=5708372698381010775, type=POWLAW -> ./input/random_graphs/graph_20_89_POWLAW_5708372698381010775.txt (Time: 0.00s)
✓ Generated graph n=20, m=89, seed=1731523882129807996, type=POWLAW -> ./input/random_graphs/graph_20_89_POWLAW_1731523882129807996.txt (Time: 0.00s)
✓ Generated graph n=20, m=89, seed=521787134863155063, type=POWLAW -> ./input/random_graphs/graph_20_89_POWLAW_521787134863155063.txt (Time: 0.00s)
✓ Generated graph n=20, m=89, seed=1853590723603270879, type=POWLAW -> ./input/random_graphs/graph_20_89_POWLAW_1853590723603270879.txt (Time: 0.00s)
✓ Generated graph n=20, m=89, seed=5529616217668449934, type=POWLAW -> ./input/random_graphs/graph_20_89_POWLAW_5529616217668449934.txt (Time: 0.00s)
✓ Generated graph n=20, m=89, seed=6785030173969523435, type=POWLAW -> ./input/random_graphs/graph_20_89_POWLAW_6785030173969523435.txt (Time: 0.00s)
✓ Generated graph n=20, m=89, seed=7029781962072644698, type=POWLAW -> ./input/random_graphs/graph_20_89_POWLAW_7029781962072644698.txt (Time: 0.00s)
✓ Generated graph n=20, m=89, seed=1024517563182776983, type=POWLAW -> ./input/random_graphs/graph_20_89_POWLAW_1024517563182776983.txt (Time: 0.00s)
✓ Generated graph n=20, m=89, seed=3224265581699847191, type=POWLAW -> ./input/random_graphs/graph_20_89_POWLAW_3224265581699847191.txt (Time: 0.00s)
✓ Generated graph n=20, m=89, seed=1647170069535670909, type=POWLAW -> ./input/random_graphs/graph_20_89_POWLAW_1647170069535670909.txt (Time: 0.00s)
✓ Generated graph n=20, m=89, seed=5258051056098597521, type=POWLAW -> ./input/random_graphs/graph_20_89_POWLAW_5258051056098597521.txt (Time: 0.00s)
✓ Generated graph n=20, m=89, seed=7161906730445628483, type=POWLAW -> ./input/random_graphs/graph_20_89_POWLAW_7161906730445628483.txt (Time: 0.00s)
✓ Generated graph n=20, m=89, seed=4122784633514911760, type=POWLAW -> ./input/random_graphs/graph_20_89_POWLAW_4122784633514911760.txt (Time: 0.00s)
✓ Generated graph n=20, m=89, seed=824387247617288499, type=POWLAW -> ./input/random_graphs/graph_20_89_POWLAW_824387247617288499.txt (Time: 0.00s)
✓ Generated graph n=20, m=89, seed=1632192924771168275, type=POWLAW -> ./input/random_graphs/graph_20_89_POWLAW_1632192924771168275.txt (Time: 0.00s)
✓ Generated graph n=20, m=89, seed=4552998297316576788, type=POWLAW -> ./input/random_graphs/graph_20_89_POWLAW_4552998297316576788.txt (Time: 0.00s)
✓ Generated graph n=20, m=89, seed=3272308573967577038, type=POWLAW -> ./input/random_graphs/graph_20_89_POWLAW_3272308573967577038.txt (Time: 0.00s)
✓ Generated graph n=20, m=89, seed=6143643868734370809, type=POWLAW -> ./input/random_graphs/graph_20_89_POWLAW_6143643868734370809.txt (Time: 0.00s)
✓ Generated graph n=20, m=89, seed=8031431416522537101, type=POWLAW -> ./input/random_graphs/graph_20_89_POWLAW_8031431416522537101.txt (Time: 0.00s)
✓ Generated graph n=20, m=89, seed=7706236040662210848, type=POWLAW -> ./input/random_graphs/graph_20_89_POWLAW_7706236040662210848.txt (Time: 0.00s)
✓ Generated graph n=20, m=89, seed=6802378520969450157, type=POWLAW -> ./input/random_graphs/graph_20_89_POWLAW_6802378520969450157.txt (Time: 0.00s)
✓ Generated graph n=20, m=89, seed=5636411189175451024, type=POWLAW -> ./input/random_graphs/graph_20_89_POWLAW_5636411189175451024.txt (Time: 0.00s)
✓ Generated graph n=20, m=89, seed=6224222471595207695, type=POWLAW -> ./input/random_graphs/graph_20_89_POWLAW_6224222471595207695.txt (Time: 0.00s)
✓ Generated graph n=20, m=89, seed=6614505080519948832, type=POWLAW -> ./input/random_graphs/graph_20_89_POWLAW_6614505080519948832.txt (Time: 0.00s)
✓ Generated graph n=20, m=89, seed=7938560551762094560, type=POWLAW -> ./input/random_graphs/graph_20_89_POWLAW_7938560551762094560.txt (Time: 0.00s)
✓ Generated graph n=20, m=89, seed=3865339568260874865, type=POWLAW -> ./input/random_graphs/graph_20_89_POWLAW_3865339568260874865.txt (Time: 0.00s)
✓ Generated graph n=20, m=89, seed=7921282862123281598, type=POWLAW -> ./input/random_graphs/graph_20_89_POWLAW_7921282862123281598.txt (Time: 0.00s)
✓ Generated graph n=20, m=89, seed=4445925461710302877, type=POWLAW -> ./input/random_graphs/graph_20_89_POWLAW_4445925461710302877.txt (Time: 0.00s)
✓ Generated graph n=20, m=89, seed=1128313391724783137, type=POWLAW -> ./input/random_graphs/graph_20_89_POWLAW_1128313391724783137.txt (Time: 0.00s)
✓ Generated graph n=20, m=89, seed=8718380604043999642, type=POWLAW -> ./input/random_graphs/graph_20_89_POWLAW_8718380604043999642.txt (Time: 0.00s)
✓ Generated graph n=20, m=89, seed=4997514996153925447, type=POWLAW -> ./input/random_graphs/graph_20_89_POWLAW_4997514996153925447.txt (Time: 0.00s)
✓ Generated graph n=20, m=89, seed=5349491008325879064, type=POWLAW -> ./input/random_graphs/graph_20_89_POWLAW_5349491008325879064.txt (Time: 0.00s)
✓ Generated graph n=20, m=89, seed=7917045922527545890, type=POWLAW -> ./input/random_graphs/graph_20_89_POWLAW_7917045922527545890.txt (Time: 0.00s)
✓ Generated graph n=20, m=89, seed=2909934787168262407, type=POWLAW -> ./input/random_graphs/graph_20_89_POWLAW_2909934787168262407.txt (Time: 0.00s)
✓ Generated graph n=20, m=89, seed=716820155901718944, type=POWLAW -> ./input/random_graphs/graph_20_89_POWLAW_716820155901718944.txt (Time: 0.00s)
✓ Generated graph n=20, m=89, seed=3817405844514670994, type=POWLAW -> ./input/random_graphs/graph_20_89_POWLAW_3817405844514670994.txt (Time: 0.00s)
✓ Generated graph n=20, m=89, seed=8446481348147407377, type=POWLAW -> ./input/random_graphs/graph_20_89_POWLAW_8446481348147407377.txt (Time: 0.00s)
✓ Generated graph n=20, m=89, seed=1170385908854608748, type=POWLAW -> ./input/random_graphs/graph_20_89_POWLAW_1170385908854608748.txt (Time: 0.00s)
✓ Generated graph n=20, m=89, seed=199422815561151340, type=POWLAW -> ./input/random_graphs/graph_20_89_POWLAW_199422815561151340.txt (Time: 0.00s)
✓ Generated graph n=20, m=89, seed=6022436717541034636, type=POWLAW -> ./input/random_graphs/graph_20_89_POWLAW_6022436717541034636.txt (Time: 0.00s)
✓ Generated graph n=20, m=89, seed=6529943913552561417, type=POWLAW -> ./input/random_graphs/graph_20_89_POWLAW_6529943913552561417.txt (Time: 0.00s)
✓ Generated graph n=20, m=89, seed=5063475852268941542, type=POWLAW -> ./input/random_graphs/graph_20_89_POWLAW_5063475852268941542.txt (Time: 0.00s)
✓ Generated graph n=20, m=89, seed=5108599054664628607, type=POWLAW -> ./input/random_graphs/graph_20_89_POWLAW_5108599054664628607.txt (Time: 0.00s)
✓ Generated graph n=20, m=89, seed=6764066939395682287, type=POWLAW -> ./input/random_graphs/graph_20_89_POWLAW_6764066939395682287.txt (Time: 0.00s)
✓ Generated graph n=20, m=89, seed=175493991617213850, type=POWLAW -> ./input/random_graphs/graph_20_89_POWLAW_175493991617213850.txt (Time: 0.00s)
✓ Generated graph n=20, m=89, seed=7644420139408884785, type=POWLAW -> ./input/random_graphs/graph_20_89_POWLAW_7644420139408884785.txt (Time: 0.00s)
✓ Generated graph n=20, m=89, seed=1458186392400727732, type=POWLAW -> ./input/random_graphs/graph_20_89_POWLAW_1458186392400727732.txt (Time: 0.00s)
✓ Generated graph n=20, m=89, seed=3713827327871807734, type=POWLAW -> ./input/random_graphs/graph_20_89_POWLAW_3713827327871807734.txt (Time: 0.00s)
✓ Generated graph n=20, m=89, seed=9130666990809746335, type=POWLAW -> ./input/random_graphs/graph_20_89_POWLAW_9130666990809746335.txt (Time: 0.00s)
✓ Generated graph n=20, m=89, seed=4250897495980125004, type=POWLAW -> ./input/random_graphs/graph_20_89_POWLAW_4250897495980125004.txt (Time: 0.00s)
✓ Generated graph n=20, m=89, seed=1392892770529522614, type=POWLAW -> ./input/random_graphs/graph_20_89_POWLAW_1392892770529522614.txt (Time: 0.00s)
✓ Generated graph n=20, m=89, seed=8794274795737982182, type=POWLAW -> ./input/random_graphs/graph_20_89_POWLAW_8794274795737982182.txt (Time: 0.00s)
✓ Generated graph n=20, m=89, seed=9060210648189963449, type=POWLAW -> ./input/random_graphs/graph_20_89_POWLAW_9060210648189963449.txt (Time: 0.00s)
✓ Generated graph n=20, m=89, seed=5497874167834979553, type=POWLAW -> ./input/random_graphs/graph_20_89_POWLAW_5497874167834979553.txt (Time: 0.00s)
✓ Generated graph n=20, m=89, seed=4060584409398689268, type=POWLAW -> ./input/random_graphs/graph_20_89_POWLAW_4060584409398689268.txt (Time: 0.00s)
✓ Generated graph n=20, m=89, seed=2089506265998900862, type=POWLAW -> ./input/random_graphs/graph_20_89_POWLAW_2089506265998900862.txt (Time: 0.00s)
✓ Generated graph n=20, m=89, seed=1332005502874566195, type=POWLAW -> ./input/random_graphs/graph_20_89_POWLAW_1332005502874566195.txt (Time: 0.00s)
✓ Generated graph n=20, m=89, seed=7905487461282246979, type=POWLAW -> ./input/random_graphs/graph_20_89_POWLAW_7905487461282246979.txt (Time: 0.00s)
✓ Generated graph n=20, m=89, seed=4795749165124911768, type=POWLAW -> ./input/random_graphs/graph_20_89_POWLAW_4795749165124911768.txt (Time: 0.00s)
✓ Generated graph n=20, m=89, seed=8448596294177070022, type=POWLAW -> ./input/random_graphs/graph_20_89_POWLAW_8448596294177070022.txt (Time: 0.00s)
✓ Generated graph n=20, m=89, seed=1722224698700348310, type=POWLAW -> ./input/random_graphs/graph_20_89_POWLAW_1722224698700348310.txt (Time: 0.00s)
✓ Generated graph n=20, m=89, seed=4934890601268679176, type=POWLAW -> ./input/random_graphs/graph_20_89_POWLAW_4934890601268679176.txt (Time: 0.00s)
✓ Generated graph n=20, m=89, seed=8626102704817790064, type=POWLAW -> ./input/random_graphs/graph_20_89_POWLAW_8626102704817790064.txt (Time: 0.00s)
✓ Generated graph n=20, m=89, seed=9059990922233379852, type=POWLAW -> ./input/random_graphs/graph_20_89_POWLAW_9059990922233379852.txt (Time: 0.00s)
✓ Generated graph n=20, m=89, seed=7449662661572224354, type=POWLAW -> ./input/random_graphs/graph_20_89_POWLAW_7449662661572224354.txt (Time: 0.00s)
✓ Generated graph n=20, m=89, seed=7118744415197196276, type=POWLAW -> ./input/random_graphs/graph_20_89_POWLAW_7118744415197196276.txt (Time: 0.00s)
✓ Generated graph n=20, m=89, seed=1992204328026194281, type=POWLAW -> ./input/random_graphs/graph_20_89_POWLAW_1992204328026194281.txt (Time: 0.00s)
✓ Generated graph n=20, m=89, seed=2718103348384927511, type=POWLAW -> ./input/random_graphs/graph_20_89_POWLAW_2718103348384927511.txt (Time: 0.00s)
✓ Generated graph n=20, m=89, seed=8867616339855336876, type=POWLAW -> ./input/random_graphs/graph_20_89_POWLAW_8867616339855336876.txt (Time: 0.00s)
✓ Generated graph n=20, m=89, seed=3221421291694197220, type=POWLAW -> ./input/random_graphs/graph_20_89_POWLAW_3221421291694197220.txt (Time: 0.00s)
✓ Generated graph n=20, m=89, seed=5894893360759659423, type=POWLAW -> ./input/random_graphs/graph_20_89_POWLAW_5894893360759659423.txt (Time: 0.00s)
✓ Generated graph n=20, m=89, seed=4940913311242578590, type=POWLAW -> ./input/random_graphs/graph_20_89_POWLAW_4940913311242578590.txt (Time: 0.00s)
✓ Generated graph n=20, m=89, seed=7983805977214098674, type=POWLAW -> ./input/random_graphs/graph_20_89_POWLAW_7983805977214098674.txt (Time: 0.00s)
✓ Generated graph n=20, m=89, seed=7632458674696225362, type=POWLAW -> ./input/random_graphs/graph_20_89_POWLAW_7632458674696225362.txt (Time: 0.00s)
✓ Generated graph n=20, m=89, seed=2264398621601381987, type=POWLAW -> ./input/random_graphs/graph_20_89_POWLAW_2264398621601381987.txt (Time: 0.00s)
✓ Generated graph n=30, m=164, seed=7871178979383552919, type=POWLAW -> ./input/random_graphs/graph_30_164_POWLAW_7871178979383552919.txt (Time: 0.00s)
✓ Generated graph n=30, m=164, seed=6230961512046992311, type=POWLAW -> ./input/random_graphs/graph_30_164_POWLAW_6230961512046992311.txt (Time: 0.00s)
✓ Generated graph n=30, m=164, seed=5739955973604961613, type=POWLAW -> ./input/random_graphs/graph_30_164_POWLAW_5739955973604961613.txt (Time: 0.00s)
✓ Generated graph n=30, m=164, seed=3881801951614183357, type=POWLAW -> ./input/random_graphs/graph_30_164_POWLAW_3881801951614183357.txt (Time: 0.00s)
✓ Generated graph n=30, m=164, seed=7032710160631691991, type=POWLAW -> ./input/random_graphs/graph_30_164_POWLAW_7032710160631691991.txt (Time: 0.00s)
✓ Generated graph n=30, m=164, seed=1353182403971399009, type=POWLAW -> ./input/random_graphs/graph_30_164_POWLAW_1353182403971399009.txt (Time: 0.00s)
✓ Generated graph n=30, m=164, seed=7599700178212337699, type=POWLAW -> ./input/random_graphs/graph_30_164_POWLAW_7599700178212337699.txt (Time: 0.00s)
✓ Generated graph n=30, m=164, seed=6938562734920028532, type=POWLAW -> ./input/random_graphs/graph_30_164_POWLAW_6938562734920028532.txt (Time: 0.00s)
✓ Generated graph n=30, m=164, seed=1250005700364523649, type=POWLAW -> ./input/random_graphs/graph_30_164_POWLAW_1250005700364523649.txt (Time: 0.00s)
✓ Generated graph n=30, m=164, seed=1309542850049879452, type=POWLAW -> ./input/random_graphs/graph_30_164_POWLAW_1309542850049879452.txt (Time: 0.00s)
✓ Generated graph n=30, m=164, seed=6522163754831416203, type=POWLAW -> ./input/random_graphs/graph_30_164_POWLAW_6522163754831416203.txt (Time: 0.00s)
✓ Generated graph n=30, m=164, seed=7663871783842725848, type=POWLAW -> ./input/random_graphs/graph_30_164_POWLAW_7663871783842725848.txt (Time: 0.00s)
✓ Generated graph n=30, m=164, seed=1070244953599069350, type=POWLAW -> ./input/random_graphs/graph_30_164_POWLAW_1070244953599069350.txt (Time: 0.00s)
✓ Generated graph n=30, m=164, seed=4040737767143389431, type=POWLAW -> ./input/random_graphs/graph_30_164_POWLAW_4040737767143389431.txt (Time: 0.00s)
✓ Generated graph n=30, m=164, seed=2429002973740178792, type=POWLAW -> ./input/random_graphs/graph_30_164_POWLAW_2429002973740178792.txt (Time: 0.00s)
✓ Generated graph n=30, m=164, seed=5906957480796939447, type=POWLAW -> ./input/random_graphs/graph_30_164_POWLAW_5906957480796939447.txt (Time: 0.00s)
✓ Generated graph n=30, m=164, seed=320375091487821987, type=POWLAW -> ./input/random_graphs/graph_30_164_POWLAW_320375091487821987.txt (Time: 0.00s)
✓ Generated graph n=30, m=164, seed=3438400432146115956, type=POWLAW -> ./input/random_graphs/graph_30_164_POWLAW_3438400432146115956.txt (Time: 0.00s)
✓ Generated graph n=30, m=164, seed=7146860528564146064, type=POWLAW -> ./input/random_graphs/graph_30_164_POWLAW_7146860528564146064.txt (Time: 0.00s)
✓ Generated graph n=30, m=164, seed=5139481885857321791, type=POWLAW -> ./input/random_graphs/graph_30_164_POWLAW_5139481885857321791.txt (Time: 0.00s)
✓ Generated graph n=30, m=164, seed=1250773459040295677, type=POWLAW -> ./input/random_graphs/graph_30_164_POWLAW_1250773459040295677.txt (Time: 0.00s)
✓ Generated graph n=30, m=164, seed=5142811650494845597, type=POWLAW -> ./input/random_graphs/graph_30_164_POWLAW_5142811650494845597.txt (Time: 0.00s)
✓ Generated graph n=30, m=164, seed=521787134863155063, type=POWLAW -> ./input/random_graphs/graph_30_164_POWLAW_521787134863155063.txt (Time: 0.00s)
✓ Generated graph n=30, m=164, seed=5708372698381010775, type=POWLAW -> ./input/random_graphs/graph_30_164_POWLAW_5708372698381010775.txt (Time: 0.00s)
✓ Generated graph n=30, m=164, seed=1731523882129807996, type=POWLAW -> ./input/random_graphs/graph_30_164_POWLAW_1731523882129807996.txt (Time: 0.00s)
✓ Generated graph n=30, m=164, seed=3010622984418968408, type=POWLAW -> ./input/random_graphs/graph_30_164_POWLAW_3010622984418968408.txt (Time: 0.00s)
✓ Generated graph n=30, m=164, seed=1853590723603270879, type=POWLAW -> ./input/random_graphs/graph_30_164_POWLAW_1853590723603270879.txt (Time: 0.00s)
✓ Generated graph n=30, m=164, seed=6002685213311538187, type=POWLAW -> ./input/random_graphs/graph_30_164_POWLAW_6002685213311538187.txt (Time: 0.00s)
✓ Generated graph n=30, m=164, seed=7473196763798409428, type=POWLAW -> ./input/random_graphs/graph_30_164_POWLAW_7473196763798409428.txt (Time: 0.00s)
✓ Generated graph n=30, m=164, seed=7029781962072644698, type=POWLAW -> ./input/random_graphs/graph_30_164_POWLAW_7029781962072644698.txt (Time: 0.00s)
✓ Generated graph n=30, m=164, seed=5529616217668449934, type=POWLAW -> ./input/random_graphs/graph_30_164_POWLAW_5529616217668449934.txt (Time: 0.00s)
✓ Generated graph n=30, m=164, seed=1024517563182776983, type=POWLAW -> ./input/random_graphs/graph_30_164_POWLAW_1024517563182776983.txt (Time: 0.00s)
✓ Generated graph n=30, m=164, seed=3224265581699847191, type=POWLAW -> ./input/random_graphs/graph_30_164_POWLAW_3224265581699847191.txt (Time: 0.00s)
✓ Generated graph n=30, m=164, seed=5258051056098597521, type=POWLAW -> ./input/random_graphs/graph_30_164_POWLAW_5258051056098597521.txt (Time: 0.00s)
✓ Generated graph n=30, m=164, seed=1647170069535670909, type=POWLAW -> ./input/random_graphs/graph_30_164_POWLAW_1647170069535670909.txt (Time: 0.00s)
✓ Generated graph n=30, m=164, seed=4122784633514911760, type=POWLAW -> ./input/random_graphs/graph_30_164_POWLAW_4122784633514911760.txt (Time: 0.00s)
✓ Generated graph n=30, m=164, seed=6785030173969523435, type=POWLAW -> ./input/random_graphs/graph_30_164_POWLAW_6785030173969523435.txt (Time: 0.00s)
✓ Generated graph n=30, m=164, seed=824387247617288499, type=POWLAW -> ./input/random_graphs/graph_30_164_POWLAW_824387247617288499.txt (Time: 0.00s)
✓ Generated graph n=30, m=164, seed=1632192924771168275, type=POWLAW -> ./input/random_graphs/graph_30_164_POWLAW_1632192924771168275.txt (Time: 0.00s)
✓ Generated graph n=30, m=164, seed=4552998297316576788, type=POWLAW -> ./input/random_graphs/graph_30_164_POWLAW_4552998297316576788.txt (Time: 0.00s)
✓ Generated graph n=30, m=164, seed=6802378520969450157, type=POWLAW -> ./input/random_graphs/graph_30_164_POWLAW_6802378520969450157.txt (Time: 0.00s)
✓ Generated graph n=30, m=164, seed=7706236040662210848, type=POWLAW -> ./input/random_graphs/graph_30_164_POWLAW_7706236040662210848.txt (Time: 0.00s)
✓ Generated graph n=30, m=164, seed=3272308573967577038, type=POWLAW -> ./input/random_graphs/graph_30_164_POWLAW_3272308573967577038.txt (Time: 0.00s)
✓ Generated graph n=30, m=164, seed=7161906730445628483, type=POWLAW -> ./input/random_graphs/graph_30_164_POWLAW_7161906730445628483.txt (Time: 0.00s)
✓ Generated graph n=30, m=164, seed=5349491008325879064, type=POWLAW -> ./input/random_graphs/graph_30_164_POWLAW_5349491008325879064.txt (Time: 0.00s)
✓ Generated graph n=30, m=164, seed=6143643868734370809, type=POWLAW -> ./input/random_graphs/graph_30_164_POWLAW_6143643868734370809.txt (Time: 0.00s)
✓ Generated graph n=30, m=164, seed=8031431416522537101, type=POWLAW -> ./input/random_graphs/graph_30_164_POWLAW_8031431416522537101.txt (Time: 0.00s)
✓ Generated graph n=30, m=164, seed=5636411189175451024, type=POWLAW -> ./input/random_graphs/graph_30_164_POWLAW_5636411189175451024.txt (Time: 0.00s)
✓ Generated graph n=30, m=164, seed=6614505080519948832, type=POWLAW -> ./input/random_graphs/graph_30_164_POWLAW_6614505080519948832.txt (Time: 0.00s)
✓ Generated graph n=30, m=164, seed=7921282862123281598, type=POWLAW -> ./input/random_graphs/graph_30_164_POWLAW_7921282862123281598.txt (Time: 0.00s)
✓ Generated graph n=30, m=164, seed=6224222471595207695, type=POWLAW -> ./input/random_graphs/graph_30_164_POWLAW_6224222471595207695.txt (Time: 0.00s)
✓ Generated graph n=30, m=164, seed=4445925461710302877, type=POWLAW -> ./input/random_graphs/graph_30_164_POWLAW_4445925461710302877.txt (Time: 0.00s)
✓ Generated graph n=30, m=164, seed=3865339568260874865, type=POWLAW -> ./input/random_graphs/graph_30_164_POWLAW_3865339568260874865.txt (Time: 0.00s)
✓ Generated graph n=30, m=164, seed=7917045922527545890, type=POWLAW -> ./input/random_graphs/graph_30_164_POWLAW_7917045922527545890.txt (Time: 0.00s)
✓ Generated graph n=30, m=164, seed=1128313391724783137, type=POWLAW -> ./input/random_graphs/graph_30_164_POWLAW_1128313391724783137.txt (Time: 0.00s)
✓ Generated graph n=30, m=164, seed=716820155901718944, type=POWLAW -> ./input/random_graphs/graph_30_164_POWLAW_716820155901718944.txt (Time: 0.00s)
✓ Generated graph n=30, m=164, seed=8718380604043999642, type=POWLAW -> ./input/random_graphs/graph_30_164_POWLAW_8718380604043999642.txt (Time: 0.00s)
✓ Generated graph n=30, m=164, seed=7938560551762094560, type=POWLAW -> ./input/random_graphs/graph_30_164_POWLAW_7938560551762094560.txt (Time: 0.01s)
✓ Generated graph n=30, m=164, seed=5063475852268941542, type=POWLAW -> ./input/random_graphs/graph_30_164_POWLAW_5063475852268941542.txt (Time: 0.00s)
✓ Generated graph n=30, m=164, seed=4997514996153925447, type=POWLAW -> ./input/random_graphs/graph_30_164_POWLAW_4997514996153925447.txt (Time: 0.00s)
✓ Generated graph n=30, m=164, seed=6529943913552561417, type=POWLAW -> ./input/random_graphs/graph_30_164_POWLAW_6529943913552561417.txt (Time: 0.00s)
✓ Generated graph n=30, m=164, seed=3817405844514670994, type=POWLAW -> ./input/random_graphs/graph_30_164_POWLAW_3817405844514670994.txt (Time: 0.00s)
✓ Generated graph n=30, m=164, seed=2909934787168262407, type=POWLAW -> ./input/random_graphs/graph_30_164_POWLAW_2909934787168262407.txt (Time: 0.00s)
✓ Generated graph n=30, m=164, seed=1170385908854608748, type=POWLAW -> ./input/random_graphs/graph_30_164_POWLAW_1170385908854608748.txt (Time: 0.00s)
✓ Generated graph n=30, m=164, seed=5108599054664628607, type=POWLAW -> ./input/random_graphs/graph_30_164_POWLAW_5108599054664628607.txt (Time: 0.00s)
✓ Generated graph n=30, m=164, seed=3713827327871807734, type=POWLAW -> ./input/random_graphs/graph_30_164_POWLAW_3713827327871807734.txt (Time: 0.00s)
✓ Generated graph n=30, m=164, seed=6022436717541034636, type=POWLAW -> ./input/random_graphs/graph_30_164_POWLAW_6022436717541034636.txt (Time: 0.00s)
✓ Generated graph n=30, m=164, seed=6764066939395682287, type=POWLAW -> ./input/random_graphs/graph_30_164_POWLAW_6764066939395682287.txt (Time: 0.00s)
✓ Generated graph n=30, m=164, seed=175493991617213850, type=POWLAW -> ./input/random_graphs/graph_30_164_POWLAW_175493991617213850.txt (Time: 0.00s)
✓ Generated graph n=30, m=164, seed=199422815561151340, type=POWLAW -> ./input/random_graphs/graph_30_164_POWLAW_199422815561151340.txt (Time: 0.00s)
✓ Generated graph n=30, m=164, seed=8446481348147407377, type=POWLAW -> ./input/random_graphs/graph_30_164_POWLAW_8446481348147407377.txt (Time: 0.00s)
✓ Generated graph n=30, m=164, seed=1458186392400727732, type=POWLAW -> ./input/random_graphs/graph_30_164_POWLAW_1458186392400727732.txt (Time: 0.00s)
✓ Generated graph n=30, m=164, seed=7644420139408884785, type=POWLAW -> ./input/random_graphs/graph_30_164_POWLAW_7644420139408884785.txt (Time: 0.00s)
✓ Generated graph n=30, m=164, seed=9130666990809746335, type=POWLAW -> ./input/random_graphs/graph_30_164_POWLAW_9130666990809746335.txt (Time: 0.00s)
✓ Generated graph n=30, m=164, seed=1392892770529522614, type=POWLAW -> ./input/random_graphs/graph_30_164_POWLAW_1392892770529522614.txt (Time: 0.00s)
✓ Generated graph n=30, m=164, seed=9060210648189963449, type=POWLAW -> ./input/random_graphs/graph_30_164_POWLAW_9060210648189963449.txt (Time: 0.00s)
✓ Generated graph n=30, m=164, seed=4250897495980125004, type=POWLAW -> ./input/random_graphs/graph_30_164_POWLAW_4250897495980125004.txt (Time: 0.00s)
✓ Generated graph n=30, m=164, seed=8794274795737982182, type=POWLAW -> ./input/random_graphs/graph_30_164_POWLAW_8794274795737982182.txt (Time: 0.00s)
✓ Generated graph n=30, m=164, seed=5497874167834979553, type=POWLAW -> ./input/random_graphs/graph_30_164_POWLAW_5497874167834979553.txt (Time: 0.00s)
✓ Generated graph n=30, m=164, seed=2089506265998900862, type=POWLAW -> ./input/random_graphs/graph_30_164_POWLAW_2089506265998900862.txt (Time: 0.00s)
✓ Generated graph n=30, m=164, seed=1722224698700348310, type=POWLAW -> ./input/random_graphs/graph_30_164_POWLAW_1722224698700348310.txt (Time: 0.00s)
✓ Generated graph n=30, m=164, seed=4060584409398689268, type=POWLAW -> ./input/random_graphs/graph_30_164_POWLAW_4060584409398689268.txt (Time: 0.00s)
✓ Generated graph n=30, m=164, seed=8626102704817790064, type=POWLAW -> ./input/random_graphs/graph_30_164_POWLAW_8626102704817790064.txt (Time: 0.00s)
✓ Generated graph n=30, m=164, seed=8448596294177070022, type=POWLAW -> ./input/random_graphs/graph_30_164_POWLAW_8448596294177070022.txt (Time: 0.00s)
✓ Generated graph n=30, m=164, seed=2718103348384927511, type=POWLAW -> ./input/random_graphs/graph_30_164_POWLAW_2718103348384927511.txt (Time: 0.00s)
✓ Generated graph n=30, m=164, seed=4934890601268679176, type=POWLAW -> ./input/random_graphs/graph_30_164_POWLAW_4934890601268679176.txt (Time: 0.00s)
✓ Generated graph n=30, m=164, seed=3221421291694197220, type=POWLAW -> ./input/random_graphs/graph_30_164_POWLAW_3221421291694197220.txt (Time: 0.00s)
✓ Generated graph n=30, m=164, seed=7449662661572224354, type=POWLAW -> ./input/random_graphs/graph_30_164_POWLAW_7449662661572224354.txt (Time: 0.00s)
✓ Generated graph n=30, m=164, seed=1332005502874566195, type=POWLAW -> ./input/random_graphs/graph_30_164_POWLAW_1332005502874566195.txt (Time: 0.00s)
✓ Generated graph n=30, m=164, seed=8867616339855336876, type=POWLAW -> ./input/random_graphs/graph_30_164_POWLAW_8867616339855336876.txt (Time: 0.00s)
✓ Generated graph n=30, m=164, seed=7983805977214098674, type=POWLAW -> ./input/random_graphs/graph_30_164_POWLAW_7983805977214098674.txt (Time: 0.00s)
✓ Generated graph n=30, m=164, seed=9059990922233379852, type=POWLAW -> ./input/random_graphs/graph_30_164_POWLAW_9059990922233379852.txt (Time: 0.00s)
✓ Generated graph n=30, m=164, seed=7905487461282246979, type=POWLAW -> ./input/random_graphs/graph_30_164_POWLAW_7905487461282246979.txt (Time: 0.00s)
✓ Generated graph n=30, m=164, seed=1992204328026194281, type=POWLAW -> ./input/random_graphs/graph_30_164_POWLAW_1992204328026194281.txt (Time: 0.00s)
✓ Generated graph n=30, m=164, seed=4795749165124911768, type=POWLAW -> ./input/random_graphs/graph_30_164_POWLAW_4795749165124911768.txt (Time: 0.00s)
✓ Generated graph n=30, m=164, seed=5894893360759659423, type=POWLAW -> ./input/random_graphs/graph_30_164_POWLAW_5894893360759659423.txt (Time: 0.00s)
✓ Generated graph n=30, m=164, seed=7118744415197196276, type=POWLAW -> ./input/random_graphs/graph_30_164_POWLAW_7118744415197196276.txt (Time: 0.00s)
✓ Generated graph n=30, m=164, seed=4940913311242578590, type=POWLAW -> ./input/random_graphs/graph_30_164_POWLAW_4940913311242578590.txt (Time: 0.00s)
✓ Generated graph n=30, m=164, seed=2264398621601381987, type=POWLAW -> ./input/random_graphs/graph_30_164_POWLAW_2264398621601381987.txt (Time: 0.00s)
✓ Generated graph n=40, m=252, seed=7871178979383552919, type=POWLAW -> ./input/random_graphs/graph_40_252_POWLAW_7871178979383552919.txt (Time: 0.00s)
✓ Generated graph n=40, m=252, seed=6230961512046992311, type=POWLAW -> ./input/random_graphs/graph_40_252_POWLAW_6230961512046992311.txt (Time: 0.00s)
✓ Generated graph n=30, m=164, seed=7632458674696225362, type=POWLAW -> ./input/random_graphs/graph_30_164_POWLAW_7632458674696225362.txt (Time: 0.00s)
✓ Generated graph n=40, m=252, seed=5739955973604961613, type=POWLAW -> ./input/random_graphs/graph_40_252_POWLAW_5739955973604961613.txt (Time: 0.00s)
✓ Generated graph n=40, m=252, seed=3881801951614183357, type=POWLAW -> ./input/random_graphs/graph_40_252_POWLAW_3881801951614183357.txt (Time: 0.00s)
✓ Generated graph n=40, m=252, seed=7599700178212337699, type=POWLAW -> ./input/random_graphs/graph_40_252_POWLAW_7599700178212337699.txt (Time: 0.00s)
✓ Generated graph n=40, m=252, seed=1070244953599069350, type=POWLAW -> ./input/random_graphs/graph_40_252_POWLAW_1070244953599069350.txt (Time: 0.00s)
✓ Generated graph n=40, m=252, seed=1353182403971399009, type=POWLAW -> ./input/random_graphs/graph_40_252_POWLAW_1353182403971399009.txt (Time: 0.00s)
✓ Generated graph n=40, m=252, seed=2429002973740178792, type=POWLAW -> ./input/random_graphs/graph_40_252_POWLAW_2429002973740178792.txt (Time: 0.00s)
✓ Generated graph n=40, m=252, seed=6522163754831416203, type=POWLAW -> ./input/random_graphs/graph_40_252_POWLAW_6522163754831416203.txt (Time: 0.00s)
✓ Generated graph n=40, m=252, seed=1250005700364523649, type=POWLAW -> ./input/random_graphs/graph_40_252_POWLAW_1250005700364523649.txt (Time: 0.00s)
✓ Generated graph n=40, m=252, seed=7032710160631691991, type=POWLAW -> ./input/random_graphs/graph_40_252_POWLAW_7032710160631691991.txt (Time: 0.00s)
✓ Generated graph n=40, m=252, seed=6938562734920028532, type=POWLAW -> ./input/random_graphs/graph_40_252_POWLAW_6938562734920028532.txt (Time: 0.00s)
✓ Generated graph n=40, m=252, seed=7663871783842725848, type=POWLAW -> ./input/random_graphs/graph_40_252_POWLAW_7663871783842725848.txt (Time: 0.00s)
✓ Generated graph n=40, m=252, seed=5906957480796939447, type=POWLAW -> ./input/random_graphs/graph_40_252_POWLAW_5906957480796939447.txt (Time: 0.00s)
✓ Generated graph n=40, m=252, seed=1309542850049879452, type=POWLAW -> ./input/random_graphs/graph_40_252_POWLAW_1309542850049879452.txt (Time: 0.00s)
✓ Generated graph n=40, m=252, seed=320375091487821987, type=POWLAW -> ./input/random_graphs/graph_40_252_POWLAW_320375091487821987.txt (Time: 0.00s)
✓ Generated graph n=40, m=252, seed=4040737767143389431, type=POWLAW -> ./input/random_graphs/graph_40_252_POWLAW_4040737767143389431.txt (Time: 0.00s)
✓ Generated graph n=40, m=252, seed=1250773459040295677, type=POWLAW -> ./input/random_graphs/graph_40_252_POWLAW_1250773459040295677.txt (Time: 0.00s)
✓ Generated graph n=40, m=252, seed=3438400432146115956, type=POWLAW -> ./input/random_graphs/graph_40_252_POWLAW_3438400432146115956.txt (Time: 0.00s)
✓ Generated graph n=40, m=252, seed=7473196763798409428, type=POWLAW -> ./input/random_graphs/graph_40_252_POWLAW_7473196763798409428.txt (Time: 0.00s)
✓ Generated graph n=40, m=252, seed=5139481885857321791, type=POWLAW -> ./input/random_graphs/graph_40_252_POWLAW_5139481885857321791.txt (Time: 0.00s)
✓ Generated graph n=40, m=252, seed=7146860528564146064, type=POWLAW -> ./input/random_graphs/graph_40_252_POWLAW_7146860528564146064.txt (Time: 0.00s)
✓ Generated graph n=40, m=252, seed=3010622984418968408, type=POWLAW -> ./input/random_graphs/graph_40_252_POWLAW_3010622984418968408.txt (Time: 0.00s)
✓ Generated graph n=40, m=252, seed=5708372698381010775, type=POWLAW -> ./input/random_graphs/graph_40_252_POWLAW_5708372698381010775.txt (Time: 0.00s)
✓ Generated graph n=40, m=252, seed=6002685213311538187, type=POWLAW -> ./input/random_graphs/graph_40_252_POWLAW_6002685213311538187.txt (Time: 0.00s)
✓ Generated graph n=40, m=252, seed=5142811650494845597, type=POWLAW -> ./input/random_graphs/graph_40_252_POWLAW_5142811650494845597.txt (Time: 0.00s)
✓ Generated graph n=40, m=252, seed=521787134863155063, type=POWLAW -> ./input/random_graphs/graph_40_252_POWLAW_521787134863155063.txt (Time: 0.00s)
✓ Generated graph n=40, m=252, seed=7029781962072644698, type=POWLAW -> ./input/random_graphs/graph_40_252_POWLAW_7029781962072644698.txt (Time: 0.00s)
✓ Generated graph n=40, m=252, seed=5529616217668449934, type=POWLAW -> ./input/random_graphs/graph_40_252_POWLAW_5529616217668449934.txt (Time: 0.00s)
✓ Generated graph n=40, m=252, seed=1853590723603270879, type=POWLAW -> ./input/random_graphs/graph_40_252_POWLAW_1853590723603270879.txt (Time: 0.00s)
✓ Generated graph n=40, m=252, seed=1731523882129807996, type=POWLAW -> ./input/random_graphs/graph_40_252_POWLAW_1731523882129807996.txt (Time: 0.00s)
✓ Generated graph n=40, m=252, seed=6785030173969523435, type=POWLAW -> ./input/random_graphs/graph_40_252_POWLAW_6785030173969523435.txt (Time: 0.00s)
✓ Generated graph n=40, m=252, seed=3224265581699847191, type=POWLAW -> ./input/random_graphs/graph_40_252_POWLAW_3224265581699847191.txt (Time: 0.00s)
✓ Generated graph n=40, m=252, seed=1024517563182776983, type=POWLAW -> ./input/random_graphs/graph_40_252_POWLAW_1024517563182776983.txt (Time: 0.00s)
✓ Generated graph n=40, m=252, seed=7706236040662210848, type=POWLAW -> ./input/random_graphs/graph_40_252_POWLAW_7706236040662210848.txt (Time: 0.00s)
✓ Generated graph n=40, m=252, seed=1632192924771168275, type=POWLAW -> ./input/random_graphs/graph_40_252_POWLAW_1632192924771168275.txt (Time: 0.00s)
✓ Generated graph n=40, m=252, seed=4122784633514911760, type=POWLAW -> ./input/random_graphs/graph_40_252_POWLAW_4122784633514911760.txt (Time: 0.00s)
✓ Generated graph n=40, m=252, seed=5258051056098597521, type=POWLAW -> ./input/random_graphs/graph_40_252_POWLAW_5258051056098597521.txt (Time: 0.00s)
✓ Generated graph n=40, m=252, seed=7161906730445628483, type=POWLAW -> ./input/random_graphs/graph_40_252_POWLAW_7161906730445628483.txt (Time: 0.00s)
✓ Generated graph n=40, m=252, seed=6802378520969450157, type=POWLAW -> ./input/random_graphs/graph_40_252_POWLAW_6802378520969450157.txt (Time: 0.00s)
✓ Generated graph n=40, m=252, seed=824387247617288499, type=POWLAW -> ./input/random_graphs/graph_40_252_POWLAW_824387247617288499.txt (Time: 0.00s)
✓ Generated graph n=40, m=252, seed=4552998297316576788, type=POWLAW -> ./input/random_graphs/graph_40_252_POWLAW_4552998297316576788.txt (Time: 0.00s)
✓ Generated graph n=40, m=252, seed=1647170069535670909, type=POWLAW -> ./input/random_graphs/graph_40_252_POWLAW_1647170069535670909.txt (Time: 0.00s)
✓ Generated graph n=40, m=252, seed=3272308573967577038, type=POWLAW -> ./input/random_graphs/graph_40_252_POWLAW_3272308573967577038.txt (Time: 0.00s)
✓ Generated graph n=40, m=252, seed=5636411189175451024, type=POWLAW -> ./input/random_graphs/graph_40_252_POWLAW_5636411189175451024.txt (Time: 0.00s)
✓ Generated graph n=40, m=252, seed=8031431416522537101, type=POWLAW -> ./input/random_graphs/graph_40_252_POWLAW_8031431416522537101.txt (Time: 0.00s)
✓ Generated graph n=40, m=252, seed=6143643868734370809, type=POWLAW -> ./input/random_graphs/graph_40_252_POWLAW_6143643868734370809.txt (Time: 0.00s)
✓ Generated graph n=40, m=252, seed=5349491008325879064, type=POWLAW -> ./input/random_graphs/graph_40_252_POWLAW_5349491008325879064.txt (Time: 0.00s)
✓ Generated graph n=40, m=252, seed=4445925461710302877, type=POWLAW -> ./input/random_graphs/graph_40_252_POWLAW_4445925461710302877.txt (Time: 0.00s)
✓ Generated graph n=40, m=252, seed=7917045922527545890, type=POWLAW -> ./input/random_graphs/graph_40_252_POWLAW_7917045922527545890.txt (Time: 0.00s)
✓ Generated graph n=40, m=252, seed=7938560551762094560, type=POWLAW -> ./input/random_graphs/graph_40_252_POWLAW_7938560551762094560.txt (Time: 0.00s)
✓ Generated graph n=40, m=252, seed=6614505080519948832, type=POWLAW -> ./input/random_graphs/graph_40_252_POWLAW_6614505080519948832.txt (Time: 0.00s)
✓ Generated graph n=40, m=252, seed=3865339568260874865, type=POWLAW -> ./input/random_graphs/graph_40_252_POWLAW_3865339568260874865.txt (Time: 0.00s)
✓ Generated graph n=40, m=252, seed=6224222471595207695, type=POWLAW -> ./input/random_graphs/graph_40_252_POWLAW_6224222471595207695.txt (Time: 0.00s)
✓ Generated graph n=40, m=252, seed=7921282862123281598, type=POWLAW -> ./input/random_graphs/graph_40_252_POWLAW_7921282862123281598.txt (Time: 0.00s)
✓ Generated graph n=40, m=252, seed=1128313391724783137, type=POWLAW -> ./input/random_graphs/graph_40_252_POWLAW_1128313391724783137.txt (Time: 0.00s)
✓ Generated graph n=40, m=252, seed=8718380604043999642, type=POWLAW -> ./input/random_graphs/graph_40_252_POWLAW_8718380604043999642.txt (Time: 0.00s)
✓ Generated graph n=40, m=252, seed=5063475852268941542, type=POWLAW -> ./input/random_graphs/graph_40_252_POWLAW_5063475852268941542.txt (Time: 0.00s)
✓ Generated graph n=40, m=252, seed=4997514996153925447, type=POWLAW -> ./input/random_graphs/graph_40_252_POWLAW_4997514996153925447.txt (Time: 0.00s)
✓ Generated graph n=40, m=252, seed=3817405844514670994, type=POWLAW -> ./input/random_graphs/graph_40_252_POWLAW_3817405844514670994.txt (Time: 0.00s)
✓ Generated graph n=40, m=252, seed=716820155901718944, type=POWLAW -> ./input/random_graphs/graph_40_252_POWLAW_716820155901718944.txt (Time: 0.00s)
✓ Generated graph n=40, m=252, seed=6529943913552561417, type=POWLAW -> ./input/random_graphs/graph_40_252_POWLAW_6529943913552561417.txt (Time: 0.00s)
✓ Generated graph n=40, m=252, seed=2909934787168262407, type=POWLAW -> ./input/random_graphs/graph_40_252_POWLAW_2909934787168262407.txt (Time: 0.00s)
✓ Generated graph n=40, m=252, seed=1170385908854608748, type=POWLAW -> ./input/random_graphs/graph_40_252_POWLAW_1170385908854608748.txt (Time: 0.00s)
✓ Generated graph n=40, m=252, seed=6022436717541034636, type=POWLAW -> ./input/random_graphs/graph_40_252_POWLAW_6022436717541034636.txt (Time: 0.00s)
✓ Generated graph n=40, m=252, seed=199422815561151340, type=POWLAW -> ./input/random_graphs/graph_40_252_POWLAW_199422815561151340.txt (Time: 0.00s)
✓ Generated graph n=40, m=252, seed=3713827327871807734, type=POWLAW -> ./input/random_graphs/graph_40_252_POWLAW_3713827327871807734.txt (Time: 0.00s)
✓ Generated graph n=40, m=252, seed=175493991617213850, type=POWLAW -> ./input/random_graphs/graph_40_252_POWLAW_175493991617213850.txt (Time: 0.00s)
✓ Generated graph n=40, m=252, seed=8446481348147407377, type=POWLAW -> ./input/random_graphs/graph_40_252_POWLAW_8446481348147407377.txt (Time: 0.00s)
✓ Generated graph n=40, m=252, seed=5108599054664628607, type=POWLAW -> ./input/random_graphs/graph_40_252_POWLAW_5108599054664628607.txt (Time: 0.00s)
✓ Generated graph n=40, m=252, seed=9130666990809746335, type=POWLAW -> ./input/random_graphs/graph_40_252_POWLAW_9130666990809746335.txt (Time: 0.00s)
✓ Generated graph n=40, m=252, seed=6764066939395682287, type=POWLAW -> ./input/random_graphs/graph_40_252_POWLAW_6764066939395682287.txt (Time: 0.00s)
✓ Generated graph n=40, m=252, seed=7644420139408884785, type=POWLAW -> ./input/random_graphs/graph_40_252_POWLAW_7644420139408884785.txt (Time: 0.00s)
✓ Generated graph n=40, m=252, seed=1458186392400727732, type=POWLAW -> ./input/random_graphs/graph_40_252_POWLAW_1458186392400727732.txt (Time: 0.00s)
✓ Generated graph n=40, m=252, seed=1392892770529522614, type=POWLAW -> ./input/random_graphs/graph_40_252_POWLAW_1392892770529522614.txt (Time: 0.00s)
✓ Generated graph n=40, m=252, seed=9060210648189963449, type=POWLAW -> ./input/random_graphs/graph_40_252_POWLAW_9060210648189963449.txt (Time: 0.00s)
✓ Generated graph n=40, m=252, seed=4250897495980125004, type=POWLAW -> ./input/random_graphs/graph_40_252_POWLAW_4250897495980125004.txt (Time: 0.00s)
✓ Generated graph n=40, m=252, seed=2089506265998900862, type=POWLAW -> ./input/random_graphs/graph_40_252_POWLAW_2089506265998900862.txt (Time: 0.00s)
✓ Generated graph n=40, m=252, seed=8794274795737982182, type=POWLAW -> ./input/random_graphs/graph_40_252_POWLAW_8794274795737982182.txt (Time: 0.00s)
✓ Generated graph n=40, m=252, seed=1332005502874566195, type=POWLAW -> ./input/random_graphs/graph_40_252_POWLAW_1332005502874566195.txt (Time: 0.00s)
✓ Generated graph n=40, m=252, seed=4060584409398689268, type=POWLAW -> ./input/random_graphs/graph_40_252_POWLAW_4060584409398689268.txt (Time: 0.00s)
✓ Generated graph n=40, m=252, seed=5497874167834979553, type=POWLAW -> ./input/random_graphs/graph_40_252_POWLAW_5497874167834979553.txt (Time: 0.00s)
✓ Generated graph n=40, m=252, seed=8448596294177070022, type=POWLAW -> ./input/random_graphs/graph_40_252_POWLAW_8448596294177070022.txt (Time: 0.00s)
✓ Generated graph n=40, m=252, seed=1722224698700348310, type=POWLAW -> ./input/random_graphs/graph_40_252_POWLAW_1722224698700348310.txt (Time: 0.00s)
✓ Generated graph n=40, m=252, seed=7905487461282246979, type=POWLAW -> ./input/random_graphs/graph_40_252_POWLAW_7905487461282246979.txt (Time: 0.00s)
✓ Generated graph n=40, m=252, seed=8626102704817790064, type=POWLAW -> ./input/random_graphs/graph_40_252_POWLAW_8626102704817790064.txt (Time: 0.00s)
✓ Generated graph n=40, m=252, seed=4934890601268679176, type=POWLAW -> ./input/random_graphs/graph_40_252_POWLAW_4934890601268679176.txt (Time: 0.00s)
✓ Generated graph n=40, m=252, seed=1992204328026194281, type=POWLAW -> ./input/random_graphs/graph_40_252_POWLAW_1992204328026194281.txt (Time: 0.00s)
✓ Generated graph n=40, m=252, seed=7118744415197196276, type=POWLAW -> ./input/random_graphs/graph_40_252_POWLAW_7118744415197196276.txt (Time: 0.00s)
✓ Generated graph n=40, m=252, seed=4795749165124911768, type=POWLAW -> ./input/random_graphs/graph_40_252_POWLAW_4795749165124911768.txt (Time: 0.00s)
✓ Generated graph n=40, m=252, seed=9059990922233379852, type=POWLAW -> ./input/random_graphs/graph_40_252_POWLAW_9059990922233379852.txt (Time: 0.00s)
✓ Generated graph n=40, m=252, seed=7449662661572224354, type=POWLAW -> ./input/random_graphs/graph_40_252_POWLAW_7449662661572224354.txt (Time: 0.00s)
✓ Generated graph n=40, m=252, seed=8867616339855336876, type=POWLAW -> ./input/random_graphs/graph_40_252_POWLAW_8867616339855336876.txt (Time: 0.00s)
✓ Generated graph n=40, m=252, seed=7983805977214098674, type=POWLAW -> ./input/random_graphs/graph_40_252_POWLAW_7983805977214098674.txt (Time: 0.00s)
✓ Generated graph n=40, m=252, seed=3221421291694197220, type=POWLAW -> ./input/random_graphs/graph_40_252_POWLAW_3221421291694197220.txt (Time: 0.00s)
✓ Generated graph n=40, m=252, seed=2718103348384927511, type=POWLAW -> ./input/random_graphs/graph_40_252_POWLAW_2718103348384927511.txt (Time: 0.00s)
✓ Generated graph n=40, m=252, seed=5894893360759659423, type=POWLAW -> ./input/random_graphs/graph_40_252_POWLAW_5894893360759659423.txt (Time: 0.00s)
✓ Generated graph n=40, m=252, seed=4940913311242578590, type=POWLAW -> ./input/random_graphs/graph_40_252_POWLAW_4940913311242578590.txt (Time: 0.00s)
✓ Generated graph n=50, m=353, seed=7871178979383552919, type=POWLAW -> ./input/random_graphs/graph_50_353_POWLAW_7871178979383552919.txt (Time: 0.00s)
✓ Generated graph n=40, m=252, seed=7632458674696225362, type=POWLAW -> ./input/random_graphs/graph_40_252_POWLAW_7632458674696225362.txt (Time: 0.00s)
✓ Generated graph n=50, m=353, seed=6230961512046992311, type=POWLAW -> ./input/random_graphs/graph_50_353_POWLAW_6230961512046992311.txt (Time: 0.00s)
✓ Generated graph n=50, m=353, seed=5739955973604961613, type=POWLAW -> ./input/random_graphs/graph_50_353_POWLAW_5739955973604961613.txt (Time: 0.00s)
✓ Generated graph n=50, m=353, seed=7032710160631691991, type=POWLAW -> ./input/random_graphs/graph_50_353_POWLAW_7032710160631691991.txt (Time: 0.00s)
✓ Generated graph n=40, m=252, seed=2264398621601381987, type=POWLAW -> ./input/random_graphs/graph_40_252_POWLAW_2264398621601381987.txt (Time: 0.00s)
✓ Generated graph n=50, m=353, seed=3881801951614183357, type=POWLAW -> ./input/random_graphs/graph_50_353_POWLAW_3881801951614183357.txt (Time: 0.00s)
✓ Generated graph n=50, m=353, seed=1353182403971399009, type=POWLAW -> ./input/random_graphs/graph_50_353_POWLAW_1353182403971399009.txt (Time: 0.00s)
✓ Generated graph n=50, m=353, seed=1070244953599069350, type=POWLAW -> ./input/random_graphs/graph_50_353_POWLAW_1070244953599069350.txt (Time: 0.00s)
✓ Generated graph n=50, m=353, seed=7599700178212337699, type=POWLAW -> ./input/random_graphs/graph_50_353_POWLAW_7599700178212337699.txt (Time: 0.00s)
✓ Generated graph n=50, m=353, seed=4040737767143389431, type=POWLAW -> ./input/random_graphs/graph_50_353_POWLAW_4040737767143389431.txt (Time: 0.00s)
✓ Generated graph n=50, m=353, seed=6522163754831416203, type=POWLAW -> ./input/random_graphs/graph_50_353_POWLAW_6522163754831416203.txt (Time: 0.00s)
✓ Generated graph n=50, m=353, seed=6938562734920028532, type=POWLAW -> ./input/random_graphs/graph_50_353_POWLAW_6938562734920028532.txt (Time: 0.00s)
✓ Generated graph n=50, m=353, seed=1250005700364523649, type=POWLAW -> ./input/random_graphs/graph_50_353_POWLAW_1250005700364523649.txt (Time: 0.00s)
✓ Generated graph n=50, m=353, seed=2429002973740178792, type=POWLAW -> ./input/random_graphs/graph_50_353_POWLAW_2429002973740178792.txt (Time: 0.00s)
✓ Generated graph n=50, m=353, seed=320375091487821987, type=POWLAW -> ./input/random_graphs/graph_50_353_POWLAW_320375091487821987.txt (Time: 0.00s)
✓ Generated graph n=50, m=353, seed=5906957480796939447, type=POWLAW -> ./input/random_graphs/graph_50_353_POWLAW_5906957480796939447.txt (Time: 0.00s)
✓ Generated graph n=50, m=353, seed=1250773459040295677, type=POWLAW -> ./input/random_graphs/graph_50_353_POWLAW_1250773459040295677.txt (Time: 0.00s)
✓ Generated graph n=50, m=353, seed=7663871783842725848, type=POWLAW -> ./input/random_graphs/graph_50_353_POWLAW_7663871783842725848.txt (Time: 0.00s)
✓ Generated graph n=50, m=353, seed=3438400432146115956, type=POWLAW -> ./input/random_graphs/graph_50_353_POWLAW_3438400432146115956.txt (Time: 0.00s)
✓ Generated graph n=50, m=353, seed=7146860528564146064, type=POWLAW -> ./input/random_graphs/graph_50_353_POWLAW_7146860528564146064.txt (Time: 0.00s)
✓ Generated graph n=50, m=353, seed=1309542850049879452, type=POWLAW -> ./input/random_graphs/graph_50_353_POWLAW_1309542850049879452.txt (Time: 0.00s)
✓ Generated graph n=50, m=353, seed=7473196763798409428, type=POWLAW -> ./input/random_graphs/graph_50_353_POWLAW_7473196763798409428.txt (Time: 0.00s)
✓ Generated graph n=50, m=353, seed=5142811650494845597, type=POWLAW -> ./input/random_graphs/graph_50_353_POWLAW_5142811650494845597.txt (Time: 0.00s)
✓ Generated graph n=50, m=353, seed=3010622984418968408, type=POWLAW -> ./input/random_graphs/graph_50_353_POWLAW_3010622984418968408.txt (Time: 0.00s)
✓ Generated graph n=50, m=353, seed=5139481885857321791, type=POWLAW -> ./input/random_graphs/graph_50_353_POWLAW_5139481885857321791.txt (Time: 0.00s)
✓ Generated graph n=50, m=353, seed=6002685213311538187, type=POWLAW -> ./input/random_graphs/graph_50_353_POWLAW_6002685213311538187.txt (Time: 0.00s)
✓ Generated graph n=50, m=353, seed=5708372698381010775, type=POWLAW -> ./input/random_graphs/graph_50_353_POWLAW_5708372698381010775.txt (Time: 0.00s)
✓ Generated graph n=50, m=353, seed=1853590723603270879, type=POWLAW -> ./input/random_graphs/graph_50_353_POWLAW_1853590723603270879.txt (Time: 0.00s)
✓ Generated graph n=50, m=353, seed=521787134863155063, type=POWLAW -> ./input/random_graphs/graph_50_353_POWLAW_521787134863155063.txt (Time: 0.00s)
✓ Generated graph n=50, m=353, seed=7029781962072644698, type=POWLAW -> ./input/random_graphs/graph_50_353_POWLAW_7029781962072644698.txt (Time: 0.00s)
✓ Generated graph n=50, m=353, seed=5529616217668449934, type=POWLAW -> ./input/random_graphs/graph_50_353_POWLAW_5529616217668449934.txt (Time: 0.00s)
✓ Generated graph n=50, m=353, seed=1731523882129807996, type=POWLAW -> ./input/random_graphs/graph_50_353_POWLAW_1731523882129807996.txt (Time: 0.00s)
✓ Generated graph n=50, m=353, seed=6785030173969523435, type=POWLAW -> ./input/random_graphs/graph_50_353_POWLAW_6785030173969523435.txt (Time: 0.00s)
✓ Generated graph n=50, m=353, seed=1647170069535670909, type=POWLAW -> ./input/random_graphs/graph_50_353_POWLAW_1647170069535670909.txt (Time: 0.00s)
✓ Generated graph n=50, m=353, seed=1024517563182776983, type=POWLAW -> ./input/random_graphs/graph_50_353_POWLAW_1024517563182776983.txt (Time: 0.00s)
✓ Generated graph n=50, m=353, seed=5258051056098597521, type=POWLAW -> ./input/random_graphs/graph_50_353_POWLAW_5258051056098597521.txt (Time: 0.00s)
✓ Generated graph n=50, m=353, seed=824387247617288499, type=POWLAW -> ./input/random_graphs/graph_50_353_POWLAW_824387247617288499.txt (Time: 0.00s)
✓ Generated graph n=50, m=353, seed=7706236040662210848, type=POWLAW -> ./input/random_graphs/graph_50_353_POWLAW_7706236040662210848.txt (Time: 0.00s)
✓ Generated graph n=50, m=353, seed=1632192924771168275, type=POWLAW -> ./input/random_graphs/graph_50_353_POWLAW_1632192924771168275.txt (Time: 0.00s)
✓ Generated graph n=50, m=353, seed=3224265581699847191, type=POWLAW -> ./input/random_graphs/graph_50_353_POWLAW_3224265581699847191.txt (Time: 0.00s)
✓ Generated graph n=50, m=353, seed=7161906730445628483, type=POWLAW -> ./input/random_graphs/graph_50_353_POWLAW_7161906730445628483.txt (Time: 0.00s)
✓ Generated graph n=50, m=353, seed=3272308573967577038, type=POWLAW -> ./input/random_graphs/graph_50_353_POWLAW_3272308573967577038.txt (Time: 0.00s)
✓ Generated graph n=50, m=353, seed=8031431416522537101, type=POWLAW -> ./input/random_graphs/graph_50_353_POWLAW_8031431416522537101.txt (Time: 0.00s)
✓ Generated graph n=50, m=353, seed=4552998297316576788, type=POWLAW -> ./input/random_graphs/graph_50_353_POWLAW_4552998297316576788.txt (Time: 0.00s)
✓ Generated graph n=50, m=353, seed=6802378520969450157, type=POWLAW -> ./input/random_graphs/graph_50_353_POWLAW_6802378520969450157.txt (Time: 0.00s)
✓ Generated graph n=50, m=353, seed=5636411189175451024, type=POWLAW -> ./input/random_graphs/graph_50_353_POWLAW_5636411189175451024.txt (Time: 0.00s)
✓ Generated graph n=50, m=353, seed=6143643868734370809, type=POWLAW -> ./input/random_graphs/graph_50_353_POWLAW_6143643868734370809.txt (Time: 0.00s)
✓ Generated graph n=50, m=353, seed=4122784633514911760, type=POWLAW -> ./input/random_graphs/graph_50_353_POWLAW_4122784633514911760.txt (Time: 0.01s)
✓ Generated graph n=50, m=353, seed=5349491008325879064, type=POWLAW -> ./input/random_graphs/graph_50_353_POWLAW_5349491008325879064.txt (Time: 0.00s)
✓ Generated graph n=50, m=353, seed=6614505080519948832, type=POWLAW -> ./input/random_graphs/graph_50_353_POWLAW_6614505080519948832.txt (Time: 0.00s)
✓ Generated graph n=50, m=353, seed=7938560551762094560, type=POWLAW -> ./input/random_graphs/graph_50_353_POWLAW_7938560551762094560.txt (Time: 0.00s)
✓ Generated graph n=50, m=353, seed=7917045922527545890, type=POWLAW -> ./input/random_graphs/graph_50_353_POWLAW_7917045922527545890.txt (Time: 0.00s)
✓ Generated graph n=50, m=353, seed=4445925461710302877, type=POWLAW -> ./input/random_graphs/graph_50_353_POWLAW_4445925461710302877.txt (Time: 0.00s)
✓ Generated graph n=50, m=353, seed=6224222471595207695, type=POWLAW -> ./input/random_graphs/graph_50_353_POWLAW_6224222471595207695.txt (Time: 0.00s)
✓ Generated graph n=50, m=353, seed=7921282862123281598, type=POWLAW -> ./input/random_graphs/graph_50_353_POWLAW_7921282862123281598.txt (Time: 0.00s)
✓ Generated graph n=50, m=353, seed=1128313391724783137, type=POWLAW -> ./input/random_graphs/graph_50_353_POWLAW_1128313391724783137.txt (Time: 0.00s)
✓ Generated graph n=50, m=353, seed=3865339568260874865, type=POWLAW -> ./input/random_graphs/graph_50_353_POWLAW_3865339568260874865.txt (Time: 0.00s)
✓ Generated graph n=50, m=353, seed=716820155901718944, type=POWLAW -> ./input/random_graphs/graph_50_353_POWLAW_716820155901718944.txt (Time: 0.00s)
✓ Generated graph n=50, m=353, seed=8718380604043999642, type=POWLAW -> ./input/random_graphs/graph_50_353_POWLAW_8718380604043999642.txt (Time: 0.00s)
✓ Generated graph n=50, m=353, seed=5063475852268941542, type=POWLAW -> ./input/random_graphs/graph_50_353_POWLAW_5063475852268941542.txt (Time: 0.00s)
✓ Generated graph n=50, m=353, seed=4997514996153925447, type=POWLAW -> ./input/random_graphs/graph_50_353_POWLAW_4997514996153925447.txt (Time: 0.00s)
✓ Generated graph n=50, m=353, seed=8446481348147407377, type=POWLAW -> ./input/random_graphs/graph_50_353_POWLAW_8446481348147407377.txt (Time: 0.00s)
✓ Generated graph n=50, m=353, seed=3817405844514670994, type=POWLAW -> ./input/random_graphs/graph_50_353_POWLAW_3817405844514670994.txt (Time: 0.00s)
✓ Generated graph n=50, m=353, seed=6529943913552561417, type=POWLAW -> ./input/random_graphs/graph_50_353_POWLAW_6529943913552561417.txt (Time: 0.00s)
✓ Generated graph n=50, m=353, seed=2909934787168262407, type=POWLAW -> ./input/random_graphs/graph_50_353_POWLAW_2909934787168262407.txt (Time: 0.00s)
✓ Generated graph n=50, m=353, seed=1170385908854608748, type=POWLAW -> ./input/random_graphs/graph_50_353_POWLAW_1170385908854608748.txt (Time: 0.00s)
✓ Generated graph n=50, m=353, seed=3713827327871807734, type=POWLAW -> ./input/random_graphs/graph_50_353_POWLAW_3713827327871807734.txt (Time: 0.00s)
✓ Generated graph n=50, m=353, seed=199422815561151340, type=POWLAW -> ./input/random_graphs/graph_50_353_POWLAW_199422815561151340.txt (Time: 0.00s)
✓ Generated graph n=50, m=353, seed=5108599054664628607, type=POWLAW -> ./input/random_graphs/graph_50_353_POWLAW_5108599054664628607.txt (Time: 0.00s)
✓ Generated graph n=50, m=353, seed=175493991617213850, type=POWLAW -> ./input/random_graphs/graph_50_353_POWLAW_175493991617213850.txt (Time: 0.00s)
✓ Generated graph n=50, m=353, seed=6022436717541034636, type=POWLAW -> ./input/random_graphs/graph_50_353_POWLAW_6022436717541034636.txt (Time: 0.00s)
✓ Generated graph n=50, m=353, seed=6764066939395682287, type=POWLAW -> ./input/random_graphs/graph_50_353_POWLAW_6764066939395682287.txt (Time: 0.00s)
✓ Generated graph n=50, m=353, seed=9130666990809746335, type=POWLAW -> ./input/random_graphs/graph_50_353_POWLAW_9130666990809746335.txt (Time: 0.00s)
✓ Generated graph n=50, m=353, seed=7644420139408884785, type=POWLAW -> ./input/random_graphs/graph_50_353_POWLAW_7644420139408884785.txt (Time: 0.00s)
✓ Generated graph n=50, m=353, seed=9060210648189963449, type=POWLAW -> ./input/random_graphs/graph_50_353_POWLAW_9060210648189963449.txt (Time: 0.00s)
✓ Generated graph n=50, m=353, seed=4250897495980125004, type=POWLAW -> ./input/random_graphs/graph_50_353_POWLAW_4250897495980125004.txt (Time: 0.00s)
✓ Generated graph n=50, m=353, seed=1392892770529522614, type=POWLAW -> ./input/random_graphs/graph_50_353_POWLAW_1392892770529522614.txt (Time: 0.00s)
✓ Generated graph n=50, m=353, seed=8794274795737982182, type=POWLAW -> ./input/random_graphs/graph_50_353_POWLAW_8794274795737982182.txt (Time: 0.00s)
✓ Generated graph n=50, m=353, seed=5497874167834979553, type=POWLAW -> ./input/random_graphs/graph_50_353_POWLAW_5497874167834979553.txt (Time: 0.00s)
✓ Generated graph n=50, m=353, seed=2089506265998900862, type=POWLAW -> ./input/random_graphs/graph_50_353_POWLAW_2089506265998900862.txt (Time: 0.00s)
✓ Generated graph n=50, m=353, seed=4060584409398689268, type=POWLAW -> ./input/random_graphs/graph_50_353_POWLAW_4060584409398689268.txt (Time: 0.00s)
✓ Generated graph n=50, m=353, seed=1458186392400727732, type=POWLAW -> ./input/random_graphs/graph_50_353_POWLAW_1458186392400727732.txt (Time: 0.00s)
✓ Generated graph n=50, m=353, seed=8626102704817790064, type=POWLAW -> ./input/random_graphs/graph_50_353_POWLAW_8626102704817790064.txt (Time: 0.00s)
✓ Generated graph n=50, m=353, seed=1332005502874566195, type=POWLAW -> ./input/random_graphs/graph_50_353_POWLAW_1332005502874566195.txt (Time: 0.00s)
✓ Generated graph n=50, m=353, seed=8448596294177070022, type=POWLAW -> ./input/random_graphs/graph_50_353_POWLAW_8448596294177070022.txt (Time: 0.00s)
✓ Generated graph n=50, m=353, seed=1722224698700348310, type=POWLAW -> ./input/random_graphs/graph_50_353_POWLAW_1722224698700348310.txt (Time: 0.00s)
✓ Generated graph n=50, m=353, seed=7905487461282246979, type=POWLAW -> ./input/random_graphs/graph_50_353_POWLAW_7905487461282246979.txt (Time: 0.00s)
✓ Generated graph n=50, m=353, seed=4795749165124911768, type=POWLAW -> ./input/random_graphs/graph_50_353_POWLAW_4795749165124911768.txt (Time: 0.00s)
✓ Generated graph n=50, m=353, seed=4934890601268679176, type=POWLAW -> ./input/random_graphs/graph_50_353_POWLAW_4934890601268679176.txt (Time: 0.00s)
✓ Generated graph n=50, m=353, seed=7118744415197196276, type=POWLAW -> ./input/random_graphs/graph_50_353_POWLAW_7118744415197196276.txt (Time: 0.00s)
✓ Generated graph n=50, m=353, seed=2718103348384927511, type=POWLAW -> ./input/random_graphs/graph_50_353_POWLAW_2718103348384927511.txt (Time: 0.00s)
✓ Generated graph n=50, m=353, seed=1992204328026194281, type=POWLAW -> ./input/random_graphs/graph_50_353_POWLAW_1992204328026194281.txt (Time: 0.00s)
✓ Generated graph n=50, m=353, seed=8867616339855336876, type=POWLAW -> ./input/random_graphs/graph_50_353_POWLAW_8867616339855336876.txt (Time: 0.00s)
✓ Generated graph n=50, m=353, seed=7983805977214098674, type=POWLAW -> ./input/random_graphs/graph_50_353_POWLAW_7983805977214098674.txt (Time: 0.00s)
✓ Generated graph n=50, m=353, seed=9059990922233379852, type=POWLAW -> ./input/random_graphs/graph_50_353_POWLAW_9059990922233379852.txt (Time: 0.00s)
✓ Generated graph n=50, m=353, seed=7449662661572224354, type=POWLAW -> ./input/random_graphs/graph_50_353_POWLAW_7449662661572224354.txt (Time: 0.00s)
✓ Generated graph n=50, m=353, seed=3221421291694197220, type=POWLAW -> ./input/random_graphs/graph_50_353_POWLAW_3221421291694197220.txt (Time: 0.00s)
✓ Generated graph n=50, m=353, seed=5894893360759659423, type=POWLAW -> ./input/random_graphs/graph_50_353_POWLAW_5894893360759659423.txt (Time: 0.00s)
✓ Generated graph n=50, m=353, seed=7632458674696225362, type=POWLAW -> ./input/random_graphs/graph_50_353_POWLAW_7632458674696225362.txt (Time: 0.00s)
✓ Generated graph n=60, m=464, seed=7032710160631691991, type=POWLAW -> ./input/random_graphs/graph_60_464_POWLAW_7032710160631691991.txt (Time: 0.00s)
✓ Generated graph n=60, m=464, seed=5739955973604961613, type=POWLAW -> ./input/random_graphs/graph_60_464_POWLAW_5739955973604961613.txt (Time: 0.00s)
✓ Generated graph n=50, m=353, seed=4940913311242578590, type=POWLAW -> ./input/random_graphs/graph_50_353_POWLAW_4940913311242578590.txt (Time: 0.00s)
✓ Generated graph n=60, m=464, seed=6230961512046992311, type=POWLAW -> ./input/random_graphs/graph_60_464_POWLAW_6230961512046992311.txt (Time: 0.00s)
✓ Generated graph n=50, m=353, seed=2264398621601381987, type=POWLAW -> ./input/random_graphs/graph_50_353_POWLAW_2264398621601381987.txt (Time: 0.00s)
✓ Generated graph n=60, m=464, seed=7871178979383552919, type=POWLAW -> ./input/random_graphs/graph_60_464_POWLAW_7871178979383552919.txt (Time: 0.00s)
✓ Generated graph n=60, m=464, seed=1353182403971399009, type=POWLAW -> ./input/random_graphs/graph_60_464_POWLAW_1353182403971399009.txt (Time: 0.00s)
✓ Generated graph n=60, m=464, seed=3881801951614183357, type=POWLAW -> ./input/random_graphs/graph_60_464_POWLAW_3881801951614183357.txt (Time: 0.00s)
✓ Generated graph n=60, m=464, seed=7599700178212337699, type=POWLAW -> ./input/random_graphs/graph_60_464_POWLAW_7599700178212337699.txt (Time: 0.00s)
✓ Generated graph n=60, m=464, seed=4040737767143389431, type=POWLAW -> ./input/random_graphs/graph_60_464_POWLAW_4040737767143389431.txt (Time: 0.00s)
✓ Generated graph n=60, m=464, seed=1070244953599069350, type=POWLAW -> ./input/random_graphs/graph_60_464_POWLAW_1070244953599069350.txt (Time: 0.00s)
✓ Generated graph n=60, m=464, seed=6938562734920028532, type=POWLAW -> ./input/random_graphs/graph_60_464_POWLAW_6938562734920028532.txt (Time: 0.00s)
✓ Generated graph n=60, m=464, seed=6522163754831416203, type=POWLAW -> ./input/random_graphs/graph_60_464_POWLAW_6522163754831416203.txt (Time: 0.00s)
✓ Generated graph n=60, m=464, seed=1250005700364523649, type=POWLAW -> ./input/random_graphs/graph_60_464_POWLAW_1250005700364523649.txt (Time: 0.00s)
✓ Generated graph n=60, m=464, seed=320375091487821987, type=POWLAW -> ./input/random_graphs/graph_60_464_POWLAW_320375091487821987.txt (Time: 0.00s)
✓ Generated graph n=60, m=464, seed=7663871783842725848, type=POWLAW -> ./input/random_graphs/graph_60_464_POWLAW_7663871783842725848.txt (Time: 0.00s)
✓ Generated graph n=60, m=464, seed=1309542850049879452, type=POWLAW -> ./input/random_graphs/graph_60_464_POWLAW_1309542850049879452.txt (Time: 0.00s)
✓ Generated graph n=60, m=464, seed=5906957480796939447, type=POWLAW -> ./input/random_graphs/graph_60_464_POWLAW_5906957480796939447.txt (Time: 0.00s)
✓ Generated graph n=60, m=464, seed=1250773459040295677, type=POWLAW -> ./input/random_graphs/graph_60_464_POWLAW_1250773459040295677.txt (Time: 0.00s)
✓ Generated graph n=60, m=464, seed=3438400432146115956, type=POWLAW -> ./input/random_graphs/graph_60_464_POWLAW_3438400432146115956.txt (Time: 0.00s)
✓ Generated graph n=60, m=464, seed=7473196763798409428, type=POWLAW -> ./input/random_graphs/graph_60_464_POWLAW_7473196763798409428.txt (Time: 0.00s)
✓ Generated graph n=60, m=464, seed=5139481885857321791, type=POWLAW -> ./input/random_graphs/graph_60_464_POWLAW_5139481885857321791.txt (Time: 0.00s)
✓ Generated graph n=60, m=464, seed=3010622984418968408, type=POWLAW -> ./input/random_graphs/graph_60_464_POWLAW_3010622984418968408.txt (Time: 0.00s)
✓ Generated graph n=60, m=464, seed=7146860528564146064, type=POWLAW -> ./input/random_graphs/graph_60_464_POWLAW_7146860528564146064.txt (Time: 0.00s)
✓ Generated graph n=60, m=464, seed=6002685213311538187, type=POWLAW -> ./input/random_graphs/graph_60_464_POWLAW_6002685213311538187.txt (Time: 0.00s)
✓ Generated graph n=60, m=464, seed=2429002973740178792, type=POWLAW -> ./input/random_graphs/graph_60_464_POWLAW_2429002973740178792.txt (Time: 0.00s)
✓ Generated graph n=60, m=464, seed=5142811650494845597, type=POWLAW -> ./input/random_graphs/graph_60_464_POWLAW_5142811650494845597.txt (Time: 0.00s)
✓ Generated graph n=60, m=464, seed=5708372698381010775, type=POWLAW -> ./input/random_graphs/graph_60_464_POWLAW_5708372698381010775.txt (Time: 0.00s)
✓ Generated graph n=60, m=464, seed=1731523882129807996, type=POWLAW -> ./input/random_graphs/graph_60_464_POWLAW_1731523882129807996.txt (Time: 0.00s)
✓ Generated graph n=60, m=464, seed=1853590723603270879, type=POWLAW -> ./input/random_graphs/graph_60_464_POWLAW_1853590723603270879.txt (Time: 0.00s)
✓ Generated graph n=60, m=464, seed=7029781962072644698, type=POWLAW -> ./input/random_graphs/graph_60_464_POWLAW_7029781962072644698.txt (Time: 0.00s)
✓ Generated graph n=60, m=464, seed=521787134863155063, type=POWLAW -> ./input/random_graphs/graph_60_464_POWLAW_521787134863155063.txt (Time: 0.00s)
✓ Generated graph n=60, m=464, seed=5529616217668449934, type=POWLAW -> ./input/random_graphs/graph_60_464_POWLAW_5529616217668449934.txt (Time: 0.00s)
✓ Generated graph n=60, m=464, seed=3224265581699847191, type=POWLAW -> ./input/random_graphs/graph_60_464_POWLAW_3224265581699847191.txt (Time: 0.00s)
✓ Generated graph n=60, m=464, seed=5258051056098597521, type=POWLAW -> ./input/random_graphs/graph_60_464_POWLAW_5258051056098597521.txt (Time: 0.00s)
✓ Generated graph n=60, m=464, seed=1024517563182776983, type=POWLAW -> ./input/random_graphs/graph_60_464_POWLAW_1024517563182776983.txt (Time: 0.00s)
✓ Generated graph n=60, m=464, seed=1647170069535670909, type=POWLAW -> ./input/random_graphs/graph_60_464_POWLAW_1647170069535670909.txt (Time: 0.00s)
✓ Generated graph n=60, m=464, seed=7161906730445628483, type=POWLAW -> ./input/random_graphs/graph_60_464_POWLAW_7161906730445628483.txt (Time: 0.00s)
✓ Generated graph n=60, m=464, seed=6785030173969523435, type=POWLAW -> ./input/random_graphs/graph_60_464_POWLAW_6785030173969523435.txt (Time: 0.00s)
✓ Generated graph n=60, m=464, seed=7706236040662210848, type=POWLAW -> ./input/random_graphs/graph_60_464_POWLAW_7706236040662210848.txt (Time: 0.00s)
✓ Generated graph n=60, m=464, seed=824387247617288499, type=POWLAW -> ./input/random_graphs/graph_60_464_POWLAW_824387247617288499.txt (Time: 0.00s)
✓ Generated graph n=60, m=464, seed=6802378520969450157, type=POWLAW -> ./input/random_graphs/graph_60_464_POWLAW_6802378520969450157.txt (Time: 0.00s)
✓ Generated graph n=60, m=464, seed=1632192924771168275, type=POWLAW -> ./input/random_graphs/graph_60_464_POWLAW_1632192924771168275.txt (Time: 0.00s)
✓ Generated graph n=60, m=464, seed=8031431416522537101, type=POWLAW -> ./input/random_graphs/graph_60_464_POWLAW_8031431416522537101.txt (Time: 0.00s)
✓ Generated graph n=60, m=464, seed=4552998297316576788, type=POWLAW -> ./input/random_graphs/graph_60_464_POWLAW_4552998297316576788.txt (Time: 0.00s)
✓ Generated graph n=60, m=464, seed=4122784633514911760, type=POWLAW -> ./input/random_graphs/graph_60_464_POWLAW_4122784633514911760.txt (Time: 0.00s)
✓ Generated graph n=60, m=464, seed=6143643868734370809, type=POWLAW -> ./input/random_graphs/graph_60_464_POWLAW_6143643868734370809.txt (Time: 0.00s)
✓ Generated graph n=60, m=464, seed=3272308573967577038, type=POWLAW -> ./input/random_graphs/graph_60_464_POWLAW_3272308573967577038.txt (Time: 0.00s)
✓ Generated graph n=60, m=464, seed=5636411189175451024, type=POWLAW -> ./input/random_graphs/graph_60_464_POWLAW_5636411189175451024.txt (Time: 0.00s)
✓ Generated graph n=60, m=464, seed=7938560551762094560, type=POWLAW -> ./input/random_graphs/graph_60_464_POWLAW_7938560551762094560.txt (Time: 0.00s)
✓ Generated graph n=60, m=464, seed=6614505080519948832, type=POWLAW -> ./input/random_graphs/graph_60_464_POWLAW_6614505080519948832.txt (Time: 0.00s)
✓ Generated graph n=60, m=464, seed=5349491008325879064, type=POWLAW -> ./input/random_graphs/graph_60_464_POWLAW_5349491008325879064.txt (Time: 0.00s)
✓ Generated graph n=60, m=464, seed=7917045922527545890, type=POWLAW -> ./input/random_graphs/graph_60_464_POWLAW_7917045922527545890.txt (Time: 0.00s)
✓ Generated graph n=60, m=464, seed=4445925461710302877, type=POWLAW -> ./input/random_graphs/graph_60_464_POWLAW_4445925461710302877.txt (Time: 0.00s)
✓ Generated graph n=60, m=464, seed=716820155901718944, type=POWLAW -> ./input/random_graphs/graph_60_464_POWLAW_716820155901718944.txt (Time: 0.00s)
✓ Generated graph n=60, m=464, seed=3865339568260874865, type=POWLAW -> ./input/random_graphs/graph_60_464_POWLAW_3865339568260874865.txt (Time: 0.00s)
✓ Generated graph n=60, m=464, seed=7921282862123281598, type=POWLAW -> ./input/random_graphs/graph_60_464_POWLAW_7921282862123281598.txt (Time: 0.00s)
✓ Generated graph n=60, m=464, seed=1128313391724783137, type=POWLAW -> ./input/random_graphs/graph_60_464_POWLAW_1128313391724783137.txt (Time: 0.00s)
✓ Generated graph n=60, m=464, seed=4997514996153925447, type=POWLAW -> ./input/random_graphs/graph_60_464_POWLAW_4997514996153925447.txt (Time: 0.00s)
✓ Generated graph n=60, m=464, seed=5063475852268941542, type=POWLAW -> ./input/random_graphs/graph_60_464_POWLAW_5063475852268941542.txt (Time: 0.00s)
✓ Generated graph n=60, m=464, seed=3817405844514670994, type=POWLAW -> ./input/random_graphs/graph_60_464_POWLAW_3817405844514670994.txt (Time: 0.00s)
✓ Generated graph n=60, m=464, seed=8446481348147407377, type=POWLAW -> ./input/random_graphs/graph_60_464_POWLAW_8446481348147407377.txt (Time: 0.00s)
✓ Generated graph n=60, m=464, seed=2909934787168262407, type=POWLAW -> ./input/random_graphs/graph_60_464_POWLAW_2909934787168262407.txt (Time: 0.00s)
✓ Generated graph n=60, m=464, seed=6529943913552561417, type=POWLAW -> ./input/random_graphs/graph_60_464_POWLAW_6529943913552561417.txt (Time: 0.00s)
✓ Generated graph n=60, m=464, seed=6022436717541034636, type=POWLAW -> ./input/random_graphs/graph_60_464_POWLAW_6022436717541034636.txt (Time: 0.00s)
✓ Generated graph n=60, m=464, seed=1170385908854608748, type=POWLAW -> ./input/random_graphs/graph_60_464_POWLAW_1170385908854608748.txt (Time: 0.00s)
✓ Generated graph n=60, m=464, seed=8718380604043999642, type=POWLAW -> ./input/random_graphs/graph_60_464_POWLAW_8718380604043999642.txt (Time: 0.00s)
✓ Generated graph n=60, m=464, seed=199422815561151340, type=POWLAW -> ./input/random_graphs/graph_60_464_POWLAW_199422815561151340.txt (Time: 0.00s)
✓ Generated graph n=60, m=464, seed=6224222471595207695, type=POWLAW -> ./input/random_graphs/graph_60_464_POWLAW_6224222471595207695.txt (Time: 0.01s)
✓ Generated graph n=60, m=464, seed=6764066939395682287, type=POWLAW -> ./input/random_graphs/graph_60_464_POWLAW_6764066939395682287.txt (Time: 0.00s)
✓ Generated graph n=60, m=464, seed=5108599054664628607, type=POWLAW -> ./input/random_graphs/graph_60_464_POWLAW_5108599054664628607.txt (Time: 0.00s)
✓ Generated graph n=60, m=464, seed=175493991617213850, type=POWLAW -> ./input/random_graphs/graph_60_464_POWLAW_175493991617213850.txt (Time: 0.00s)
✓ Generated graph n=60, m=464, seed=9130666990809746335, type=POWLAW -> ./input/random_graphs/graph_60_464_POWLAW_9130666990809746335.txt (Time: 0.00s)
✓ Generated graph n=60, m=464, seed=3713827327871807734, type=POWLAW -> ./input/random_graphs/graph_60_464_POWLAW_3713827327871807734.txt (Time: 0.00s)
✓ Generated graph n=60, m=464, seed=7644420139408884785, type=POWLAW -> ./input/random_graphs/graph_60_464_POWLAW_7644420139408884785.txt (Time: 0.00s)
✓ Generated graph n=60, m=464, seed=1458186392400727732, type=POWLAW -> ./input/random_graphs/graph_60_464_POWLAW_1458186392400727732.txt (Time: 0.00s)
✓ Generated graph n=60, m=464, seed=1392892770529522614, type=POWLAW -> ./input/random_graphs/graph_60_464_POWLAW_1392892770529522614.txt (Time: 0.00s)
✓ Generated graph n=60, m=464, seed=9060210648189963449, type=POWLAW -> ./input/random_graphs/graph_60_464_POWLAW_9060210648189963449.txt (Time: 0.00s)
✓ Generated graph n=60, m=464, seed=8794274795737982182, type=POWLAW -> ./input/random_graphs/graph_60_464_POWLAW_8794274795737982182.txt (Time: 0.00s)
✓ Generated graph n=60, m=464, seed=5497874167834979553, type=POWLAW -> ./input/random_graphs/graph_60_464_POWLAW_5497874167834979553.txt (Time: 0.00s)
✓ Generated graph n=60, m=464, seed=1722224698700348310, type=POWLAW -> ./input/random_graphs/graph_60_464_POWLAW_1722224698700348310.txt (Time: 0.00s)
✓ Generated graph n=60, m=464, seed=1332005502874566195, type=POWLAW -> ./input/random_graphs/graph_60_464_POWLAW_1332005502874566195.txt (Time: 0.00s)
✓ Generated graph n=60, m=464, seed=7905487461282246979, type=POWLAW -> ./input/random_graphs/graph_60_464_POWLAW_7905487461282246979.txt (Time: 0.00s)
✓ Generated graph n=60, m=464, seed=4060584409398689268, type=POWLAW -> ./input/random_graphs/graph_60_464_POWLAW_4060584409398689268.txt (Time: 0.00s)
✓ Generated graph n=60, m=464, seed=8626102704817790064, type=POWLAW -> ./input/random_graphs/graph_60_464_POWLAW_8626102704817790064.txt (Time: 0.00s)
✓ Generated graph n=60, m=464, seed=4250897495980125004, type=POWLAW -> ./input/random_graphs/graph_60_464_POWLAW_4250897495980125004.txt (Time: 0.00s)
✓ Generated graph n=60, m=464, seed=8448596294177070022, type=POWLAW -> ./input/random_graphs/graph_60_464_POWLAW_8448596294177070022.txt (Time: 0.00s)
✓ Generated graph n=60, m=464, seed=4795749165124911768, type=POWLAW -> ./input/random_graphs/graph_60_464_POWLAW_4795749165124911768.txt (Time: 0.00s)
✓ Generated graph n=60, m=464, seed=2089506265998900862, type=POWLAW -> ./input/random_graphs/graph_60_464_POWLAW_2089506265998900862.txt (Time: 0.00s)
✓ Generated graph n=60, m=464, seed=4934890601268679176, type=POWLAW -> ./input/random_graphs/graph_60_464_POWLAW_4934890601268679176.txt (Time: 0.00s)
✓ Generated graph n=60, m=464, seed=7118744415197196276, type=POWLAW -> ./input/random_graphs/graph_60_464_POWLAW_7118744415197196276.txt (Time: 0.00s)
✓ Generated graph n=60, m=464, seed=1992204328026194281, type=POWLAW -> ./input/random_graphs/graph_60_464_POWLAW_1992204328026194281.txt (Time: 0.00s)
✓ Generated graph n=60, m=464, seed=2718103348384927511, type=POWLAW -> ./input/random_graphs/graph_60_464_POWLAW_2718103348384927511.txt (Time: 0.00s)
✓ Generated graph n=60, m=464, seed=7449662661572224354, type=POWLAW -> ./input/random_graphs/graph_60_464_POWLAW_7449662661572224354.txt (Time: 0.00s)
✓ Generated graph n=60, m=464, seed=3221421291694197220, type=POWLAW -> ./input/random_graphs/graph_60_464_POWLAW_3221421291694197220.txt (Time: 0.00s)
✓ Generated graph n=60, m=464, seed=8867616339855336876, type=POWLAW -> ./input/random_graphs/graph_60_464_POWLAW_8867616339855336876.txt (Time: 0.00s)
✓ Generated graph n=60, m=464, seed=9059990922233379852, type=POWLAW -> ./input/random_graphs/graph_60_464_POWLAW_9059990922233379852.txt (Time: 0.00s)
✓ Generated graph n=60, m=464, seed=5894893360759659423, type=POWLAW -> ./input/random_graphs/graph_60_464_POWLAW_5894893360759659423.txt (Time: 0.00s)
✓ Generated graph n=60, m=464, seed=7632458674696225362, type=POWLAW -> ./input/random_graphs/graph_60_464_POWLAW_7632458674696225362.txt (Time: 0.00s)
✓ Generated graph n=60, m=464, seed=2264398621601381987, type=POWLAW -> ./input/random_graphs/graph_60_464_POWLAW_2264398621601381987.txt (Time: 0.00s)
✓ Generated graph n=70, m=585, seed=7871178979383552919, type=POWLAW -> ./input/random_graphs/graph_70_585_POWLAW_7871178979383552919.txt (Time: 0.00s)
✓ Generated graph n=70, m=585, seed=6230961512046992311, type=POWLAW -> ./input/random_graphs/graph_70_585_POWLAW_6230961512046992311.txt (Time: 0.00s)
✓ Generated graph n=60, m=464, seed=4940913311242578590, type=POWLAW -> ./input/random_graphs/graph_60_464_POWLAW_4940913311242578590.txt (Time: 0.00s)
✓ Generated graph n=70, m=585, seed=5739955973604961613, type=POWLAW -> ./input/random_graphs/graph_70_585_POWLAW_5739955973604961613.txt (Time: 0.00s)
✓ Generated graph n=60, m=464, seed=7983805977214098674, type=POWLAW -> ./input/random_graphs/graph_60_464_POWLAW_7983805977214098674.txt (Time: 0.00s)
✓ Generated graph n=70, m=585, seed=3881801951614183357, type=POWLAW -> ./input/random_graphs/graph_70_585_POWLAW_3881801951614183357.txt (Time: 0.00s)
✓ Generated graph n=70, m=585, seed=7599700178212337699, type=POWLAW -> ./input/random_graphs/graph_70_585_POWLAW_7599700178212337699.txt (Time: 0.00s)
✓ Generated graph n=70, m=585, seed=7032710160631691991, type=POWLAW -> ./input/random_graphs/graph_70_585_POWLAW_7032710160631691991.txt (Time: 0.00s)
✓ Generated graph n=70, m=585, seed=6938562734920028532, type=POWLAW -> ./input/random_graphs/graph_70_585_POWLAW_6938562734920028532.txt (Time: 0.00s)
✓ Generated graph n=70, m=585, seed=1353182403971399009, type=POWLAW -> ./input/random_graphs/graph_70_585_POWLAW_1353182403971399009.txt (Time: 0.00s)
✓ Generated graph n=70, m=585, seed=6522163754831416203, type=POWLAW -> ./input/random_graphs/graph_70_585_POWLAW_6522163754831416203.txt (Time: 0.00s)
✓ Generated graph n=70, m=585, seed=1250005700364523649, type=POWLAW -> ./input/random_graphs/graph_70_585_POWLAW_1250005700364523649.txt (Time: 0.00s)
✓ Generated graph n=70, m=585, seed=1309542850049879452, type=POWLAW -> ./input/random_graphs/graph_70_585_POWLAW_1309542850049879452.txt (Time: 0.00s)
✓ Generated graph n=70, m=585, seed=4040737767143389431, type=POWLAW -> ./input/random_graphs/graph_70_585_POWLAW_4040737767143389431.txt (Time: 0.00s)
✓ Generated graph n=70, m=585, seed=1070244953599069350, type=POWLAW -> ./input/random_graphs/graph_70_585_POWLAW_1070244953599069350.txt (Time: 0.00s)
✓ Generated graph n=70, m=585, seed=320375091487821987, type=POWLAW -> ./input/random_graphs/graph_70_585_POWLAW_320375091487821987.txt (Time: 0.00s)
✓ Generated graph n=70, m=585, seed=5906957480796939447, type=POWLAW -> ./input/random_graphs/graph_70_585_POWLAW_5906957480796939447.txt (Time: 0.00s)
✓ Generated graph n=70, m=585, seed=7663871783842725848, type=POWLAW -> ./input/random_graphs/graph_70_585_POWLAW_7663871783842725848.txt (Time: 0.00s)
✓ Generated graph n=70, m=585, seed=1250773459040295677, type=POWLAW -> ./input/random_graphs/graph_70_585_POWLAW_1250773459040295677.txt (Time: 0.00s)
✓ Generated graph n=70, m=585, seed=3010622984418968408, type=POWLAW -> ./input/random_graphs/graph_70_585_POWLAW_3010622984418968408.txt (Time: 0.00s)
✓ Generated graph n=70, m=585, seed=3438400432146115956, type=POWLAW -> ./input/random_graphs/graph_70_585_POWLAW_3438400432146115956.txt (Time: 0.00s)
✓ Generated graph n=70, m=585, seed=7146860528564146064, type=POWLAW -> ./input/random_graphs/graph_70_585_POWLAW_7146860528564146064.txt (Time: 0.00s)
✓ Generated graph n=70, m=585, seed=5139481885857321791, type=POWLAW -> ./input/random_graphs/graph_70_585_POWLAW_5139481885857321791.txt (Time: 0.00s)
✓ Generated graph n=70, m=585, seed=2429002973740178792, type=POWLAW -> ./input/random_graphs/graph_70_585_POWLAW_2429002973740178792.txt (Time: 0.00s)
✓ Generated graph n=70, m=585, seed=5142811650494845597, type=POWLAW -> ./input/random_graphs/graph_70_585_POWLAW_5142811650494845597.txt (Time: 0.00s)
✓ Generated graph n=70, m=585, seed=7473196763798409428, type=POWLAW -> ./input/random_graphs/graph_70_585_POWLAW_7473196763798409428.txt (Time: 0.00s)
✓ Generated graph n=70, m=585, seed=6002685213311538187, type=POWLAW -> ./input/random_graphs/graph_70_585_POWLAW_6002685213311538187.txt (Time: 0.00s)
✓ Generated graph n=70, m=585, seed=5708372698381010775, type=POWLAW -> ./input/random_graphs/graph_70_585_POWLAW_5708372698381010775.txt (Time: 0.00s)
✓ Generated graph n=70, m=585, seed=1731523882129807996, type=POWLAW -> ./input/random_graphs/graph_70_585_POWLAW_1731523882129807996.txt (Time: 0.00s)
✓ Generated graph n=70, m=585, seed=1853590723603270879, type=POWLAW -> ./input/random_graphs/graph_70_585_POWLAW_1853590723603270879.txt (Time: 0.00s)
✓ Generated graph n=70, m=585, seed=7029781962072644698, type=POWLAW -> ./input/random_graphs/graph_70_585_POWLAW_7029781962072644698.txt (Time: 0.00s)
✓ Generated graph n=70, m=585, seed=6785030173969523435, type=POWLAW -> ./input/random_graphs/graph_70_585_POWLAW_6785030173969523435.txt (Time: 0.00s)
✓ Generated graph n=70, m=585, seed=521787134863155063, type=POWLAW -> ./input/random_graphs/graph_70_585_POWLAW_521787134863155063.txt (Time: 0.00s)
✓ Generated graph n=70, m=585, seed=1024517563182776983, type=POWLAW -> ./input/random_graphs/graph_70_585_POWLAW_1024517563182776983.txt (Time: 0.00s)
✓ Generated graph n=70, m=585, seed=5258051056098597521, type=POWLAW -> ./input/random_graphs/graph_70_585_POWLAW_5258051056098597521.txt (Time: 0.00s)
✓ Generated graph n=70, m=585, seed=3224265581699847191, type=POWLAW -> ./input/random_graphs/graph_70_585_POWLAW_3224265581699847191.txt (Time: 0.00s)
✓ Generated graph n=70, m=585, seed=5529616217668449934, type=POWLAW -> ./input/random_graphs/graph_70_585_POWLAW_5529616217668449934.txt (Time: 0.00s)
✓ Generated graph n=70, m=585, seed=1647170069535670909, type=POWLAW -> ./input/random_graphs/graph_70_585_POWLAW_1647170069535670909.txt (Time: 0.00s)
✓ Generated graph n=70, m=585, seed=4122784633514911760, type=POWLAW -> ./input/random_graphs/graph_70_585_POWLAW_4122784633514911760.txt (Time: 0.00s)
✓ Generated graph n=70, m=585, seed=7706236040662210848, type=POWLAW -> ./input/random_graphs/graph_70_585_POWLAW_7706236040662210848.txt (Time: 0.00s)
✓ Generated graph n=70, m=585, seed=7161906730445628483, type=POWLAW -> ./input/random_graphs/graph_70_585_POWLAW_7161906730445628483.txt (Time: 0.00s)
✓ Generated graph n=70, m=585, seed=824387247617288499, type=POWLAW -> ./input/random_graphs/graph_70_585_POWLAW_824387247617288499.txt (Time: 0.00s)
✓ Generated graph n=70, m=585, seed=8031431416522537101, type=POWLAW -> ./input/random_graphs/graph_70_585_POWLAW_8031431416522537101.txt (Time: 0.00s)
✓ Generated graph n=70, m=585, seed=4552998297316576788, type=POWLAW -> ./input/random_graphs/graph_70_585_POWLAW_4552998297316576788.txt (Time: 0.00s)
✓ Generated graph n=70, m=585, seed=6143643868734370809, type=POWLAW -> ./input/random_graphs/graph_70_585_POWLAW_6143643868734370809.txt (Time: 0.00s)
✓ Generated graph n=70, m=585, seed=1632192924771168275, type=POWLAW -> ./input/random_graphs/graph_70_585_POWLAW_1632192924771168275.txt (Time: 0.00s)
✓ Generated graph n=70, m=585, seed=6802378520969450157, type=POWLAW -> ./input/random_graphs/graph_70_585_POWLAW_6802378520969450157.txt (Time: 0.00s)
✓ Generated graph n=70, m=585, seed=6614505080519948832, type=POWLAW -> ./input/random_graphs/graph_70_585_POWLAW_6614505080519948832.txt (Time: 0.00s)
✓ Generated graph n=70, m=585, seed=5636411189175451024, type=POWLAW -> ./input/random_graphs/graph_70_585_POWLAW_5636411189175451024.txt (Time: 0.00s)
✓ Generated graph n=70, m=585, seed=7938560551762094560, type=POWLAW -> ./input/random_graphs/graph_70_585_POWLAW_7938560551762094560.txt (Time: 0.00s)
✓ Generated graph n=70, m=585, seed=3272308573967577038, type=POWLAW -> ./input/random_graphs/graph_70_585_POWLAW_3272308573967577038.txt (Time: 0.00s)
✓ Generated graph n=70, m=585, seed=8718380604043999642, type=POWLAW -> ./input/random_graphs/graph_70_585_POWLAW_8718380604043999642.txt (Time: 0.00s)
✓ Generated graph n=70, m=585, seed=716820155901718944, type=POWLAW -> ./input/random_graphs/graph_70_585_POWLAW_716820155901718944.txt (Time: 0.00s)
✓ Generated graph n=70, m=585, seed=6224222471595207695, type=POWLAW -> ./input/random_graphs/graph_70_585_POWLAW_6224222471595207695.txt (Time: 0.00s)
✓ Generated graph n=70, m=585, seed=4445925461710302877, type=POWLAW -> ./input/random_graphs/graph_70_585_POWLAW_4445925461710302877.txt (Time: 0.00s)
✓ Generated graph n=70, m=585, seed=3865339568260874865, type=POWLAW -> ./input/random_graphs/graph_70_585_POWLAW_3865339568260874865.txt (Time: 0.00s)
✓ Generated graph n=70, m=585, seed=7917045922527545890, type=POWLAW -> ./input/random_graphs/graph_70_585_POWLAW_7917045922527545890.txt (Time: 0.00s)
✓ Generated graph n=70, m=585, seed=7921282862123281598, type=POWLAW -> ./input/random_graphs/graph_70_585_POWLAW_7921282862123281598.txt (Time: 0.00s)
✓ Generated graph n=70, m=585, seed=5349491008325879064, type=POWLAW -> ./input/random_graphs/graph_70_585_POWLAW_5349491008325879064.txt (Time: 0.00s)
✓ Generated graph n=70, m=585, seed=1128313391724783137, type=POWLAW -> ./input/random_graphs/graph_70_585_POWLAW_1128313391724783137.txt (Time: 0.00s)
✓ Generated graph n=70, m=585, seed=5063475852268941542, type=POWLAW -> ./input/random_graphs/graph_70_585_POWLAW_5063475852268941542.txt (Time: 0.00s)
✓ Generated graph n=70, m=585, seed=8446481348147407377, type=POWLAW -> ./input/random_graphs/graph_70_585_POWLAW_8446481348147407377.txt (Time: 0.00s)
✓ Generated graph n=70, m=585, seed=6529943913552561417, type=POWLAW -> ./input/random_graphs/graph_70_585_POWLAW_6529943913552561417.txt (Time: 0.00s)
✓ Generated graph n=70, m=585, seed=4997514996153925447, type=POWLAW -> ./input/random_graphs/graph_70_585_POWLAW_4997514996153925447.txt (Time: 0.00s)
✓ Generated graph n=70, m=585, seed=2909934787168262407, type=POWLAW -> ./input/random_graphs/graph_70_585_POWLAW_2909934787168262407.txt (Time: 0.00s)
✓ Generated graph n=70, m=585, seed=1170385908854608748, type=POWLAW -> ./input/random_graphs/graph_70_585_POWLAW_1170385908854608748.txt (Time: 0.00s)
✓ Generated graph n=70, m=585, seed=3817405844514670994, type=POWLAW -> ./input/random_graphs/graph_70_585_POWLAW_3817405844514670994.txt (Time: 0.00s)
✓ Generated graph n=70, m=585, seed=175493991617213850, type=POWLAW -> ./input/random_graphs/graph_70_585_POWLAW_175493991617213850.txt (Time: 0.00s)
✓ Generated graph n=70, m=585, seed=5108599054664628607, type=POWLAW -> ./input/random_graphs/graph_70_585_POWLAW_5108599054664628607.txt (Time: 0.00s)
✓ Generated graph n=70, m=585, seed=9130666990809746335, type=POWLAW -> ./input/random_graphs/graph_70_585_POWLAW_9130666990809746335.txt (Time: 0.00s)
✓ Generated graph n=70, m=585, seed=6764066939395682287, type=POWLAW -> ./input/random_graphs/graph_70_585_POWLAW_6764066939395682287.txt (Time: 0.00s)
✓ Generated graph n=70, m=585, seed=1392892770529522614, type=POWLAW -> ./input/random_graphs/graph_70_585_POWLAW_1392892770529522614.txt (Time: 0.00s)
✓ Generated graph n=70, m=585, seed=199422815561151340, type=POWLAW -> ./input/random_graphs/graph_70_585_POWLAW_199422815561151340.txt (Time: 0.00s)
✓ Generated graph n=70, m=585, seed=3713827327871807734, type=POWLAW -> ./input/random_graphs/graph_70_585_POWLAW_3713827327871807734.txt (Time: 0.00s)
✓ Generated graph n=70, m=585, seed=6022436717541034636, type=POWLAW -> ./input/random_graphs/graph_70_585_POWLAW_6022436717541034636.txt (Time: 0.00s)
✓ Generated graph n=70, m=585, seed=9060210648189963449, type=POWLAW -> ./input/random_graphs/graph_70_585_POWLAW_9060210648189963449.txt (Time: 0.00s)
✓ Generated graph n=70, m=585, seed=1458186392400727732, type=POWLAW -> ./input/random_graphs/graph_70_585_POWLAW_1458186392400727732.txt (Time: 0.00s)
✓ Generated graph n=70, m=585, seed=8794274795737982182, type=POWLAW -> ./input/random_graphs/graph_70_585_POWLAW_8794274795737982182.txt (Time: 0.00s)
✓ Generated graph n=70, m=585, seed=4934890601268679176, type=POWLAW -> ./input/random_graphs/graph_70_585_POWLAW_4934890601268679176.txt (Time: 0.00s)
✓ Generated graph n=70, m=585, seed=2089506265998900862, type=POWLAW -> ./input/random_graphs/graph_70_585_POWLAW_2089506265998900862.txt (Time: 0.00s)
✓ Generated graph n=70, m=585, seed=4250897495980125004, type=POWLAW -> ./input/random_graphs/graph_70_585_POWLAW_4250897495980125004.txt (Time: 0.00s)
✓ Generated graph n=70, m=585, seed=5497874167834979553, type=POWLAW -> ./input/random_graphs/graph_70_585_POWLAW_5497874167834979553.txt (Time: 0.00s)
✓ Generated graph n=70, m=585, seed=7449662661572224354, type=POWLAW -> ./input/random_graphs/graph_70_585_POWLAW_7449662661572224354.txt (Time: 0.00s)
✓ Generated graph n=70, m=585, seed=4060584409398689268, type=POWLAW -> ./input/random_graphs/graph_70_585_POWLAW_4060584409398689268.txt (Time: 0.00s)
✓ Generated graph n=70, m=585, seed=8626102704817790064, type=POWLAW -> ./input/random_graphs/graph_70_585_POWLAW_8626102704817790064.txt (Time: 0.00s)
✓ Generated graph n=70, m=585, seed=2718103348384927511, type=POWLAW -> ./input/random_graphs/graph_70_585_POWLAW_2718103348384927511.txt (Time: 0.00s)
✓ Generated graph n=70, m=585, seed=3221421291694197220, type=POWLAW -> ./input/random_graphs/graph_70_585_POWLAW_3221421291694197220.txt (Time: 0.00s)
✓ Generated graph n=70, m=585, seed=4795749165124911768, type=POWLAW -> ./input/random_graphs/graph_70_585_POWLAW_4795749165124911768.txt (Time: 0.00s)
✓ Generated graph n=70, m=585, seed=1992204328026194281, type=POWLAW -> ./input/random_graphs/graph_70_585_POWLAW_1992204328026194281.txt (Time: 0.00s)
✓ Generated graph n=70, m=585, seed=8448596294177070022, type=POWLAW -> ./input/random_graphs/graph_70_585_POWLAW_8448596294177070022.txt (Time: 0.00s)
✓ Generated graph n=70, m=585, seed=7118744415197196276, type=POWLAW -> ./input/random_graphs/graph_70_585_POWLAW_7118744415197196276.txt (Time: 0.00s)
✓ Generated graph n=70, m=585, seed=1722224698700348310, type=POWLAW -> ./input/random_graphs/graph_70_585_POWLAW_1722224698700348310.txt (Time: 0.00s)
✓ Generated graph n=70, m=585, seed=9059990922233379852, type=POWLAW -> ./input/random_graphs/graph_70_585_POWLAW_9059990922233379852.txt (Time: 0.00s)
✓ Generated graph n=70, m=585, seed=1332005502874566195, type=POWLAW -> ./input/random_graphs/graph_70_585_POWLAW_1332005502874566195.txt (Time: 0.00s)
✓ Generated graph n=70, m=585, seed=8867616339855336876, type=POWLAW -> ./input/random_graphs/graph_70_585_POWLAW_8867616339855336876.txt (Time: 0.00s)
✓ Generated graph n=70, m=585, seed=7905487461282246979, type=POWLAW -> ./input/random_graphs/graph_70_585_POWLAW_7905487461282246979.txt (Time: 0.00s)
✓ Generated graph n=70, m=585, seed=7644420139408884785, type=POWLAW -> ./input/random_graphs/graph_70_585_POWLAW_7644420139408884785.txt (Time: 0.00s)
✓ Generated graph n=70, m=585, seed=7632458674696225362, type=POWLAW -> ./input/random_graphs/graph_70_585_POWLAW_7632458674696225362.txt (Time: 0.00s)
✓ Generated graph n=70, m=585, seed=7983805977214098674, type=POWLAW -> ./input/random_graphs/graph_70_585_POWLAW_7983805977214098674.txt (Time: 0.00s)
✓ Generated graph n=70, m=585, seed=4940913311242578590, type=POWLAW -> ./input/random_graphs/graph_70_585_POWLAW_4940913311242578590.txt (Time: 0.00s)
✓ Generated graph n=80, m=715, seed=6230961512046992311, type=POWLAW -> ./input/random_graphs/graph_80_715_POWLAW_6230961512046992311.txt (Time: 0.00s)
✓ Generated graph n=70, m=585, seed=5894893360759659423, type=POWLAW -> ./input/random_graphs/graph_70_585_POWLAW_5894893360759659423.txt (Time: 0.00s)
✓ Generated graph n=80, m=715, seed=7599700178212337699, type=POWLAW -> ./input/random_graphs/graph_80_715_POWLAW_7599700178212337699.txt (Time: 0.00s)
✓ Generated graph n=80, m=715, seed=7871178979383552919, type=POWLAW -> ./input/random_graphs/graph_80_715_POWLAW_7871178979383552919.txt (Time: 0.00s)
✓ Generated graph n=80, m=715, seed=3881801951614183357, type=POWLAW -> ./input/random_graphs/graph_80_715_POWLAW_3881801951614183357.txt (Time: 0.00s)
✓ Generated graph n=80, m=715, seed=7032710160631691991, type=POWLAW -> ./input/random_graphs/graph_80_715_POWLAW_7032710160631691991.txt (Time: 0.00s)
✓ Generated graph n=80, m=715, seed=6522163754831416203, type=POWLAW -> ./input/random_graphs/graph_80_715_POWLAW_6522163754831416203.txt (Time: 0.00s)
✓ Generated graph n=80, m=715, seed=1070244953599069350, type=POWLAW -> ./input/random_graphs/graph_80_715_POWLAW_1070244953599069350.txt (Time: 0.00s)
✓ Generated graph n=80, m=715, seed=4040737767143389431, type=POWLAW -> ./input/random_graphs/graph_80_715_POWLAW_4040737767143389431.txt (Time: 0.00s)
✓ Generated graph n=80, m=715, seed=2429002973740178792, type=POWLAW -> ./input/random_graphs/graph_80_715_POWLAW_2429002973740178792.txt (Time: 0.00s)
✓ Generated graph n=80, m=715, seed=1353182403971399009, type=POWLAW -> ./input/random_graphs/graph_80_715_POWLAW_1353182403971399009.txt (Time: 0.00s)
✓ Generated graph n=80, m=715, seed=5906957480796939447, type=POWLAW -> ./input/random_graphs/graph_80_715_POWLAW_5906957480796939447.txt (Time: 0.00s)
✓ Generated graph n=80, m=715, seed=320375091487821987, type=POWLAW -> ./input/random_graphs/graph_80_715_POWLAW_320375091487821987.txt (Time: 0.00s)
✓ Generated graph n=80, m=715, seed=1309542850049879452, type=POWLAW -> ./input/random_graphs/graph_80_715_POWLAW_1309542850049879452.txt (Time: 0.00s)
✓ Generated graph n=80, m=715, seed=7663871783842725848, type=POWLAW -> ./input/random_graphs/graph_80_715_POWLAW_7663871783842725848.txt (Time: 0.00s)
✓ Generated graph n=80, m=715, seed=1250005700364523649, type=POWLAW -> ./input/random_graphs/graph_80_715_POWLAW_1250005700364523649.txt (Time: 0.00s)
✓ Generated graph n=80, m=715, seed=7146860528564146064, type=POWLAW -> ./input/random_graphs/graph_80_715_POWLAW_7146860528564146064.txt (Time: 0.00s)
✓ Generated graph n=80, m=715, seed=6938562734920028532, type=POWLAW -> ./input/random_graphs/graph_80_715_POWLAW_6938562734920028532.txt (Time: 0.00s)
✓ Generated graph n=80, m=715, seed=3438400432146115956, type=POWLAW -> ./input/random_graphs/graph_80_715_POWLAW_3438400432146115956.txt (Time: 0.00s)
✓ Generated graph n=80, m=715, seed=5739955973604961613, type=POWLAW -> ./input/random_graphs/graph_80_715_POWLAW_5739955973604961613.txt (Time: 0.00s)
✓ Generated graph n=80, m=715, seed=5139481885857321791, type=POWLAW -> ./input/random_graphs/graph_80_715_POWLAW_5139481885857321791.txt (Time: 0.00s)
✓ Generated graph n=80, m=715, seed=1250773459040295677, type=POWLAW -> ./input/random_graphs/graph_80_715_POWLAW_1250773459040295677.txt (Time: 0.00s)
✓ Generated graph n=80, m=715, seed=5142811650494845597, type=POWLAW -> ./input/random_graphs/graph_80_715_POWLAW_5142811650494845597.txt (Time: 0.00s)
✓ Generated graph n=80, m=715, seed=6002685213311538187, type=POWLAW -> ./input/random_graphs/graph_80_715_POWLAW_6002685213311538187.txt (Time: 0.00s)
✓ Generated graph n=80, m=715, seed=7473196763798409428, type=POWLAW -> ./input/random_graphs/graph_80_715_POWLAW_7473196763798409428.txt (Time: 0.00s)
✓ Generated graph n=80, m=715, seed=1731523882129807996, type=POWLAW -> ./input/random_graphs/graph_80_715_POWLAW_1731523882129807996.txt (Time: 0.00s)
✓ Generated graph n=80, m=715, seed=3010622984418968408, type=POWLAW -> ./input/random_graphs/graph_80_715_POWLAW_3010622984418968408.txt (Time: 0.00s)
✓ Generated graph n=80, m=715, seed=5708372698381010775, type=POWLAW -> ./input/random_graphs/graph_80_715_POWLAW_5708372698381010775.txt (Time: 0.00s)
✓ Generated graph n=80, m=715, seed=521787134863155063, type=POWLAW -> ./input/random_graphs/graph_80_715_POWLAW_521787134863155063.txt (Time: 0.00s)
✓ Generated graph n=70, m=585, seed=2264398621601381987, type=POWLAW -> ./input/random_graphs/graph_70_585_POWLAW_2264398621601381987.txt (Time: 0.00s)
✓ Generated graph n=80, m=715, seed=7029781962072644698, type=POWLAW -> ./input/random_graphs/graph_80_715_POWLAW_7029781962072644698.txt (Time: 0.00s)
✓ Generated graph n=80, m=715, seed=6785030173969523435, type=POWLAW -> ./input/random_graphs/graph_80_715_POWLAW_6785030173969523435.txt (Time: 0.00s)
✓ Generated graph n=80, m=715, seed=1853590723603270879, type=POWLAW -> ./input/random_graphs/graph_80_715_POWLAW_1853590723603270879.txt (Time: 0.00s)
✓ Generated graph n=80, m=715, seed=5258051056098597521, type=POWLAW -> ./input/random_graphs/graph_80_715_POWLAW_5258051056098597521.txt (Time: 0.00s)
✓ Generated graph n=80, m=715, seed=5529616217668449934, type=POWLAW -> ./input/random_graphs/graph_80_715_POWLAW_5529616217668449934.txt (Time: 0.00s)
✓ Generated graph n=80, m=715, seed=1647170069535670909, type=POWLAW -> ./input/random_graphs/graph_80_715_POWLAW_1647170069535670909.txt (Time: 0.00s)
✓ Generated graph n=80, m=715, seed=1024517563182776983, type=POWLAW -> ./input/random_graphs/graph_80_715_POWLAW_1024517563182776983.txt (Time: 0.00s)
✓ Generated graph n=80, m=715, seed=7706236040662210848, type=POWLAW -> ./input/random_graphs/graph_80_715_POWLAW_7706236040662210848.txt (Time: 0.00s)
✓ Generated graph n=80, m=715, seed=1632192924771168275, type=POWLAW -> ./input/random_graphs/graph_80_715_POWLAW_1632192924771168275.txt (Time: 0.00s)
✓ Generated graph n=80, m=715, seed=824387247617288499, type=POWLAW -> ./input/random_graphs/graph_80_715_POWLAW_824387247617288499.txt (Time: 0.00s)
✓ Generated graph n=80, m=715, seed=3224265581699847191, type=POWLAW -> ./input/random_graphs/graph_80_715_POWLAW_3224265581699847191.txt (Time: 0.00s)
✓ Generated graph n=80, m=715, seed=5636411189175451024, type=POWLAW -> ./input/random_graphs/graph_80_715_POWLAW_5636411189175451024.txt (Time: 0.00s)
✓ Generated graph n=80, m=715, seed=4122784633514911760, type=POWLAW -> ./input/random_graphs/graph_80_715_POWLAW_4122784633514911760.txt (Time: 0.00s)
✓ Generated graph n=80, m=715, seed=6802378520969450157, type=POWLAW -> ./input/random_graphs/graph_80_715_POWLAW_6802378520969450157.txt (Time: 0.00s)
✓ Generated graph n=80, m=715, seed=4552998297316576788, type=POWLAW -> ./input/random_graphs/graph_80_715_POWLAW_4552998297316576788.txt (Time: 0.00s)
✓ Generated graph n=80, m=715, seed=6143643868734370809, type=POWLAW -> ./input/random_graphs/graph_80_715_POWLAW_6143643868734370809.txt (Time: 0.00s)
✓ Generated graph n=80, m=715, seed=3272308573967577038, type=POWLAW -> ./input/random_graphs/graph_80_715_POWLAW_3272308573967577038.txt (Time: 0.00s)
✓ Generated graph n=80, m=715, seed=6614505080519948832, type=POWLAW -> ./input/random_graphs/graph_80_715_POWLAW_6614505080519948832.txt (Time: 0.00s)
✓ Generated graph n=80, m=715, seed=7161906730445628483, type=POWLAW -> ./input/random_graphs/graph_80_715_POWLAW_7161906730445628483.txt (Time: 0.00s)
✓ Generated graph n=80, m=715, seed=8031431416522537101, type=POWLAW -> ./input/random_graphs/graph_80_715_POWLAW_8031431416522537101.txt (Time: 0.00s)
✓ Generated graph n=80, m=715, seed=7938560551762094560, type=POWLAW -> ./input/random_graphs/graph_80_715_POWLAW_7938560551762094560.txt (Time: 0.00s)
✓ Generated graph n=80, m=715, seed=5349491008325879064, type=POWLAW -> ./input/random_graphs/graph_80_715_POWLAW_5349491008325879064.txt (Time: 0.00s)
✓ Generated graph n=80, m=715, seed=4445925461710302877, type=POWLAW -> ./input/random_graphs/graph_80_715_POWLAW_4445925461710302877.txt (Time: 0.00s)
✓ Generated graph n=80, m=715, seed=1128313391724783137, type=POWLAW -> ./input/random_graphs/graph_80_715_POWLAW_1128313391724783137.txt (Time: 0.00s)
✓ Generated graph n=80, m=715, seed=6224222471595207695, type=POWLAW -> ./input/random_graphs/graph_80_715_POWLAW_6224222471595207695.txt (Time: 0.00s)
✓ Generated graph n=80, m=715, seed=7921282862123281598, type=POWLAW -> ./input/random_graphs/graph_80_715_POWLAW_7921282862123281598.txt (Time: 0.00s)
✓ Generated graph n=80, m=715, seed=3865339568260874865, type=POWLAW -> ./input/random_graphs/graph_80_715_POWLAW_3865339568260874865.txt (Time: 0.00s)
✓ Generated graph n=80, m=715, seed=7917045922527545890, type=POWLAW -> ./input/random_graphs/graph_80_715_POWLAW_7917045922527545890.txt (Time: 0.00s)
✓ Generated graph n=80, m=715, seed=4997514996153925447, type=POWLAW -> ./input/random_graphs/graph_80_715_POWLAW_4997514996153925447.txt (Time: 0.00s)
✓ Generated graph n=80, m=715, seed=716820155901718944, type=POWLAW -> ./input/random_graphs/graph_80_715_POWLAW_716820155901718944.txt (Time: 0.00s)
✓ Generated graph n=80, m=715, seed=8718380604043999642, type=POWLAW -> ./input/random_graphs/graph_80_715_POWLAW_8718380604043999642.txt (Time: 0.00s)
✓ Generated graph n=80, m=715, seed=8446481348147407377, type=POWLAW -> ./input/random_graphs/graph_80_715_POWLAW_8446481348147407377.txt (Time: 0.00s)
✓ Generated graph n=80, m=715, seed=3817405844514670994, type=POWLAW -> ./input/random_graphs/graph_80_715_POWLAW_3817405844514670994.txt (Time: 0.00s)
✓ Generated graph n=80, m=715, seed=5063475852268941542, type=POWLAW -> ./input/random_graphs/graph_80_715_POWLAW_5063475852268941542.txt (Time: 0.00s)
✓ Generated graph n=80, m=715, seed=1170385908854608748, type=POWLAW -> ./input/random_graphs/graph_80_715_POWLAW_1170385908854608748.txt (Time: 0.00s)
✓ Generated graph n=80, m=715, seed=2909934787168262407, type=POWLAW -> ./input/random_graphs/graph_80_715_POWLAW_2909934787168262407.txt (Time: 0.00s)
✓ Generated graph n=80, m=715, seed=3713827327871807734, type=POWLAW -> ./input/random_graphs/graph_80_715_POWLAW_3713827327871807734.txt (Time: 0.00s)
✓ Generated graph n=80, m=715, seed=5108599054664628607, type=POWLAW -> ./input/random_graphs/graph_80_715_POWLAW_5108599054664628607.txt (Time: 0.00s)
✓ Generated graph n=80, m=715, seed=199422815561151340, type=POWLAW -> ./input/random_graphs/graph_80_715_POWLAW_199422815561151340.txt (Time: 0.00s)
✓ Generated graph n=80, m=715, seed=175493991617213850, type=POWLAW -> ./input/random_graphs/graph_80_715_POWLAW_175493991617213850.txt (Time: 0.00s)
✓ Generated graph n=80, m=715, seed=6022436717541034636, type=POWLAW -> ./input/random_graphs/graph_80_715_POWLAW_6022436717541034636.txt (Time: 0.00s)
✓ Generated graph n=80, m=715, seed=6529943913552561417, type=POWLAW -> ./input/random_graphs/graph_80_715_POWLAW_6529943913552561417.txt (Time: 0.00s)
✓ Generated graph n=80, m=715, seed=6764066939395682287, type=POWLAW -> ./input/random_graphs/graph_80_715_POWLAW_6764066939395682287.txt (Time: 0.00s)
✓ Generated graph n=80, m=715, seed=7644420139408884785, type=POWLAW -> ./input/random_graphs/graph_80_715_POWLAW_7644420139408884785.txt (Time: 0.00s)
✓ Generated graph n=80, m=715, seed=1392892770529522614, type=POWLAW -> ./input/random_graphs/graph_80_715_POWLAW_1392892770529522614.txt (Time: 0.00s)
✓ Generated graph n=80, m=715, seed=1458186392400727732, type=POWLAW -> ./input/random_graphs/graph_80_715_POWLAW_1458186392400727732.txt (Time: 0.00s)
✓ Generated graph n=80, m=715, seed=9130666990809746335, type=POWLAW -> ./input/random_graphs/graph_80_715_POWLAW_9130666990809746335.txt (Time: 0.00s)
✓ Generated graph n=80, m=715, seed=9060210648189963449, type=POWLAW -> ./input/random_graphs/graph_80_715_POWLAW_9060210648189963449.txt (Time: 0.00s)
✓ Generated graph n=80, m=715, seed=4250897495980125004, type=POWLAW -> ./input/random_graphs/graph_80_715_POWLAW_4250897495980125004.txt (Time: 0.00s)
✓ Generated graph n=80, m=715, seed=2089506265998900862, type=POWLAW -> ./input/random_graphs/graph_80_715_POWLAW_2089506265998900862.txt (Time: 0.00s)
✓ Generated graph n=80, m=715, seed=5497874167834979553, type=POWLAW -> ./input/random_graphs/graph_80_715_POWLAW_5497874167834979553.txt (Time: 0.00s)
✓ Generated graph n=80, m=715, seed=1332005502874566195, type=POWLAW -> ./input/random_graphs/graph_80_715_POWLAW_1332005502874566195.txt (Time: 0.00s)
✓ Generated graph n=80, m=715, seed=4060584409398689268, type=POWLAW -> ./input/random_graphs/graph_80_715_POWLAW_4060584409398689268.txt (Time: 0.00s)
✓ Generated graph n=80, m=715, seed=8794274795737982182, type=POWLAW -> ./input/random_graphs/graph_80_715_POWLAW_8794274795737982182.txt (Time: 0.00s)
✓ Generated graph n=80, m=715, seed=1722224698700348310, type=POWLAW -> ./input/random_graphs/graph_80_715_POWLAW_1722224698700348310.txt (Time: 0.00s)
✓ Generated graph n=80, m=715, seed=7905487461282246979, type=POWLAW -> ./input/random_graphs/graph_80_715_POWLAW_7905487461282246979.txt (Time: 0.00s)
✓ Generated graph n=80, m=715, seed=8626102704817790064, type=POWLAW -> ./input/random_graphs/graph_80_715_POWLAW_8626102704817790064.txt (Time: 0.00s)
✓ Generated graph n=80, m=715, seed=1992204328026194281, type=POWLAW -> ./input/random_graphs/graph_80_715_POWLAW_1992204328026194281.txt (Time: 0.00s)
✓ Generated graph n=80, m=715, seed=4795749165124911768, type=POWLAW -> ./input/random_graphs/graph_80_715_POWLAW_4795749165124911768.txt (Time: 0.00s)
✓ Generated graph n=80, m=715, seed=8448596294177070022, type=POWLAW -> ./input/random_graphs/graph_80_715_POWLAW_8448596294177070022.txt (Time: 0.00s)
✓ Generated graph n=80, m=715, seed=7118744415197196276, type=POWLAW -> ./input/random_graphs/graph_80_715_POWLAW_7118744415197196276.txt (Time: 0.00s)
✓ Generated graph n=80, m=715, seed=2718103348384927511, type=POWLAW -> ./input/random_graphs/graph_80_715_POWLAW_2718103348384927511.txt (Time: 0.00s)
✓ Generated graph n=80, m=715, seed=7449662661572224354, type=POWLAW -> ./input/random_graphs/graph_80_715_POWLAW_7449662661572224354.txt (Time: 0.00s)
✓ Generated graph n=80, m=715, seed=9059990922233379852, type=POWLAW -> ./input/random_graphs/graph_80_715_POWLAW_9059990922233379852.txt (Time: 0.00s)
✓ Generated graph n=80, m=715, seed=3221421291694197220, type=POWLAW -> ./input/random_graphs/graph_80_715_POWLAW_3221421291694197220.txt (Time: 0.00s)
✓ Generated graph n=80, m=715, seed=4934890601268679176, type=POWLAW -> ./input/random_graphs/graph_80_715_POWLAW_4934890601268679176.txt (Time: 0.01s)
✓ Generated graph n=80, m=715, seed=5894893360759659423, type=POWLAW -> ./input/random_graphs/graph_80_715_POWLAW_5894893360759659423.txt (Time: 0.00s)
✓ Generated graph n=80, m=715, seed=8867616339855336876, type=POWLAW -> ./input/random_graphs/graph_80_715_POWLAW_8867616339855336876.txt (Time: 0.00s)
✓ Generated graph n=80, m=715, seed=2264398621601381987, type=POWLAW -> ./input/random_graphs/graph_80_715_POWLAW_2264398621601381987.txt (Time: 0.00s)
✓ Generated graph n=80, m=715, seed=7983805977214098674, type=POWLAW -> ./input/random_graphs/graph_80_715_POWLAW_7983805977214098674.txt (Time: 0.00s)
✓ Generated graph n=80, m=715, seed=7632458674696225362, type=POWLAW -> ./input/random_graphs/graph_80_715_POWLAW_7632458674696225362.txt (Time: 0.00s)
✓ Generated graph n=80, m=715, seed=4940913311242578590, type=POWLAW -> ./input/random_graphs/graph_80_715_POWLAW_4940913311242578590.txt (Time: 0.00s)
✓ Generated graph n=90, m=853, seed=5739955973604961613, type=POWLAW -> ./input/random_graphs/graph_90_853_POWLAW_5739955973604961613.txt (Time: 0.00s)
✓ Generated graph n=90, m=853, seed=7871178979383552919, type=POWLAW -> ./input/random_graphs/graph_90_853_POWLAW_7871178979383552919.txt (Time: 0.00s)
✓ Generated graph n=90, m=853, seed=6230961512046992311, type=POWLAW -> ./input/random_graphs/graph_90_853_POWLAW_6230961512046992311.txt (Time: 0.00s)
✓ Generated graph n=90, m=853, seed=3881801951614183357, type=POWLAW -> ./input/random_graphs/graph_90_853_POWLAW_3881801951614183357.txt (Time: 0.00s)
✓ Generated graph n=90, m=853, seed=1070244953599069350, type=POWLAW -> ./input/random_graphs/graph_90_853_POWLAW_1070244953599069350.txt (Time: 0.00s)
✓ Generated graph n=90, m=853, seed=7599700178212337699, type=POWLAW -> ./input/random_graphs/graph_90_853_POWLAW_7599700178212337699.txt (Time: 0.00s)
✓ Generated graph n=90, m=853, seed=1353182403971399009, type=POWLAW -> ./input/random_graphs/graph_90_853_POWLAW_1353182403971399009.txt (Time: 0.00s)
✓ Generated graph n=90, m=853, seed=7032710160631691991, type=POWLAW -> ./input/random_graphs/graph_90_853_POWLAW_7032710160631691991.txt (Time: 0.00s)
✓ Generated graph n=90, m=853, seed=6522163754831416203, type=POWLAW -> ./input/random_graphs/graph_90_853_POWLAW_6522163754831416203.txt (Time: 0.00s)
✓ Generated graph n=90, m=853, seed=1250005700364523649, type=POWLAW -> ./input/random_graphs/graph_90_853_POWLAW_1250005700364523649.txt (Time: 0.00s)
✓ Generated graph n=90, m=853, seed=4040737767143389431, type=POWLAW -> ./input/random_graphs/graph_90_853_POWLAW_4040737767143389431.txt (Time: 0.00s)
✓ Generated graph n=90, m=853, seed=7663871783842725848, type=POWLAW -> ./input/random_graphs/graph_90_853_POWLAW_7663871783842725848.txt (Time: 0.00s)
✓ Generated graph n=90, m=853, seed=320375091487821987, type=POWLAW -> ./input/random_graphs/graph_90_853_POWLAW_320375091487821987.txt (Time: 0.00s)
✓ Generated graph n=90, m=853, seed=2429002973740178792, type=POWLAW -> ./input/random_graphs/graph_90_853_POWLAW_2429002973740178792.txt (Time: 0.00s)
✓ Generated graph n=90, m=853, seed=1309542850049879452, type=POWLAW -> ./input/random_graphs/graph_90_853_POWLAW_1309542850049879452.txt (Time: 0.00s)
✓ Generated graph n=90, m=853, seed=6938562734920028532, type=POWLAW -> ./input/random_graphs/graph_90_853_POWLAW_6938562734920028532.txt (Time: 0.00s)
✓ Generated graph n=90, m=853, seed=7473196763798409428, type=POWLAW -> ./input/random_graphs/graph_90_853_POWLAW_7473196763798409428.txt (Time: 0.00s)
✓ Generated graph n=90, m=853, seed=5906957480796939447, type=POWLAW -> ./input/random_graphs/graph_90_853_POWLAW_5906957480796939447.txt (Time: 0.00s)
✓ Generated graph n=90, m=853, seed=7146860528564146064, type=POWLAW -> ./input/random_graphs/graph_90_853_POWLAW_7146860528564146064.txt (Time: 0.00s)
✓ Generated graph n=90, m=853, seed=1250773459040295677, type=POWLAW -> ./input/random_graphs/graph_90_853_POWLAW_1250773459040295677.txt (Time: 0.00s)
✓ Generated graph n=90, m=853, seed=5142811650494845597, type=POWLAW -> ./input/random_graphs/graph_90_853_POWLAW_5142811650494845597.txt (Time: 0.00s)
✓ Generated graph n=90, m=853, seed=3010622984418968408, type=POWLAW -> ./input/random_graphs/graph_90_853_POWLAW_3010622984418968408.txt (Time: 0.00s)
✓ Generated graph n=90, m=853, seed=6002685213311538187, type=POWLAW -> ./input/random_graphs/graph_90_853_POWLAW_6002685213311538187.txt (Time: 0.00s)
✓ Generated graph n=90, m=853, seed=5139481885857321791, type=POWLAW -> ./input/random_graphs/graph_90_853_POWLAW_5139481885857321791.txt (Time: 0.00s)
✓ Generated graph n=90, m=853, seed=1731523882129807996, type=POWLAW -> ./input/random_graphs/graph_90_853_POWLAW_1731523882129807996.txt (Time: 0.00s)
✓ Generated graph n=90, m=853, seed=5708372698381010775, type=POWLAW -> ./input/random_graphs/graph_90_853_POWLAW_5708372698381010775.txt (Time: 0.00s)
✓ Generated graph n=90, m=853, seed=7706236040662210848, type=POWLAW -> ./input/random_graphs/graph_90_853_POWLAW_7706236040662210848.txt (Time: 0.00s)
✓ Generated graph n=90, m=853, seed=1853590723603270879, type=POWLAW -> ./input/random_graphs/graph_90_853_POWLAW_1853590723603270879.txt (Time: 0.00s)
✓ Generated graph n=90, m=853, seed=5258051056098597521, type=POWLAW -> ./input/random_graphs/graph_90_853_POWLAW_5258051056098597521.txt (Time: 0.00s)
✓ Generated graph n=90, m=853, seed=7029781962072644698, type=POWLAW -> ./input/random_graphs/graph_90_853_POWLAW_7029781962072644698.txt (Time: 0.00s)
✓ Generated graph n=90, m=853, seed=1647170069535670909, type=POWLAW -> ./input/random_graphs/graph_90_853_POWLAW_1647170069535670909.txt (Time: 0.00s)
✓ Generated graph n=90, m=853, seed=3438400432146115956, type=POWLAW -> ./input/random_graphs/graph_90_853_POWLAW_3438400432146115956.txt (Time: 0.01s)
✓ Generated graph n=90, m=853, seed=6785030173969523435, type=POWLAW -> ./input/random_graphs/graph_90_853_POWLAW_6785030173969523435.txt (Time: 0.00s)
✓ Generated graph n=90, m=853, seed=5529616217668449934, type=POWLAW -> ./input/random_graphs/graph_90_853_POWLAW_5529616217668449934.txt (Time: 0.00s)
✓ Generated graph n=90, m=853, seed=521787134863155063, type=POWLAW -> ./input/random_graphs/graph_90_853_POWLAW_521787134863155063.txt (Time: 0.00s)
✓ Generated graph n=90, m=853, seed=8031431416522537101, type=POWLAW -> ./input/random_graphs/graph_90_853_POWLAW_8031431416522537101.txt (Time: 0.00s)
✓ Generated graph n=90, m=853, seed=824387247617288499, type=POWLAW -> ./input/random_graphs/graph_90_853_POWLAW_824387247617288499.txt (Time: 0.00s)
✓ Generated graph n=90, m=853, seed=1632192924771168275, type=POWLAW -> ./input/random_graphs/graph_90_853_POWLAW_1632192924771168275.txt (Time: 0.00s)
✓ Generated graph n=90, m=853, seed=1024517563182776983, type=POWLAW -> ./input/random_graphs/graph_90_853_POWLAW_1024517563182776983.txt (Time: 0.00s)
✓ Generated graph n=90, m=853, seed=6802378520969450157, type=POWLAW -> ./input/random_graphs/graph_90_853_POWLAW_6802378520969450157.txt (Time: 0.00s)
✓ Generated graph n=90, m=853, seed=4122784633514911760, type=POWLAW -> ./input/random_graphs/graph_90_853_POWLAW_4122784633514911760.txt (Time: 0.00s)
✓ Generated graph n=90, m=853, seed=7161906730445628483, type=POWLAW -> ./input/random_graphs/graph_90_853_POWLAW_7161906730445628483.txt (Time: 0.00s)
✓ Generated graph n=90, m=853, seed=3224265581699847191, type=POWLAW -> ./input/random_graphs/graph_90_853_POWLAW_3224265581699847191.txt (Time: 0.00s)
✓ Generated graph n=90, m=853, seed=4552998297316576788, type=POWLAW -> ./input/random_graphs/graph_90_853_POWLAW_4552998297316576788.txt (Time: 0.00s)
✓ Generated graph n=90, m=853, seed=6143643868734370809, type=POWLAW -> ./input/random_graphs/graph_90_853_POWLAW_6143643868734370809.txt (Time: 0.00s)
✓ Generated graph n=90, m=853, seed=3272308573967577038, type=POWLAW -> ./input/random_graphs/graph_90_853_POWLAW_3272308573967577038.txt (Time: 0.00s)
✓ Generated graph n=90, m=853, seed=5636411189175451024, type=POWLAW -> ./input/random_graphs/graph_90_853_POWLAW_5636411189175451024.txt (Time: 0.00s)
✓ Generated graph n=90, m=853, seed=6614505080519948832, type=POWLAW -> ./input/random_graphs/graph_90_853_POWLAW_6614505080519948832.txt (Time: 0.00s)
✓ Generated graph n=90, m=853, seed=7938560551762094560, type=POWLAW -> ./input/random_graphs/graph_90_853_POWLAW_7938560551762094560.txt (Time: 0.00s)
✓ Generated graph n=90, m=853, seed=7921282862123281598, type=POWLAW -> ./input/random_graphs/graph_90_853_POWLAW_7921282862123281598.txt (Time: 0.00s)
✓ Generated graph n=90, m=853, seed=6224222471595207695, type=POWLAW -> ./input/random_graphs/graph_90_853_POWLAW_6224222471595207695.txt (Time: 0.00s)
✓ Generated graph n=90, m=853, seed=7917045922527545890, type=POWLAW -> ./input/random_graphs/graph_90_853_POWLAW_7917045922527545890.txt (Time: 0.00s)
✓ Generated graph n=90, m=853, seed=3865339568260874865, type=POWLAW -> ./input/random_graphs/graph_90_853_POWLAW_3865339568260874865.txt (Time: 0.00s)
✓ Generated graph n=90, m=853, seed=1128313391724783137, type=POWLAW -> ./input/random_graphs/graph_90_853_POWLAW_1128313391724783137.txt (Time: 0.00s)
✓ Generated graph n=90, m=853, seed=4997514996153925447, type=POWLAW -> ./input/random_graphs/graph_90_853_POWLAW_4997514996153925447.txt (Time: 0.00s)
✓ Generated graph n=90, m=853, seed=4445925461710302877, type=POWLAW -> ./input/random_graphs/graph_90_853_POWLAW_4445925461710302877.txt (Time: 0.00s)
✓ Generated graph n=90, m=853, seed=716820155901718944, type=POWLAW -> ./input/random_graphs/graph_90_853_POWLAW_716820155901718944.txt (Time: 0.00s)
✓ Generated graph n=90, m=853, seed=2909934787168262407, type=POWLAW -> ./input/random_graphs/graph_90_853_POWLAW_2909934787168262407.txt (Time: 0.00s)
✓ Generated graph n=90, m=853, seed=6529943913552561417, type=POWLAW -> ./input/random_graphs/graph_90_853_POWLAW_6529943913552561417.txt (Time: 0.00s)
✓ Generated graph n=90, m=853, seed=3817405844514670994, type=POWLAW -> ./input/random_graphs/graph_90_853_POWLAW_3817405844514670994.txt (Time: 0.00s)
✓ Generated graph n=90, m=853, seed=5349491008325879064, type=POWLAW -> ./input/random_graphs/graph_90_853_POWLAW_5349491008325879064.txt (Time: 0.00s)
✓ Generated graph n=90, m=853, seed=5063475852268941542, type=POWLAW -> ./input/random_graphs/graph_90_853_POWLAW_5063475852268941542.txt (Time: 0.00s)
✓ Generated graph n=90, m=853, seed=8446481348147407377, type=POWLAW -> ./input/random_graphs/graph_90_853_POWLAW_8446481348147407377.txt (Time: 0.00s)
✓ Generated graph n=90, m=853, seed=3713827327871807734, type=POWLAW -> ./input/random_graphs/graph_90_853_POWLAW_3713827327871807734.txt (Time: 0.00s)
✓ Generated graph n=90, m=853, seed=8718380604043999642, type=POWLAW -> ./input/random_graphs/graph_90_853_POWLAW_8718380604043999642.txt (Time: 0.00s)
✓ Generated graph n=90, m=853, seed=6022436717541034636, type=POWLAW -> ./input/random_graphs/graph_90_853_POWLAW_6022436717541034636.txt (Time: 0.00s)
✓ Generated graph n=90, m=853, seed=5108599054664628607, type=POWLAW -> ./input/random_graphs/graph_90_853_POWLAW_5108599054664628607.txt (Time: 0.00s)
✓ Generated graph n=90, m=853, seed=175493991617213850, type=POWLAW -> ./input/random_graphs/graph_90_853_POWLAW_175493991617213850.txt (Time: 0.00s)
✓ Generated graph n=90, m=853, seed=1170385908854608748, type=POWLAW -> ./input/random_graphs/graph_90_853_POWLAW_1170385908854608748.txt (Time: 0.00s)
✓ Generated graph n=90, m=853, seed=199422815561151340, type=POWLAW -> ./input/random_graphs/graph_90_853_POWLAW_199422815561151340.txt (Time: 0.00s)
✓ Generated graph n=90, m=853, seed=9130666990809746335, type=POWLAW -> ./input/random_graphs/graph_90_853_POWLAW_9130666990809746335.txt (Time: 0.00s)
✓ Generated graph n=90, m=853, seed=8794274795737982182, type=POWLAW -> ./input/random_graphs/graph_90_853_POWLAW_8794274795737982182.txt (Time: 0.00s)
✓ Generated graph n=90, m=853, seed=7644420139408884785, type=POWLAW -> ./input/random_graphs/graph_90_853_POWLAW_7644420139408884785.txt (Time: 0.00s)
✓ Generated graph n=90, m=853, seed=1458186392400727732, type=POWLAW -> ./input/random_graphs/graph_90_853_POWLAW_1458186392400727732.txt (Time: 0.00s)
✓ Generated graph n=90, m=853, seed=2089506265998900862, type=POWLAW -> ./input/random_graphs/graph_90_853_POWLAW_2089506265998900862.txt (Time: 0.00s)
✓ Generated graph n=90, m=853, seed=5497874167834979553, type=POWLAW -> ./input/random_graphs/graph_90_853_POWLAW_5497874167834979553.txt (Time: 0.00s)
✓ Generated graph n=90, m=853, seed=9060210648189963449, type=POWLAW -> ./input/random_graphs/graph_90_853_POWLAW_9060210648189963449.txt (Time: 0.00s)
✓ Generated graph n=90, m=853, seed=8626102704817790064, type=POWLAW -> ./input/random_graphs/graph_90_853_POWLAW_8626102704817790064.txt (Time: 0.00s)
✓ Generated graph n=90, m=853, seed=4250897495980125004, type=POWLAW -> ./input/random_graphs/graph_90_853_POWLAW_4250897495980125004.txt (Time: 0.00s)
✓ Generated graph n=90, m=853, seed=7905487461282246979, type=POWLAW -> ./input/random_graphs/graph_90_853_POWLAW_7905487461282246979.txt (Time: 0.00s)
✓ Generated graph n=90, m=853, seed=6764066939395682287, type=POWLAW -> ./input/random_graphs/graph_90_853_POWLAW_6764066939395682287.txt (Time: 0.01s)
✓ Generated graph n=90, m=853, seed=1332005502874566195, type=POWLAW -> ./input/random_graphs/graph_90_853_POWLAW_1332005502874566195.txt (Time: 0.00s)
✓ Generated graph n=90, m=853, seed=8448596294177070022, type=POWLAW -> ./input/random_graphs/graph_90_853_POWLAW_8448596294177070022.txt (Time: 0.00s)
✓ Generated graph n=90, m=853, seed=1722224698700348310, type=POWLAW -> ./input/random_graphs/graph_90_853_POWLAW_1722224698700348310.txt (Time: 0.00s)
✓ Generated graph n=90, m=853, seed=4060584409398689268, type=POWLAW -> ./input/random_graphs/graph_90_853_POWLAW_4060584409398689268.txt (Time: 0.00s)
✓ Generated graph n=90, m=853, seed=4795749165124911768, type=POWLAW -> ./input/random_graphs/graph_90_853_POWLAW_4795749165124911768.txt (Time: 0.00s)
✓ Generated graph n=90, m=853, seed=1392892770529522614, type=POWLAW -> ./input/random_graphs/graph_90_853_POWLAW_1392892770529522614.txt (Time: 0.00s)
✓ Generated graph n=90, m=853, seed=1992204328026194281, type=POWLAW -> ./input/random_graphs/graph_90_853_POWLAW_1992204328026194281.txt (Time: 0.00s)
✓ Generated graph n=90, m=853, seed=4934890601268679176, type=POWLAW -> ./input/random_graphs/graph_90_853_POWLAW_4934890601268679176.txt (Time: 0.00s)
✓ Generated graph n=90, m=853, seed=7118744415197196276, type=POWLAW -> ./input/random_graphs/graph_90_853_POWLAW_7118744415197196276.txt (Time: 0.00s)
✓ Generated graph n=90, m=853, seed=2718103348384927511, type=POWLAW -> ./input/random_graphs/graph_90_853_POWLAW_2718103348384927511.txt (Time: 0.00s)
✓ Generated graph n=90, m=853, seed=7449662661572224354, type=POWLAW -> ./input/random_graphs/graph_90_853_POWLAW_7449662661572224354.txt (Time: 0.00s)
✓ Generated graph n=90, m=853, seed=5894893360759659423, type=POWLAW -> ./input/random_graphs/graph_90_853_POWLAW_5894893360759659423.txt (Time: 0.00s)
✓ Generated graph n=90, m=853, seed=8867616339855336876, type=POWLAW -> ./input/random_graphs/graph_90_853_POWLAW_8867616339855336876.txt (Time: 0.00s)
✓ Generated graph n=100, m=1000, seed=6230961512046992311, type=POWLAW -> ./input/random_graphs/graph_100_1000_POWLAW_6230961512046992311.txt (Time: 0.00s)
✓ Generated graph n=90, m=853, seed=9059990922233379852, type=POWLAW -> ./input/random_graphs/graph_90_853_POWLAW_9059990922233379852.txt (Time: 0.00s)
✓ Generated graph n=90, m=853, seed=4940913311242578590, type=POWLAW -> ./input/random_graphs/graph_90_853_POWLAW_4940913311242578590.txt (Time: 0.00s)
✓ Generated graph n=100, m=1000, seed=3881801951614183357, type=POWLAW -> ./input/random_graphs/graph_100_1000_POWLAW_3881801951614183357.txt (Time: 0.00s)
✓ Generated graph n=90, m=853, seed=2264398621601381987, type=POWLAW -> ./input/random_graphs/graph_90_853_POWLAW_2264398621601381987.txt (Time: 0.00s)
✓ Generated graph n=100, m=1000, seed=5739955973604961613, type=POWLAW -> ./input/random_graphs/graph_100_1000_POWLAW_5739955973604961613.txt (Time: 0.00s)
✓ Generated graph n=100, m=1000, seed=7032710160631691991, type=POWLAW -> ./input/random_graphs/graph_100_1000_POWLAW_7032710160631691991.txt (Time: 0.00s)
✓ Generated graph n=90, m=853, seed=3221421291694197220, type=POWLAW -> ./input/random_graphs/graph_90_853_POWLAW_3221421291694197220.txt (Time: 0.00s)
✓ Generated graph n=100, m=1000, seed=7871178979383552919, type=POWLAW -> ./input/random_graphs/graph_100_1000_POWLAW_7871178979383552919.txt (Time: 0.00s)
✓ Generated graph n=100, m=1000, seed=3438400432146115956, type=POWLAW -> ./input/random_graphs/graph_100_1000_POWLAW_3438400432146115956.txt (Time: 0.00s)
✓ Generated graph n=90, m=853, seed=7632458674696225362, type=POWLAW -> ./input/random_graphs/graph_90_853_POWLAW_7632458674696225362.txt (Time: 0.00s)
✓ Generated graph n=100, m=1000, seed=1070244953599069350, type=POWLAW -> ./input/random_graphs/graph_100_1000_POWLAW_1070244953599069350.txt (Time: 0.00s)
✓ Generated graph n=100, m=1000, seed=7599700178212337699, type=POWLAW -> ./input/random_graphs/graph_100_1000_POWLAW_7599700178212337699.txt (Time: 0.00s)
✓ Generated graph n=100, m=1000, seed=6938562734920028532, type=POWLAW -> ./input/random_graphs/graph_100_1000_POWLAW_6938562734920028532.txt (Time: 0.00s)
✓ Generated graph n=100, m=1000, seed=4040737767143389431, type=POWLAW -> ./input/random_graphs/graph_100_1000_POWLAW_4040737767143389431.txt (Time: 0.00s)
✓ Generated graph n=100, m=1000, seed=6522163754831416203, type=POWLAW -> ./input/random_graphs/graph_100_1000_POWLAW_6522163754831416203.txt (Time: 0.00s)
✓ Generated graph n=100, m=1000, seed=5906957480796939447, type=POWLAW -> ./input/random_graphs/graph_100_1000_POWLAW_5906957480796939447.txt (Time: 0.00s)
✓ Generated graph n=100, m=1000, seed=1250005700364523649, type=POWLAW -> ./input/random_graphs/graph_100_1000_POWLAW_1250005700364523649.txt (Time: 0.00s)
✓ Generated graph n=100, m=1000, seed=2429002973740178792, type=POWLAW -> ./input/random_graphs/graph_100_1000_POWLAW_2429002973740178792.txt (Time: 0.00s)
✓ Generated graph n=100, m=1000, seed=1309542850049879452, type=POWLAW -> ./input/random_graphs/graph_100_1000_POWLAW_1309542850049879452.txt (Time: 0.00s)
✓ Generated graph n=100, m=1000, seed=7663871783842725848, type=POWLAW -> ./input/random_graphs/graph_100_1000_POWLAW_7663871783842725848.txt (Time: 0.00s)
✓ Generated graph n=100, m=1000, seed=320375091487821987, type=POWLAW -> ./input/random_graphs/graph_100_1000_POWLAW_320375091487821987.txt (Time: 0.00s)
✓ Generated graph n=100, m=1000, seed=1250773459040295677, type=POWLAW -> ./input/random_graphs/graph_100_1000_POWLAW_1250773459040295677.txt (Time: 0.00s)
✓ Generated graph n=100, m=1000, seed=7146860528564146064, type=POWLAW -> ./input/random_graphs/graph_100_1000_POWLAW_7146860528564146064.txt (Time: 0.00s)
✓ Generated graph n=90, m=853, seed=7983805977214098674, type=POWLAW -> ./input/random_graphs/graph_90_853_POWLAW_7983805977214098674.txt (Time: 0.00s)
✓ Generated graph n=100, m=1000, seed=3010622984418968408, type=POWLAW -> ./input/random_graphs/graph_100_1000_POWLAW_3010622984418968408.txt (Time: 0.00s)
✓ Generated graph n=100, m=1000, seed=1353182403971399009, type=POWLAW -> ./input/random_graphs/graph_100_1000_POWLAW_1353182403971399009.txt (Time: 0.00s)
✓ Generated graph n=100, m=1000, seed=5139481885857321791, type=POWLAW -> ./input/random_graphs/graph_100_1000_POWLAW_5139481885857321791.txt (Time: 0.00s)
✓ Generated graph n=100, m=1000, seed=7473196763798409428, type=POWLAW -> ./input/random_graphs/graph_100_1000_POWLAW_7473196763798409428.txt (Time: 0.00s)
✓ Generated graph n=100, m=1000, seed=6002685213311538187, type=POWLAW -> ./input/random_graphs/graph_100_1000_POWLAW_6002685213311538187.txt (Time: 0.00s)
✓ Generated graph n=100, m=1000, seed=5142811650494845597, type=POWLAW -> ./input/random_graphs/graph_100_1000_POWLAW_5142811650494845597.txt (Time: 0.00s)
✓ Generated graph n=100, m=1000, seed=6785030173969523435, type=POWLAW -> ./input/random_graphs/graph_100_1000_POWLAW_6785030173969523435.txt (Time: 0.00s)
✓ Generated graph n=100, m=1000, seed=521787134863155063, type=POWLAW -> ./input/random_graphs/graph_100_1000_POWLAW_521787134863155063.txt (Time: 0.00s)
✓ Generated graph n=100, m=1000, seed=7029781962072644698, type=POWLAW -> ./input/random_graphs/graph_100_1000_POWLAW_7029781962072644698.txt (Time: 0.00s)
✓ Generated graph n=100, m=1000, seed=1731523882129807996, type=POWLAW -> ./input/random_graphs/graph_100_1000_POWLAW_1731523882129807996.txt (Time: 0.00s)
✓ Generated graph n=100, m=1000, seed=5529616217668449934, type=POWLAW -> ./input/random_graphs/graph_100_1000_POWLAW_5529616217668449934.txt (Time: 0.00s)
✓ Generated graph n=100, m=1000, seed=1853590723603270879, type=POWLAW -> ./input/random_graphs/graph_100_1000_POWLAW_1853590723603270879.txt (Time: 0.00s)
✓ Generated graph n=100, m=1000, seed=5708372698381010775, type=POWLAW -> ./input/random_graphs/graph_100_1000_POWLAW_5708372698381010775.txt (Time: 0.00s)
✓ Generated graph n=100, m=1000, seed=1024517563182776983, type=POWLAW -> ./input/random_graphs/graph_100_1000_POWLAW_1024517563182776983.txt (Time: 0.00s)
✓ Generated graph n=100, m=1000, seed=3224265581699847191, type=POWLAW -> ./input/random_graphs/graph_100_1000_POWLAW_3224265581699847191.txt (Time: 0.00s)
✓ Generated graph n=100, m=1000, seed=5258051056098597521, type=POWLAW -> ./input/random_graphs/graph_100_1000_POWLAW_5258051056098597521.txt (Time: 0.00s)
✓ Generated graph n=100, m=1000, seed=1647170069535670909, type=POWLAW -> ./input/random_graphs/graph_100_1000_POWLAW_1647170069535670909.txt (Time: 0.00s)
✓ Generated graph n=100, m=1000, seed=4122784633514911760, type=POWLAW -> ./input/random_graphs/graph_100_1000_POWLAW_4122784633514911760.txt (Time: 0.00s)
✓ Generated graph n=100, m=1000, seed=1632192924771168275, type=POWLAW -> ./input/random_graphs/graph_100_1000_POWLAW_1632192924771168275.txt (Time: 0.00s)
✓ Generated graph n=100, m=1000, seed=6802378520969450157, type=POWLAW -> ./input/random_graphs/graph_100_1000_POWLAW_6802378520969450157.txt (Time: 0.00s)
✓ Generated graph n=100, m=1000, seed=6143643868734370809, type=POWLAW -> ./input/random_graphs/graph_100_1000_POWLAW_6143643868734370809.txt (Time: 0.00s)
✓ Generated graph n=100, m=1000, seed=824387247617288499, type=POWLAW -> ./input/random_graphs/graph_100_1000_POWLAW_824387247617288499.txt (Time: 0.00s)
✓ Generated graph n=100, m=1000, seed=7706236040662210848, type=POWLAW -> ./input/random_graphs/graph_100_1000_POWLAW_7706236040662210848.txt (Time: 0.00s)
✓ Generated graph n=100, m=1000, seed=5349491008325879064, type=POWLAW -> ./input/random_graphs/graph_100_1000_POWLAW_5349491008325879064.txt (Time: 0.00s)
✓ Generated graph n=100, m=1000, seed=7161906730445628483, type=POWLAW -> ./input/random_graphs/graph_100_1000_POWLAW_7161906730445628483.txt (Time: 0.00s)
✓ Generated graph n=100, m=1000, seed=5636411189175451024, type=POWLAW -> ./input/random_graphs/graph_100_1000_POWLAW_5636411189175451024.txt (Time: 0.00s)
✓ Generated graph n=100, m=1000, seed=3272308573967577038, type=POWLAW -> ./input/random_graphs/graph_100_1000_POWLAW_3272308573967577038.txt (Time: 0.00s)
✓ Generated graph n=100, m=1000, seed=4552998297316576788, type=POWLAW -> ./input/random_graphs/graph_100_1000_POWLAW_4552998297316576788.txt (Time: 0.00s)
✓ Generated graph n=100, m=1000, seed=8031431416522537101, type=POWLAW -> ./input/random_graphs/graph_100_1000_POWLAW_8031431416522537101.txt (Time: 0.00s)
✓ Generated graph n=100, m=1000, seed=3865339568260874865, type=POWLAW -> ./input/random_graphs/graph_100_1000_POWLAW_3865339568260874865.txt (Time: 0.00s)
✓ Generated graph n=100, m=1000, seed=7917045922527545890, type=POWLAW -> ./input/random_graphs/graph_100_1000_POWLAW_7917045922527545890.txt (Time: 0.00s)
✓ Generated graph n=100, m=1000, seed=4445925461710302877, type=POWLAW -> ./input/random_graphs/graph_100_1000_POWLAW_4445925461710302877.txt (Time: 0.00s)
✓ Generated graph n=100, m=1000, seed=6224222471595207695, type=POWLAW -> ./input/random_graphs/graph_100_1000_POWLAW_6224222471595207695.txt (Time: 0.00s)
✓ Generated graph n=100, m=1000, seed=1128313391724783137, type=POWLAW -> ./input/random_graphs/graph_100_1000_POWLAW_1128313391724783137.txt (Time: 0.00s)
✓ Generated graph n=100, m=1000, seed=7921282862123281598, type=POWLAW -> ./input/random_graphs/graph_100_1000_POWLAW_7921282862123281598.txt (Time: 0.00s)
✓ Generated graph n=100, m=1000, seed=7938560551762094560, type=POWLAW -> ./input/random_graphs/graph_100_1000_POWLAW_7938560551762094560.txt (Time: 0.00s)
✓ Generated graph n=100, m=1000, seed=8718380604043999642, type=POWLAW -> ./input/random_graphs/graph_100_1000_POWLAW_8718380604043999642.txt (Time: 0.00s)
✓ Generated graph n=100, m=1000, seed=6614505080519948832, type=POWLAW -> ./input/random_graphs/graph_100_1000_POWLAW_6614505080519948832.txt (Time: 0.00s)
✓ Generated graph n=100, m=1000, seed=716820155901718944, type=POWLAW -> ./input/random_graphs/graph_100_1000_POWLAW_716820155901718944.txt (Time: 0.00s)
✓ Generated graph n=100, m=1000, seed=5063475852268941542, type=POWLAW -> ./input/random_graphs/graph_100_1000_POWLAW_5063475852268941542.txt (Time: 0.00s)
✓ Generated graph n=100, m=1000, seed=3817405844514670994, type=POWLAW -> ./input/random_graphs/graph_100_1000_POWLAW_3817405844514670994.txt (Time: 0.00s)
✓ Generated graph n=100, m=1000, seed=8446481348147407377, type=POWLAW -> ./input/random_graphs/graph_100_1000_POWLAW_8446481348147407377.txt (Time: 0.00s)
✓ Generated graph n=100, m=1000, seed=6022436717541034636, type=POWLAW -> ./input/random_graphs/graph_100_1000_POWLAW_6022436717541034636.txt (Time: 0.00s)
✓ Generated graph n=100, m=1000, seed=6529943913552561417, type=POWLAW -> ./input/random_graphs/graph_100_1000_POWLAW_6529943913552561417.txt (Time: 0.00s)
✓ Generated graph n=100, m=1000, seed=4997514996153925447, type=POWLAW -> ./input/random_graphs/graph_100_1000_POWLAW_4997514996153925447.txt (Time: 0.00s)
✓ Generated graph n=100, m=1000, seed=1170385908854608748, type=POWLAW -> ./input/random_graphs/graph_100_1000_POWLAW_1170385908854608748.txt (Time: 0.00s)
✓ Generated graph n=100, m=1000, seed=199422815561151340, type=POWLAW -> ./input/random_graphs/graph_100_1000_POWLAW_199422815561151340.txt (Time: 0.00s)
✓ Generated graph n=100, m=1000, seed=3713827327871807734, type=POWLAW -> ./input/random_graphs/graph_100_1000_POWLAW_3713827327871807734.txt (Time: 0.00s)
✓ Generated graph n=100, m=1000, seed=2909934787168262407, type=POWLAW -> ./input/random_graphs/graph_100_1000_POWLAW_2909934787168262407.txt (Time: 0.00s)
✓ Generated graph n=100, m=1000, seed=175493991617213850, type=POWLAW -> ./input/random_graphs/graph_100_1000_POWLAW_175493991617213850.txt (Time: 0.00s)
✓ Generated graph n=100, m=1000, seed=6764066939395682287, type=POWLAW -> ./input/random_graphs/graph_100_1000_POWLAW_6764066939395682287.txt (Time: 0.00s)
✓ Generated graph n=100, m=1000, seed=9130666990809746335, type=POWLAW -> ./input/random_graphs/graph_100_1000_POWLAW_9130666990809746335.txt (Time: 0.00s)
✓ Generated graph n=100, m=1000, seed=7644420139408884785, type=POWLAW -> ./input/random_graphs/graph_100_1000_POWLAW_7644420139408884785.txt (Time: 0.00s)
✓ Generated graph n=100, m=1000, seed=1458186392400727732, type=POWLAW -> ./input/random_graphs/graph_100_1000_POWLAW_1458186392400727732.txt (Time: 0.00s)
✓ Generated graph n=100, m=1000, seed=1392892770529522614, type=POWLAW -> ./input/random_graphs/graph_100_1000_POWLAW_1392892770529522614.txt (Time: 0.00s)
✓ Generated graph n=100, m=1000, seed=9060210648189963449, type=POWLAW -> ./input/random_graphs/graph_100_1000_POWLAW_9060210648189963449.txt (Time: 0.00s)
✓ Generated graph n=100, m=1000, seed=1722224698700348310, type=POWLAW -> ./input/random_graphs/graph_100_1000_POWLAW_1722224698700348310.txt (Time: 0.00s)
✓ Generated graph n=100, m=1000, seed=2089506265998900862, type=POWLAW -> ./input/random_graphs/graph_100_1000_POWLAW_2089506265998900862.txt (Time: 0.00s)
✓ Generated graph n=100, m=1000, seed=8448596294177070022, type=POWLAW -> ./input/random_graphs/graph_100_1000_POWLAW_8448596294177070022.txt (Time: 0.00s)
✓ Generated graph n=100, m=1000, seed=8794274795737982182, type=POWLAW -> ./input/random_graphs/graph_100_1000_POWLAW_8794274795737982182.txt (Time: 0.00s)
✓ Generated graph n=100, m=1000, seed=1332005502874566195, type=POWLAW -> ./input/random_graphs/graph_100_1000_POWLAW_1332005502874566195.txt (Time: 0.00s)
✓ Generated graph n=100, m=1000, seed=5108599054664628607, type=POWLAW -> ./input/random_graphs/graph_100_1000_POWLAW_5108599054664628607.txt (Time: 0.01s)
✓ Generated graph n=100, m=1000, seed=5497874167834979553, type=POWLAW -> ./input/random_graphs/graph_100_1000_POWLAW_5497874167834979553.txt (Time: 0.00s)
✓ Generated graph n=100, m=1000, seed=4060584409398689268, type=POWLAW -> ./input/random_graphs/graph_100_1000_POWLAW_4060584409398689268.txt (Time: 0.00s)
✓ Generated graph n=100, m=1000, seed=8626102704817790064, type=POWLAW -> ./input/random_graphs/graph_100_1000_POWLAW_8626102704817790064.txt (Time: 0.00s)
✓ Generated graph n=100, m=1000, seed=7905487461282246979, type=POWLAW -> ./input/random_graphs/graph_100_1000_POWLAW_7905487461282246979.txt (Time: 0.00s)
✓ Generated graph n=100, m=1000, seed=1992204328026194281, type=POWLAW -> ./input/random_graphs/graph_100_1000_POWLAW_1992204328026194281.txt (Time: 0.00s)
✓ Generated graph n=100, m=1000, seed=4934890601268679176, type=POWLAW -> ./input/random_graphs/graph_100_1000_POWLAW_4934890601268679176.txt (Time: 0.00s)
✓ Generated graph n=100, m=1000, seed=3221421291694197220, type=POWLAW -> ./input/random_graphs/graph_100_1000_POWLAW_3221421291694197220.txt (Time: 0.00s)
✓ Generated graph n=100, m=1000, seed=4795749165124911768, type=POWLAW -> ./input/random_graphs/graph_100_1000_POWLAW_4795749165124911768.txt (Time: 0.00s)
✓ Generated graph n=100, m=1000, seed=7118744415197196276, type=POWLAW -> ./input/random_graphs/graph_100_1000_POWLAW_7118744415197196276.txt (Time: 0.00s)
✓ Generated graph n=100, m=1000, seed=9059990922233379852, type=POWLAW -> ./input/random_graphs/graph_100_1000_POWLAW_9059990922233379852.txt (Time: 0.00s)
✓ Generated graph n=100, m=1000, seed=7449662661572224354, type=POWLAW -> ./input/random_graphs/graph_100_1000_POWLAW_7449662661572224354.txt (Time: 0.00s)
✓ Generated graph n=100, m=1000, seed=8867616339855336876, type=POWLAW -> ./input/random_graphs/graph_100_1000_POWLAW_8867616339855336876.txt (Time: 0.00s)
✓ Generated graph n=100, m=1000, seed=7983805977214098674, type=POWLAW -> ./input/random_graphs/graph_100_1000_POWLAW_7983805977214098674.txt (Time: 0.00s)
✓ Generated graph n=100, m=1000, seed=4250897495980125004, type=POWLAW -> ./input/random_graphs/graph_100_1000_POWLAW_4250897495980125004.txt (Time: 0.01s)
✓ Generated graph n=100, m=1000, seed=4940913311242578590, type=POWLAW -> ./input/random_graphs/graph_100_1000_POWLAW_4940913311242578590.txt (Time: 0.00s)
✓ Generated graph n=100, m=1000, seed=5894893360759659423, type=POWLAW -> ./input/random_graphs/graph_100_1000_POWLAW_5894893360759659423.txt (Time: 0.00s)
✓ Generated graph n=100, m=1000, seed=7632458674696225362, type=POWLAW -> ./input/random_graphs/graph_100_1000_POWLAW_7632458674696225362.txt (Time: 0.00s)
✓ Generated graph n=200, m=2828, seed=6230961512046992311, type=POWLAW -> ./input/random_graphs/graph_200_2828_POWLAW_6230961512046992311.txt (Time: 0.00s)
✓ Generated graph n=100, m=1000, seed=2718103348384927511, type=POWLAW -> ./input/random_graphs/graph_100_1000_POWLAW_2718103348384927511.txt (Time: 0.00s)
✓ Generated graph n=200, m=2828, seed=3881801951614183357, type=POWLAW -> ./input/random_graphs/graph_200_2828_POWLAW_3881801951614183357.txt (Time: 0.00s)
✓ Generated graph n=100, m=1000, seed=2264398621601381987, type=POWLAW -> ./input/random_graphs/graph_100_1000_POWLAW_2264398621601381987.txt (Time: 0.00s)
✓ Generated graph n=200, m=2828, seed=5739955973604961613, type=POWLAW -> ./input/random_graphs/graph_200_2828_POWLAW_5739955973604961613.txt (Time: 0.00s)
✓ Generated graph n=200, m=2828, seed=7871178979383552919, type=POWLAW -> ./input/random_graphs/graph_200_2828_POWLAW_7871178979383552919.txt (Time: 0.00s)
✓ Generated graph n=200, m=2828, seed=7032710160631691991, type=POWLAW -> ./input/random_graphs/graph_200_2828_POWLAW_7032710160631691991.txt (Time: 0.00s)
✓ Generated graph n=200, m=2828, seed=6522163754831416203, type=POWLAW -> ./input/random_graphs/graph_200_2828_POWLAW_6522163754831416203.txt (Time: 0.00s)
✓ Generated graph n=200, m=2828, seed=2429002973740178792, type=POWLAW -> ./input/random_graphs/graph_200_2828_POWLAW_2429002973740178792.txt (Time: 0.00s)
✓ Generated graph n=200, m=2828, seed=1353182403971399009, type=POWLAW -> ./input/random_graphs/graph_200_2828_POWLAW_1353182403971399009.txt (Time: 0.00s)
✓ Generated graph n=200, m=2828, seed=1070244953599069350, type=POWLAW -> ./input/random_graphs/graph_200_2828_POWLAW_1070244953599069350.txt (Time: 0.00s)
✓ Generated graph n=200, m=2828, seed=6938562734920028532, type=POWLAW -> ./input/random_graphs/graph_200_2828_POWLAW_6938562734920028532.txt (Time: 0.00s)
✓ Generated graph n=200, m=2828, seed=7599700178212337699, type=POWLAW -> ./input/random_graphs/graph_200_2828_POWLAW_7599700178212337699.txt (Time: 0.00s)
✓ Generated graph n=200, m=2828, seed=1250005700364523649, type=POWLAW -> ./input/random_graphs/graph_200_2828_POWLAW_1250005700364523649.txt (Time: 0.00s)
✓ Generated graph n=200, m=2828, seed=5906957480796939447, type=POWLAW -> ./input/random_graphs/graph_200_2828_POWLAW_5906957480796939447.txt (Time: 0.00s)
✓ Generated graph n=200, m=2828, seed=320375091487821987, type=POWLAW -> ./input/random_graphs/graph_200_2828_POWLAW_320375091487821987.txt (Time: 0.00s)
✓ Generated graph n=200, m=2828, seed=5142811650494845597, type=POWLAW -> ./input/random_graphs/graph_200_2828_POWLAW_5142811650494845597.txt (Time: 0.00s)
✓ Generated graph n=200, m=2828, seed=7473196763798409428, type=POWLAW -> ./input/random_graphs/graph_200_2828_POWLAW_7473196763798409428.txt (Time: 0.00s)
✓ Generated graph n=200, m=2828, seed=4040737767143389431, type=POWLAW -> ./input/random_graphs/graph_200_2828_POWLAW_4040737767143389431.txt (Time: 0.01s)
✓ Generated graph n=200, m=2828, seed=7663871783842725848, type=POWLAW -> ./input/random_graphs/graph_200_2828_POWLAW_7663871783842725848.txt (Time: 0.01s)
✓ Generated graph n=200, m=2828, seed=7146860528564146064, type=POWLAW -> ./input/random_graphs/graph_200_2828_POWLAW_7146860528564146064.txt (Time: 0.00s)
✓ Generated graph n=200, m=2828, seed=1250773459040295677, type=POWLAW -> ./input/random_graphs/graph_200_2828_POWLAW_1250773459040295677.txt (Time: 0.00s)
✓ Generated graph n=200, m=2828, seed=3010622984418968408, type=POWLAW -> ./input/random_graphs/graph_200_2828_POWLAW_3010622984418968408.txt (Time: 0.00s)
✓ Generated graph n=200, m=2828, seed=3438400432146115956, type=POWLAW -> ./input/random_graphs/graph_200_2828_POWLAW_3438400432146115956.txt (Time: 0.00s)
✓ Generated graph n=200, m=2828, seed=5139481885857321791, type=POWLAW -> ./input/random_graphs/graph_200_2828_POWLAW_5139481885857321791.txt (Time: 0.00s)
✓ Generated graph n=200, m=2828, seed=1309542850049879452, type=POWLAW -> ./input/random_graphs/graph_200_2828_POWLAW_1309542850049879452.txt (Time: 0.00s)
✓ Generated graph n=200, m=2828, seed=5708372698381010775, type=POWLAW -> ./input/random_graphs/graph_200_2828_POWLAW_5708372698381010775.txt (Time: 0.00s)
✓ Generated graph n=200, m=2828, seed=6002685213311538187, type=POWLAW -> ./input/random_graphs/graph_200_2828_POWLAW_6002685213311538187.txt (Time: 0.00s)
✓ Generated graph n=200, m=2828, seed=1731523882129807996, type=POWLAW -> ./input/random_graphs/graph_200_2828_POWLAW_1731523882129807996.txt (Time: 0.00s)
✓ Generated graph n=200, m=2828, seed=824387247617288499, type=POWLAW -> ./input/random_graphs/graph_200_2828_POWLAW_824387247617288499.txt (Time: 0.00s)
✓ Generated graph n=200, m=2828, seed=7029781962072644698, type=POWLAW -> ./input/random_graphs/graph_200_2828_POWLAW_7029781962072644698.txt (Time: 0.00s)
✓ Generated graph n=200, m=2828, seed=6785030173969523435, type=POWLAW -> ./input/random_graphs/graph_200_2828_POWLAW_6785030173969523435.txt (Time: 0.00s)
✓ Generated graph n=200, m=2828, seed=5529616217668449934, type=POWLAW -> ./input/random_graphs/graph_200_2828_POWLAW_5529616217668449934.txt (Time: 0.00s)
✓ Generated graph n=200, m=2828, seed=1853590723603270879, type=POWLAW -> ./input/random_graphs/graph_200_2828_POWLAW_1853590723603270879.txt (Time: 0.00s)
✓ Generated graph n=200, m=2828, seed=6802378520969450157, type=POWLAW -> ./input/random_graphs/graph_200_2828_POWLAW_6802378520969450157.txt (Time: 0.00s)
✓ Generated graph n=200, m=2828, seed=521787134863155063, type=POWLAW -> ./input/random_graphs/graph_200_2828_POWLAW_521787134863155063.txt (Time: 0.00s)
✓ Generated graph n=200, m=2828, seed=4552998297316576788, type=POWLAW -> ./input/random_graphs/graph_200_2828_POWLAW_4552998297316576788.txt (Time: 0.00s)
✓ Generated graph n=200, m=2828, seed=7161906730445628483, type=POWLAW -> ./input/random_graphs/graph_200_2828_POWLAW_7161906730445628483.txt (Time: 0.00s)
✓ Generated graph n=200, m=2828, seed=4122784633514911760, type=POWLAW -> ./input/random_graphs/graph_200_2828_POWLAW_4122784633514911760.txt (Time: 0.00s)
✓ Generated graph n=200, m=2828, seed=1024517563182776983, type=POWLAW -> ./input/random_graphs/graph_200_2828_POWLAW_1024517563182776983.txt (Time: 0.00s)
✓ Generated graph n=200, m=2828, seed=7706236040662210848, type=POWLAW -> ./input/random_graphs/graph_200_2828_POWLAW_7706236040662210848.txt (Time: 0.00s)
✓ Generated graph n=200, m=2828, seed=1632192924771168275, type=POWLAW -> ./input/random_graphs/graph_200_2828_POWLAW_1632192924771168275.txt (Time: 0.00s)
✓ Generated graph n=200, m=2828, seed=1647170069535670909, type=POWLAW -> ./input/random_graphs/graph_200_2828_POWLAW_1647170069535670909.txt (Time: 0.00s)
✓ Generated graph n=200, m=2828, seed=3224265581699847191, type=POWLAW -> ./input/random_graphs/graph_200_2828_POWLAW_3224265581699847191.txt (Time: 0.00s)
✓ Generated graph n=200, m=2828, seed=5636411189175451024, type=POWLAW -> ./input/random_graphs/graph_200_2828_POWLAW_5636411189175451024.txt (Time: 0.00s)
✓ Generated graph n=200, m=2828, seed=3865339568260874865, type=POWLAW -> ./input/random_graphs/graph_200_2828_POWLAW_3865339568260874865.txt (Time: 0.00s)
✓ Generated graph n=200, m=2828, seed=5258051056098597521, type=POWLAW -> ./input/random_graphs/graph_200_2828_POWLAW_5258051056098597521.txt (Time: 0.00s)
✓ Generated graph n=200, m=2828, seed=3272308573967577038, type=POWLAW -> ./input/random_graphs/graph_200_2828_POWLAW_3272308573967577038.txt (Time: 0.00s)
✓ Generated graph n=200, m=2828, seed=5349491008325879064, type=POWLAW -> ./input/random_graphs/graph_200_2828_POWLAW_5349491008325879064.txt (Time: 0.00s)
✓ Generated graph n=200, m=2828, seed=6614505080519948832, type=POWLAW -> ./input/random_graphs/graph_200_2828_POWLAW_6614505080519948832.txt (Time: 0.00s)
✓ Generated graph n=200, m=2828, seed=6143643868734370809, type=POWLAW -> ./input/random_graphs/graph_200_2828_POWLAW_6143643868734370809.txt (Time: 0.00s)
✓ Generated graph n=200, m=2828, seed=4445925461710302877, type=POWLAW -> ./input/random_graphs/graph_200_2828_POWLAW_4445925461710302877.txt (Time: 0.00s)
✓ Generated graph n=200, m=2828, seed=6224222471595207695, type=POWLAW -> ./input/random_graphs/graph_200_2828_POWLAW_6224222471595207695.txt (Time: 0.00s)
✓ Generated graph n=200, m=2828, seed=7917045922527545890, type=POWLAW -> ./input/random_graphs/graph_200_2828_POWLAW_7917045922527545890.txt (Time: 0.00s)
✓ Generated graph n=200, m=2828, seed=8718380604043999642, type=POWLAW -> ./input/random_graphs/graph_200_2828_POWLAW_8718380604043999642.txt (Time: 0.00s)
✓ Generated graph n=200, m=2828, seed=7921282862123281598, type=POWLAW -> ./input/random_graphs/graph_200_2828_POWLAW_7921282862123281598.txt (Time: 0.00s)
✓ Generated graph n=200, m=2828, seed=7938560551762094560, type=POWLAW -> ./input/random_graphs/graph_200_2828_POWLAW_7938560551762094560.txt (Time: 0.00s)
✓ Generated graph n=200, m=2828, seed=8446481348147407377, type=POWLAW -> ./input/random_graphs/graph_200_2828_POWLAW_8446481348147407377.txt (Time: 0.00s)
✓ Generated graph n=200, m=2828, seed=3713827327871807734, type=POWLAW -> ./input/random_graphs/graph_200_2828_POWLAW_3713827327871807734.txt (Time: 0.00s)
✓ Generated graph n=200, m=2828, seed=2909934787168262407, type=POWLAW -> ./input/random_graphs/graph_200_2828_POWLAW_2909934787168262407.txt (Time: 0.00s)
✓ Generated graph n=200, m=2828, seed=1128313391724783137, type=POWLAW -> ./input/random_graphs/graph_200_2828_POWLAW_1128313391724783137.txt (Time: 0.01s)
✓ Generated graph n=200, m=2828, seed=4997514996153925447, type=POWLAW -> ./input/random_graphs/graph_200_2828_POWLAW_4997514996153925447.txt (Time: 0.00s)
✓ Generated graph n=200, m=2828, seed=3817405844514670994, type=POWLAW -> ./input/random_graphs/graph_200_2828_POWLAW_3817405844514670994.txt (Time: 0.00s)
✓ Generated graph n=200, m=2828, seed=716820155901718944, type=POWLAW -> ./input/random_graphs/graph_200_2828_POWLAW_716820155901718944.txt (Time: 0.00s)
✓ Generated graph n=200, m=2828, seed=199422815561151340, type=POWLAW -> ./input/random_graphs/graph_200_2828_POWLAW_199422815561151340.txt (Time: 0.00s)
✓ Generated graph n=200, m=2828, seed=1170385908854608748, type=POWLAW -> ./input/random_graphs/graph_200_2828_POWLAW_1170385908854608748.txt (Time: 0.00s)
✓ Generated graph n=200, m=2828, seed=6529943913552561417, type=POWLAW -> ./input/random_graphs/graph_200_2828_POWLAW_6529943913552561417.txt (Time: 0.00s)
✓ Generated graph n=200, m=2828, seed=9130666990809746335, type=POWLAW -> ./input/random_graphs/graph_200_2828_POWLAW_9130666990809746335.txt (Time: 0.00s)
✓ Generated graph n=200, m=2828, seed=6022436717541034636, type=POWLAW -> ./input/random_graphs/graph_200_2828_POWLAW_6022436717541034636.txt (Time: 0.00s)
✓ Generated graph n=200, m=2828, seed=5063475852268941542, type=POWLAW -> ./input/random_graphs/graph_200_2828_POWLAW_5063475852268941542.txt (Time: 0.01s)
✓ Generated graph n=200, m=2828, seed=8031431416522537101, type=POWLAW -> ./input/random_graphs/graph_200_2828_POWLAW_8031431416522537101.txt (Time: 0.00s)
✓ Generated graph n=200, m=2828, seed=6764066939395682287, type=POWLAW -> ./input/random_graphs/graph_200_2828_POWLAW_6764066939395682287.txt (Time: 0.00s)
✓ Generated graph n=200, m=2828, seed=7644420139408884785, type=POWLAW -> ./input/random_graphs/graph_200_2828_POWLAW_7644420139408884785.txt (Time: 0.00s)
✓ Generated graph n=200, m=2828, seed=175493991617213850, type=POWLAW -> ./input/random_graphs/graph_200_2828_POWLAW_175493991617213850.txt (Time: 0.00s)
✓ Generated graph n=200, m=2828, seed=5108599054664628607, type=POWLAW -> ./input/random_graphs/graph_200_2828_POWLAW_5108599054664628607.txt (Time: 0.00s)
✓ Generated graph n=200, m=2828, seed=1458186392400727732, type=POWLAW -> ./input/random_graphs/graph_200_2828_POWLAW_1458186392400727732.txt (Time: 0.00s)
✓ Generated graph n=200, m=2828, seed=2089506265998900862, type=POWLAW -> ./input/random_graphs/graph_200_2828_POWLAW_2089506265998900862.txt (Time: 0.00s)
✓ Generated graph n=200, m=2828, seed=9060210648189963449, type=POWLAW -> ./input/random_graphs/graph_200_2828_POWLAW_9060210648189963449.txt (Time: 0.00s)
✓ Generated graph n=200, m=2828, seed=8626102704817790064, type=POWLAW -> ./input/random_graphs/graph_200_2828_POWLAW_8626102704817790064.txt (Time: 0.00s)
✓ Generated graph n=200, m=2828, seed=1392892770529522614, type=POWLAW -> ./input/random_graphs/graph_200_2828_POWLAW_1392892770529522614.txt (Time: 0.00s)
✓ Generated graph n=200, m=2828, seed=4060584409398689268, type=POWLAW -> ./input/random_graphs/graph_200_2828_POWLAW_4060584409398689268.txt (Time: 0.00s)
✓ Generated graph n=200, m=2828, seed=8794274795737982182, type=POWLAW -> ./input/random_graphs/graph_200_2828_POWLAW_8794274795737982182.txt (Time: 0.00s)
✓ Generated graph n=200, m=2828, seed=1332005502874566195, type=POWLAW -> ./input/random_graphs/graph_200_2828_POWLAW_1332005502874566195.txt (Time: 0.00s)
✓ Generated graph n=200, m=2828, seed=4795749165124911768, type=POWLAW -> ./input/random_graphs/graph_200_2828_POWLAW_4795749165124911768.txt (Time: 0.00s)
✓ Generated graph n=200, m=2828, seed=4934890601268679176, type=POWLAW -> ./input/random_graphs/graph_200_2828_POWLAW_4934890601268679176.txt (Time: 0.00s)
✓ Generated graph n=200, m=2828, seed=4250897495980125004, type=POWLAW -> ./input/random_graphs/graph_200_2828_POWLAW_4250897495980125004.txt (Time: 0.00s)
✓ Generated graph n=200, m=2828, seed=5497874167834979553, type=POWLAW -> ./input/random_graphs/graph_200_2828_POWLAW_5497874167834979553.txt (Time: 0.00s)
✓ Generated graph n=200, m=2828, seed=8448596294177070022, type=POWLAW -> ./input/random_graphs/graph_200_2828_POWLAW_8448596294177070022.txt (Time: 0.00s)
✓ Generated graph n=200, m=2828, seed=1722224698700348310, type=POWLAW -> ./input/random_graphs/graph_200_2828_POWLAW_1722224698700348310.txt (Time: 0.00s)
✓ Generated graph n=200, m=2828, seed=7905487461282246979, type=POWLAW -> ./input/random_graphs/graph_200_2828_POWLAW_7905487461282246979.txt (Time: 0.00s)
✓ Generated graph n=200, m=2828, seed=1992204328026194281, type=POWLAW -> ./input/random_graphs/graph_200_2828_POWLAW_1992204328026194281.txt (Time: 0.00s)
✓ Generated graph n=200, m=2828, seed=7118744415197196276, type=POWLAW -> ./input/random_graphs/graph_200_2828_POWLAW_7118744415197196276.txt (Time: 0.00s)
✓ Generated graph n=200, m=2828, seed=2718103348384927511, type=POWLAW -> ./input/random_graphs/graph_200_2828_POWLAW_2718103348384927511.txt (Time: 0.00s)
✓ Generated graph n=200, m=2828, seed=9059990922233379852, type=POWLAW -> ./input/random_graphs/graph_200_2828_POWLAW_9059990922233379852.txt (Time: 0.00s)
✓ Generated graph n=200, m=2828, seed=7449662661572224354, type=POWLAW -> ./input/random_graphs/graph_200_2828_POWLAW_7449662661572224354.txt (Time: 0.00s)
✓ Generated graph n=200, m=2828, seed=3221421291694197220, type=POWLAW -> ./input/random_graphs/graph_200_2828_POWLAW_3221421291694197220.txt (Time: 0.00s)
✓ Generated graph n=200, m=2828, seed=8867616339855336876, type=POWLAW -> ./input/random_graphs/graph_200_2828_POWLAW_8867616339855336876.txt (Time: 0.00s)
✓ Generated graph n=200, m=2828, seed=7983805977214098674, type=POWLAW -> ./input/random_graphs/graph_200_2828_POWLAW_7983805977214098674.txt (Time: 0.00s)
✓ Generated graph n=200, m=2828, seed=7632458674696225362, type=POWLAW -> ./input/random_graphs/graph_200_2828_POWLAW_7632458674696225362.txt (Time: 0.00s)
✓ Generated graph n=200, m=2828, seed=4940913311242578590, type=POWLAW -> ./input/random_graphs/graph_200_2828_POWLAW_4940913311242578590.txt (Time: 0.00s)
✓ Generated graph n=300, m=5196, seed=6230961512046992311, type=POWLAW -> ./input/random_graphs/graph_300_5196_POWLAW_6230961512046992311.txt (Time: 0.00s)
✓ Generated graph n=200, m=2828, seed=5894893360759659423, type=POWLAW -> ./input/random_graphs/graph_200_2828_POWLAW_5894893360759659423.txt (Time: 0.00s)
✓ Generated graph n=300, m=5196, seed=7871178979383552919, type=POWLAW -> ./input/random_graphs/graph_300_5196_POWLAW_7871178979383552919.txt (Time: 0.00s)
✓ Generated graph n=200, m=2828, seed=2264398621601381987, type=POWLAW -> ./input/random_graphs/graph_200_2828_POWLAW_2264398621601381987.txt (Time: 0.00s)
✓ Generated graph n=300, m=5196, seed=3881801951614183357, type=POWLAW -> ./input/random_graphs/graph_300_5196_POWLAW_3881801951614183357.txt (Time: 0.00s)
✓ Generated graph n=300, m=5196, seed=5739955973604961613, type=POWLAW -> ./input/random_graphs/graph_300_5196_POWLAW_5739955973604961613.txt (Time: 0.00s)
✓ Generated graph n=300, m=5196, seed=7599700178212337699, type=POWLAW -> ./input/random_graphs/graph_300_5196_POWLAW_7599700178212337699.txt (Time: 0.00s)
✓ Generated graph n=300, m=5196, seed=7032710160631691991, type=POWLAW -> ./input/random_graphs/graph_300_5196_POWLAW_7032710160631691991.txt (Time: 0.00s)
✓ Generated graph n=300, m=5196, seed=1070244953599069350, type=POWLAW -> ./input/random_graphs/graph_300_5196_POWLAW_1070244953599069350.txt (Time: 0.00s)
✓ Generated graph n=300, m=5196, seed=1353182403971399009, type=POWLAW -> ./input/random_graphs/graph_300_5196_POWLAW_1353182403971399009.txt (Time: 0.00s)
✓ Generated graph n=300, m=5196, seed=6522163754831416203, type=POWLAW -> ./input/random_graphs/graph_300_5196_POWLAW_6522163754831416203.txt (Time: 0.00s)
✓ Generated graph n=300, m=5196, seed=6938562734920028532, type=POWLAW -> ./input/random_graphs/graph_300_5196_POWLAW_6938562734920028532.txt (Time: 0.00s)
✓ Generated graph n=300, m=5196, seed=4040737767143389431, type=POWLAW -> ./input/random_graphs/graph_300_5196_POWLAW_4040737767143389431.txt (Time: 0.00s)
✓ Generated graph n=300, m=5196, seed=1309542850049879452, type=POWLAW -> ./input/random_graphs/graph_300_5196_POWLAW_1309542850049879452.txt (Time: 0.00s)
✓ Generated graph n=300, m=5196, seed=7663871783842725848, type=POWLAW -> ./input/random_graphs/graph_300_5196_POWLAW_7663871783842725848.txt (Time: 0.00s)
✓ Generated graph n=300, m=5196, seed=1250005700364523649, type=POWLAW -> ./input/random_graphs/graph_300_5196_POWLAW_1250005700364523649.txt (Time: 0.00s)
✓ Generated graph n=300, m=5196, seed=2429002973740178792, type=POWLAW -> ./input/random_graphs/graph_300_5196_POWLAW_2429002973740178792.txt (Time: 0.01s)
✓ Generated graph n=300, m=5196, seed=320375091487821987, type=POWLAW -> ./input/random_graphs/graph_300_5196_POWLAW_320375091487821987.txt (Time: 0.00s)
✓ Generated graph n=300, m=5196, seed=1250773459040295677, type=POWLAW -> ./input/random_graphs/graph_300_5196_POWLAW_1250773459040295677.txt (Time: 0.00s)
✓ Generated graph n=300, m=5196, seed=7146860528564146064, type=POWLAW -> ./input/random_graphs/graph_300_5196_POWLAW_7146860528564146064.txt (Time: 0.00s)
✓ Generated graph n=300, m=5196, seed=5906957480796939447, type=POWLAW -> ./input/random_graphs/graph_300_5196_POWLAW_5906957480796939447.txt (Time: 0.01s)
✓ Generated graph n=300, m=5196, seed=7473196763798409428, type=POWLAW -> ./input/random_graphs/graph_300_5196_POWLAW_7473196763798409428.txt (Time: 0.00s)
✓ Generated graph n=300, m=5196, seed=3438400432146115956, type=POWLAW -> ./input/random_graphs/graph_300_5196_POWLAW_3438400432146115956.txt (Time: 0.00s)
✓ Generated graph n=300, m=5196, seed=3010622984418968408, type=POWLAW -> ./input/random_graphs/graph_300_5196_POWLAW_3010622984418968408.txt (Time: 0.00s)
✓ Generated graph n=300, m=5196, seed=6002685213311538187, type=POWLAW -> ./input/random_graphs/graph_300_5196_POWLAW_6002685213311538187.txt (Time: 0.00s)
✓ Generated graph n=300, m=5196, seed=521787134863155063, type=POWLAW -> ./input/random_graphs/graph_300_5196_POWLAW_521787134863155063.txt (Time: 0.00s)
✓ Generated graph n=300, m=5196, seed=5142811650494845597, type=POWLAW -> ./input/random_graphs/graph_300_5196_POWLAW_5142811650494845597.txt (Time: 0.00s)
✓ Generated graph n=300, m=5196, seed=5139481885857321791, type=POWLAW -> ./input/random_graphs/graph_300_5196_POWLAW_5139481885857321791.txt (Time: 0.00s)
✓ Generated graph n=300, m=5196, seed=7029781962072644698, type=POWLAW -> ./input/random_graphs/graph_300_5196_POWLAW_7029781962072644698.txt (Time: 0.00s)
✓ Generated graph n=300, m=5196, seed=1853590723603270879, type=POWLAW -> ./input/random_graphs/graph_300_5196_POWLAW_1853590723603270879.txt (Time: 0.00s)
✓ Generated graph n=300, m=5196, seed=1731523882129807996, type=POWLAW -> ./input/random_graphs/graph_300_5196_POWLAW_1731523882129807996.txt (Time: 0.00s)
✓ Generated graph n=300, m=5196, seed=7161906730445628483, type=POWLAW -> ./input/random_graphs/graph_300_5196_POWLAW_7161906730445628483.txt (Time: 0.00s)
✓ Generated graph n=300, m=5196, seed=5529616217668449934, type=POWLAW -> ./input/random_graphs/graph_300_5196_POWLAW_5529616217668449934.txt (Time: 0.00s)
✓ Generated graph n=300, m=5196, seed=5258051056098597521, type=POWLAW -> ./input/random_graphs/graph_300_5196_POWLAW_5258051056098597521.txt (Time: 0.00s)
✓ Generated graph n=300, m=5196, seed=6785030173969523435, type=POWLAW -> ./input/random_graphs/graph_300_5196_POWLAW_6785030173969523435.txt (Time: 0.00s)
✓ Generated graph n=300, m=5196, seed=1024517563182776983, type=POWLAW -> ./input/random_graphs/graph_300_5196_POWLAW_1024517563182776983.txt (Time: 0.00s)
✓ Generated graph n=300, m=5196, seed=4552998297316576788, type=POWLAW -> ./input/random_graphs/graph_300_5196_POWLAW_4552998297316576788.txt (Time: 0.00s)
✓ Generated graph n=300, m=5196, seed=5708372698381010775, type=POWLAW -> ./input/random_graphs/graph_300_5196_POWLAW_5708372698381010775.txt (Time: 0.00s)
✓ Generated graph n=300, m=5196, seed=1647170069535670909, type=POWLAW -> ./input/random_graphs/graph_300_5196_POWLAW_1647170069535670909.txt (Time: 0.00s)
✓ Generated graph n=300, m=5196, seed=8031431416522537101, type=POWLAW -> ./input/random_graphs/graph_300_5196_POWLAW_8031431416522537101.txt (Time: 0.00s)
✓ Generated graph n=300, m=5196, seed=7706236040662210848, type=POWLAW -> ./input/random_graphs/graph_300_5196_POWLAW_7706236040662210848.txt (Time: 0.00s)
✓ Generated graph n=300, m=5196, seed=1632192924771168275, type=POWLAW -> ./input/random_graphs/graph_300_5196_POWLAW_1632192924771168275.txt (Time: 0.00s)
✓ Generated graph n=300, m=5196, seed=3272308573967577038, type=POWLAW -> ./input/random_graphs/graph_300_5196_POWLAW_3272308573967577038.txt (Time: 0.00s)
✓ Generated graph n=300, m=5196, seed=6143643868734370809, type=POWLAW -> ./input/random_graphs/graph_300_5196_POWLAW_6143643868734370809.txt (Time: 0.00s)
✓ Generated graph n=300, m=5196, seed=5636411189175451024, type=POWLAW -> ./input/random_graphs/graph_300_5196_POWLAW_5636411189175451024.txt (Time: 0.00s)
✓ Generated graph n=300, m=5196, seed=6614505080519948832, type=POWLAW -> ./input/random_graphs/graph_300_5196_POWLAW_6614505080519948832.txt (Time: 0.00s)
✓ Generated graph n=300, m=5196, seed=6802378520969450157, type=POWLAW -> ./input/random_graphs/graph_300_5196_POWLAW_6802378520969450157.txt (Time: 0.00s)
✓ Generated graph n=300, m=5196, seed=3224265581699847191, type=POWLAW -> ./input/random_graphs/graph_300_5196_POWLAW_3224265581699847191.txt (Time: 0.00s)
✓ Generated graph n=300, m=5196, seed=7938560551762094560, type=POWLAW -> ./input/random_graphs/graph_300_5196_POWLAW_7938560551762094560.txt (Time: 0.00s)
✓ Generated graph n=300, m=5196, seed=4445925461710302877, type=POWLAW -> ./input/random_graphs/graph_300_5196_POWLAW_4445925461710302877.txt (Time: 0.00s)
✓ Generated graph n=300, m=5196, seed=7921282862123281598, type=POWLAW -> ./input/random_graphs/graph_300_5196_POWLAW_7921282862123281598.txt (Time: 0.00s)
✓ Generated graph n=300, m=5196, seed=7917045922527545890, type=POWLAW -> ./input/random_graphs/graph_300_5196_POWLAW_7917045922527545890.txt (Time: 0.00s)
✓ Generated graph n=300, m=5196, seed=5349491008325879064, type=POWLAW -> ./input/random_graphs/graph_300_5196_POWLAW_5349491008325879064.txt (Time: 0.00s)
✓ Generated graph n=300, m=5196, seed=824387247617288499, type=POWLAW -> ./input/random_graphs/graph_300_5196_POWLAW_824387247617288499.txt (Time: 0.00s)
✓ Generated graph n=300, m=5196, seed=6224222471595207695, type=POWLAW -> ./input/random_graphs/graph_300_5196_POWLAW_6224222471595207695.txt (Time: 0.00s)
✓ Generated graph n=300, m=5196, seed=4122784633514911760, type=POWLAW -> ./input/random_graphs/graph_300_5196_POWLAW_4122784633514911760.txt (Time: 0.00s)
✓ Generated graph n=300, m=5196, seed=8718380604043999642, type=POWLAW -> ./input/random_graphs/graph_300_5196_POWLAW_8718380604043999642.txt (Time: 0.00s)
✓ Generated graph n=300, m=5196, seed=3865339568260874865, type=POWLAW -> ./input/random_graphs/graph_300_5196_POWLAW_3865339568260874865.txt (Time: 0.00s)
✓ Generated graph n=300, m=5196, seed=5063475852268941542, type=POWLAW -> ./input/random_graphs/graph_300_5196_POWLAW_5063475852268941542.txt (Time: 0.00s)
✓ Generated graph n=300, m=5196, seed=1128313391724783137, type=POWLAW -> ./input/random_graphs/graph_300_5196_POWLAW_1128313391724783137.txt (Time: 0.00s)
✓ Generated graph n=300, m=5196, seed=716820155901718944, type=POWLAW -> ./input/random_graphs/graph_300_5196_POWLAW_716820155901718944.txt (Time: 0.00s)
✓ Generated graph n=300, m=5196, seed=3817405844514670994, type=POWLAW -> ./input/random_graphs/graph_300_5196_POWLAW_3817405844514670994.txt (Time: 0.00s)
✓ Generated graph n=300, m=5196, seed=4997514996153925447, type=POWLAW -> ./input/random_graphs/graph_300_5196_POWLAW_4997514996153925447.txt (Time: 0.01s)
✓ Generated graph n=300, m=5196, seed=6022436717541034636, type=POWLAW -> ./input/random_graphs/graph_300_5196_POWLAW_6022436717541034636.txt (Time: 0.00s)
✓ Generated graph n=300, m=5196, seed=2909934787168262407, type=POWLAW -> ./input/random_graphs/graph_300_5196_POWLAW_2909934787168262407.txt (Time: 0.00s)
✓ Generated graph n=300, m=5196, seed=6529943913552561417, type=POWLAW -> ./input/random_graphs/graph_300_5196_POWLAW_6529943913552561417.txt (Time: 0.00s)
✓ Generated graph n=300, m=5196, seed=5108599054664628607, type=POWLAW -> ./input/random_graphs/graph_300_5196_POWLAW_5108599054664628607.txt (Time: 0.00s)
✓ Generated graph n=300, m=5196, seed=1170385908854608748, type=POWLAW -> ./input/random_graphs/graph_300_5196_POWLAW_1170385908854608748.txt (Time: 0.00s)
✓ Generated graph n=300, m=5196, seed=9130666990809746335, type=POWLAW -> ./input/random_graphs/graph_300_5196_POWLAW_9130666990809746335.txt (Time: 0.00s)
✓ Generated graph n=300, m=5196, seed=199422815561151340, type=POWLAW -> ./input/random_graphs/graph_300_5196_POWLAW_199422815561151340.txt (Time: 0.00s)
✓ Generated graph n=300, m=5196, seed=3713827327871807734, type=POWLAW -> ./input/random_graphs/graph_300_5196_POWLAW_3713827327871807734.txt (Time: 0.00s)
✓ Generated graph n=300, m=5196, seed=8446481348147407377, type=POWLAW -> ./input/random_graphs/graph_300_5196_POWLAW_8446481348147407377.txt (Time: 0.00s)
✓ Generated graph n=300, m=5196, seed=175493991617213850, type=POWLAW -> ./input/random_graphs/graph_300_5196_POWLAW_175493991617213850.txt (Time: 0.00s)
✓ Generated graph n=300, m=5196, seed=6764066939395682287, type=POWLAW -> ./input/random_graphs/graph_300_5196_POWLAW_6764066939395682287.txt (Time: 0.00s)
✓ Generated graph n=300, m=5196, seed=1458186392400727732, type=POWLAW -> ./input/random_graphs/graph_300_5196_POWLAW_1458186392400727732.txt (Time: 0.00s)
✓ Generated graph n=300, m=5196, seed=7644420139408884785, type=POWLAW -> ./input/random_graphs/graph_300_5196_POWLAW_7644420139408884785.txt (Time: 0.00s)
✓ Generated graph n=300, m=5196, seed=2089506265998900862, type=POWLAW -> ./input/random_graphs/graph_300_5196_POWLAW_2089506265998900862.txt (Time: 0.00s)
✓ Generated graph n=300, m=5196, seed=9060210648189963449, type=POWLAW -> ./input/random_graphs/graph_300_5196_POWLAW_9060210648189963449.txt (Time: 0.00s)
✓ Generated graph n=300, m=5196, seed=1392892770529522614, type=POWLAW -> ./input/random_graphs/graph_300_5196_POWLAW_1392892770529522614.txt (Time: 0.00s)
✓ Generated graph n=300, m=5196, seed=8794274795737982182, type=POWLAW -> ./input/random_graphs/graph_300_5196_POWLAW_8794274795737982182.txt (Time: 0.00s)
✓ Generated graph n=300, m=5196, seed=4250897495980125004, type=POWLAW -> ./input/random_graphs/graph_300_5196_POWLAW_4250897495980125004.txt (Time: 0.00s)
✓ Generated graph n=300, m=5196, seed=5497874167834979553, type=POWLAW -> ./input/random_graphs/graph_300_5196_POWLAW_5497874167834979553.txt (Time: 0.00s)
✓ Generated graph n=300, m=5196, seed=4060584409398689268, type=POWLAW -> ./input/random_graphs/graph_300_5196_POWLAW_4060584409398689268.txt (Time: 0.00s)
✓ Generated graph n=300, m=5196, seed=8626102704817790064, type=POWLAW -> ./input/random_graphs/graph_300_5196_POWLAW_8626102704817790064.txt (Time: 0.00s)
✓ Generated graph n=300, m=5196, seed=7905487461282246979, type=POWLAW -> ./input/random_graphs/graph_300_5196_POWLAW_7905487461282246979.txt (Time: 0.00s)
✓ Generated graph n=300, m=5196, seed=8448596294177070022, type=POWLAW -> ./input/random_graphs/graph_300_5196_POWLAW_8448596294177070022.txt (Time: 0.00s)
✓ Generated graph n=300, m=5196, seed=4795749165124911768, type=POWLAW -> ./input/random_graphs/graph_300_5196_POWLAW_4795749165124911768.txt (Time: 0.00s)
✓ Generated graph n=300, m=5196, seed=1722224698700348310, type=POWLAW -> ./input/random_graphs/graph_300_5196_POWLAW_1722224698700348310.txt (Time: 0.00s)
✓ Generated graph n=300, m=5196, seed=1332005502874566195, type=POWLAW -> ./input/random_graphs/graph_300_5196_POWLAW_1332005502874566195.txt (Time: 0.00s)
✓ Generated graph n=300, m=5196, seed=7118744415197196276, type=POWLAW -> ./input/random_graphs/graph_300_5196_POWLAW_7118744415197196276.txt (Time: 0.00s)
✓ Generated graph n=300, m=5196, seed=4934890601268679176, type=POWLAW -> ./input/random_graphs/graph_300_5196_POWLAW_4934890601268679176.txt (Time: 0.00s)
✓ Generated graph n=300, m=5196, seed=2718103348384927511, type=POWLAW -> ./input/random_graphs/graph_300_5196_POWLAW_2718103348384927511.txt (Time: 0.00s)
✓ Generated graph n=300, m=5196, seed=9059990922233379852, type=POWLAW -> ./input/random_graphs/graph_300_5196_POWLAW_9059990922233379852.txt (Time: 0.00s)
✓ Generated graph n=300, m=5196, seed=1992204328026194281, type=POWLAW -> ./input/random_graphs/graph_300_5196_POWLAW_1992204328026194281.txt (Time: 0.00s)
✓ Generated graph n=300, m=5196, seed=3221421291694197220, type=POWLAW -> ./input/random_graphs/graph_300_5196_POWLAW_3221421291694197220.txt (Time: 0.00s)
✓ Generated graph n=300, m=5196, seed=5894893360759659423, type=POWLAW -> ./input/random_graphs/graph_300_5196_POWLAW_5894893360759659423.txt (Time: 0.00s)
✓ Generated graph n=300, m=5196, seed=7449662661572224354, type=POWLAW -> ./input/random_graphs/graph_300_5196_POWLAW_7449662661572224354.txt (Time: 0.00s)
✓ Generated graph n=300, m=5196, seed=7983805977214098674, type=POWLAW -> ./input/random_graphs/graph_300_5196_POWLAW_7983805977214098674.txt (Time: 0.00s)
✓ Generated graph n=300, m=5196, seed=2264398621601381987, type=POWLAW -> ./input/random_graphs/graph_300_5196_POWLAW_2264398621601381987.txt (Time: 0.00s)
✓ Generated graph n=300, m=5196, seed=8867616339855336876, type=POWLAW -> ./input/random_graphs/graph_300_5196_POWLAW_8867616339855336876.txt (Time: 0.00s)
✓ Generated graph n=300, m=5196, seed=7632458674696225362, type=POWLAW -> ./input/random_graphs/graph_300_5196_POWLAW_7632458674696225362.txt (Time: 0.00s)
✓ Generated graph n=300, m=5196, seed=4940913311242578590, type=POWLAW -> ./input/random_graphs/graph_300_5196_POWLAW_4940913311242578590.txt (Time: 0.01s)
✓ Generated graph n=400, m=8000, seed=5739955973604961613, type=POWLAW -> ./input/random_graphs/graph_400_8000_POWLAW_5739955973604961613.txt (Time: 0.00s)
✓ Generated graph n=400, m=8000, seed=3881801951614183357, type=POWLAW -> ./input/random_graphs/graph_400_8000_POWLAW_3881801951614183357.txt (Time: 0.00s)
✓ Generated graph n=400, m=8000, seed=7032710160631691991, type=POWLAW -> ./input/random_graphs/graph_400_8000_POWLAW_7032710160631691991.txt (Time: 0.00s)
✓ Generated graph n=400, m=8000, seed=6230961512046992311, type=POWLAW -> ./input/random_graphs/graph_400_8000_POWLAW_6230961512046992311.txt (Time: 0.01s)
✓ Generated graph n=400, m=8000, seed=1353182403971399009, type=POWLAW -> ./input/random_graphs/graph_400_8000_POWLAW_1353182403971399009.txt (Time: 0.00s)
✓ Generated graph n=400, m=8000, seed=1070244953599069350, type=POWLAW -> ./input/random_graphs/graph_400_8000_POWLAW_1070244953599069350.txt (Time: 0.00s)
✓ Generated graph n=400, m=8000, seed=7871178979383552919, type=POWLAW -> ./input/random_graphs/graph_400_8000_POWLAW_7871178979383552919.txt (Time: 0.01s)
✓ Generated graph n=400, m=8000, seed=6938562734920028532, type=POWLAW -> ./input/random_graphs/graph_400_8000_POWLAW_6938562734920028532.txt (Time: 0.00s)
✓ Generated graph n=400, m=8000, seed=1250005700364523649, type=POWLAW -> ./input/random_graphs/graph_400_8000_POWLAW_1250005700364523649.txt (Time: 0.00s)
✓ Generated graph n=400, m=8000, seed=7599700178212337699, type=POWLAW -> ./input/random_graphs/graph_400_8000_POWLAW_7599700178212337699.txt (Time: 0.01s)
✓ Generated graph n=400, m=8000, seed=4040737767143389431, type=POWLAW -> ./input/random_graphs/graph_400_8000_POWLAW_4040737767143389431.txt (Time: 0.01s)
✓ Generated graph n=400, m=8000, seed=1309542850049879452, type=POWLAW -> ./input/random_graphs/graph_400_8000_POWLAW_1309542850049879452.txt (Time: 0.00s)
✓ Generated graph n=400, m=8000, seed=6522163754831416203, type=POWLAW -> ./input/random_graphs/graph_400_8000_POWLAW_6522163754831416203.txt (Time: 0.01s)
✓ Generated graph n=400, m=8000, seed=7663871783842725848, type=POWLAW -> ./input/random_graphs/graph_400_8000_POWLAW_7663871783842725848.txt (Time: 0.00s)
✓ Generated graph n=400, m=8000, seed=2429002973740178792, type=POWLAW -> ./input/random_graphs/graph_400_8000_POWLAW_2429002973740178792.txt (Time: 0.00s)
✓ Generated graph n=400, m=8000, seed=5906957480796939447, type=POWLAW -> ./input/random_graphs/graph_400_8000_POWLAW_5906957480796939447.txt (Time: 0.00s)
✓ Generated graph n=400, m=8000, seed=1250773459040295677, type=POWLAW -> ./input/random_graphs/graph_400_8000_POWLAW_1250773459040295677.txt (Time: 0.00s)
✓ Generated graph n=400, m=8000, seed=7146860528564146064, type=POWLAW -> ./input/random_graphs/graph_400_8000_POWLAW_7146860528564146064.txt (Time: 0.00s)
✓ Generated graph n=400, m=8000, seed=320375091487821987, type=POWLAW -> ./input/random_graphs/graph_400_8000_POWLAW_320375091487821987.txt (Time: 0.01s)
✓ Generated graph n=400, m=8000, seed=3438400432146115956, type=POWLAW -> ./input/random_graphs/graph_400_8000_POWLAW_3438400432146115956.txt (Time: 0.00s)
✓ Generated graph n=400, m=8000, seed=3010622984418968408, type=POWLAW -> ./input/random_graphs/graph_400_8000_POWLAW_3010622984418968408.txt (Time: 0.00s)
✓ Generated graph n=400, m=8000, seed=5139481885857321791, type=POWLAW -> ./input/random_graphs/graph_400_8000_POWLAW_5139481885857321791.txt (Time: 0.00s)
✓ Generated graph n=400, m=8000, seed=7473196763798409428, type=POWLAW -> ./input/random_graphs/graph_400_8000_POWLAW_7473196763798409428.txt (Time: 0.01s)
✓ Generated graph n=400, m=8000, seed=521787134863155063, type=POWLAW -> ./input/random_graphs/graph_400_8000_POWLAW_521787134863155063.txt (Time: 0.00s)
✓ Generated graph n=400, m=8000, seed=6002685213311538187, type=POWLAW -> ./input/random_graphs/graph_400_8000_POWLAW_6002685213311538187.txt (Time: 0.01s)
✓ Generated graph n=400, m=8000, seed=1731523882129807996, type=POWLAW -> ./input/random_graphs/graph_400_8000_POWLAW_1731523882129807996.txt (Time: 0.00s)
✓ Generated graph n=400, m=8000, seed=5708372698381010775, type=POWLAW -> ./input/random_graphs/graph_400_8000_POWLAW_5708372698381010775.txt (Time: 0.00s)
✓ Generated graph n=400, m=8000, seed=5142811650494845597, type=POWLAW -> ./input/random_graphs/graph_400_8000_POWLAW_5142811650494845597.txt (Time: 0.01s)
✓ Generated graph n=400, m=8000, seed=1853590723603270879, type=POWLAW -> ./input/random_graphs/graph_400_8000_POWLAW_1853590723603270879.txt (Time: 0.00s)
✓ Generated graph n=400, m=8000, seed=7029781962072644698, type=POWLAW -> ./input/random_graphs/graph_400_8000_POWLAW_7029781962072644698.txt (Time: 0.00s)
✓ Generated graph n=400, m=8000, seed=6785030173969523435, type=POWLAW -> ./input/random_graphs/graph_400_8000_POWLAW_6785030173969523435.txt (Time: 0.00s)
✓ Generated graph n=400, m=8000, seed=1024517563182776983, type=POWLAW -> ./input/random_graphs/graph_400_8000_POWLAW_1024517563182776983.txt (Time: 0.00s)
✓ Generated graph n=400, m=8000, seed=5529616217668449934, type=POWLAW -> ./input/random_graphs/graph_400_8000_POWLAW_5529616217668449934.txt (Time: 0.00s)
✓ Generated graph n=400, m=8000, seed=5258051056098597521, type=POWLAW -> ./input/random_graphs/graph_400_8000_POWLAW_5258051056098597521.txt (Time: 0.00s)
✓ Generated graph n=400, m=8000, seed=3224265581699847191, type=POWLAW -> ./input/random_graphs/graph_400_8000_POWLAW_3224265581699847191.txt (Time: 0.00s)
✓ Generated graph n=400, m=8000, seed=7706236040662210848, type=POWLAW -> ./input/random_graphs/graph_400_8000_POWLAW_7706236040662210848.txt (Time: 0.00s)
✓ Generated graph n=400, m=8000, seed=1647170069535670909, type=POWLAW -> ./input/random_graphs/graph_400_8000_POWLAW_1647170069535670909.txt (Time: 0.00s)
✓ Generated graph n=400, m=8000, seed=824387247617288499, type=POWLAW -> ./input/random_graphs/graph_400_8000_POWLAW_824387247617288499.txt (Time: 0.00s)
✓ Generated graph n=400, m=8000, seed=1632192924771168275, type=POWLAW -> ./input/random_graphs/graph_400_8000_POWLAW_1632192924771168275.txt (Time: 0.00s)
✓ Generated graph n=400, m=8000, seed=4122784633514911760, type=POWLAW -> ./input/random_graphs/graph_400_8000_POWLAW_4122784633514911760.txt (Time: 0.01s)
✓ Generated graph n=400, m=8000, seed=7161906730445628483, type=POWLAW -> ./input/random_graphs/graph_400_8000_POWLAW_7161906730445628483.txt (Time: 0.00s)
✓ Generated graph n=400, m=8000, seed=6802378520969450157, type=POWLAW -> ./input/random_graphs/graph_400_8000_POWLAW_6802378520969450157.txt (Time: 0.00s)
✓ Generated graph n=400, m=8000, seed=3272308573967577038, type=POWLAW -> ./input/random_graphs/graph_400_8000_POWLAW_3272308573967577038.txt (Time: 0.00s)
✓ Generated graph n=400, m=8000, seed=8031431416522537101, type=POWLAW -> ./input/random_graphs/graph_400_8000_POWLAW_8031431416522537101.txt (Time: 0.00s)
✓ Generated graph n=400, m=8000, seed=4552998297316576788, type=POWLAW -> ./input/random_graphs/graph_400_8000_POWLAW_4552998297316576788.txt (Time: 0.00s)
✓ Generated graph n=400, m=8000, seed=6614505080519948832, type=POWLAW -> ./input/random_graphs/graph_400_8000_POWLAW_6614505080519948832.txt (Time: 0.00s)
✓ Generated graph n=400, m=8000, seed=5636411189175451024, type=POWLAW -> ./input/random_graphs/graph_400_8000_POWLAW_5636411189175451024.txt (Time: 0.01s)
✓ Generated graph n=400, m=8000, seed=5349491008325879064, type=POWLAW -> ./input/random_graphs/graph_400_8000_POWLAW_5349491008325879064.txt (Time: 0.00s)
✓ Generated graph n=400, m=8000, seed=7938560551762094560, type=POWLAW -> ./input/random_graphs/graph_400_8000_POWLAW_7938560551762094560.txt (Time: 0.00s)
✓ Generated graph n=400, m=8000, seed=7917045922527545890, type=POWLAW -> ./input/random_graphs/graph_400_8000_POWLAW_7917045922527545890.txt (Time: 0.00s)
✓ Generated graph n=400, m=8000, seed=6143643868734370809, type=POWLAW -> ./input/random_graphs/graph_400_8000_POWLAW_6143643868734370809.txt (Time: 0.01s)
✓ Generated graph n=400, m=8000, seed=4445925461710302877, type=POWLAW -> ./input/random_graphs/graph_400_8000_POWLAW_4445925461710302877.txt (Time: 0.00s)
✓ Generated graph n=400, m=8000, seed=6224222471595207695, type=POWLAW -> ./input/random_graphs/graph_400_8000_POWLAW_6224222471595207695.txt (Time: 0.00s)
✓ Generated graph n=400, m=8000, seed=7921282862123281598, type=POWLAW -> ./input/random_graphs/graph_400_8000_POWLAW_7921282862123281598.txt (Time: 0.00s)
✓ Generated graph n=400, m=8000, seed=716820155901718944, type=POWLAW -> ./input/random_graphs/graph_400_8000_POWLAW_716820155901718944.txt (Time: 0.00s)
✓ Generated graph n=400, m=8000, seed=3865339568260874865, type=POWLAW -> ./input/random_graphs/graph_400_8000_POWLAW_3865339568260874865.txt (Time: 0.01s)
✓ Generated graph n=400, m=8000, seed=1128313391724783137, type=POWLAW -> ./input/random_graphs/graph_400_8000_POWLAW_1128313391724783137.txt (Time: 0.01s)
✓ Generated graph n=400, m=8000, seed=8718380604043999642, type=POWLAW -> ./input/random_graphs/graph_400_8000_POWLAW_8718380604043999642.txt (Time: 0.00s)
✓ Generated graph n=400, m=8000, seed=5063475852268941542, type=POWLAW -> ./input/random_graphs/graph_400_8000_POWLAW_5063475852268941542.txt (Time: 0.00s)
✓ Generated graph n=400, m=8000, seed=4997514996153925447, type=POWLAW -> ./input/random_graphs/graph_400_8000_POWLAW_4997514996153925447.txt (Time: 0.00s)
✓ Generated graph n=400, m=8000, seed=3817405844514670994, type=POWLAW -> ./input/random_graphs/graph_400_8000_POWLAW_3817405844514670994.txt (Time: 0.00s)
✓ Generated graph n=400, m=8000, seed=8446481348147407377, type=POWLAW -> ./input/random_graphs/graph_400_8000_POWLAW_8446481348147407377.txt (Time: 0.00s)
✓ Generated graph n=400, m=8000, seed=6529943913552561417, type=POWLAW -> ./input/random_graphs/graph_400_8000_POWLAW_6529943913552561417.txt (Time: 0.00s)
✓ Generated graph n=400, m=8000, seed=2909934787168262407, type=POWLAW -> ./input/random_graphs/graph_400_8000_POWLAW_2909934787168262407.txt (Time: 0.00s)
✓ Generated graph n=400, m=8000, seed=1170385908854608748, type=POWLAW -> ./input/random_graphs/graph_400_8000_POWLAW_1170385908854608748.txt (Time: 0.01s)
✓ Generated graph n=400, m=8000, seed=199422815561151340, type=POWLAW -> ./input/random_graphs/graph_400_8000_POWLAW_199422815561151340.txt (Time: 0.00s)
✓ Generated graph n=400, m=8000, seed=3713827327871807734, type=POWLAW -> ./input/random_graphs/graph_400_8000_POWLAW_3713827327871807734.txt (Time: 0.00s)
✓ Generated graph n=400, m=8000, seed=175493991617213850, type=POWLAW -> ./input/random_graphs/graph_400_8000_POWLAW_175493991617213850.txt (Time: 0.00s)
✓ Generated graph n=400, m=8000, seed=6022436717541034636, type=POWLAW -> ./input/random_graphs/graph_400_8000_POWLAW_6022436717541034636.txt (Time: 0.00s)
✓ Generated graph n=400, m=8000, seed=6764066939395682287, type=POWLAW -> ./input/random_graphs/graph_400_8000_POWLAW_6764066939395682287.txt (Time: 0.00s)
✓ Generated graph n=400, m=8000, seed=5108599054664628607, type=POWLAW -> ./input/random_graphs/graph_400_8000_POWLAW_5108599054664628607.txt (Time: 0.00s)
✓ Generated graph n=400, m=8000, seed=7644420139408884785, type=POWLAW -> ./input/random_graphs/graph_400_8000_POWLAW_7644420139408884785.txt (Time: 0.00s)
✓ Generated graph n=400, m=8000, seed=9060210648189963449, type=POWLAW -> ./input/random_graphs/graph_400_8000_POWLAW_9060210648189963449.txt (Time: 0.00s)
✓ Generated graph n=400, m=8000, seed=9130666990809746335, type=POWLAW -> ./input/random_graphs/graph_400_8000_POWLAW_9130666990809746335.txt (Time: 0.01s)
✓ Generated graph n=400, m=8000, seed=8794274795737982182, type=POWLAW -> ./input/random_graphs/graph_400_8000_POWLAW_8794274795737982182.txt (Time: 0.00s)
✓ Generated graph n=400, m=8000, seed=1458186392400727732, type=POWLAW -> ./input/random_graphs/graph_400_8000_POWLAW_1458186392400727732.txt (Time: 0.01s)
✓ Generated graph n=400, m=8000, seed=4250897495980125004, type=POWLAW -> ./input/random_graphs/graph_400_8000_POWLAW_4250897495980125004.txt (Time: 0.01s)
✓ Generated graph n=400, m=8000, seed=5497874167834979553, type=POWLAW -> ./input/random_graphs/graph_400_8000_POWLAW_5497874167834979553.txt (Time: 0.01s)
✓ Generated graph n=400, m=8000, seed=2089506265998900862, type=POWLAW -> ./input/random_graphs/graph_400_8000_POWLAW_2089506265998900862.txt (Time: 0.01s)
✓ Generated graph n=400, m=8000, seed=1392892770529522614, type=POWLAW -> ./input/random_graphs/graph_400_8000_POWLAW_1392892770529522614.txt (Time: 0.01s)
✓ Generated graph n=400, m=8000, seed=1722224698700348310, type=POWLAW -> ./input/random_graphs/graph_400_8000_POWLAW_1722224698700348310.txt (Time: 0.00s)
✓ Generated graph n=400, m=8000, seed=8626102704817790064, type=POWLAW -> ./input/random_graphs/graph_400_8000_POWLAW_8626102704817790064.txt (Time: 0.00s)
✓ Generated graph n=400, m=8000, seed=7905487461282246979, type=POWLAW -> ./input/random_graphs/graph_400_8000_POWLAW_7905487461282246979.txt (Time: 0.00s)
✓ Generated graph n=400, m=8000, seed=4060584409398689268, type=POWLAW -> ./input/random_graphs/graph_400_8000_POWLAW_4060584409398689268.txt (Time: 0.01s)
✓ Generated graph n=400, m=8000, seed=1332005502874566195, type=POWLAW -> ./input/random_graphs/graph_400_8000_POWLAW_1332005502874566195.txt (Time: 0.01s)
✓ Generated graph n=400, m=8000, seed=4795749165124911768, type=POWLAW -> ./input/random_graphs/graph_400_8000_POWLAW_4795749165124911768.txt (Time: 0.00s)
✓ Generated graph n=400, m=8000, seed=4934890601268679176, type=POWLAW -> ./input/random_graphs/graph_400_8000_POWLAW_4934890601268679176.txt (Time: 0.00s)
✓ Generated graph n=400, m=8000, seed=2718103348384927511, type=POWLAW -> ./input/random_graphs/graph_400_8000_POWLAW_2718103348384927511.txt (Time: 0.00s)
✓ Generated graph n=400, m=8000, seed=1992204328026194281, type=POWLAW -> ./input/random_graphs/graph_400_8000_POWLAW_1992204328026194281.txt (Time: 0.00s)
✓ Generated graph n=400, m=8000, seed=7118744415197196276, type=POWLAW -> ./input/random_graphs/graph_400_8000_POWLAW_7118744415197196276.txt (Time: 0.00s)
✓ Generated graph n=400, m=8000, seed=9059990922233379852, type=POWLAW -> ./input/random_graphs/graph_400_8000_POWLAW_9059990922233379852.txt (Time: 0.00s)
✓ Generated graph n=400, m=8000, seed=8448596294177070022, type=POWLAW -> ./input/random_graphs/graph_400_8000_POWLAW_8448596294177070022.txt (Time: 0.01s)
✓ Generated graph n=400, m=8000, seed=7449662661572224354, type=POWLAW -> ./input/random_graphs/graph_400_8000_POWLAW_7449662661572224354.txt (Time: 0.00s)
✓ Generated graph n=400, m=8000, seed=8867616339855336876, type=POWLAW -> ./input/random_graphs/graph_400_8000_POWLAW_8867616339855336876.txt (Time: 0.00s)
✓ Generated graph n=400, m=8000, seed=5894893360759659423, type=POWLAW -> ./input/random_graphs/graph_400_8000_POWLAW_5894893360759659423.txt (Time: 0.00s)
✓ Generated graph n=400, m=8000, seed=3221421291694197220, type=POWLAW -> ./input/random_graphs/graph_400_8000_POWLAW_3221421291694197220.txt (Time: 0.01s)
✓ Generated graph n=400, m=8000, seed=4940913311242578590, type=POWLAW -> ./input/random_graphs/graph_400_8000_POWLAW_4940913311242578590.txt (Time: 0.00s)
✓ Generated graph n=400, m=8000, seed=7983805977214098674, type=POWLAW -> ./input/random_graphs/graph_400_8000_POWLAW_7983805977214098674.txt (Time: 0.01s)
✓ Generated graph n=400, m=8000, seed=2264398621601381987, type=POWLAW -> ./input/random_graphs/graph_400_8000_POWLAW_2264398621601381987.txt (Time: 0.01s)
✓ Generated graph n=400, m=8000, seed=7632458674696225362, type=POWLAW -> ./input/random_graphs/graph_400_8000_POWLAW_7632458674696225362.txt (Time: 0.01s)
✓ Generated graph n=500, m=11180, seed=6230961512046992311, type=POWLAW -> ./input/random_graphs/graph_500_11180_POWLAW_6230961512046992311.txt (Time: 0.01s)
✓ Generated graph n=500, m=11180, seed=7871178979383552919, type=POWLAW -> ./input/random_graphs/graph_500_11180_POWLAW_7871178979383552919.txt (Time: 0.01s)
✓ Generated graph n=500, m=11180, seed=7032710160631691991, type=POWLAW -> ./input/random_graphs/graph_500_11180_POWLAW_7032710160631691991.txt (Time: 0.01s)
✓ Generated graph n=500, m=11180, seed=5739955973604961613, type=POWLAW -> ./input/random_graphs/graph_500_11180_POWLAW_5739955973604961613.txt (Time: 0.01s)
✓ Generated graph n=500, m=11180, seed=3881801951614183357, type=POWLAW -> ./input/random_graphs/graph_500_11180_POWLAW_3881801951614183357.txt (Time: 0.01s)
✓ Generated graph n=500, m=11180, seed=1353182403971399009, type=POWLAW -> ./input/random_graphs/graph_500_11180_POWLAW_1353182403971399009.txt (Time: 0.01s)
✓ Generated graph n=500, m=11180, seed=1070244953599069350, type=POWLAW -> ./input/random_graphs/graph_500_11180_POWLAW_1070244953599069350.txt (Time: 0.01s)
✓ Generated graph n=500, m=11180, seed=4040737767143389431, type=POWLAW -> ./input/random_graphs/graph_500_11180_POWLAW_4040737767143389431.txt (Time: 0.01s)
✓ Generated graph n=500, m=11180, seed=6522163754831416203, type=POWLAW -> ./input/random_graphs/graph_500_11180_POWLAW_6522163754831416203.txt (Time: 0.01s)
✓ Generated graph n=500, m=11180, seed=1250005700364523649, type=POWLAW -> ./input/random_graphs/graph_500_11180_POWLAW_1250005700364523649.txt (Time: 0.01s)
✓ Generated graph n=500, m=11180, seed=1309542850049879452, type=POWLAW -> ./input/random_graphs/graph_500_11180_POWLAW_1309542850049879452.txt (Time: 0.01s)
✓ Generated graph n=500, m=11180, seed=7599700178212337699, type=POWLAW -> ./input/random_graphs/graph_500_11180_POWLAW_7599700178212337699.txt (Time: 0.01s)
✓ Generated graph n=500, m=11180, seed=320375091487821987, type=POWLAW -> ./input/random_graphs/graph_500_11180_POWLAW_320375091487821987.txt (Time: 0.01s)
✓ Generated graph n=500, m=11180, seed=6938562734920028532, type=POWLAW -> ./input/random_graphs/graph_500_11180_POWLAW_6938562734920028532.txt (Time: 0.01s)
✓ Generated graph n=500, m=11180, seed=5906957480796939447, type=POWLAW -> ./input/random_graphs/graph_500_11180_POWLAW_5906957480796939447.txt (Time: 0.01s)
✓ Generated graph n=500, m=11180, seed=7663871783842725848, type=POWLAW -> ./input/random_graphs/graph_500_11180_POWLAW_7663871783842725848.txt (Time: 0.01s)
✓ Generated graph n=500, m=11180, seed=1250773459040295677, type=POWLAW -> ./input/random_graphs/graph_500_11180_POWLAW_1250773459040295677.txt (Time: 0.01s)
✓ Generated graph n=500, m=11180, seed=7146860528564146064, type=POWLAW -> ./input/random_graphs/graph_500_11180_POWLAW_7146860528564146064.txt (Time: 0.01s)
✓ Generated graph n=500, m=11180, seed=3438400432146115956, type=POWLAW -> ./input/random_graphs/graph_500_11180_POWLAW_3438400432146115956.txt (Time: 0.01s)
✓ Generated graph n=500, m=11180, seed=7473196763798409428, type=POWLAW -> ./input/random_graphs/graph_500_11180_POWLAW_7473196763798409428.txt (Time: 0.01s)
✓ Generated graph n=500, m=11180, seed=2429002973740178792, type=POWLAW -> ./input/random_graphs/graph_500_11180_POWLAW_2429002973740178792.txt (Time: 0.01s)
✓ Generated graph n=500, m=11180, seed=5139481885857321791, type=POWLAW -> ./input/random_graphs/graph_500_11180_POWLAW_5139481885857321791.txt (Time: 0.01s)
✓ Generated graph n=500, m=11180, seed=3010622984418968408, type=POWLAW -> ./input/random_graphs/graph_500_11180_POWLAW_3010622984418968408.txt (Time: 0.01s)
✓ Generated graph n=500, m=11180, seed=5142811650494845597, type=POWLAW -> ./input/random_graphs/graph_500_11180_POWLAW_5142811650494845597.txt (Time: 0.01s)
✓ Generated graph n=500, m=11180, seed=6002685213311538187, type=POWLAW -> ./input/random_graphs/graph_500_11180_POWLAW_6002685213311538187.txt (Time: 0.01s)
✓ Generated graph n=500, m=11180, seed=5708372698381010775, type=POWLAW -> ./input/random_graphs/graph_500_11180_POWLAW_5708372698381010775.txt (Time: 0.01s)
✓ Generated graph n=500, m=11180, seed=1731523882129807996, type=POWLAW -> ./input/random_graphs/graph_500_11180_POWLAW_1731523882129807996.txt (Time: 0.01s)
✓ Generated graph n=500, m=11180, seed=7029781962072644698, type=POWLAW -> ./input/random_graphs/graph_500_11180_POWLAW_7029781962072644698.txt (Time: 0.01s)
✓ Generated graph n=500, m=11180, seed=521787134863155063, type=POWLAW -> ./input/random_graphs/graph_500_11180_POWLAW_521787134863155063.txt (Time: 0.01s)
✓ Generated graph n=500, m=11180, seed=1853590723603270879, type=POWLAW -> ./input/random_graphs/graph_500_11180_POWLAW_1853590723603270879.txt (Time: 0.01s)
✓ Generated graph n=500, m=11180, seed=6785030173969523435, type=POWLAW -> ./input/random_graphs/graph_500_11180_POWLAW_6785030173969523435.txt (Time: 0.01s)
✓ Generated graph n=500, m=11180, seed=3224265581699847191, type=POWLAW -> ./input/random_graphs/graph_500_11180_POWLAW_3224265581699847191.txt (Time: 0.01s)
✓ Generated graph n=500, m=11180, seed=5529616217668449934, type=POWLAW -> ./input/random_graphs/graph_500_11180_POWLAW_5529616217668449934.txt (Time: 0.01s)
✓ Generated graph n=500, m=11180, seed=1647170069535670909, type=POWLAW -> ./input/random_graphs/graph_500_11180_POWLAW_1647170069535670909.txt (Time: 0.01s)
✓ Generated graph n=500, m=11180, seed=1024517563182776983, type=POWLAW -> ./input/random_graphs/graph_500_11180_POWLAW_1024517563182776983.txt (Time: 0.01s)
✓ Generated graph n=500, m=11180, seed=5258051056098597521, type=POWLAW -> ./input/random_graphs/graph_500_11180_POWLAW_5258051056098597521.txt (Time: 0.01s)
✓ Generated graph n=500, m=11180, seed=4122784633514911760, type=POWLAW -> ./input/random_graphs/graph_500_11180_POWLAW_4122784633514911760.txt (Time: 0.01s)
✓ Generated graph n=500, m=11180, seed=7706236040662210848, type=POWLAW -> ./input/random_graphs/graph_500_11180_POWLAW_7706236040662210848.txt (Time: 0.01s)
✓ Generated graph n=500, m=11180, seed=824387247617288499, type=POWLAW -> ./input/random_graphs/graph_500_11180_POWLAW_824387247617288499.txt (Time: 0.01s)
✓ Generated graph n=500, m=11180, seed=7161906730445628483, type=POWLAW -> ./input/random_graphs/graph_500_11180_POWLAW_7161906730445628483.txt (Time: 0.01s)
✓ Generated graph n=500, m=11180, seed=1632192924771168275, type=POWLAW -> ./input/random_graphs/graph_500_11180_POWLAW_1632192924771168275.txt (Time: 0.01s)
✓ Generated graph n=500, m=11180, seed=6802378520969450157, type=POWLAW -> ./input/random_graphs/graph_500_11180_POWLAW_6802378520969450157.txt (Time: 0.01s)
✓ Generated graph n=500, m=11180, seed=4552998297316576788, type=POWLAW -> ./input/random_graphs/graph_500_11180_POWLAW_4552998297316576788.txt (Time: 0.01s)
✓ Generated graph n=500, m=11180, seed=8031431416522537101, type=POWLAW -> ./input/random_graphs/graph_500_11180_POWLAW_8031431416522537101.txt (Time: 0.01s)
✓ Generated graph n=500, m=11180, seed=6143643868734370809, type=POWLAW -> ./input/random_graphs/graph_500_11180_POWLAW_6143643868734370809.txt (Time: 0.01s)
✓ Generated graph n=500, m=11180, seed=3272308573967577038, type=POWLAW -> ./input/random_graphs/graph_500_11180_POWLAW_3272308573967577038.txt (Time: 0.01s)
✓ Generated graph n=500, m=11180, seed=5636411189175451024, type=POWLAW -> ./input/random_graphs/graph_500_11180_POWLAW_5636411189175451024.txt (Time: 0.01s)
✓ Generated graph n=500, m=11180, seed=5349491008325879064, type=POWLAW -> ./input/random_graphs/graph_500_11180_POWLAW_5349491008325879064.txt (Time: 0.01s)
✓ Generated graph n=500, m=11180, seed=7917045922527545890, type=POWLAW -> ./input/random_graphs/graph_500_11180_POWLAW_7917045922527545890.txt (Time: 0.01s)
✓ Generated graph n=500, m=11180, seed=4445925461710302877, type=POWLAW -> ./input/random_graphs/graph_500_11180_POWLAW_4445925461710302877.txt (Time: 0.01s)
✓ Generated graph n=500, m=11180, seed=716820155901718944, type=POWLAW -> ./input/random_graphs/graph_500_11180_POWLAW_716820155901718944.txt (Time: 0.01s)
✓ Generated graph n=500, m=11180, seed=3865339568260874865, type=POWLAW -> ./input/random_graphs/graph_500_11180_POWLAW_3865339568260874865.txt (Time: 0.01s)
✓ Generated graph n=500, m=11180, seed=7921282862123281598, type=POWLAW -> ./input/random_graphs/graph_500_11180_POWLAW_7921282862123281598.txt (Time: 0.01s)
✓ Generated graph n=500, m=11180, seed=6224222471595207695, type=POWLAW -> ./input/random_graphs/graph_500_11180_POWLAW_6224222471595207695.txt (Time: 0.01s)
✓ Generated graph n=500, m=11180, seed=6614505080519948832, type=POWLAW -> ./input/random_graphs/graph_500_11180_POWLAW_6614505080519948832.txt (Time: 0.01s)
✓ Generated graph n=500, m=11180, seed=8718380604043999642, type=POWLAW -> ./input/random_graphs/graph_500_11180_POWLAW_8718380604043999642.txt (Time: 0.01s)
✓ Generated graph n=500, m=11180, seed=7938560551762094560, type=POWLAW -> ./input/random_graphs/graph_500_11180_POWLAW_7938560551762094560.txt (Time: 0.01s)
✓ Generated graph n=500, m=11180, seed=4997514996153925447, type=POWLAW -> ./input/random_graphs/graph_500_11180_POWLAW_4997514996153925447.txt (Time: 0.01s)
✓ Generated graph n=500, m=11180, seed=1128313391724783137, type=POWLAW -> ./input/random_graphs/graph_500_11180_POWLAW_1128313391724783137.txt (Time: 0.01s)
✓ Generated graph n=500, m=11180, seed=5063475852268941542, type=POWLAW -> ./input/random_graphs/graph_500_11180_POWLAW_5063475852268941542.txt (Time: 0.01s)
✓ Generated graph n=500, m=11180, seed=6529943913552561417, type=POWLAW -> ./input/random_graphs/graph_500_11180_POWLAW_6529943913552561417.txt (Time: 0.01s)
✓ Generated graph n=500, m=11180, seed=3817405844514670994, type=POWLAW -> ./input/random_graphs/graph_500_11180_POWLAW_3817405844514670994.txt (Time: 0.01s)
✓ Generated graph n=500, m=11180, seed=2909934787168262407, type=POWLAW -> ./input/random_graphs/graph_500_11180_POWLAW_2909934787168262407.txt (Time: 0.01s)
✓ Generated graph n=500, m=11180, seed=1170385908854608748, type=POWLAW -> ./input/random_graphs/graph_500_11180_POWLAW_1170385908854608748.txt (Time: 0.01s)
✓ Generated graph n=500, m=11180, seed=8446481348147407377, type=POWLAW -> ./input/random_graphs/graph_500_11180_POWLAW_8446481348147407377.txt (Time: 0.01s)
✓ Generated graph n=500, m=11180, seed=6022436717541034636, type=POWLAW -> ./input/random_graphs/graph_500_11180_POWLAW_6022436717541034636.txt (Time: 0.01s)
✓ Generated graph n=500, m=11180, seed=199422815561151340, type=POWLAW -> ./input/random_graphs/graph_500_11180_POWLAW_199422815561151340.txt (Time: 0.01s)
✓ Generated graph n=500, m=11180, seed=3713827327871807734, type=POWLAW -> ./input/random_graphs/graph_500_11180_POWLAW_3713827327871807734.txt (Time: 0.01s)
✓ Generated graph n=500, m=11180, seed=6764066939395682287, type=POWLAW -> ./input/random_graphs/graph_500_11180_POWLAW_6764066939395682287.txt (Time: 0.01s)
✓ Generated graph n=500, m=11180, seed=5108599054664628607, type=POWLAW -> ./input/random_graphs/graph_500_11180_POWLAW_5108599054664628607.txt (Time: 0.01s)
✓ Generated graph n=500, m=11180, seed=175493991617213850, type=POWLAW -> ./input/random_graphs/graph_500_11180_POWLAW_175493991617213850.txt (Time: 0.01s)
✓ Generated graph n=500, m=11180, seed=9130666990809746335, type=POWLAW -> ./input/random_graphs/graph_500_11180_POWLAW_9130666990809746335.txt (Time: 0.01s)
✓ Generated graph n=500, m=11180, seed=9060210648189963449, type=POWLAW -> ./input/random_graphs/graph_500_11180_POWLAW_9060210648189963449.txt (Time: 0.01s)
✓ Generated graph n=500, m=11180, seed=1392892770529522614, type=POWLAW -> ./input/random_graphs/graph_500_11180_POWLAW_1392892770529522614.txt (Time: 0.01s)
✓ Generated graph n=500, m=11180, seed=1458186392400727732, type=POWLAW -> ./input/random_graphs/graph_500_11180_POWLAW_1458186392400727732.txt (Time: 0.01s)
✓ Generated graph n=500, m=11180, seed=4250897495980125004, type=POWLAW -> ./input/random_graphs/graph_500_11180_POWLAW_4250897495980125004.txt (Time: 0.01s)
✓ Generated graph n=500, m=11180, seed=2089506265998900862, type=POWLAW -> ./input/random_graphs/graph_500_11180_POWLAW_2089506265998900862.txt (Time: 0.01s)
✓ Generated graph n=500, m=11180, seed=5497874167834979553, type=POWLAW -> ./input/random_graphs/graph_500_11180_POWLAW_5497874167834979553.txt (Time: 0.01s)
✓ Generated graph n=500, m=11180, seed=4060584409398689268, type=POWLAW -> ./input/random_graphs/graph_500_11180_POWLAW_4060584409398689268.txt (Time: 0.01s)
✓ Generated graph n=500, m=11180, seed=1332005502874566195, type=POWLAW -> ./input/random_graphs/graph_500_11180_POWLAW_1332005502874566195.txt (Time: 0.01s)
✓ Generated graph n=500, m=11180, seed=8794274795737982182, type=POWLAW -> ./input/random_graphs/graph_500_11180_POWLAW_8794274795737982182.txt (Time: 0.01s)
✓ Generated graph n=500, m=11180, seed=7644420139408884785, type=POWLAW -> ./input/random_graphs/graph_500_11180_POWLAW_7644420139408884785.txt (Time: 0.01s)
✓ Generated graph n=500, m=11180, seed=8626102704817790064, type=POWLAW -> ./input/random_graphs/graph_500_11180_POWLAW_8626102704817790064.txt (Time: 0.01s)
✓ Generated graph n=500, m=11180, seed=7905487461282246979, type=POWLAW -> ./input/random_graphs/graph_500_11180_POWLAW_7905487461282246979.txt (Time: 0.01s)
✓ Generated graph n=500, m=11180, seed=1722224698700348310, type=POWLAW -> ./input/random_graphs/graph_500_11180_POWLAW_1722224698700348310.txt (Time: 0.01s)
✓ Generated graph n=500, m=11180, seed=8448596294177070022, type=POWLAW -> ./input/random_graphs/graph_500_11180_POWLAW_8448596294177070022.txt (Time: 0.01s)
✓ Generated graph n=500, m=11180, seed=4934890601268679176, type=POWLAW -> ./input/random_graphs/graph_500_11180_POWLAW_4934890601268679176.txt (Time: 0.01s)
✓ Generated graph n=500, m=11180, seed=4795749165124911768, type=POWLAW -> ./input/random_graphs/graph_500_11180_POWLAW_4795749165124911768.txt (Time: 0.01s)
✓ Generated graph n=500, m=11180, seed=1992204328026194281, type=POWLAW -> ./input/random_graphs/graph_500_11180_POWLAW_1992204328026194281.txt (Time: 0.01s)
✓ Generated graph n=500, m=11180, seed=7118744415197196276, type=POWLAW -> ./input/random_graphs/graph_500_11180_POWLAW_7118744415197196276.txt (Time: 0.01s)
✓ Generated graph n=500, m=11180, seed=2718103348384927511, type=POWLAW -> ./input/random_graphs/graph_500_11180_POWLAW_2718103348384927511.txt (Time: 0.01s)
✓ Generated graph n=500, m=11180, seed=9059990922233379852, type=POWLAW -> ./input/random_graphs/graph_500_11180_POWLAW_9059990922233379852.txt (Time: 0.01s)
✓ Generated graph n=500, m=11180, seed=7449662661572224354, type=POWLAW -> ./input/random_graphs/graph_500_11180_POWLAW_7449662661572224354.txt (Time: 0.01s)
✓ Generated graph n=500, m=11180, seed=8867616339855336876, type=POWLAW -> ./input/random_graphs/graph_500_11180_POWLAW_8867616339855336876.txt (Time: 0.01s)
✓ Generated graph n=500, m=11180, seed=3221421291694197220, type=POWLAW -> ./input/random_graphs/graph_500_11180_POWLAW_3221421291694197220.txt (Time: 0.01s)
✓ Generated graph n=500, m=11180, seed=5894893360759659423, type=POWLAW -> ./input/random_graphs/graph_500_11180_POWLAW_5894893360759659423.txt (Time: 0.01s)
✓ Generated graph n=500, m=11180, seed=4940913311242578590, type=POWLAW -> ./input/random_graphs/graph_500_11180_POWLAW_4940913311242578590.txt (Time: 0.01s)
✓ Generated graph n=500, m=11180, seed=7983805977214098674, type=POWLAW -> ./input/random_graphs/graph_500_11180_POWLAW_7983805977214098674.txt (Time: 0.01s)
✓ Generated graph n=500, m=11180, seed=7632458674696225362, type=POWLAW -> ./input/random_graphs/graph_500_11180_POWLAW_7632458674696225362.txt (Time: 0.01s)
✓ Generated graph n=500, m=11180, seed=2264398621601381987, type=POWLAW -> ./input/random_graphs/graph_500_11180_POWLAW_2264398621601381987.txt (Time: 0.01s)
✓ Generated graph n=600, m=14696, seed=7871178979383552919, type=POWLAW -> ./input/random_graphs/graph_600_14696_POWLAW_7871178979383552919.txt (Time: 0.01s)
✓ Generated graph n=600, m=14696, seed=6230961512046992311, type=POWLAW -> ./input/random_graphs/graph_600_14696_POWLAW_6230961512046992311.txt (Time: 0.01s)
✓ Generated graph n=600, m=14696, seed=5739955973604961613, type=POWLAW -> ./input/random_graphs/graph_600_14696_POWLAW_5739955973604961613.txt (Time: 0.01s)
✓ Generated graph n=600, m=14696, seed=3881801951614183357, type=POWLAW -> ./input/random_graphs/graph_600_14696_POWLAW_3881801951614183357.txt (Time: 0.01s)
✓ Generated graph n=600, m=14696, seed=7599700178212337699, type=POWLAW -> ./input/random_graphs/graph_600_14696_POWLAW_7599700178212337699.txt (Time: 0.01s)
✓ Generated graph n=600, m=14696, seed=7032710160631691991, type=POWLAW -> ./input/random_graphs/graph_600_14696_POWLAW_7032710160631691991.txt (Time: 0.01s)
✓ Generated graph n=600, m=14696, seed=1353182403971399009, type=POWLAW -> ./input/random_graphs/graph_600_14696_POWLAW_1353182403971399009.txt (Time: 0.01s)
✓ Generated graph n=600, m=14696, seed=1070244953599069350, type=POWLAW -> ./input/random_graphs/graph_600_14696_POWLAW_1070244953599069350.txt (Time: 0.01s)
✓ Generated graph n=600, m=14696, seed=4040737767143389431, type=POWLAW -> ./input/random_graphs/graph_600_14696_POWLAW_4040737767143389431.txt (Time: 0.01s)
✓ Generated graph n=600, m=14696, seed=6522163754831416203, type=POWLAW -> ./input/random_graphs/graph_600_14696_POWLAW_6522163754831416203.txt (Time: 0.01s)
✓ Generated graph n=600, m=14696, seed=6938562734920028532, type=POWLAW -> ./input/random_graphs/graph_600_14696_POWLAW_6938562734920028532.txt (Time: 0.01s)
✓ Generated graph n=600, m=14696, seed=1250005700364523649, type=POWLAW -> ./input/random_graphs/graph_600_14696_POWLAW_1250005700364523649.txt (Time: 0.01s)
✓ Generated graph n=600, m=14696, seed=1309542850049879452, type=POWLAW -> ./input/random_graphs/graph_600_14696_POWLAW_1309542850049879452.txt (Time: 0.01s)
✓ Generated graph n=600, m=14696, seed=320375091487821987, type=POWLAW -> ./input/random_graphs/graph_600_14696_POWLAW_320375091487821987.txt (Time: 0.01s)
✓ Generated graph n=600, m=14696, seed=7663871783842725848, type=POWLAW -> ./input/random_graphs/graph_600_14696_POWLAW_7663871783842725848.txt (Time: 0.01s)
✓ Generated graph n=600, m=14696, seed=2429002973740178792, type=POWLAW -> ./input/random_graphs/graph_600_14696_POWLAW_2429002973740178792.txt (Time: 0.01s)
✓ Generated graph n=600, m=14696, seed=1250773459040295677, type=POWLAW -> ./input/random_graphs/graph_600_14696_POWLAW_1250773459040295677.txt (Time: 0.01s)
✓ Generated graph n=600, m=14696, seed=5906957480796939447, type=POWLAW -> ./input/random_graphs/graph_600_14696_POWLAW_5906957480796939447.txt (Time: 0.01s)
✓ Generated graph n=600, m=14696, seed=7146860528564146064, type=POWLAW -> ./input/random_graphs/graph_600_14696_POWLAW_7146860528564146064.txt (Time: 0.01s)
✓ Generated graph n=600, m=14696, seed=3438400432146115956, type=POWLAW -> ./input/random_graphs/graph_600_14696_POWLAW_3438400432146115956.txt (Time: 0.01s)
✓ Generated graph n=600, m=14696, seed=7473196763798409428, type=POWLAW -> ./input/random_graphs/graph_600_14696_POWLAW_7473196763798409428.txt (Time: 0.01s)
✓ Generated graph n=600, m=14696, seed=5139481885857321791, type=POWLAW -> ./input/random_graphs/graph_600_14696_POWLAW_5139481885857321791.txt (Time: 0.01s)
✓ Generated graph n=600, m=14696, seed=5142811650494845597, type=POWLAW -> ./input/random_graphs/graph_600_14696_POWLAW_5142811650494845597.txt (Time: 0.01s)
✓ Generated graph n=600, m=14696, seed=3010622984418968408, type=POWLAW -> ./input/random_graphs/graph_600_14696_POWLAW_3010622984418968408.txt (Time: 0.01s)
✓ Generated graph n=600, m=14696, seed=5708372698381010775, type=POWLAW -> ./input/random_graphs/graph_600_14696_POWLAW_5708372698381010775.txt (Time: 0.01s)
✓ Generated graph n=600, m=14696, seed=6002685213311538187, type=POWLAW -> ./input/random_graphs/graph_600_14696_POWLAW_6002685213311538187.txt (Time: 0.01s)
✓ Generated graph n=600, m=14696, seed=1731523882129807996, type=POWLAW -> ./input/random_graphs/graph_600_14696_POWLAW_1731523882129807996.txt (Time: 0.01s)
✓ Generated graph n=600, m=14696, seed=1853590723603270879, type=POWLAW -> ./input/random_graphs/graph_600_14696_POWLAW_1853590723603270879.txt (Time: 0.01s)
✓ Generated graph n=600, m=14696, seed=6785030173969523435, type=POWLAW -> ./input/random_graphs/graph_600_14696_POWLAW_6785030173969523435.txt (Time: 0.01s)
✓ Generated graph n=600, m=14696, seed=521787134863155063, type=POWLAW -> ./input/random_graphs/graph_600_14696_POWLAW_521787134863155063.txt (Time: 0.01s)
✓ Generated graph n=600, m=14696, seed=5529616217668449934, type=POWLAW -> ./input/random_graphs/graph_600_14696_POWLAW_5529616217668449934.txt (Time: 0.01s)
✓ Generated graph n=600, m=14696, seed=1024517563182776983, type=POWLAW -> ./input/random_graphs/graph_600_14696_POWLAW_1024517563182776983.txt (Time: 0.01s)
✓ Generated graph n=600, m=14696, seed=7029781962072644698, type=POWLAW -> ./input/random_graphs/graph_600_14696_POWLAW_7029781962072644698.txt (Time: 0.01s)
✓ Generated graph n=600, m=14696, seed=3224265581699847191, type=POWLAW -> ./input/random_graphs/graph_600_14696_POWLAW_3224265581699847191.txt (Time: 0.01s)
✓ Generated graph n=600, m=14696, seed=1647170069535670909, type=POWLAW -> ./input/random_graphs/graph_600_14696_POWLAW_1647170069535670909.txt (Time: 0.01s)
✓ Generated graph n=600, m=14696, seed=7706236040662210848, type=POWLAW -> ./input/random_graphs/graph_600_14696_POWLAW_7706236040662210848.txt (Time: 0.01s)
✓ Generated graph n=600, m=14696, seed=4122784633514911760, type=POWLAW -> ./input/random_graphs/graph_600_14696_POWLAW_4122784633514911760.txt (Time: 0.01s)
✓ Generated graph n=600, m=14696, seed=5258051056098597521, type=POWLAW -> ./input/random_graphs/graph_600_14696_POWLAW_5258051056098597521.txt (Time: 0.01s)
✓ Generated graph n=600, m=14696, seed=824387247617288499, type=POWLAW -> ./input/random_graphs/graph_600_14696_POWLAW_824387247617288499.txt (Time: 0.01s)
✓ Generated graph n=600, m=14696, seed=7161906730445628483, type=POWLAW -> ./input/random_graphs/graph_600_14696_POWLAW_7161906730445628483.txt (Time: 0.01s)
✓ Generated graph n=600, m=14696, seed=1632192924771168275, type=POWLAW -> ./input/random_graphs/graph_600_14696_POWLAW_1632192924771168275.txt (Time: 0.01s)
✓ Generated graph n=600, m=14696, seed=6802378520969450157, type=POWLAW -> ./input/random_graphs/graph_600_14696_POWLAW_6802378520969450157.txt (Time: 0.01s)
✓ Generated graph n=600, m=14696, seed=8031431416522537101, type=POWLAW -> ./input/random_graphs/graph_600_14696_POWLAW_8031431416522537101.txt (Time: 0.01s)
✓ Generated graph n=600, m=14696, seed=4552998297316576788, type=POWLAW -> ./input/random_graphs/graph_600_14696_POWLAW_4552998297316576788.txt (Time: 0.01s)
✓ Generated graph n=600, m=14696, seed=3272308573967577038, type=POWLAW -> ./input/random_graphs/graph_600_14696_POWLAW_3272308573967577038.txt (Time: 0.01s)
✓ Generated graph n=600, m=14696, seed=6143643868734370809, type=POWLAW -> ./input/random_graphs/graph_600_14696_POWLAW_6143643868734370809.txt (Time: 0.01s)
✓ Generated graph n=600, m=14696, seed=5636411189175451024, type=POWLAW -> ./input/random_graphs/graph_600_14696_POWLAW_5636411189175451024.txt (Time: 0.01s)
✓ Generated graph n=600, m=14696, seed=5349491008325879064, type=POWLAW -> ./input/random_graphs/graph_600_14696_POWLAW_5349491008325879064.txt (Time: 0.01s)
✓ Generated graph n=600, m=14696, seed=7938560551762094560, type=POWLAW -> ./input/random_graphs/graph_600_14696_POWLAW_7938560551762094560.txt (Time: 0.01s)
✓ Generated graph n=600, m=14696, seed=7917045922527545890, type=POWLAW -> ./input/random_graphs/graph_600_14696_POWLAW_7917045922527545890.txt (Time: 0.01s)
✓ Generated graph n=600, m=14696, seed=4445925461710302877, type=POWLAW -> ./input/random_graphs/graph_600_14696_POWLAW_4445925461710302877.txt (Time: 0.01s)
✓ Generated graph n=600, m=14696, seed=3865339568260874865, type=POWLAW -> ./input/random_graphs/graph_600_14696_POWLAW_3865339568260874865.txt (Time: 0.01s)
✓ Generated graph n=600, m=14696, seed=7921282862123281598, type=POWLAW -> ./input/random_graphs/graph_600_14696_POWLAW_7921282862123281598.txt (Time: 0.01s)
✓ Generated graph n=600, m=14696, seed=6224222471595207695, type=POWLAW -> ./input/random_graphs/graph_600_14696_POWLAW_6224222471595207695.txt (Time: 0.01s)
✓ Generated graph n=600, m=14696, seed=6614505080519948832, type=POWLAW -> ./input/random_graphs/graph_600_14696_POWLAW_6614505080519948832.txt (Time: 0.01s)
✓ Generated graph n=600, m=14696, seed=1128313391724783137, type=POWLAW -> ./input/random_graphs/graph_600_14696_POWLAW_1128313391724783137.txt (Time: 0.01s)
✓ Generated graph n=600, m=14696, seed=716820155901718944, type=POWLAW -> ./input/random_graphs/graph_600_14696_POWLAW_716820155901718944.txt (Time: 0.01s)
✓ Generated graph n=600, m=14696, seed=5063475852268941542, type=POWLAW -> ./input/random_graphs/graph_600_14696_POWLAW_5063475852268941542.txt (Time: 0.01s)
✓ Generated graph n=600, m=14696, seed=8718380604043999642, type=POWLAW -> ./input/random_graphs/graph_600_14696_POWLAW_8718380604043999642.txt (Time: 0.01s)
✓ Generated graph n=600, m=14696, seed=4997514996153925447, type=POWLAW -> ./input/random_graphs/graph_600_14696_POWLAW_4997514996153925447.txt (Time: 0.01s)
✓ Generated graph n=600, m=14696, seed=8446481348147407377, type=POWLAW -> ./input/random_graphs/graph_600_14696_POWLAW_8446481348147407377.txt (Time: 0.01s)
✓ Generated graph n=600, m=14696, seed=3817405844514670994, type=POWLAW -> ./input/random_graphs/graph_600_14696_POWLAW_3817405844514670994.txt (Time: 0.01s)
✓ Generated graph n=600, m=14696, seed=6529943913552561417, type=POWLAW -> ./input/random_graphs/graph_600_14696_POWLAW_6529943913552561417.txt (Time: 0.01s)
✓ Generated graph n=600, m=14696, seed=2909934787168262407, type=POWLAW -> ./input/random_graphs/graph_600_14696_POWLAW_2909934787168262407.txt (Time: 0.01s)
✓ Generated graph n=600, m=14696, seed=1170385908854608748, type=POWLAW -> ./input/random_graphs/graph_600_14696_POWLAW_1170385908854608748.txt (Time: 0.01s)
✓ Generated graph n=600, m=14696, seed=6022436717541034636, type=POWLAW -> ./input/random_graphs/graph_600_14696_POWLAW_6022436717541034636.txt (Time: 0.01s)
✓ Generated graph n=600, m=14696, seed=199422815561151340, type=POWLAW -> ./input/random_graphs/graph_600_14696_POWLAW_199422815561151340.txt (Time: 0.01s)
✓ Generated graph n=600, m=14696, seed=175493991617213850, type=POWLAW -> ./input/random_graphs/graph_600_14696_POWLAW_175493991617213850.txt (Time: 0.01s)
✓ Generated graph n=600, m=14696, seed=3713827327871807734, type=POWLAW -> ./input/random_graphs/graph_600_14696_POWLAW_3713827327871807734.txt (Time: 0.01s)
✓ Generated graph n=600, m=14696, seed=5108599054664628607, type=POWLAW -> ./input/random_graphs/graph_600_14696_POWLAW_5108599054664628607.txt (Time: 0.01s)
✓ Generated graph n=600, m=14696, seed=6764066939395682287, type=POWLAW -> ./input/random_graphs/graph_600_14696_POWLAW_6764066939395682287.txt (Time: 0.01s)
✓ Generated graph n=600, m=14696, seed=9130666990809746335, type=POWLAW -> ./input/random_graphs/graph_600_14696_POWLAW_9130666990809746335.txt (Time: 0.01s)
✓ Generated graph n=600, m=14696, seed=1458186392400727732, type=POWLAW -> ./input/random_graphs/graph_600_14696_POWLAW_1458186392400727732.txt (Time: 0.01s)
✓ Generated graph n=600, m=14696, seed=1392892770529522614, type=POWLAW -> ./input/random_graphs/graph_600_14696_POWLAW_1392892770529522614.txt (Time: 0.01s)
✓ Generated graph n=600, m=14696, seed=7644420139408884785, type=POWLAW -> ./input/random_graphs/graph_600_14696_POWLAW_7644420139408884785.txt (Time: 0.01s)
✓ Generated graph n=600, m=14696, seed=4250897495980125004, type=POWLAW -> ./input/random_graphs/graph_600_14696_POWLAW_4250897495980125004.txt (Time: 0.01s)
✓ Generated graph n=600, m=14696, seed=8794274795737982182, type=POWLAW -> ./input/random_graphs/graph_600_14696_POWLAW_8794274795737982182.txt (Time: 0.01s)
✓ Generated graph n=600, m=14696, seed=9060210648189963449, type=POWLAW -> ./input/random_graphs/graph_600_14696_POWLAW_9060210648189963449.txt (Time: 0.01s)
✓ Generated graph n=600, m=14696, seed=4060584409398689268, type=POWLAW -> ./input/random_graphs/graph_600_14696_POWLAW_4060584409398689268.txt (Time: 0.01s)
✓ Generated graph n=600, m=14696, seed=5497874167834979553, type=POWLAW -> ./input/random_graphs/graph_600_14696_POWLAW_5497874167834979553.txt (Time: 0.01s)
✓ Generated graph n=600, m=14696, seed=2089506265998900862, type=POWLAW -> ./input/random_graphs/graph_600_14696_POWLAW_2089506265998900862.txt (Time: 0.01s)
✓ Generated graph n=600, m=14696, seed=1332005502874566195, type=POWLAW -> ./input/random_graphs/graph_600_14696_POWLAW_1332005502874566195.txt (Time: 0.01s)
✓ Generated graph n=600, m=14696, seed=8626102704817790064, type=POWLAW -> ./input/random_graphs/graph_600_14696_POWLAW_8626102704817790064.txt (Time: 0.01s)
✓ Generated graph n=600, m=14696, seed=7905487461282246979, type=POWLAW -> ./input/random_graphs/graph_600_14696_POWLAW_7905487461282246979.txt (Time: 0.01s)
✓ Generated graph n=600, m=14696, seed=1722224698700348310, type=POWLAW -> ./input/random_graphs/graph_600_14696_POWLAW_1722224698700348310.txt (Time: 0.01s)
✓ Generated graph n=600, m=14696, seed=8448596294177070022, type=POWLAW -> ./input/random_graphs/graph_600_14696_POWLAW_8448596294177070022.txt (Time: 0.01s)
✓ Generated graph n=600, m=14696, seed=4795749165124911768, type=POWLAW -> ./input/random_graphs/graph_600_14696_POWLAW_4795749165124911768.txt (Time: 0.01s)
✓ Generated graph n=600, m=14696, seed=7118744415197196276, type=POWLAW -> ./input/random_graphs/graph_600_14696_POWLAW_7118744415197196276.txt (Time: 0.01s)
✓ Generated graph n=600, m=14696, seed=4934890601268679176, type=POWLAW -> ./input/random_graphs/graph_600_14696_POWLAW_4934890601268679176.txt (Time: 0.01s)
✓ Generated graph n=600, m=14696, seed=2718103348384927511, type=POWLAW -> ./input/random_graphs/graph_600_14696_POWLAW_2718103348384927511.txt (Time: 0.01s)
✓ Generated graph n=600, m=14696, seed=1992204328026194281, type=POWLAW -> ./input/random_graphs/graph_600_14696_POWLAW_1992204328026194281.txt (Time: 0.01s)
✓ Generated graph n=600, m=14696, seed=7449662661572224354, type=POWLAW -> ./input/random_graphs/graph_600_14696_POWLAW_7449662661572224354.txt (Time: 0.01s)
✓ Generated graph n=600, m=14696, seed=3221421291694197220, type=POWLAW -> ./input/random_graphs/graph_600_14696_POWLAW_3221421291694197220.txt (Time: 0.01s)
✓ Generated graph n=600, m=14696, seed=5894893360759659423, type=POWLAW -> ./input/random_graphs/graph_600_14696_POWLAW_5894893360759659423.txt (Time: 0.01s)
✓ Generated graph n=600, m=14696, seed=8867616339855336876, type=POWLAW -> ./input/random_graphs/graph_600_14696_POWLAW_8867616339855336876.txt (Time: 0.01s)
✓ Generated graph n=600, m=14696, seed=9059990922233379852, type=POWLAW -> ./input/random_graphs/graph_600_14696_POWLAW_9059990922233379852.txt (Time: 0.01s)
✓ Generated graph n=600, m=14696, seed=7983805977214098674, type=POWLAW -> ./input/random_graphs/graph_600_14696_POWLAW_7983805977214098674.txt (Time: 0.01s)
✓ Generated graph n=600, m=14696, seed=4940913311242578590, type=POWLAW -> ./input/random_graphs/graph_600_14696_POWLAW_4940913311242578590.txt (Time: 0.01s)
✓ Generated graph n=600, m=14696, seed=2264398621601381987, type=POWLAW -> ./input/random_graphs/graph_600_14696_POWLAW_2264398621601381987.txt (Time: 0.01s)
✓ Generated graph n=600, m=14696, seed=7632458674696225362, type=POWLAW -> ./input/random_graphs/graph_600_14696_POWLAW_7632458674696225362.txt (Time: 0.01s)
✓ Generated graph n=700, m=18520, seed=6230961512046992311, type=POWLAW -> ./input/random_graphs/graph_700_18520_POWLAW_6230961512046992311.txt (Time: 0.01s)
✓ Generated graph n=700, m=18520, seed=7871178979383552919, type=POWLAW -> ./input/random_graphs/graph_700_18520_POWLAW_7871178979383552919.txt (Time: 0.01s)
✓ Generated graph n=700, m=18520, seed=7032710160631691991, type=POWLAW -> ./input/random_graphs/graph_700_18520_POWLAW_7032710160631691991.txt (Time: 0.01s)
✓ Generated graph n=700, m=18520, seed=5739955973604961613, type=POWLAW -> ./input/random_graphs/graph_700_18520_POWLAW_5739955973604961613.txt (Time: 0.01s)
✓ Generated graph n=700, m=18520, seed=3881801951614183357, type=POWLAW -> ./input/random_graphs/graph_700_18520_POWLAW_3881801951614183357.txt (Time: 0.01s)
✓ Generated graph n=700, m=18520, seed=7599700178212337699, type=POWLAW -> ./input/random_graphs/graph_700_18520_POWLAW_7599700178212337699.txt (Time: 0.01s)
✓ Generated graph n=700, m=18520, seed=1353182403971399009, type=POWLAW -> ./input/random_graphs/graph_700_18520_POWLAW_1353182403971399009.txt (Time: 0.01s)
✓ Generated graph n=700, m=18520, seed=6522163754831416203, type=POWLAW -> ./input/random_graphs/graph_700_18520_POWLAW_6522163754831416203.txt (Time: 0.01s)
✓ Generated graph n=700, m=18520, seed=6938562734920028532, type=POWLAW -> ./input/random_graphs/graph_700_18520_POWLAW_6938562734920028532.txt (Time: 0.01s)
✓ Generated graph n=700, m=18520, seed=1250005700364523649, type=POWLAW -> ./input/random_graphs/graph_700_18520_POWLAW_1250005700364523649.txt (Time: 0.01s)
✓ Generated graph n=700, m=18520, seed=1070244953599069350, type=POWLAW -> ./input/random_graphs/graph_700_18520_POWLAW_1070244953599069350.txt (Time: 0.01s)
✓ Generated graph n=700, m=18520, seed=2429002973740178792, type=POWLAW -> ./input/random_graphs/graph_700_18520_POWLAW_2429002973740178792.txt (Time: 0.01s)
✓ Generated graph n=700, m=18520, seed=4040737767143389431, type=POWLAW -> ./input/random_graphs/graph_700_18520_POWLAW_4040737767143389431.txt (Time: 0.01s)
✓ Generated graph n=700, m=18520, seed=7663871783842725848, type=POWLAW -> ./input/random_graphs/graph_700_18520_POWLAW_7663871783842725848.txt (Time: 0.01s)
✓ Generated graph n=700, m=18520, seed=320375091487821987, type=POWLAW -> ./input/random_graphs/graph_700_18520_POWLAW_320375091487821987.txt (Time: 0.01s)
✓ Generated graph n=700, m=18520, seed=1309542850049879452, type=POWLAW -> ./input/random_graphs/graph_700_18520_POWLAW_1309542850049879452.txt (Time: 0.01s)
✓ Generated graph n=700, m=18520, seed=5906957480796939447, type=POWLAW -> ./input/random_graphs/graph_700_18520_POWLAW_5906957480796939447.txt (Time: 0.01s)
✓ Generated graph n=700, m=18520, seed=1250773459040295677, type=POWLAW -> ./input/random_graphs/graph_700_18520_POWLAW_1250773459040295677.txt (Time: 0.01s)
✓ Generated graph n=700, m=18520, seed=7146860528564146064, type=POWLAW -> ./input/random_graphs/graph_700_18520_POWLAW_7146860528564146064.txt (Time: 0.01s)
✓ Generated graph n=700, m=18520, seed=3438400432146115956, type=POWLAW -> ./input/random_graphs/graph_700_18520_POWLAW_3438400432146115956.txt (Time: 0.01s)
✓ Generated graph n=700, m=18520, seed=7473196763798409428, type=POWLAW -> ./input/random_graphs/graph_700_18520_POWLAW_7473196763798409428.txt (Time: 0.01s)
✓ Generated graph n=700, m=18520, seed=5142811650494845597, type=POWLAW -> ./input/random_graphs/graph_700_18520_POWLAW_5142811650494845597.txt (Time: 0.01s)
✓ Generated graph n=700, m=18520, seed=3010622984418968408, type=POWLAW -> ./input/random_graphs/graph_700_18520_POWLAW_3010622984418968408.txt (Time: 0.01s)
✓ Generated graph n=700, m=18520, seed=5139481885857321791, type=POWLAW -> ./input/random_graphs/graph_700_18520_POWLAW_5139481885857321791.txt (Time: 0.01s)
✓ Generated graph n=700, m=18520, seed=5708372698381010775, type=POWLAW -> ./input/random_graphs/graph_700_18520_POWLAW_5708372698381010775.txt (Time: 0.01s)
✓ Generated graph n=700, m=18520, seed=7029781962072644698, type=POWLAW -> ./input/random_graphs/graph_700_18520_POWLAW_7029781962072644698.txt (Time: 0.01s)
✓ Generated graph n=700, m=18520, seed=6785030173969523435, type=POWLAW -> ./input/random_graphs/graph_700_18520_POWLAW_6785030173969523435.txt (Time: 0.01s)
✓ Generated graph n=700, m=18520, seed=1024517563182776983, type=POWLAW -> ./input/random_graphs/graph_700_18520_POWLAW_1024517563182776983.txt (Time: 0.01s)
✓ Generated graph n=700, m=18520, seed=1853590723603270879, type=POWLAW -> ./input/random_graphs/graph_700_18520_POWLAW_1853590723603270879.txt (Time: 0.01s)
✓ Generated graph n=700, m=18520, seed=5529616217668449934, type=POWLAW -> ./input/random_graphs/graph_700_18520_POWLAW_5529616217668449934.txt (Time: 0.01s)
✓ Generated graph n=700, m=18520, seed=6002685213311538187, type=POWLAW -> ./input/random_graphs/graph_700_18520_POWLAW_6002685213311538187.txt (Time: 0.01s)
✓ Generated graph n=700, m=18520, seed=7706236040662210848, type=POWLAW -> ./input/random_graphs/graph_700_18520_POWLAW_7706236040662210848.txt (Time: 0.01s)
✓ Generated graph n=700, m=18520, seed=5258051056098597521, type=POWLAW -> ./input/random_graphs/graph_700_18520_POWLAW_5258051056098597521.txt (Time: 0.01s)
✓ Generated graph n=700, m=18520, seed=824387247617288499, type=POWLAW -> ./input/random_graphs/graph_700_18520_POWLAW_824387247617288499.txt (Time: 0.01s)
✓ Generated graph n=700, m=18520, seed=1731523882129807996, type=POWLAW -> ./input/random_graphs/graph_700_18520_POWLAW_1731523882129807996.txt (Time: 0.01s)
✓ Generated graph n=700, m=18520, seed=1647170069535670909, type=POWLAW -> ./input/random_graphs/graph_700_18520_POWLAW_1647170069535670909.txt (Time: 0.01s)
✓ Generated graph n=700, m=18520, seed=3224265581699847191, type=POWLAW -> ./input/random_graphs/graph_700_18520_POWLAW_3224265581699847191.txt (Time: 0.01s)
✓ Generated graph n=700, m=18520, seed=7161906730445628483, type=POWLAW -> ./input/random_graphs/graph_700_18520_POWLAW_7161906730445628483.txt (Time: 0.01s)
✓ Generated graph n=700, m=18520, seed=521787134863155063, type=POWLAW -> ./input/random_graphs/graph_700_18520_POWLAW_521787134863155063.txt (Time: 0.01s)
✓ Generated graph n=700, m=18520, seed=1632192924771168275, type=POWLAW -> ./input/random_graphs/graph_700_18520_POWLAW_1632192924771168275.txt (Time: 0.01s)
✓ Generated graph n=700, m=18520, seed=4122784633514911760, type=POWLAW -> ./input/random_graphs/graph_700_18520_POWLAW_4122784633514911760.txt (Time: 0.01s)
✓ Generated graph n=700, m=18520, seed=8031431416522537101, type=POWLAW -> ./input/random_graphs/graph_700_18520_POWLAW_8031431416522537101.txt (Time: 0.01s)
✓ Generated graph n=700, m=18520, seed=6802378520969450157, type=POWLAW -> ./input/random_graphs/graph_700_18520_POWLAW_6802378520969450157.txt (Time: 0.01s)
✓ Generated graph n=700, m=18520, seed=4552998297316576788, type=POWLAW -> ./input/random_graphs/graph_700_18520_POWLAW_4552998297316576788.txt (Time: 0.01s)
✓ Generated graph n=700, m=18520, seed=6143643868734370809, type=POWLAW -> ./input/random_graphs/graph_700_18520_POWLAW_6143643868734370809.txt (Time: 0.01s)
✓ Generated graph n=700, m=18520, seed=5349491008325879064, type=POWLAW -> ./input/random_graphs/graph_700_18520_POWLAW_5349491008325879064.txt (Time: 0.01s)
✓ Generated graph n=700, m=18520, seed=6614505080519948832, type=POWLAW -> ./input/random_graphs/graph_700_18520_POWLAW_6614505080519948832.txt (Time: 0.01s)
✓ Generated graph n=700, m=18520, seed=5636411189175451024, type=POWLAW -> ./input/random_graphs/graph_700_18520_POWLAW_5636411189175451024.txt (Time: 0.01s)
✓ Generated graph n=700, m=18520, seed=3272308573967577038, type=POWLAW -> ./input/random_graphs/graph_700_18520_POWLAW_3272308573967577038.txt (Time: 0.01s)
✓ Generated graph n=700, m=18520, seed=7917045922527545890, type=POWLAW -> ./input/random_graphs/graph_700_18520_POWLAW_7917045922527545890.txt (Time: 0.01s)
✓ Generated graph n=700, m=18520, seed=3865339568260874865, type=POWLAW -> ./input/random_graphs/graph_700_18520_POWLAW_3865339568260874865.txt (Time: 0.01s)
✓ Generated graph n=700, m=18520, seed=7921282862123281598, type=POWLAW -> ./input/random_graphs/graph_700_18520_POWLAW_7921282862123281598.txt (Time: 0.01s)
✓ Generated graph n=700, m=18520, seed=4445925461710302877, type=POWLAW -> ./input/random_graphs/graph_700_18520_POWLAW_4445925461710302877.txt (Time: 0.01s)
✓ Generated graph n=700, m=18520, seed=7938560551762094560, type=POWLAW -> ./input/random_graphs/graph_700_18520_POWLAW_7938560551762094560.txt (Time: 0.01s)
✓ Generated graph n=700, m=18520, seed=6224222471595207695, type=POWLAW -> ./input/random_graphs/graph_700_18520_POWLAW_6224222471595207695.txt (Time: 0.01s)
✓ Generated graph n=700, m=18520, seed=1128313391724783137, type=POWLAW -> ./input/random_graphs/graph_700_18520_POWLAW_1128313391724783137.txt (Time: 0.01s)
✓ Generated graph n=700, m=18520, seed=4997514996153925447, type=POWLAW -> ./input/random_graphs/graph_700_18520_POWLAW_4997514996153925447.txt (Time: 0.01s)
✓ Generated graph n=700, m=18520, seed=5063475852268941542, type=POWLAW -> ./input/random_graphs/graph_700_18520_POWLAW_5063475852268941542.txt (Time: 0.01s)
✓ Generated graph n=700, m=18520, seed=8718380604043999642, type=POWLAW -> ./input/random_graphs/graph_700_18520_POWLAW_8718380604043999642.txt (Time: 0.01s)
✓ Generated graph n=700, m=18520, seed=716820155901718944, type=POWLAW -> ./input/random_graphs/graph_700_18520_POWLAW_716820155901718944.txt (Time: 0.01s)
✓ Generated graph n=700, m=18520, seed=8446481348147407377, type=POWLAW -> ./input/random_graphs/graph_700_18520_POWLAW_8446481348147407377.txt (Time: 0.01s)
✓ Generated graph n=700, m=18520, seed=3817405844514670994, type=POWLAW -> ./input/random_graphs/graph_700_18520_POWLAW_3817405844514670994.txt (Time: 0.01s)
✓ Generated graph n=700, m=18520, seed=6529943913552561417, type=POWLAW -> ./input/random_graphs/graph_700_18520_POWLAW_6529943913552561417.txt (Time: 0.01s)
✓ Generated graph n=700, m=18520, seed=1170385908854608748, type=POWLAW -> ./input/random_graphs/graph_700_18520_POWLAW_1170385908854608748.txt (Time: 0.01s)
✓ Generated graph n=700, m=18520, seed=2909934787168262407, type=POWLAW -> ./input/random_graphs/graph_700_18520_POWLAW_2909934787168262407.txt (Time: 0.01s)
✓ Generated graph n=700, m=18520, seed=199422815561151340, type=POWLAW -> ./input/random_graphs/graph_700_18520_POWLAW_199422815561151340.txt (Time: 0.01s)
✓ Generated graph n=700, m=18520, seed=3713827327871807734, type=POWLAW -> ./input/random_graphs/graph_700_18520_POWLAW_3713827327871807734.txt (Time: 0.01s)
✓ Generated graph n=700, m=18520, seed=175493991617213850, type=POWLAW -> ./input/random_graphs/graph_700_18520_POWLAW_175493991617213850.txt (Time: 0.01s)
✓ Generated graph n=700, m=18520, seed=6022436717541034636, type=POWLAW -> ./input/random_graphs/graph_700_18520_POWLAW_6022436717541034636.txt (Time: 0.01s)
✓ Generated graph n=700, m=18520, seed=5108599054664628607, type=POWLAW -> ./input/random_graphs/graph_700_18520_POWLAW_5108599054664628607.txt (Time: 0.01s)
✓ Generated graph n=700, m=18520, seed=7644420139408884785, type=POWLAW -> ./input/random_graphs/graph_700_18520_POWLAW_7644420139408884785.txt (Time: 0.01s)
✓ Generated graph n=700, m=18520, seed=9130666990809746335, type=POWLAW -> ./input/random_graphs/graph_700_18520_POWLAW_9130666990809746335.txt (Time: 0.01s)
✓ Generated graph n=700, m=18520, seed=6764066939395682287, type=POWLAW -> ./input/random_graphs/graph_700_18520_POWLAW_6764066939395682287.txt (Time: 0.01s)
✓ Generated graph n=700, m=18520, seed=1458186392400727732, type=POWLAW -> ./input/random_graphs/graph_700_18520_POWLAW_1458186392400727732.txt (Time: 0.01s)
✓ Generated graph n=700, m=18520, seed=1392892770529522614, type=POWLAW -> ./input/random_graphs/graph_700_18520_POWLAW_1392892770529522614.txt (Time: 0.01s)
✓ Generated graph n=700, m=18520, seed=9060210648189963449, type=POWLAW -> ./input/random_graphs/graph_700_18520_POWLAW_9060210648189963449.txt (Time: 0.01s)
✓ Generated graph n=700, m=18520, seed=4250897495980125004, type=POWLAW -> ./input/random_graphs/graph_700_18520_POWLAW_4250897495980125004.txt (Time: 0.01s)
✓ Generated graph n=700, m=18520, seed=8794274795737982182, type=POWLAW -> ./input/random_graphs/graph_700_18520_POWLAW_8794274795737982182.txt (Time: 0.01s)
✓ Generated graph n=700, m=18520, seed=2089506265998900862, type=POWLAW -> ./input/random_graphs/graph_700_18520_POWLAW_2089506265998900862.txt (Time: 0.01s)
✓ Generated graph n=700, m=18520, seed=5497874167834979553, type=POWLAW -> ./input/random_graphs/graph_700_18520_POWLAW_5497874167834979553.txt (Time: 0.01s)
✓ Generated graph n=700, m=18520, seed=4060584409398689268, type=POWLAW -> ./input/random_graphs/graph_700_18520_POWLAW_4060584409398689268.txt (Time: 0.01s)
✓ Generated graph n=700, m=18520, seed=1332005502874566195, type=POWLAW -> ./input/random_graphs/graph_700_18520_POWLAW_1332005502874566195.txt (Time: 0.01s)
✓ Generated graph n=700, m=18520, seed=1722224698700348310, type=POWLAW -> ./input/random_graphs/graph_700_18520_POWLAW_1722224698700348310.txt (Time: 0.01s)
✓ Generated graph n=700, m=18520, seed=8626102704817790064, type=POWLAW -> ./input/random_graphs/graph_700_18520_POWLAW_8626102704817790064.txt (Time: 0.01s)
✓ Generated graph n=700, m=18520, seed=7905487461282246979, type=POWLAW -> ./input/random_graphs/graph_700_18520_POWLAW_7905487461282246979.txt (Time: 0.01s)
✓ Generated graph n=700, m=18520, seed=4934890601268679176, type=POWLAW -> ./input/random_graphs/graph_700_18520_POWLAW_4934890601268679176.txt (Time: 0.01s)
✓ Generated graph n=700, m=18520, seed=8448596294177070022, type=POWLAW -> ./input/random_graphs/graph_700_18520_POWLAW_8448596294177070022.txt (Time: 0.01s)
✓ Generated graph n=700, m=18520, seed=1992204328026194281, type=POWLAW -> ./input/random_graphs/graph_700_18520_POWLAW_1992204328026194281.txt (Time: 0.01s)
✓ Generated graph n=700, m=18520, seed=4795749165124911768, type=POWLAW -> ./input/random_graphs/graph_700_18520_POWLAW_4795749165124911768.txt (Time: 0.01s)
✓ Generated graph n=700, m=18520, seed=7118744415197196276, type=POWLAW -> ./input/random_graphs/graph_700_18520_POWLAW_7118744415197196276.txt (Time: 0.01s)
✓ Generated graph n=700, m=18520, seed=2718103348384927511, type=POWLAW -> ./input/random_graphs/graph_700_18520_POWLAW_2718103348384927511.txt (Time: 0.01s)
✓ Generated graph n=700, m=18520, seed=9059990922233379852, type=POWLAW -> ./input/random_graphs/graph_700_18520_POWLAW_9059990922233379852.txt (Time: 0.01s)
✓ Generated graph n=700, m=18520, seed=7449662661572224354, type=POWLAW -> ./input/random_graphs/graph_700_18520_POWLAW_7449662661572224354.txt (Time: 0.01s)
✓ Generated graph n=700, m=18520, seed=3221421291694197220, type=POWLAW -> ./input/random_graphs/graph_700_18520_POWLAW_3221421291694197220.txt (Time: 0.01s)
✓ Generated graph n=700, m=18520, seed=8867616339855336876, type=POWLAW -> ./input/random_graphs/graph_700_18520_POWLAW_8867616339855336876.txt (Time: 0.01s)
✓ Generated graph n=700, m=18520, seed=5894893360759659423, type=POWLAW -> ./input/random_graphs/graph_700_18520_POWLAW_5894893360759659423.txt (Time: 0.01s)
✓ Generated graph n=700, m=18520, seed=2264398621601381987, type=POWLAW -> ./input/random_graphs/graph_700_18520_POWLAW_2264398621601381987.txt (Time: 0.01s)
✓ Generated graph n=700, m=18520, seed=4940913311242578590, type=POWLAW -> ./input/random_graphs/graph_700_18520_POWLAW_4940913311242578590.txt (Time: 0.01s)
✓ Generated graph n=700, m=18520, seed=7983805977214098674, type=POWLAW -> ./input/random_graphs/graph_700_18520_POWLAW_7983805977214098674.txt (Time: 0.01s)
✓ Generated graph n=700, m=18520, seed=7632458674696225362, type=POWLAW -> ./input/random_graphs/graph_700_18520_POWLAW_7632458674696225362.txt (Time: 0.01s)
✓ Generated graph n=800, m=22627, seed=6230961512046992311, type=POWLAW -> ./input/random_graphs/graph_800_22627_POWLAW_6230961512046992311.txt (Time: 0.01s)
✓ Generated graph n=800, m=22627, seed=7871178979383552919, type=POWLAW -> ./input/random_graphs/graph_800_22627_POWLAW_7871178979383552919.txt (Time: 0.01s)
✓ Generated graph n=800, m=22627, seed=5739955973604961613, type=POWLAW -> ./input/random_graphs/graph_800_22627_POWLAW_5739955973604961613.txt (Time: 0.01s)
✓ Generated graph n=800, m=22627, seed=7032710160631691991, type=POWLAW -> ./input/random_graphs/graph_800_22627_POWLAW_7032710160631691991.txt (Time: 0.01s)
✓ Generated graph n=800, m=22627, seed=3881801951614183357, type=POWLAW -> ./input/random_graphs/graph_800_22627_POWLAW_3881801951614183357.txt (Time: 0.01s)
✓ Generated graph n=800, m=22627, seed=1353182403971399009, type=POWLAW -> ./input/random_graphs/graph_800_22627_POWLAW_1353182403971399009.txt (Time: 0.01s)
✓ Generated graph n=800, m=22627, seed=1070244953599069350, type=POWLAW -> ./input/random_graphs/graph_800_22627_POWLAW_1070244953599069350.txt (Time: 0.01s)
✓ Generated graph n=800, m=22627, seed=6522163754831416203, type=POWLAW -> ./input/random_graphs/graph_800_22627_POWLAW_6522163754831416203.txt (Time: 0.01s)
✓ Generated graph n=800, m=22627, seed=6938562734920028532, type=POWLAW -> ./input/random_graphs/graph_800_22627_POWLAW_6938562734920028532.txt (Time: 0.01s)
✓ Generated graph n=800, m=22627, seed=7599700178212337699, type=POWLAW -> ./input/random_graphs/graph_800_22627_POWLAW_7599700178212337699.txt (Time: 0.01s)
✓ Generated graph n=800, m=22627, seed=4040737767143389431, type=POWLAW -> ./input/random_graphs/graph_800_22627_POWLAW_4040737767143389431.txt (Time: 0.01s)
✓ Generated graph n=800, m=22627, seed=1250005700364523649, type=POWLAW -> ./input/random_graphs/graph_800_22627_POWLAW_1250005700364523649.txt (Time: 0.01s)
✓ Generated graph n=800, m=22627, seed=1309542850049879452, type=POWLAW -> ./input/random_graphs/graph_800_22627_POWLAW_1309542850049879452.txt (Time: 0.01s)
✓ Generated graph n=800, m=22627, seed=2429002973740178792, type=POWLAW -> ./input/random_graphs/graph_800_22627_POWLAW_2429002973740178792.txt (Time: 0.01s)
✓ Generated graph n=800, m=22627, seed=7663871783842725848, type=POWLAW -> ./input/random_graphs/graph_800_22627_POWLAW_7663871783842725848.txt (Time: 0.01s)
✓ Generated graph n=800, m=22627, seed=320375091487821987, type=POWLAW -> ./input/random_graphs/graph_800_22627_POWLAW_320375091487821987.txt (Time: 0.01s)
✓ Generated graph n=800, m=22627, seed=5906957480796939447, type=POWLAW -> ./input/random_graphs/graph_800_22627_POWLAW_5906957480796939447.txt (Time: 0.01s)
✓ Generated graph n=800, m=22627, seed=7473196763798409428, type=POWLAW -> ./input/random_graphs/graph_800_22627_POWLAW_7473196763798409428.txt (Time: 0.01s)
✓ Generated graph n=800, m=22627, seed=5139481885857321791, type=POWLAW -> ./input/random_graphs/graph_800_22627_POWLAW_5139481885857321791.txt (Time: 0.01s)
✓ Generated graph n=800, m=22627, seed=3438400432146115956, type=POWLAW -> ./input/random_graphs/graph_800_22627_POWLAW_3438400432146115956.txt (Time: 0.01s)
✓ Generated graph n=800, m=22627, seed=7146860528564146064, type=POWLAW -> ./input/random_graphs/graph_800_22627_POWLAW_7146860528564146064.txt (Time: 0.01s)
✓ Generated graph n=800, m=22627, seed=5142811650494845597, type=POWLAW -> ./input/random_graphs/graph_800_22627_POWLAW_5142811650494845597.txt (Time: 0.01s)
✓ Generated graph n=800, m=22627, seed=3010622984418968408, type=POWLAW -> ./input/random_graphs/graph_800_22627_POWLAW_3010622984418968408.txt (Time: 0.01s)
✓ Generated graph n=800, m=22627, seed=6002685213311538187, type=POWLAW -> ./input/random_graphs/graph_800_22627_POWLAW_6002685213311538187.txt (Time: 0.01s)
✓ Generated graph n=800, m=22627, seed=1250773459040295677, type=POWLAW -> ./input/random_graphs/graph_800_22627_POWLAW_1250773459040295677.txt (Time: 0.01s)
✓ Generated graph n=800, m=22627, seed=5708372698381010775, type=POWLAW -> ./input/random_graphs/graph_800_22627_POWLAW_5708372698381010775.txt (Time: 0.01s)
✓ Generated graph n=800, m=22627, seed=1731523882129807996, type=POWLAW -> ./input/random_graphs/graph_800_22627_POWLAW_1731523882129807996.txt (Time: 0.01s)
✓ Generated graph n=800, m=22627, seed=7029781962072644698, type=POWLAW -> ./input/random_graphs/graph_800_22627_POWLAW_7029781962072644698.txt (Time: 0.01s)
✓ Generated graph n=800, m=22627, seed=1853590723603270879, type=POWLAW -> ./input/random_graphs/graph_800_22627_POWLAW_1853590723603270879.txt (Time: 0.01s)
✓ Generated graph n=800, m=22627, seed=521787134863155063, type=POWLAW -> ./input/random_graphs/graph_800_22627_POWLAW_521787134863155063.txt (Time: 0.01s)
✓ Generated graph n=800, m=22627, seed=6785030173969523435, type=POWLAW -> ./input/random_graphs/graph_800_22627_POWLAW_6785030173969523435.txt (Time: 0.01s)
✓ Generated graph n=800, m=22627, seed=5529616217668449934, type=POWLAW -> ./input/random_graphs/graph_800_22627_POWLAW_5529616217668449934.txt (Time: 0.01s)
✓ Generated graph n=800, m=22627, seed=1024517563182776983, type=POWLAW -> ./input/random_graphs/graph_800_22627_POWLAW_1024517563182776983.txt (Time: 0.01s)
✓ Generated graph n=800, m=22627, seed=5258051056098597521, type=POWLAW -> ./input/random_graphs/graph_800_22627_POWLAW_5258051056098597521.txt (Time: 0.01s)
✓ Generated graph n=800, m=22627, seed=3224265581699847191, type=POWLAW -> ./input/random_graphs/graph_800_22627_POWLAW_3224265581699847191.txt (Time: 0.01s)
✓ Generated graph n=800, m=22627, seed=4122784633514911760, type=POWLAW -> ./input/random_graphs/graph_800_22627_POWLAW_4122784633514911760.txt (Time: 0.01s)
✓ Generated graph n=800, m=22627, seed=1647170069535670909, type=POWLAW -> ./input/random_graphs/graph_800_22627_POWLAW_1647170069535670909.txt (Time: 0.01s)
✓ Generated graph n=800, m=22627, seed=7706236040662210848, type=POWLAW -> ./input/random_graphs/graph_800_22627_POWLAW_7706236040662210848.txt (Time: 0.01s)
✓ Generated graph n=800, m=22627, seed=824387247617288499, type=POWLAW -> ./input/random_graphs/graph_800_22627_POWLAW_824387247617288499.txt (Time: 0.01s)
✓ Generated graph n=800, m=22627, seed=1632192924771168275, type=POWLAW -> ./input/random_graphs/graph_800_22627_POWLAW_1632192924771168275.txt (Time: 0.01s)
✓ Generated graph n=800, m=22627, seed=7161906730445628483, type=POWLAW -> ./input/random_graphs/graph_800_22627_POWLAW_7161906730445628483.txt (Time: 0.01s)
✓ Generated graph n=800, m=22627, seed=8031431416522537101, type=POWLAW -> ./input/random_graphs/graph_800_22627_POWLAW_8031431416522537101.txt (Time: 0.01s)
✓ Generated graph n=800, m=22627, seed=6802378520969450157, type=POWLAW -> ./input/random_graphs/graph_800_22627_POWLAW_6802378520969450157.txt (Time: 0.01s)
✓ Generated graph n=800, m=22627, seed=4552998297316576788, type=POWLAW -> ./input/random_graphs/graph_800_22627_POWLAW_4552998297316576788.txt (Time: 0.01s)
✓ Generated graph n=800, m=22627, seed=6143643868734370809, type=POWLAW -> ./input/random_graphs/graph_800_22627_POWLAW_6143643868734370809.txt (Time: 0.01s)
✓ Generated graph n=800, m=22627, seed=3272308573967577038, type=POWLAW -> ./input/random_graphs/graph_800_22627_POWLAW_3272308573967577038.txt (Time: 0.01s)
✓ Generated graph n=800, m=22627, seed=5636411189175451024, type=POWLAW -> ./input/random_graphs/graph_800_22627_POWLAW_5636411189175451024.txt (Time: 0.01s)
✓ Generated graph n=800, m=22627, seed=5349491008325879064, type=POWLAW -> ./input/random_graphs/graph_800_22627_POWLAW_5349491008325879064.txt (Time: 0.01s)
✓ Generated graph n=800, m=22627, seed=6614505080519948832, type=POWLAW -> ./input/random_graphs/graph_800_22627_POWLAW_6614505080519948832.txt (Time: 0.01s)
✓ Generated graph n=800, m=22627, seed=7938560551762094560, type=POWLAW -> ./input/random_graphs/graph_800_22627_POWLAW_7938560551762094560.txt (Time: 0.01s)
✓ Generated graph n=800, m=22627, seed=7917045922527545890, type=POWLAW -> ./input/random_graphs/graph_800_22627_POWLAW_7917045922527545890.txt (Time: 0.01s)
✓ Generated graph n=800, m=22627, seed=4445925461710302877, type=POWLAW -> ./input/random_graphs/graph_800_22627_POWLAW_4445925461710302877.txt (Time: 0.01s)
✓ Generated graph n=800, m=22627, seed=3865339568260874865, type=POWLAW -> ./input/random_graphs/graph_800_22627_POWLAW_3865339568260874865.txt (Time: 0.01s)
✓ Generated graph n=800, m=22627, seed=7921282862123281598, type=POWLAW -> ./input/random_graphs/graph_800_22627_POWLAW_7921282862123281598.txt (Time: 0.01s)
✓ Generated graph n=800, m=22627, seed=6224222471595207695, type=POWLAW -> ./input/random_graphs/graph_800_22627_POWLAW_6224222471595207695.txt (Time: 0.01s)
✓ Generated graph n=800, m=22627, seed=1128313391724783137, type=POWLAW -> ./input/random_graphs/graph_800_22627_POWLAW_1128313391724783137.txt (Time: 0.01s)
✓ Generated graph n=800, m=22627, seed=716820155901718944, type=POWLAW -> ./input/random_graphs/graph_800_22627_POWLAW_716820155901718944.txt (Time: 0.01s)
✓ Generated graph n=800, m=22627, seed=8718380604043999642, type=POWLAW -> ./input/random_graphs/graph_800_22627_POWLAW_8718380604043999642.txt (Time: 0.01s)
✓ Generated graph n=800, m=22627, seed=5063475852268941542, type=POWLAW -> ./input/random_graphs/graph_800_22627_POWLAW_5063475852268941542.txt (Time: 0.01s)
✓ Generated graph n=800, m=22627, seed=3817405844514670994, type=POWLAW -> ./input/random_graphs/graph_800_22627_POWLAW_3817405844514670994.txt (Time: 0.01s)
✓ Generated graph n=800, m=22627, seed=8446481348147407377, type=POWLAW -> ./input/random_graphs/graph_800_22627_POWLAW_8446481348147407377.txt (Time: 0.01s)
✓ Generated graph n=800, m=22627, seed=4997514996153925447, type=POWLAW -> ./input/random_graphs/graph_800_22627_POWLAW_4997514996153925447.txt (Time: 0.01s)
✓ Generated graph n=800, m=22627, seed=2909934787168262407, type=POWLAW -> ./input/random_graphs/graph_800_22627_POWLAW_2909934787168262407.txt (Time: 0.01s)
✓ Generated graph n=800, m=22627, seed=6529943913552561417, type=POWLAW -> ./input/random_graphs/graph_800_22627_POWLAW_6529943913552561417.txt (Time: 0.01s)
✓ Generated graph n=800, m=22627, seed=1170385908854608748, type=POWLAW -> ./input/random_graphs/graph_800_22627_POWLAW_1170385908854608748.txt (Time: 0.01s)
✓ Generated graph n=800, m=22627, seed=6022436717541034636, type=POWLAW -> ./input/random_graphs/graph_800_22627_POWLAW_6022436717541034636.txt (Time: 0.01s)
✓ Generated graph n=800, m=22627, seed=199422815561151340, type=POWLAW -> ./input/random_graphs/graph_800_22627_POWLAW_199422815561151340.txt (Time: 0.01s)
✓ Generated graph n=800, m=22627, seed=3713827327871807734, type=POWLAW -> ./input/random_graphs/graph_800_22627_POWLAW_3713827327871807734.txt (Time: 0.01s)
✓ Generated graph n=800, m=22627, seed=175493991617213850, type=POWLAW -> ./input/random_graphs/graph_800_22627_POWLAW_175493991617213850.txt (Time: 0.01s)
✓ Generated graph n=800, m=22627, seed=5108599054664628607, type=POWLAW -> ./input/random_graphs/graph_800_22627_POWLAW_5108599054664628607.txt (Time: 0.01s)
✓ Generated graph n=800, m=22627, seed=9130666990809746335, type=POWLAW -> ./input/random_graphs/graph_800_22627_POWLAW_9130666990809746335.txt (Time: 0.01s)
✓ Generated graph n=800, m=22627, seed=6764066939395682287, type=POWLAW -> ./input/random_graphs/graph_800_22627_POWLAW_6764066939395682287.txt (Time: 0.01s)
✓ Generated graph n=800, m=22627, seed=7644420139408884785, type=POWLAW -> ./input/random_graphs/graph_800_22627_POWLAW_7644420139408884785.txt (Time: 0.01s)
✓ Generated graph n=800, m=22627, seed=1392892770529522614, type=POWLAW -> ./input/random_graphs/graph_800_22627_POWLAW_1392892770529522614.txt (Time: 0.01s)
✓ Generated graph n=800, m=22627, seed=1458186392400727732, type=POWLAW -> ./input/random_graphs/graph_800_22627_POWLAW_1458186392400727732.txt (Time: 0.01s)
✓ Generated graph n=800, m=22627, seed=9060210648189963449, type=POWLAW -> ./input/random_graphs/graph_800_22627_POWLAW_9060210648189963449.txt (Time: 0.01s)
✓ Generated graph n=800, m=22627, seed=4250897495980125004, type=POWLAW -> ./input/random_graphs/graph_800_22627_POWLAW_4250897495980125004.txt (Time: 0.01s)
✓ Generated graph n=800, m=22627, seed=2089506265998900862, type=POWLAW -> ./input/random_graphs/graph_800_22627_POWLAW_2089506265998900862.txt (Time: 0.01s)
✓ Generated graph n=800, m=22627, seed=8794274795737982182, type=POWLAW -> ./input/random_graphs/graph_800_22627_POWLAW_8794274795737982182.txt (Time: 0.01s)
✓ Generated graph n=800, m=22627, seed=4060584409398689268, type=POWLAW -> ./input/random_graphs/graph_800_22627_POWLAW_4060584409398689268.txt (Time: 0.01s)
✓ Generated graph n=800, m=22627, seed=5497874167834979553, type=POWLAW -> ./input/random_graphs/graph_800_22627_POWLAW_5497874167834979553.txt (Time: 0.01s)
✓ Generated graph n=800, m=22627, seed=8626102704817790064, type=POWLAW -> ./input/random_graphs/graph_800_22627_POWLAW_8626102704817790064.txt (Time: 0.01s)
✓ Generated graph n=800, m=22627, seed=7905487461282246979, type=POWLAW -> ./input/random_graphs/graph_800_22627_POWLAW_7905487461282246979.txt (Time: 0.01s)
✓ Generated graph n=800, m=22627, seed=1332005502874566195, type=POWLAW -> ./input/random_graphs/graph_800_22627_POWLAW_1332005502874566195.txt (Time: 0.01s)
✓ Generated graph n=800, m=22627, seed=1722224698700348310, type=POWLAW -> ./input/random_graphs/graph_800_22627_POWLAW_1722224698700348310.txt (Time: 0.01s)
✓ Generated graph n=800, m=22627, seed=8448596294177070022, type=POWLAW -> ./input/random_graphs/graph_800_22627_POWLAW_8448596294177070022.txt (Time: 0.01s)
✓ Generated graph n=800, m=22627, seed=4795749165124911768, type=POWLAW -> ./input/random_graphs/graph_800_22627_POWLAW_4795749165124911768.txt (Time: 0.01s)
✓ Generated graph n=800, m=22627, seed=4934890601268679176, type=POWLAW -> ./input/random_graphs/graph_800_22627_POWLAW_4934890601268679176.txt (Time: 0.01s)
✓ Generated graph n=800, m=22627, seed=1992204328026194281, type=POWLAW -> ./input/random_graphs/graph_800_22627_POWLAW_1992204328026194281.txt (Time: 0.01s)
✓ Generated graph n=800, m=22627, seed=2718103348384927511, type=POWLAW -> ./input/random_graphs/graph_800_22627_POWLAW_2718103348384927511.txt (Time: 0.01s)
✓ Generated graph n=800, m=22627, seed=9059990922233379852, type=POWLAW -> ./input/random_graphs/graph_800_22627_POWLAW_9059990922233379852.txt (Time: 0.01s)
✓ Generated graph n=800, m=22627, seed=7118744415197196276, type=POWLAW -> ./input/random_graphs/graph_800_22627_POWLAW_7118744415197196276.txt (Time: 0.01s)
✓ Generated graph n=800, m=22627, seed=8867616339855336876, type=POWLAW -> ./input/random_graphs/graph_800_22627_POWLAW_8867616339855336876.txt (Time: 0.01s)
✓ Generated graph n=800, m=22627, seed=3221421291694197220, type=POWLAW -> ./input/random_graphs/graph_800_22627_POWLAW_3221421291694197220.txt (Time: 0.01s)
✓ Generated graph n=800, m=22627, seed=7449662661572224354, type=POWLAW -> ./input/random_graphs/graph_800_22627_POWLAW_7449662661572224354.txt (Time: 0.01s)
✓ Generated graph n=800, m=22627, seed=5894893360759659423, type=POWLAW -> ./input/random_graphs/graph_800_22627_POWLAW_5894893360759659423.txt (Time: 0.01s)
✓ Generated graph n=800, m=22627, seed=7983805977214098674, type=POWLAW -> ./input/random_graphs/graph_800_22627_POWLAW_7983805977214098674.txt (Time: 0.01s)
✓ Generated graph n=800, m=22627, seed=4940913311242578590, type=POWLAW -> ./input/random_graphs/graph_800_22627_POWLAW_4940913311242578590.txt (Time: 0.01s)
✓ Generated graph n=800, m=22627, seed=2264398621601381987, type=POWLAW -> ./input/random_graphs/graph_800_22627_POWLAW_2264398621601381987.txt (Time: 0.01s)
✓ Generated graph n=800, m=22627, seed=7632458674696225362, type=POWLAW -> ./input/random_graphs/graph_800_22627_POWLAW_7632458674696225362.txt (Time: 0.01s)
✓ Generated graph n=900, m=27000, seed=7871178979383552919, type=POWLAW -> ./input/random_graphs/graph_900_27000_POWLAW_7871178979383552919.txt (Time: 0.01s)
✓ Generated graph n=900, m=27000, seed=6230961512046992311, type=POWLAW -> ./input/random_graphs/graph_900_27000_POWLAW_6230961512046992311.txt (Time: 0.01s)
✓ Generated graph n=900, m=27000, seed=5739955973604961613, type=POWLAW -> ./input/random_graphs/graph_900_27000_POWLAW_5739955973604961613.txt (Time: 0.01s)
✓ Generated graph n=900, m=27000, seed=3881801951614183357, type=POWLAW -> ./input/random_graphs/graph_900_27000_POWLAW_3881801951614183357.txt (Time: 0.01s)
✓ Generated graph n=900, m=27000, seed=7032710160631691991, type=POWLAW -> ./input/random_graphs/graph_900_27000_POWLAW_7032710160631691991.txt (Time: 0.01s)
✓ Generated graph n=900, m=27000, seed=7599700178212337699, type=POWLAW -> ./input/random_graphs/graph_900_27000_POWLAW_7599700178212337699.txt (Time: 0.01s)
✓ Generated graph n=900, m=27000, seed=1353182403971399009, type=POWLAW -> ./input/random_graphs/graph_900_27000_POWLAW_1353182403971399009.txt (Time: 0.01s)
✓ Generated graph n=900, m=27000, seed=1070244953599069350, type=POWLAW -> ./input/random_graphs/graph_900_27000_POWLAW_1070244953599069350.txt (Time: 0.01s)
✓ Generated graph n=900, m=27000, seed=6522163754831416203, type=POWLAW -> ./input/random_graphs/graph_900_27000_POWLAW_6522163754831416203.txt (Time: 0.01s)
✓ Generated graph n=900, m=27000, seed=6938562734920028532, type=POWLAW -> ./input/random_graphs/graph_900_27000_POWLAW_6938562734920028532.txt (Time: 0.01s)
✓ Generated graph n=900, m=27000, seed=1250005700364523649, type=POWLAW -> ./input/random_graphs/graph_900_27000_POWLAW_1250005700364523649.txt (Time: 0.01s)
✓ Generated graph n=900, m=27000, seed=4040737767143389431, type=POWLAW -> ./input/random_graphs/graph_900_27000_POWLAW_4040737767143389431.txt (Time: 0.01s)
✓ Generated graph n=900, m=27000, seed=1309542850049879452, type=POWLAW -> ./input/random_graphs/graph_900_27000_POWLAW_1309542850049879452.txt (Time: 0.01s)
✓ Generated graph n=900, m=27000, seed=2429002973740178792, type=POWLAW -> ./input/random_graphs/graph_900_27000_POWLAW_2429002973740178792.txt (Time: 0.01s)
✓ Generated graph n=900, m=27000, seed=320375091487821987, type=POWLAW -> ./input/random_graphs/graph_900_27000_POWLAW_320375091487821987.txt (Time: 0.01s)
✓ Generated graph n=900, m=27000, seed=5906957480796939447, type=POWLAW -> ./input/random_graphs/graph_900_27000_POWLAW_5906957480796939447.txt (Time: 0.01s)
✓ Generated graph n=900, m=27000, seed=1250773459040295677, type=POWLAW -> ./input/random_graphs/graph_900_27000_POWLAW_1250773459040295677.txt (Time: 0.01s)
✓ Generated graph n=900, m=27000, seed=7663871783842725848, type=POWLAW -> ./input/random_graphs/graph_900_27000_POWLAW_7663871783842725848.txt (Time: 0.01s)
✓ Generated graph n=900, m=27000, seed=7146860528564146064, type=POWLAW -> ./input/random_graphs/graph_900_27000_POWLAW_7146860528564146064.txt (Time: 0.01s)
✓ Generated graph n=900, m=27000, seed=3438400432146115956, type=POWLAW -> ./input/random_graphs/graph_900_27000_POWLAW_3438400432146115956.txt (Time: 0.01s)
✓ Generated graph n=900, m=27000, seed=7473196763798409428, type=POWLAW -> ./input/random_graphs/graph_900_27000_POWLAW_7473196763798409428.txt (Time: 0.01s)
✓ Generated graph n=900, m=27000, seed=5139481885857321791, type=POWLAW -> ./input/random_graphs/graph_900_27000_POWLAW_5139481885857321791.txt (Time: 0.01s)
✓ Generated graph n=900, m=27000, seed=5142811650494845597, type=POWLAW -> ./input/random_graphs/graph_900_27000_POWLAW_5142811650494845597.txt (Time: 0.01s)
✓ Generated graph n=900, m=27000, seed=6002685213311538187, type=POWLAW -> ./input/random_graphs/graph_900_27000_POWLAW_6002685213311538187.txt (Time: 0.01s)
✓ Generated graph n=900, m=27000, seed=3010622984418968408, type=POWLAW -> ./input/random_graphs/graph_900_27000_POWLAW_3010622984418968408.txt (Time: 0.01s)
✓ Generated graph n=900, m=27000, seed=521787134863155063, type=POWLAW -> ./input/random_graphs/graph_900_27000_POWLAW_521787134863155063.txt (Time: 0.01s)
✓ Generated graph n=900, m=27000, seed=5708372698381010775, type=POWLAW -> ./input/random_graphs/graph_900_27000_POWLAW_5708372698381010775.txt (Time: 0.01s)
✓ Generated graph n=900, m=27000, seed=1731523882129807996, type=POWLAW -> ./input/random_graphs/graph_900_27000_POWLAW_1731523882129807996.txt (Time: 0.01s)
✓ Generated graph n=900, m=27000, seed=1853590723603270879, type=POWLAW -> ./input/random_graphs/graph_900_27000_POWLAW_1853590723603270879.txt (Time: 0.01s)
✓ Generated graph n=900, m=27000, seed=7029781962072644698, type=POWLAW -> ./input/random_graphs/graph_900_27000_POWLAW_7029781962072644698.txt (Time: 0.01s)
✓ Generated graph n=900, m=27000, seed=6785030173969523435, type=POWLAW -> ./input/random_graphs/graph_900_27000_POWLAW_6785030173969523435.txt (Time: 0.01s)
✓ Generated graph n=900, m=27000, seed=5529616217668449934, type=POWLAW -> ./input/random_graphs/graph_900_27000_POWLAW_5529616217668449934.txt (Time: 0.01s)
✓ Generated graph n=900, m=27000, seed=4122784633514911760, type=POWLAW -> ./input/random_graphs/graph_900_27000_POWLAW_4122784633514911760.txt (Time: 0.01s)
✓ Generated graph n=900, m=27000, seed=5258051056098597521, type=POWLAW -> ./input/random_graphs/graph_900_27000_POWLAW_5258051056098597521.txt (Time: 0.01s)
✓ Generated graph n=900, m=27000, seed=1647170069535670909, type=POWLAW -> ./input/random_graphs/graph_900_27000_POWLAW_1647170069535670909.txt (Time: 0.01s)
✓ Generated graph n=900, m=27000, seed=7706236040662210848, type=POWLAW -> ./input/random_graphs/graph_900_27000_POWLAW_7706236040662210848.txt (Time: 0.01s)
✓ Generated graph n=900, m=27000, seed=3224265581699847191, type=POWLAW -> ./input/random_graphs/graph_900_27000_POWLAW_3224265581699847191.txt (Time: 0.01s)
✓ Generated graph n=900, m=27000, seed=1632192924771168275, type=POWLAW -> ./input/random_graphs/graph_900_27000_POWLAW_1632192924771168275.txt (Time: 0.01s)
✓ Generated graph n=900, m=27000, seed=824387247617288499, type=POWLAW -> ./input/random_graphs/graph_900_27000_POWLAW_824387247617288499.txt (Time: 0.01s)
✓ Generated graph n=900, m=27000, seed=7161906730445628483, type=POWLAW -> ./input/random_graphs/graph_900_27000_POWLAW_7161906730445628483.txt (Time: 0.01s)
✓ Generated graph n=900, m=27000, seed=1024517563182776983, type=POWLAW -> ./input/random_graphs/graph_900_27000_POWLAW_1024517563182776983.txt (Time: 0.01s)
✓ Generated graph n=900, m=27000, seed=6802378520969450157, type=POWLAW -> ./input/random_graphs/graph_900_27000_POWLAW_6802378520969450157.txt (Time: 0.01s)
✓ Generated graph n=900, m=27000, seed=4552998297316576788, type=POWLAW -> ./input/random_graphs/graph_900_27000_POWLAW_4552998297316576788.txt (Time: 0.01s)
✓ Generated graph n=900, m=27000, seed=8031431416522537101, type=POWLAW -> ./input/random_graphs/graph_900_27000_POWLAW_8031431416522537101.txt (Time: 0.01s)
✓ Generated graph n=900, m=27000, seed=6143643868734370809, type=POWLAW -> ./input/random_graphs/graph_900_27000_POWLAW_6143643868734370809.txt (Time: 0.01s)
✓ Generated graph n=900, m=27000, seed=3272308573967577038, type=POWLAW -> ./input/random_graphs/graph_900_27000_POWLAW_3272308573967577038.txt (Time: 0.01s)
✓ Generated graph n=900, m=27000, seed=5349491008325879064, type=POWLAW -> ./input/random_graphs/graph_900_27000_POWLAW_5349491008325879064.txt (Time: 0.01s)
✓ Generated graph n=900, m=27000, seed=5636411189175451024, type=POWLAW -> ./input/random_graphs/graph_900_27000_POWLAW_5636411189175451024.txt (Time: 0.01s)
✓ Generated graph n=900, m=27000, seed=6614505080519948832, type=POWLAW -> ./input/random_graphs/graph_900_27000_POWLAW_6614505080519948832.txt (Time: 0.01s)
✓ Generated graph n=900, m=27000, seed=7938560551762094560, type=POWLAW -> ./input/random_graphs/graph_900_27000_POWLAW_7938560551762094560.txt (Time: 0.01s)
✓ Generated graph n=900, m=27000, seed=7917045922527545890, type=POWLAW -> ./input/random_graphs/graph_900_27000_POWLAW_7917045922527545890.txt (Time: 0.01s)
✓ Generated graph n=900, m=27000, seed=4445925461710302877, type=POWLAW -> ./input/random_graphs/graph_900_27000_POWLAW_4445925461710302877.txt (Time: 0.01s)
✓ Generated graph n=900, m=27000, seed=3865339568260874865, type=POWLAW -> ./input/random_graphs/graph_900_27000_POWLAW_3865339568260874865.txt (Time: 0.01s)
✓ Generated graph n=900, m=27000, seed=7921282862123281598, type=POWLAW -> ./input/random_graphs/graph_900_27000_POWLAW_7921282862123281598.txt (Time: 0.01s)
✓ Generated graph n=900, m=27000, seed=716820155901718944, type=POWLAW -> ./input/random_graphs/graph_900_27000_POWLAW_716820155901718944.txt (Time: 0.01s)
✓ Generated graph n=900, m=27000, seed=1128313391724783137, type=POWLAW -> ./input/random_graphs/graph_900_27000_POWLAW_1128313391724783137.txt (Time: 0.01s)
✓ Generated graph n=900, m=27000, seed=8718380604043999642, type=POWLAW -> ./input/random_graphs/graph_900_27000_POWLAW_8718380604043999642.txt (Time: 0.01s)
✓ Generated graph n=900, m=27000, seed=6224222471595207695, type=POWLAW -> ./input/random_graphs/graph_900_27000_POWLAW_6224222471595207695.txt (Time: 0.01s)
✓ Generated graph n=900, m=27000, seed=5063475852268941542, type=POWLAW -> ./input/random_graphs/graph_900_27000_POWLAW_5063475852268941542.txt (Time: 0.01s)
✓ Generated graph n=900, m=27000, seed=4997514996153925447, type=POWLAW -> ./input/random_graphs/graph_900_27000_POWLAW_4997514996153925447.txt (Time: 0.01s)
✓ Generated graph n=900, m=27000, seed=8446481348147407377, type=POWLAW -> ./input/random_graphs/graph_900_27000_POWLAW_8446481348147407377.txt (Time: 0.01s)
✓ Generated graph n=900, m=27000, seed=3817405844514670994, type=POWLAW -> ./input/random_graphs/graph_900_27000_POWLAW_3817405844514670994.txt (Time: 0.01s)
✓ Generated graph n=900, m=27000, seed=1170385908854608748, type=POWLAW -> ./input/random_graphs/graph_900_27000_POWLAW_1170385908854608748.txt (Time: 0.01s)
✓ Generated graph n=900, m=27000, seed=2909934787168262407, type=POWLAW -> ./input/random_graphs/graph_900_27000_POWLAW_2909934787168262407.txt (Time: 0.01s)
✓ Generated graph n=900, m=27000, seed=6022436717541034636, type=POWLAW -> ./input/random_graphs/graph_900_27000_POWLAW_6022436717541034636.txt (Time: 0.01s)
✓ Generated graph n=900, m=27000, seed=3713827327871807734, type=POWLAW -> ./input/random_graphs/graph_900_27000_POWLAW_3713827327871807734.txt (Time: 0.01s)
✓ Generated graph n=900, m=27000, seed=199422815561151340, type=POWLAW -> ./input/random_graphs/graph_900_27000_POWLAW_199422815561151340.txt (Time: 0.01s)
✓ Generated graph n=900, m=27000, seed=6529943913552561417, type=POWLAW -> ./input/random_graphs/graph_900_27000_POWLAW_6529943913552561417.txt (Time: 0.01s)
✓ Generated graph n=900, m=27000, seed=175493991617213850, type=POWLAW -> ./input/random_graphs/graph_900_27000_POWLAW_175493991617213850.txt (Time: 0.01s)
✓ Generated graph n=900, m=27000, seed=5108599054664628607, type=POWLAW -> ./input/random_graphs/graph_900_27000_POWLAW_5108599054664628607.txt (Time: 0.01s)
✓ Generated graph n=900, m=27000, seed=6764066939395682287, type=POWLAW -> ./input/random_graphs/graph_900_27000_POWLAW_6764066939395682287.txt (Time: 0.01s)
✓ Generated graph n=900, m=27000, seed=9130666990809746335, type=POWLAW -> ./input/random_graphs/graph_900_27000_POWLAW_9130666990809746335.txt (Time: 0.01s)
✓ Generated graph n=900, m=27000, seed=7644420139408884785, type=POWLAW -> ./input/random_graphs/graph_900_27000_POWLAW_7644420139408884785.txt (Time: 0.01s)
✓ Generated graph n=900, m=27000, seed=1458186392400727732, type=POWLAW -> ./input/random_graphs/graph_900_27000_POWLAW_1458186392400727732.txt (Time: 0.01s)
✓ Generated graph n=900, m=27000, seed=1392892770529522614, type=POWLAW -> ./input/random_graphs/graph_900_27000_POWLAW_1392892770529522614.txt (Time: 0.01s)
✓ Generated graph n=900, m=27000, seed=9060210648189963449, type=POWLAW -> ./input/random_graphs/graph_900_27000_POWLAW_9060210648189963449.txt (Time: 0.01s)
✓ Generated graph n=900, m=27000, seed=8794274795737982182, type=POWLAW -> ./input/random_graphs/graph_900_27000_POWLAW_8794274795737982182.txt (Time: 0.01s)
✓ Generated graph n=900, m=27000, seed=4250897495980125004, type=POWLAW -> ./input/random_graphs/graph_900_27000_POWLAW_4250897495980125004.txt (Time: 0.01s)
✓ Generated graph n=900, m=27000, seed=2089506265998900862, type=POWLAW -> ./input/random_graphs/graph_900_27000_POWLAW_2089506265998900862.txt (Time: 0.01s)
✓ Generated graph n=900, m=27000, seed=5497874167834979553, type=POWLAW -> ./input/random_graphs/graph_900_27000_POWLAW_5497874167834979553.txt (Time: 0.01s)
✓ Generated graph n=900, m=27000, seed=4060584409398689268, type=POWLAW -> ./input/random_graphs/graph_900_27000_POWLAW_4060584409398689268.txt (Time: 0.01s)
✓ Generated graph n=900, m=27000, seed=1332005502874566195, type=POWLAW -> ./input/random_graphs/graph_900_27000_POWLAW_1332005502874566195.txt (Time: 0.01s)
✓ Generated graph n=900, m=27000, seed=8626102704817790064, type=POWLAW -> ./input/random_graphs/graph_900_27000_POWLAW_8626102704817790064.txt (Time: 0.01s)
✓ Generated graph n=900, m=27000, seed=1722224698700348310, type=POWLAW -> ./input/random_graphs/graph_900_27000_POWLAW_1722224698700348310.txt (Time: 0.01s)
✓ Generated graph n=900, m=27000, seed=7905487461282246979, type=POWLAW -> ./input/random_graphs/graph_900_27000_POWLAW_7905487461282246979.txt (Time: 0.01s)
✓ Generated graph n=900, m=27000, seed=4795749165124911768, type=POWLAW -> ./input/random_graphs/graph_900_27000_POWLAW_4795749165124911768.txt (Time: 0.01s)
✓ Generated graph n=900, m=27000, seed=8448596294177070022, type=POWLAW -> ./input/random_graphs/graph_900_27000_POWLAW_8448596294177070022.txt (Time: 0.01s)
✓ Generated graph n=900, m=27000, seed=1992204328026194281, type=POWLAW -> ./input/random_graphs/graph_900_27000_POWLAW_1992204328026194281.txt (Time: 0.01s)
✓ Generated graph n=900, m=27000, seed=4934890601268679176, type=POWLAW -> ./input/random_graphs/graph_900_27000_POWLAW_4934890601268679176.txt (Time: 0.01s)
✓ Generated graph n=900, m=27000, seed=7118744415197196276, type=POWLAW -> ./input/random_graphs/graph_900_27000_POWLAW_7118744415197196276.txt (Time: 0.01s)
✓ Generated graph n=900, m=27000, seed=2718103348384927511, type=POWLAW -> ./input/random_graphs/graph_900_27000_POWLAW_2718103348384927511.txt (Time: 0.01s)
✓ Generated graph n=900, m=27000, seed=8867616339855336876, type=POWLAW -> ./input/random_graphs/graph_900_27000_POWLAW_8867616339855336876.txt (Time: 0.01s)
✓ Generated graph n=900, m=27000, seed=7449662661572224354, type=POWLAW -> ./input/random_graphs/graph_900_27000_POWLAW_7449662661572224354.txt (Time: 0.01s)
✓ Generated graph n=900, m=27000, seed=3221421291694197220, type=POWLAW -> ./input/random_graphs/graph_900_27000_POWLAW_3221421291694197220.txt (Time: 0.01s)
✓ Generated graph n=900, m=27000, seed=5894893360759659423, type=POWLAW -> ./input/random_graphs/graph_900_27000_POWLAW_5894893360759659423.txt (Time: 0.01s)
✓ Generated graph n=900, m=27000, seed=7983805977214098674, type=POWLAW -> ./input/random_graphs/graph_900_27000_POWLAW_7983805977214098674.txt (Time: 0.01s)
✓ Generated graph n=900, m=27000, seed=9059990922233379852, type=POWLAW -> ./input/random_graphs/graph_900_27000_POWLAW_9059990922233379852.txt (Time: 0.01s)
✓ Generated graph n=900, m=27000, seed=4940913311242578590, type=POWLAW -> ./input/random_graphs/graph_900_27000_POWLAW_4940913311242578590.txt (Time: 0.01s)
✓ Generated graph n=900, m=27000, seed=2264398621601381987, type=POWLAW -> ./input/random_graphs/graph_900_27000_POWLAW_2264398621601381987.txt (Time: 0.01s)
✓ Generated graph n=900, m=27000, seed=7632458674696225362, type=POWLAW -> ./input/random_graphs/graph_900_27000_POWLAW_7632458674696225362.txt (Time: 0.01s)
✓ Generated graph n=1000, m=31622, seed=6230961512046992311, type=POWLAW -> ./input/random_graphs/graph_1000_31622_POWLAW_6230961512046992311.txt (Time: 0.01s)
✓ Generated graph n=1000, m=31622, seed=7871178979383552919, type=POWLAW -> ./input/random_graphs/graph_1000_31622_POWLAW_7871178979383552919.txt (Time: 0.01s)
✓ Generated graph n=1000, m=31622, seed=7032710160631691991, type=POWLAW -> ./input/random_graphs/graph_1000_31622_POWLAW_7032710160631691991.txt (Time: 0.01s)
✓ Generated graph n=1000, m=31622, seed=3881801951614183357, type=POWLAW -> ./input/random_graphs/graph_1000_31622_POWLAW_3881801951614183357.txt (Time: 0.01s)
✓ Generated graph n=1000, m=31622, seed=5739955973604961613, type=POWLAW -> ./input/random_graphs/graph_1000_31622_POWLAW_5739955973604961613.txt (Time: 0.01s)
✓ Generated graph n=1000, m=31622, seed=7599700178212337699, type=POWLAW -> ./input/random_graphs/graph_1000_31622_POWLAW_7599700178212337699.txt (Time: 0.01s)
✓ Generated graph n=1000, m=31622, seed=1070244953599069350, type=POWLAW -> ./input/random_graphs/graph_1000_31622_POWLAW_1070244953599069350.txt (Time: 0.01s)
✓ Generated graph n=1000, m=31622, seed=1353182403971399009, type=POWLAW -> ./input/random_graphs/graph_1000_31622_POWLAW_1353182403971399009.txt (Time: 0.01s)
✓ Generated graph n=1000, m=31622, seed=6938562734920028532, type=POWLAW -> ./input/random_graphs/graph_1000_31622_POWLAW_6938562734920028532.txt (Time: 0.01s)
✓ Generated graph n=1000, m=31622, seed=6522163754831416203, type=POWLAW -> ./input/random_graphs/graph_1000_31622_POWLAW_6522163754831416203.txt (Time: 0.01s)
✓ Generated graph n=1000, m=31622, seed=4040737767143389431, type=POWLAW -> ./input/random_graphs/graph_1000_31622_POWLAW_4040737767143389431.txt (Time: 0.01s)
✓ Generated graph n=1000, m=31622, seed=1309542850049879452, type=POWLAW -> ./input/random_graphs/graph_1000_31622_POWLAW_1309542850049879452.txt (Time: 0.01s)
✓ Generated graph n=1000, m=31622, seed=1250005700364523649, type=POWLAW -> ./input/random_graphs/graph_1000_31622_POWLAW_1250005700364523649.txt (Time: 0.01s)
✓ Generated graph n=1000, m=31622, seed=2429002973740178792, type=POWLAW -> ./input/random_graphs/graph_1000_31622_POWLAW_2429002973740178792.txt (Time: 0.01s)
✓ Generated graph n=1000, m=31622, seed=320375091487821987, type=POWLAW -> ./input/random_graphs/graph_1000_31622_POWLAW_320375091487821987.txt (Time: 0.01s)
✓ Generated graph n=1000, m=31622, seed=5906957480796939447, type=POWLAW -> ./input/random_graphs/graph_1000_31622_POWLAW_5906957480796939447.txt (Time: 0.01s)
✓ Generated graph n=1000, m=31622, seed=7663871783842725848, type=POWLAW -> ./input/random_graphs/graph_1000_31622_POWLAW_7663871783842725848.txt (Time: 0.01s)
✓ Generated graph n=1000, m=31622, seed=1250773459040295677, type=POWLAW -> ./input/random_graphs/graph_1000_31622_POWLAW_1250773459040295677.txt (Time: 0.01s)
✓ Generated graph n=1000, m=31622, seed=7146860528564146064, type=POWLAW -> ./input/random_graphs/graph_1000_31622_POWLAW_7146860528564146064.txt (Time: 0.01s)
✓ Generated graph n=1000, m=31622, seed=3438400432146115956, type=POWLAW -> ./input/random_graphs/graph_1000_31622_POWLAW_3438400432146115956.txt (Time: 0.01s)
✓ Generated graph n=1000, m=31622, seed=7473196763798409428, type=POWLAW -> ./input/random_graphs/graph_1000_31622_POWLAW_7473196763798409428.txt (Time: 0.01s)
✓ Generated graph n=1000, m=31622, seed=5139481885857321791, type=POWLAW -> ./input/random_graphs/graph_1000_31622_POWLAW_5139481885857321791.txt (Time: 0.01s)
✓ Generated graph n=1000, m=31622, seed=5142811650494845597, type=POWLAW -> ./input/random_graphs/graph_1000_31622_POWLAW_5142811650494845597.txt (Time: 0.01s)
✓ Generated graph n=1000, m=31622, seed=6002685213311538187, type=POWLAW -> ./input/random_graphs/graph_1000_31622_POWLAW_6002685213311538187.txt (Time: 0.01s)
✓ Generated graph n=1000, m=31622, seed=5708372698381010775, type=POWLAW -> ./input/random_graphs/graph_1000_31622_POWLAW_5708372698381010775.txt (Time: 0.01s)
✓ Generated graph n=1000, m=31622, seed=3010622984418968408, type=POWLAW -> ./input/random_graphs/graph_1000_31622_POWLAW_3010622984418968408.txt (Time: 0.01s)
✓ Generated graph n=1000, m=31622, seed=521787134863155063, type=POWLAW -> ./input/random_graphs/graph_1000_31622_POWLAW_521787134863155063.txt (Time: 0.01s)
✓ Generated graph n=1000, m=31622, seed=1853590723603270879, type=POWLAW -> ./input/random_graphs/graph_1000_31622_POWLAW_1853590723603270879.txt (Time: 0.01s)
✓ Generated graph n=1000, m=31622, seed=1731523882129807996, type=POWLAW -> ./input/random_graphs/graph_1000_31622_POWLAW_1731523882129807996.txt (Time: 0.01s)
✓ Generated graph n=1000, m=31622, seed=7029781962072644698, type=POWLAW -> ./input/random_graphs/graph_1000_31622_POWLAW_7029781962072644698.txt (Time: 0.01s)
✓ Generated graph n=1000, m=31622, seed=6785030173969523435, type=POWLAW -> ./input/random_graphs/graph_1000_31622_POWLAW_6785030173969523435.txt (Time: 0.01s)
✓ Generated graph n=1000, m=31622, seed=1024517563182776983, type=POWLAW -> ./input/random_graphs/graph_1000_31622_POWLAW_1024517563182776983.txt (Time: 0.01s)
✓ Generated graph n=1000, m=31622, seed=3224265581699847191, type=POWLAW -> ./input/random_graphs/graph_1000_31622_POWLAW_3224265581699847191.txt (Time: 0.01s)
✓ Generated graph n=1000, m=31622, seed=5529616217668449934, type=POWLAW -> ./input/random_graphs/graph_1000_31622_POWLAW_5529616217668449934.txt (Time: 0.01s)
✓ Generated graph n=1000, m=31622, seed=4122784633514911760, type=POWLAW -> ./input/random_graphs/graph_1000_31622_POWLAW_4122784633514911760.txt (Time: 0.01s)
✓ Generated graph n=1000, m=31622, seed=1647170069535670909, type=POWLAW -> ./input/random_graphs/graph_1000_31622_POWLAW_1647170069535670909.txt (Time: 0.01s)
✓ Generated graph n=1000, m=31622, seed=5258051056098597521, type=POWLAW -> ./input/random_graphs/graph_1000_31622_POWLAW_5258051056098597521.txt (Time: 0.01s)
✓ Generated graph n=1000, m=31622, seed=1632192924771168275, type=POWLAW -> ./input/random_graphs/graph_1000_31622_POWLAW_1632192924771168275.txt (Time: 0.01s)
✓ Generated graph n=1000, m=31622, seed=824387247617288499, type=POWLAW -> ./input/random_graphs/graph_1000_31622_POWLAW_824387247617288499.txt (Time: 0.01s)
✓ Generated graph n=1000, m=31622, seed=7161906730445628483, type=POWLAW -> ./input/random_graphs/graph_1000_31622_POWLAW_7161906730445628483.txt (Time: 0.01s)
✓ Generated graph n=1000, m=31622, seed=7706236040662210848, type=POWLAW -> ./input/random_graphs/graph_1000_31622_POWLAW_7706236040662210848.txt (Time: 0.01s)
✓ Generated graph n=1000, m=31622, seed=4552998297316576788, type=POWLAW -> ./input/random_graphs/graph_1000_31622_POWLAW_4552998297316576788.txt (Time: 0.01s)
✓ Generated graph n=1000, m=31622, seed=6802378520969450157, type=POWLAW -> ./input/random_graphs/graph_1000_31622_POWLAW_6802378520969450157.txt (Time: 0.01s)
✓ Generated graph n=1000, m=31622, seed=6143643868734370809, type=POWLAW -> ./input/random_graphs/graph_1000_31622_POWLAW_6143643868734370809.txt (Time: 0.01s)
✓ Generated graph n=1000, m=31622, seed=3272308573967577038, type=POWLAW -> ./input/random_graphs/graph_1000_31622_POWLAW_3272308573967577038.txt (Time: 0.01s)
✓ Generated graph n=1000, m=31622, seed=8031431416522537101, type=POWLAW -> ./input/random_graphs/graph_1000_31622_POWLAW_8031431416522537101.txt (Time: 0.01s)
✓ Generated graph n=1000, m=31622, seed=5636411189175451024, type=POWLAW -> ./input/random_graphs/graph_1000_31622_POWLAW_5636411189175451024.txt (Time: 0.01s)
✓ Generated graph n=1000, m=31622, seed=6614505080519948832, type=POWLAW -> ./input/random_graphs/graph_1000_31622_POWLAW_6614505080519948832.txt (Time: 0.01s)
✓ Generated graph n=1000, m=31622, seed=5349491008325879064, type=POWLAW -> ./input/random_graphs/graph_1000_31622_POWLAW_5349491008325879064.txt (Time: 0.01s)
✓ Generated graph n=1000, m=31622, seed=7938560551762094560, type=POWLAW -> ./input/random_graphs/graph_1000_31622_POWLAW_7938560551762094560.txt (Time: 0.01s)
✓ Generated graph n=1000, m=31622, seed=7917045922527545890, type=POWLAW -> ./input/random_graphs/graph_1000_31622_POWLAW_7917045922527545890.txt (Time: 0.01s)
✓ Generated graph n=1000, m=31622, seed=4445925461710302877, type=POWLAW -> ./input/random_graphs/graph_1000_31622_POWLAW_4445925461710302877.txt (Time: 0.01s)
✓ Generated graph n=1000, m=31622, seed=3865339568260874865, type=POWLAW -> ./input/random_graphs/graph_1000_31622_POWLAW_3865339568260874865.txt (Time: 0.01s)
✓ Generated graph n=1000, m=31622, seed=6224222471595207695, type=POWLAW -> ./input/random_graphs/graph_1000_31622_POWLAW_6224222471595207695.txt (Time: 0.01s)
✓ Generated graph n=1000, m=31622, seed=716820155901718944, type=POWLAW -> ./input/random_graphs/graph_1000_31622_POWLAW_716820155901718944.txt (Time: 0.01s)
✓ Generated graph n=1000, m=31622, seed=7921282862123281598, type=POWLAW -> ./input/random_graphs/graph_1000_31622_POWLAW_7921282862123281598.txt (Time: 0.01s)
✓ Generated graph n=1000, m=31622, seed=1128313391724783137, type=POWLAW -> ./input/random_graphs/graph_1000_31622_POWLAW_1128313391724783137.txt (Time: 0.01s)
✓ Generated graph n=1000, m=31622, seed=8446481348147407377, type=POWLAW -> ./input/random_graphs/graph_1000_31622_POWLAW_8446481348147407377.txt (Time: 0.01s)
✓ Generated graph n=1000, m=31622, seed=5063475852268941542, type=POWLAW -> ./input/random_graphs/graph_1000_31622_POWLAW_5063475852268941542.txt (Time: 0.01s)
✓ Generated graph n=1000, m=31622, seed=6529943913552561417, type=POWLAW -> ./input/random_graphs/graph_1000_31622_POWLAW_6529943913552561417.txt (Time: 0.01s)
✓ Generated graph n=1000, m=31622, seed=8718380604043999642, type=POWLAW -> ./input/random_graphs/graph_1000_31622_POWLAW_8718380604043999642.txt (Time: 0.01s)
✓ Generated graph n=1000, m=31622, seed=4997514996153925447, type=POWLAW -> ./input/random_graphs/graph_1000_31622_POWLAW_4997514996153925447.txt (Time: 0.01s)
✓ Generated graph n=1000, m=31622, seed=3817405844514670994, type=POWLAW -> ./input/random_graphs/graph_1000_31622_POWLAW_3817405844514670994.txt (Time: 0.01s)
✓ Generated graph n=1000, m=31622, seed=1170385908854608748, type=POWLAW -> ./input/random_graphs/graph_1000_31622_POWLAW_1170385908854608748.txt (Time: 0.01s)
✓ Generated graph n=1000, m=31622, seed=6022436717541034636, type=POWLAW -> ./input/random_graphs/graph_1000_31622_POWLAW_6022436717541034636.txt (Time: 0.01s)
✓ Generated graph n=1000, m=31622, seed=199422815561151340, type=POWLAW -> ./input/random_graphs/graph_1000_31622_POWLAW_199422815561151340.txt (Time: 0.01s)
✓ Generated graph n=1000, m=31622, seed=2909934787168262407, type=POWLAW -> ./input/random_graphs/graph_1000_31622_POWLAW_2909934787168262407.txt (Time: 0.01s)
✓ Generated graph n=1000, m=31622, seed=3713827327871807734, type=POWLAW -> ./input/random_graphs/graph_1000_31622_POWLAW_3713827327871807734.txt (Time: 0.01s)
✓ Generated graph n=1000, m=31622, seed=175493991617213850, type=POWLAW -> ./input/random_graphs/graph_1000_31622_POWLAW_175493991617213850.txt (Time: 0.01s)
✓ Generated graph n=1000, m=31622, seed=5108599054664628607, type=POWLAW -> ./input/random_graphs/graph_1000_31622_POWLAW_5108599054664628607.txt (Time: 0.01s)
✓ Generated graph n=1000, m=31622, seed=6764066939395682287, type=POWLAW -> ./input/random_graphs/graph_1000_31622_POWLAW_6764066939395682287.txt (Time: 0.01s)
✓ Generated graph n=1000, m=31622, seed=9130666990809746335, type=POWLAW -> ./input/random_graphs/graph_1000_31622_POWLAW_9130666990809746335.txt (Time: 0.01s)
✓ Generated graph n=1000, m=31622, seed=1458186392400727732, type=POWLAW -> ./input/random_graphs/graph_1000_31622_POWLAW_1458186392400727732.txt (Time: 0.01s)
✓ Generated graph n=1000, m=31622, seed=1392892770529522614, type=POWLAW -> ./input/random_graphs/graph_1000_31622_POWLAW_1392892770529522614.txt (Time: 0.01s)
✓ Generated graph n=1000, m=31622, seed=9060210648189963449, type=POWLAW -> ./input/random_graphs/graph_1000_31622_POWLAW_9060210648189963449.txt (Time: 0.01s)
✓ Generated graph n=1000, m=31622, seed=7644420139408884785, type=POWLAW -> ./input/random_graphs/graph_1000_31622_POWLAW_7644420139408884785.txt (Time: 0.01s)
✓ Generated graph n=1000, m=31622, seed=4250897495980125004, type=POWLAW -> ./input/random_graphs/graph_1000_31622_POWLAW_4250897495980125004.txt (Time: 0.01s)
✓ Generated graph n=1000, m=31622, seed=8794274795737982182, type=POWLAW -> ./input/random_graphs/graph_1000_31622_POWLAW_8794274795737982182.txt (Time: 0.01s)
✓ Generated graph n=1000, m=31622, seed=2089506265998900862, type=POWLAW -> ./input/random_graphs/graph_1000_31622_POWLAW_2089506265998900862.txt (Time: 0.01s)
✓ Generated graph n=1000, m=31622, seed=4060584409398689268, type=POWLAW -> ./input/random_graphs/graph_1000_31622_POWLAW_4060584409398689268.txt (Time: 0.01s)
✓ Generated graph n=1000, m=31622, seed=1332005502874566195, type=POWLAW -> ./input/random_graphs/graph_1000_31622_POWLAW_1332005502874566195.txt (Time: 0.01s)
✓ Generated graph n=1000, m=31622, seed=8626102704817790064, type=POWLAW -> ./input/random_graphs/graph_1000_31622_POWLAW_8626102704817790064.txt (Time: 0.01s)
✓ Generated graph n=1000, m=31622, seed=5497874167834979553, type=POWLAW -> ./input/random_graphs/graph_1000_31622_POWLAW_5497874167834979553.txt (Time: 0.01s)
✓ Generated graph n=1000, m=31622, seed=7905487461282246979, type=POWLAW -> ./input/random_graphs/graph_1000_31622_POWLAW_7905487461282246979.txt (Time: 0.01s)
✓ Generated graph n=1000, m=31622, seed=1722224698700348310, type=POWLAW -> ./input/random_graphs/graph_1000_31622_POWLAW_1722224698700348310.txt (Time: 0.01s)
✓ Generated graph n=1000, m=31622, seed=4795749165124911768, type=POWLAW -> ./input/random_graphs/graph_1000_31622_POWLAW_4795749165124911768.txt (Time: 0.01s)
✓ Generated graph n=1000, m=31622, seed=8448596294177070022, type=POWLAW -> ./input/random_graphs/graph_1000_31622_POWLAW_8448596294177070022.txt (Time: 0.01s)
✓ Generated graph n=1000, m=31622, seed=4934890601268679176, type=POWLAW -> ./input/random_graphs/graph_1000_31622_POWLAW_4934890601268679176.txt (Time: 0.01s)
✓ Generated graph n=1000, m=31622, seed=1992204328026194281, type=POWLAW -> ./input/random_graphs/graph_1000_31622_POWLAW_1992204328026194281.txt (Time: 0.01s)
✓ Generated graph n=1000, m=31622, seed=7118744415197196276, type=POWLAW -> ./input/random_graphs/graph_1000_31622_POWLAW_7118744415197196276.txt (Time: 0.01s)
✓ Generated graph n=1000, m=31622, seed=2718103348384927511, type=POWLAW -> ./input/random_graphs/graph_1000_31622_POWLAW_2718103348384927511.txt (Time: 0.01s)
✓ Generated graph n=1000, m=31622, seed=9059990922233379852, type=POWLAW -> ./input/random_graphs/graph_1000_31622_POWLAW_9059990922233379852.txt (Time: 0.01s)
✓ Generated graph n=1000, m=31622, seed=7449662661572224354, type=POWLAW -> ./input/random_graphs/graph_1000_31622_POWLAW_7449662661572224354.txt (Time: 0.01s)
✓ Generated graph n=1000, m=31622, seed=5894893360759659423, type=POWLAW -> ./input/random_graphs/graph_1000_31622_POWLAW_5894893360759659423.txt (Time: 0.01s)
✓ Generated graph n=1000, m=31622, seed=8867616339855336876, type=POWLAW -> ./input/random_graphs/graph_1000_31622_POWLAW_8867616339855336876.txt (Time: 0.01s)
✓ Generated graph n=1000, m=31622, seed=7983805977214098674, type=POWLAW -> ./input/random_graphs/graph_1000_31622_POWLAW_7983805977214098674.txt (Time: 0.01s)
✓ Generated graph n=1000, m=31622, seed=3221421291694197220, type=POWLAW -> ./input/random_graphs/graph_1000_31622_POWLAW_3221421291694197220.txt (Time: 0.01s)
✓ Generated graph n=1000, m=31622, seed=4940913311242578590, type=POWLAW -> ./input/random_graphs/graph_1000_31622_POWLAW_4940913311242578590.txt (Time: 0.01s)
✓ Generated graph n=1000, m=31622, seed=2264398621601381987, type=POWLAW -> ./input/random_graphs/graph_1000_31622_POWLAW_2264398621601381987.txt (Time: 0.01s)
✓ Generated graph n=1000, m=31622, seed=7632458674696225362, type=POWLAW -> ./input/random_graphs/graph_1000_31622_POWLAW_7632458674696225362.txt (Time: 0.01s)
✓ Generated graph n=1200, m=41569, seed=6230961512046992311, type=POWLAW -> ./input/random_graphs/graph_1200_41569_POWLAW_6230961512046992311.txt (Time: 0.01s)
✓ Generated graph n=1200, m=41569, seed=5739955973604961613, type=POWLAW -> ./input/random_graphs/graph_1200_41569_POWLAW_5739955973604961613.txt (Time: 0.01s)
✓ Generated graph n=1200, m=41569, seed=7599700178212337699, type=POWLAW -> ./input/random_graphs/graph_1200_41569_POWLAW_7599700178212337699.txt (Time: 0.01s)
✓ Generated graph n=1200, m=41569, seed=7032710160631691991, type=POWLAW -> ./input/random_graphs/graph_1200_41569_POWLAW_7032710160631691991.txt (Time: 0.01s)
✓ Generated graph n=1200, m=41569, seed=7871178979383552919, type=POWLAW -> ./input/random_graphs/graph_1200_41569_POWLAW_7871178979383552919.txt (Time: 0.01s)
✓ Generated graph n=1200, m=41569, seed=1353182403971399009, type=POWLAW -> ./input/random_graphs/graph_1200_41569_POWLAW_1353182403971399009.txt (Time: 0.01s)
✓ Generated graph n=1200, m=41569, seed=3881801951614183357, type=POWLAW -> ./input/random_graphs/graph_1200_41569_POWLAW_3881801951614183357.txt (Time: 0.01s)
✓ Generated graph n=1200, m=41569, seed=1070244953599069350, type=POWLAW -> ./input/random_graphs/graph_1200_41569_POWLAW_1070244953599069350.txt (Time: 0.01s)
✓ Generated graph n=1200, m=41569, seed=6522163754831416203, type=POWLAW -> ./input/random_graphs/graph_1200_41569_POWLAW_6522163754831416203.txt (Time: 0.01s)
✓ Generated graph n=1200, m=41569, seed=6938562734920028532, type=POWLAW -> ./input/random_graphs/graph_1200_41569_POWLAW_6938562734920028532.txt (Time: 0.01s)
✓ Generated graph n=1200, m=41569, seed=4040737767143389431, type=POWLAW -> ./input/random_graphs/graph_1200_41569_POWLAW_4040737767143389431.txt (Time: 0.01s)
✓ Generated graph n=1200, m=41569, seed=1250005700364523649, type=POWLAW -> ./input/random_graphs/graph_1200_41569_POWLAW_1250005700364523649.txt (Time: 0.01s)
✓ Generated graph n=1200, m=41569, seed=7663871783842725848, type=POWLAW -> ./input/random_graphs/graph_1200_41569_POWLAW_7663871783842725848.txt (Time: 0.01s)
✓ Generated graph n=1200, m=41569, seed=1309542850049879452, type=POWLAW -> ./input/random_graphs/graph_1200_41569_POWLAW_1309542850049879452.txt (Time: 0.01s)
✓ Generated graph n=1200, m=41569, seed=320375091487821987, type=POWLAW -> ./input/random_graphs/graph_1200_41569_POWLAW_320375091487821987.txt (Time: 0.01s)
✓ Generated graph n=1200, m=41569, seed=2429002973740178792, type=POWLAW -> ./input/random_graphs/graph_1200_41569_POWLAW_2429002973740178792.txt (Time: 0.01s)
✓ Generated graph n=1200, m=41569, seed=5906957480796939447, type=POWLAW -> ./input/random_graphs/graph_1200_41569_POWLAW_5906957480796939447.txt (Time: 0.01s)
✓ Generated graph n=1200, m=41569, seed=7146860528564146064, type=POWLAW -> ./input/random_graphs/graph_1200_41569_POWLAW_7146860528564146064.txt (Time: 0.01s)
✓ Generated graph n=1200, m=41569, seed=1250773459040295677, type=POWLAW -> ./input/random_graphs/graph_1200_41569_POWLAW_1250773459040295677.txt (Time: 0.01s)
✓ Generated graph n=1200, m=41569, seed=3438400432146115956, type=POWLAW -> ./input/random_graphs/graph_1200_41569_POWLAW_3438400432146115956.txt (Time: 0.01s)
✓ Generated graph n=1200, m=41569, seed=7473196763798409428, type=POWLAW -> ./input/random_graphs/graph_1200_41569_POWLAW_7473196763798409428.txt (Time: 0.01s)
✓ Generated graph n=1200, m=41569, seed=5139481885857321791, type=POWLAW -> ./input/random_graphs/graph_1200_41569_POWLAW_5139481885857321791.txt (Time: 0.01s)
✓ Generated graph n=1200, m=41569, seed=5142811650494845597, type=POWLAW -> ./input/random_graphs/graph_1200_41569_POWLAW_5142811650494845597.txt (Time: 0.01s)
✓ Generated graph n=1200, m=41569, seed=1731523882129807996, type=POWLAW -> ./input/random_graphs/graph_1200_41569_POWLAW_1731523882129807996.txt (Time: 0.01s)
✓ Generated graph n=1200, m=41569, seed=6002685213311538187, type=POWLAW -> ./input/random_graphs/graph_1200_41569_POWLAW_6002685213311538187.txt (Time: 0.01s)
✓ Generated graph n=1200, m=41569, seed=5708372698381010775, type=POWLAW -> ./input/random_graphs/graph_1200_41569_POWLAW_5708372698381010775.txt (Time: 0.01s)
✓ Generated graph n=1200, m=41569, seed=521787134863155063, type=POWLAW -> ./input/random_graphs/graph_1200_41569_POWLAW_521787134863155063.txt (Time: 0.01s)
✓ Generated graph n=1200, m=41569, seed=3010622984418968408, type=POWLAW -> ./input/random_graphs/graph_1200_41569_POWLAW_3010622984418968408.txt (Time: 0.01s)
✓ Generated graph n=1200, m=41569, seed=1853590723603270879, type=POWLAW -> ./input/random_graphs/graph_1200_41569_POWLAW_1853590723603270879.txt (Time: 0.01s)
✓ Generated graph n=1200, m=41569, seed=7029781962072644698, type=POWLAW -> ./input/random_graphs/graph_1200_41569_POWLAW_7029781962072644698.txt (Time: 0.01s)
✓ Generated graph n=1200, m=41569, seed=6785030173969523435, type=POWLAW -> ./input/random_graphs/graph_1200_41569_POWLAW_6785030173969523435.txt (Time: 0.01s)
✓ Generated graph n=1200, m=41569, seed=5529616217668449934, type=POWLAW -> ./input/random_graphs/graph_1200_41569_POWLAW_5529616217668449934.txt (Time: 0.01s)
✓ Generated graph n=1200, m=41569, seed=1024517563182776983, type=POWLAW -> ./input/random_graphs/graph_1200_41569_POWLAW_1024517563182776983.txt (Time: 0.01s)
✓ Generated graph n=1200, m=41569, seed=1647170069535670909, type=POWLAW -> ./input/random_graphs/graph_1200_41569_POWLAW_1647170069535670909.txt (Time: 0.01s)
✓ Generated graph n=1200, m=41569, seed=3224265581699847191, type=POWLAW -> ./input/random_graphs/graph_1200_41569_POWLAW_3224265581699847191.txt (Time: 0.01s)
✓ Generated graph n=1200, m=41569, seed=4122784633514911760, type=POWLAW -> ./input/random_graphs/graph_1200_41569_POWLAW_4122784633514911760.txt (Time: 0.01s)
✓ Generated graph n=1200, m=41569, seed=5258051056098597521, type=POWLAW -> ./input/random_graphs/graph_1200_41569_POWLAW_5258051056098597521.txt (Time: 0.01s)
✓ Generated graph n=1200, m=41569, seed=824387247617288499, type=POWLAW -> ./input/random_graphs/graph_1200_41569_POWLAW_824387247617288499.txt (Time: 0.01s)
✓ Generated graph n=1200, m=41569, seed=1632192924771168275, type=POWLAW -> ./input/random_graphs/graph_1200_41569_POWLAW_1632192924771168275.txt (Time: 0.01s)
✓ Generated graph n=1200, m=41569, seed=7706236040662210848, type=POWLAW -> ./input/random_graphs/graph_1200_41569_POWLAW_7706236040662210848.txt (Time: 0.01s)
✓ Generated graph n=1200, m=41569, seed=7161906730445628483, type=POWLAW -> ./input/random_graphs/graph_1200_41569_POWLAW_7161906730445628483.txt (Time: 0.01s)
✓ Generated graph n=1200, m=41569, seed=4552998297316576788, type=POWLAW -> ./input/random_graphs/graph_1200_41569_POWLAW_4552998297316576788.txt (Time: 0.01s)
✓ Generated graph n=1200, m=41569, seed=6143643868734370809, type=POWLAW -> ./input/random_graphs/graph_1200_41569_POWLAW_6143643868734370809.txt (Time: 0.01s)
✓ Generated graph n=1200, m=41569, seed=5636411189175451024, type=POWLAW -> ./input/random_graphs/graph_1200_41569_POWLAW_5636411189175451024.txt (Time: 0.01s)
✓ Generated graph n=1200, m=41569, seed=6802378520969450157, type=POWLAW -> ./input/random_graphs/graph_1200_41569_POWLAW_6802378520969450157.txt (Time: 0.01s)
✓ Generated graph n=1200, m=41569, seed=3272308573967577038, type=POWLAW -> ./input/random_graphs/graph_1200_41569_POWLAW_3272308573967577038.txt (Time: 0.01s)
✓ Generated graph n=1200, m=41569, seed=8031431416522537101, type=POWLAW -> ./input/random_graphs/graph_1200_41569_POWLAW_8031431416522537101.txt (Time: 0.01s)
✓ Generated graph n=1200, m=41569, seed=5349491008325879064, type=POWLAW -> ./input/random_graphs/graph_1200_41569_POWLAW_5349491008325879064.txt (Time: 0.01s)
✓ Generated graph n=1200, m=41569, seed=6614505080519948832, type=POWLAW -> ./input/random_graphs/graph_1200_41569_POWLAW_6614505080519948832.txt (Time: 0.01s)
✓ Generated graph n=1200, m=41569, seed=7938560551762094560, type=POWLAW -> ./input/random_graphs/graph_1200_41569_POWLAW_7938560551762094560.txt (Time: 0.01s)
✓ Generated graph n=1200, m=41569, seed=4445925461710302877, type=POWLAW -> ./input/random_graphs/graph_1200_41569_POWLAW_4445925461710302877.txt (Time: 0.01s)
✓ Generated graph n=1200, m=41569, seed=7917045922527545890, type=POWLAW -> ./input/random_graphs/graph_1200_41569_POWLAW_7917045922527545890.txt (Time: 0.01s)
✓ Generated graph n=1200, m=41569, seed=3865339568260874865, type=POWLAW -> ./input/random_graphs/graph_1200_41569_POWLAW_3865339568260874865.txt (Time: 0.01s)
✓ Generated graph n=1200, m=41569, seed=1128313391724783137, type=POWLAW -> ./input/random_graphs/graph_1200_41569_POWLAW_1128313391724783137.txt (Time: 0.01s)
✓ Generated graph n=1200, m=41569, seed=6224222471595207695, type=POWLAW -> ./input/random_graphs/graph_1200_41569_POWLAW_6224222471595207695.txt (Time: 0.01s)
✓ Generated graph n=1200, m=41569, seed=7921282862123281598, type=POWLAW -> ./input/random_graphs/graph_1200_41569_POWLAW_7921282862123281598.txt (Time: 0.01s)
✓ Generated graph n=1200, m=41569, seed=716820155901718944, type=POWLAW -> ./input/random_graphs/graph_1200_41569_POWLAW_716820155901718944.txt (Time: 0.01s)
✓ Generated graph n=1200, m=41569, seed=5063475852268941542, type=POWLAW -> ./input/random_graphs/graph_1200_41569_POWLAW_5063475852268941542.txt (Time: 0.01s)
✓ Generated graph n=1200, m=41569, seed=8718380604043999642, type=POWLAW -> ./input/random_graphs/graph_1200_41569_POWLAW_8718380604043999642.txt (Time: 0.01s)
✓ Generated graph n=1200, m=41569, seed=4997514996153925447, type=POWLAW -> ./input/random_graphs/graph_1200_41569_POWLAW_4997514996153925447.txt (Time: 0.01s)
✓ Generated graph n=1200, m=41569, seed=8446481348147407377, type=POWLAW -> ./input/random_graphs/graph_1200_41569_POWLAW_8446481348147407377.txt (Time: 0.01s)
✓ Generated graph n=1200, m=41569, seed=3817405844514670994, type=POWLAW -> ./input/random_graphs/graph_1200_41569_POWLAW_3817405844514670994.txt (Time: 0.01s)
✓ Generated graph n=1200, m=41569, seed=2909934787168262407, type=POWLAW -> ./input/random_graphs/graph_1200_41569_POWLAW_2909934787168262407.txt (Time: 0.01s)
✓ Generated graph n=1200, m=41569, seed=6529943913552561417, type=POWLAW -> ./input/random_graphs/graph_1200_41569_POWLAW_6529943913552561417.txt (Time: 0.01s)
✓ Generated graph n=1200, m=41569, seed=1170385908854608748, type=POWLAW -> ./input/random_graphs/graph_1200_41569_POWLAW_1170385908854608748.txt (Time: 0.01s)
✓ Generated graph n=1200, m=41569, seed=6022436717541034636, type=POWLAW -> ./input/random_graphs/graph_1200_41569_POWLAW_6022436717541034636.txt (Time: 0.01s)
✓ Generated graph n=1200, m=41569, seed=199422815561151340, type=POWLAW -> ./input/random_graphs/graph_1200_41569_POWLAW_199422815561151340.txt (Time: 0.01s)
✓ Generated graph n=1200, m=41569, seed=3713827327871807734, type=POWLAW -> ./input/random_graphs/graph_1200_41569_POWLAW_3713827327871807734.txt (Time: 0.01s)
✓ Generated graph n=1200, m=41569, seed=175493991617213850, type=POWLAW -> ./input/random_graphs/graph_1200_41569_POWLAW_175493991617213850.txt (Time: 0.01s)
✓ Generated graph n=1200, m=41569, seed=6764066939395682287, type=POWLAW -> ./input/random_graphs/graph_1200_41569_POWLAW_6764066939395682287.txt (Time: 0.01s)
✓ Generated graph n=1200, m=41569, seed=5108599054664628607, type=POWLAW -> ./input/random_graphs/graph_1200_41569_POWLAW_5108599054664628607.txt (Time: 0.01s)
✓ Generated graph n=1200, m=41569, seed=9130666990809746335, type=POWLAW -> ./input/random_graphs/graph_1200_41569_POWLAW_9130666990809746335.txt (Time: 0.01s)
✓ Generated graph n=1200, m=41569, seed=7644420139408884785, type=POWLAW -> ./input/random_graphs/graph_1200_41569_POWLAW_7644420139408884785.txt (Time: 0.01s)
✓ Generated graph n=1200, m=41569, seed=1392892770529522614, type=POWLAW -> ./input/random_graphs/graph_1200_41569_POWLAW_1392892770529522614.txt (Time: 0.01s)
✓ Generated graph n=1200, m=41569, seed=1458186392400727732, type=POWLAW -> ./input/random_graphs/graph_1200_41569_POWLAW_1458186392400727732.txt (Time: 0.01s)
✓ Generated graph n=1200, m=41569, seed=9060210648189963449, type=POWLAW -> ./input/random_graphs/graph_1200_41569_POWLAW_9060210648189963449.txt (Time: 0.01s)
✓ Generated graph n=1200, m=41569, seed=4250897495980125004, type=POWLAW -> ./input/random_graphs/graph_1200_41569_POWLAW_4250897495980125004.txt (Time: 0.01s)
✓ Generated graph n=1200, m=41569, seed=8794274795737982182, type=POWLAW -> ./input/random_graphs/graph_1200_41569_POWLAW_8794274795737982182.txt (Time: 0.01s)
✓ Generated graph n=1200, m=41569, seed=2089506265998900862, type=POWLAW -> ./input/random_graphs/graph_1200_41569_POWLAW_2089506265998900862.txt (Time: 0.01s)
✓ Generated graph n=1200, m=41569, seed=5497874167834979553, type=POWLAW -> ./input/random_graphs/graph_1200_41569_POWLAW_5497874167834979553.txt (Time: 0.01s)
✓ Generated graph n=1200, m=41569, seed=4060584409398689268, type=POWLAW -> ./input/random_graphs/graph_1200_41569_POWLAW_4060584409398689268.txt (Time: 0.01s)
✓ Generated graph n=1200, m=41569, seed=1332005502874566195, type=POWLAW -> ./input/random_graphs/graph_1200_41569_POWLAW_1332005502874566195.txt (Time: 0.01s)
✓ Generated graph n=1200, m=41569, seed=1722224698700348310, type=POWLAW -> ./input/random_graphs/graph_1200_41569_POWLAW_1722224698700348310.txt (Time: 0.01s)
✓ Generated graph n=1200, m=41569, seed=8626102704817790064, type=POWLAW -> ./input/random_graphs/graph_1200_41569_POWLAW_8626102704817790064.txt (Time: 0.01s)
✓ Generated graph n=1200, m=41569, seed=8448596294177070022, type=POWLAW -> ./input/random_graphs/graph_1200_41569_POWLAW_8448596294177070022.txt (Time: 0.01s)
✓ Generated graph n=1200, m=41569, seed=7905487461282246979, type=POWLAW -> ./input/random_graphs/graph_1200_41569_POWLAW_7905487461282246979.txt (Time: 0.01s)
✓ Generated graph n=1200, m=41569, seed=4795749165124911768, type=POWLAW -> ./input/random_graphs/graph_1200_41569_POWLAW_4795749165124911768.txt (Time: 0.01s)
✓ Generated graph n=1200, m=41569, seed=4934890601268679176, type=POWLAW -> ./input/random_graphs/graph_1200_41569_POWLAW_4934890601268679176.txt (Time: 0.01s)
✓ Generated graph n=1200, m=41569, seed=1992204328026194281, type=POWLAW -> ./input/random_graphs/graph_1200_41569_POWLAW_1992204328026194281.txt (Time: 0.01s)
✓ Generated graph n=1200, m=41569, seed=7118744415197196276, type=POWLAW -> ./input/random_graphs/graph_1200_41569_POWLAW_7118744415197196276.txt (Time: 0.01s)
✓ Generated graph n=1200, m=41569, seed=2718103348384927511, type=POWLAW -> ./input/random_graphs/graph_1200_41569_POWLAW_2718103348384927511.txt (Time: 0.01s)
✓ Generated graph n=1200, m=41569, seed=9059990922233379852, type=POWLAW -> ./input/random_graphs/graph_1200_41569_POWLAW_9059990922233379852.txt (Time: 0.01s)
✓ Generated graph n=1200, m=41569, seed=3221421291694197220, type=POWLAW -> ./input/random_graphs/graph_1200_41569_POWLAW_3221421291694197220.txt (Time: 0.01s)
✓ Generated graph n=1200, m=41569, seed=7449662661572224354, type=POWLAW -> ./input/random_graphs/graph_1200_41569_POWLAW_7449662661572224354.txt (Time: 0.01s)
✓ Generated graph n=1200, m=41569, seed=8867616339855336876, type=POWLAW -> ./input/random_graphs/graph_1200_41569_POWLAW_8867616339855336876.txt (Time: 0.01s)
✓ Generated graph n=1200, m=41569, seed=7983805977214098674, type=POWLAW -> ./input/random_graphs/graph_1200_41569_POWLAW_7983805977214098674.txt (Time: 0.01s)
✓ Generated graph n=1200, m=41569, seed=5894893360759659423, type=POWLAW -> ./input/random_graphs/graph_1200_41569_POWLAW_5894893360759659423.txt (Time: 0.01s)
✓ Generated graph n=1200, m=41569, seed=4940913311242578590, type=POWLAW -> ./input/random_graphs/graph_1200_41569_POWLAW_4940913311242578590.txt (Time: 0.01s)
✓ Generated graph n=1200, m=41569, seed=2264398621601381987, type=POWLAW -> ./input/random_graphs/graph_1200_41569_POWLAW_2264398621601381987.txt (Time: 0.01s)
✓ Generated graph n=1200, m=41569, seed=7632458674696225362, type=POWLAW -> ./input/random_graphs/graph_1200_41569_POWLAW_7632458674696225362.txt (Time: 0.01s)
✓ Generated graph n=1400, m=52383, seed=7871178979383552919, type=POWLAW -> ./input/random_graphs/graph_1400_52383_POWLAW_7871178979383552919.txt (Time: 0.01s)
✓ Generated graph n=1400, m=52383, seed=6230961512046992311, type=POWLAW -> ./input/random_graphs/graph_1400_52383_POWLAW_6230961512046992311.txt (Time: 0.01s)
✓ Generated graph n=1400, m=52383, seed=7032710160631691991, type=POWLAW -> ./input/random_graphs/graph_1400_52383_POWLAW_7032710160631691991.txt (Time: 0.01s)
✓ Generated graph n=1400, m=52383, seed=7599700178212337699, type=POWLAW -> ./input/random_graphs/graph_1400_52383_POWLAW_7599700178212337699.txt (Time: 0.01s)
✓ Generated graph n=1400, m=52383, seed=1353182403971399009, type=POWLAW -> ./input/random_graphs/graph_1400_52383_POWLAW_1353182403971399009.txt (Time: 0.01s)
✓ Generated graph n=1400, m=52383, seed=3881801951614183357, type=POWLAW -> ./input/random_graphs/graph_1400_52383_POWLAW_3881801951614183357.txt (Time: 0.01s)
✓ Generated graph n=1400, m=52383, seed=5739955973604961613, type=POWLAW -> ./input/random_graphs/graph_1400_52383_POWLAW_5739955973604961613.txt (Time: 0.01s)
✓ Generated graph n=1400, m=52383, seed=6938562734920028532, type=POWLAW -> ./input/random_graphs/graph_1400_52383_POWLAW_6938562734920028532.txt (Time: 0.01s)
✓ Generated graph n=1400, m=52383, seed=6522163754831416203, type=POWLAW -> ./input/random_graphs/graph_1400_52383_POWLAW_6522163754831416203.txt (Time: 0.01s)
✓ Generated graph n=1400, m=52383, seed=1070244953599069350, type=POWLAW -> ./input/random_graphs/graph_1400_52383_POWLAW_1070244953599069350.txt (Time: 0.01s)
✓ Generated graph n=1400, m=52383, seed=4040737767143389431, type=POWLAW -> ./input/random_graphs/graph_1400_52383_POWLAW_4040737767143389431.txt (Time: 0.01s)
✓ Generated graph n=1400, m=52383, seed=1309542850049879452, type=POWLAW -> ./input/random_graphs/graph_1400_52383_POWLAW_1309542850049879452.txt (Time: 0.01s)
✓ Generated graph n=1400, m=52383, seed=1250005700364523649, type=POWLAW -> ./input/random_graphs/graph_1400_52383_POWLAW_1250005700364523649.txt (Time: 0.01s)
✓ Generated graph n=1400, m=52383, seed=2429002973740178792, type=POWLAW -> ./input/random_graphs/graph_1400_52383_POWLAW_2429002973740178792.txt (Time: 0.01s)
✓ Generated graph n=1400, m=52383, seed=7663871783842725848, type=POWLAW -> ./input/random_graphs/graph_1400_52383_POWLAW_7663871783842725848.txt (Time: 0.01s)
✓ Generated graph n=1400, m=52383, seed=320375091487821987, type=POWLAW -> ./input/random_graphs/graph_1400_52383_POWLAW_320375091487821987.txt (Time: 0.01s)
✓ Generated graph n=1400, m=52383, seed=5906957480796939447, type=POWLAW -> ./input/random_graphs/graph_1400_52383_POWLAW_5906957480796939447.txt (Time: 0.01s)
✓ Generated graph n=1400, m=52383, seed=1250773459040295677, type=POWLAW -> ./input/random_graphs/graph_1400_52383_POWLAW_1250773459040295677.txt (Time: 0.01s)
✓ Generated graph n=1400, m=52383, seed=7146860528564146064, type=POWLAW -> ./input/random_graphs/graph_1400_52383_POWLAW_7146860528564146064.txt (Time: 0.01s)
✓ Generated graph n=1400, m=52383, seed=3438400432146115956, type=POWLAW -> ./input/random_graphs/graph_1400_52383_POWLAW_3438400432146115956.txt (Time: 0.01s)
✓ Generated graph n=1400, m=52383, seed=7473196763798409428, type=POWLAW -> ./input/random_graphs/graph_1400_52383_POWLAW_7473196763798409428.txt (Time: 0.01s)
✓ Generated graph n=1400, m=52383, seed=5139481885857321791, type=POWLAW -> ./input/random_graphs/graph_1400_52383_POWLAW_5139481885857321791.txt (Time: 0.01s)
✓ Generated graph n=1400, m=52383, seed=6002685213311538187, type=POWLAW -> ./input/random_graphs/graph_1400_52383_POWLAW_6002685213311538187.txt (Time: 0.01s)
✓ Generated graph n=1400, m=52383, seed=5142811650494845597, type=POWLAW -> ./input/random_graphs/graph_1400_52383_POWLAW_5142811650494845597.txt (Time: 0.01s)
✓ Generated graph n=1400, m=52383, seed=3010622984418968408, type=POWLAW -> ./input/random_graphs/graph_1400_52383_POWLAW_3010622984418968408.txt (Time: 0.01s)
✓ Generated graph n=1400, m=52383, seed=5708372698381010775, type=POWLAW -> ./input/random_graphs/graph_1400_52383_POWLAW_5708372698381010775.txt (Time: 0.01s)
✓ Generated graph n=1400, m=52383, seed=521787134863155063, type=POWLAW -> ./input/random_graphs/graph_1400_52383_POWLAW_521787134863155063.txt (Time: 0.01s)
✓ Generated graph n=1400, m=52383, seed=1731523882129807996, type=POWLAW -> ./input/random_graphs/graph_1400_52383_POWLAW_1731523882129807996.txt (Time: 0.01s)
✓ Generated graph n=1400, m=52383, seed=1853590723603270879, type=POWLAW -> ./input/random_graphs/graph_1400_52383_POWLAW_1853590723603270879.txt (Time: 0.01s)
✓ Generated graph n=1400, m=52383, seed=6785030173969523435, type=POWLAW -> ./input/random_graphs/graph_1400_52383_POWLAW_6785030173969523435.txt (Time: 0.01s)
✓ Generated graph n=1400, m=52383, seed=5529616217668449934, type=POWLAW -> ./input/random_graphs/graph_1400_52383_POWLAW_5529616217668449934.txt (Time: 0.01s)
✓ Generated graph n=1400, m=52383, seed=1024517563182776983, type=POWLAW -> ./input/random_graphs/graph_1400_52383_POWLAW_1024517563182776983.txt (Time: 0.01s)
✓ Generated graph n=1400, m=52383, seed=7029781962072644698, type=POWLAW -> ./input/random_graphs/graph_1400_52383_POWLAW_7029781962072644698.txt (Time: 0.01s)
✓ Generated graph n=1400, m=52383, seed=3224265581699847191, type=POWLAW -> ./input/random_graphs/graph_1400_52383_POWLAW_3224265581699847191.txt (Time: 0.01s)
✓ Generated graph n=1400, m=52383, seed=5258051056098597521, type=POWLAW -> ./input/random_graphs/graph_1400_52383_POWLAW_5258051056098597521.txt (Time: 0.01s)
✓ Generated graph n=1400, m=52383, seed=4122784633514911760, type=POWLAW -> ./input/random_graphs/graph_1400_52383_POWLAW_4122784633514911760.txt (Time: 0.01s)
✓ Generated graph n=1400, m=52383, seed=1647170069535670909, type=POWLAW -> ./input/random_graphs/graph_1400_52383_POWLAW_1647170069535670909.txt (Time: 0.01s)
✓ Generated graph n=1400, m=52383, seed=7706236040662210848, type=POWLAW -> ./input/random_graphs/graph_1400_52383_POWLAW_7706236040662210848.txt (Time: 0.01s)
✓ Generated graph n=1400, m=52383, seed=824387247617288499, type=POWLAW -> ./input/random_graphs/graph_1400_52383_POWLAW_824387247617288499.txt (Time: 0.01s)
✓ Generated graph n=1400, m=52383, seed=1632192924771168275, type=POWLAW -> ./input/random_graphs/graph_1400_52383_POWLAW_1632192924771168275.txt (Time: 0.01s)
✓ Generated graph n=1400, m=52383, seed=7161906730445628483, type=POWLAW -> ./input/random_graphs/graph_1400_52383_POWLAW_7161906730445628483.txt (Time: 0.01s)
✓ Generated graph n=1400, m=52383, seed=6802378520969450157, type=POWLAW -> ./input/random_graphs/graph_1400_52383_POWLAW_6802378520969450157.txt (Time: 0.01s)
✓ Generated graph n=1400, m=52383, seed=4552998297316576788, type=POWLAW -> ./input/random_graphs/graph_1400_52383_POWLAW_4552998297316576788.txt (Time: 0.01s)
✓ Generated graph n=1400, m=52383, seed=8031431416522537101, type=POWLAW -> ./input/random_graphs/graph_1400_52383_POWLAW_8031431416522537101.txt (Time: 0.01s)
✓ Generated graph n=1400, m=52383, seed=5349491008325879064, type=POWLAW -> ./input/random_graphs/graph_1400_52383_POWLAW_5349491008325879064.txt (Time: 0.01s)
✓ Generated graph n=1400, m=52383, seed=3272308573967577038, type=POWLAW -> ./input/random_graphs/graph_1400_52383_POWLAW_3272308573967577038.txt (Time: 0.01s)
✓ Generated graph n=1400, m=52383, seed=6143643868734370809, type=POWLAW -> ./input/random_graphs/graph_1400_52383_POWLAW_6143643868734370809.txt (Time: 0.01s)
✓ Generated graph n=1400, m=52383, seed=5636411189175451024, type=POWLAW -> ./input/random_graphs/graph_1400_52383_POWLAW_5636411189175451024.txt (Time: 0.01s)
✓ Generated graph n=1400, m=52383, seed=6614505080519948832, type=POWLAW -> ./input/random_graphs/graph_1400_52383_POWLAW_6614505080519948832.txt (Time: 0.01s)
✓ Generated graph n=1400, m=52383, seed=4445925461710302877, type=POWLAW -> ./input/random_graphs/graph_1400_52383_POWLAW_4445925461710302877.txt (Time: 0.01s)
✓ Generated graph n=1400, m=52383, seed=7917045922527545890, type=POWLAW -> ./input/random_graphs/graph_1400_52383_POWLAW_7917045922527545890.txt (Time: 0.01s)
✓ Generated graph n=1400, m=52383, seed=7938560551762094560, type=POWLAW -> ./input/random_graphs/graph_1400_52383_POWLAW_7938560551762094560.txt (Time: 0.01s)
✓ Generated graph n=1400, m=52383, seed=3865339568260874865, type=POWLAW -> ./input/random_graphs/graph_1400_52383_POWLAW_3865339568260874865.txt (Time: 0.01s)
✓ Generated graph n=1400, m=52383, seed=7921282862123281598, type=POWLAW -> ./input/random_graphs/graph_1400_52383_POWLAW_7921282862123281598.txt (Time: 0.01s)
✓ Generated graph n=1400, m=52383, seed=6224222471595207695, type=POWLAW -> ./input/random_graphs/graph_1400_52383_POWLAW_6224222471595207695.txt (Time: 0.01s)
✓ Generated graph n=1400, m=52383, seed=1128313391724783137, type=POWLAW -> ./input/random_graphs/graph_1400_52383_POWLAW_1128313391724783137.txt (Time: 0.01s)
✓ Generated graph n=1400, m=52383, seed=716820155901718944, type=POWLAW -> ./input/random_graphs/graph_1400_52383_POWLAW_716820155901718944.txt (Time: 0.01s)
✓ Generated graph n=1400, m=52383, seed=8718380604043999642, type=POWLAW -> ./input/random_graphs/graph_1400_52383_POWLAW_8718380604043999642.txt (Time: 0.01s)
✓ Generated graph n=1400, m=52383, seed=5063475852268941542, type=POWLAW -> ./input/random_graphs/graph_1400_52383_POWLAW_5063475852268941542.txt (Time: 0.01s)
✓ Generated graph n=1400, m=52383, seed=4997514996153925447, type=POWLAW -> ./input/random_graphs/graph_1400_52383_POWLAW_4997514996153925447.txt (Time: 0.01s)
✓ Generated graph n=1400, m=52383, seed=8446481348147407377, type=POWLAW -> ./input/random_graphs/graph_1400_52383_POWLAW_8446481348147407377.txt (Time: 0.01s)
✓ Generated graph n=1400, m=52383, seed=6529943913552561417, type=POWLAW -> ./input/random_graphs/graph_1400_52383_POWLAW_6529943913552561417.txt (Time: 0.01s)
✓ Generated graph n=1400, m=52383, seed=3817405844514670994, type=POWLAW -> ./input/random_graphs/graph_1400_52383_POWLAW_3817405844514670994.txt (Time: 0.01s)
✓ Generated graph n=1400, m=52383, seed=2909934787168262407, type=POWLAW -> ./input/random_graphs/graph_1400_52383_POWLAW_2909934787168262407.txt (Time: 0.01s)
✓ Generated graph n=1400, m=52383, seed=199422815561151340, type=POWLAW -> ./input/random_graphs/graph_1400_52383_POWLAW_199422815561151340.txt (Time: 0.01s)
✓ Generated graph n=1400, m=52383, seed=3713827327871807734, type=POWLAW -> ./input/random_graphs/graph_1400_52383_POWLAW_3713827327871807734.txt (Time: 0.01s)
✓ Generated graph n=1400, m=52383, seed=6022436717541034636, type=POWLAW -> ./input/random_graphs/graph_1400_52383_POWLAW_6022436717541034636.txt (Time: 0.01s)
✓ Generated graph n=1400, m=52383, seed=175493991617213850, type=POWLAW -> ./input/random_graphs/graph_1400_52383_POWLAW_175493991617213850.txt (Time: 0.01s)
✓ Generated graph n=1400, m=52383, seed=1170385908854608748, type=POWLAW -> ./input/random_graphs/graph_1400_52383_POWLAW_1170385908854608748.txt (Time: 0.01s)
✓ Generated graph n=1400, m=52383, seed=5108599054664628607, type=POWLAW -> ./input/random_graphs/graph_1400_52383_POWLAW_5108599054664628607.txt (Time: 0.01s)
✓ Generated graph n=1400, m=52383, seed=1458186392400727732, type=POWLAW -> ./input/random_graphs/graph_1400_52383_POWLAW_1458186392400727732.txt (Time: 0.01s)
✓ Generated graph n=1400, m=52383, seed=6764066939395682287, type=POWLAW -> ./input/random_graphs/graph_1400_52383_POWLAW_6764066939395682287.txt (Time: 0.01s)
✓ Generated graph n=1400, m=52383, seed=7644420139408884785, type=POWLAW -> ./input/random_graphs/graph_1400_52383_POWLAW_7644420139408884785.txt (Time: 0.01s)
✓ Generated graph n=1400, m=52383, seed=1392892770529522614, type=POWLAW -> ./input/random_graphs/graph_1400_52383_POWLAW_1392892770529522614.txt (Time: 0.01s)
✓ Generated graph n=1400, m=52383, seed=9060210648189963449, type=POWLAW -> ./input/random_graphs/graph_1400_52383_POWLAW_9060210648189963449.txt (Time: 0.01s)
✓ Generated graph n=1400, m=52383, seed=8794274795737982182, type=POWLAW -> ./input/random_graphs/graph_1400_52383_POWLAW_8794274795737982182.txt (Time: 0.01s)
✓ Generated graph n=1400, m=52383, seed=9130666990809746335, type=POWLAW -> ./input/random_graphs/graph_1400_52383_POWLAW_9130666990809746335.txt (Time: 0.02s)
✓ Generated graph n=1400, m=52383, seed=4250897495980125004, type=POWLAW -> ./input/random_graphs/graph_1400_52383_POWLAW_4250897495980125004.txt (Time: 0.01s)
✓ Generated graph n=1400, m=52383, seed=2089506265998900862, type=POWLAW -> ./input/random_graphs/graph_1400_52383_POWLAW_2089506265998900862.txt (Time: 0.01s)
✓ Generated graph n=1400, m=52383, seed=5497874167834979553, type=POWLAW -> ./input/random_graphs/graph_1400_52383_POWLAW_5497874167834979553.txt (Time: 0.01s)
✓ Generated graph n=1400, m=52383, seed=4060584409398689268, type=POWLAW -> ./input/random_graphs/graph_1400_52383_POWLAW_4060584409398689268.txt (Time: 0.01s)
✓ Generated graph n=1400, m=52383, seed=1332005502874566195, type=POWLAW -> ./input/random_graphs/graph_1400_52383_POWLAW_1332005502874566195.txt (Time: 0.01s)
✓ Generated graph n=1400, m=52383, seed=1722224698700348310, type=POWLAW -> ./input/random_graphs/graph_1400_52383_POWLAW_1722224698700348310.txt (Time: 0.01s)
✓ Generated graph n=1400, m=52383, seed=8448596294177070022, type=POWLAW -> ./input/random_graphs/graph_1400_52383_POWLAW_8448596294177070022.txt (Time: 0.01s)
✓ Generated graph n=1400, m=52383, seed=8626102704817790064, type=POWLAW -> ./input/random_graphs/graph_1400_52383_POWLAW_8626102704817790064.txt (Time: 0.01s)
✓ Generated graph n=1400, m=52383, seed=4934890601268679176, type=POWLAW -> ./input/random_graphs/graph_1400_52383_POWLAW_4934890601268679176.txt (Time: 0.01s)
✓ Generated graph n=1400, m=52383, seed=1992204328026194281, type=POWLAW -> ./input/random_graphs/graph_1400_52383_POWLAW_1992204328026194281.txt (Time: 0.01s)
✓ Generated graph n=1400, m=52383, seed=7905487461282246979, type=POWLAW -> ./input/random_graphs/graph_1400_52383_POWLAW_7905487461282246979.txt (Time: 0.01s)
✓ Generated graph n=1400, m=52383, seed=2718103348384927511, type=POWLAW -> ./input/random_graphs/graph_1400_52383_POWLAW_2718103348384927511.txt (Time: 0.01s)
✓ Generated graph n=1400, m=52383, seed=4795749165124911768, type=POWLAW -> ./input/random_graphs/graph_1400_52383_POWLAW_4795749165124911768.txt (Time: 0.02s)
✓ Generated graph n=1400, m=52383, seed=7118744415197196276, type=POWLAW -> ./input/random_graphs/graph_1400_52383_POWLAW_7118744415197196276.txt (Time: 0.01s)
✓ Generated graph n=1400, m=52383, seed=9059990922233379852, type=POWLAW -> ./input/random_graphs/graph_1400_52383_POWLAW_9059990922233379852.txt (Time: 0.01s)
✓ Generated graph n=1400, m=52383, seed=7449662661572224354, type=POWLAW -> ./input/random_graphs/graph_1400_52383_POWLAW_7449662661572224354.txt (Time: 0.01s)
✓ Generated graph n=1400, m=52383, seed=3221421291694197220, type=POWLAW -> ./input/random_graphs/graph_1400_52383_POWLAW_3221421291694197220.txt (Time: 0.01s)
✓ Generated graph n=1400, m=52383, seed=8867616339855336876, type=POWLAW -> ./input/random_graphs/graph_1400_52383_POWLAW_8867616339855336876.txt (Time: 0.01s)
✓ Generated graph n=1400, m=52383, seed=7983805977214098674, type=POWLAW -> ./input/random_graphs/graph_1400_52383_POWLAW_7983805977214098674.txt (Time: 0.01s)
✓ Generated graph n=1400, m=52383, seed=5894893360759659423, type=POWLAW -> ./input/random_graphs/graph_1400_52383_POWLAW_5894893360759659423.txt (Time: 0.01s)
✓ Generated graph n=1400, m=52383, seed=4940913311242578590, type=POWLAW -> ./input/random_graphs/graph_1400_52383_POWLAW_4940913311242578590.txt (Time: 0.01s)
✓ Generated graph n=1400, m=52383, seed=2264398621601381987, type=POWLAW -> ./input/random_graphs/graph_1400_52383_POWLAW_2264398621601381987.txt (Time: 0.01s)
✓ Generated graph n=1400, m=52383, seed=7632458674696225362, type=POWLAW -> ./input/random_graphs/graph_1400_52383_POWLAW_7632458674696225362.txt (Time: 0.01s)
✓ Generated graph n=1600, m=64000, seed=6230961512046992311, type=POWLAW -> ./input/random_graphs/graph_1600_64000_POWLAW_6230961512046992311.txt (Time: 0.02s)
✓ Generated graph n=1600, m=64000, seed=7871178979383552919, type=POWLAW -> ./input/random_graphs/graph_1600_64000_POWLAW_7871178979383552919.txt (Time: 0.02s)
✓ Generated graph n=1600, m=64000, seed=3881801951614183357, type=POWLAW -> ./input/random_graphs/graph_1600_64000_POWLAW_3881801951614183357.txt (Time: 0.02s)
✓ Generated graph n=1600, m=64000, seed=7032710160631691991, type=POWLAW -> ./input/random_graphs/graph_1600_64000_POWLAW_7032710160631691991.txt (Time: 0.02s)
✓ Generated graph n=1600, m=64000, seed=5739955973604961613, type=POWLAW -> ./input/random_graphs/graph_1600_64000_POWLAW_5739955973604961613.txt (Time: 0.02s)
✓ Generated graph n=1600, m=64000, seed=1353182403971399009, type=POWLAW -> ./input/random_graphs/graph_1600_64000_POWLAW_1353182403971399009.txt (Time: 0.02s)
✓ Generated graph n=1600, m=64000, seed=7599700178212337699, type=POWLAW -> ./input/random_graphs/graph_1600_64000_POWLAW_7599700178212337699.txt (Time: 0.02s)
✓ Generated graph n=1600, m=64000, seed=1070244953599069350, type=POWLAW -> ./input/random_graphs/graph_1600_64000_POWLAW_1070244953599069350.txt (Time: 0.02s)
✓ Generated graph n=1600, m=64000, seed=6938562734920028532, type=POWLAW -> ./input/random_graphs/graph_1600_64000_POWLAW_6938562734920028532.txt (Time: 0.02s)
✓ Generated graph n=1600, m=64000, seed=6522163754831416203, type=POWLAW -> ./input/random_graphs/graph_1600_64000_POWLAW_6522163754831416203.txt (Time: 0.02s)
✓ Generated graph n=1600, m=64000, seed=4040737767143389431, type=POWLAW -> ./input/random_graphs/graph_1600_64000_POWLAW_4040737767143389431.txt (Time: 0.02s)
✓ Generated graph n=1600, m=64000, seed=1309542850049879452, type=POWLAW -> ./input/random_graphs/graph_1600_64000_POWLAW_1309542850049879452.txt (Time: 0.02s)
✓ Generated graph n=1600, m=64000, seed=2429002973740178792, type=POWLAW -> ./input/random_graphs/graph_1600_64000_POWLAW_2429002973740178792.txt (Time: 0.02s)
✓ Generated graph n=1600, m=64000, seed=1250005700364523649, type=POWLAW -> ./input/random_graphs/graph_1600_64000_POWLAW_1250005700364523649.txt (Time: 0.02s)
✓ Generated graph n=1600, m=64000, seed=7663871783842725848, type=POWLAW -> ./input/random_graphs/graph_1600_64000_POWLAW_7663871783842725848.txt (Time: 0.02s)
✓ Generated graph n=1600, m=64000, seed=320375091487821987, type=POWLAW -> ./input/random_graphs/graph_1600_64000_POWLAW_320375091487821987.txt (Time: 0.02s)
✓ Generated graph n=1600, m=64000, seed=5906957480796939447, type=POWLAW -> ./input/random_graphs/graph_1600_64000_POWLAW_5906957480796939447.txt (Time: 0.02s)
✓ Generated graph n=1600, m=64000, seed=1250773459040295677, type=POWLAW -> ./input/random_graphs/graph_1600_64000_POWLAW_1250773459040295677.txt (Time: 0.02s)
✓ Generated graph n=1600, m=64000, seed=7146860528564146064, type=POWLAW -> ./input/random_graphs/graph_1600_64000_POWLAW_7146860528564146064.txt (Time: 0.02s)
✓ Generated graph n=1600, m=64000, seed=3438400432146115956, type=POWLAW -> ./input/random_graphs/graph_1600_64000_POWLAW_3438400432146115956.txt (Time: 0.02s)
✓ Generated graph n=1600, m=64000, seed=7473196763798409428, type=POWLAW -> ./input/random_graphs/graph_1600_64000_POWLAW_7473196763798409428.txt (Time: 0.02s)
✓ Generated graph n=1600, m=64000, seed=5139481885857321791, type=POWLAW -> ./input/random_graphs/graph_1600_64000_POWLAW_5139481885857321791.txt (Time: 0.02s)
✓ Generated graph n=1600, m=64000, seed=5142811650494845597, type=POWLAW -> ./input/random_graphs/graph_1600_64000_POWLAW_5142811650494845597.txt (Time: 0.02s)
✓ Generated graph n=1600, m=64000, seed=6002685213311538187, type=POWLAW -> ./input/random_graphs/graph_1600_64000_POWLAW_6002685213311538187.txt (Time: 0.02s)
✓ Generated graph n=1600, m=64000, seed=3010622984418968408, type=POWLAW -> ./input/random_graphs/graph_1600_64000_POWLAW_3010622984418968408.txt (Time: 0.02s)
✓ Generated graph n=1600, m=64000, seed=521787134863155063, type=POWLAW -> ./input/random_graphs/graph_1600_64000_POWLAW_521787134863155063.txt (Time: 0.02s)
✓ Generated graph n=1600, m=64000, seed=1853590723603270879, type=POWLAW -> ./input/random_graphs/graph_1600_64000_POWLAW_1853590723603270879.txt (Time: 0.02s)
✓ Generated graph n=1600, m=64000, seed=5708372698381010775, type=POWLAW -> ./input/random_graphs/graph_1600_64000_POWLAW_5708372698381010775.txt (Time: 0.02s)
✓ Generated graph n=1600, m=64000, seed=1731523882129807996, type=POWLAW -> ./input/random_graphs/graph_1600_64000_POWLAW_1731523882129807996.txt (Time: 0.02s)
✓ Generated graph n=1600, m=64000, seed=7029781962072644698, type=POWLAW -> ./input/random_graphs/graph_1600_64000_POWLAW_7029781962072644698.txt (Time: 0.02s)
✓ Generated graph n=1600, m=64000, seed=6785030173969523435, type=POWLAW -> ./input/random_graphs/graph_1600_64000_POWLAW_6785030173969523435.txt (Time: 0.02s)
✓ Generated graph n=1600, m=64000, seed=5258051056098597521, type=POWLAW -> ./input/random_graphs/graph_1600_64000_POWLAW_5258051056098597521.txt (Time: 0.02s)
✓ Generated graph n=1600, m=64000, seed=5529616217668449934, type=POWLAW -> ./input/random_graphs/graph_1600_64000_POWLAW_5529616217668449934.txt (Time: 0.02s)
✓ Generated graph n=1600, m=64000, seed=4122784633514911760, type=POWLAW -> ./input/random_graphs/graph_1600_64000_POWLAW_4122784633514911760.txt (Time: 0.02s)
✓ Generated graph n=1600, m=64000, seed=1024517563182776983, type=POWLAW -> ./input/random_graphs/graph_1600_64000_POWLAW_1024517563182776983.txt (Time: 0.02s)
✓ Generated graph n=1600, m=64000, seed=3224265581699847191, type=POWLAW -> ./input/random_graphs/graph_1600_64000_POWLAW_3224265581699847191.txt (Time: 0.02s)
✓ Generated graph n=1600, m=64000, seed=7706236040662210848, type=POWLAW -> ./input/random_graphs/graph_1600_64000_POWLAW_7706236040662210848.txt (Time: 0.02s)
✓ Generated graph n=1600, m=64000, seed=1647170069535670909, type=POWLAW -> ./input/random_graphs/graph_1600_64000_POWLAW_1647170069535670909.txt (Time: 0.02s)
✓ Generated graph n=1600, m=64000, seed=824387247617288499, type=POWLAW -> ./input/random_graphs/graph_1600_64000_POWLAW_824387247617288499.txt (Time: 0.02s)
✓ Generated graph n=1600, m=64000, seed=1632192924771168275, type=POWLAW -> ./input/random_graphs/graph_1600_64000_POWLAW_1632192924771168275.txt (Time: 0.02s)
✓ Generated graph n=1600, m=64000, seed=7161906730445628483, type=POWLAW -> ./input/random_graphs/graph_1600_64000_POWLAW_7161906730445628483.txt (Time: 0.02s)
✓ Generated graph n=1600, m=64000, seed=6802378520969450157, type=POWLAW -> ./input/random_graphs/graph_1600_64000_POWLAW_6802378520969450157.txt (Time: 0.02s)
✓ Generated graph n=1600, m=64000, seed=4552998297316576788, type=POWLAW -> ./input/random_graphs/graph_1600_64000_POWLAW_4552998297316576788.txt (Time: 0.02s)
✓ Generated graph n=1600, m=64000, seed=8031431416522537101, type=POWLAW -> ./input/random_graphs/graph_1600_64000_POWLAW_8031431416522537101.txt (Time: 0.02s)
✓ Generated graph n=1600, m=64000, seed=6143643868734370809, type=POWLAW -> ./input/random_graphs/graph_1600_64000_POWLAW_6143643868734370809.txt (Time: 0.02s)
✓ Generated graph n=1600, m=64000, seed=5349491008325879064, type=POWLAW -> ./input/random_graphs/graph_1600_64000_POWLAW_5349491008325879064.txt (Time: 0.02s)
✓ Generated graph n=1600, m=64000, seed=6614505080519948832, type=POWLAW -> ./input/random_graphs/graph_1600_64000_POWLAW_6614505080519948832.txt (Time: 0.02s)
✓ Generated graph n=1600, m=64000, seed=3272308573967577038, type=POWLAW -> ./input/random_graphs/graph_1600_64000_POWLAW_3272308573967577038.txt (Time: 0.02s)
✓ Generated graph n=1600, m=64000, seed=5636411189175451024, type=POWLAW -> ./input/random_graphs/graph_1600_64000_POWLAW_5636411189175451024.txt (Time: 0.02s)
✓ Generated graph n=1600, m=64000, seed=7938560551762094560, type=POWLAW -> ./input/random_graphs/graph_1600_64000_POWLAW_7938560551762094560.txt (Time: 0.02s)
✓ Generated graph n=1600, m=64000, seed=7917045922527545890, type=POWLAW -> ./input/random_graphs/graph_1600_64000_POWLAW_7917045922527545890.txt (Time: 0.02s)
✓ Generated graph n=1600, m=64000, seed=3865339568260874865, type=POWLAW -> ./input/random_graphs/graph_1600_64000_POWLAW_3865339568260874865.txt (Time: 0.02s)
✓ Generated graph n=1600, m=64000, seed=4445925461710302877, type=POWLAW -> ./input/random_graphs/graph_1600_64000_POWLAW_4445925461710302877.txt (Time: 0.02s)
✓ Generated graph n=1600, m=64000, seed=6224222471595207695, type=POWLAW -> ./input/random_graphs/graph_1600_64000_POWLAW_6224222471595207695.txt (Time: 0.02s)
✓ Generated graph n=1600, m=64000, seed=1128313391724783137, type=POWLAW -> ./input/random_graphs/graph_1600_64000_POWLAW_1128313391724783137.txt (Time: 0.02s)
✓ Generated graph n=1600, m=64000, seed=7921282862123281598, type=POWLAW -> ./input/random_graphs/graph_1600_64000_POWLAW_7921282862123281598.txt (Time: 0.02s)
✓ Generated graph n=1600, m=64000, seed=8718380604043999642, type=POWLAW -> ./input/random_graphs/graph_1600_64000_POWLAW_8718380604043999642.txt (Time: 0.02s)
✓ Generated graph n=1600, m=64000, seed=716820155901718944, type=POWLAW -> ./input/random_graphs/graph_1600_64000_POWLAW_716820155901718944.txt (Time: 0.02s)
✓ Generated graph n=1600, m=64000, seed=5063475852268941542, type=POWLAW -> ./input/random_graphs/graph_1600_64000_POWLAW_5063475852268941542.txt (Time: 0.02s)
✓ Generated graph n=1600, m=64000, seed=4997514996153925447, type=POWLAW -> ./input/random_graphs/graph_1600_64000_POWLAW_4997514996153925447.txt (Time: 0.02s)
✓ Generated graph n=1600, m=64000, seed=8446481348147407377, type=POWLAW -> ./input/random_graphs/graph_1600_64000_POWLAW_8446481348147407377.txt (Time: 0.02s)
✓ Generated graph n=1600, m=64000, seed=3817405844514670994, type=POWLAW -> ./input/random_graphs/graph_1600_64000_POWLAW_3817405844514670994.txt (Time: 0.02s)
✓ Generated graph n=1600, m=64000, seed=6529943913552561417, type=POWLAW -> ./input/random_graphs/graph_1600_64000_POWLAW_6529943913552561417.txt (Time: 0.02s)
✓ Generated graph n=1600, m=64000, seed=1170385908854608748, type=POWLAW -> ./input/random_graphs/graph_1600_64000_POWLAW_1170385908854608748.txt (Time: 0.02s)
✓ Generated graph n=1600, m=64000, seed=2909934787168262407, type=POWLAW -> ./input/random_graphs/graph_1600_64000_POWLAW_2909934787168262407.txt (Time: 0.02s)
✓ Generated graph n=1600, m=64000, seed=6022436717541034636, type=POWLAW -> ./input/random_graphs/graph_1600_64000_POWLAW_6022436717541034636.txt (Time: 0.02s)
✓ Generated graph n=1600, m=64000, seed=3713827327871807734, type=POWLAW -> ./input/random_graphs/graph_1600_64000_POWLAW_3713827327871807734.txt (Time: 0.02s)
✓ Generated graph n=1600, m=64000, seed=199422815561151340, type=POWLAW -> ./input/random_graphs/graph_1600_64000_POWLAW_199422815561151340.txt (Time: 0.02s)
✓ Generated graph n=1600, m=64000, seed=5108599054664628607, type=POWLAW -> ./input/random_graphs/graph_1600_64000_POWLAW_5108599054664628607.txt (Time: 0.02s)
✓ Generated graph n=1600, m=64000, seed=175493991617213850, type=POWLAW -> ./input/random_graphs/graph_1600_64000_POWLAW_175493991617213850.txt (Time: 0.02s)
✓ Generated graph n=1600, m=64000, seed=6764066939395682287, type=POWLAW -> ./input/random_graphs/graph_1600_64000_POWLAW_6764066939395682287.txt (Time: 0.02s)
✓ Generated graph n=1600, m=64000, seed=9130666990809746335, type=POWLAW -> ./input/random_graphs/graph_1600_64000_POWLAW_9130666990809746335.txt (Time: 0.02s)
✓ Generated graph n=1600, m=64000, seed=9060210648189963449, type=POWLAW -> ./input/random_graphs/graph_1600_64000_POWLAW_9060210648189963449.txt (Time: 0.02s)
✓ Generated graph n=1600, m=64000, seed=8794274795737982182, type=POWLAW -> ./input/random_graphs/graph_1600_64000_POWLAW_8794274795737982182.txt (Time: 0.02s)
✓ Generated graph n=1600, m=64000, seed=7644420139408884785, type=POWLAW -> ./input/random_graphs/graph_1600_64000_POWLAW_7644420139408884785.txt (Time: 0.02s)
✓ Generated graph n=1600, m=64000, seed=4250897495980125004, type=POWLAW -> ./input/random_graphs/graph_1600_64000_POWLAW_4250897495980125004.txt (Time: 0.02s)
✓ Generated graph n=1600, m=64000, seed=1392892770529522614, type=POWLAW -> ./input/random_graphs/graph_1600_64000_POWLAW_1392892770529522614.txt (Time: 0.02s)
✓ Generated graph n=1600, m=64000, seed=1458186392400727732, type=POWLAW -> ./input/random_graphs/graph_1600_64000_POWLAW_1458186392400727732.txt (Time: 0.02s)
✓ Generated graph n=1600, m=64000, seed=2089506265998900862, type=POWLAW -> ./input/random_graphs/graph_1600_64000_POWLAW_2089506265998900862.txt (Time: 0.02s)
✓ Generated graph n=1600, m=64000, seed=5497874167834979553, type=POWLAW -> ./input/random_graphs/graph_1600_64000_POWLAW_5497874167834979553.txt (Time: 0.02s)
✓ Generated graph n=1600, m=64000, seed=1332005502874566195, type=POWLAW -> ./input/random_graphs/graph_1600_64000_POWLAW_1332005502874566195.txt (Time: 0.02s)
✓ Generated graph n=1600, m=64000, seed=4060584409398689268, type=POWLAW -> ./input/random_graphs/graph_1600_64000_POWLAW_4060584409398689268.txt (Time: 0.02s)
✓ Generated graph n=1600, m=64000, seed=1722224698700348310, type=POWLAW -> ./input/random_graphs/graph_1600_64000_POWLAW_1722224698700348310.txt (Time: 0.02s)
✓ Generated graph n=1600, m=64000, seed=7905487461282246979, type=POWLAW -> ./input/random_graphs/graph_1600_64000_POWLAW_7905487461282246979.txt (Time: 0.02s)
✓ Generated graph n=1600, m=64000, seed=8626102704817790064, type=POWLAW -> ./input/random_graphs/graph_1600_64000_POWLAW_8626102704817790064.txt (Time: 0.02s)
✓ Generated graph n=1600, m=64000, seed=8448596294177070022, type=POWLAW -> ./input/random_graphs/graph_1600_64000_POWLAW_8448596294177070022.txt (Time: 0.02s)
✓ Generated graph n=1600, m=64000, seed=4795749165124911768, type=POWLAW -> ./input/random_graphs/graph_1600_64000_POWLAW_4795749165124911768.txt (Time: 0.02s)
✓ Generated graph n=1600, m=64000, seed=1992204328026194281, type=POWLAW -> ./input/random_graphs/graph_1600_64000_POWLAW_1992204328026194281.txt (Time: 0.02s)
✓ Generated graph n=1600, m=64000, seed=4934890601268679176, type=POWLAW -> ./input/random_graphs/graph_1600_64000_POWLAW_4934890601268679176.txt (Time: 0.02s)
✓ Generated graph n=1600, m=64000, seed=7118744415197196276, type=POWLAW -> ./input/random_graphs/graph_1600_64000_POWLAW_7118744415197196276.txt (Time: 0.02s)
✓ Generated graph n=1600, m=64000, seed=8867616339855336876, type=POWLAW -> ./input/random_graphs/graph_1600_64000_POWLAW_8867616339855336876.txt (Time: 0.02s)
✓ Generated graph n=1600, m=64000, seed=2718103348384927511, type=POWLAW -> ./input/random_graphs/graph_1600_64000_POWLAW_2718103348384927511.txt (Time: 0.02s)
✓ Generated graph n=1600, m=64000, seed=7449662661572224354, type=POWLAW -> ./input/random_graphs/graph_1600_64000_POWLAW_7449662661572224354.txt (Time: 0.02s)
✓ Generated graph n=1600, m=64000, seed=9059990922233379852, type=POWLAW -> ./input/random_graphs/graph_1600_64000_POWLAW_9059990922233379852.txt (Time: 0.02s)
✓ Generated graph n=1600, m=64000, seed=3221421291694197220, type=POWLAW -> ./input/random_graphs/graph_1600_64000_POWLAW_3221421291694197220.txt (Time: 0.02s)
✓ Generated graph n=1600, m=64000, seed=5894893360759659423, type=POWLAW -> ./input/random_graphs/graph_1600_64000_POWLAW_5894893360759659423.txt (Time: 0.02s)
✓ Generated graph n=1600, m=64000, seed=7983805977214098674, type=POWLAW -> ./input/random_graphs/graph_1600_64000_POWLAW_7983805977214098674.txt (Time: 0.02s)
✓ Generated graph n=1600, m=64000, seed=4940913311242578590, type=POWLAW -> ./input/random_graphs/graph_1600_64000_POWLAW_4940913311242578590.txt (Time: 0.02s)
✓ Generated graph n=1600, m=64000, seed=2264398621601381987, type=POWLAW -> ./input/random_graphs/graph_1600_64000_POWLAW_2264398621601381987.txt (Time: 0.02s)
✓ Generated graph n=1600, m=64000, seed=7632458674696225362, type=POWLAW -> ./input/random_graphs/graph_1600_64000_POWLAW_7632458674696225362.txt (Time: 0.02s)
✓ Generated graph n=1800, m=76367, seed=7871178979383552919, type=POWLAW -> ./input/random_graphs/graph_1800_76367_POWLAW_7871178979383552919.txt (Time: 0.02s)
✓ Generated graph n=1800, m=76367, seed=6230961512046992311, type=POWLAW -> ./input/random_graphs/graph_1800_76367_POWLAW_6230961512046992311.txt (Time: 0.02s)
✓ Generated graph n=1800, m=76367, seed=5739955973604961613, type=POWLAW -> ./input/random_graphs/graph_1800_76367_POWLAW_5739955973604961613.txt (Time: 0.02s)
✓ Generated graph n=1800, m=76367, seed=3881801951614183357, type=POWLAW -> ./input/random_graphs/graph_1800_76367_POWLAW_3881801951614183357.txt (Time: 0.02s)
✓ Generated graph n=1800, m=76367, seed=7032710160631691991, type=POWLAW -> ./input/random_graphs/graph_1800_76367_POWLAW_7032710160631691991.txt (Time: 0.02s)
✓ Generated graph n=1800, m=76367, seed=1353182403971399009, type=POWLAW -> ./input/random_graphs/graph_1800_76367_POWLAW_1353182403971399009.txt (Time: 0.02s)
✓ Generated graph n=1800, m=76367, seed=6522163754831416203, type=POWLAW -> ./input/random_graphs/graph_1800_76367_POWLAW_6522163754831416203.txt (Time: 0.02s)
✓ Generated graph n=1800, m=76367, seed=7599700178212337699, type=POWLAW -> ./input/random_graphs/graph_1800_76367_POWLAW_7599700178212337699.txt (Time: 0.02s)
✓ Generated graph n=1800, m=76367, seed=6938562734920028532, type=POWLAW -> ./input/random_graphs/graph_1800_76367_POWLAW_6938562734920028532.txt (Time: 0.02s)
✓ Generated graph n=1800, m=76367, seed=1070244953599069350, type=POWLAW -> ./input/random_graphs/graph_1800_76367_POWLAW_1070244953599069350.txt (Time: 0.02s)
✓ Generated graph n=1800, m=76367, seed=4040737767143389431, type=POWLAW -> ./input/random_graphs/graph_1800_76367_POWLAW_4040737767143389431.txt (Time: 0.02s)
✓ Generated graph n=1800, m=76367, seed=1250005700364523649, type=POWLAW -> ./input/random_graphs/graph_1800_76367_POWLAW_1250005700364523649.txt (Time: 0.02s)
✓ Generated graph n=1800, m=76367, seed=2429002973740178792, type=POWLAW -> ./input/random_graphs/graph_1800_76367_POWLAW_2429002973740178792.txt (Time: 0.02s)
✓ Generated graph n=1800, m=76367, seed=1250773459040295677, type=POWLAW -> ./input/random_graphs/graph_1800_76367_POWLAW_1250773459040295677.txt (Time: 0.02s)
✓ Generated graph n=1800, m=76367, seed=1309542850049879452, type=POWLAW -> ./input/random_graphs/graph_1800_76367_POWLAW_1309542850049879452.txt (Time: 0.02s)
✓ Generated graph n=1800, m=76367, seed=5906957480796939447, type=POWLAW -> ./input/random_graphs/graph_1800_76367_POWLAW_5906957480796939447.txt (Time: 0.02s)
✓ Generated graph n=1800, m=76367, seed=320375091487821987, type=POWLAW -> ./input/random_graphs/graph_1800_76367_POWLAW_320375091487821987.txt (Time: 0.02s)
✓ Generated graph n=1800, m=76367, seed=7146860528564146064, type=POWLAW -> ./input/random_graphs/graph_1800_76367_POWLAW_7146860528564146064.txt (Time: 0.02s)
✓ Generated graph n=1800, m=76367, seed=7663871783842725848, type=POWLAW -> ./input/random_graphs/graph_1800_76367_POWLAW_7663871783842725848.txt (Time: 0.02s)
✓ Generated graph n=1800, m=76367, seed=3438400432146115956, type=POWLAW -> ./input/random_graphs/graph_1800_76367_POWLAW_3438400432146115956.txt (Time: 0.02s)
✓ Generated graph n=1800, m=76367, seed=7473196763798409428, type=POWLAW -> ./input/random_graphs/graph_1800_76367_POWLAW_7473196763798409428.txt (Time: 0.02s)
✓ Generated graph n=1800, m=76367, seed=5139481885857321791, type=POWLAW -> ./input/random_graphs/graph_1800_76367_POWLAW_5139481885857321791.txt (Time: 0.02s)
✓ Generated graph n=1800, m=76367, seed=5142811650494845597, type=POWLAW -> ./input/random_graphs/graph_1800_76367_POWLAW_5142811650494845597.txt (Time: 0.02s)
✓ Generated graph n=1800, m=76367, seed=3010622984418968408, type=POWLAW -> ./input/random_graphs/graph_1800_76367_POWLAW_3010622984418968408.txt (Time: 0.02s)
✓ Generated graph n=1800, m=76367, seed=6002685213311538187, type=POWLAW -> ./input/random_graphs/graph_1800_76367_POWLAW_6002685213311538187.txt (Time: 0.02s)
✓ Generated graph n=1800, m=76367, seed=5708372698381010775, type=POWLAW -> ./input/random_graphs/graph_1800_76367_POWLAW_5708372698381010775.txt (Time: 0.02s)
✓ Generated graph n=1800, m=76367, seed=521787134863155063, type=POWLAW -> ./input/random_graphs/graph_1800_76367_POWLAW_521787134863155063.txt (Time: 0.02s)
✓ Generated graph n=1800, m=76367, seed=1853590723603270879, type=POWLAW -> ./input/random_graphs/graph_1800_76367_POWLAW_1853590723603270879.txt (Time: 0.02s)
✓ Generated graph n=1800, m=76367, seed=7029781962072644698, type=POWLAW -> ./input/random_graphs/graph_1800_76367_POWLAW_7029781962072644698.txt (Time: 0.02s)
✓ Generated graph n=1800, m=76367, seed=1731523882129807996, type=POWLAW -> ./input/random_graphs/graph_1800_76367_POWLAW_1731523882129807996.txt (Time: 0.02s)
✓ Generated graph n=1800, m=76367, seed=1024517563182776983, type=POWLAW -> ./input/random_graphs/graph_1800_76367_POWLAW_1024517563182776983.txt (Time: 0.02s)
✓ Generated graph n=1800, m=76367, seed=6785030173969523435, type=POWLAW -> ./input/random_graphs/graph_1800_76367_POWLAW_6785030173969523435.txt (Time: 0.02s)
✓ Generated graph n=1800, m=76367, seed=5529616217668449934, type=POWLAW -> ./input/random_graphs/graph_1800_76367_POWLAW_5529616217668449934.txt (Time: 0.02s)
✓ Generated graph n=1800, m=76367, seed=3224265581699847191, type=POWLAW -> ./input/random_graphs/graph_1800_76367_POWLAW_3224265581699847191.txt (Time: 0.02s)
✓ Generated graph n=1800, m=76367, seed=1647170069535670909, type=POWLAW -> ./input/random_graphs/graph_1800_76367_POWLAW_1647170069535670909.txt (Time: 0.02s)
✓ Generated graph n=1800, m=76367, seed=4122784633514911760, type=POWLAW -> ./input/random_graphs/graph_1800_76367_POWLAW_4122784633514911760.txt (Time: 0.02s)
✓ Generated graph n=1800, m=76367, seed=5258051056098597521, type=POWLAW -> ./input/random_graphs/graph_1800_76367_POWLAW_5258051056098597521.txt (Time: 0.02s)
✓ Generated graph n=1800, m=76367, seed=824387247617288499, type=POWLAW -> ./input/random_graphs/graph_1800_76367_POWLAW_824387247617288499.txt (Time: 0.02s)
✓ Generated graph n=1800, m=76367, seed=7706236040662210848, type=POWLAW -> ./input/random_graphs/graph_1800_76367_POWLAW_7706236040662210848.txt (Time: 0.02s)
✓ Generated graph n=1800, m=76367, seed=1632192924771168275, type=POWLAW -> ./input/random_graphs/graph_1800_76367_POWLAW_1632192924771168275.txt (Time: 0.02s)
✓ Generated graph n=1800, m=76367, seed=7161906730445628483, type=POWLAW -> ./input/random_graphs/graph_1800_76367_POWLAW_7161906730445628483.txt (Time: 0.02s)
✓ Generated graph n=1800, m=76367, seed=6802378520969450157, type=POWLAW -> ./input/random_graphs/graph_1800_76367_POWLAW_6802378520969450157.txt (Time: 0.02s)
✓ Generated graph n=1800, m=76367, seed=4552998297316576788, type=POWLAW -> ./input/random_graphs/graph_1800_76367_POWLAW_4552998297316576788.txt (Time: 0.02s)
✓ Generated graph n=1800, m=76367, seed=8031431416522537101, type=POWLAW -> ./input/random_graphs/graph_1800_76367_POWLAW_8031431416522537101.txt (Time: 0.02s)
✓ Generated graph n=1800, m=76367, seed=6143643868734370809, type=POWLAW -> ./input/random_graphs/graph_1800_76367_POWLAW_6143643868734370809.txt (Time: 0.02s)
✓ Generated graph n=1800, m=76367, seed=3272308573967577038, type=POWLAW -> ./input/random_graphs/graph_1800_76367_POWLAW_3272308573967577038.txt (Time: 0.02s)
✓ Generated graph n=1800, m=76367, seed=5636411189175451024, type=POWLAW -> ./input/random_graphs/graph_1800_76367_POWLAW_5636411189175451024.txt (Time: 0.02s)
✓ Generated graph n=1800, m=76367, seed=6614505080519948832, type=POWLAW -> ./input/random_graphs/graph_1800_76367_POWLAW_6614505080519948832.txt (Time: 0.02s)
✓ Generated graph n=1800, m=76367, seed=7938560551762094560, type=POWLAW -> ./input/random_graphs/graph_1800_76367_POWLAW_7938560551762094560.txt (Time: 0.02s)
✓ Generated graph n=1800, m=76367, seed=7917045922527545890, type=POWLAW -> ./input/random_graphs/graph_1800_76367_POWLAW_7917045922527545890.txt (Time: 0.02s)
✓ Generated graph n=1800, m=76367, seed=3865339568260874865, type=POWLAW -> ./input/random_graphs/graph_1800_76367_POWLAW_3865339568260874865.txt (Time: 0.02s)
✓ Generated graph n=1800, m=76367, seed=5349491008325879064, type=POWLAW -> ./input/random_graphs/graph_1800_76367_POWLAW_5349491008325879064.txt (Time: 0.02s)
✓ Generated graph n=1800, m=76367, seed=4445925461710302877, type=POWLAW -> ./input/random_graphs/graph_1800_76367_POWLAW_4445925461710302877.txt (Time: 0.02s)
✓ Generated graph n=1800, m=76367, seed=7921282862123281598, type=POWLAW -> ./input/random_graphs/graph_1800_76367_POWLAW_7921282862123281598.txt (Time: 0.02s)
✓ Generated graph n=1800, m=76367, seed=716820155901718944, type=POWLAW -> ./input/random_graphs/graph_1800_76367_POWLAW_716820155901718944.txt (Time: 0.02s)
✓ Generated graph n=1800, m=76367, seed=1128313391724783137, type=POWLAW -> ./input/random_graphs/graph_1800_76367_POWLAW_1128313391724783137.txt (Time: 0.02s)
✓ Generated graph n=1800, m=76367, seed=6224222471595207695, type=POWLAW -> ./input/random_graphs/graph_1800_76367_POWLAW_6224222471595207695.txt (Time: 0.02s)
✓ Generated graph n=1800, m=76367, seed=8718380604043999642, type=POWLAW -> ./input/random_graphs/graph_1800_76367_POWLAW_8718380604043999642.txt (Time: 0.02s)
✓ Generated graph n=1800, m=76367, seed=5063475852268941542, type=POWLAW -> ./input/random_graphs/graph_1800_76367_POWLAW_5063475852268941542.txt (Time: 0.02s)
✓ Generated graph n=1800, m=76367, seed=4997514996153925447, type=POWLAW -> ./input/random_graphs/graph_1800_76367_POWLAW_4997514996153925447.txt (Time: 0.02s)
✓ Generated graph n=1800, m=76367, seed=8446481348147407377, type=POWLAW -> ./input/random_graphs/graph_1800_76367_POWLAW_8446481348147407377.txt (Time: 0.02s)
✓ Generated graph n=1800, m=76367, seed=3817405844514670994, type=POWLAW -> ./input/random_graphs/graph_1800_76367_POWLAW_3817405844514670994.txt (Time: 0.02s)
✓ Generated graph n=1800, m=76367, seed=6529943913552561417, type=POWLAW -> ./input/random_graphs/graph_1800_76367_POWLAW_6529943913552561417.txt (Time: 0.02s)
✓ Generated graph n=1800, m=76367, seed=2909934787168262407, type=POWLAW -> ./input/random_graphs/graph_1800_76367_POWLAW_2909934787168262407.txt (Time: 0.02s)
✓ Generated graph n=1800, m=76367, seed=1170385908854608748, type=POWLAW -> ./input/random_graphs/graph_1800_76367_POWLAW_1170385908854608748.txt (Time: 0.02s)
✓ Generated graph n=1800, m=76367, seed=6022436717541034636, type=POWLAW -> ./input/random_graphs/graph_1800_76367_POWLAW_6022436717541034636.txt (Time: 0.02s)
✓ Generated graph n=1800, m=76367, seed=3713827327871807734, type=POWLAW -> ./input/random_graphs/graph_1800_76367_POWLAW_3713827327871807734.txt (Time: 0.02s)
✓ Generated graph n=1800, m=76367, seed=175493991617213850, type=POWLAW -> ./input/random_graphs/graph_1800_76367_POWLAW_175493991617213850.txt (Time: 0.02s)
✓ Generated graph n=1800, m=76367, seed=199422815561151340, type=POWLAW -> ./input/random_graphs/graph_1800_76367_POWLAW_199422815561151340.txt (Time: 0.02s)
✓ Generated graph n=1800, m=76367, seed=6764066939395682287, type=POWLAW -> ./input/random_graphs/graph_1800_76367_POWLAW_6764066939395682287.txt (Time: 0.02s)
✓ Generated graph n=1800, m=76367, seed=5108599054664628607, type=POWLAW -> ./input/random_graphs/graph_1800_76367_POWLAW_5108599054664628607.txt (Time: 0.02s)
✓ Generated graph n=1800, m=76367, seed=7644420139408884785, type=POWLAW -> ./input/random_graphs/graph_1800_76367_POWLAW_7644420139408884785.txt (Time: 0.02s)
✓ Generated graph n=1800, m=76367, seed=9130666990809746335, type=POWLAW -> ./input/random_graphs/graph_1800_76367_POWLAW_9130666990809746335.txt (Time: 0.02s)
✓ Generated graph n=1800, m=76367, seed=1392892770529522614, type=POWLAW -> ./input/random_graphs/graph_1800_76367_POWLAW_1392892770529522614.txt (Time: 0.02s)
✓ Generated graph n=1800, m=76367, seed=4250897495980125004, type=POWLAW -> ./input/random_graphs/graph_1800_76367_POWLAW_4250897495980125004.txt (Time: 0.02s)
✓ Generated graph n=1800, m=76367, seed=1458186392400727732, type=POWLAW -> ./input/random_graphs/graph_1800_76367_POWLAW_1458186392400727732.txt (Time: 0.02s)
✓ Generated graph n=1800, m=76367, seed=9060210648189963449, type=POWLAW -> ./input/random_graphs/graph_1800_76367_POWLAW_9060210648189963449.txt (Time: 0.02s)
✓ Generated graph n=1800, m=76367, seed=8794274795737982182, type=POWLAW -> ./input/random_graphs/graph_1800_76367_POWLAW_8794274795737982182.txt (Time: 0.02s)
✓ Generated graph n=1800, m=76367, seed=2089506265998900862, type=POWLAW -> ./input/random_graphs/graph_1800_76367_POWLAW_2089506265998900862.txt (Time: 0.02s)
✓ Generated graph n=1800, m=76367, seed=5497874167834979553, type=POWLAW -> ./input/random_graphs/graph_1800_76367_POWLAW_5497874167834979553.txt (Time: 0.02s)
✓ Generated graph n=1800, m=76367, seed=4060584409398689268, type=POWLAW -> ./input/random_graphs/graph_1800_76367_POWLAW_4060584409398689268.txt (Time: 0.02s)
✓ Generated graph n=1800, m=76367, seed=1332005502874566195, type=POWLAW -> ./input/random_graphs/graph_1800_76367_POWLAW_1332005502874566195.txt (Time: 0.02s)
✓ Generated graph n=1800, m=76367, seed=1722224698700348310, type=POWLAW -> ./input/random_graphs/graph_1800_76367_POWLAW_1722224698700348310.txt (Time: 0.02s)
✓ Generated graph n=1800, m=76367, seed=8626102704817790064, type=POWLAW -> ./input/random_graphs/graph_1800_76367_POWLAW_8626102704817790064.txt (Time: 0.02s)
✓ Generated graph n=1800, m=76367, seed=7905487461282246979, type=POWLAW -> ./input/random_graphs/graph_1800_76367_POWLAW_7905487461282246979.txt (Time: 0.02s)
✓ Generated graph n=1800, m=76367, seed=8448596294177070022, type=POWLAW -> ./input/random_graphs/graph_1800_76367_POWLAW_8448596294177070022.txt (Time: 0.02s)
✓ Generated graph n=1800, m=76367, seed=4934890601268679176, type=POWLAW -> ./input/random_graphs/graph_1800_76367_POWLAW_4934890601268679176.txt (Time: 0.02s)
✓ Generated graph n=1800, m=76367, seed=4795749165124911768, type=POWLAW -> ./input/random_graphs/graph_1800_76367_POWLAW_4795749165124911768.txt (Time: 0.02s)
✓ Generated graph n=1800, m=76367, seed=9059990922233379852, type=POWLAW -> ./input/random_graphs/graph_1800_76367_POWLAW_9059990922233379852.txt (Time: 0.02s)
✓ Generated graph n=1800, m=76367, seed=1992204328026194281, type=POWLAW -> ./input/random_graphs/graph_1800_76367_POWLAW_1992204328026194281.txt (Time: 0.02s)
✓ Generated graph n=1800, m=76367, seed=2718103348384927511, type=POWLAW -> ./input/random_graphs/graph_1800_76367_POWLAW_2718103348384927511.txt (Time: 0.02s)
✓ Generated graph n=1800, m=76367, seed=7118744415197196276, type=POWLAW -> ./input/random_graphs/graph_1800_76367_POWLAW_7118744415197196276.txt (Time: 0.02s)
✓ Generated graph n=1800, m=76367, seed=7449662661572224354, type=POWLAW -> ./input/random_graphs/graph_1800_76367_POWLAW_7449662661572224354.txt (Time: 0.02s)
✓ Generated graph n=1800, m=76367, seed=5894893360759659423, type=POWLAW -> ./input/random_graphs/graph_1800_76367_POWLAW_5894893360759659423.txt (Time: 0.02s)
✓ Generated graph n=1800, m=76367, seed=3221421291694197220, type=POWLAW -> ./input/random_graphs/graph_1800_76367_POWLAW_3221421291694197220.txt (Time: 0.02s)
✓ Generated graph n=1800, m=76367, seed=8867616339855336876, type=POWLAW -> ./input/random_graphs/graph_1800_76367_POWLAW_8867616339855336876.txt (Time: 0.02s)
✓ Generated graph n=1800, m=76367, seed=7983805977214098674, type=POWLAW -> ./input/random_graphs/graph_1800_76367_POWLAW_7983805977214098674.txt (Time: 0.02s)
✓ Generated graph n=1800, m=76367, seed=2264398621601381987, type=POWLAW -> ./input/random_graphs/graph_1800_76367_POWLAW_2264398621601381987.txt (Time: 0.02s)
✓ Generated graph n=1800, m=76367, seed=4940913311242578590, type=POWLAW -> ./input/random_graphs/graph_1800_76367_POWLAW_4940913311242578590.txt (Time: 0.02s)
✓ Generated graph n=1800, m=76367, seed=7632458674696225362, type=POWLAW -> ./input/random_graphs/graph_1800_76367_POWLAW_7632458674696225362.txt (Time: 0.02s)
✓ Generated graph n=2000, m=89442, seed=7871178979383552919, type=POWLAW -> ./input/random_graphs/graph_2000_89442_POWLAW_7871178979383552919.txt (Time: 0.02s)
✓ Generated graph n=2000, m=89442, seed=6230961512046992311, type=POWLAW -> ./input/random_graphs/graph_2000_89442_POWLAW_6230961512046992311.txt (Time: 0.02s)
✓ Generated graph n=2000, m=89442, seed=5739955973604961613, type=POWLAW -> ./input/random_graphs/graph_2000_89442_POWLAW_5739955973604961613.txt (Time: 0.02s)
✓ Generated graph n=2000, m=89442, seed=3881801951614183357, type=POWLAW -> ./input/random_graphs/graph_2000_89442_POWLAW_3881801951614183357.txt (Time: 0.02s)
✓ Generated graph n=2000, m=89442, seed=7032710160631691991, type=POWLAW -> ./input/random_graphs/graph_2000_89442_POWLAW_7032710160631691991.txt (Time: 0.02s)
✓ Generated graph n=2000, m=89442, seed=1070244953599069350, type=POWLAW -> ./input/random_graphs/graph_2000_89442_POWLAW_1070244953599069350.txt (Time: 0.02s)
✓ Generated graph n=2000, m=89442, seed=6522163754831416203, type=POWLAW -> ./input/random_graphs/graph_2000_89442_POWLAW_6522163754831416203.txt (Time: 0.02s)
✓ Generated graph n=2000, m=89442, seed=6938562734920028532, type=POWLAW -> ./input/random_graphs/graph_2000_89442_POWLAW_6938562734920028532.txt (Time: 0.02s)
✓ Generated graph n=2000, m=89442, seed=7599700178212337699, type=POWLAW -> ./input/random_graphs/graph_2000_89442_POWLAW_7599700178212337699.txt (Time: 0.02s)
✓ Generated graph n=2000, m=89442, seed=4040737767143389431, type=POWLAW -> ./input/random_graphs/graph_2000_89442_POWLAW_4040737767143389431.txt (Time: 0.02s)
✓ Generated graph n=2000, m=89442, seed=1353182403971399009, type=POWLAW -> ./input/random_graphs/graph_2000_89442_POWLAW_1353182403971399009.txt (Time: 0.02s)
✓ Generated graph n=2000, m=89442, seed=1250005700364523649, type=POWLAW -> ./input/random_graphs/graph_2000_89442_POWLAW_1250005700364523649.txt (Time: 0.02s)
✓ Generated graph n=2000, m=89442, seed=1309542850049879452, type=POWLAW -> ./input/random_graphs/graph_2000_89442_POWLAW_1309542850049879452.txt (Time: 0.02s)
✓ Generated graph n=2000, m=89442, seed=2429002973740178792, type=POWLAW -> ./input/random_graphs/graph_2000_89442_POWLAW_2429002973740178792.txt (Time: 0.02s)
✓ Generated graph n=2000, m=89442, seed=7663871783842725848, type=POWLAW -> ./input/random_graphs/graph_2000_89442_POWLAW_7663871783842725848.txt (Time: 0.02s)
✓ Generated graph n=2000, m=89442, seed=5906957480796939447, type=POWLAW -> ./input/random_graphs/graph_2000_89442_POWLAW_5906957480796939447.txt (Time: 0.02s)
✓ Generated graph n=2000, m=89442, seed=320375091487821987, type=POWLAW -> ./input/random_graphs/graph_2000_89442_POWLAW_320375091487821987.txt (Time: 0.02s)
✓ Generated graph n=2000, m=89442, seed=1250773459040295677, type=POWLAW -> ./input/random_graphs/graph_2000_89442_POWLAW_1250773459040295677.txt (Time: 0.02s)
✓ Generated graph n=2000, m=89442, seed=3438400432146115956, type=POWLAW -> ./input/random_graphs/graph_2000_89442_POWLAW_3438400432146115956.txt (Time: 0.02s)
✓ Generated graph n=2000, m=89442, seed=7146860528564146064, type=POWLAW -> ./input/random_graphs/graph_2000_89442_POWLAW_7146860528564146064.txt (Time: 0.02s)
✓ Generated graph n=2000, m=89442, seed=5139481885857321791, type=POWLAW -> ./input/random_graphs/graph_2000_89442_POWLAW_5139481885857321791.txt (Time: 0.02s)
✓ Generated graph n=2000, m=89442, seed=7473196763798409428, type=POWLAW -> ./input/random_graphs/graph_2000_89442_POWLAW_7473196763798409428.txt (Time: 0.02s)
✓ Generated graph n=2000, m=89442, seed=5142811650494845597, type=POWLAW -> ./input/random_graphs/graph_2000_89442_POWLAW_5142811650494845597.txt (Time: 0.02s)
✓ Generated graph n=2000, m=89442, seed=3010622984418968408, type=POWLAW -> ./input/random_graphs/graph_2000_89442_POWLAW_3010622984418968408.txt (Time: 0.02s)
✓ Generated graph n=2000, m=89442, seed=6002685213311538187, type=POWLAW -> ./input/random_graphs/graph_2000_89442_POWLAW_6002685213311538187.txt (Time: 0.02s)
✓ Generated graph n=2000, m=89442, seed=5708372698381010775, type=POWLAW -> ./input/random_graphs/graph_2000_89442_POWLAW_5708372698381010775.txt (Time: 0.02s)
✓ Generated graph n=2000, m=89442, seed=521787134863155063, type=POWLAW -> ./input/random_graphs/graph_2000_89442_POWLAW_521787134863155063.txt (Time: 0.02s)
✓ Generated graph n=2000, m=89442, seed=1853590723603270879, type=POWLAW -> ./input/random_graphs/graph_2000_89442_POWLAW_1853590723603270879.txt (Time: 0.02s)
✓ Generated graph n=2000, m=89442, seed=6785030173969523435, type=POWLAW -> ./input/random_graphs/graph_2000_89442_POWLAW_6785030173969523435.txt (Time: 0.02s)
✓ Generated graph n=2000, m=89442, seed=7029781962072644698, type=POWLAW -> ./input/random_graphs/graph_2000_89442_POWLAW_7029781962072644698.txt (Time: 0.02s)
✓ Generated graph n=2000, m=89442, seed=1731523882129807996, type=POWLAW -> ./input/random_graphs/graph_2000_89442_POWLAW_1731523882129807996.txt (Time: 0.02s)
✓ Generated graph n=2000, m=89442, seed=3224265581699847191, type=POWLAW -> ./input/random_graphs/graph_2000_89442_POWLAW_3224265581699847191.txt (Time: 0.02s)
✓ Generated graph n=2000, m=89442, seed=5529616217668449934, type=POWLAW -> ./input/random_graphs/graph_2000_89442_POWLAW_5529616217668449934.txt (Time: 0.02s)
✓ Generated graph n=2000, m=89442, seed=5258051056098597521, type=POWLAW -> ./input/random_graphs/graph_2000_89442_POWLAW_5258051056098597521.txt (Time: 0.02s)
✓ Generated graph n=2000, m=89442, seed=1647170069535670909, type=POWLAW -> ./input/random_graphs/graph_2000_89442_POWLAW_1647170069535670909.txt (Time: 0.02s)
✓ Generated graph n=2000, m=89442, seed=1024517563182776983, type=POWLAW -> ./input/random_graphs/graph_2000_89442_POWLAW_1024517563182776983.txt (Time: 0.02s)
✓ Generated graph n=2000, m=89442, seed=4122784633514911760, type=POWLAW -> ./input/random_graphs/graph_2000_89442_POWLAW_4122784633514911760.txt (Time: 0.02s)
✓ Generated graph n=2000, m=89442, seed=7706236040662210848, type=POWLAW -> ./input/random_graphs/graph_2000_89442_POWLAW_7706236040662210848.txt (Time: 0.02s)
✓ Generated graph n=2000, m=89442, seed=824387247617288499, type=POWLAW -> ./input/random_graphs/graph_2000_89442_POWLAW_824387247617288499.txt (Time: 0.02s)
✓ Generated graph n=2000, m=89442, seed=1632192924771168275, type=POWLAW -> ./input/random_graphs/graph_2000_89442_POWLAW_1632192924771168275.txt (Time: 0.02s)
✓ Generated graph n=2000, m=89442, seed=7161906730445628483, type=POWLAW -> ./input/random_graphs/graph_2000_89442_POWLAW_7161906730445628483.txt (Time: 0.02s)
✓ Generated graph n=2000, m=89442, seed=6802378520969450157, type=POWLAW -> ./input/random_graphs/graph_2000_89442_POWLAW_6802378520969450157.txt (Time: 0.02s)
✓ Generated graph n=2000, m=89442, seed=4552998297316576788, type=POWLAW -> ./input/random_graphs/graph_2000_89442_POWLAW_4552998297316576788.txt (Time: 0.02s)
✓ Generated graph n=2000, m=89442, seed=8031431416522537101, type=POWLAW -> ./input/random_graphs/graph_2000_89442_POWLAW_8031431416522537101.txt (Time: 0.02s)
✓ Generated graph n=2000, m=89442, seed=6143643868734370809, type=POWLAW -> ./input/random_graphs/graph_2000_89442_POWLAW_6143643868734370809.txt (Time: 0.02s)
✓ Generated graph n=2000, m=89442, seed=5636411189175451024, type=POWLAW -> ./input/random_graphs/graph_2000_89442_POWLAW_5636411189175451024.txt (Time: 0.02s)
✓ Generated graph n=2000, m=89442, seed=3272308573967577038, type=POWLAW -> ./input/random_graphs/graph_2000_89442_POWLAW_3272308573967577038.txt (Time: 0.02s)
✓ Generated graph n=2000, m=89442, seed=5349491008325879064, type=POWLAW -> ./input/random_graphs/graph_2000_89442_POWLAW_5349491008325879064.txt (Time: 0.02s)
✓ Generated graph n=2000, m=89442, seed=7938560551762094560, type=POWLAW -> ./input/random_graphs/graph_2000_89442_POWLAW_7938560551762094560.txt (Time: 0.02s)
✓ Generated graph n=2000, m=89442, seed=6614505080519948832, type=POWLAW -> ./input/random_graphs/graph_2000_89442_POWLAW_6614505080519948832.txt (Time: 0.02s)
✓ Generated graph n=2000, m=89442, seed=7917045922527545890, type=POWLAW -> ./input/random_graphs/graph_2000_89442_POWLAW_7917045922527545890.txt (Time: 0.02s)
✓ Generated graph n=2000, m=89442, seed=7921282862123281598, type=POWLAW -> ./input/random_graphs/graph_2000_89442_POWLAW_7921282862123281598.txt (Time: 0.02s)
✓ Generated graph n=2000, m=89442, seed=3865339568260874865, type=POWLAW -> ./input/random_graphs/graph_2000_89442_POWLAW_3865339568260874865.txt (Time: 0.02s)
✓ Generated graph n=2000, m=89442, seed=4445925461710302877, type=POWLAW -> ./input/random_graphs/graph_2000_89442_POWLAW_4445925461710302877.txt (Time: 0.02s)
✓ Generated graph n=2000, m=89442, seed=6224222471595207695, type=POWLAW -> ./input/random_graphs/graph_2000_89442_POWLAW_6224222471595207695.txt (Time: 0.02s)
✓ Generated graph n=2000, m=89442, seed=716820155901718944, type=POWLAW -> ./input/random_graphs/graph_2000_89442_POWLAW_716820155901718944.txt (Time: 0.02s)
✓ Generated graph n=2000, m=89442, seed=1128313391724783137, type=POWLAW -> ./input/random_graphs/graph_2000_89442_POWLAW_1128313391724783137.txt (Time: 0.02s)
✓ Generated graph n=2000, m=89442, seed=8718380604043999642, type=POWLAW -> ./input/random_graphs/graph_2000_89442_POWLAW_8718380604043999642.txt (Time: 0.02s)
✓ Generated graph n=2000, m=89442, seed=5063475852268941542, type=POWLAW -> ./input/random_graphs/graph_2000_89442_POWLAW_5063475852268941542.txt (Time: 0.02s)
✓ Generated graph n=2000, m=89442, seed=4997514996153925447, type=POWLAW -> ./input/random_graphs/graph_2000_89442_POWLAW_4997514996153925447.txt (Time: 0.02s)
✓ Generated graph n=2000, m=89442, seed=3817405844514670994, type=POWLAW -> ./input/random_graphs/graph_2000_89442_POWLAW_3817405844514670994.txt (Time: 0.02s)
✓ Generated graph n=2000, m=89442, seed=8446481348147407377, type=POWLAW -> ./input/random_graphs/graph_2000_89442_POWLAW_8446481348147407377.txt (Time: 0.02s)
✓ Generated graph n=2000, m=89442, seed=6529943913552561417, type=POWLAW -> ./input/random_graphs/graph_2000_89442_POWLAW_6529943913552561417.txt (Time: 0.02s)
✓ Generated graph n=2000, m=89442, seed=2909934787168262407, type=POWLAW -> ./input/random_graphs/graph_2000_89442_POWLAW_2909934787168262407.txt (Time: 0.02s)
✓ Generated graph n=2000, m=89442, seed=1170385908854608748, type=POWLAW -> ./input/random_graphs/graph_2000_89442_POWLAW_1170385908854608748.txt (Time: 0.02s)
✓ Generated graph n=2000, m=89442, seed=199422815561151340, type=POWLAW -> ./input/random_graphs/graph_2000_89442_POWLAW_199422815561151340.txt (Time: 0.02s)
✓ Generated graph n=2000, m=89442, seed=6022436717541034636, type=POWLAW -> ./input/random_graphs/graph_2000_89442_POWLAW_6022436717541034636.txt (Time: 0.02s)
✓ Generated graph n=2000, m=89442, seed=3713827327871807734, type=POWLAW -> ./input/random_graphs/graph_2000_89442_POWLAW_3713827327871807734.txt (Time: 0.02s)
✓ Generated graph n=2000, m=89442, seed=5108599054664628607, type=POWLAW -> ./input/random_graphs/graph_2000_89442_POWLAW_5108599054664628607.txt (Time: 0.02s)
✓ Generated graph n=2000, m=89442, seed=175493991617213850, type=POWLAW -> ./input/random_graphs/graph_2000_89442_POWLAW_175493991617213850.txt (Time: 0.02s)
✓ Generated graph n=2000, m=89442, seed=7644420139408884785, type=POWLAW -> ./input/random_graphs/graph_2000_89442_POWLAW_7644420139408884785.txt (Time: 0.02s)
✓ Generated graph n=2000, m=89442, seed=6764066939395682287, type=POWLAW -> ./input/random_graphs/graph_2000_89442_POWLAW_6764066939395682287.txt (Time: 0.02s)
✓ Generated graph n=2000, m=89442, seed=9130666990809746335, type=POWLAW -> ./input/random_graphs/graph_2000_89442_POWLAW_9130666990809746335.txt (Time: 0.02s)
✓ Generated graph n=2000, m=89442, seed=1392892770529522614, type=POWLAW -> ./input/random_graphs/graph_2000_89442_POWLAW_1392892770529522614.txt (Time: 0.02s)
✓ Generated graph n=2000, m=89442, seed=1458186392400727732, type=POWLAW -> ./input/random_graphs/graph_2000_89442_POWLAW_1458186392400727732.txt (Time: 0.02s)
✓ Generated graph n=2000, m=89442, seed=8794274795737982182, type=POWLAW -> ./input/random_graphs/graph_2000_89442_POWLAW_8794274795737982182.txt (Time: 0.02s)
✓ Generated graph n=2000, m=89442, seed=9060210648189963449, type=POWLAW -> ./input/random_graphs/graph_2000_89442_POWLAW_9060210648189963449.txt (Time: 0.02s)
✓ Generated graph n=2000, m=89442, seed=4250897495980125004, type=POWLAW -> ./input/random_graphs/graph_2000_89442_POWLAW_4250897495980125004.txt (Time: 0.02s)
✓ Generated graph n=2000, m=89442, seed=2089506265998900862, type=POWLAW -> ./input/random_graphs/graph_2000_89442_POWLAW_2089506265998900862.txt (Time: 0.02s)
✓ Generated graph n=2000, m=89442, seed=5497874167834979553, type=POWLAW -> ./input/random_graphs/graph_2000_89442_POWLAW_5497874167834979553.txt (Time: 0.02s)
✓ Generated graph n=2000, m=89442, seed=1332005502874566195, type=POWLAW -> ./input/random_graphs/graph_2000_89442_POWLAW_1332005502874566195.txt (Time: 0.02s)
✓ Generated graph n=2000, m=89442, seed=4060584409398689268, type=POWLAW -> ./input/random_graphs/graph_2000_89442_POWLAW_4060584409398689268.txt (Time: 0.02s)
✓ Generated graph n=2000, m=89442, seed=1722224698700348310, type=POWLAW -> ./input/random_graphs/graph_2000_89442_POWLAW_1722224698700348310.txt (Time: 0.02s)
✓ Generated graph n=2000, m=89442, seed=8626102704817790064, type=POWLAW -> ./input/random_graphs/graph_2000_89442_POWLAW_8626102704817790064.txt (Time: 0.02s)
✓ Generated graph n=2000, m=89442, seed=7905487461282246979, type=POWLAW -> ./input/random_graphs/graph_2000_89442_POWLAW_7905487461282246979.txt (Time: 0.02s)
✓ Generated graph n=2000, m=89442, seed=4934890601268679176, type=POWLAW -> ./input/random_graphs/graph_2000_89442_POWLAW_4934890601268679176.txt (Time: 0.02s)
✓ Generated graph n=2000, m=89442, seed=8448596294177070022, type=POWLAW -> ./input/random_graphs/graph_2000_89442_POWLAW_8448596294177070022.txt (Time: 0.02s)
✓ Generated graph n=2000, m=89442, seed=4795749165124911768, type=POWLAW -> ./input/random_graphs/graph_2000_89442_POWLAW_4795749165124911768.txt (Time: 0.02s)
✓ Generated graph n=2000, m=89442, seed=1992204328026194281, type=POWLAW -> ./input/random_graphs/graph_2000_89442_POWLAW_1992204328026194281.txt (Time: 0.02s)
✓ Generated graph n=2000, m=89442, seed=2718103348384927511, type=POWLAW -> ./input/random_graphs/graph_2000_89442_POWLAW_2718103348384927511.txt (Time: 0.02s)
✓ Generated graph n=2000, m=89442, seed=7118744415197196276, type=POWLAW -> ./input/random_graphs/graph_2000_89442_POWLAW_7118744415197196276.txt (Time: 0.02s)
✓ Generated graph n=2000, m=89442, seed=3221421291694197220, type=POWLAW -> ./input/random_graphs/graph_2000_89442_POWLAW_3221421291694197220.txt (Time: 0.02s)
✓ Generated graph n=2000, m=89442, seed=9059990922233379852, type=POWLAW -> ./input/random_graphs/graph_2000_89442_POWLAW_9059990922233379852.txt (Time: 0.02s)
✓ Generated graph n=2000, m=89442, seed=7449662661572224354, type=POWLAW -> ./input/random_graphs/graph_2000_89442_POWLAW_7449662661572224354.txt (Time: 0.02s)
✓ Generated graph n=2000, m=89442, seed=8867616339855336876, type=POWLAW -> ./input/random_graphs/graph_2000_89442_POWLAW_8867616339855336876.txt (Time: 0.02s)
✓ Generated graph n=2000, m=89442, seed=4940913311242578590, type=POWLAW -> ./input/random_graphs/graph_2000_89442_POWLAW_4940913311242578590.txt (Time: 0.02s)
✓ Generated graph n=2000, m=89442, seed=5894893360759659423, type=POWLAW -> ./input/random_graphs/graph_2000_89442_POWLAW_5894893360759659423.txt (Time: 0.02s)
✓ Generated graph n=2000, m=89442, seed=7983805977214098674, type=POWLAW -> ./input/random_graphs/graph_2000_89442_POWLAW_7983805977214098674.txt (Time: 0.02s)
✓ Generated graph n=2000, m=89442, seed=7632458674696225362, type=POWLAW -> ./input/random_graphs/graph_2000_89442_POWLAW_7632458674696225362.txt (Time: 0.02s)
✓ Generated graph n=2000, m=89442, seed=2264398621601381987, type=POWLAW -> ./input/random_graphs/graph_2000_89442_POWLAW_2264398621601381987.txt (Time: 0.02s)
✓ Generated graph n=2500, m=125000, seed=6230961512046992311, type=POWLAW -> ./input/random_graphs/graph_2500_125000_POWLAW_6230961512046992311.txt (Time: 0.03s)
✓ Generated graph n=2500, m=125000, seed=7871178979383552919, type=POWLAW -> ./input/random_graphs/graph_2500_125000_POWLAW_7871178979383552919.txt (Time: 0.03s)
✓ Generated graph n=2500, m=125000, seed=5739955973604961613, type=POWLAW -> ./input/random_graphs/graph_2500_125000_POWLAW_5739955973604961613.txt (Time: 0.03s)
✓ Generated graph n=2500, m=125000, seed=3881801951614183357, type=POWLAW -> ./input/random_graphs/graph_2500_125000_POWLAW_3881801951614183357.txt (Time: 0.03s)
✓ Generated graph n=2500, m=125000, seed=7032710160631691991, type=POWLAW -> ./input/random_graphs/graph_2500_125000_POWLAW_7032710160631691991.txt (Time: 0.03s)
✓ Generated graph n=2500, m=125000, seed=7599700178212337699, type=POWLAW -> ./input/random_graphs/graph_2500_125000_POWLAW_7599700178212337699.txt (Time: 0.03s)
✓ Generated graph n=2500, m=125000, seed=1070244953599069350, type=POWLAW -> ./input/random_graphs/graph_2500_125000_POWLAW_1070244953599069350.txt (Time: 0.03s)
✓ Generated graph n=2500, m=125000, seed=1353182403971399009, type=POWLAW -> ./input/random_graphs/graph_2500_125000_POWLAW_1353182403971399009.txt (Time: 0.03s)
✓ Generated graph n=2500, m=125000, seed=6522163754831416203, type=POWLAW -> ./input/random_graphs/graph_2500_125000_POWLAW_6522163754831416203.txt (Time: 0.03s)
✓ Generated graph n=2500, m=125000, seed=6938562734920028532, type=POWLAW -> ./input/random_graphs/graph_2500_125000_POWLAW_6938562734920028532.txt (Time: 0.03s)
✓ Generated graph n=2500, m=125000, seed=1250005700364523649, type=POWLAW -> ./input/random_graphs/graph_2500_125000_POWLAW_1250005700364523649.txt (Time: 0.03s)
✓ Generated graph n=2500, m=125000, seed=7663871783842725848, type=POWLAW -> ./input/random_graphs/graph_2500_125000_POWLAW_7663871783842725848.txt (Time: 0.03s)
✓ Generated graph n=2500, m=125000, seed=2429002973740178792, type=POWLAW -> ./input/random_graphs/graph_2500_125000_POWLAW_2429002973740178792.txt (Time: 0.03s)
✓ Generated graph n=2500, m=125000, seed=1309542850049879452, type=POWLAW -> ./input/random_graphs/graph_2500_125000_POWLAW_1309542850049879452.txt (Time: 0.03s)
✓ Generated graph n=2500, m=125000, seed=4040737767143389431, type=POWLAW -> ./input/random_graphs/graph_2500_125000_POWLAW_4040737767143389431.txt (Time: 0.03s)
✓ Generated graph n=2500, m=125000, seed=320375091487821987, type=POWLAW -> ./input/random_graphs/graph_2500_125000_POWLAW_320375091487821987.txt (Time: 0.03s)
✓ Generated graph n=2500, m=125000, seed=5906957480796939447, type=POWLAW -> ./input/random_graphs/graph_2500_125000_POWLAW_5906957480796939447.txt (Time: 0.03s)
✓ Generated graph n=2500, m=125000, seed=1250773459040295677, type=POWLAW -> ./input/random_graphs/graph_2500_125000_POWLAW_1250773459040295677.txt (Time: 0.03s)
✓ Generated graph n=2500, m=125000, seed=3438400432146115956, type=POWLAW -> ./input/random_graphs/graph_2500_125000_POWLAW_3438400432146115956.txt (Time: 0.03s)
✓ Generated graph n=2500, m=125000, seed=7146860528564146064, type=POWLAW -> ./input/random_graphs/graph_2500_125000_POWLAW_7146860528564146064.txt (Time: 0.03s)
✓ Generated graph n=2500, m=125000, seed=7473196763798409428, type=POWLAW -> ./input/random_graphs/graph_2500_125000_POWLAW_7473196763798409428.txt (Time: 0.03s)
✓ Generated graph n=2500, m=125000, seed=5139481885857321791, type=POWLAW -> ./input/random_graphs/graph_2500_125000_POWLAW_5139481885857321791.txt (Time: 0.03s)
✓ Generated graph n=2500, m=125000, seed=5142811650494845597, type=POWLAW -> ./input/random_graphs/graph_2500_125000_POWLAW_5142811650494845597.txt (Time: 0.03s)
✓ Generated graph n=2500, m=125000, seed=3010622984418968408, type=POWLAW -> ./input/random_graphs/graph_2500_125000_POWLAW_3010622984418968408.txt (Time: 0.03s)
✓ Generated graph n=2500, m=125000, seed=6002685213311538187, type=POWLAW -> ./input/random_graphs/graph_2500_125000_POWLAW_6002685213311538187.txt (Time: 0.03s)
✓ Generated graph n=2500, m=125000, seed=1731523882129807996, type=POWLAW -> ./input/random_graphs/graph_2500_125000_POWLAW_1731523882129807996.txt (Time: 0.03s)
✓ Generated graph n=2500, m=125000, seed=5708372698381010775, type=POWLAW -> ./input/random_graphs/graph_2500_125000_POWLAW_5708372698381010775.txt (Time: 0.03s)
✓ Generated graph n=2500, m=125000, seed=7029781962072644698, type=POWLAW -> ./input/random_graphs/graph_2500_125000_POWLAW_7029781962072644698.txt (Time: 0.03s)
✓ Generated graph n=2500, m=125000, seed=521787134863155063, type=POWLAW -> ./input/random_graphs/graph_2500_125000_POWLAW_521787134863155063.txt (Time: 0.03s)
✓ Generated graph n=2500, m=125000, seed=1853590723603270879, type=POWLAW -> ./input/random_graphs/graph_2500_125000_POWLAW_1853590723603270879.txt (Time: 0.03s)
✓ Generated graph n=2500, m=125000, seed=6785030173969523435, type=POWLAW -> ./input/random_graphs/graph_2500_125000_POWLAW_6785030173969523435.txt (Time: 0.03s)
✓ Generated graph n=2500, m=125000, seed=5529616217668449934, type=POWLAW -> ./input/random_graphs/graph_2500_125000_POWLAW_5529616217668449934.txt (Time: 0.03s)
✓ Generated graph n=2500, m=125000, seed=1024517563182776983, type=POWLAW -> ./input/random_graphs/graph_2500_125000_POWLAW_1024517563182776983.txt (Time: 0.03s)
✓ Generated graph n=2500, m=125000, seed=3224265581699847191, type=POWLAW -> ./input/random_graphs/graph_2500_125000_POWLAW_3224265581699847191.txt (Time: 0.03s)
✓ Generated graph n=2500, m=125000, seed=5258051056098597521, type=POWLAW -> ./input/random_graphs/graph_2500_125000_POWLAW_5258051056098597521.txt (Time: 0.03s)
✓ Generated graph n=2500, m=125000, seed=4122784633514911760, type=POWLAW -> ./input/random_graphs/graph_2500_125000_POWLAW_4122784633514911760.txt (Time: 0.03s)
✓ Generated graph n=2500, m=125000, seed=1647170069535670909, type=POWLAW -> ./input/random_graphs/graph_2500_125000_POWLAW_1647170069535670909.txt (Time: 0.03s)
✓ Generated graph n=2500, m=125000, seed=7706236040662210848, type=POWLAW -> ./input/random_graphs/graph_2500_125000_POWLAW_7706236040662210848.txt (Time: 0.03s)
✓ Generated graph n=2500, m=125000, seed=824387247617288499, type=POWLAW -> ./input/random_graphs/graph_2500_125000_POWLAW_824387247617288499.txt (Time: 0.03s)
✓ Generated graph n=2500, m=125000, seed=1632192924771168275, type=POWLAW -> ./input/random_graphs/graph_2500_125000_POWLAW_1632192924771168275.txt (Time: 0.03s)
✓ Generated graph n=2500, m=125000, seed=7161906730445628483, type=POWLAW -> ./input/random_graphs/graph_2500_125000_POWLAW_7161906730445628483.txt (Time: 0.03s)
✓ Generated graph n=2500, m=125000, seed=6802378520969450157, type=POWLAW -> ./input/random_graphs/graph_2500_125000_POWLAW_6802378520969450157.txt (Time: 0.03s)
✓ Generated graph n=2500, m=125000, seed=4552998297316576788, type=POWLAW -> ./input/random_graphs/graph_2500_125000_POWLAW_4552998297316576788.txt (Time: 0.03s)
✓ Generated graph n=2500, m=125000, seed=8031431416522537101, type=POWLAW -> ./input/random_graphs/graph_2500_125000_POWLAW_8031431416522537101.txt (Time: 0.03s)
✓ Generated graph n=2500, m=125000, seed=6143643868734370809, type=POWLAW -> ./input/random_graphs/graph_2500_125000_POWLAW_6143643868734370809.txt (Time: 0.03s)
✓ Generated graph n=2500, m=125000, seed=3272308573967577038, type=POWLAW -> ./input/random_graphs/graph_2500_125000_POWLAW_3272308573967577038.txt (Time: 0.03s)
✓ Generated graph n=2500, m=125000, seed=6614505080519948832, type=POWLAW -> ./input/random_graphs/graph_2500_125000_POWLAW_6614505080519948832.txt (Time: 0.03s)
✓ Generated graph n=2500, m=125000, seed=5636411189175451024, type=POWLAW -> ./input/random_graphs/graph_2500_125000_POWLAW_5636411189175451024.txt (Time: 0.03s)
✓ Generated graph n=2500, m=125000, seed=5349491008325879064, type=POWLAW -> ./input/random_graphs/graph_2500_125000_POWLAW_5349491008325879064.txt (Time: 0.03s)
✓ Generated graph n=2500, m=125000, seed=7938560551762094560, type=POWLAW -> ./input/random_graphs/graph_2500_125000_POWLAW_7938560551762094560.txt (Time: 0.03s)
✓ Generated graph n=2500, m=125000, seed=7917045922527545890, type=POWLAW -> ./input/random_graphs/graph_2500_125000_POWLAW_7917045922527545890.txt (Time: 0.03s)
✓ Generated graph n=2500, m=125000, seed=3865339568260874865, type=POWLAW -> ./input/random_graphs/graph_2500_125000_POWLAW_3865339568260874865.txt (Time: 0.03s)
✓ Generated graph n=2500, m=125000, seed=4445925461710302877, type=POWLAW -> ./input/random_graphs/graph_2500_125000_POWLAW_4445925461710302877.txt (Time: 0.03s)
✓ Generated graph n=2500, m=125000, seed=7921282862123281598, type=POWLAW -> ./input/random_graphs/graph_2500_125000_POWLAW_7921282862123281598.txt (Time: 0.03s)
✓ Generated graph n=2500, m=125000, seed=1128313391724783137, type=POWLAW -> ./input/random_graphs/graph_2500_125000_POWLAW_1128313391724783137.txt (Time: 0.03s)
✓ Generated graph n=2500, m=125000, seed=4997514996153925447, type=POWLAW -> ./input/random_graphs/graph_2500_125000_POWLAW_4997514996153925447.txt (Time: 0.03s)
✓ Generated graph n=2500, m=125000, seed=8718380604043999642, type=POWLAW -> ./input/random_graphs/graph_2500_125000_POWLAW_8718380604043999642.txt (Time: 0.03s)
✓ Generated graph n=2500, m=125000, seed=6224222471595207695, type=POWLAW -> ./input/random_graphs/graph_2500_125000_POWLAW_6224222471595207695.txt (Time: 0.03s)
✓ Generated graph n=2500, m=125000, seed=716820155901718944, type=POWLAW -> ./input/random_graphs/graph_2500_125000_POWLAW_716820155901718944.txt (Time: 0.03s)
✓ Generated graph n=2500, m=125000, seed=5063475852268941542, type=POWLAW -> ./input/random_graphs/graph_2500_125000_POWLAW_5063475852268941542.txt (Time: 0.03s)
✓ Generated graph n=2500, m=125000, seed=8446481348147407377, type=POWLAW -> ./input/random_graphs/graph_2500_125000_POWLAW_8446481348147407377.txt (Time: 0.03s)
✓ Generated graph n=2500, m=125000, seed=3817405844514670994, type=POWLAW -> ./input/random_graphs/graph_2500_125000_POWLAW_3817405844514670994.txt (Time: 0.03s)
✓ Generated graph n=2500, m=125000, seed=6529943913552561417, type=POWLAW -> ./input/random_graphs/graph_2500_125000_POWLAW_6529943913552561417.txt (Time: 0.03s)
✓ Generated graph n=2500, m=125000, seed=2909934787168262407, type=POWLAW -> ./input/random_graphs/graph_2500_125000_POWLAW_2909934787168262407.txt (Time: 0.03s)
✓ Generated graph n=2500, m=125000, seed=1170385908854608748, type=POWLAW -> ./input/random_graphs/graph_2500_125000_POWLAW_1170385908854608748.txt (Time: 0.03s)
✓ Generated graph n=2500, m=125000, seed=199422815561151340, type=POWLAW -> ./input/random_graphs/graph_2500_125000_POWLAW_199422815561151340.txt (Time: 0.03s)
✓ Generated graph n=2500, m=125000, seed=3713827327871807734, type=POWLAW -> ./input/random_graphs/graph_2500_125000_POWLAW_3713827327871807734.txt (Time: 0.03s)
✓ Generated graph n=2500, m=125000, seed=6022436717541034636, type=POWLAW -> ./input/random_graphs/graph_2500_125000_POWLAW_6022436717541034636.txt (Time: 0.03s)
✓ Generated graph n=2500, m=125000, seed=5108599054664628607, type=POWLAW -> ./input/random_graphs/graph_2500_125000_POWLAW_5108599054664628607.txt (Time: 0.03s)
✓ Generated graph n=2500, m=125000, seed=175493991617213850, type=POWLAW -> ./input/random_graphs/graph_2500_125000_POWLAW_175493991617213850.txt (Time: 0.03s)
✓ Generated graph n=2500, m=125000, seed=6764066939395682287, type=POWLAW -> ./input/random_graphs/graph_2500_125000_POWLAW_6764066939395682287.txt (Time: 0.03s)
✓ Generated graph n=2500, m=125000, seed=9130666990809746335, type=POWLAW -> ./input/random_graphs/graph_2500_125000_POWLAW_9130666990809746335.txt (Time: 0.03s)
✓ Generated graph n=2500, m=125000, seed=7644420139408884785, type=POWLAW -> ./input/random_graphs/graph_2500_125000_POWLAW_7644420139408884785.txt (Time: 0.03s)
✓ Generated graph n=2500, m=125000, seed=1458186392400727732, type=POWLAW -> ./input/random_graphs/graph_2500_125000_POWLAW_1458186392400727732.txt (Time: 0.03s)
✓ Generated graph n=2500, m=125000, seed=1392892770529522614, type=POWLAW -> ./input/random_graphs/graph_2500_125000_POWLAW_1392892770529522614.txt (Time: 0.03s)
✓ Generated graph n=2500, m=125000, seed=4250897495980125004, type=POWLAW -> ./input/random_graphs/graph_2500_125000_POWLAW_4250897495980125004.txt (Time: 0.03s)
✓ Generated graph n=2500, m=125000, seed=8794274795737982182, type=POWLAW -> ./input/random_graphs/graph_2500_125000_POWLAW_8794274795737982182.txt (Time: 0.03s)
✓ Generated graph n=2500, m=125000, seed=9060210648189963449, type=POWLAW -> ./input/random_graphs/graph_2500_125000_POWLAW_9060210648189963449.txt (Time: 0.03s)
✓ Generated graph n=2500, m=125000, seed=5497874167834979553, type=POWLAW -> ./input/random_graphs/graph_2500_125000_POWLAW_5497874167834979553.txt (Time: 0.03s)
✓ Generated graph n=2500, m=125000, seed=2089506265998900862, type=POWLAW -> ./input/random_graphs/graph_2500_125000_POWLAW_2089506265998900862.txt (Time: 0.03s)
✓ Generated graph n=2500, m=125000, seed=4060584409398689268, type=POWLAW -> ./input/random_graphs/graph_2500_125000_POWLAW_4060584409398689268.txt (Time: 0.03s)
✓ Generated graph n=2500, m=125000, seed=1332005502874566195, type=POWLAW -> ./input/random_graphs/graph_2500_125000_POWLAW_1332005502874566195.txt (Time: 0.03s)
✓ Generated graph n=2500, m=125000, seed=1722224698700348310, type=POWLAW -> ./input/random_graphs/graph_2500_125000_POWLAW_1722224698700348310.txt (Time: 0.03s)
✓ Generated graph n=2500, m=125000, seed=8626102704817790064, type=POWLAW -> ./input/random_graphs/graph_2500_125000_POWLAW_8626102704817790064.txt (Time: 0.03s)
✓ Generated graph n=2500, m=125000, seed=7905487461282246979, type=POWLAW -> ./input/random_graphs/graph_2500_125000_POWLAW_7905487461282246979.txt (Time: 0.03s)
✓ Generated graph n=2500, m=125000, seed=4795749165124911768, type=POWLAW -> ./input/random_graphs/graph_2500_125000_POWLAW_4795749165124911768.txt (Time: 0.03s)
✓ Generated graph n=2500, m=125000, seed=8448596294177070022, type=POWLAW -> ./input/random_graphs/graph_2500_125000_POWLAW_8448596294177070022.txt (Time: 0.03s)
✓ Generated graph n=2500, m=125000, seed=4934890601268679176, type=POWLAW -> ./input/random_graphs/graph_2500_125000_POWLAW_4934890601268679176.txt (Time: 0.03s)
✓ Generated graph n=2500, m=125000, seed=1992204328026194281, type=POWLAW -> ./input/random_graphs/graph_2500_125000_POWLAW_1992204328026194281.txt (Time: 0.03s)
✓ Generated graph n=2500, m=125000, seed=2718103348384927511, type=POWLAW -> ./input/random_graphs/graph_2500_125000_POWLAW_2718103348384927511.txt (Time: 0.03s)
✓ Generated graph n=2500, m=125000, seed=7118744415197196276, type=POWLAW -> ./input/random_graphs/graph_2500_125000_POWLAW_7118744415197196276.txt (Time: 0.03s)
✓ Generated graph n=2500, m=125000, seed=7449662661572224354, type=POWLAW -> ./input/random_graphs/graph_2500_125000_POWLAW_7449662661572224354.txt (Time: 0.03s)
✓ Generated graph n=2500, m=125000, seed=9059990922233379852, type=POWLAW -> ./input/random_graphs/graph_2500_125000_POWLAW_9059990922233379852.txt (Time: 0.03s)
✓ Generated graph n=2500, m=125000, seed=3221421291694197220, type=POWLAW -> ./input/random_graphs/graph_2500_125000_POWLAW_3221421291694197220.txt (Time: 0.03s)
✓ Generated graph n=2500, m=125000, seed=8867616339855336876, type=POWLAW -> ./input/random_graphs/graph_2500_125000_POWLAW_8867616339855336876.txt (Time: 0.03s)
✓ Generated graph n=2500, m=125000, seed=5894893360759659423, type=POWLAW -> ./input/random_graphs/graph_2500_125000_POWLAW_5894893360759659423.txt (Time: 0.03s)
✓ Generated graph n=2500, m=125000, seed=7983805977214098674, type=POWLAW -> ./input/random_graphs/graph_2500_125000_POWLAW_7983805977214098674.txt (Time: 0.03s)
✓ Generated graph n=2500, m=125000, seed=4940913311242578590, type=POWLAW -> ./input/random_graphs/graph_2500_125000_POWLAW_4940913311242578590.txt (Time: 0.03s)
✓ Generated graph n=2500, m=125000, seed=2264398621601381987, type=POWLAW -> ./input/random_graphs/graph_2500_125000_POWLAW_2264398621601381987.txt (Time: 0.03s)
✓ Generated graph n=2500, m=125000, seed=7632458674696225362, type=POWLAW -> ./input/random_graphs/graph_2500_125000_POWLAW_7632458674696225362.txt (Time: 0.03s)
✓ Generated graph n=3000, m=164316, seed=2429002973740178792, type=POWLAW -> ./input/random_graphs/graph_3000_164316_POWLAW_2429002973740178792.txt (Time: 17.65s)
✓ Generated graph n=3000, m=164316, seed=1070244953599069350, type=POWLAW -> ./input/random_graphs/graph_3000_164316_POWLAW_1070244953599069350.txt (Time: 21.39s)
✓ Generated graph n=3000, m=164316, seed=4040737767143389431, type=POWLAW -> ./input/random_graphs/graph_3000_164316_POWLAW_4040737767143389431.txt (Time: 36353.08s)
✓ Generated graph n=3000, m=164316, seed=6522163754831416203, type=POWLAW -> ./input/random_graphs/graph_3000_164316_POWLAW_6522163754831416203.txt (Time: 38658.43s)
✓ Generated graph n=3000, m=164316, seed=6230961512046992311, type=POWLAW -> ./input/random_graphs/graph_3000_164316_POWLAW_6230961512046992311.txt (Time: 38846.27s)
✓ Generated graph n=3000, m=164316, seed=7599700178212337699, type=POWLAW -> ./input/random_graphs/graph_3000_164316_POWLAW_7599700178212337699.txt (Time: 39097.63s)
✓ Generated graph n=3000, m=164316, seed=1309542850049879452, type=POWLAW -> ./input/random_graphs/graph_3000_164316_POWLAW_1309542850049879452.txt (Time: 39363.58s)
✓ Generated graph n=3000, m=164316, seed=5906957480796939447, type=POWLAW -> ./input/random_graphs/graph_3000_164316_POWLAW_5906957480796939447.txt (Time: 39396.58s)
✓ Generated graph n=3000, m=164316, seed=1250005700364523649, type=POWLAW -> ./input/random_graphs/graph_3000_164316_POWLAW_1250005700364523649.txt (Time: 39409.57s)
✓ Generated graph n=3000, m=164316, seed=3881801951614183357, type=POWLAW -> ./input/random_graphs/graph_3000_164316_POWLAW_3881801951614183357.txt (Time: 39946.05s)
✓ Generated graph n=3000, m=164316, seed=7032710160631691991, type=POWLAW -> ./input/random_graphs/graph_3000_164316_POWLAW_7032710160631691991.txt (Time: 40880.96s)
✓ Generated graph n=3000, m=164316, seed=7146860528564146064, type=POWLAW -> ./input/random_graphs/graph_3000_164316_POWLAW_7146860528564146064.txt (Time: 42015.73s)
✓ Generated graph n=3000, m=164316, seed=1250773459040295677, type=POWLAW -> ./input/random_graphs/graph_3000_164316_POWLAW_1250773459040295677.txt (Time: 42149.99s)
✓ Generated graph n=3000, m=164316, seed=1024517563182776983, type=POWLAW -> ./input/random_graphs/graph_3000_164316_POWLAW_1024517563182776983.txt (Time: 15.32s)
✓ Generated graph n=3000, m=164316, seed=5739955973604961613, type=POWLAW -> ./input/random_graphs/graph_3000_164316_POWLAW_5739955973604961613.txt (Time: 42187.31s)
✓ Generated graph n=3000, m=164316, seed=5139481885857321791, type=POWLAW -> ./input/random_graphs/graph_3000_164316_POWLAW_5139481885857321791.txt (Time: 42190.75s)
✓ Generated graph n=3000, m=164316, seed=3438400432146115956, type=POWLAW -> ./input/random_graphs/graph_3000_164316_POWLAW_3438400432146115956.txt (Time: 42259.01s)
✓ Generated graph n=3000, m=164316, seed=320375091487821987, type=POWLAW -> ./input/random_graphs/graph_3000_164316_POWLAW_320375091487821987.txt (Time: 43486.04s)
✓ Generated graph n=3000, m=164316, seed=7871178979383552919, type=POWLAW -> ./input/random_graphs/graph_3000_164316_POWLAW_7871178979383552919.txt (Time: 44338.41s)
✓ Generated graph n=3000, m=164316, seed=7473196763798409428, type=POWLAW -> ./input/random_graphs/graph_3000_164316_POWLAW_7473196763798409428.txt (Time: 44449.39s)
✓ Generated graph n=3000, m=164316, seed=6938562734920028532, type=POWLAW -> ./input/random_graphs/graph_3000_164316_POWLAW_6938562734920028532.txt (Time: 44860.86s)
✓ Generated graph n=3000, m=164316, seed=7663871783842725848, type=POWLAW -> ./input/random_graphs/graph_3000_164316_POWLAW_7663871783842725848.txt (Time: 45100.20s)
✓ Generated graph n=3000, m=164316, seed=1353182403971399009, type=POWLAW -> ./input/random_graphs/graph_3000_164316_POWLAW_1353182403971399009.txt (Time: 45665.64s)
✓ Generated graph n=3000, m=164316, seed=5708372698381010775, type=POWLAW -> ./input/random_graphs/graph_3000_164316_POWLAW_5708372698381010775.txt (Time: 37045.93s)
✓ Generated graph n=3000, m=164316, seed=1647170069535670909, type=POWLAW -> ./input/random_graphs/graph_3000_164316_POWLAW_1647170069535670909.txt (Time: 35346.39s)
✓ Generated graph n=3000, m=164316, seed=6143643868734370809, type=POWLAW -> ./input/random_graphs/graph_3000_164316_POWLAW_6143643868734370809.txt (Time: 13.88s)
✓ Generated graph n=3000, m=164316, seed=3010622984418968408, type=POWLAW -> ./input/random_graphs/graph_3000_164316_POWLAW_3010622984418968408.txt (Time: 39541.84s)
✓ Generated graph n=3000, m=164316, seed=1731523882129807996, type=POWLAW -> ./input/random_graphs/graph_3000_164316_POWLAW_1731523882129807996.txt (Time: 39033.37s)
✓ Generated graph n=3000, m=164316, seed=5142811650494845597, type=POWLAW -> ./input/random_graphs/graph_3000_164316_POWLAW_5142811650494845597.txt (Time: 42097.06s)
✓ Generated graph n=3000, m=164316, seed=1853590723603270879, type=POWLAW -> ./input/random_graphs/graph_3000_164316_POWLAW_1853590723603270879.txt (Time: 39099.81s)
✓ Generated graph n=3000, m=164316, seed=6002685213311538187, type=POWLAW -> ./input/random_graphs/graph_3000_164316_POWLAW_6002685213311538187.txt (Time: 39931.22s)
✓ Generated graph n=3000, m=164316, seed=521787134863155063, type=POWLAW -> ./input/random_graphs/graph_3000_164316_POWLAW_521787134863155063.txt (Time: 40497.30s)
✓ Generated graph n=3000, m=164316, seed=4122784633514911760, type=POWLAW -> ./input/random_graphs/graph_3000_164316_POWLAW_4122784633514911760.txt (Time: 38652.35s)
✓ Generated graph n=3000, m=164316, seed=7161906730445628483, type=POWLAW -> ./input/random_graphs/graph_3000_164316_POWLAW_7161906730445628483.txt (Time: 36607.57s)
✓ Generated graph n=3000, m=164316, seed=7706236040662210848, type=POWLAW -> ./input/random_graphs/graph_3000_164316_POWLAW_7706236040662210848.txt (Time: 38164.16s)
✓ Generated graph n=3000, m=164316, seed=5258051056098597521, type=POWLAW -> ./input/random_graphs/graph_3000_164316_POWLAW_5258051056098597521.txt (Time: 40180.06s)
✓ Generated graph n=3000, m=164316, seed=7029781962072644698, type=POWLAW -> ./input/random_graphs/graph_3000_164316_POWLAW_7029781962072644698.txt (Time: 42669.92s)
✓ Generated graph n=3000, m=164316, seed=4552998297316576788, type=POWLAW -> ./input/random_graphs/graph_3000_164316_POWLAW_4552998297316576788.txt (Time: 37374.13s)
✓ Generated graph n=3000, m=164316, seed=1632192924771168275, type=POWLAW -> ./input/random_graphs/graph_3000_164316_POWLAW_1632192924771168275.txt (Time: 38779.77s)
✓ Generated graph n=3000, m=164316, seed=3224265581699847191, type=POWLAW -> ./input/random_graphs/graph_3000_164316_POWLAW_3224265581699847191.txt (Time: 41795.14s)
✓ Generated graph n=3000, m=164316, seed=6785030173969523435, type=POWLAW -> ./input/random_graphs/graph_3000_164316_POWLAW_6785030173969523435.txt (Time: 44119.00s)
✓ Generated graph n=3000, m=164316, seed=5529616217668449934, type=POWLAW -> ./input/random_graphs/graph_3000_164316_POWLAW_5529616217668449934.txt (Time: 43549.00s)
✓ Generated graph n=3000, m=164316, seed=824387247617288499, type=POWLAW -> ./input/random_graphs/graph_3000_164316_POWLAW_824387247617288499.txt (Time: 41723.92s)
✓ Generated graph n=3000, m=164316, seed=6802378520969450157, type=POWLAW -> ./input/random_graphs/graph_3000_164316_POWLAW_6802378520969450157.txt (Time: 41220.71s)
✓ Generated graph n=3000, m=164316, seed=8031431416522537101, type=POWLAW -> ./input/random_graphs/graph_3000_164316_POWLAW_8031431416522537101.txt (Time: 37533.86s)
✓ Generated graph n=3000, m=164316, seed=3272308573967577038, type=POWLAW -> ./input/random_graphs/graph_3000_164316_POWLAW_3272308573967577038.txt (Time: 40340.85s)
✓ Generated graph n=3000, m=164316, seed=7938560551762094560, type=POWLAW -> ./input/random_graphs/graph_3000_164316_POWLAW_7938560551762094560.txt (Time: 39520.64s)
✓ Generated graph n=3000, m=164316, seed=6614505080519948832, type=POWLAW -> ./input/random_graphs/graph_3000_164316_POWLAW_6614505080519948832.txt (Time: 41331.78s)
✓ Generated graph n=3000, m=164316, seed=6224222471595207695, type=POWLAW -> ./input/random_graphs/graph_3000_164316_POWLAW_6224222471595207695.txt (Time: 38167.80s)
✓ Generated graph n=3000, m=164316, seed=5636411189175451024, type=POWLAW -> ./input/random_graphs/graph_3000_164316_POWLAW_5636411189175451024.txt (Time: 41813.66s)
✓ Generated graph n=3000, m=164316, seed=7917045922527545890, type=POWLAW -> ./input/random_graphs/graph_3000_164316_POWLAW_7917045922527545890.txt (Time: 41568.00s)
✓ Generated graph n=3000, m=164316, seed=3865339568260874865, type=POWLAW -> ./input/random_graphs/graph_3000_164316_POWLAW_3865339568260874865.txt (Time: 39669.76s)
✓ Generated graph n=3000, m=164316, seed=5349491008325879064, type=POWLAW -> ./input/random_graphs/graph_3000_164316_POWLAW_5349491008325879064.txt (Time: 43029.73s)
✓ Generated graph n=3000, m=164316, seed=3817405844514670994, type=POWLAW -> ./input/random_graphs/graph_3000_164316_POWLAW_3817405844514670994.txt (Time: 36000.14s)
✓ Generated graph n=3000, m=164316, seed=4445925461710302877, type=POWLAW -> ./input/random_graphs/graph_3000_164316_POWLAW_4445925461710302877.txt (Time: 42009.03s)
✓ Generated graph n=3000, m=164316, seed=716820155901718944, type=POWLAW -> ./input/random_graphs/graph_3000_164316_POWLAW_716820155901718944.txt (Time: 40757.91s)
✓ Generated graph n=3000, m=164316, seed=8446481348147407377, type=POWLAW -> ./input/random_graphs/graph_3000_164316_POWLAW_8446481348147407377.txt (Time: 39353.64s)
✓ Generated graph n=3000, m=164316, seed=7921282862123281598, type=POWLAW -> ./input/random_graphs/graph_3000_164316_POWLAW_7921282862123281598.txt (Time: 43069.16s)
✓ Generated graph n=3000, m=164316, seed=4997514996153925447, type=POWLAW -> ./input/random_graphs/graph_3000_164316_POWLAW_4997514996153925447.txt (Time: 41596.09s)
✓ Generated graph n=3000, m=164316, seed=2909934787168262407, type=POWLAW -> ./input/random_graphs/graph_3000_164316_POWLAW_2909934787168262407.txt (Time: 39504.14s)
✓ Generated graph n=3000, m=164316, seed=8718380604043999642, type=POWLAW -> ./input/random_graphs/graph_3000_164316_POWLAW_8718380604043999642.txt (Time: 43174.53s)
✓ Generated graph n=3000, m=164316, seed=6529943913552561417, type=POWLAW -> ./input/random_graphs/graph_3000_164316_POWLAW_6529943913552561417.txt (Time: 42964.66s)
✓ Generated graph n=3000, m=164316, seed=1128313391724783137, type=POWLAW -> ./input/random_graphs/graph_3000_164316_POWLAW_1128313391724783137.txt (Time: 47348.06s)
✓ Generated graph n=3000, m=164316, seed=5063475852268941542, type=POWLAW -> ./input/random_graphs/graph_3000_164316_POWLAW_5063475852268941542.txt (Time: 49433.15s)
✓ Generated graph n=3000, m=164316, seed=8626102704817790064, type=POWLAW -> ./input/random_graphs/graph_3000_164316_POWLAW_8626102704817790064.txt (Time: 23.64s)
✓ Generated graph n=3000, m=164316, seed=1170385908854608748, type=POWLAW -> ./input/random_graphs/graph_3000_164316_POWLAW_1170385908854608748.txt (Time: 40773.64s)
✓ Generated graph n=3000, m=164316, seed=6764066939395682287, type=POWLAW -> ./input/random_graphs/graph_3000_164316_POWLAW_6764066939395682287.txt (Time: 35954.37s)
✓ Generated graph n=3000, m=164316, seed=6022436717541034636, type=POWLAW -> ./input/random_graphs/graph_3000_164316_POWLAW_6022436717541034636.txt (Time: 38668.87s)
✓ Generated graph n=3000, m=164316, seed=199422815561151340, type=POWLAW -> ./input/random_graphs/graph_3000_164316_POWLAW_199422815561151340.txt (Time: 40106.93s)
✓ Generated graph n=3000, m=164316, seed=175493991617213850, type=POWLAW -> ./input/random_graphs/graph_3000_164316_POWLAW_175493991617213850.txt (Time: 39522.18s)
✓ Generated graph n=3000, m=164316, seed=1392892770529522614, type=POWLAW -> ./input/random_graphs/graph_3000_164316_POWLAW_1392892770529522614.txt (Time: 37734.43s)
✓ Generated graph n=3000, m=164316, seed=5108599054664628607, type=POWLAW -> ./input/random_graphs/graph_3000_164316_POWLAW_5108599054664628607.txt (Time: 41517.92s)
✓ Generated graph n=3000, m=164316, seed=8794274795737982182, type=POWLAW -> ./input/random_graphs/graph_3000_164316_POWLAW_8794274795737982182.txt (Time: 38054.27s)
✓ Generated graph n=3000, m=164316, seed=1458186392400727732, type=POWLAW -> ./input/random_graphs/graph_3000_164316_POWLAW_1458186392400727732.txt (Time: 41523.98s)
✓ Generated graph n=3000, m=164316, seed=2089506265998900862, type=POWLAW -> ./input/random_graphs/graph_3000_164316_POWLAW_2089506265998900862.txt (Time: 37611.74s)
✓ Generated graph n=3000, m=164316, seed=7644420139408884785, type=POWLAW -> ./input/random_graphs/graph_3000_164316_POWLAW_7644420139408884785.txt (Time: 41792.92s)
✓ Generated graph n=3000, m=164316, seed=9130666990809746335, type=POWLAW -> ./input/random_graphs/graph_3000_164316_POWLAW_9130666990809746335.txt (Time: 42741.83s)
✓ Generated graph n=3000, m=164316, seed=4060584409398689268, type=POWLAW -> ./input/random_graphs/graph_3000_164316_POWLAW_4060584409398689268.txt (Time: 39569.81s)
✓ Generated graph n=3000, m=164316, seed=5497874167834979553, type=POWLAW -> ./input/random_graphs/graph_3000_164316_POWLAW_5497874167834979553.txt (Time: 40677.74s)
✓ Generated graph n=3000, m=164316, seed=9060210648189963449, type=POWLAW -> ./input/random_graphs/graph_3000_164316_POWLAW_9060210648189963449.txt (Time: 43241.46s)
✓ Generated graph n=3000, m=164316, seed=3713827327871807734, type=POWLAW -> ./input/random_graphs/graph_3000_164316_POWLAW_3713827327871807734.txt (Time: 47238.26s)
✓ Generated graph n=3000, m=164316, seed=1332005502874566195, type=POWLAW -> ./input/random_graphs/graph_3000_164316_POWLAW_1332005502874566195.txt (Time: 38102.28s)
✓ Generated graph n=3000, m=164316, seed=4250897495980125004, type=POWLAW -> ./input/random_graphs/graph_3000_164316_POWLAW_4250897495980125004.txt (Time: 43710.73s)
✓ Generated graph n=3000, m=164316, seed=1722224698700348310, type=POWLAW -> ./input/random_graphs/graph_3000_164316_POWLAW_1722224698700348310.txt (Time: 44448.65s)
✓ Generated graph n=3500, m=207062, seed=3881801951614183357, type=POWLAW -> ./input/random_graphs/graph_3500_207062_POWLAW_3881801951614183357.txt (Time: 20.08s)
✓ Generated graph n=3000, m=164316, seed=7905487461282246979, type=POWLAW -> ./input/random_graphs/graph_3000_164316_POWLAW_7905487461282246979.txt (Time: 45146.70s)
✓ Generated graph n=3000, m=164316, seed=8448596294177070022, type=POWLAW -> ./input/random_graphs/graph_3000_164316_POWLAW_8448596294177070022.txt (Time: 35393.31s)
✓ Generated graph n=3000, m=164316, seed=2718103348384927511, type=POWLAW -> ./input/random_graphs/graph_3000_164316_POWLAW_2718103348384927511.txt (Time: 36488.69s)
✓ Generated graph n=3000, m=164316, seed=4795749165124911768, type=POWLAW -> ./input/random_graphs/graph_3000_164316_POWLAW_4795749165124911768.txt (Time: 40278.28s)
✓ Generated graph n=3000, m=164316, seed=1992204328026194281, type=POWLAW -> ./input/random_graphs/graph_3000_164316_POWLAW_1992204328026194281.txt (Time: 39084.97s)
✓ Generated graph n=3000, m=164316, seed=4934890601268679176, type=POWLAW -> ./input/random_graphs/graph_3000_164316_POWLAW_4934890601268679176.txt (Time: 42719.98s)
✓ Generated graph n=3000, m=164316, seed=9059990922233379852, type=POWLAW -> ./input/random_graphs/graph_3000_164316_POWLAW_9059990922233379852.txt (Time: 39870.86s)
✓ Generated graph n=3000, m=164316, seed=3221421291694197220, type=POWLAW -> ./input/random_graphs/graph_3000_164316_POWLAW_3221421291694197220.txt (Time: 38860.35s)
✓ Generated graph n=3000, m=164316, seed=8867616339855336876, type=POWLAW -> ./input/random_graphs/graph_3000_164316_POWLAW_8867616339855336876.txt (Time: 40125.36s)
✓ Generated graph n=3000, m=164316, seed=7118744415197196276, type=POWLAW -> ./input/random_graphs/graph_3000_164316_POWLAW_7118744415197196276.txt (Time: 45435.61s)
✓ Generated graph n=3000, m=164316, seed=7449662661572224354, type=POWLAW -> ./input/random_graphs/graph_3000_164316_POWLAW_7449662661572224354.txt (Time: 44231.37s)
✓ Generated graph n=3000, m=164316, seed=7983805977214098674, type=POWLAW -> ./input/random_graphs/graph_3000_164316_POWLAW_7983805977214098674.txt (Time: 43704.28s)
✓ Generated graph n=3000, m=164316, seed=5894893360759659423, type=POWLAW -> ./input/random_graphs/graph_3000_164316_POWLAW_5894893360759659423.txt (Time: 44130.91s)
✓ Generated graph n=3000, m=164316, seed=4940913311242578590, type=POWLAW -> ./input/random_graphs/graph_3000_164316_POWLAW_4940913311242578590.txt (Time: 42372.91s)
✓ Generated graph n=3000, m=164316, seed=2264398621601381987, type=POWLAW -> ./input/random_graphs/graph_3000_164316_POWLAW_2264398621601381987.txt (Time: 41934.06s)
✓ Generated graph n=3000, m=164316, seed=7632458674696225362, type=POWLAW -> ./input/random_graphs/graph_3000_164316_POWLAW_7632458674696225362.txt (Time: 42806.66s)
✓ Generated graph n=3500, m=207062, seed=7871178979383552919, type=POWLAW -> ./input/random_graphs/graph_3500_207062_POWLAW_7871178979383552919.txt (Time: 69056.26s)
✓ Generated graph n=3500, m=207062, seed=5739955973604961613, type=POWLAW -> ./input/random_graphs/graph_3500_207062_POWLAW_5739955973604961613.txt (Time: 70417.37s)
✓ Generated graph n=3500, m=207062, seed=6230961512046992311, type=POWLAW -> ./input/random_graphs/graph_3500_207062_POWLAW_6230961512046992311.txt (Time: 75398.97s)
✓ Generated graph n=3500, m=207062, seed=7599700178212337699, type=POWLAW -> ./input/random_graphs/graph_3500_207062_POWLAW_7599700178212337699.txt (Time: 70301.14s)
✓ Generated graph n=3500, m=207062, seed=7032710160631691991, type=POWLAW -> ./input/random_graphs/graph_3500_207062_POWLAW_7032710160631691991.txt (Time: 75904.17s)
✓ Generated graph n=3500, m=207062, seed=1353182403971399009, type=POWLAW -> ./input/random_graphs/graph_3500_207062_POWLAW_1353182403971399009.txt (Time: 69535.09s)
✓ Generated graph n=3500, m=207062, seed=1070244953599069350, type=POWLAW -> ./input/random_graphs/graph_3500_207062_POWLAW_1070244953599069350.txt (Time: 68727.66s)
✓ Generated graph n=3500, m=207062, seed=1250005700364523649, type=POWLAW -> ./input/random_graphs/graph_3500_207062_POWLAW_1250005700364523649.txt (Time: 64817.95s)
✓ Generated graph n=3500, m=207062, seed=1309542850049879452, type=POWLAW -> ./input/random_graphs/graph_3500_207062_POWLAW_1309542850049879452.txt (Time: 66109.15s)
✓ Generated graph n=3500, m=207062, seed=4040737767143389431, type=POWLAW -> ./input/random_graphs/graph_3500_207062_POWLAW_4040737767143389431.txt (Time: 69347.03s)
✓ Generated graph n=3500, m=207062, seed=2429002973740178792, type=POWLAW -> ./input/random_graphs/graph_3500_207062_POWLAW_2429002973740178792.txt (Time: 66090.62s)
✓ Generated graph n=3500, m=207062, seed=6938562734920028532, type=POWLAW -> ./input/random_graphs/graph_3500_207062_POWLAW_6938562734920028532.txt (Time: 73337.99s)
✓ Generated graph n=3500, m=207062, seed=6522163754831416203, type=POWLAW -> ./input/random_graphs/graph_3500_207062_POWLAW_6522163754831416203.txt (Time: 78014.95s)
✓ Generated graph n=3500, m=207062, seed=7663871783842725848, type=POWLAW -> ./input/random_graphs/graph_3500_207062_POWLAW_7663871783842725848.txt (Time: 73997.81s)
✓ Generated graph n=3500, m=207062, seed=5906957480796939447, type=POWLAW -> ./input/random_graphs/graph_3500_207062_POWLAW_5906957480796939447.txt (Time: 72918.56s)
✓ Generated graph n=3500, m=207062, seed=3438400432146115956, type=POWLAW -> ./input/random_graphs/graph_3500_207062_POWLAW_3438400432146115956.txt (Time: 72624.29s)
✓ Generated graph n=3500, m=207062, seed=320375091487821987, type=POWLAW -> ./input/random_graphs/graph_3500_207062_POWLAW_320375091487821987.txt (Time: 74566.73s)
✓ Generated graph n=3500, m=207062, seed=1250773459040295677, type=POWLAW -> ./input/random_graphs/graph_3500_207062_POWLAW_1250773459040295677.txt (Time: 76257.85s)
✓ Generated graph n=3500, m=207062, seed=7146860528564146064, type=POWLAW -> ./input/random_graphs/graph_3500_207062_POWLAW_7146860528564146064.txt (Time: 75750.57s)
✓ Generated graph n=3500, m=207062, seed=7473196763798409428, type=POWLAW -> ./input/random_graphs/graph_3500_207062_POWLAW_7473196763798409428.txt (Time: 79356.08s)
✓ Generated graph n=3500, m=207062, seed=7161906730445628483, type=POWLAW -> ./input/random_graphs/graph_3500_207062_POWLAW_7161906730445628483.txt (Time: 31.35s)
✓ Generated graph n=3500, m=207062, seed=5142811650494845597, type=POWLAW -> ./input/random_graphs/graph_3500_207062_POWLAW_5142811650494845597.txt (Time: 64042.78s)
✓ Generated graph n=3500, m=207062, seed=3010622984418968408, type=POWLAW -> ./input/random_graphs/graph_3500_207062_POWLAW_3010622984418968408.txt (Time: 62548.14s)
✓ Generated graph n=3500, m=207062, seed=5139481885857321791, type=POWLAW -> ./input/random_graphs/graph_3500_207062_POWLAW_5139481885857321791.txt (Time: 79390.61s)
✓ Generated graph n=3500, m=207062, seed=5708372698381010775, type=POWLAW -> ./input/random_graphs/graph_3500_207062_POWLAW_5708372698381010775.txt (Time: 68203.41s)
✓ Generated graph n=3500, m=207062, seed=1853590723603270879, type=POWLAW -> ./input/random_graphs/graph_3500_207062_POWLAW_1853590723603270879.txt (Time: 61150.30s)
✓ Generated graph n=3500, m=207062, seed=6002685213311538187, type=POWLAW -> ./input/random_graphs/graph_3500_207062_POWLAW_6002685213311538187.txt (Time: 79279.34s)
✓ Generated graph n=3500, m=207062, seed=1731523882129807996, type=POWLAW -> ./input/random_graphs/graph_3500_207062_POWLAW_1731523882129807996.txt (Time: 65235.50s)
✓ Generated graph n=3500, m=207062, seed=521787134863155063, type=POWLAW -> ./input/random_graphs/graph_3500_207062_POWLAW_521787134863155063.txt (Time: 70741.15s)
✓ Generated graph n=3500, m=207062, seed=3224265581699847191, type=POWLAW -> ./input/random_graphs/graph_3500_207062_POWLAW_3224265581699847191.txt (Time: 70819.01s)
✓ Generated graph n=3500, m=207062, seed=7029781962072644698, type=POWLAW -> ./input/random_graphs/graph_3500_207062_POWLAW_7029781962072644698.txt (Time: 78882.98s)
✓ Generated graph n=3500, m=207062, seed=1647170069535670909, type=POWLAW -> ./input/random_graphs/graph_3500_207062_POWLAW_1647170069535670909.txt (Time: 67443.55s)
✓ Generated graph n=3500, m=207062, seed=5529616217668449934, type=POWLAW -> ./input/random_graphs/graph_3500_207062_POWLAW_5529616217668449934.txt (Time: 78388.02s)
✓ Generated graph n=3500, m=207062, seed=6785030173969523435, type=POWLAW -> ./input/random_graphs/graph_3500_207062_POWLAW_6785030173969523435.txt (Time: 79228.28s)
✓ Generated graph n=3500, m=207062, seed=1024517563182776983, type=POWLAW -> ./input/random_graphs/graph_3500_207062_POWLAW_1024517563182776983.txt (Time: 80168.45s)
✓ Generated graph n=3500, m=207062, seed=4122784633514911760, type=POWLAW -> ./input/random_graphs/graph_3500_207062_POWLAW_4122784633514911760.txt (Time: 73459.46s)
✓ Generated graph n=3500, m=207062, seed=1632192924771168275, type=POWLAW -> ./input/random_graphs/graph_3500_207062_POWLAW_1632192924771168275.txt (Time: 72580.92s)
✓ Generated graph n=3500, m=207062, seed=7706236040662210848, type=POWLAW -> ./input/random_graphs/graph_3500_207062_POWLAW_7706236040662210848.txt (Time: 77307.18s)
✓ Generated graph n=3500, m=207062, seed=5258051056098597521, type=POWLAW -> ./input/random_graphs/graph_3500_207062_POWLAW_5258051056098597521.txt (Time: 81242.96s)
✓ Generated graph n=3500, m=207062, seed=824387247617288499, type=POWLAW -> ./input/random_graphs/graph_3500_207062_POWLAW_824387247617288499.txt (Time: 78751.41s)
✓ Generated graph n=3500, m=207062, seed=8446481348147407377, type=POWLAW -> ./input/random_graphs/graph_3500_207062_POWLAW_8446481348147407377.txt (Time: 26.93s)
✓ Generated graph n=3500, m=207062, seed=6802378520969450157, type=POWLAW -> ./input/random_graphs/graph_3500_207062_POWLAW_6802378520969450157.txt (Time: 73617.42s)
✓ Generated graph n=3500, m=207062, seed=8031431416522537101, type=POWLAW -> ./input/random_graphs/graph_3500_207062_POWLAW_8031431416522537101.txt (Time: 73755.86s)
✓ Generated graph n=3500, m=207062, seed=4552998297316576788, type=POWLAW -> ./input/random_graphs/graph_3500_207062_POWLAW_4552998297316576788.txt (Time: 76998.41s)
✓ Generated graph n=3500, m=207062, seed=6143643868734370809, type=POWLAW -> ./input/random_graphs/graph_3500_207062_POWLAW_6143643868734370809.txt (Time: 70430.08s)
✓ Generated graph n=3500, m=207062, seed=6022436717541034636, type=POWLAW -> ./input/random_graphs/graph_3500_207062_POWLAW_6022436717541034636.txt (Time: 5294.25s)
✓ Generated graph n=3500, m=207062, seed=6224222471595207695, type=POWLAW -> ./input/random_graphs/graph_3500_207062_POWLAW_6224222471595207695.txt (Time: 47059.21s)
✓ Generated graph n=3500, m=207062, seed=3272308573967577038, type=POWLAW -> ./input/random_graphs/graph_3500_207062_POWLAW_3272308573967577038.txt (Time: 77691.77s)
✓ Generated graph n=3500, m=207062, seed=175493991617213850, type=POWLAW -> ./input/random_graphs/graph_3500_207062_POWLAW_175493991617213850.txt (Time: 22.56s)
✓ Generated graph n=3500, m=207062, seed=5636411189175451024, type=POWLAW -> ./input/random_graphs/graph_3500_207062_POWLAW_5636411189175451024.txt (Time: 71568.69s)
✓ Generated graph n=3500, m=207062, seed=7938560551762094560, type=POWLAW -> ./input/random_graphs/graph_3500_207062_POWLAW_7938560551762094560.txt (Time: 71730.61s)
✓ Generated graph n=3500, m=207062, seed=5349491008325879064, type=POWLAW -> ./input/random_graphs/graph_3500_207062_POWLAW_5349491008325879064.txt (Time: 77229.26s)
✓ Generated graph n=3500, m=207062, seed=6614505080519948832, type=POWLAW -> ./input/random_graphs/graph_3500_207062_POWLAW_6614505080519948832.txt (Time: 83209.24s)
✓ Generated graph n=3500, m=207062, seed=8718380604043999642, type=POWLAW -> ./input/random_graphs/graph_3500_207062_POWLAW_8718380604043999642.txt (Time: 58930.48s)
✓ Generated graph n=3500, m=207062, seed=7917045922527545890, type=POWLAW -> ./input/random_graphs/graph_3500_207062_POWLAW_7917045922527545890.txt (Time: 71491.95s)
✓ Generated graph n=3500, m=207062, seed=7921282862123281598, type=POWLAW -> ./input/random_graphs/graph_3500_207062_POWLAW_7921282862123281598.txt (Time: 69287.55s)
✓ Generated graph n=3500, m=207062, seed=716820155901718944, type=POWLAW -> ./input/random_graphs/graph_3500_207062_POWLAW_716820155901718944.txt (Time: 64444.71s)
✓ Generated graph n=3500, m=207062, seed=1128313391724783137, type=POWLAW -> ./input/random_graphs/graph_3500_207062_POWLAW_1128313391724783137.txt (Time: 70041.01s)
✓ Generated graph n=3500, m=207062, seed=3865339568260874865, type=POWLAW -> ./input/random_graphs/graph_3500_207062_POWLAW_3865339568260874865.txt (Time: 75162.24s)
✓ Generated graph n=3500, m=207062, seed=4445925461710302877, type=POWLAW -> ./input/random_graphs/graph_3500_207062_POWLAW_4445925461710302877.txt (Time: 76013.47s)
✓ Generated graph n=3500, m=207062, seed=5063475852268941542, type=POWLAW -> ./input/random_graphs/graph_3500_207062_POWLAW_5063475852268941542.txt (Time: 68810.43s)
✓ Generated graph n=3500, m=207062, seed=4997514996153925447, type=POWLAW -> ./input/random_graphs/graph_3500_207062_POWLAW_4997514996153925447.txt (Time: 73135.29s)
✓ Generated graph n=3500, m=207062, seed=3817405844514670994, type=POWLAW -> ./input/random_graphs/graph_3500_207062_POWLAW_3817405844514670994.txt (Time: 72049.75s)
✓ Generated graph n=3500, m=207062, seed=6529943913552561417, type=POWLAW -> ./input/random_graphs/graph_3500_207062_POWLAW_6529943913552561417.txt (Time: 75086.34s)
✓ Generated graph n=3500, m=207062, seed=2909934787168262407, type=POWLAW -> ./input/random_graphs/graph_3500_207062_POWLAW_2909934787168262407.txt (Time: 65814.92s)
✓ Generated graph n=3500, m=207062, seed=1170385908854608748, type=POWLAW -> ./input/random_graphs/graph_3500_207062_POWLAW_1170385908854608748.txt (Time: 68069.63s)
✓ Generated graph n=3500, m=207062, seed=5108599054664628607, type=POWLAW -> ./input/random_graphs/graph_3500_207062_POWLAW_5108599054664628607.txt (Time: 64536.19s)
✓ Generated graph n=3500, m=207062, seed=7644420139408884785, type=POWLAW -> ./input/random_graphs/graph_3500_207062_POWLAW_7644420139408884785.txt (Time: 59381.96s)
✓ Generated graph n=3500, m=207062, seed=199422815561151340, type=POWLAW -> ./input/random_graphs/graph_3500_207062_POWLAW_199422815561151340.txt (Time: 76154.24s)
✓ Generated graph n=3500, m=207062, seed=3713827327871807734, type=POWLAW -> ./input/random_graphs/graph_3500_207062_POWLAW_3713827327871807734.txt (Time: 80175.23s)
✓ Generated graph n=3500, m=207062, seed=6764066939395682287, type=POWLAW -> ./input/random_graphs/graph_3500_207062_POWLAW_6764066939395682287.txt (Time: 78175.62s)
✓ Generated graph n=3500, m=207062, seed=9130666990809746335, type=POWLAW -> ./input/random_graphs/graph_3500_207062_POWLAW_9130666990809746335.txt (Time: 77372.36s)
✓ Generated graph n=3500, m=207062, seed=1392892770529522614, type=POWLAW -> ./input/random_graphs/graph_3500_207062_POWLAW_1392892770529522614.txt (Time: 69606.86s)
✓ Generated graph n=3500, m=207062, seed=1458186392400727732, type=POWLAW -> ./input/random_graphs/graph_3500_207062_POWLAW_1458186392400727732.txt (Time: 73897.18s)
✓ Generated graph n=3500, m=207062, seed=9060210648189963449, type=POWLAW -> ./input/random_graphs/graph_3500_207062_POWLAW_9060210648189963449.txt (Time: 70447.57s)
✓ Generated graph n=3500, m=207062, seed=4250897495980125004, type=POWLAW -> ./input/random_graphs/graph_3500_207062_POWLAW_4250897495980125004.txt (Time: 71481.20s)
✓ Generated graph n=3500, m=207062, seed=2089506265998900862, type=POWLAW -> ./input/random_graphs/graph_3500_207062_POWLAW_2089506265998900862.txt (Time: 67910.13s)
✓ Generated graph n=3500, m=207062, seed=8794274795737982182, type=POWLAW -> ./input/random_graphs/graph_3500_207062_POWLAW_8794274795737982182.txt (Time: 70201.39s)
✓ Generated graph n=3500, m=207062, seed=5497874167834979553, type=POWLAW -> ./input/random_graphs/graph_3500_207062_POWLAW_5497874167834979553.txt (Time: 68923.74s)
✓ Generated graph n=3500, m=207062, seed=4060584409398689268, type=POWLAW -> ./input/random_graphs/graph_3500_207062_POWLAW_4060584409398689268.txt (Time: 70445.61s)
✓ Generated graph n=3500, m=207062, seed=1332005502874566195, type=POWLAW -> ./input/random_graphs/graph_3500_207062_POWLAW_1332005502874566195.txt (Time: 72668.81s)
✓ Generated graph n=3500, m=207062, seed=8626102704817790064, type=POWLAW -> ./input/random_graphs/graph_3500_207062_POWLAW_8626102704817790064.txt (Time: 68350.08s)
✓ Generated graph n=3500, m=207062, seed=7905487461282246979, type=POWLAW -> ./input/random_graphs/graph_3500_207062_POWLAW_7905487461282246979.txt (Time: 72022.38s)
✓ Generated graph n=3500, m=207062, seed=1722224698700348310, type=POWLAW -> ./input/random_graphs/graph_3500_207062_POWLAW_1722224698700348310.txt (Time: 77994.15s)
✓ Generated graph n=3500, m=207062, seed=4795749165124911768, type=POWLAW -> ./input/random_graphs/graph_3500_207062_POWLAW_4795749165124911768.txt (Time: 72108.90s)
✓ Generated graph n=3500, m=207062, seed=8448596294177070022, type=POWLAW -> ./input/random_graphs/graph_3500_207062_POWLAW_8448596294177070022.txt (Time: 78588.07s)
✓ Generated graph n=3500, m=207062, seed=4934890601268679176, type=POWLAW -> ./input/random_graphs/graph_3500_207062_POWLAW_4934890601268679176.txt (Time: 75770.98s)
✓ Generated graph n=3500, m=207062, seed=1992204328026194281, type=POWLAW -> ./input/random_graphs/graph_3500_207062_POWLAW_1992204328026194281.txt (Time: 77706.01s)
✓ Generated graph n=3500, m=207062, seed=2718103348384927511, type=POWLAW -> ./input/random_graphs/graph_3500_207062_POWLAW_2718103348384927511.txt (Time: 69360.26s)
✓ Generated graph n=3500, m=207062, seed=7118744415197196276, type=POWLAW -> ./input/random_graphs/graph_3500_207062_POWLAW_7118744415197196276.txt (Time: 77999.47s)
✓ Generated graph n=3500, m=207062, seed=9059990922233379852, type=POWLAW -> ./input/random_graphs/graph_3500_207062_POWLAW_9059990922233379852.txt (Time: 72590.60s)
✓ Generated graph n=3500, m=207062, seed=7449662661572224354, type=POWLAW -> ./input/random_graphs/graph_3500_207062_POWLAW_7449662661572224354.txt (Time: 72168.88s)
✓ Generated graph n=3500, m=207062, seed=3221421291694197220, type=POWLAW -> ./input/random_graphs/graph_3500_207062_POWLAW_3221421291694197220.txt (Time: 68250.80s)
✓ Generated graph n=3500, m=207062, seed=8867616339855336876, type=POWLAW -> ./input/random_graphs/graph_3500_207062_POWLAW_8867616339855336876.txt (Time: 70438.19s)
✓ Generated graph n=3500, m=207062, seed=5894893360759659423, type=POWLAW -> ./input/random_graphs/graph_3500_207062_POWLAW_5894893360759659423.txt (Time: 70333.72s)
✓ Generated graph n=3500, m=207062, seed=4940913311242578590, type=POWLAW -> ./input/random_graphs/graph_3500_207062_POWLAW_4940913311242578590.txt (Time: 69298.40s)
✓ Generated graph n=3500, m=207062, seed=2264398621601381987, type=POWLAW -> ./input/random_graphs/graph_3500_207062_POWLAW_2264398621601381987.txt (Time: 72386.70s)
✓ Generated graph n=3500, m=207062, seed=7632458674696225362, type=POWLAW -> ./input/random_graphs/graph_3500_207062_POWLAW_7632458674696225362.txt (Time: 75516.66s)
✓ Generated graph n=3500, m=207062, seed=7983805977214098674, type=POWLAW -> ./input/random_graphs/graph_3500_207062_POWLAW_7983805977214098674.txt (Time: 83806.54s)
✓ Generated graph n=4000, m=252982, seed=6230961512046992311, type=POWLAW -> ./input/random_graphs/graph_4000_252982_POWLAW_6230961512046992311.txt (Time: 112841.41s)
✓ Generated graph n=4000, m=252982, seed=7871178979383552919, type=POWLAW -> ./input/random_graphs/graph_4000_252982_POWLAW_7871178979383552919.txt (Time: 109633.09s)
✓ Generated graph n=4000, m=252982, seed=5139481885857321791, type=POWLAW -> ./input/random_graphs/graph_4000_252982_POWLAW_5139481885857321791.txt (Time: 20.30s)
✓ Generated graph n=4000, m=252982, seed=5739955973604961613, type=POWLAW -> ./input/random_graphs/graph_4000_252982_POWLAW_5739955973604961613.txt (Time: 109854.47s)
✓ Generated graph n=4000, m=252982, seed=7032710160631691991, type=POWLAW -> ./input/random_graphs/graph_4000_252982_POWLAW_7032710160631691991.txt (Time: 107813.47s)
✓ Generated graph n=4000, m=252982, seed=3881801951614183357, type=POWLAW -> ./input/random_graphs/graph_4000_252982_POWLAW_3881801951614183357.txt (Time: 114120.33s)
✓ Generated graph n=4000, m=252982, seed=1070244953599069350, type=POWLAW -> ./input/random_graphs/graph_4000_252982_POWLAW_1070244953599069350.txt (Time: 93541.07s)
✓ Generated graph n=4000, m=252982, seed=1353182403971399009, type=POWLAW -> ./input/random_graphs/graph_4000_252982_POWLAW_1353182403971399009.txt (Time: 109091.29s)
✓ Generated graph n=4000, m=252982, seed=7599700178212337699, type=POWLAW -> ./input/random_graphs/graph_4000_252982_POWLAW_7599700178212337699.txt (Time: 120103.96s)
