Processing graphs for 35 (n,m) pairs with 100 iterations each
Total graphs to process: 3500
Using 30 parallel processes
Graph type: POWLAW
Sparsity: 3
HDD cache location: /media/HDD/Projects/ExpDFS/
Working directory: /home/shahbazk/Projects/DFS_Semi_Streaming/input/random_graphs
Validation failures will be logged to: /media/HDD/Projects/ExpDFS/validation_failures.log

📦 COPIED from HDD: /media/HDD/Projects/ExpDFS/graph_10_31_POWLAW_6522163754831416203.txt -> /home/shahbazk/Projects/DFS_Semi_Streaming/input/random_graphs/graph_10_31_POWLAW_6522163754831416203.txt (Time: 0.00s)
📦 COPIED from HDD: /media/HDD/Projects/ExpDFS/graph_10_31_POWLAW_4040737767143389431.txt -> /home/shahbazk/Projects/DFS_Semi_Streaming/input/random_graphs/graph_10_31_POWLAW_4040737767143389431.txt (Time: 0.00s)
📦 COPIED from HDD: /media/HDD/Projects/ExpDFS/graph_10_31_POWLAW_1250773459040295677.txt -> /home/shahbazk/Projects/DFS_Semi_Streaming/input/random_graphs/graph_10_31_POWLAW_1250773459040295677.txt (Time: 0.00s)
📦 COPIED from HDD: /media/HDD/Projects/ExpDFS/graph_10_31_POWLAW_1309542850049879452.txt -> /home/shahbazk/Projects/DFS_Semi_Streaming/input/random_graphs/graph_10_31_POWLAW_1309542850049879452.txt (Time: 0.00s)
📦 COPIED from HDD: /media/HDD/Projects/ExpDFS/graph_10_31_POWLAW_7663871783842725848.txt -> /home/shahbazk/Projects/DFS_Semi_Streaming/input/random_graphs/graph_10_31_POWLAW_7663871783842725848.txt (Time: 0.00s)
📦 COPIED from HDD: /media/HDD/Projects/ExpDFS/graph_10_31_POWLAW_1250005700364523649.txt -> /home/shahbazk/Projects/DFS_Semi_Streaming/input/random_graphs/graph_10_31_POWLAW_1250005700364523649.txt (Time: 0.00s)
📦 COPIED from HDD: /media/HDD/Projects/ExpDFS/graph_10_31_POWLAW_5906957480796939447.txt -> /home/shahbazk/Projects/DFS_Semi_Streaming/input/random_graphs/graph_10_31_POWLAW_5906957480796939447.txt (Time: 0.00s)
📦 COPIED from HDD: /media/HDD/Projects/ExpDFS/graph_10_31_POWLAW_7146860528564146064.txt -> /home/shahbazk/Projects/DFS_Semi_Streaming/input/random_graphs/graph_10_31_POWLAW_7146860528564146064.txt (Time: 0.00s)
📦 COPIED from HDD: /media/HDD/Projects/ExpDFS/graph_10_31_POWLAW_3438400432146115956.txt -> /home/shahbazk/Projects/DFS_Semi_Streaming/input/random_graphs/graph_10_31_POWLAW_3438400432146115956.txt (Time: 0.00s)
📦 COPIED from HDD: /media/HDD/Projects/ExpDFS/graph_10_31_POWLAW_320375091487821987.txt -> /home/shahbazk/Projects/DFS_Semi_Streaming/input/random_graphs/graph_10_31_POWLAW_320375091487821987.txt (Time: 0.00s)
📦 COPIED from HDD: /media/HDD/Projects/ExpDFS/graph_10_31_POWLAW_2429002973740178792.txt -> /home/shahbazk/Projects/DFS_Semi_Streaming/input/random_graphs/graph_10_31_POWLAW_2429002973740178792.txt (Time: 0.00s)
📦 COPIED from HDD: /media/HDD/Projects/ExpDFS/graph_10_31_POWLAW_3010622984418968408.txt -> /home/shahbazk/Projects/DFS_Semi_Streaming/input/random_graphs/graph_10_31_POWLAW_3010622984418968408.txt (Time: 0.00s)
📦 COPIED from HDD: /media/HDD/Projects/ExpDFS/graph_10_31_POWLAW_7473196763798409428.txt -> /home/shahbazk/Projects/DFS_Semi_Streaming/input/random_graphs/graph_10_31_POWLAW_7473196763798409428.txt (Time: 0.00s)
📦 COPIED from HDD: /media/HDD/Projects/ExpDFS/graph_10_31_POWLAW_6002685213311538187.txt -> /home/shahbazk/Projects/DFS_Semi_Streaming/input/random_graphs/graph_10_31_POWLAW_6002685213311538187.txt (Time: 0.00s)
📦 COPIED from HDD: /media/HDD/Projects/ExpDFS/graph_10_31_POWLAW_5142811650494845597.txt -> /home/shahbazk/Projects/DFS_Semi_Streaming/input/random_graphs/graph_10_31_POWLAW_5142811650494845597.txt (Time: 0.00s)
📦 COPIED from HDD: /media/HDD/Projects/ExpDFS/graph_10_31_POWLAW_5139481885857321791.txt -> /home/shahbazk/Projects/DFS_Semi_Streaming/input/random_graphs/graph_10_31_POWLAW_5139481885857321791.txt (Time: 0.00s)
📦 COPIED from HDD: /media/HDD/Projects/ExpDFS/graph_10_31_POWLAW_5708372698381010775.txt -> /home/shahbazk/Projects/DFS_Semi_Streaming/input/random_graphs/graph_10_31_POWLAW_5708372698381010775.txt (Time: 0.00s)
📦 COPIED from HDD: /media/HDD/Projects/ExpDFS/graph_10_31_POWLAW_521787134863155063.txt -> /home/shahbazk/Projects/DFS_Semi_Streaming/input/random_graphs/graph_10_31_POWLAW_521787134863155063.txt (Time: 0.00s)
📦 COPIED from HDD: /media/HDD/Projects/ExpDFS/graph_10_31_POWLAW_1731523882129807996.txt -> /home/shahbazk/Projects/DFS_Semi_Streaming/input/random_graphs/graph_10_31_POWLAW_1731523882129807996.txt (Time: 0.00s)
📦 COPIED from HDD: /media/HDD/Projects/ExpDFS/graph_10_31_POWLAW_7029781962072644698.txt -> /home/shahbazk/Projects/DFS_Semi_Streaming/input/random_graphs/graph_10_31_POWLAW_7029781962072644698.txt (Time: 0.00s)
📦 COPIED from HDD: /media/HDD/Projects/ExpDFS/graph_10_31_POWLAW_1353182403971399009.txt -> /home/shahbazk/Projects/DFS_Semi_Streaming/input/random_graphs/graph_10_31_POWLAW_1353182403971399009.txt (Time: 0.00s)
📦 COPIED from HDD: /media/HDD/Projects/ExpDFS/graph_10_31_POWLAW_5739955973604961613.txt -> /home/shahbazk/Projects/DFS_Semi_Streaming/input/random_graphs/graph_10_31_POWLAW_5739955973604961613.txt (Time: 0.00s)
📦 COPIED from HDD: /media/HDD/Projects/ExpDFS/graph_10_31_POWLAW_7032710160631691991.txt -> /home/shahbazk/Projects/DFS_Semi_Streaming/input/random_graphs/graph_10_31_POWLAW_7032710160631691991.txt (Time: 0.00s)
📦 COPIED from HDD: /media/HDD/Projects/ExpDFS/graph_10_31_POWLAW_1070244953599069350.txt -> /home/shahbazk/Projects/DFS_Semi_Streaming/input/random_graphs/graph_10_31_POWLAW_1070244953599069350.txt (Time: 0.00s)
📦 COPIED from HDD: /media/HDD/Projects/ExpDFS/graph_10_31_POWLAW_7599700178212337699.txt -> /home/shahbazk/Projects/DFS_Semi_Streaming/input/random_graphs/graph_10_31_POWLAW_7599700178212337699.txt (Time: 0.00s)
📦 COPIED from HDD: /media/HDD/Projects/ExpDFS/graph_10_31_POWLAW_3881801951614183357.txt -> /home/shahbazk/Projects/DFS_Semi_Streaming/input/random_graphs/graph_10_31_POWLAW_3881801951614183357.txt (Time: 0.00s)
📦 COPIED from HDD: /media/HDD/Projects/ExpDFS/graph_10_31_POWLAW_6938562734920028532.txt -> /home/shahbazk/Projects/DFS_Semi_Streaming/input/random_graphs/graph_10_31_POWLAW_6938562734920028532.txt (Time: 0.00s)
📦 COPIED from HDD: /media/HDD/Projects/ExpDFS/graph_10_31_POWLAW_7871178979383552919.txt -> /home/shahbazk/Projects/DFS_Semi_Streaming/input/random_graphs/graph_10_31_POWLAW_7871178979383552919.txt (Time: 0.00s)
📦 COPIED from HDD: /media/HDD/Projects/ExpDFS/graph_10_31_POWLAW_1853590723603270879.txt -> /home/shahbazk/Projects/DFS_Semi_Streaming/input/random_graphs/graph_10_31_POWLAW_1853590723603270879.txt (Time: 0.00s)
📦 COPIED from HDD: /media/HDD/Projects/ExpDFS/graph_10_31_POWLAW_6785030173969523435.txt -> /home/shahbazk/Projects/DFS_Semi_Streaming/input/random_graphs/graph_10_31_POWLAW_6785030173969523435.txt (Time: 0.00s)
📦 COPIED from HDD: /media/HDD/Projects/ExpDFS/graph_10_31_POWLAW_5529616217668449934.txt -> /home/shahbazk/Projects/DFS_Semi_Streaming/input/random_graphs/graph_10_31_POWLAW_5529616217668449934.txt (Time: 0.00s)
📦 COPIED from HDD: /media/HDD/Projects/ExpDFS/graph_10_31_POWLAW_1024517563182776983.txt -> /home/shahbazk/Projects/DFS_Semi_Streaming/input/random_graphs/graph_10_31_POWLAW_1024517563182776983.txt (Time: 0.00s)
📦 COPIED from HDD: /media/HDD/Projects/ExpDFS/graph_10_31_POWLAW_6230961512046992311.txt -> /home/shahbazk/Projects/DFS_Semi_Streaming/input/random_graphs/graph_10_31_POWLAW_6230961512046992311.txt (Time: 0.00s)
📦 COPIED from HDD: /media/HDD/Projects/ExpDFS/graph_10_31_POWLAW_4552998297316576788.txt -> /home/shahbazk/Projects/DFS_Semi_Streaming/input/random_graphs/graph_10_31_POWLAW_4552998297316576788.txt (Time: 0.00s)
📦 COPIED from HDD: /media/HDD/Projects/ExpDFS/graph_10_31_POWLAW_5258051056098597521.txt -> /home/shahbazk/Projects/DFS_Semi_Streaming/input/random_graphs/graph_10_31_POWLAW_5258051056098597521.txt (Time: 0.00s)
📦 COPIED from HDD: /media/HDD/Projects/ExpDFS/graph_10_31_POWLAW_7706236040662210848.txt -> /home/shahbazk/Projects/DFS_Semi_Streaming/input/random_graphs/graph_10_31_POWLAW_7706236040662210848.txt (Time: 0.00s)
📦 COPIED from HDD: /media/HDD/Projects/ExpDFS/graph_10_31_POWLAW_5636411189175451024.txt -> /home/shahbazk/Projects/DFS_Semi_Streaming/input/random_graphs/graph_10_31_POWLAW_5636411189175451024.txt (Time: 0.00s)
📦 COPIED from HDD: /media/HDD/Projects/ExpDFS/graph_10_31_POWLAW_5349491008325879064.txt -> /home/shahbazk/Projects/DFS_Semi_Streaming/input/random_graphs/graph_10_31_POWLAW_5349491008325879064.txt (Time: 0.00s)
📦 COPIED from HDD: /media/HDD/Projects/ExpDFS/graph_10_31_POWLAW_6614505080519948832.txt -> /home/shahbazk/Projects/DFS_Semi_Streaming/input/random_graphs/graph_10_31_POWLAW_6614505080519948832.txt (Time: 0.00s)
📦 COPIED from HDD: /media/HDD/Projects/ExpDFS/graph_10_31_POWLAW_7938560551762094560.txt -> /home/shahbazk/Projects/DFS_Semi_Streaming/input/random_graphs/graph_10_31_POWLAW_7938560551762094560.txt (Time: 0.00s)
📦 COPIED from HDD: /media/HDD/Projects/ExpDFS/graph_10_31_POWLAW_4122784633514911760.txt -> /home/shahbazk/Projects/DFS_Semi_Streaming/input/random_graphs/graph_10_31_POWLAW_4122784633514911760.txt (Time: 0.00s)
📦 COPIED from HDD: /media/HDD/Projects/ExpDFS/graph_10_31_POWLAW_6802378520969450157.txt -> /home/shahbazk/Projects/DFS_Semi_Streaming/input/random_graphs/graph_10_31_POWLAW_6802378520969450157.txt (Time: 0.00s)
📦 COPIED from HDD: /media/HDD/Projects/ExpDFS/graph_10_31_POWLAW_7161906730445628483.txt -> /home/shahbazk/Projects/DFS_Semi_Streaming/input/random_graphs/graph_10_31_POWLAW_7161906730445628483.txt (Time: 0.00s)
📦 COPIED from HDD: /media/HDD/Projects/ExpDFS/graph_10_31_POWLAW_1647170069535670909.txt -> /home/shahbazk/Projects/DFS_Semi_Streaming/input/random_graphs/graph_10_31_POWLAW_1647170069535670909.txt (Time: 0.00s)
📦 COPIED from HDD: /media/HDD/Projects/ExpDFS/graph_10_31_POWLAW_8031431416522537101.txt -> /home/shahbazk/Projects/DFS_Semi_Streaming/input/random_graphs/graph_10_31_POWLAW_8031431416522537101.txt (Time: 0.00s)
📦 COPIED from HDD: /media/HDD/Projects/ExpDFS/graph_10_31_POWLAW_6143643868734370809.txt -> /home/shahbazk/Projects/DFS_Semi_Streaming/input/random_graphs/graph_10_31_POWLAW_6143643868734370809.txt (Time: 0.00s)
📦 COPIED from HDD: /media/HDD/Projects/ExpDFS/graph_10_31_POWLAW_3272308573967577038.txt -> /home/shahbazk/Projects/DFS_Semi_Streaming/input/random_graphs/graph_10_31_POWLAW_3272308573967577038.txt (Time: 0.00s)
📦 COPIED from HDD: /media/HDD/Projects/ExpDFS/graph_10_31_POWLAW_7917045922527545890.txt -> /home/shahbazk/Projects/DFS_Semi_Streaming/input/random_graphs/graph_10_31_POWLAW_7917045922527545890.txt (Time: 0.00s)
📦 COPIED from HDD: /media/HDD/Projects/ExpDFS/graph_10_31_POWLAW_4445925461710302877.txt -> /home/shahbazk/Projects/DFS_Semi_Streaming/input/random_graphs/graph_10_31_POWLAW_4445925461710302877.txt (Time: 0.00s)
📦 COPIED from HDD: /media/HDD/Projects/ExpDFS/graph_10_31_POWLAW_8446481348147407377.txt -> /home/shahbazk/Projects/DFS_Semi_Streaming/input/random_graphs/graph_10_31_POWLAW_8446481348147407377.txt (Time: 0.00s)
📦 COPIED from HDD: /media/HDD/Projects/ExpDFS/graph_10_31_POWLAW_3865339568260874865.txt -> /home/shahbazk/Projects/DFS_Semi_Streaming/input/random_graphs/graph_10_31_POWLAW_3865339568260874865.txt (Time: 0.00s)
📦 COPIED from HDD: /media/HDD/Projects/ExpDFS/graph_10_31_POWLAW_716820155901718944.txt -> /home/shahbazk/Projects/DFS_Semi_Streaming/input/random_graphs/graph_10_31_POWLAW_716820155901718944.txt (Time: 0.00s)
📦 COPIED from HDD: /media/HDD/Projects/ExpDFS/graph_10_31_POWLAW_7921282862123281598.txt -> /home/shahbazk/Projects/DFS_Semi_Streaming/input/random_graphs/graph_10_31_POWLAW_7921282862123281598.txt (Time: 0.00s)
📦 COPIED from HDD: /media/HDD/Projects/ExpDFS/graph_10_31_POWLAW_4997514996153925447.txt -> /home/shahbazk/Projects/DFS_Semi_Streaming/input/random_graphs/graph_10_31_POWLAW_4997514996153925447.txt (Time: 0.00s)
📦 COPIED from HDD: /media/HDD/Projects/ExpDFS/graph_10_31_POWLAW_2909934787168262407.txt -> /home/shahbazk/Projects/DFS_Semi_Streaming/input/random_graphs/graph_10_31_POWLAW_2909934787168262407.txt (Time: 0.00s)
📦 COPIED from HDD: /media/HDD/Projects/ExpDFS/graph_10_31_POWLAW_3817405844514670994.txt -> /home/shahbazk/Projects/DFS_Semi_Streaming/input/random_graphs/graph_10_31_POWLAW_3817405844514670994.txt (Time: 0.00s)
📦 COPIED from HDD: /media/HDD/Projects/ExpDFS/graph_10_31_POWLAW_3224265581699847191.txt -> /home/shahbazk/Projects/DFS_Semi_Streaming/input/random_graphs/graph_10_31_POWLAW_3224265581699847191.txt (Time: 0.00s)
📦 COPIED from HDD: /media/HDD/Projects/ExpDFS/graph_10_31_POWLAW_5108599054664628607.txt -> /home/shahbazk/Projects/DFS_Semi_Streaming/input/random_graphs/graph_10_31_POWLAW_5108599054664628607.txt (Time: 0.00s)
📦 COPIED from HDD: /media/HDD/Projects/ExpDFS/graph_10_31_POWLAW_6529943913552561417.txt -> /home/shahbazk/Projects/DFS_Semi_Streaming/input/random_graphs/graph_10_31_POWLAW_6529943913552561417.txt (Time: 0.00s)
📦 COPIED from HDD: /media/HDD/Projects/ExpDFS/graph_10_31_POWLAW_5063475852268941542.txt -> /home/shahbazk/Projects/DFS_Semi_Streaming/input/random_graphs/graph_10_31_POWLAW_5063475852268941542.txt (Time: 0.00s)
📦 COPIED from HDD: /media/HDD/Projects/ExpDFS/graph_10_31_POWLAW_1170385908854608748.txt -> /home/shahbazk/Projects/DFS_Semi_Streaming/input/random_graphs/graph_10_31_POWLAW_1170385908854608748.txt (Time: 0.00s)
📦 COPIED from HDD: /media/HDD/Projects/ExpDFS/graph_10_31_POWLAW_6022436717541034636.txt -> /home/shahbazk/Projects/DFS_Semi_Streaming/input/random_graphs/graph_10_31_POWLAW_6022436717541034636.txt (Time: 0.00s)
📦 COPIED from HDD: /media/HDD/Projects/ExpDFS/graph_10_31_POWLAW_1392892770529522614.txt -> /home/shahbazk/Projects/DFS_Semi_Streaming/input/random_graphs/graph_10_31_POWLAW_1392892770529522614.txt (Time: 0.00s)
📦 COPIED from HDD: /media/HDD/Projects/ExpDFS/graph_10_31_POWLAW_3713827327871807734.txt -> /home/shahbazk/Projects/DFS_Semi_Streaming/input/random_graphs/graph_10_31_POWLAW_3713827327871807734.txt (Time: 0.00s)
📦 COPIED from HDD: /media/HDD/Projects/ExpDFS/graph_10_31_POWLAW_175493991617213850.txt -> /home/shahbazk/Projects/DFS_Semi_Streaming/input/random_graphs/graph_10_31_POWLAW_175493991617213850.txt (Time: 0.00s)
📦 COPIED from HDD: /media/HDD/Projects/ExpDFS/graph_10_31_POWLAW_1128313391724783137.txt -> /home/shahbazk/Projects/DFS_Semi_Streaming/input/random_graphs/graph_10_31_POWLAW_1128313391724783137.txt (Time: 0.00s)
📦 COPIED from HDD: /media/HDD/Projects/ExpDFS/graph_10_31_POWLAW_6224222471595207695.txt -> /home/shahbazk/Projects/DFS_Semi_Streaming/input/random_graphs/graph_10_31_POWLAW_6224222471595207695.txt (Time: 0.00s)
📦 COPIED from HDD: /media/HDD/Projects/ExpDFS/graph_10_31_POWLAW_199422815561151340.txt -> /home/shahbazk/Projects/DFS_Semi_Streaming/input/random_graphs/graph_10_31_POWLAW_199422815561151340.txt (Time: 0.00s)
📦 COPIED from HDD: /media/HDD/Projects/ExpDFS/graph_10_31_POWLAW_7644420139408884785.txt -> /home/shahbazk/Projects/DFS_Semi_Streaming/input/random_graphs/graph_10_31_POWLAW_7644420139408884785.txt (Time: 0.00s)
📦 COPIED from HDD: /media/HDD/Projects/ExpDFS/graph_10_31_POWLAW_8718380604043999642.txt -> /home/shahbazk/Projects/DFS_Semi_Streaming/input/random_graphs/graph_10_31_POWLAW_8718380604043999642.txt (Time: 0.00s)
📦 COPIED from HDD: /media/HDD/Projects/ExpDFS/graph_10_31_POWLAW_9130666990809746335.txt -> /home/shahbazk/Projects/DFS_Semi_Streaming/input/random_graphs/graph_10_31_POWLAW_9130666990809746335.txt (Time: 0.00s)
📦 COPIED from HDD: /media/HDD/Projects/ExpDFS/graph_10_31_POWLAW_1332005502874566195.txt -> /home/shahbazk/Projects/DFS_Semi_Streaming/input/random_graphs/graph_10_31_POWLAW_1332005502874566195.txt (Time: 0.00s)
📦 COPIED from HDD: /media/HDD/Projects/ExpDFS/graph_10_31_POWLAW_6764066939395682287.txt -> /home/shahbazk/Projects/DFS_Semi_Streaming/input/random_graphs/graph_10_31_POWLAW_6764066939395682287.txt (Time: 0.00s)
📦 COPIED from HDD: /media/HDD/Projects/ExpDFS/graph_10_31_POWLAW_1458186392400727732.txt -> /home/shahbazk/Projects/DFS_Semi_Streaming/input/random_graphs/graph_10_31_POWLAW_1458186392400727732.txt (Time: 0.00s)
📦 COPIED from HDD: /media/HDD/Projects/ExpDFS/graph_10_31_POWLAW_824387247617288499.txt -> /home/shahbazk/Projects/DFS_Semi_Streaming/input/random_graphs/graph_10_31_POWLAW_824387247617288499.txt (Time: 0.00s)
📦 COPIED from HDD: /media/HDD/Projects/ExpDFS/graph_10_31_POWLAW_8794274795737982182.txt -> /home/shahbazk/Projects/DFS_Semi_Streaming/input/random_graphs/graph_10_31_POWLAW_8794274795737982182.txt (Time: 0.00s)
📦 COPIED from HDD: /media/HDD/Projects/ExpDFS/graph_10_31_POWLAW_2089506265998900862.txt -> /home/shahbazk/Projects/DFS_Semi_Streaming/input/random_graphs/graph_10_31_POWLAW_2089506265998900862.txt (Time: 0.00s)
📦 COPIED from HDD: /media/HDD/Projects/ExpDFS/graph_10_31_POWLAW_5497874167834979553.txt -> /home/shahbazk/Projects/DFS_Semi_Streaming/input/random_graphs/graph_10_31_POWLAW_5497874167834979553.txt (Time: 0.00s)
📦 COPIED from HDD: /media/HDD/Projects/ExpDFS/graph_10_31_POWLAW_4250897495980125004.txt -> /home/shahbazk/Projects/DFS_Semi_Streaming/input/random_graphs/graph_10_31_POWLAW_4250897495980125004.txt (Time: 0.00s)
📦 COPIED from HDD: /media/HDD/Projects/ExpDFS/graph_10_31_POWLAW_9060210648189963449.txt -> /home/shahbazk/Projects/DFS_Semi_Streaming/input/random_graphs/graph_10_31_POWLAW_9060210648189963449.txt (Time: 0.00s)
📦 COPIED from HDD: /media/HDD/Projects/ExpDFS/graph_10_31_POWLAW_4060584409398689268.txt -> /home/shahbazk/Projects/DFS_Semi_Streaming/input/random_graphs/graph_10_31_POWLAW_4060584409398689268.txt (Time: 0.00s)
📦 COPIED from HDD: /media/HDD/Projects/ExpDFS/graph_10_31_POWLAW_1722224698700348310.txt -> /home/shahbazk/Projects/DFS_Semi_Streaming/input/random_graphs/graph_10_31_POWLAW_1722224698700348310.txt (Time: 0.00s)
📦 COPIED from HDD: /media/HDD/Projects/ExpDFS/graph_10_31_POWLAW_1632192924771168275.txt -> /home/shahbazk/Projects/DFS_Semi_Streaming/input/random_graphs/graph_10_31_POWLAW_1632192924771168275.txt (Time: 0.00s)
📦 COPIED from HDD: /media/HDD/Projects/ExpDFS/graph_10_31_POWLAW_8626102704817790064.txt -> /home/shahbazk/Projects/DFS_Semi_Streaming/input/random_graphs/graph_10_31_POWLAW_8626102704817790064.txt (Time: 0.00s)
📦 COPIED from HDD: /media/HDD/Projects/ExpDFS/graph_10_31_POWLAW_4934890601268679176.txt -> /home/shahbazk/Projects/DFS_Semi_Streaming/input/random_graphs/graph_10_31_POWLAW_4934890601268679176.txt (Time: 0.00s)
📦 COPIED from HDD: /media/HDD/Projects/ExpDFS/graph_10_31_POWLAW_7118744415197196276.txt -> /home/shahbazk/Projects/DFS_Semi_Streaming/input/random_graphs/graph_10_31_POWLAW_7118744415197196276.txt (Time: 0.00s)
📦 COPIED from HDD: /media/HDD/Projects/ExpDFS/graph_10_31_POWLAW_7905487461282246979.txt -> /home/shahbazk/Projects/DFS_Semi_Streaming/input/random_graphs/graph_10_31_POWLAW_7905487461282246979.txt (Time: 0.00s)
📦 COPIED from HDD: /media/HDD/Projects/ExpDFS/graph_10_31_POWLAW_2718103348384927511.txt -> /home/shahbazk/Projects/DFS_Semi_Streaming/input/random_graphs/graph_10_31_POWLAW_2718103348384927511.txt (Time: 0.00s)
📦 COPIED from HDD: /media/HDD/Projects/ExpDFS/graph_10_31_POWLAW_4795749165124911768.txt -> /home/shahbazk/Projects/DFS_Semi_Streaming/input/random_graphs/graph_10_31_POWLAW_4795749165124911768.txt (Time: 0.00s)
📦 COPIED from HDD: /media/HDD/Projects/ExpDFS/graph_10_31_POWLAW_3221421291694197220.txt -> /home/shahbazk/Projects/DFS_Semi_Streaming/input/random_graphs/graph_10_31_POWLAW_3221421291694197220.txt (Time: 0.00s)
📦 COPIED from HDD: /media/HDD/Projects/ExpDFS/graph_10_31_POWLAW_5894893360759659423.txt -> /home/shahbazk/Projects/DFS_Semi_Streaming/input/random_graphs/graph_10_31_POWLAW_5894893360759659423.txt (Time: 0.00s)
📦 COPIED from HDD: /media/HDD/Projects/ExpDFS/graph_10_31_POWLAW_9059990922233379852.txt -> /home/shahbazk/Projects/DFS_Semi_Streaming/input/random_graphs/graph_10_31_POWLAW_9059990922233379852.txt (Time: 0.00s)
📦 COPIED from HDD: /media/HDD/Projects/ExpDFS/graph_10_31_POWLAW_2264398621601381987.txt -> /home/shahbazk/Projects/DFS_Semi_Streaming/input/random_graphs/graph_10_31_POWLAW_2264398621601381987.txt (Time: 0.00s)
📦 COPIED from HDD: /media/HDD/Projects/ExpDFS/graph_10_31_POWLAW_7449662661572224354.txt -> /home/shahbazk/Projects/DFS_Semi_Streaming/input/random_graphs/graph_10_31_POWLAW_7449662661572224354.txt (Time: 0.00s)
📦 COPIED from HDD: /media/HDD/Projects/ExpDFS/graph_10_31_POWLAW_1992204328026194281.txt -> /home/shahbazk/Projects/DFS_Semi_Streaming/input/random_graphs/graph_10_31_POWLAW_1992204328026194281.txt (Time: 0.00s)
📦 COPIED from HDD: /media/HDD/Projects/ExpDFS/graph_10_31_POWLAW_8448596294177070022.txt -> /home/shahbazk/Projects/DFS_Semi_Streaming/input/random_graphs/graph_10_31_POWLAW_8448596294177070022.txt (Time: 0.00s)
📦 COPIED from HDD: /media/HDD/Projects/ExpDFS/graph_10_31_POWLAW_4940913311242578590.txt -> /home/shahbazk/Projects/DFS_Semi_Streaming/input/random_graphs/graph_10_31_POWLAW_4940913311242578590.txt (Time: 0.00s)
📦 COPIED from HDD: /media/HDD/Projects/ExpDFS/graph_10_31_POWLAW_7983805977214098674.txt -> /home/shahbazk/Projects/DFS_Semi_Streaming/input/random_graphs/graph_10_31_POWLAW_7983805977214098674.txt (Time: 0.00s)
📦 COPIED from HDD: /media/HDD/Projects/ExpDFS/graph_10_31_POWLAW_7632458674696225362.txt -> /home/shahbazk/Projects/DFS_Semi_Streaming/input/random_graphs/graph_10_31_POWLAW_7632458674696225362.txt (Time: 0.00s)
📦 COPIED from HDD: /media/HDD/Projects/ExpDFS/graph_10_31_POWLAW_8867616339855336876.txt -> /home/shahbazk/Projects/DFS_Semi_Streaming/input/random_graphs/graph_10_31_POWLAW_8867616339855336876.txt (Time: 0.00s)
📦 COPIED from HDD: /media/HDD/Projects/ExpDFS/graph_20_89_POWLAW_7871178979383552919.txt -> /home/shahbazk/Projects/DFS_Semi_Streaming/input/random_graphs/graph_20_89_POWLAW_7871178979383552919.txt (Time: 0.00s)
📦 COPIED from HDD: /media/HDD/Projects/ExpDFS/graph_20_89_POWLAW_3881801951614183357.txt -> /home/shahbazk/Projects/DFS_Semi_Streaming/input/random_graphs/graph_20_89_POWLAW_3881801951614183357.txt (Time: 0.00s)
📦 COPIED from HDD: /media/HDD/Projects/ExpDFS/graph_20_89_POWLAW_7032710160631691991.txt -> /home/shahbazk/Projects/DFS_Semi_Streaming/input/random_graphs/graph_20_89_POWLAW_7032710160631691991.txt (Time: 0.00s)
📦 COPIED from HDD: /media/HDD/Projects/ExpDFS/graph_20_89_POWLAW_5739955973604961613.txt -> /home/shahbazk/Projects/DFS_Semi_Streaming/input/random_graphs/graph_20_89_POWLAW_5739955973604961613.txt (Time: 0.00s)
📦 COPIED from HDD: /media/HDD/Projects/ExpDFS/graph_20_89_POWLAW_1353182403971399009.txt -> /home/shahbazk/Projects/DFS_Semi_Streaming/input/random_graphs/graph_20_89_POWLAW_1353182403971399009.txt (Time: 0.00s)
📦 COPIED from HDD: /media/HDD/Projects/ExpDFS/graph_20_89_POWLAW_7599700178212337699.txt -> /home/shahbazk/Projects/DFS_Semi_Streaming/input/random_graphs/graph_20_89_POWLAW_7599700178212337699.txt (Time: 0.00s)
📦 COPIED from HDD: /media/HDD/Projects/ExpDFS/graph_20_89_POWLAW_1070244953599069350.txt -> /home/shahbazk/Projects/DFS_Semi_Streaming/input/random_graphs/graph_20_89_POWLAW_1070244953599069350.txt (Time: 0.00s)
📦 COPIED from HDD: /media/HDD/Projects/ExpDFS/graph_20_89_POWLAW_1250005700364523649.txt -> /home/shahbazk/Projects/DFS_Semi_Streaming/input/random_graphs/graph_20_89_POWLAW_1250005700364523649.txt (Time: 0.00s)
📦 COPIED from HDD: /media/HDD/Projects/ExpDFS/graph_20_89_POWLAW_4040737767143389431.txt -> /home/shahbazk/Projects/DFS_Semi_Streaming/input/random_graphs/graph_20_89_POWLAW_4040737767143389431.txt (Time: 0.00s)
📦 COPIED from HDD: /media/HDD/Projects/ExpDFS/graph_20_89_POWLAW_6938562734920028532.txt -> /home/shahbazk/Projects/DFS_Semi_Streaming/input/random_graphs/graph_20_89_POWLAW_6938562734920028532.txt (Time: 0.00s)
📦 COPIED from HDD: /media/HDD/Projects/ExpDFS/graph_20_89_POWLAW_6522163754831416203.txt -> /home/shahbazk/Projects/DFS_Semi_Streaming/input/random_graphs/graph_20_89_POWLAW_6522163754831416203.txt (Time: 0.00s)
📦 COPIED from HDD: /media/HDD/Projects/ExpDFS/graph_20_89_POWLAW_1309542850049879452.txt -> /home/shahbazk/Projects/DFS_Semi_Streaming/input/random_graphs/graph_20_89_POWLAW_1309542850049879452.txt (Time: 0.00s)
📦 COPIED from HDD: /media/HDD/Projects/ExpDFS/graph_20_89_POWLAW_7663871783842725848.txt -> /home/shahbazk/Projects/DFS_Semi_Streaming/input/random_graphs/graph_20_89_POWLAW_7663871783842725848.txt (Time: 0.00s)
📦 COPIED from HDD: /media/HDD/Projects/ExpDFS/graph_20_89_POWLAW_5906957480796939447.txt -> /home/shahbazk/Projects/DFS_Semi_Streaming/input/random_graphs/graph_20_89_POWLAW_5906957480796939447.txt (Time: 0.00s)
📦 COPIED from HDD: /media/HDD/Projects/ExpDFS/graph_20_89_POWLAW_3438400432146115956.txt -> /home/shahbazk/Projects/DFS_Semi_Streaming/input/random_graphs/graph_20_89_POWLAW_3438400432146115956.txt (Time: 0.00s)
📦 COPIED from HDD: /media/HDD/Projects/ExpDFS/graph_20_89_POWLAW_2429002973740178792.txt -> /home/shahbazk/Projects/DFS_Semi_Streaming/input/random_graphs/graph_20_89_POWLAW_2429002973740178792.txt (Time: 0.00s)
📦 COPIED from HDD: /media/HDD/Projects/ExpDFS/graph_20_89_POWLAW_7146860528564146064.txt -> /home/shahbazk/Projects/DFS_Semi_Streaming/input/random_graphs/graph_20_89_POWLAW_7146860528564146064.txt (Time: 0.00s)
📦 COPIED from HDD: /media/HDD/Projects/ExpDFS/graph_20_89_POWLAW_5139481885857321791.txt -> /home/shahbazk/Projects/DFS_Semi_Streaming/input/random_graphs/graph_20_89_POWLAW_5139481885857321791.txt (Time: 0.00s)
📦 COPIED from HDD: /media/HDD/Projects/ExpDFS/graph_20_89_POWLAW_521787134863155063.txt -> /home/shahbazk/Projects/DFS_Semi_Streaming/input/random_graphs/graph_20_89_POWLAW_521787134863155063.txt (Time: 0.00s)
📦 COPIED from HDD: /media/HDD/Projects/ExpDFS/graph_20_89_POWLAW_7473196763798409428.txt -> /home/shahbazk/Projects/DFS_Semi_Streaming/input/random_graphs/graph_20_89_POWLAW_7473196763798409428.txt (Time: 0.00s)
📦 COPIED from HDD: /media/HDD/Projects/ExpDFS/graph_20_89_POWLAW_1853590723603270879.txt -> /home/shahbazk/Projects/DFS_Semi_Streaming/input/random_graphs/graph_20_89_POWLAW_1853590723603270879.txt (Time: 0.00s)
📦 COPIED from HDD: /media/HDD/Projects/ExpDFS/graph_20_89_POWLAW_3010622984418968408.txt -> /home/shahbazk/Projects/DFS_Semi_Streaming/input/random_graphs/graph_20_89_POWLAW_3010622984418968408.txt (Time: 0.00s)
📦 COPIED from HDD: /media/HDD/Projects/ExpDFS/graph_20_89_POWLAW_1250773459040295677.txt -> /home/shahbazk/Projects/DFS_Semi_Streaming/input/random_graphs/graph_20_89_POWLAW_1250773459040295677.txt (Time: 0.00s)
📦 COPIED from HDD: /media/HDD/Projects/ExpDFS/graph_20_89_POWLAW_320375091487821987.txt -> /home/shahbazk/Projects/DFS_Semi_Streaming/input/random_graphs/graph_20_89_POWLAW_320375091487821987.txt (Time: 0.00s)
📦 COPIED from HDD: /media/HDD/Projects/ExpDFS/graph_20_89_POWLAW_6002685213311538187.txt -> /home/shahbazk/Projects/DFS_Semi_Streaming/input/random_graphs/graph_20_89_POWLAW_6002685213311538187.txt (Time: 0.00s)
📦 COPIED from HDD: /media/HDD/Projects/ExpDFS/graph_20_89_POWLAW_1024517563182776983.txt -> /home/shahbazk/Projects/DFS_Semi_Streaming/input/random_graphs/graph_20_89_POWLAW_1024517563182776983.txt (Time: 0.00s)
📦 COPIED from HDD: /media/HDD/Projects/ExpDFS/graph_20_89_POWLAW_1731523882129807996.txt -> /home/shahbazk/Projects/DFS_Semi_Streaming/input/random_graphs/graph_20_89_POWLAW_1731523882129807996.txt (Time: 0.00s)
📦 COPIED from HDD: /media/HDD/Projects/ExpDFS/graph_20_89_POWLAW_5142811650494845597.txt -> /home/shahbazk/Projects/DFS_Semi_Streaming/input/random_graphs/graph_20_89_POWLAW_5142811650494845597.txt (Time: 0.00s)
📦 COPIED from HDD: /media/HDD/Projects/ExpDFS/graph_20_89_POWLAW_6785030173969523435.txt -> /home/shahbazk/Projects/DFS_Semi_Streaming/input/random_graphs/graph_20_89_POWLAW_6785030173969523435.txt (Time: 0.00s)
📦 COPIED from HDD: /media/HDD/Projects/ExpDFS/graph_20_89_POWLAW_7029781962072644698.txt -> /home/shahbazk/Projects/DFS_Semi_Streaming/input/random_graphs/graph_20_89_POWLAW_7029781962072644698.txt (Time: 0.00s)
📦 COPIED from HDD: /media/HDD/Projects/ExpDFS/graph_20_89_POWLAW_3224265581699847191.txt -> /home/shahbazk/Projects/DFS_Semi_Streaming/input/random_graphs/graph_20_89_POWLAW_3224265581699847191.txt (Time: 0.00s)
📦 COPIED from HDD: /media/HDD/Projects/ExpDFS/graph_20_89_POWLAW_5258051056098597521.txt -> /home/shahbazk/Projects/DFS_Semi_Streaming/input/random_graphs/graph_20_89_POWLAW_5258051056098597521.txt (Time: 0.00s)
📦 COPIED from HDD: /media/HDD/Projects/ExpDFS/graph_20_89_POWLAW_5708372698381010775.txt -> /home/shahbazk/Projects/DFS_Semi_Streaming/input/random_graphs/graph_20_89_POWLAW_5708372698381010775.txt (Time: 0.00s)
📦 COPIED from HDD: /media/HDD/Projects/ExpDFS/graph_20_89_POWLAW_8031431416522537101.txt -> /home/shahbazk/Projects/DFS_Semi_Streaming/input/random_graphs/graph_20_89_POWLAW_8031431416522537101.txt (Time: 0.00s)
📦 COPIED from HDD: /media/HDD/Projects/ExpDFS/graph_20_89_POWLAW_1632192924771168275.txt -> /home/shahbazk/Projects/DFS_Semi_Streaming/input/random_graphs/graph_20_89_POWLAW_1632192924771168275.txt (Time: 0.00s)
📦 COPIED from HDD: /media/HDD/Projects/ExpDFS/graph_20_89_POWLAW_5529616217668449934.txt -> /home/shahbazk/Projects/DFS_Semi_Streaming/input/random_graphs/graph_20_89_POWLAW_5529616217668449934.txt (Time: 0.00s)
📦 COPIED from HDD: /media/HDD/Projects/ExpDFS/graph_20_89_POWLAW_4552998297316576788.txt -> /home/shahbazk/Projects/DFS_Semi_Streaming/input/random_graphs/graph_20_89_POWLAW_4552998297316576788.txt (Time: 0.00s)
📦 COPIED from HDD: /media/HDD/Projects/ExpDFS/graph_20_89_POWLAW_6802378520969450157.txt -> /home/shahbazk/Projects/DFS_Semi_Streaming/input/random_graphs/graph_20_89_POWLAW_6802378520969450157.txt (Time: 0.00s)
📦 COPIED from HDD: /media/HDD/Projects/ExpDFS/graph_20_89_POWLAW_7706236040662210848.txt -> /home/shahbazk/Projects/DFS_Semi_Streaming/input/random_graphs/graph_20_89_POWLAW_7706236040662210848.txt (Time: 0.00s)
📦 COPIED from HDD: /media/HDD/Projects/ExpDFS/graph_20_89_POWLAW_1647170069535670909.txt -> /home/shahbazk/Projects/DFS_Semi_Streaming/input/random_graphs/graph_20_89_POWLAW_1647170069535670909.txt (Time: 0.00s)
📦 COPIED from HDD: /media/HDD/Projects/ExpDFS/graph_20_89_POWLAW_824387247617288499.txt -> /home/shahbazk/Projects/DFS_Semi_Streaming/input/random_graphs/graph_20_89_POWLAW_824387247617288499.txt (Time: 0.00s)
📦 COPIED from HDD: /media/HDD/Projects/ExpDFS/graph_20_89_POWLAW_3272308573967577038.txt -> /home/shahbazk/Projects/DFS_Semi_Streaming/input/random_graphs/graph_20_89_POWLAW_3272308573967577038.txt (Time: 0.00s)
📦 COPIED from HDD: /media/HDD/Projects/ExpDFS/graph_20_89_POWLAW_4122784633514911760.txt -> /home/shahbazk/Projects/DFS_Semi_Streaming/input/random_graphs/graph_20_89_POWLAW_4122784633514911760.txt (Time: 0.00s)
📦 COPIED from HDD: /media/HDD/Projects/ExpDFS/graph_20_89_POWLAW_6614505080519948832.txt -> /home/shahbazk/Projects/DFS_Semi_Streaming/input/random_graphs/graph_20_89_POWLAW_6614505080519948832.txt (Time: 0.00s)
📦 COPIED from HDD: /media/HDD/Projects/ExpDFS/graph_20_89_POWLAW_7161906730445628483.txt -> /home/shahbazk/Projects/DFS_Semi_Streaming/input/random_graphs/graph_20_89_POWLAW_7161906730445628483.txt (Time: 0.00s)
📦 COPIED from HDD: /media/HDD/Projects/ExpDFS/graph_20_89_POWLAW_6143643868734370809.txt -> /home/shahbazk/Projects/DFS_Semi_Streaming/input/random_graphs/graph_20_89_POWLAW_6143643868734370809.txt (Time: 0.00s)
📦 COPIED from HDD: /media/HDD/Projects/ExpDFS/graph_20_89_POWLAW_5636411189175451024.txt -> /home/shahbazk/Projects/DFS_Semi_Streaming/input/random_graphs/graph_20_89_POWLAW_5636411189175451024.txt (Time: 0.00s)
📦 COPIED from HDD: /media/HDD/Projects/ExpDFS/graph_20_89_POWLAW_7917045922527545890.txt -> /home/shahbazk/Projects/DFS_Semi_Streaming/input/random_graphs/graph_20_89_POWLAW_7917045922527545890.txt (Time: 0.00s)
📦 COPIED from HDD: /media/HDD/Projects/ExpDFS/graph_20_89_POWLAW_5349491008325879064.txt -> /home/shahbazk/Projects/DFS_Semi_Streaming/input/random_graphs/graph_20_89_POWLAW_5349491008325879064.txt (Time: 0.00s)
📦 COPIED from HDD: /media/HDD/Projects/ExpDFS/graph_20_89_POWLAW_7921282862123281598.txt -> /home/shahbazk/Projects/DFS_Semi_Streaming/input/random_graphs/graph_20_89_POWLAW_7921282862123281598.txt (Time: 0.00s)
📦 COPIED from HDD: /media/HDD/Projects/ExpDFS/graph_20_89_POWLAW_1128313391724783137.txt -> /home/shahbazk/Projects/DFS_Semi_Streaming/input/random_graphs/graph_20_89_POWLAW_1128313391724783137.txt (Time: 0.00s)
📦 COPIED from HDD: /media/HDD/Projects/ExpDFS/graph_20_89_POWLAW_3865339568260874865.txt -> /home/shahbazk/Projects/DFS_Semi_Streaming/input/random_graphs/graph_20_89_POWLAW_3865339568260874865.txt (Time: 0.00s)
📦 COPIED from HDD: /media/HDD/Projects/ExpDFS/graph_20_89_POWLAW_4445925461710302877.txt -> /home/shahbazk/Projects/DFS_Semi_Streaming/input/random_graphs/graph_20_89_POWLAW_4445925461710302877.txt (Time: 0.00s)
📦 COPIED from HDD: /media/HDD/Projects/ExpDFS/graph_20_89_POWLAW_5063475852268941542.txt -> /home/shahbazk/Projects/DFS_Semi_Streaming/input/random_graphs/graph_20_89_POWLAW_5063475852268941542.txt (Time: 0.00s)
📦 COPIED from HDD: /media/HDD/Projects/ExpDFS/graph_20_89_POWLAW_716820155901718944.txt -> /home/shahbazk/Projects/DFS_Semi_Streaming/input/random_graphs/graph_20_89_POWLAW_716820155901718944.txt (Time: 0.00s)
📦 COPIED from HDD: /media/HDD/Projects/ExpDFS/graph_20_89_POWLAW_8718380604043999642.txt -> /home/shahbazk/Projects/DFS_Semi_Streaming/input/random_graphs/graph_20_89_POWLAW_8718380604043999642.txt (Time: 0.00s)
📦 COPIED from HDD: /media/HDD/Projects/ExpDFS/graph_20_89_POWLAW_8446481348147407377.txt -> /home/shahbazk/Projects/DFS_Semi_Streaming/input/random_graphs/graph_20_89_POWLAW_8446481348147407377.txt (Time: 0.00s)
📦 COPIED from HDD: /media/HDD/Projects/ExpDFS/graph_20_89_POWLAW_3817405844514670994.txt -> /home/shahbazk/Projects/DFS_Semi_Streaming/input/random_graphs/graph_20_89_POWLAW_3817405844514670994.txt (Time: 0.00s)
📦 COPIED from HDD: /media/HDD/Projects/ExpDFS/graph_20_89_POWLAW_7938560551762094560.txt -> /home/shahbazk/Projects/DFS_Semi_Streaming/input/random_graphs/graph_20_89_POWLAW_7938560551762094560.txt (Time: 0.00s)
📦 COPIED from HDD: /media/HDD/Projects/ExpDFS/graph_20_89_POWLAW_1170385908854608748.txt -> /home/shahbazk/Projects/DFS_Semi_Streaming/input/random_graphs/graph_20_89_POWLAW_1170385908854608748.txt (Time: 0.00s)
📦 COPIED from HDD: /media/HDD/Projects/ExpDFS/graph_20_89_POWLAW_199422815561151340.txt -> /home/shahbazk/Projects/DFS_Semi_Streaming/input/random_graphs/graph_20_89_POWLAW_199422815561151340.txt (Time: 0.00s)
📦 COPIED from HDD: /media/HDD/Projects/ExpDFS/graph_20_89_POWLAW_6022436717541034636.txt -> /home/shahbazk/Projects/DFS_Semi_Streaming/input/random_graphs/graph_20_89_POWLAW_6022436717541034636.txt (Time: 0.00s)
📦 COPIED from HDD: /media/HDD/Projects/ExpDFS/graph_20_89_POWLAW_2909934787168262407.txt -> /home/shahbazk/Projects/DFS_Semi_Streaming/input/random_graphs/graph_20_89_POWLAW_2909934787168262407.txt (Time: 0.00s)
📦 COPIED from HDD: /media/HDD/Projects/ExpDFS/graph_20_89_POWLAW_6529943913552561417.txt -> /home/shahbazk/Projects/DFS_Semi_Streaming/input/random_graphs/graph_20_89_POWLAW_6529943913552561417.txt (Time: 0.00s)
📦 COPIED from HDD: /media/HDD/Projects/ExpDFS/graph_20_89_POWLAW_3713827327871807734.txt -> /home/shahbazk/Projects/DFS_Semi_Streaming/input/random_graphs/graph_20_89_POWLAW_3713827327871807734.txt (Time: 0.00s)
📦 COPIED from HDD: /media/HDD/Projects/ExpDFS/graph_20_89_POWLAW_175493991617213850.txt -> /home/shahbazk/Projects/DFS_Semi_Streaming/input/random_graphs/graph_20_89_POWLAW_175493991617213850.txt (Time: 0.00s)
📦 COPIED from HDD: /media/HDD/Projects/ExpDFS/graph_20_89_POWLAW_6224222471595207695.txt -> /home/shahbazk/Projects/DFS_Semi_Streaming/input/random_graphs/graph_20_89_POWLAW_6224222471595207695.txt (Time: 0.00s)
📦 COPIED from HDD: /media/HDD/Projects/ExpDFS/graph_20_89_POWLAW_5108599054664628607.txt -> /home/shahbazk/Projects/DFS_Semi_Streaming/input/random_graphs/graph_20_89_POWLAW_5108599054664628607.txt (Time: 0.00s)
📦 COPIED from HDD: /media/HDD/Projects/ExpDFS/graph_20_89_POWLAW_9130666990809746335.txt -> /home/shahbazk/Projects/DFS_Semi_Streaming/input/random_graphs/graph_20_89_POWLAW_9130666990809746335.txt (Time: 0.00s)
📦 COPIED from HDD: /media/HDD/Projects/ExpDFS/graph_20_89_POWLAW_4997514996153925447.txt -> /home/shahbazk/Projects/DFS_Semi_Streaming/input/random_graphs/graph_20_89_POWLAW_4997514996153925447.txt (Time: 0.00s)
📦 COPIED from HDD: /media/HDD/Projects/ExpDFS/graph_20_89_POWLAW_6764066939395682287.txt -> /home/shahbazk/Projects/DFS_Semi_Streaming/input/random_graphs/graph_20_89_POWLAW_6764066939395682287.txt (Time: 0.00s)
📦 COPIED from HDD: /media/HDD/Projects/ExpDFS/graph_20_89_POWLAW_7644420139408884785.txt -> /home/shahbazk/Projects/DFS_Semi_Streaming/input/random_graphs/graph_20_89_POWLAW_7644420139408884785.txt (Time: 0.00s)
📦 COPIED from HDD: /media/HDD/Projects/ExpDFS/graph_20_89_POWLAW_8794274795737982182.txt -> /home/shahbazk/Projects/DFS_Semi_Streaming/input/random_graphs/graph_20_89_POWLAW_8794274795737982182.txt (Time: 0.00s)
📦 COPIED from HDD: /media/HDD/Projects/ExpDFS/graph_20_89_POWLAW_1392892770529522614.txt -> /home/shahbazk/Projects/DFS_Semi_Streaming/input/random_graphs/graph_20_89_POWLAW_1392892770529522614.txt (Time: 0.00s)
📦 COPIED from HDD: /media/HDD/Projects/ExpDFS/graph_20_89_POWLAW_1458186392400727732.txt -> /home/shahbazk/Projects/DFS_Semi_Streaming/input/random_graphs/graph_20_89_POWLAW_1458186392400727732.txt (Time: 0.00s)
📦 COPIED from HDD: /media/HDD/Projects/ExpDFS/graph_20_89_POWLAW_2089506265998900862.txt -> /home/shahbazk/Projects/DFS_Semi_Streaming/input/random_graphs/graph_20_89_POWLAW_2089506265998900862.txt (Time: 0.00s)
📦 COPIED from HDD: /media/HDD/Projects/ExpDFS/graph_20_89_POWLAW_4250897495980125004.txt -> /home/shahbazk/Projects/DFS_Semi_Streaming/input/random_graphs/graph_20_89_POWLAW_4250897495980125004.txt (Time: 0.00s)
📦 COPIED from HDD: /media/HDD/Projects/ExpDFS/graph_20_89_POWLAW_5497874167834979553.txt -> /home/shahbazk/Projects/DFS_Semi_Streaming/input/random_graphs/graph_20_89_POWLAW_5497874167834979553.txt (Time: 0.00s)
📦 COPIED from HDD: /media/HDD/Projects/ExpDFS/graph_20_89_POWLAW_1722224698700348310.txt -> /home/shahbazk/Projects/DFS_Semi_Streaming/input/random_graphs/graph_20_89_POWLAW_1722224698700348310.txt (Time: 0.00s)
📦 COPIED from HDD: /media/HDD/Projects/ExpDFS/graph_20_89_POWLAW_9060210648189963449.txt -> /home/shahbazk/Projects/DFS_Semi_Streaming/input/random_graphs/graph_20_89_POWLAW_9060210648189963449.txt (Time: 0.00s)
📦 COPIED from HDD: /media/HDD/Projects/ExpDFS/graph_20_89_POWLAW_1332005502874566195.txt -> /home/shahbazk/Projects/DFS_Semi_Streaming/input/random_graphs/graph_20_89_POWLAW_1332005502874566195.txt (Time: 0.00s)
📦 COPIED from HDD: /media/HDD/Projects/ExpDFS/graph_20_89_POWLAW_8626102704817790064.txt -> /home/shahbazk/Projects/DFS_Semi_Streaming/input/random_graphs/graph_20_89_POWLAW_8626102704817790064.txt (Time: 0.00s)
📦 COPIED from HDD: /media/HDD/Projects/ExpDFS/graph_20_89_POWLAW_4795749165124911768.txt -> /home/shahbazk/Projects/DFS_Semi_Streaming/input/random_graphs/graph_20_89_POWLAW_4795749165124911768.txt (Time: 0.00s)
📦 COPIED from HDD: /media/HDD/Projects/ExpDFS/graph_20_89_POWLAW_4060584409398689268.txt -> /home/shahbazk/Projects/DFS_Semi_Streaming/input/random_graphs/graph_20_89_POWLAW_4060584409398689268.txt (Time: 0.00s)
📦 COPIED from HDD: /media/HDD/Projects/ExpDFS/graph_20_89_POWLAW_4934890601268679176.txt -> /home/shahbazk/Projects/DFS_Semi_Streaming/input/random_graphs/graph_20_89_POWLAW_4934890601268679176.txt (Time: 0.00s)
📦 COPIED from HDD: /media/HDD/Projects/ExpDFS/graph_20_89_POWLAW_7905487461282246979.txt -> /home/shahbazk/Projects/DFS_Semi_Streaming/input/random_graphs/graph_20_89_POWLAW_7905487461282246979.txt (Time: 0.00s)
📦 COPIED from HDD: /media/HDD/Projects/ExpDFS/graph_20_89_POWLAW_8448596294177070022.txt -> /home/shahbazk/Projects/DFS_Semi_Streaming/input/random_graphs/graph_20_89_POWLAW_8448596294177070022.txt (Time: 0.00s)
📦 COPIED from HDD: /media/HDD/Projects/ExpDFS/graph_20_89_POWLAW_9059990922233379852.txt -> /home/shahbazk/Projects/DFS_Semi_Streaming/input/random_graphs/graph_20_89_POWLAW_9059990922233379852.txt (Time: 0.00s)
📦 COPIED from HDD: /media/HDD/Projects/ExpDFS/graph_20_89_POWLAW_1992204328026194281.txt -> /home/shahbazk/Projects/DFS_Semi_Streaming/input/random_graphs/graph_20_89_POWLAW_1992204328026194281.txt (Time: 0.00s)
📦 COPIED from HDD: /media/HDD/Projects/ExpDFS/graph_20_89_POWLAW_2718103348384927511.txt -> /home/shahbazk/Projects/DFS_Semi_Streaming/input/random_graphs/graph_20_89_POWLAW_2718103348384927511.txt (Time: 0.00s)
📦 COPIED from HDD: /media/HDD/Projects/ExpDFS/graph_20_89_POWLAW_7118744415197196276.txt -> /home/shahbazk/Projects/DFS_Semi_Streaming/input/random_graphs/graph_20_89_POWLAW_7118744415197196276.txt (Time: 0.00s)
📦 COPIED from HDD: /media/HDD/Projects/ExpDFS/graph_20_89_POWLAW_3221421291694197220.txt -> /home/shahbazk/Projects/DFS_Semi_Streaming/input/random_graphs/graph_20_89_POWLAW_3221421291694197220.txt (Time: 0.00s)
📦 COPIED from HDD: /media/HDD/Projects/ExpDFS/graph_20_89_POWLAW_7449662661572224354.txt -> /home/shahbazk/Projects/DFS_Semi_Streaming/input/random_graphs/graph_20_89_POWLAW_7449662661572224354.txt (Time: 0.00s)
📦 COPIED from HDD: /media/HDD/Projects/ExpDFS/graph_20_89_POWLAW_8867616339855336876.txt -> /home/shahbazk/Projects/DFS_Semi_Streaming/input/random_graphs/graph_20_89_POWLAW_8867616339855336876.txt (Time: 0.00s)
📦 COPIED from HDD: /media/HDD/Projects/ExpDFS/graph_20_89_POWLAW_2264398621601381987.txt -> /home/shahbazk/Projects/DFS_Semi_Streaming/input/random_graphs/graph_20_89_POWLAW_2264398621601381987.txt (Time: 0.00s)
📦 COPIED from HDD: /media/HDD/Projects/ExpDFS/graph_20_89_POWLAW_5894893360759659423.txt -> /home/shahbazk/Projects/DFS_Semi_Streaming/input/random_graphs/graph_20_89_POWLAW_5894893360759659423.txt (Time: 0.00s)
📦 COPIED from HDD: /media/HDD/Projects/ExpDFS/graph_20_89_POWLAW_7632458674696225362.txt -> /home/shahbazk/Projects/DFS_Semi_Streaming/input/random_graphs/graph_20_89_POWLAW_7632458674696225362.txt (Time: 0.00s)
📦 COPIED from HDD: /media/HDD/Projects/ExpDFS/graph_20_89_POWLAW_7983805977214098674.txt -> /home/shahbazk/Projects/DFS_Semi_Streaming/input/random_graphs/graph_20_89_POWLAW_7983805977214098674.txt (Time: 0.00s)
📦 COPIED from HDD: /media/HDD/Projects/ExpDFS/graph_20_89_POWLAW_4940913311242578590.txt -> /home/shahbazk/Projects/DFS_Semi_Streaming/input/random_graphs/graph_20_89_POWLAW_4940913311242578590.txt (Time: 0.00s)
📦 COPIED from HDD: /media/HDD/Projects/ExpDFS/graph_30_164_POWLAW_3881801951614183357.txt -> /home/shahbazk/Projects/DFS_Semi_Streaming/input/random_graphs/graph_30_164_POWLAW_3881801951614183357.txt (Time: 0.00s)
📦 COPIED from HDD: /media/HDD/Projects/ExpDFS/graph_30_164_POWLAW_7599700178212337699.txt -> /home/shahbazk/Projects/DFS_Semi_Streaming/input/random_graphs/graph_30_164_POWLAW_7599700178212337699.txt (Time: 0.00s)
📦 COPIED from HDD: /media/HDD/Projects/ExpDFS/graph_30_164_POWLAW_1353182403971399009.txt -> /home/shahbazk/Projects/DFS_Semi_Streaming/input/random_graphs/graph_30_164_POWLAW_1353182403971399009.txt (Time: 0.00s)
📦 COPIED from HDD: /media/HDD/Projects/ExpDFS/graph_30_164_POWLAW_1070244953599069350.txt -> /home/shahbazk/Projects/DFS_Semi_Streaming/input/random_graphs/graph_30_164_POWLAW_1070244953599069350.txt (Time: 0.00s)
📦 COPIED from HDD: /media/HDD/Projects/ExpDFS/graph_30_164_POWLAW_7871178979383552919.txt -> /home/shahbazk/Projects/DFS_Semi_Streaming/input/random_graphs/graph_30_164_POWLAW_7871178979383552919.txt (Time: 0.00s)
📦 COPIED from HDD: /media/HDD/Projects/ExpDFS/graph_30_164_POWLAW_5739955973604961613.txt -> /home/shahbazk/Projects/DFS_Semi_Streaming/input/random_graphs/graph_30_164_POWLAW_5739955973604961613.txt (Time: 0.00s)
📦 COPIED from HDD: /media/HDD/Projects/ExpDFS/graph_30_164_POWLAW_6938562734920028532.txt -> /home/shahbazk/Projects/DFS_Semi_Streaming/input/random_graphs/graph_30_164_POWLAW_6938562734920028532.txt (Time: 0.00s)
📦 COPIED from HDD: /media/HDD/Projects/ExpDFS/graph_30_164_POWLAW_7032710160631691991.txt -> /home/shahbazk/Projects/DFS_Semi_Streaming/input/random_graphs/graph_30_164_POWLAW_7032710160631691991.txt (Time: 0.00s)
📦 COPIED from HDD: /media/HDD/Projects/ExpDFS/graph_30_164_POWLAW_6522163754831416203.txt -> /home/shahbazk/Projects/DFS_Semi_Streaming/input/random_graphs/graph_30_164_POWLAW_6522163754831416203.txt (Time: 0.00s)
📦 COPIED from HDD: /media/HDD/Projects/ExpDFS/graph_30_164_POWLAW_1250005700364523649.txt -> /home/shahbazk/Projects/DFS_Semi_Streaming/input/random_graphs/graph_30_164_POWLAW_1250005700364523649.txt (Time: 0.00s)
📦 COPIED from HDD: /media/HDD/Projects/ExpDFS/graph_30_164_POWLAW_4040737767143389431.txt -> /home/shahbazk/Projects/DFS_Semi_Streaming/input/random_graphs/graph_30_164_POWLAW_4040737767143389431.txt (Time: 0.00s)
📦 COPIED from HDD: /media/HDD/Projects/ExpDFS/graph_30_164_POWLAW_1309542850049879452.txt -> /home/shahbazk/Projects/DFS_Semi_Streaming/input/random_graphs/graph_30_164_POWLAW_1309542850049879452.txt (Time: 0.00s)
📦 COPIED from HDD: /media/HDD/Projects/ExpDFS/graph_30_164_POWLAW_5906957480796939447.txt -> /home/shahbazk/Projects/DFS_Semi_Streaming/input/random_graphs/graph_30_164_POWLAW_5906957480796939447.txt (Time: 0.00s)
📦 COPIED from HDD: /media/HDD/Projects/ExpDFS/graph_30_164_POWLAW_7663871783842725848.txt -> /home/shahbazk/Projects/DFS_Semi_Streaming/input/random_graphs/graph_30_164_POWLAW_7663871783842725848.txt (Time: 0.00s)
📦 COPIED from HDD: /media/HDD/Projects/ExpDFS/graph_30_164_POWLAW_2429002973740178792.txt -> /home/shahbazk/Projects/DFS_Semi_Streaming/input/random_graphs/graph_30_164_POWLAW_2429002973740178792.txt (Time: 0.00s)
📦 COPIED from HDD: /media/HDD/Projects/ExpDFS/graph_30_164_POWLAW_7146860528564146064.txt -> /home/shahbazk/Projects/DFS_Semi_Streaming/input/random_graphs/graph_30_164_POWLAW_7146860528564146064.txt (Time: 0.00s)
📦 COPIED from HDD: /media/HDD/Projects/ExpDFS/graph_30_164_POWLAW_7473196763798409428.txt -> /home/shahbazk/Projects/DFS_Semi_Streaming/input/random_graphs/graph_30_164_POWLAW_7473196763798409428.txt (Time: 0.00s)
📦 COPIED from HDD: /media/HDD/Projects/ExpDFS/graph_30_164_POWLAW_320375091487821987.txt -> /home/shahbazk/Projects/DFS_Semi_Streaming/input/random_graphs/graph_30_164_POWLAW_320375091487821987.txt (Time: 0.00s)
📦 COPIED from HDD: /media/HDD/Projects/ExpDFS/graph_30_164_POWLAW_5142811650494845597.txt -> /home/shahbazk/Projects/DFS_Semi_Streaming/input/random_graphs/graph_30_164_POWLAW_5142811650494845597.txt (Time: 0.00s)
📦 COPIED from HDD: /media/HDD/Projects/ExpDFS/graph_30_164_POWLAW_6002685213311538187.txt -> /home/shahbazk/Projects/DFS_Semi_Streaming/input/random_graphs/graph_30_164_POWLAW_6002685213311538187.txt (Time: 0.00s)
📦 COPIED from HDD: /media/HDD/Projects/ExpDFS/graph_30_164_POWLAW_3438400432146115956.txt -> /home/shahbazk/Projects/DFS_Semi_Streaming/input/random_graphs/graph_30_164_POWLAW_3438400432146115956.txt (Time: 0.00s)
📦 COPIED from HDD: /media/HDD/Projects/ExpDFS/graph_30_164_POWLAW_1250773459040295677.txt -> /home/shahbazk/Projects/DFS_Semi_Streaming/input/random_graphs/graph_30_164_POWLAW_1250773459040295677.txt (Time: 0.00s)
📦 COPIED from HDD: /media/HDD/Projects/ExpDFS/graph_30_164_POWLAW_6230961512046992311.txt -> /home/shahbazk/Projects/DFS_Semi_Streaming/input/random_graphs/graph_30_164_POWLAW_6230961512046992311.txt (Time: 0.00s)
📦 COPIED from HDD: /media/HDD/Projects/ExpDFS/graph_30_164_POWLAW_3010622984418968408.txt -> /home/shahbazk/Projects/DFS_Semi_Streaming/input/random_graphs/graph_30_164_POWLAW_3010622984418968408.txt (Time: 0.00s)
📦 COPIED from HDD: /media/HDD/Projects/ExpDFS/graph_20_89_POWLAW_6230961512046992311.txt -> /home/shahbazk/Projects/DFS_Semi_Streaming/input/random_graphs/graph_20_89_POWLAW_6230961512046992311.txt (Time: 0.00s)
📦 COPIED from HDD: /media/HDD/Projects/ExpDFS/graph_30_164_POWLAW_521787134863155063.txt -> /home/shahbazk/Projects/DFS_Semi_Streaming/input/random_graphs/graph_30_164_POWLAW_521787134863155063.txt (Time: 0.00s)
📦 COPIED from HDD: /media/HDD/Projects/ExpDFS/graph_30_164_POWLAW_5708372698381010775.txt -> /home/shahbazk/Projects/DFS_Semi_Streaming/input/random_graphs/graph_30_164_POWLAW_5708372698381010775.txt (Time: 0.00s)
📦 COPIED from HDD: /media/HDD/Projects/ExpDFS/graph_30_164_POWLAW_1853590723603270879.txt -> /home/shahbazk/Projects/DFS_Semi_Streaming/input/random_graphs/graph_30_164_POWLAW_1853590723603270879.txt (Time: 0.00s)
📦 COPIED from HDD: /media/HDD/Projects/ExpDFS/graph_30_164_POWLAW_7029781962072644698.txt -> /home/shahbazk/Projects/DFS_Semi_Streaming/input/random_graphs/graph_30_164_POWLAW_7029781962072644698.txt (Time: 0.00s)
📦 COPIED from HDD: /media/HDD/Projects/ExpDFS/graph_30_164_POWLAW_6785030173969523435.txt -> /home/shahbazk/Projects/DFS_Semi_Streaming/input/random_graphs/graph_30_164_POWLAW_6785030173969523435.txt (Time: 0.00s)
📦 COPIED from HDD: /media/HDD/Projects/ExpDFS/graph_30_164_POWLAW_1731523882129807996.txt -> /home/shahbazk/Projects/DFS_Semi_Streaming/input/random_graphs/graph_30_164_POWLAW_1731523882129807996.txt (Time: 0.00s)
📦 COPIED from HDD: /media/HDD/Projects/ExpDFS/graph_30_164_POWLAW_5139481885857321791.txt -> /home/shahbazk/Projects/DFS_Semi_Streaming/input/random_graphs/graph_30_164_POWLAW_5139481885857321791.txt (Time: 0.00s)
📦 COPIED from HDD: /media/HDD/Projects/ExpDFS/graph_30_164_POWLAW_5258051056098597521.txt -> /home/shahbazk/Projects/DFS_Semi_Streaming/input/random_graphs/graph_30_164_POWLAW_5258051056098597521.txt (Time: 0.00s)
📦 COPIED from HDD: /media/HDD/Projects/ExpDFS/graph_30_164_POWLAW_1024517563182776983.txt -> /home/shahbazk/Projects/DFS_Semi_Streaming/input/random_graphs/graph_30_164_POWLAW_1024517563182776983.txt (Time: 0.00s)
📦 COPIED from HDD: /media/HDD/Projects/ExpDFS/graph_30_164_POWLAW_1647170069535670909.txt -> /home/shahbazk/Projects/DFS_Semi_Streaming/input/random_graphs/graph_30_164_POWLAW_1647170069535670909.txt (Time: 0.00s)
📦 COPIED from HDD: /media/HDD/Projects/ExpDFS/graph_30_164_POWLAW_5529616217668449934.txt -> /home/shahbazk/Projects/DFS_Semi_Streaming/input/random_graphs/graph_30_164_POWLAW_5529616217668449934.txt (Time: 0.00s)
📦 COPIED from HDD: /media/HDD/Projects/ExpDFS/graph_30_164_POWLAW_3224265581699847191.txt -> /home/shahbazk/Projects/DFS_Semi_Streaming/input/random_graphs/graph_30_164_POWLAW_3224265581699847191.txt (Time: 0.00s)
📦 COPIED from HDD: /media/HDD/Projects/ExpDFS/graph_30_164_POWLAW_7706236040662210848.txt -> /home/shahbazk/Projects/DFS_Semi_Streaming/input/random_graphs/graph_30_164_POWLAW_7706236040662210848.txt (Time: 0.00s)
📦 COPIED from HDD: /media/HDD/Projects/ExpDFS/graph_30_164_POWLAW_824387247617288499.txt -> /home/shahbazk/Projects/DFS_Semi_Streaming/input/random_graphs/graph_30_164_POWLAW_824387247617288499.txt (Time: 0.00s)
📦 COPIED from HDD: /media/HDD/Projects/ExpDFS/graph_30_164_POWLAW_4552998297316576788.txt -> /home/shahbazk/Projects/DFS_Semi_Streaming/input/random_graphs/graph_30_164_POWLAW_4552998297316576788.txt (Time: 0.00s)
📦 COPIED from HDD: /media/HDD/Projects/ExpDFS/graph_30_164_POWLAW_7161906730445628483.txt -> /home/shahbazk/Projects/DFS_Semi_Streaming/input/random_graphs/graph_30_164_POWLAW_7161906730445628483.txt (Time: 0.00s)
📦 COPIED from HDD: /media/HDD/Projects/ExpDFS/graph_30_164_POWLAW_4122784633514911760.txt -> /home/shahbazk/Projects/DFS_Semi_Streaming/input/random_graphs/graph_30_164_POWLAW_4122784633514911760.txt (Time: 0.00s)
📦 COPIED from HDD: /media/HDD/Projects/ExpDFS/graph_30_164_POWLAW_1632192924771168275.txt -> /home/shahbazk/Projects/DFS_Semi_Streaming/input/random_graphs/graph_30_164_POWLAW_1632192924771168275.txt (Time: 0.00s)
📦 COPIED from HDD: /media/HDD/Projects/ExpDFS/graph_30_164_POWLAW_6802378520969450157.txt -> /home/shahbazk/Projects/DFS_Semi_Streaming/input/random_graphs/graph_30_164_POWLAW_6802378520969450157.txt (Time: 0.00s)
📦 COPIED from HDD: /media/HDD/Projects/ExpDFS/graph_30_164_POWLAW_3272308573967577038.txt -> /home/shahbazk/Projects/DFS_Semi_Streaming/input/random_graphs/graph_30_164_POWLAW_3272308573967577038.txt (Time: 0.00s)
📦 COPIED from HDD: /media/HDD/Projects/ExpDFS/graph_30_164_POWLAW_5349491008325879064.txt -> /home/shahbazk/Projects/DFS_Semi_Streaming/input/random_graphs/graph_30_164_POWLAW_5349491008325879064.txt (Time: 0.00s)
📦 COPIED from HDD: /media/HDD/Projects/ExpDFS/graph_30_164_POWLAW_7938560551762094560.txt -> /home/shahbazk/Projects/DFS_Semi_Streaming/input/random_graphs/graph_30_164_POWLAW_7938560551762094560.txt (Time: 0.00s)
📦 COPIED from HDD: /media/HDD/Projects/ExpDFS/graph_30_164_POWLAW_8031431416522537101.txt -> /home/shahbazk/Projects/DFS_Semi_Streaming/input/random_graphs/graph_30_164_POWLAW_8031431416522537101.txt (Time: 0.00s)
📦 COPIED from HDD: /media/HDD/Projects/ExpDFS/graph_30_164_POWLAW_6143643868734370809.txt -> /home/shahbazk/Projects/DFS_Semi_Streaming/input/random_graphs/graph_30_164_POWLAW_6143643868734370809.txt (Time: 0.00s)
📦 COPIED from HDD: /media/HDD/Projects/ExpDFS/graph_30_164_POWLAW_6614505080519948832.txt -> /home/shahbazk/Projects/DFS_Semi_Streaming/input/random_graphs/graph_30_164_POWLAW_6614505080519948832.txt (Time: 0.00s)
📦 COPIED from HDD: /media/HDD/Projects/ExpDFS/graph_30_164_POWLAW_7917045922527545890.txt -> /home/shahbazk/Projects/DFS_Semi_Streaming/input/random_graphs/graph_30_164_POWLAW_7917045922527545890.txt (Time: 0.00s)
📦 COPIED from HDD: /media/HDD/Projects/ExpDFS/graph_30_164_POWLAW_3865339568260874865.txt -> /home/shahbazk/Projects/DFS_Semi_Streaming/input/random_graphs/graph_30_164_POWLAW_3865339568260874865.txt (Time: 0.00s)
📦 COPIED from HDD: /media/HDD/Projects/ExpDFS/graph_30_164_POWLAW_5636411189175451024.txt -> /home/shahbazk/Projects/DFS_Semi_Streaming/input/random_graphs/graph_30_164_POWLAW_5636411189175451024.txt (Time: 0.00s)
📦 COPIED from HDD: /media/HDD/Projects/ExpDFS/graph_30_164_POWLAW_4445925461710302877.txt -> /home/shahbazk/Projects/DFS_Semi_Streaming/input/random_graphs/graph_30_164_POWLAW_4445925461710302877.txt (Time: 0.00s)
📦 COPIED from HDD: /media/HDD/Projects/ExpDFS/graph_30_164_POWLAW_6224222471595207695.txt -> /home/shahbazk/Projects/DFS_Semi_Streaming/input/random_graphs/graph_30_164_POWLAW_6224222471595207695.txt (Time: 0.00s)
📦 COPIED from HDD: /media/HDD/Projects/ExpDFS/graph_30_164_POWLAW_4997514996153925447.txt -> /home/shahbazk/Projects/DFS_Semi_Streaming/input/random_graphs/graph_30_164_POWLAW_4997514996153925447.txt (Time: 0.00s)
📦 COPIED from HDD: /media/HDD/Projects/ExpDFS/graph_30_164_POWLAW_1128313391724783137.txt -> /home/shahbazk/Projects/DFS_Semi_Streaming/input/random_graphs/graph_30_164_POWLAW_1128313391724783137.txt (Time: 0.00s)
📦 COPIED from HDD: /media/HDD/Projects/ExpDFS/graph_30_164_POWLAW_7921282862123281598.txt -> /home/shahbazk/Projects/DFS_Semi_Streaming/input/random_graphs/graph_30_164_POWLAW_7921282862123281598.txt (Time: 0.00s)
📦 COPIED from HDD: /media/HDD/Projects/ExpDFS/graph_30_164_POWLAW_716820155901718944.txt -> /home/shahbazk/Projects/DFS_Semi_Streaming/input/random_graphs/graph_30_164_POWLAW_716820155901718944.txt (Time: 0.00s)
📦 COPIED from HDD: /media/HDD/Projects/ExpDFS/graph_30_164_POWLAW_8718380604043999642.txt -> /home/shahbazk/Projects/DFS_Semi_Streaming/input/random_graphs/graph_30_164_POWLAW_8718380604043999642.txt (Time: 0.00s)
📦 COPIED from HDD: /media/HDD/Projects/ExpDFS/graph_30_164_POWLAW_8446481348147407377.txt -> /home/shahbazk/Projects/DFS_Semi_Streaming/input/random_graphs/graph_30_164_POWLAW_8446481348147407377.txt (Time: 0.00s)
📦 COPIED from HDD: /media/HDD/Projects/ExpDFS/graph_30_164_POWLAW_5063475852268941542.txt -> /home/shahbazk/Projects/DFS_Semi_Streaming/input/random_graphs/graph_30_164_POWLAW_5063475852268941542.txt (Time: 0.00s)
📦 COPIED from HDD: /media/HDD/Projects/ExpDFS/graph_30_164_POWLAW_6529943913552561417.txt -> /home/shahbazk/Projects/DFS_Semi_Streaming/input/random_graphs/graph_30_164_POWLAW_6529943913552561417.txt (Time: 0.00s)
📦 COPIED from HDD: /media/HDD/Projects/ExpDFS/graph_30_164_POWLAW_2909934787168262407.txt -> /home/shahbazk/Projects/DFS_Semi_Streaming/input/random_graphs/graph_30_164_POWLAW_2909934787168262407.txt (Time: 0.00s)
📦 COPIED from HDD: /media/HDD/Projects/ExpDFS/graph_30_164_POWLAW_1170385908854608748.txt -> /home/shahbazk/Projects/DFS_Semi_Streaming/input/random_graphs/graph_30_164_POWLAW_1170385908854608748.txt (Time: 0.00s)
📦 COPIED from HDD: /media/HDD/Projects/ExpDFS/graph_30_164_POWLAW_199422815561151340.txt -> /home/shahbazk/Projects/DFS_Semi_Streaming/input/random_graphs/graph_30_164_POWLAW_199422815561151340.txt (Time: 0.00s)
📦 COPIED from HDD: /media/HDD/Projects/ExpDFS/graph_30_164_POWLAW_3817405844514670994.txt -> /home/shahbazk/Projects/DFS_Semi_Streaming/input/random_graphs/graph_30_164_POWLAW_3817405844514670994.txt (Time: 0.00s)
📦 COPIED from HDD: /media/HDD/Projects/ExpDFS/graph_30_164_POWLAW_5108599054664628607.txt -> /home/shahbazk/Projects/DFS_Semi_Streaming/input/random_graphs/graph_30_164_POWLAW_5108599054664628607.txt (Time: 0.00s)
📦 COPIED from HDD: /media/HDD/Projects/ExpDFS/graph_30_164_POWLAW_175493991617213850.txt -> /home/shahbazk/Projects/DFS_Semi_Streaming/input/random_graphs/graph_30_164_POWLAW_175493991617213850.txt (Time: 0.00s)
📦 COPIED from HDD: /media/HDD/Projects/ExpDFS/graph_30_164_POWLAW_6022436717541034636.txt -> /home/shahbazk/Projects/DFS_Semi_Streaming/input/random_graphs/graph_30_164_POWLAW_6022436717541034636.txt (Time: 0.00s)
📦 COPIED from HDD: /media/HDD/Projects/ExpDFS/graph_30_164_POWLAW_3713827327871807734.txt -> /home/shahbazk/Projects/DFS_Semi_Streaming/input/random_graphs/graph_30_164_POWLAW_3713827327871807734.txt (Time: 0.00s)
📦 COPIED from HDD: /media/HDD/Projects/ExpDFS/graph_30_164_POWLAW_6764066939395682287.txt -> /home/shahbazk/Projects/DFS_Semi_Streaming/input/random_graphs/graph_30_164_POWLAW_6764066939395682287.txt (Time: 0.00s)
📦 COPIED from HDD: /media/HDD/Projects/ExpDFS/graph_30_164_POWLAW_1458186392400727732.txt -> /home/shahbazk/Projects/DFS_Semi_Streaming/input/random_graphs/graph_30_164_POWLAW_1458186392400727732.txt (Time: 0.00s)
📦 COPIED from HDD: /media/HDD/Projects/ExpDFS/graph_30_164_POWLAW_7644420139408884785.txt -> /home/shahbazk/Projects/DFS_Semi_Streaming/input/random_graphs/graph_30_164_POWLAW_7644420139408884785.txt (Time: 0.00s)
📦 COPIED from HDD: /media/HDD/Projects/ExpDFS/graph_30_164_POWLAW_1392892770529522614.txt -> /home/shahbazk/Projects/DFS_Semi_Streaming/input/random_graphs/graph_30_164_POWLAW_1392892770529522614.txt (Time: 0.00s)
📦 COPIED from HDD: /media/HDD/Projects/ExpDFS/graph_30_164_POWLAW_9060210648189963449.txt -> /home/shahbazk/Projects/DFS_Semi_Streaming/input/random_graphs/graph_30_164_POWLAW_9060210648189963449.txt (Time: 0.00s)
📦 COPIED from HDD: /media/HDD/Projects/ExpDFS/graph_30_164_POWLAW_8794274795737982182.txt -> /home/shahbazk/Projects/DFS_Semi_Streaming/input/random_graphs/graph_30_164_POWLAW_8794274795737982182.txt (Time: 0.00s)
📦 COPIED from HDD: /media/HDD/Projects/ExpDFS/graph_30_164_POWLAW_9130666990809746335.txt -> /home/shahbazk/Projects/DFS_Semi_Streaming/input/random_graphs/graph_30_164_POWLAW_9130666990809746335.txt (Time: 0.00s)
📦 COPIED from HDD: /media/HDD/Projects/ExpDFS/graph_30_164_POWLAW_2089506265998900862.txt -> /home/shahbazk/Projects/DFS_Semi_Streaming/input/random_graphs/graph_30_164_POWLAW_2089506265998900862.txt (Time: 0.00s)
📦 COPIED from HDD: /media/HDD/Projects/ExpDFS/graph_30_164_POWLAW_4250897495980125004.txt -> /home/shahbazk/Projects/DFS_Semi_Streaming/input/random_graphs/graph_30_164_POWLAW_4250897495980125004.txt (Time: 0.00s)
📦 COPIED from HDD: /media/HDD/Projects/ExpDFS/graph_30_164_POWLAW_4060584409398689268.txt -> /home/shahbazk/Projects/DFS_Semi_Streaming/input/random_graphs/graph_30_164_POWLAW_4060584409398689268.txt (Time: 0.00s)
📦 COPIED from HDD: /media/HDD/Projects/ExpDFS/graph_30_164_POWLAW_8626102704817790064.txt -> /home/shahbazk/Projects/DFS_Semi_Streaming/input/random_graphs/graph_30_164_POWLAW_8626102704817790064.txt (Time: 0.00s)
📦 COPIED from HDD: /media/HDD/Projects/ExpDFS/graph_30_164_POWLAW_1332005502874566195.txt -> /home/shahbazk/Projects/DFS_Semi_Streaming/input/random_graphs/graph_30_164_POWLAW_1332005502874566195.txt (Time: 0.00s)
📦 COPIED from HDD: /media/HDD/Projects/ExpDFS/graph_30_164_POWLAW_7905487461282246979.txt -> /home/shahbazk/Projects/DFS_Semi_Streaming/input/random_graphs/graph_30_164_POWLAW_7905487461282246979.txt (Time: 0.00s)
📦 COPIED from HDD: /media/HDD/Projects/ExpDFS/graph_30_164_POWLAW_1722224698700348310.txt -> /home/shahbazk/Projects/DFS_Semi_Streaming/input/random_graphs/graph_30_164_POWLAW_1722224698700348310.txt (Time: 0.00s)
📦 COPIED from HDD: /media/HDD/Projects/ExpDFS/graph_30_164_POWLAW_5497874167834979553.txt -> /home/shahbazk/Projects/DFS_Semi_Streaming/input/random_graphs/graph_30_164_POWLAW_5497874167834979553.txt (Time: 0.00s)
📦 COPIED from HDD: /media/HDD/Projects/ExpDFS/graph_30_164_POWLAW_4795749165124911768.txt -> /home/shahbazk/Projects/DFS_Semi_Streaming/input/random_graphs/graph_30_164_POWLAW_4795749165124911768.txt (Time: 0.00s)
📦 COPIED from HDD: /media/HDD/Projects/ExpDFS/graph_30_164_POWLAW_4934890601268679176.txt -> /home/shahbazk/Projects/DFS_Semi_Streaming/input/random_graphs/graph_30_164_POWLAW_4934890601268679176.txt (Time: 0.00s)
📦 COPIED from HDD: /media/HDD/Projects/ExpDFS/graph_30_164_POWLAW_8448596294177070022.txt -> /home/shahbazk/Projects/DFS_Semi_Streaming/input/random_graphs/graph_30_164_POWLAW_8448596294177070022.txt (Time: 0.00s)
📦 COPIED from HDD: /media/HDD/Projects/ExpDFS/graph_30_164_POWLAW_7118744415197196276.txt -> /home/shahbazk/Projects/DFS_Semi_Streaming/input/random_graphs/graph_30_164_POWLAW_7118744415197196276.txt (Time: 0.00s)
📦 COPIED from HDD: /media/HDD/Projects/ExpDFS/graph_30_164_POWLAW_2718103348384927511.txt -> /home/shahbazk/Projects/DFS_Semi_Streaming/input/random_graphs/graph_30_164_POWLAW_2718103348384927511.txt (Time: 0.00s)
📦 COPIED from HDD: /media/HDD/Projects/ExpDFS/graph_30_164_POWLAW_1992204328026194281.txt -> /home/shahbazk/Projects/DFS_Semi_Streaming/input/random_graphs/graph_30_164_POWLAW_1992204328026194281.txt (Time: 0.00s)
📦 COPIED from HDD: /media/HDD/Projects/ExpDFS/graph_30_164_POWLAW_7449662661572224354.txt -> /home/shahbazk/Projects/DFS_Semi_Streaming/input/random_graphs/graph_30_164_POWLAW_7449662661572224354.txt (Time: 0.00s)
📦 COPIED from HDD: /media/HDD/Projects/ExpDFS/graph_30_164_POWLAW_9059990922233379852.txt -> /home/shahbazk/Projects/DFS_Semi_Streaming/input/random_graphs/graph_30_164_POWLAW_9059990922233379852.txt (Time: 0.00s)
📦 COPIED from HDD: /media/HDD/Projects/ExpDFS/graph_30_164_POWLAW_3221421291694197220.txt -> /home/shahbazk/Projects/DFS_Semi_Streaming/input/random_graphs/graph_30_164_POWLAW_3221421291694197220.txt (Time: 0.00s)
📦 COPIED from HDD: /media/HDD/Projects/ExpDFS/graph_30_164_POWLAW_8867616339855336876.txt -> /home/shahbazk/Projects/DFS_Semi_Streaming/input/random_graphs/graph_30_164_POWLAW_8867616339855336876.txt (Time: 0.00s)
📦 COPIED from HDD: /media/HDD/Projects/ExpDFS/graph_30_164_POWLAW_7983805977214098674.txt -> /home/shahbazk/Projects/DFS_Semi_Streaming/input/random_graphs/graph_30_164_POWLAW_7983805977214098674.txt (Time: 0.00s)
📦 COPIED from HDD: /media/HDD/Projects/ExpDFS/graph_30_164_POWLAW_5894893360759659423.txt -> /home/shahbazk/Projects/DFS_Semi_Streaming/input/random_graphs/graph_30_164_POWLAW_5894893360759659423.txt (Time: 0.00s)
📦 COPIED from HDD: /media/HDD/Projects/ExpDFS/graph_40_252_POWLAW_6230961512046992311.txt -> /home/shahbazk/Projects/DFS_Semi_Streaming/input/random_graphs/graph_40_252_POWLAW_6230961512046992311.txt (Time: 0.00s)
📦 COPIED from HDD: /media/HDD/Projects/ExpDFS/graph_40_252_POWLAW_7871178979383552919.txt -> /home/shahbazk/Projects/DFS_Semi_Streaming/input/random_graphs/graph_40_252_POWLAW_7871178979383552919.txt (Time: 0.00s)
📦 COPIED from HDD: /media/HDD/Projects/ExpDFS/graph_40_252_POWLAW_1070244953599069350.txt -> /home/shahbazk/Projects/DFS_Semi_Streaming/input/random_graphs/graph_40_252_POWLAW_1070244953599069350.txt (Time: 0.00s)
📦 COPIED from HDD: /media/HDD/Projects/ExpDFS/graph_40_252_POWLAW_7599700178212337699.txt -> /home/shahbazk/Projects/DFS_Semi_Streaming/input/random_graphs/graph_40_252_POWLAW_7599700178212337699.txt (Time: 0.00s)
📦 COPIED from HDD: /media/HDD/Projects/ExpDFS/graph_40_252_POWLAW_3881801951614183357.txt -> /home/shahbazk/Projects/DFS_Semi_Streaming/input/random_graphs/graph_40_252_POWLAW_3881801951614183357.txt (Time: 0.00s)
📦 COPIED from HDD: /media/HDD/Projects/ExpDFS/graph_40_252_POWLAW_5739955973604961613.txt -> /home/shahbazk/Projects/DFS_Semi_Streaming/input/random_graphs/graph_40_252_POWLAW_5739955973604961613.txt (Time: 0.00s)
📦 COPIED from HDD: /media/HDD/Projects/ExpDFS/graph_40_252_POWLAW_7032710160631691991.txt -> /home/shahbazk/Projects/DFS_Semi_Streaming/input/random_graphs/graph_40_252_POWLAW_7032710160631691991.txt (Time: 0.00s)
📦 COPIED from HDD: /media/HDD/Projects/ExpDFS/graph_40_252_POWLAW_6522163754831416203.txt -> /home/shahbazk/Projects/DFS_Semi_Streaming/input/random_graphs/graph_40_252_POWLAW_6522163754831416203.txt (Time: 0.00s)
📦 COPIED from HDD: /media/HDD/Projects/ExpDFS/graph_40_252_POWLAW_1353182403971399009.txt -> /home/shahbazk/Projects/DFS_Semi_Streaming/input/random_graphs/graph_40_252_POWLAW_1353182403971399009.txt (Time: 0.00s)
📦 COPIED from HDD: /media/HDD/Projects/ExpDFS/graph_40_252_POWLAW_6938562734920028532.txt -> /home/shahbazk/Projects/DFS_Semi_Streaming/input/random_graphs/graph_40_252_POWLAW_6938562734920028532.txt (Time: 0.00s)
📦 COPIED from HDD: /media/HDD/Projects/ExpDFS/graph_30_164_POWLAW_4940913311242578590.txt -> /home/shahbazk/Projects/DFS_Semi_Streaming/input/random_graphs/graph_30_164_POWLAW_4940913311242578590.txt (Time: 0.00s)
📦 COPIED from HDD: /media/HDD/Projects/ExpDFS/graph_30_164_POWLAW_2264398621601381987.txt -> /home/shahbazk/Projects/DFS_Semi_Streaming/input/random_graphs/graph_30_164_POWLAW_2264398621601381987.txt (Time: 0.00s)
📦 COPIED from HDD: /media/HDD/Projects/ExpDFS/graph_30_164_POWLAW_7632458674696225362.txt -> /home/shahbazk/Projects/DFS_Semi_Streaming/input/random_graphs/graph_30_164_POWLAW_7632458674696225362.txt (Time: 0.00s)
📦 COPIED from HDD: /media/HDD/Projects/ExpDFS/graph_40_252_POWLAW_1250005700364523649.txt -> /home/shahbazk/Projects/DFS_Semi_Streaming/input/random_graphs/graph_40_252_POWLAW_1250005700364523649.txt (Time: 0.00s)
📦 COPIED from HDD: /media/HDD/Projects/ExpDFS/graph_40_252_POWLAW_1309542850049879452.txt -> /home/shahbazk/Projects/DFS_Semi_Streaming/input/random_graphs/graph_40_252_POWLAW_1309542850049879452.txt (Time: 0.00s)
📦 COPIED from HDD: /media/HDD/Projects/ExpDFS/graph_40_252_POWLAW_5906957480796939447.txt -> /home/shahbazk/Projects/DFS_Semi_Streaming/input/random_graphs/graph_40_252_POWLAW_5906957480796939447.txt (Time: 0.00s)
📦 COPIED from HDD: /media/HDD/Projects/ExpDFS/graph_40_252_POWLAW_4040737767143389431.txt -> /home/shahbazk/Projects/DFS_Semi_Streaming/input/random_graphs/graph_40_252_POWLAW_4040737767143389431.txt (Time: 0.00s)
📦 COPIED from HDD: /media/HDD/Projects/ExpDFS/graph_40_252_POWLAW_320375091487821987.txt -> /home/shahbazk/Projects/DFS_Semi_Streaming/input/random_graphs/graph_40_252_POWLAW_320375091487821987.txt (Time: 0.00s)
📦 COPIED from HDD: /media/HDD/Projects/ExpDFS/graph_40_252_POWLAW_2429002973740178792.txt -> /home/shahbazk/Projects/DFS_Semi_Streaming/input/random_graphs/graph_40_252_POWLAW_2429002973740178792.txt (Time: 0.00s)
📦 COPIED from HDD: /media/HDD/Projects/ExpDFS/graph_40_252_POWLAW_1250773459040295677.txt -> /home/shahbazk/Projects/DFS_Semi_Streaming/input/random_graphs/graph_40_252_POWLAW_1250773459040295677.txt (Time: 0.00s)
📦 COPIED from HDD: /media/HDD/Projects/ExpDFS/graph_40_252_POWLAW_7663871783842725848.txt -> /home/shahbazk/Projects/DFS_Semi_Streaming/input/random_graphs/graph_40_252_POWLAW_7663871783842725848.txt (Time: 0.00s)
📦 COPIED from HDD: /media/HDD/Projects/ExpDFS/graph_40_252_POWLAW_7146860528564146064.txt -> /home/shahbazk/Projects/DFS_Semi_Streaming/input/random_graphs/graph_40_252_POWLAW_7146860528564146064.txt (Time: 0.00s)
📦 COPIED from HDD: /media/HDD/Projects/ExpDFS/graph_40_252_POWLAW_3438400432146115956.txt -> /home/shahbazk/Projects/DFS_Semi_Streaming/input/random_graphs/graph_40_252_POWLAW_3438400432146115956.txt (Time: 0.00s)
📦 COPIED from HDD: /media/HDD/Projects/ExpDFS/graph_40_252_POWLAW_7473196763798409428.txt -> /home/shahbazk/Projects/DFS_Semi_Streaming/input/random_graphs/graph_40_252_POWLAW_7473196763798409428.txt (Time: 0.00s)
📦 COPIED from HDD: /media/HDD/Projects/ExpDFS/graph_40_252_POWLAW_521787134863155063.txt -> /home/shahbazk/Projects/DFS_Semi_Streaming/input/random_graphs/graph_40_252_POWLAW_521787134863155063.txt (Time: 0.00s)
📦 COPIED from HDD: /media/HDD/Projects/ExpDFS/graph_40_252_POWLAW_1731523882129807996.txt -> /home/shahbazk/Projects/DFS_Semi_Streaming/input/random_graphs/graph_40_252_POWLAW_1731523882129807996.txt (Time: 0.00s)
📦 COPIED from HDD: /media/HDD/Projects/ExpDFS/graph_40_252_POWLAW_5708372698381010775.txt -> /home/shahbazk/Projects/DFS_Semi_Streaming/input/random_graphs/graph_40_252_POWLAW_5708372698381010775.txt (Time: 0.00s)
📦 COPIED from HDD: /media/HDD/Projects/ExpDFS/graph_40_252_POWLAW_3010622984418968408.txt -> /home/shahbazk/Projects/DFS_Semi_Streaming/input/random_graphs/graph_40_252_POWLAW_3010622984418968408.txt (Time: 0.00s)
📦 COPIED from HDD: /media/HDD/Projects/ExpDFS/graph_40_252_POWLAW_5142811650494845597.txt -> /home/shahbazk/Projects/DFS_Semi_Streaming/input/random_graphs/graph_40_252_POWLAW_5142811650494845597.txt (Time: 0.00s)
📦 COPIED from HDD: /media/HDD/Projects/ExpDFS/graph_40_252_POWLAW_6002685213311538187.txt -> /home/shahbazk/Projects/DFS_Semi_Streaming/input/random_graphs/graph_40_252_POWLAW_6002685213311538187.txt (Time: 0.00s)
📦 COPIED from HDD: /media/HDD/Projects/ExpDFS/graph_40_252_POWLAW_6785030173969523435.txt -> /home/shahbazk/Projects/DFS_Semi_Streaming/input/random_graphs/graph_40_252_POWLAW_6785030173969523435.txt (Time: 0.00s)
📦 COPIED from HDD: /media/HDD/Projects/ExpDFS/graph_40_252_POWLAW_7029781962072644698.txt -> /home/shahbazk/Projects/DFS_Semi_Streaming/input/random_graphs/graph_40_252_POWLAW_7029781962072644698.txt (Time: 0.00s)
📦 COPIED from HDD: /media/HDD/Projects/ExpDFS/graph_40_252_POWLAW_1853590723603270879.txt -> /home/shahbazk/Projects/DFS_Semi_Streaming/input/random_graphs/graph_40_252_POWLAW_1853590723603270879.txt (Time: 0.00s)
📦 COPIED from HDD: /media/HDD/Projects/ExpDFS/graph_40_252_POWLAW_5139481885857321791.txt -> /home/shahbazk/Projects/DFS_Semi_Streaming/input/random_graphs/graph_40_252_POWLAW_5139481885857321791.txt (Time: 0.00s)
📦 COPIED from HDD: /media/HDD/Projects/ExpDFS/graph_40_252_POWLAW_1024517563182776983.txt -> /home/shahbazk/Projects/DFS_Semi_Streaming/input/random_graphs/graph_40_252_POWLAW_1024517563182776983.txt (Time: 0.00s)
📦 COPIED from HDD: /media/HDD/Projects/ExpDFS/graph_40_252_POWLAW_5258051056098597521.txt -> /home/shahbazk/Projects/DFS_Semi_Streaming/input/random_graphs/graph_40_252_POWLAW_5258051056098597521.txt (Time: 0.00s)
📦 COPIED from HDD: /media/HDD/Projects/ExpDFS/graph_40_252_POWLAW_3224265581699847191.txt -> /home/shahbazk/Projects/DFS_Semi_Streaming/input/random_graphs/graph_40_252_POWLAW_3224265581699847191.txt (Time: 0.00s)
📦 COPIED from HDD: /media/HDD/Projects/ExpDFS/graph_40_252_POWLAW_5529616217668449934.txt -> /home/shahbazk/Projects/DFS_Semi_Streaming/input/random_graphs/graph_40_252_POWLAW_5529616217668449934.txt (Time: 0.00s)
📦 COPIED from HDD: /media/HDD/Projects/ExpDFS/graph_40_252_POWLAW_4122784633514911760.txt -> /home/shahbazk/Projects/DFS_Semi_Streaming/input/random_graphs/graph_40_252_POWLAW_4122784633514911760.txt (Time: 0.00s)
📦 COPIED from HDD: /media/HDD/Projects/ExpDFS/graph_40_252_POWLAW_1647170069535670909.txt -> /home/shahbazk/Projects/DFS_Semi_Streaming/input/random_graphs/graph_40_252_POWLAW_1647170069535670909.txt (Time: 0.00s)
📦 COPIED from HDD: /media/HDD/Projects/ExpDFS/graph_40_252_POWLAW_824387247617288499.txt -> /home/shahbazk/Projects/DFS_Semi_Streaming/input/random_graphs/graph_40_252_POWLAW_824387247617288499.txt (Time: 0.00s)
📦 COPIED from HDD: /media/HDD/Projects/ExpDFS/graph_40_252_POWLAW_7706236040662210848.txt -> /home/shahbazk/Projects/DFS_Semi_Streaming/input/random_graphs/graph_40_252_POWLAW_7706236040662210848.txt (Time: 0.00s)
📦 COPIED from HDD: /media/HDD/Projects/ExpDFS/graph_40_252_POWLAW_1632192924771168275.txt -> /home/shahbazk/Projects/DFS_Semi_Streaming/input/random_graphs/graph_40_252_POWLAW_1632192924771168275.txt (Time: 0.00s)
📦 COPIED from HDD: /media/HDD/Projects/ExpDFS/graph_40_252_POWLAW_7161906730445628483.txt -> /home/shahbazk/Projects/DFS_Semi_Streaming/input/random_graphs/graph_40_252_POWLAW_7161906730445628483.txt (Time: 0.00s)
📦 COPIED from HDD: /media/HDD/Projects/ExpDFS/graph_40_252_POWLAW_6802378520969450157.txt -> /home/shahbazk/Projects/DFS_Semi_Streaming/input/random_graphs/graph_40_252_POWLAW_6802378520969450157.txt (Time: 0.00s)
📦 COPIED from HDD: /media/HDD/Projects/ExpDFS/graph_40_252_POWLAW_4552998297316576788.txt -> /home/shahbazk/Projects/DFS_Semi_Streaming/input/random_graphs/graph_40_252_POWLAW_4552998297316576788.txt (Time: 0.00s)
📦 COPIED from HDD: /media/HDD/Projects/ExpDFS/graph_40_252_POWLAW_6143643868734370809.txt -> /home/shahbazk/Projects/DFS_Semi_Streaming/input/random_graphs/graph_40_252_POWLAW_6143643868734370809.txt (Time: 0.00s)
📦 COPIED from HDD: /media/HDD/Projects/ExpDFS/graph_40_252_POWLAW_8031431416522537101.txt -> /home/shahbazk/Projects/DFS_Semi_Streaming/input/random_graphs/graph_40_252_POWLAW_8031431416522537101.txt (Time: 0.00s)
📦 COPIED from HDD: /media/HDD/Projects/ExpDFS/graph_40_252_POWLAW_3272308573967577038.txt -> /home/shahbazk/Projects/DFS_Semi_Streaming/input/random_graphs/graph_40_252_POWLAW_3272308573967577038.txt (Time: 0.00s)
📦 COPIED from HDD: /media/HDD/Projects/ExpDFS/graph_40_252_POWLAW_5636411189175451024.txt -> /home/shahbazk/Projects/DFS_Semi_Streaming/input/random_graphs/graph_40_252_POWLAW_5636411189175451024.txt (Time: 0.00s)
📦 COPIED from HDD: /media/HDD/Projects/ExpDFS/graph_40_252_POWLAW_6614505080519948832.txt -> /home/shahbazk/Projects/DFS_Semi_Streaming/input/random_graphs/graph_40_252_POWLAW_6614505080519948832.txt (Time: 0.00s)
📦 COPIED from HDD: /media/HDD/Projects/ExpDFS/graph_40_252_POWLAW_3865339568260874865.txt -> /home/shahbazk/Projects/DFS_Semi_Streaming/input/random_graphs/graph_40_252_POWLAW_3865339568260874865.txt (Time: 0.00s)
📦 COPIED from HDD: /media/HDD/Projects/ExpDFS/graph_40_252_POWLAW_7917045922527545890.txt -> /home/shahbazk/Projects/DFS_Semi_Streaming/input/random_graphs/graph_40_252_POWLAW_7917045922527545890.txt (Time: 0.00s)
📦 COPIED from HDD: /media/HDD/Projects/ExpDFS/graph_40_252_POWLAW_4445925461710302877.txt -> /home/shahbazk/Projects/DFS_Semi_Streaming/input/random_graphs/graph_40_252_POWLAW_4445925461710302877.txt (Time: 0.00s)
📦 COPIED from HDD: /media/HDD/Projects/ExpDFS/graph_40_252_POWLAW_7921282862123281598.txt -> /home/shahbazk/Projects/DFS_Semi_Streaming/input/random_graphs/graph_40_252_POWLAW_7921282862123281598.txt (Time: 0.00s)
📦 COPIED from HDD: /media/HDD/Projects/ExpDFS/graph_40_252_POWLAW_5349491008325879064.txt -> /home/shahbazk/Projects/DFS_Semi_Streaming/input/random_graphs/graph_40_252_POWLAW_5349491008325879064.txt (Time: 0.00s)
📦 COPIED from HDD: /media/HDD/Projects/ExpDFS/graph_40_252_POWLAW_716820155901718944.txt -> /home/shahbazk/Projects/DFS_Semi_Streaming/input/random_graphs/graph_40_252_POWLAW_716820155901718944.txt (Time: 0.00s)
📦 COPIED from HDD: /media/HDD/Projects/ExpDFS/graph_40_252_POWLAW_7938560551762094560.txt -> /home/shahbazk/Projects/DFS_Semi_Streaming/input/random_graphs/graph_40_252_POWLAW_7938560551762094560.txt (Time: 0.00s)
📦 COPIED from HDD: /media/HDD/Projects/ExpDFS/graph_40_252_POWLAW_1458186392400727732.txt -> /home/shahbazk/Projects/DFS_Semi_Streaming/input/random_graphs/graph_40_252_POWLAW_1458186392400727732.txt (Time: 0.00s)
📦 COPIED from HDD: /media/HDD/Projects/ExpDFS/graph_40_252_POWLAW_9060210648189963449.txt -> /home/shahbazk/Projects/DFS_Semi_Streaming/input/random_graphs/graph_40_252_POWLAW_9060210648189963449.txt (Time: 0.00s)
📦 COPIED from HDD: /media/HDD/Projects/ExpDFS/graph_40_252_POWLAW_2089506265998900862.txt -> /home/shahbazk/Projects/DFS_Semi_Streaming/input/random_graphs/graph_40_252_POWLAW_2089506265998900862.txt (Time: 0.00s)
📦 COPIED from HDD: /media/HDD/Projects/ExpDFS/graph_40_252_POWLAW_7644420139408884785.txt -> /home/shahbazk/Projects/DFS_Semi_Streaming/input/random_graphs/graph_40_252_POWLAW_7644420139408884785.txt (Time: 0.00s)
📦 COPIED from HDD: /media/HDD/Projects/ExpDFS/graph_40_252_POWLAW_4250897495980125004.txt -> /home/shahbazk/Projects/DFS_Semi_Streaming/input/random_graphs/graph_40_252_POWLAW_4250897495980125004.txt (Time: 0.00s)
📦 COPIED from HDD: /media/HDD/Projects/ExpDFS/graph_40_252_POWLAW_8794274795737982182.txt -> /home/shahbazk/Projects/DFS_Semi_Streaming/input/random_graphs/graph_40_252_POWLAW_8794274795737982182.txt (Time: 0.00s)
📦 COPIED from HDD: /media/HDD/Projects/ExpDFS/graph_40_252_POWLAW_1392892770529522614.txt -> /home/shahbazk/Projects/DFS_Semi_Streaming/input/random_graphs/graph_40_252_POWLAW_1392892770529522614.txt (Time: 0.00s)
📦 COPIED from HDD: /media/HDD/Projects/ExpDFS/graph_40_252_POWLAW_5108599054664628607.txt -> /home/shahbazk/Projects/DFS_Semi_Streaming/input/random_graphs/graph_40_252_POWLAW_5108599054664628607.txt (Time: 0.00s)
📦 COPIED from HDD: /media/HDD/Projects/ExpDFS/graph_40_252_POWLAW_6224222471595207695.txt -> /home/shahbazk/Projects/DFS_Semi_Streaming/input/random_graphs/graph_40_252_POWLAW_6224222471595207695.txt (Time: 0.00s)
📦 COPIED from HDD: /media/HDD/Projects/ExpDFS/graph_40_252_POWLAW_5497874167834979553.txt -> /home/shahbazk/Projects/DFS_Semi_Streaming/input/random_graphs/graph_40_252_POWLAW_5497874167834979553.txt (Time: 0.00s)
📦 COPIED from HDD: /media/HDD/Projects/ExpDFS/graph_40_252_POWLAW_8446481348147407377.txt -> /home/shahbazk/Projects/DFS_Semi_Streaming/input/random_graphs/graph_40_252_POWLAW_8446481348147407377.txt (Time: 0.00s)
📦 COPIED from HDD: /media/HDD/Projects/ExpDFS/graph_40_252_POWLAW_8718380604043999642.txt -> /home/shahbazk/Projects/DFS_Semi_Streaming/input/random_graphs/graph_40_252_POWLAW_8718380604043999642.txt (Time: 0.00s)
📦 COPIED from HDD: /media/HDD/Projects/ExpDFS/graph_40_252_POWLAW_6022436717541034636.txt -> /home/shahbazk/Projects/DFS_Semi_Streaming/input/random_graphs/graph_40_252_POWLAW_6022436717541034636.txt (Time: 0.00s)
📦 COPIED from HDD: /media/HDD/Projects/ExpDFS/graph_40_252_POWLAW_3713827327871807734.txt -> /home/shahbazk/Projects/DFS_Semi_Streaming/input/random_graphs/graph_40_252_POWLAW_3713827327871807734.txt (Time: 0.00s)
📦 COPIED from HDD: /media/HDD/Projects/ExpDFS/graph_40_252_POWLAW_6529943913552561417.txt -> /home/shahbazk/Projects/DFS_Semi_Streaming/input/random_graphs/graph_40_252_POWLAW_6529943913552561417.txt (Time: 0.00s)
📦 COPIED from HDD: /media/HDD/Projects/ExpDFS/graph_40_252_POWLAW_9130666990809746335.txt -> /home/shahbazk/Projects/DFS_Semi_Streaming/input/random_graphs/graph_40_252_POWLAW_9130666990809746335.txt (Time: 0.00s)
📦 COPIED from HDD: /media/HDD/Projects/ExpDFS/graph_40_252_POWLAW_6764066939395682287.txt -> /home/shahbazk/Projects/DFS_Semi_Streaming/input/random_graphs/graph_40_252_POWLAW_6764066939395682287.txt (Time: 0.00s)
📦 COPIED from HDD: /media/HDD/Projects/ExpDFS/graph_40_252_POWLAW_175493991617213850.txt -> /home/shahbazk/Projects/DFS_Semi_Streaming/input/random_graphs/graph_40_252_POWLAW_175493991617213850.txt (Time: 0.00s)
📦 COPIED from HDD: /media/HDD/Projects/ExpDFS/graph_40_252_POWLAW_4997514996153925447.txt -> /home/shahbazk/Projects/DFS_Semi_Streaming/input/random_graphs/graph_40_252_POWLAW_4997514996153925447.txt (Time: 0.00s)
📦 COPIED from HDD: /media/HDD/Projects/ExpDFS/graph_40_252_POWLAW_3817405844514670994.txt -> /home/shahbazk/Projects/DFS_Semi_Streaming/input/random_graphs/graph_40_252_POWLAW_3817405844514670994.txt (Time: 0.00s)
📦 COPIED from HDD: /media/HDD/Projects/ExpDFS/graph_40_252_POWLAW_5063475852268941542.txt -> /home/shahbazk/Projects/DFS_Semi_Streaming/input/random_graphs/graph_40_252_POWLAW_5063475852268941542.txt (Time: 0.00s)
📦 COPIED from HDD: /media/HDD/Projects/ExpDFS/graph_40_252_POWLAW_1170385908854608748.txt -> /home/shahbazk/Projects/DFS_Semi_Streaming/input/random_graphs/graph_40_252_POWLAW_1170385908854608748.txt (Time: 0.00s)
📦 COPIED from HDD: /media/HDD/Projects/ExpDFS/graph_40_252_POWLAW_1332005502874566195.txt -> /home/shahbazk/Projects/DFS_Semi_Streaming/input/random_graphs/graph_40_252_POWLAW_1332005502874566195.txt (Time: 0.00s)
📦 COPIED from HDD: /media/HDD/Projects/ExpDFS/graph_40_252_POWLAW_1128313391724783137.txt -> /home/shahbazk/Projects/DFS_Semi_Streaming/input/random_graphs/graph_40_252_POWLAW_1128313391724783137.txt (Time: 0.00s)
📦 COPIED from HDD: /media/HDD/Projects/ExpDFS/graph_40_252_POWLAW_2909934787168262407.txt -> /home/shahbazk/Projects/DFS_Semi_Streaming/input/random_graphs/graph_40_252_POWLAW_2909934787168262407.txt (Time: 0.00s)
📦 COPIED from HDD: /media/HDD/Projects/ExpDFS/graph_40_252_POWLAW_199422815561151340.txt -> /home/shahbazk/Projects/DFS_Semi_Streaming/input/random_graphs/graph_40_252_POWLAW_199422815561151340.txt (Time: 0.00s)
📦 COPIED from HDD: /media/HDD/Projects/ExpDFS/graph_40_252_POWLAW_8448596294177070022.txt -> /home/shahbazk/Projects/DFS_Semi_Streaming/input/random_graphs/graph_40_252_POWLAW_8448596294177070022.txt (Time: 0.00s)
📦 COPIED from HDD: /media/HDD/Projects/ExpDFS/graph_40_252_POWLAW_4795749165124911768.txt -> /home/shahbazk/Projects/DFS_Semi_Streaming/input/random_graphs/graph_40_252_POWLAW_4795749165124911768.txt (Time: 0.00s)
📦 COPIED from HDD: /media/HDD/Projects/ExpDFS/graph_40_252_POWLAW_7905487461282246979.txt -> /home/shahbazk/Projects/DFS_Semi_Streaming/input/random_graphs/graph_40_252_POWLAW_7905487461282246979.txt (Time: 0.00s)
📦 COPIED from HDD: /media/HDD/Projects/ExpDFS/graph_40_252_POWLAW_4060584409398689268.txt -> /home/shahbazk/Projects/DFS_Semi_Streaming/input/random_graphs/graph_40_252_POWLAW_4060584409398689268.txt (Time: 0.00s)
📦 COPIED from HDD: /media/HDD/Projects/ExpDFS/graph_40_252_POWLAW_8626102704817790064.txt -> /home/shahbazk/Projects/DFS_Semi_Streaming/input/random_graphs/graph_40_252_POWLAW_8626102704817790064.txt (Time: 0.00s)
📦 COPIED from HDD: /media/HDD/Projects/ExpDFS/graph_40_252_POWLAW_1722224698700348310.txt -> /home/shahbazk/Projects/DFS_Semi_Streaming/input/random_graphs/graph_40_252_POWLAW_1722224698700348310.txt (Time: 0.00s)
📦 COPIED from HDD: /media/HDD/Projects/ExpDFS/graph_40_252_POWLAW_4934890601268679176.txt -> /home/shahbazk/Projects/DFS_Semi_Streaming/input/random_graphs/graph_40_252_POWLAW_4934890601268679176.txt (Time: 0.00s)
📦 COPIED from HDD: /media/HDD/Projects/ExpDFS/graph_40_252_POWLAW_7118744415197196276.txt -> /home/shahbazk/Projects/DFS_Semi_Streaming/input/random_graphs/graph_40_252_POWLAW_7118744415197196276.txt (Time: 0.00s)
📦 COPIED from HDD: /media/HDD/Projects/ExpDFS/graph_40_252_POWLAW_1992204328026194281.txt -> /home/shahbazk/Projects/DFS_Semi_Streaming/input/random_graphs/graph_40_252_POWLAW_1992204328026194281.txt (Time: 0.00s)
📦 COPIED from HDD: /media/HDD/Projects/ExpDFS/graph_40_252_POWLAW_2718103348384927511.txt -> /home/shahbazk/Projects/DFS_Semi_Streaming/input/random_graphs/graph_40_252_POWLAW_2718103348384927511.txt (Time: 0.00s)
📦 COPIED from HDD: /media/HDD/Projects/ExpDFS/graph_40_252_POWLAW_9059990922233379852.txt -> /home/shahbazk/Projects/DFS_Semi_Streaming/input/random_graphs/graph_40_252_POWLAW_9059990922233379852.txt (Time: 0.00s)
📦 COPIED from HDD: /media/HDD/Projects/ExpDFS/graph_50_353_POWLAW_7871178979383552919.txt -> /home/shahbazk/Projects/DFS_Semi_Streaming/input/random_graphs/graph_50_353_POWLAW_7871178979383552919.txt (Time: 0.00s)
📦 COPIED from HDD: /media/HDD/Projects/ExpDFS/graph_40_252_POWLAW_7449662661572224354.txt -> /home/shahbazk/Projects/DFS_Semi_Streaming/input/random_graphs/graph_40_252_POWLAW_7449662661572224354.txt (Time: 0.00s)
📦 COPIED from HDD: /media/HDD/Projects/ExpDFS/graph_40_252_POWLAW_3221421291694197220.txt -> /home/shahbazk/Projects/DFS_Semi_Streaming/input/random_graphs/graph_40_252_POWLAW_3221421291694197220.txt (Time: 0.00s)
📦 COPIED from HDD: /media/HDD/Projects/ExpDFS/graph_40_252_POWLAW_5894893360759659423.txt -> /home/shahbazk/Projects/DFS_Semi_Streaming/input/random_graphs/graph_40_252_POWLAW_5894893360759659423.txt (Time: 0.00s)
📦 COPIED from HDD: /media/HDD/Projects/ExpDFS/graph_40_252_POWLAW_8867616339855336876.txt -> /home/shahbazk/Projects/DFS_Semi_Streaming/input/random_graphs/graph_40_252_POWLAW_8867616339855336876.txt (Time: 0.00s)
📦 COPIED from HDD: /media/HDD/Projects/ExpDFS/graph_40_252_POWLAW_7983805977214098674.txt -> /home/shahbazk/Projects/DFS_Semi_Streaming/input/random_graphs/graph_40_252_POWLAW_7983805977214098674.txt (Time: 0.00s)
📦 COPIED from HDD: /media/HDD/Projects/ExpDFS/graph_40_252_POWLAW_2264398621601381987.txt -> /home/shahbazk/Projects/DFS_Semi_Streaming/input/random_graphs/graph_40_252_POWLAW_2264398621601381987.txt (Time: 0.00s)
📦 COPIED from HDD: /media/HDD/Projects/ExpDFS/graph_40_252_POWLAW_7632458674696225362.txt -> /home/shahbazk/Projects/DFS_Semi_Streaming/input/random_graphs/graph_40_252_POWLAW_7632458674696225362.txt (Time: 0.00s)
📦 COPIED from HDD: /media/HDD/Projects/ExpDFS/graph_40_252_POWLAW_4940913311242578590.txt -> /home/shahbazk/Projects/DFS_Semi_Streaming/input/random_graphs/graph_40_252_POWLAW_4940913311242578590.txt (Time: 0.00s)
📦 COPIED from HDD: /media/HDD/Projects/ExpDFS/graph_50_353_POWLAW_5739955973604961613.txt -> /home/shahbazk/Projects/DFS_Semi_Streaming/input/random_graphs/graph_50_353_POWLAW_5739955973604961613.txt (Time: 0.00s)
📦 COPIED from HDD: /media/HDD/Projects/ExpDFS/graph_50_353_POWLAW_1070244953599069350.txt -> /home/shahbazk/Projects/DFS_Semi_Streaming/input/random_graphs/graph_50_353_POWLAW_1070244953599069350.txt (Time: 0.00s)
📦 COPIED from HDD: /media/HDD/Projects/ExpDFS/graph_50_353_POWLAW_7032710160631691991.txt -> /home/shahbazk/Projects/DFS_Semi_Streaming/input/random_graphs/graph_50_353_POWLAW_7032710160631691991.txt (Time: 0.00s)
📦 COPIED from HDD: /media/HDD/Projects/ExpDFS/graph_50_353_POWLAW_6230961512046992311.txt -> /home/shahbazk/Projects/DFS_Semi_Streaming/input/random_graphs/graph_50_353_POWLAW_6230961512046992311.txt (Time: 0.00s)
📦 COPIED from HDD: /media/HDD/Projects/ExpDFS/graph_50_353_POWLAW_3881801951614183357.txt -> /home/shahbazk/Projects/DFS_Semi_Streaming/input/random_graphs/graph_50_353_POWLAW_3881801951614183357.txt (Time: 0.00s)
📦 COPIED from HDD: /media/HDD/Projects/ExpDFS/graph_50_353_POWLAW_7599700178212337699.txt -> /home/shahbazk/Projects/DFS_Semi_Streaming/input/random_graphs/graph_50_353_POWLAW_7599700178212337699.txt (Time: 0.00s)
📦 COPIED from HDD: /media/HDD/Projects/ExpDFS/graph_50_353_POWLAW_6522163754831416203.txt -> /home/shahbazk/Projects/DFS_Semi_Streaming/input/random_graphs/graph_50_353_POWLAW_6522163754831416203.txt (Time: 0.00s)
📦 COPIED from HDD: /media/HDD/Projects/ExpDFS/graph_50_353_POWLAW_6938562734920028532.txt -> /home/shahbazk/Projects/DFS_Semi_Streaming/input/random_graphs/graph_50_353_POWLAW_6938562734920028532.txt (Time: 0.00s)
📦 COPIED from HDD: /media/HDD/Projects/ExpDFS/graph_50_353_POWLAW_2429002973740178792.txt -> /home/shahbazk/Projects/DFS_Semi_Streaming/input/random_graphs/graph_50_353_POWLAW_2429002973740178792.txt (Time: 0.00s)
📦 COPIED from HDD: /media/HDD/Projects/ExpDFS/graph_50_353_POWLAW_1353182403971399009.txt -> /home/shahbazk/Projects/DFS_Semi_Streaming/input/random_graphs/graph_50_353_POWLAW_1353182403971399009.txt (Time: 0.00s)
📦 COPIED from HDD: /media/HDD/Projects/ExpDFS/graph_50_353_POWLAW_7663871783842725848.txt -> /home/shahbazk/Projects/DFS_Semi_Streaming/input/random_graphs/graph_50_353_POWLAW_7663871783842725848.txt (Time: 0.00s)
📦 COPIED from HDD: /media/HDD/Projects/ExpDFS/graph_50_353_POWLAW_4040737767143389431.txt -> /home/shahbazk/Projects/DFS_Semi_Streaming/input/random_graphs/graph_50_353_POWLAW_4040737767143389431.txt (Time: 0.00s)
📦 COPIED from HDD: /media/HDD/Projects/ExpDFS/graph_50_353_POWLAW_1309542850049879452.txt -> /home/shahbazk/Projects/DFS_Semi_Streaming/input/random_graphs/graph_50_353_POWLAW_1309542850049879452.txt (Time: 0.00s)
📦 COPIED from HDD: /media/HDD/Projects/ExpDFS/graph_50_353_POWLAW_7146860528564146064.txt -> /home/shahbazk/Projects/DFS_Semi_Streaming/input/random_graphs/graph_50_353_POWLAW_7146860528564146064.txt (Time: 0.00s)
📦 COPIED from HDD: /media/HDD/Projects/ExpDFS/graph_50_353_POWLAW_1250005700364523649.txt -> /home/shahbazk/Projects/DFS_Semi_Streaming/input/random_graphs/graph_50_353_POWLAW_1250005700364523649.txt (Time: 0.00s)
📦 COPIED from HDD: /media/HDD/Projects/ExpDFS/graph_50_353_POWLAW_5142811650494845597.txt -> /home/shahbazk/Projects/DFS_Semi_Streaming/input/random_graphs/graph_50_353_POWLAW_5142811650494845597.txt (Time: 0.00s)
📦 COPIED from HDD: /media/HDD/Projects/ExpDFS/graph_50_353_POWLAW_320375091487821987.txt -> /home/shahbazk/Projects/DFS_Semi_Streaming/input/random_graphs/graph_50_353_POWLAW_320375091487821987.txt (Time: 0.00s)
📦 COPIED from HDD: /media/HDD/Projects/ExpDFS/graph_50_353_POWLAW_7473196763798409428.txt -> /home/shahbazk/Projects/DFS_Semi_Streaming/input/random_graphs/graph_50_353_POWLAW_7473196763798409428.txt (Time: 0.00s)
📦 COPIED from HDD: /media/HDD/Projects/ExpDFS/graph_50_353_POWLAW_6002685213311538187.txt -> /home/shahbazk/Projects/DFS_Semi_Streaming/input/random_graphs/graph_50_353_POWLAW_6002685213311538187.txt (Time: 0.00s)
📦 COPIED from HDD: /media/HDD/Projects/ExpDFS/graph_50_353_POWLAW_5906957480796939447.txt -> /home/shahbazk/Projects/DFS_Semi_Streaming/input/random_graphs/graph_50_353_POWLAW_5906957480796939447.txt (Time: 0.00s)
📦 COPIED from HDD: /media/HDD/Projects/ExpDFS/graph_50_353_POWLAW_1731523882129807996.txt -> /home/shahbazk/Projects/DFS_Semi_Streaming/input/random_graphs/graph_50_353_POWLAW_1731523882129807996.txt (Time: 0.00s)
📦 COPIED from HDD: /media/HDD/Projects/ExpDFS/graph_50_353_POWLAW_1250773459040295677.txt -> /home/shahbazk/Projects/DFS_Semi_Streaming/input/random_graphs/graph_50_353_POWLAW_1250773459040295677.txt (Time: 0.00s)
📦 COPIED from HDD: /media/HDD/Projects/ExpDFS/graph_50_353_POWLAW_5708372698381010775.txt -> /home/shahbazk/Projects/DFS_Semi_Streaming/input/random_graphs/graph_50_353_POWLAW_5708372698381010775.txt (Time: 0.00s)
📦 COPIED from HDD: /media/HDD/Projects/ExpDFS/graph_50_353_POWLAW_5139481885857321791.txt -> /home/shahbazk/Projects/DFS_Semi_Streaming/input/random_graphs/graph_50_353_POWLAW_5139481885857321791.txt (Time: 0.00s)
📦 COPIED from HDD: /media/HDD/Projects/ExpDFS/graph_50_353_POWLAW_3438400432146115956.txt -> /home/shahbazk/Projects/DFS_Semi_Streaming/input/random_graphs/graph_50_353_POWLAW_3438400432146115956.txt (Time: 0.00s)
📦 COPIED from HDD: /media/HDD/Projects/ExpDFS/graph_50_353_POWLAW_3010622984418968408.txt -> /home/shahbazk/Projects/DFS_Semi_Streaming/input/random_graphs/graph_50_353_POWLAW_3010622984418968408.txt (Time: 0.00s)
📦 COPIED from HDD: /media/HDD/Projects/ExpDFS/graph_50_353_POWLAW_521787134863155063.txt -> /home/shahbazk/Projects/DFS_Semi_Streaming/input/random_graphs/graph_50_353_POWLAW_521787134863155063.txt (Time: 0.00s)
📦 COPIED from HDD: /media/HDD/Projects/ExpDFS/graph_50_353_POWLAW_1024517563182776983.txt -> /home/shahbazk/Projects/DFS_Semi_Streaming/input/random_graphs/graph_50_353_POWLAW_1024517563182776983.txt (Time: 0.00s)
📦 COPIED from HDD: /media/HDD/Projects/ExpDFS/graph_50_353_POWLAW_5529616217668449934.txt -> /home/shahbazk/Projects/DFS_Semi_Streaming/input/random_graphs/graph_50_353_POWLAW_5529616217668449934.txt (Time: 0.00s)
📦 COPIED from HDD: /media/HDD/Projects/ExpDFS/graph_50_353_POWLAW_7029781962072644698.txt -> /home/shahbazk/Projects/DFS_Semi_Streaming/input/random_graphs/graph_50_353_POWLAW_7029781962072644698.txt (Time: 0.00s)
📦 COPIED from HDD: /media/HDD/Projects/ExpDFS/graph_50_353_POWLAW_1853590723603270879.txt -> /home/shahbazk/Projects/DFS_Semi_Streaming/input/random_graphs/graph_50_353_POWLAW_1853590723603270879.txt (Time: 0.00s)
📦 COPIED from HDD: /media/HDD/Projects/ExpDFS/graph_50_353_POWLAW_5258051056098597521.txt -> /home/shahbazk/Projects/DFS_Semi_Streaming/input/random_graphs/graph_50_353_POWLAW_5258051056098597521.txt (Time: 0.00s)
📦 COPIED from HDD: /media/HDD/Projects/ExpDFS/graph_50_353_POWLAW_6785030173969523435.txt -> /home/shahbazk/Projects/DFS_Semi_Streaming/input/random_graphs/graph_50_353_POWLAW_6785030173969523435.txt (Time: 0.00s)
📦 COPIED from HDD: /media/HDD/Projects/ExpDFS/graph_50_353_POWLAW_3224265581699847191.txt -> /home/shahbazk/Projects/DFS_Semi_Streaming/input/random_graphs/graph_50_353_POWLAW_3224265581699847191.txt (Time: 0.00s)
📦 COPIED from HDD: /media/HDD/Projects/ExpDFS/graph_50_353_POWLAW_824387247617288499.txt -> /home/shahbazk/Projects/DFS_Semi_Streaming/input/random_graphs/graph_50_353_POWLAW_824387247617288499.txt (Time: 0.00s)
📦 COPIED from HDD: /media/HDD/Projects/ExpDFS/graph_50_353_POWLAW_4122784633514911760.txt -> /home/shahbazk/Projects/DFS_Semi_Streaming/input/random_graphs/graph_50_353_POWLAW_4122784633514911760.txt (Time: 0.00s)
📦 COPIED from HDD: /media/HDD/Projects/ExpDFS/graph_50_353_POWLAW_1632192924771168275.txt -> /home/shahbazk/Projects/DFS_Semi_Streaming/input/random_graphs/graph_50_353_POWLAW_1632192924771168275.txt (Time: 0.00s)
📦 COPIED from HDD: /media/HDD/Projects/ExpDFS/graph_50_353_POWLAW_1647170069535670909.txt -> /home/shahbazk/Projects/DFS_Semi_Streaming/input/random_graphs/graph_50_353_POWLAW_1647170069535670909.txt (Time: 0.00s)
📦 COPIED from HDD: /media/HDD/Projects/ExpDFS/graph_50_353_POWLAW_7706236040662210848.txt -> /home/shahbazk/Projects/DFS_Semi_Streaming/input/random_graphs/graph_50_353_POWLAW_7706236040662210848.txt (Time: 0.00s)
📦 COPIED from HDD: /media/HDD/Projects/ExpDFS/graph_50_353_POWLAW_7161906730445628483.txt -> /home/shahbazk/Projects/DFS_Semi_Streaming/input/random_graphs/graph_50_353_POWLAW_7161906730445628483.txt (Time: 0.00s)
📦 COPIED from HDD: /media/HDD/Projects/ExpDFS/graph_50_353_POWLAW_6802378520969450157.txt -> /home/shahbazk/Projects/DFS_Semi_Streaming/input/random_graphs/graph_50_353_POWLAW_6802378520969450157.txt (Time: 0.00s)
📦 COPIED from HDD: /media/HDD/Projects/ExpDFS/graph_50_353_POWLAW_5636411189175451024.txt -> /home/shahbazk/Projects/DFS_Semi_Streaming/input/random_graphs/graph_50_353_POWLAW_5636411189175451024.txt (Time: 0.00s)
📦 COPIED from HDD: /media/HDD/Projects/ExpDFS/graph_50_353_POWLAW_6143643868734370809.txt -> /home/shahbazk/Projects/DFS_Semi_Streaming/input/random_graphs/graph_50_353_POWLAW_6143643868734370809.txt (Time: 0.00s)
📦 COPIED from HDD: /media/HDD/Projects/ExpDFS/graph_50_353_POWLAW_8031431416522537101.txt -> /home/shahbazk/Projects/DFS_Semi_Streaming/input/random_graphs/graph_50_353_POWLAW_8031431416522537101.txt (Time: 0.00s)
📦 COPIED from HDD: /media/HDD/Projects/ExpDFS/graph_50_353_POWLAW_4552998297316576788.txt -> /home/shahbazk/Projects/DFS_Semi_Streaming/input/random_graphs/graph_50_353_POWLAW_4552998297316576788.txt (Time: 0.00s)
📦 COPIED from HDD: /media/HDD/Projects/ExpDFS/graph_50_353_POWLAW_5349491008325879064.txt -> /home/shahbazk/Projects/DFS_Semi_Streaming/input/random_graphs/graph_50_353_POWLAW_5349491008325879064.txt (Time: 0.00s)
📦 COPIED from HDD: /media/HDD/Projects/ExpDFS/graph_50_353_POWLAW_3272308573967577038.txt -> /home/shahbazk/Projects/DFS_Semi_Streaming/input/random_graphs/graph_50_353_POWLAW_3272308573967577038.txt (Time: 0.00s)
📦 COPIED from HDD: /media/HDD/Projects/ExpDFS/graph_50_353_POWLAW_6614505080519948832.txt -> /home/shahbazk/Projects/DFS_Semi_Streaming/input/random_graphs/graph_50_353_POWLAW_6614505080519948832.txt (Time: 0.00s)
📦 COPIED from HDD: /media/HDD/Projects/ExpDFS/graph_50_353_POWLAW_7938560551762094560.txt -> /home/shahbazk/Projects/DFS_Semi_Streaming/input/random_graphs/graph_50_353_POWLAW_7938560551762094560.txt (Time: 0.00s)
📦 COPIED from HDD: /media/HDD/Projects/ExpDFS/graph_50_353_POWLAW_7917045922527545890.txt -> /home/shahbazk/Projects/DFS_Semi_Streaming/input/random_graphs/graph_50_353_POWLAW_7917045922527545890.txt (Time: 0.00s)
📦 COPIED from HDD: /media/HDD/Projects/ExpDFS/graph_50_353_POWLAW_3865339568260874865.txt -> /home/shahbazk/Projects/DFS_Semi_Streaming/input/random_graphs/graph_50_353_POWLAW_3865339568260874865.txt (Time: 0.00s)
📦 COPIED from HDD: /media/HDD/Projects/ExpDFS/graph_50_353_POWLAW_6224222471595207695.txt -> /home/shahbazk/Projects/DFS_Semi_Streaming/input/random_graphs/graph_50_353_POWLAW_6224222471595207695.txt (Time: 0.00s)
📦 COPIED from HDD: /media/HDD/Projects/ExpDFS/graph_50_353_POWLAW_7921282862123281598.txt -> /home/shahbazk/Projects/DFS_Semi_Streaming/input/random_graphs/graph_50_353_POWLAW_7921282862123281598.txt (Time: 0.00s)
📦 COPIED from HDD: /media/HDD/Projects/ExpDFS/graph_50_353_POWLAW_716820155901718944.txt -> /home/shahbazk/Projects/DFS_Semi_Streaming/input/random_graphs/graph_50_353_POWLAW_716820155901718944.txt (Time: 0.00s)
📦 COPIED from HDD: /media/HDD/Projects/ExpDFS/graph_50_353_POWLAW_4445925461710302877.txt -> /home/shahbazk/Projects/DFS_Semi_Streaming/input/random_graphs/graph_50_353_POWLAW_4445925461710302877.txt (Time: 0.00s)
📦 COPIED from HDD: /media/HDD/Projects/ExpDFS/graph_50_353_POWLAW_5063475852268941542.txt -> /home/shahbazk/Projects/DFS_Semi_Streaming/input/random_graphs/graph_50_353_POWLAW_5063475852268941542.txt (Time: 0.00s)
📦 COPIED from HDD: /media/HDD/Projects/ExpDFS/graph_50_353_POWLAW_3817405844514670994.txt -> /home/shahbazk/Projects/DFS_Semi_Streaming/input/random_graphs/graph_50_353_POWLAW_3817405844514670994.txt (Time: 0.00s)
📦 COPIED from HDD: /media/HDD/Projects/ExpDFS/graph_50_353_POWLAW_8718380604043999642.txt -> /home/shahbazk/Projects/DFS_Semi_Streaming/input/random_graphs/graph_50_353_POWLAW_8718380604043999642.txt (Time: 0.00s)
📦 COPIED from HDD: /media/HDD/Projects/ExpDFS/graph_50_353_POWLAW_1128313391724783137.txt -> /home/shahbazk/Projects/DFS_Semi_Streaming/input/random_graphs/graph_50_353_POWLAW_1128313391724783137.txt (Time: 0.00s)
📦 COPIED from HDD: /media/HDD/Projects/ExpDFS/graph_50_353_POWLAW_8446481348147407377.txt -> /home/shahbazk/Projects/DFS_Semi_Streaming/input/random_graphs/graph_50_353_POWLAW_8446481348147407377.txt (Time: 0.00s)
📦 COPIED from HDD: /media/HDD/Projects/ExpDFS/graph_50_353_POWLAW_4997514996153925447.txt -> /home/shahbazk/Projects/DFS_Semi_Streaming/input/random_graphs/graph_50_353_POWLAW_4997514996153925447.txt (Time: 0.00s)
📦 COPIED from HDD: /media/HDD/Projects/ExpDFS/graph_50_353_POWLAW_6529943913552561417.txt -> /home/shahbazk/Projects/DFS_Semi_Streaming/input/random_graphs/graph_50_353_POWLAW_6529943913552561417.txt (Time: 0.00s)
📦 COPIED from HDD: /media/HDD/Projects/ExpDFS/graph_50_353_POWLAW_6022436717541034636.txt -> /home/shahbazk/Projects/DFS_Semi_Streaming/input/random_graphs/graph_50_353_POWLAW_6022436717541034636.txt (Time: 0.00s)
📦 COPIED from HDD: /media/HDD/Projects/ExpDFS/graph_50_353_POWLAW_1170385908854608748.txt -> /home/shahbazk/Projects/DFS_Semi_Streaming/input/random_graphs/graph_50_353_POWLAW_1170385908854608748.txt (Time: 0.00s)
📦 COPIED from HDD: /media/HDD/Projects/ExpDFS/graph_50_353_POWLAW_199422815561151340.txt -> /home/shahbazk/Projects/DFS_Semi_Streaming/input/random_graphs/graph_50_353_POWLAW_199422815561151340.txt (Time: 0.00s)
📦 COPIED from HDD: /media/HDD/Projects/ExpDFS/graph_50_353_POWLAW_2909934787168262407.txt -> /home/shahbazk/Projects/DFS_Semi_Streaming/input/random_graphs/graph_50_353_POWLAW_2909934787168262407.txt (Time: 0.00s)
📦 COPIED from HDD: /media/HDD/Projects/ExpDFS/graph_50_353_POWLAW_3713827327871807734.txt -> /home/shahbazk/Projects/DFS_Semi_Streaming/input/random_graphs/graph_50_353_POWLAW_3713827327871807734.txt (Time: 0.00s)
📦 COPIED from HDD: /media/HDD/Projects/ExpDFS/graph_50_353_POWLAW_175493991617213850.txt -> /home/shahbazk/Projects/DFS_Semi_Streaming/input/random_graphs/graph_50_353_POWLAW_175493991617213850.txt (Time: 0.00s)
📦 COPIED from HDD: /media/HDD/Projects/ExpDFS/graph_50_353_POWLAW_6764066939395682287.txt -> /home/shahbazk/Projects/DFS_Semi_Streaming/input/random_graphs/graph_50_353_POWLAW_6764066939395682287.txt (Time: 0.00s)
📦 COPIED from HDD: /media/HDD/Projects/ExpDFS/graph_50_353_POWLAW_5108599054664628607.txt -> /home/shahbazk/Projects/DFS_Semi_Streaming/input/random_graphs/graph_50_353_POWLAW_5108599054664628607.txt (Time: 0.00s)
📦 COPIED from HDD: /media/HDD/Projects/ExpDFS/graph_50_353_POWLAW_9130666990809746335.txt -> /home/shahbazk/Projects/DFS_Semi_Streaming/input/random_graphs/graph_50_353_POWLAW_9130666990809746335.txt (Time: 0.00s)
📦 COPIED from HDD: /media/HDD/Projects/ExpDFS/graph_50_353_POWLAW_1458186392400727732.txt -> /home/shahbazk/Projects/DFS_Semi_Streaming/input/random_graphs/graph_50_353_POWLAW_1458186392400727732.txt (Time: 0.00s)
📦 COPIED from HDD: /media/HDD/Projects/ExpDFS/graph_50_353_POWLAW_1392892770529522614.txt -> /home/shahbazk/Projects/DFS_Semi_Streaming/input/random_graphs/graph_50_353_POWLAW_1392892770529522614.txt (Time: 0.00s)
📦 COPIED from HDD: /media/HDD/Projects/ExpDFS/graph_50_353_POWLAW_4250897495980125004.txt -> /home/shahbazk/Projects/DFS_Semi_Streaming/input/random_graphs/graph_50_353_POWLAW_4250897495980125004.txt (Time: 0.00s)
📦 COPIED from HDD: /media/HDD/Projects/ExpDFS/graph_50_353_POWLAW_9060210648189963449.txt -> /home/shahbazk/Projects/DFS_Semi_Streaming/input/random_graphs/graph_50_353_POWLAW_9060210648189963449.txt (Time: 0.00s)
📦 COPIED from HDD: /media/HDD/Projects/ExpDFS/graph_50_353_POWLAW_7644420139408884785.txt -> /home/shahbazk/Projects/DFS_Semi_Streaming/input/random_graphs/graph_50_353_POWLAW_7644420139408884785.txt (Time: 0.00s)
📦 COPIED from HDD: /media/HDD/Projects/ExpDFS/graph_50_353_POWLAW_2089506265998900862.txt -> /home/shahbazk/Projects/DFS_Semi_Streaming/input/random_graphs/graph_50_353_POWLAW_2089506265998900862.txt (Time: 0.00s)
📦 COPIED from HDD: /media/HDD/Projects/ExpDFS/graph_50_353_POWLAW_5497874167834979553.txt -> /home/shahbazk/Projects/DFS_Semi_Streaming/input/random_graphs/graph_50_353_POWLAW_5497874167834979553.txt (Time: 0.00s)
📦 COPIED from HDD: /media/HDD/Projects/ExpDFS/graph_50_353_POWLAW_1332005502874566195.txt -> /home/shahbazk/Projects/DFS_Semi_Streaming/input/random_graphs/graph_50_353_POWLAW_1332005502874566195.txt (Time: 0.00s)
📦 COPIED from HDD: /media/HDD/Projects/ExpDFS/graph_50_353_POWLAW_8448596294177070022.txt -> /home/shahbazk/Projects/DFS_Semi_Streaming/input/random_graphs/graph_50_353_POWLAW_8448596294177070022.txt (Time: 0.00s)
📦 COPIED from HDD: /media/HDD/Projects/ExpDFS/graph_50_353_POWLAW_8794274795737982182.txt -> /home/shahbazk/Projects/DFS_Semi_Streaming/input/random_graphs/graph_50_353_POWLAW_8794274795737982182.txt (Time: 0.00s)
📦 COPIED from HDD: /media/HDD/Projects/ExpDFS/graph_50_353_POWLAW_7905487461282246979.txt -> /home/shahbazk/Projects/DFS_Semi_Streaming/input/random_graphs/graph_50_353_POWLAW_7905487461282246979.txt (Time: 0.00s)
📦 COPIED from HDD: /media/HDD/Projects/ExpDFS/graph_50_353_POWLAW_4060584409398689268.txt -> /home/shahbazk/Projects/DFS_Semi_Streaming/input/random_graphs/graph_50_353_POWLAW_4060584409398689268.txt (Time: 0.00s)
📦 COPIED from HDD: /media/HDD/Projects/ExpDFS/graph_50_353_POWLAW_4934890601268679176.txt -> /home/shahbazk/Projects/DFS_Semi_Streaming/input/random_graphs/graph_50_353_POWLAW_4934890601268679176.txt (Time: 0.00s)
📦 COPIED from HDD: /media/HDD/Projects/ExpDFS/graph_50_353_POWLAW_4795749165124911768.txt -> /home/shahbazk/Projects/DFS_Semi_Streaming/input/random_graphs/graph_50_353_POWLAW_4795749165124911768.txt (Time: 0.00s)
📦 COPIED from HDD: /media/HDD/Projects/ExpDFS/graph_50_353_POWLAW_1722224698700348310.txt -> /home/shahbazk/Projects/DFS_Semi_Streaming/input/random_graphs/graph_50_353_POWLAW_1722224698700348310.txt (Time: 0.00s)
📦 COPIED from HDD: /media/HDD/Projects/ExpDFS/graph_50_353_POWLAW_7118744415197196276.txt -> /home/shahbazk/Projects/DFS_Semi_Streaming/input/random_graphs/graph_50_353_POWLAW_7118744415197196276.txt (Time: 0.00s)
📦 COPIED from HDD: /media/HDD/Projects/ExpDFS/graph_50_353_POWLAW_8626102704817790064.txt -> /home/shahbazk/Projects/DFS_Semi_Streaming/input/random_graphs/graph_50_353_POWLAW_8626102704817790064.txt (Time: 0.00s)
📦 COPIED from HDD: /media/HDD/Projects/ExpDFS/graph_50_353_POWLAW_1992204328026194281.txt -> /home/shahbazk/Projects/DFS_Semi_Streaming/input/random_graphs/graph_50_353_POWLAW_1992204328026194281.txt (Time: 0.00s)
📦 COPIED from HDD: /media/HDD/Projects/ExpDFS/graph_50_353_POWLAW_2718103348384927511.txt -> /home/shahbazk/Projects/DFS_Semi_Streaming/input/random_graphs/graph_50_353_POWLAW_2718103348384927511.txt (Time: 0.00s)
📦 COPIED from HDD: /media/HDD/Projects/ExpDFS/graph_50_353_POWLAW_9059990922233379852.txt -> /home/shahbazk/Projects/DFS_Semi_Streaming/input/random_graphs/graph_50_353_POWLAW_9059990922233379852.txt (Time: 0.00s)
📦 COPIED from HDD: /media/HDD/Projects/ExpDFS/graph_50_353_POWLAW_3221421291694197220.txt -> /home/shahbazk/Projects/DFS_Semi_Streaming/input/random_graphs/graph_50_353_POWLAW_3221421291694197220.txt (Time: 0.00s)
📦 COPIED from HDD: /media/HDD/Projects/ExpDFS/graph_50_353_POWLAW_5894893360759659423.txt -> /home/shahbazk/Projects/DFS_Semi_Streaming/input/random_graphs/graph_50_353_POWLAW_5894893360759659423.txt (Time: 0.00s)
📦 COPIED from HDD: /media/HDD/Projects/ExpDFS/graph_50_353_POWLAW_7449662661572224354.txt -> /home/shahbazk/Projects/DFS_Semi_Streaming/input/random_graphs/graph_50_353_POWLAW_7449662661572224354.txt (Time: 0.00s)
📦 COPIED from HDD: /media/HDD/Projects/ExpDFS/graph_50_353_POWLAW_7983805977214098674.txt -> /home/shahbazk/Projects/DFS_Semi_Streaming/input/random_graphs/graph_50_353_POWLAW_7983805977214098674.txt (Time: 0.00s)
📦 COPIED from HDD: /media/HDD/Projects/ExpDFS/graph_50_353_POWLAW_8867616339855336876.txt -> /home/shahbazk/Projects/DFS_Semi_Streaming/input/random_graphs/graph_50_353_POWLAW_8867616339855336876.txt (Time: 0.00s)
📦 COPIED from HDD: /media/HDD/Projects/ExpDFS/graph_50_353_POWLAW_4940913311242578590.txt -> /home/shahbazk/Projects/DFS_Semi_Streaming/input/random_graphs/graph_50_353_POWLAW_4940913311242578590.txt (Time: 0.00s)
📦 COPIED from HDD: /media/HDD/Projects/ExpDFS/graph_50_353_POWLAW_2264398621601381987.txt -> /home/shahbazk/Projects/DFS_Semi_Streaming/input/random_graphs/graph_50_353_POWLAW_2264398621601381987.txt (Time: 0.00s)
📦 COPIED from HDD: /media/HDD/Projects/ExpDFS/graph_50_353_POWLAW_7632458674696225362.txt -> /home/shahbazk/Projects/DFS_Semi_Streaming/input/random_graphs/graph_50_353_POWLAW_7632458674696225362.txt (Time: 0.00s)
📦 COPIED from HDD: /media/HDD/Projects/ExpDFS/graph_60_464_POWLAW_6230961512046992311.txt -> /home/shahbazk/Projects/DFS_Semi_Streaming/input/random_graphs/graph_60_464_POWLAW_6230961512046992311.txt (Time: 0.00s)
📦 COPIED from HDD: /media/HDD/Projects/ExpDFS/graph_60_464_POWLAW_7871178979383552919.txt -> /home/shahbazk/Projects/DFS_Semi_Streaming/input/random_graphs/graph_60_464_POWLAW_7871178979383552919.txt (Time: 0.00s)
📦 COPIED from HDD: /media/HDD/Projects/ExpDFS/graph_60_464_POWLAW_1070244953599069350.txt -> /home/shahbazk/Projects/DFS_Semi_Streaming/input/random_graphs/graph_60_464_POWLAW_1070244953599069350.txt (Time: 0.00s)
📦 COPIED from HDD: /media/HDD/Projects/ExpDFS/graph_60_464_POWLAW_6938562734920028532.txt -> /home/shahbazk/Projects/DFS_Semi_Streaming/input/random_graphs/graph_60_464_POWLAW_6938562734920028532.txt (Time: 0.00s)
📦 COPIED from HDD: /media/HDD/Projects/ExpDFS/graph_60_464_POWLAW_7032710160631691991.txt -> /home/shahbazk/Projects/DFS_Semi_Streaming/input/random_graphs/graph_60_464_POWLAW_7032710160631691991.txt (Time: 0.00s)
📦 COPIED from HDD: /media/HDD/Projects/ExpDFS/graph_60_464_POWLAW_5739955973604961613.txt -> /home/shahbazk/Projects/DFS_Semi_Streaming/input/random_graphs/graph_60_464_POWLAW_5739955973604961613.txt (Time: 0.00s)
📦 COPIED from HDD: /media/HDD/Projects/ExpDFS/graph_60_464_POWLAW_6522163754831416203.txt -> /home/shahbazk/Projects/DFS_Semi_Streaming/input/random_graphs/graph_60_464_POWLAW_6522163754831416203.txt (Time: 0.00s)
📦 COPIED from HDD: /media/HDD/Projects/ExpDFS/graph_60_464_POWLAW_7599700178212337699.txt -> /home/shahbazk/Projects/DFS_Semi_Streaming/input/random_graphs/graph_60_464_POWLAW_7599700178212337699.txt (Time: 0.00s)
📦 COPIED from HDD: /media/HDD/Projects/ExpDFS/graph_60_464_POWLAW_1353182403971399009.txt -> /home/shahbazk/Projects/DFS_Semi_Streaming/input/random_graphs/graph_60_464_POWLAW_1353182403971399009.txt (Time: 0.00s)
📦 COPIED from HDD: /media/HDD/Projects/ExpDFS/graph_60_464_POWLAW_4040737767143389431.txt -> /home/shahbazk/Projects/DFS_Semi_Streaming/input/random_graphs/graph_60_464_POWLAW_4040737767143389431.txt (Time: 0.00s)
📦 COPIED from HDD: /media/HDD/Projects/ExpDFS/graph_60_464_POWLAW_1250005700364523649.txt -> /home/shahbazk/Projects/DFS_Semi_Streaming/input/random_graphs/graph_60_464_POWLAW_1250005700364523649.txt (Time: 0.00s)
📦 COPIED from HDD: /media/HDD/Projects/ExpDFS/graph_60_464_POWLAW_3881801951614183357.txt -> /home/shahbazk/Projects/DFS_Semi_Streaming/input/random_graphs/graph_60_464_POWLAW_3881801951614183357.txt (Time: 0.00s)
📦 COPIED from HDD: /media/HDD/Projects/ExpDFS/graph_60_464_POWLAW_2429002973740178792.txt -> /home/shahbazk/Projects/DFS_Semi_Streaming/input/random_graphs/graph_60_464_POWLAW_2429002973740178792.txt (Time: 0.00s)
📦 COPIED from HDD: /media/HDD/Projects/ExpDFS/graph_60_464_POWLAW_5906957480796939447.txt -> /home/shahbazk/Projects/DFS_Semi_Streaming/input/random_graphs/graph_60_464_POWLAW_5906957480796939447.txt (Time: 0.00s)
📦 COPIED from HDD: /media/HDD/Projects/ExpDFS/graph_60_464_POWLAW_7663871783842725848.txt -> /home/shahbazk/Projects/DFS_Semi_Streaming/input/random_graphs/graph_60_464_POWLAW_7663871783842725848.txt (Time: 0.00s)
📦 COPIED from HDD: /media/HDD/Projects/ExpDFS/graph_60_464_POWLAW_320375091487821987.txt -> /home/shahbazk/Projects/DFS_Semi_Streaming/input/random_graphs/graph_60_464_POWLAW_320375091487821987.txt (Time: 0.00s)
📦 COPIED from HDD: /media/HDD/Projects/ExpDFS/graph_60_464_POWLAW_7146860528564146064.txt -> /home/shahbazk/Projects/DFS_Semi_Streaming/input/random_graphs/graph_60_464_POWLAW_7146860528564146064.txt (Time: 0.00s)
📦 COPIED from HDD: /media/HDD/Projects/ExpDFS/graph_60_464_POWLAW_1309542850049879452.txt -> /home/shahbazk/Projects/DFS_Semi_Streaming/input/random_graphs/graph_60_464_POWLAW_1309542850049879452.txt (Time: 0.00s)
📦 COPIED from HDD: /media/HDD/Projects/ExpDFS/graph_60_464_POWLAW_7473196763798409428.txt -> /home/shahbazk/Projects/DFS_Semi_Streaming/input/random_graphs/graph_60_464_POWLAW_7473196763798409428.txt (Time: 0.00s)
📦 COPIED from HDD: /media/HDD/Projects/ExpDFS/graph_60_464_POWLAW_5142811650494845597.txt -> /home/shahbazk/Projects/DFS_Semi_Streaming/input/random_graphs/graph_60_464_POWLAW_5142811650494845597.txt (Time: 0.00s)
📦 COPIED from HDD: /media/HDD/Projects/ExpDFS/graph_60_464_POWLAW_3438400432146115956.txt -> /home/shahbazk/Projects/DFS_Semi_Streaming/input/random_graphs/graph_60_464_POWLAW_3438400432146115956.txt (Time: 0.00s)
📦 COPIED from HDD: /media/HDD/Projects/ExpDFS/graph_60_464_POWLAW_6002685213311538187.txt -> /home/shahbazk/Projects/DFS_Semi_Streaming/input/random_graphs/graph_60_464_POWLAW_6002685213311538187.txt (Time: 0.00s)
📦 COPIED from HDD: /media/HDD/Projects/ExpDFS/graph_60_464_POWLAW_5139481885857321791.txt -> /home/shahbazk/Projects/DFS_Semi_Streaming/input/random_graphs/graph_60_464_POWLAW_5139481885857321791.txt (Time: 0.00s)
📦 COPIED from HDD: /media/HDD/Projects/ExpDFS/graph_60_464_POWLAW_5708372698381010775.txt -> /home/shahbazk/Projects/DFS_Semi_Streaming/input/random_graphs/graph_60_464_POWLAW_5708372698381010775.txt (Time: 0.00s)
📦 COPIED from HDD: /media/HDD/Projects/ExpDFS/graph_60_464_POWLAW_1731523882129807996.txt -> /home/shahbazk/Projects/DFS_Semi_Streaming/input/random_graphs/graph_60_464_POWLAW_1731523882129807996.txt (Time: 0.00s)
📦 COPIED from HDD: /media/HDD/Projects/ExpDFS/graph_60_464_POWLAW_3010622984418968408.txt -> /home/shahbazk/Projects/DFS_Semi_Streaming/input/random_graphs/graph_60_464_POWLAW_3010622984418968408.txt (Time: 0.00s)
📦 COPIED from HDD: /media/HDD/Projects/ExpDFS/graph_60_464_POWLAW_1250773459040295677.txt -> /home/shahbazk/Projects/DFS_Semi_Streaming/input/random_graphs/graph_60_464_POWLAW_1250773459040295677.txt (Time: 0.00s)
📦 COPIED from HDD: /media/HDD/Projects/ExpDFS/graph_60_464_POWLAW_1853590723603270879.txt -> /home/shahbazk/Projects/DFS_Semi_Streaming/input/random_graphs/graph_60_464_POWLAW_1853590723603270879.txt (Time: 0.00s)
📦 COPIED from HDD: /media/HDD/Projects/ExpDFS/graph_60_464_POWLAW_6785030173969523435.txt -> /home/shahbazk/Projects/DFS_Semi_Streaming/input/random_graphs/graph_60_464_POWLAW_6785030173969523435.txt (Time: 0.00s)
📦 COPIED from HDD: /media/HDD/Projects/ExpDFS/graph_60_464_POWLAW_5529616217668449934.txt -> /home/shahbazk/Projects/DFS_Semi_Streaming/input/random_graphs/graph_60_464_POWLAW_5529616217668449934.txt (Time: 0.00s)
📦 COPIED from HDD: /media/HDD/Projects/ExpDFS/graph_60_464_POWLAW_1024517563182776983.txt -> /home/shahbazk/Projects/DFS_Semi_Streaming/input/random_graphs/graph_60_464_POWLAW_1024517563182776983.txt (Time: 0.00s)
📦 COPIED from HDD: /media/HDD/Projects/ExpDFS/graph_60_464_POWLAW_3224265581699847191.txt -> /home/shahbazk/Projects/DFS_Semi_Streaming/input/random_graphs/graph_60_464_POWLAW_3224265581699847191.txt (Time: 0.00s)
📦 COPIED from HDD: /media/HDD/Projects/ExpDFS/graph_60_464_POWLAW_7029781962072644698.txt -> /home/shahbazk/Projects/DFS_Semi_Streaming/input/random_graphs/graph_60_464_POWLAW_7029781962072644698.txt (Time: 0.00s)
📦 COPIED from HDD: /media/HDD/Projects/ExpDFS/graph_60_464_POWLAW_5258051056098597521.txt -> /home/shahbazk/Projects/DFS_Semi_Streaming/input/random_graphs/graph_60_464_POWLAW_5258051056098597521.txt (Time: 0.00s)
📦 COPIED from HDD: /media/HDD/Projects/ExpDFS/graph_60_464_POWLAW_1647170069535670909.txt -> /home/shahbazk/Projects/DFS_Semi_Streaming/input/random_graphs/graph_60_464_POWLAW_1647170069535670909.txt (Time: 0.00s)
📦 COPIED from HDD: /media/HDD/Projects/ExpDFS/graph_60_464_POWLAW_4122784633514911760.txt -> /home/shahbazk/Projects/DFS_Semi_Streaming/input/random_graphs/graph_60_464_POWLAW_4122784633514911760.txt (Time: 0.00s)
📦 COPIED from HDD: /media/HDD/Projects/ExpDFS/graph_60_464_POWLAW_521787134863155063.txt -> /home/shahbazk/Projects/DFS_Semi_Streaming/input/random_graphs/graph_60_464_POWLAW_521787134863155063.txt (Time: 0.00s)
📦 COPIED from HDD: /media/HDD/Projects/ExpDFS/graph_60_464_POWLAW_1632192924771168275.txt -> /home/shahbazk/Projects/DFS_Semi_Streaming/input/random_graphs/graph_60_464_POWLAW_1632192924771168275.txt (Time: 0.00s)
📦 COPIED from HDD: /media/HDD/Projects/ExpDFS/graph_60_464_POWLAW_7706236040662210848.txt -> /home/shahbazk/Projects/DFS_Semi_Streaming/input/random_graphs/graph_60_464_POWLAW_7706236040662210848.txt (Time: 0.00s)
📦 COPIED from HDD: /media/HDD/Projects/ExpDFS/graph_60_464_POWLAW_7161906730445628483.txt -> /home/shahbazk/Projects/DFS_Semi_Streaming/input/random_graphs/graph_60_464_POWLAW_7161906730445628483.txt (Time: 0.00s)
📦 COPIED from HDD: /media/HDD/Projects/ExpDFS/graph_60_464_POWLAW_824387247617288499.txt -> /home/shahbazk/Projects/DFS_Semi_Streaming/input/random_graphs/graph_60_464_POWLAW_824387247617288499.txt (Time: 0.00s)
📦 COPIED from HDD: /media/HDD/Projects/ExpDFS/graph_60_464_POWLAW_4552998297316576788.txt -> /home/shahbazk/Projects/DFS_Semi_Streaming/input/random_graphs/graph_60_464_POWLAW_4552998297316576788.txt (Time: 0.00s)
📦 COPIED from HDD: /media/HDD/Projects/ExpDFS/graph_60_464_POWLAW_8031431416522537101.txt -> /home/shahbazk/Projects/DFS_Semi_Streaming/input/random_graphs/graph_60_464_POWLAW_8031431416522537101.txt (Time: 0.00s)
📦 COPIED from HDD: /media/HDD/Projects/ExpDFS/graph_60_464_POWLAW_6143643868734370809.txt -> /home/shahbazk/Projects/DFS_Semi_Streaming/input/random_graphs/graph_60_464_POWLAW_6143643868734370809.txt (Time: 0.00s)
📦 COPIED from HDD: /media/HDD/Projects/ExpDFS/graph_60_464_POWLAW_6802378520969450157.txt -> /home/shahbazk/Projects/DFS_Semi_Streaming/input/random_graphs/graph_60_464_POWLAW_6802378520969450157.txt (Time: 0.00s)
📦 COPIED from HDD: /media/HDD/Projects/ExpDFS/graph_60_464_POWLAW_3272308573967577038.txt -> /home/shahbazk/Projects/DFS_Semi_Streaming/input/random_graphs/graph_60_464_POWLAW_3272308573967577038.txt (Time: 0.00s)
📦 COPIED from HDD: /media/HDD/Projects/ExpDFS/graph_60_464_POWLAW_5636411189175451024.txt -> /home/shahbazk/Projects/DFS_Semi_Streaming/input/random_graphs/graph_60_464_POWLAW_5636411189175451024.txt (Time: 0.00s)
📦 COPIED from HDD: /media/HDD/Projects/ExpDFS/graph_60_464_POWLAW_7938560551762094560.txt -> /home/shahbazk/Projects/DFS_Semi_Streaming/input/random_graphs/graph_60_464_POWLAW_7938560551762094560.txt (Time: 0.00s)
📦 COPIED from HDD: /media/HDD/Projects/ExpDFS/graph_60_464_POWLAW_5349491008325879064.txt -> /home/shahbazk/Projects/DFS_Semi_Streaming/input/random_graphs/graph_60_464_POWLAW_5349491008325879064.txt (Time: 0.00s)
📦 COPIED from HDD: /media/HDD/Projects/ExpDFS/graph_60_464_POWLAW_6614505080519948832.txt -> /home/shahbazk/Projects/DFS_Semi_Streaming/input/random_graphs/graph_60_464_POWLAW_6614505080519948832.txt (Time: 0.00s)
📦 COPIED from HDD: /media/HDD/Projects/ExpDFS/graph_60_464_POWLAW_4445925461710302877.txt -> /home/shahbazk/Projects/DFS_Semi_Streaming/input/random_graphs/graph_60_464_POWLAW_4445925461710302877.txt (Time: 0.00s)
📦 COPIED from HDD: /media/HDD/Projects/ExpDFS/graph_60_464_POWLAW_7917045922527545890.txt -> /home/shahbazk/Projects/DFS_Semi_Streaming/input/random_graphs/graph_60_464_POWLAW_7917045922527545890.txt (Time: 0.00s)
📦 COPIED from HDD: /media/HDD/Projects/ExpDFS/graph_60_464_POWLAW_3865339568260874865.txt -> /home/shahbazk/Projects/DFS_Semi_Streaming/input/random_graphs/graph_60_464_POWLAW_3865339568260874865.txt (Time: 0.00s)
📦 COPIED from HDD: /media/HDD/Projects/ExpDFS/graph_60_464_POWLAW_7921282862123281598.txt -> /home/shahbazk/Projects/DFS_Semi_Streaming/input/random_graphs/graph_60_464_POWLAW_7921282862123281598.txt (Time: 0.00s)
📦 COPIED from HDD: /media/HDD/Projects/ExpDFS/graph_60_464_POWLAW_1128313391724783137.txt -> /home/shahbazk/Projects/DFS_Semi_Streaming/input/random_graphs/graph_60_464_POWLAW_1128313391724783137.txt (Time: 0.00s)
📦 COPIED from HDD: /media/HDD/Projects/ExpDFS/graph_60_464_POWLAW_6224222471595207695.txt -> /home/shahbazk/Projects/DFS_Semi_Streaming/input/random_graphs/graph_60_464_POWLAW_6224222471595207695.txt (Time: 0.00s)
📦 COPIED from HDD: /media/HDD/Projects/ExpDFS/graph_60_464_POWLAW_716820155901718944.txt -> /home/shahbazk/Projects/DFS_Semi_Streaming/input/random_graphs/graph_60_464_POWLAW_716820155901718944.txt (Time: 0.00s)
📦 COPIED from HDD: /media/HDD/Projects/ExpDFS/graph_60_464_POWLAW_5063475852268941542.txt -> /home/shahbazk/Projects/DFS_Semi_Streaming/input/random_graphs/graph_60_464_POWLAW_5063475852268941542.txt (Time: 0.00s)
📦 COPIED from HDD: /media/HDD/Projects/ExpDFS/graph_60_464_POWLAW_8718380604043999642.txt -> /home/shahbazk/Projects/DFS_Semi_Streaming/input/random_graphs/graph_60_464_POWLAW_8718380604043999642.txt (Time: 0.00s)
📦 COPIED from HDD: /media/HDD/Projects/ExpDFS/graph_60_464_POWLAW_4997514996153925447.txt -> /home/shahbazk/Projects/DFS_Semi_Streaming/input/random_graphs/graph_60_464_POWLAW_4997514996153925447.txt (Time: 0.00s)
📦 COPIED from HDD: /media/HDD/Projects/ExpDFS/graph_60_464_POWLAW_8446481348147407377.txt -> /home/shahbazk/Projects/DFS_Semi_Streaming/input/random_graphs/graph_60_464_POWLAW_8446481348147407377.txt (Time: 0.00s)
📦 COPIED from HDD: /media/HDD/Projects/ExpDFS/graph_60_464_POWLAW_3817405844514670994.txt -> /home/shahbazk/Projects/DFS_Semi_Streaming/input/random_graphs/graph_60_464_POWLAW_3817405844514670994.txt (Time: 0.00s)
📦 COPIED from HDD: /media/HDD/Projects/ExpDFS/graph_60_464_POWLAW_2909934787168262407.txt -> /home/shahbazk/Projects/DFS_Semi_Streaming/input/random_graphs/graph_60_464_POWLAW_2909934787168262407.txt (Time: 0.00s)
📦 COPIED from HDD: /media/HDD/Projects/ExpDFS/graph_60_464_POWLAW_1170385908854608748.txt -> /home/shahbazk/Projects/DFS_Semi_Streaming/input/random_graphs/graph_60_464_POWLAW_1170385908854608748.txt (Time: 0.00s)
📦 COPIED from HDD: /media/HDD/Projects/ExpDFS/graph_60_464_POWLAW_6529943913552561417.txt -> /home/shahbazk/Projects/DFS_Semi_Streaming/input/random_graphs/graph_60_464_POWLAW_6529943913552561417.txt (Time: 0.00s)
📦 COPIED from HDD: /media/HDD/Projects/ExpDFS/graph_60_464_POWLAW_6022436717541034636.txt -> /home/shahbazk/Projects/DFS_Semi_Streaming/input/random_graphs/graph_60_464_POWLAW_6022436717541034636.txt (Time: 0.00s)
📦 COPIED from HDD: /media/HDD/Projects/ExpDFS/graph_60_464_POWLAW_3713827327871807734.txt -> /home/shahbazk/Projects/DFS_Semi_Streaming/input/random_graphs/graph_60_464_POWLAW_3713827327871807734.txt (Time: 0.00s)
📦 COPIED from HDD: /media/HDD/Projects/ExpDFS/graph_60_464_POWLAW_6764066939395682287.txt -> /home/shahbazk/Projects/DFS_Semi_Streaming/input/random_graphs/graph_60_464_POWLAW_6764066939395682287.txt (Time: 0.00s)
📦 COPIED from HDD: /media/HDD/Projects/ExpDFS/graph_60_464_POWLAW_175493991617213850.txt -> /home/shahbazk/Projects/DFS_Semi_Streaming/input/random_graphs/graph_60_464_POWLAW_175493991617213850.txt (Time: 0.00s)
📦 COPIED from HDD: /media/HDD/Projects/ExpDFS/graph_60_464_POWLAW_5108599054664628607.txt -> /home/shahbazk/Projects/DFS_Semi_Streaming/input/random_graphs/graph_60_464_POWLAW_5108599054664628607.txt (Time: 0.00s)
📦 COPIED from HDD: /media/HDD/Projects/ExpDFS/graph_60_464_POWLAW_199422815561151340.txt -> /home/shahbazk/Projects/DFS_Semi_Streaming/input/random_graphs/graph_60_464_POWLAW_199422815561151340.txt (Time: 0.00s)
📦 COPIED from HDD: /media/HDD/Projects/ExpDFS/graph_60_464_POWLAW_9130666990809746335.txt -> /home/shahbazk/Projects/DFS_Semi_Streaming/input/random_graphs/graph_60_464_POWLAW_9130666990809746335.txt (Time: 0.00s)
📦 COPIED from HDD: /media/HDD/Projects/ExpDFS/graph_60_464_POWLAW_7644420139408884785.txt -> /home/shahbazk/Projects/DFS_Semi_Streaming/input/random_graphs/graph_60_464_POWLAW_7644420139408884785.txt (Time: 0.00s)
📦 COPIED from HDD: /media/HDD/Projects/ExpDFS/graph_60_464_POWLAW_1458186392400727732.txt -> /home/shahbazk/Projects/DFS_Semi_Streaming/input/random_graphs/graph_60_464_POWLAW_1458186392400727732.txt (Time: 0.00s)
📦 COPIED from HDD: /media/HDD/Projects/ExpDFS/graph_60_464_POWLAW_1392892770529522614.txt -> /home/shahbazk/Projects/DFS_Semi_Streaming/input/random_graphs/graph_60_464_POWLAW_1392892770529522614.txt (Time: 0.00s)
📦 COPIED from HDD: /media/HDD/Projects/ExpDFS/graph_60_464_POWLAW_9060210648189963449.txt -> /home/shahbazk/Projects/DFS_Semi_Streaming/input/random_graphs/graph_60_464_POWLAW_9060210648189963449.txt (Time: 0.00s)
📦 COPIED from HDD: /media/HDD/Projects/ExpDFS/graph_60_464_POWLAW_4250897495980125004.txt -> /home/shahbazk/Projects/DFS_Semi_Streaming/input/random_graphs/graph_60_464_POWLAW_4250897495980125004.txt (Time: 0.00s)
📦 COPIED from HDD: /media/HDD/Projects/ExpDFS/graph_60_464_POWLAW_8794274795737982182.txt -> /home/shahbazk/Projects/DFS_Semi_Streaming/input/random_graphs/graph_60_464_POWLAW_8794274795737982182.txt (Time: 0.00s)
📦 COPIED from HDD: /media/HDD/Projects/ExpDFS/graph_60_464_POWLAW_5497874167834979553.txt -> /home/shahbazk/Projects/DFS_Semi_Streaming/input/random_graphs/graph_60_464_POWLAW_5497874167834979553.txt (Time: 0.00s)
📦 COPIED from HDD: /media/HDD/Projects/ExpDFS/graph_60_464_POWLAW_2089506265998900862.txt -> /home/shahbazk/Projects/DFS_Semi_Streaming/input/random_graphs/graph_60_464_POWLAW_2089506265998900862.txt (Time: 0.00s)
📦 COPIED from HDD: /media/HDD/Projects/ExpDFS/graph_60_464_POWLAW_4060584409398689268.txt -> /home/shahbazk/Projects/DFS_Semi_Streaming/input/random_graphs/graph_60_464_POWLAW_4060584409398689268.txt (Time: 0.00s)
📦 COPIED from HDD: /media/HDD/Projects/ExpDFS/graph_60_464_POWLAW_7905487461282246979.txt -> /home/shahbazk/Projects/DFS_Semi_Streaming/input/random_graphs/graph_60_464_POWLAW_7905487461282246979.txt (Time: 0.00s)
📦 COPIED from HDD: /media/HDD/Projects/ExpDFS/graph_60_464_POWLAW_1332005502874566195.txt -> /home/shahbazk/Projects/DFS_Semi_Streaming/input/random_graphs/graph_60_464_POWLAW_1332005502874566195.txt (Time: 0.00s)
📦 COPIED from HDD: /media/HDD/Projects/ExpDFS/graph_60_464_POWLAW_1722224698700348310.txt -> /home/shahbazk/Projects/DFS_Semi_Streaming/input/random_graphs/graph_60_464_POWLAW_1722224698700348310.txt (Time: 0.00s)
📦 COPIED from HDD: /media/HDD/Projects/ExpDFS/graph_60_464_POWLAW_8626102704817790064.txt -> /home/shahbazk/Projects/DFS_Semi_Streaming/input/random_graphs/graph_60_464_POWLAW_8626102704817790064.txt (Time: 0.00s)
📦 COPIED from HDD: /media/HDD/Projects/ExpDFS/graph_60_464_POWLAW_8448596294177070022.txt -> /home/shahbazk/Projects/DFS_Semi_Streaming/input/random_graphs/graph_60_464_POWLAW_8448596294177070022.txt (Time: 0.00s)
📦 COPIED from HDD: /media/HDD/Projects/ExpDFS/graph_60_464_POWLAW_4795749165124911768.txt -> /home/shahbazk/Projects/DFS_Semi_Streaming/input/random_graphs/graph_60_464_POWLAW_4795749165124911768.txt (Time: 0.00s)
📦 COPIED from HDD: /media/HDD/Projects/ExpDFS/graph_60_464_POWLAW_4934890601268679176.txt -> /home/shahbazk/Projects/DFS_Semi_Streaming/input/random_graphs/graph_60_464_POWLAW_4934890601268679176.txt (Time: 0.00s)
📦 COPIED from HDD: /media/HDD/Projects/ExpDFS/graph_60_464_POWLAW_1992204328026194281.txt -> /home/shahbazk/Projects/DFS_Semi_Streaming/input/random_graphs/graph_60_464_POWLAW_1992204328026194281.txt (Time: 0.00s)
📦 COPIED from HDD: /media/HDD/Projects/ExpDFS/graph_60_464_POWLAW_7449662661572224354.txt -> /home/shahbazk/Projects/DFS_Semi_Streaming/input/random_graphs/graph_60_464_POWLAW_7449662661572224354.txt (Time: 0.00s)
📦 COPIED from HDD: /media/HDD/Projects/ExpDFS/graph_60_464_POWLAW_7118744415197196276.txt -> /home/shahbazk/Projects/DFS_Semi_Streaming/input/random_graphs/graph_60_464_POWLAW_7118744415197196276.txt (Time: 0.00s)
📦 COPIED from HDD: /media/HDD/Projects/ExpDFS/graph_60_464_POWLAW_9059990922233379852.txt -> /home/shahbazk/Projects/DFS_Semi_Streaming/input/random_graphs/graph_60_464_POWLAW_9059990922233379852.txt (Time: 0.00s)
📦 COPIED from HDD: /media/HDD/Projects/ExpDFS/graph_60_464_POWLAW_2718103348384927511.txt -> /home/shahbazk/Projects/DFS_Semi_Streaming/input/random_graphs/graph_60_464_POWLAW_2718103348384927511.txt (Time: 0.00s)
📦 COPIED from HDD: /media/HDD/Projects/ExpDFS/graph_60_464_POWLAW_8867616339855336876.txt -> /home/shahbazk/Projects/DFS_Semi_Streaming/input/random_graphs/graph_60_464_POWLAW_8867616339855336876.txt (Time: 0.00s)
📦 COPIED from HDD: /media/HDD/Projects/ExpDFS/graph_60_464_POWLAW_3221421291694197220.txt -> /home/shahbazk/Projects/DFS_Semi_Streaming/input/random_graphs/graph_60_464_POWLAW_3221421291694197220.txt (Time: 0.00s)
📦 COPIED from HDD: /media/HDD/Projects/ExpDFS/graph_60_464_POWLAW_5894893360759659423.txt -> /home/shahbazk/Projects/DFS_Semi_Streaming/input/random_graphs/graph_60_464_POWLAW_5894893360759659423.txt (Time: 0.00s)
📦 COPIED from HDD: /media/HDD/Projects/ExpDFS/graph_60_464_POWLAW_7983805977214098674.txt -> /home/shahbazk/Projects/DFS_Semi_Streaming/input/random_graphs/graph_60_464_POWLAW_7983805977214098674.txt (Time: 0.00s)
📦 COPIED from HDD: /media/HDD/Projects/ExpDFS/graph_60_464_POWLAW_4940913311242578590.txt -> /home/shahbazk/Projects/DFS_Semi_Streaming/input/random_graphs/graph_60_464_POWLAW_4940913311242578590.txt (Time: 0.00s)
📦 COPIED from HDD: /media/HDD/Projects/ExpDFS/graph_60_464_POWLAW_7632458674696225362.txt -> /home/shahbazk/Projects/DFS_Semi_Streaming/input/random_graphs/graph_60_464_POWLAW_7632458674696225362.txt (Time: 0.00s)
📦 COPIED from HDD: /media/HDD/Projects/ExpDFS/graph_60_464_POWLAW_2264398621601381987.txt -> /home/shahbazk/Projects/DFS_Semi_Streaming/input/random_graphs/graph_60_464_POWLAW_2264398621601381987.txt (Time: 0.00s)
📦 COPIED from HDD: /media/HDD/Projects/ExpDFS/graph_70_585_POWLAW_7871178979383552919.txt -> /home/shahbazk/Projects/DFS_Semi_Streaming/input/random_graphs/graph_70_585_POWLAW_7871178979383552919.txt (Time: 0.00s)
📦 COPIED from HDD: /media/HDD/Projects/ExpDFS/graph_70_585_POWLAW_3881801951614183357.txt -> /home/shahbazk/Projects/DFS_Semi_Streaming/input/random_graphs/graph_70_585_POWLAW_3881801951614183357.txt (Time: 0.00s)
📦 COPIED from HDD: /media/HDD/Projects/ExpDFS/graph_70_585_POWLAW_5739955973604961613.txt -> /home/shahbazk/Projects/DFS_Semi_Streaming/input/random_graphs/graph_70_585_POWLAW_5739955973604961613.txt (Time: 0.00s)
📦 COPIED from HDD: /media/HDD/Projects/ExpDFS/graph_70_585_POWLAW_6230961512046992311.txt -> /home/shahbazk/Projects/DFS_Semi_Streaming/input/random_graphs/graph_70_585_POWLAW_6230961512046992311.txt (Time: 0.00s)
📦 COPIED from HDD: /media/HDD/Projects/ExpDFS/graph_70_585_POWLAW_1070244953599069350.txt -> /home/shahbazk/Projects/DFS_Semi_Streaming/input/random_graphs/graph_70_585_POWLAW_1070244953599069350.txt (Time: 0.00s)
📦 COPIED from HDD: /media/HDD/Projects/ExpDFS/graph_70_585_POWLAW_6522163754831416203.txt -> /home/shahbazk/Projects/DFS_Semi_Streaming/input/random_graphs/graph_70_585_POWLAW_6522163754831416203.txt (Time: 0.00s)
📦 COPIED from HDD: /media/HDD/Projects/ExpDFS/graph_70_585_POWLAW_7032710160631691991.txt -> /home/shahbazk/Projects/DFS_Semi_Streaming/input/random_graphs/graph_70_585_POWLAW_7032710160631691991.txt (Time: 0.00s)
📦 COPIED from HDD: /media/HDD/Projects/ExpDFS/graph_70_585_POWLAW_1353182403971399009.txt -> /home/shahbazk/Projects/DFS_Semi_Streaming/input/random_graphs/graph_70_585_POWLAW_1353182403971399009.txt (Time: 0.00s)
📦 COPIED from HDD: /media/HDD/Projects/ExpDFS/graph_70_585_POWLAW_7599700178212337699.txt -> /home/shahbazk/Projects/DFS_Semi_Streaming/input/random_graphs/graph_70_585_POWLAW_7599700178212337699.txt (Time: 0.00s)
📦 COPIED from HDD: /media/HDD/Projects/ExpDFS/graph_70_585_POWLAW_6938562734920028532.txt -> /home/shahbazk/Projects/DFS_Semi_Streaming/input/random_graphs/graph_70_585_POWLAW_6938562734920028532.txt (Time: 0.00s)
📦 COPIED from HDD: /media/HDD/Projects/ExpDFS/graph_70_585_POWLAW_1250005700364523649.txt -> /home/shahbazk/Projects/DFS_Semi_Streaming/input/random_graphs/graph_70_585_POWLAW_1250005700364523649.txt (Time: 0.00s)
📦 COPIED from HDD: /media/HDD/Projects/ExpDFS/graph_70_585_POWLAW_4040737767143389431.txt -> /home/shahbazk/Projects/DFS_Semi_Streaming/input/random_graphs/graph_70_585_POWLAW_4040737767143389431.txt (Time: 0.00s)
📦 COPIED from HDD: /media/HDD/Projects/ExpDFS/graph_70_585_POWLAW_2429002973740178792.txt -> /home/shahbazk/Projects/DFS_Semi_Streaming/input/random_graphs/graph_70_585_POWLAW_2429002973740178792.txt (Time: 0.00s)
📦 COPIED from HDD: /media/HDD/Projects/ExpDFS/graph_70_585_POWLAW_7663871783842725848.txt -> /home/shahbazk/Projects/DFS_Semi_Streaming/input/random_graphs/graph_70_585_POWLAW_7663871783842725848.txt (Time: 0.00s)
📦 COPIED from HDD: /media/HDD/Projects/ExpDFS/graph_70_585_POWLAW_320375091487821987.txt -> /home/shahbazk/Projects/DFS_Semi_Streaming/input/random_graphs/graph_70_585_POWLAW_320375091487821987.txt (Time: 0.00s)
📦 COPIED from HDD: /media/HDD/Projects/ExpDFS/graph_70_585_POWLAW_1250773459040295677.txt -> /home/shahbazk/Projects/DFS_Semi_Streaming/input/random_graphs/graph_70_585_POWLAW_1250773459040295677.txt (Time: 0.00s)
📦 COPIED from HDD: /media/HDD/Projects/ExpDFS/graph_70_585_POWLAW_5906957480796939447.txt -> /home/shahbazk/Projects/DFS_Semi_Streaming/input/random_graphs/graph_70_585_POWLAW_5906957480796939447.txt (Time: 0.00s)
📦 COPIED from HDD: /media/HDD/Projects/ExpDFS/graph_70_585_POWLAW_1309542850049879452.txt -> /home/shahbazk/Projects/DFS_Semi_Streaming/input/random_graphs/graph_70_585_POWLAW_1309542850049879452.txt (Time: 0.00s)
📦 COPIED from HDD: /media/HDD/Projects/ExpDFS/graph_70_585_POWLAW_7146860528564146064.txt -> /home/shahbazk/Projects/DFS_Semi_Streaming/input/random_graphs/graph_70_585_POWLAW_7146860528564146064.txt (Time: 0.00s)
📦 COPIED from HDD: /media/HDD/Projects/ExpDFS/graph_70_585_POWLAW_5142811650494845597.txt -> /home/shahbazk/Projects/DFS_Semi_Streaming/input/random_graphs/graph_70_585_POWLAW_5142811650494845597.txt (Time: 0.00s)
📦 COPIED from HDD: /media/HDD/Projects/ExpDFS/graph_70_585_POWLAW_3438400432146115956.txt -> /home/shahbazk/Projects/DFS_Semi_Streaming/input/random_graphs/graph_70_585_POWLAW_3438400432146115956.txt (Time: 0.00s)
📦 COPIED from HDD: /media/HDD/Projects/ExpDFS/graph_70_585_POWLAW_5139481885857321791.txt -> /home/shahbazk/Projects/DFS_Semi_Streaming/input/random_graphs/graph_70_585_POWLAW_5139481885857321791.txt (Time: 0.00s)
📦 COPIED from HDD: /media/HDD/Projects/ExpDFS/graph_70_585_POWLAW_7473196763798409428.txt -> /home/shahbazk/Projects/DFS_Semi_Streaming/input/random_graphs/graph_70_585_POWLAW_7473196763798409428.txt (Time: 0.00s)
📦 COPIED from HDD: /media/HDD/Projects/ExpDFS/graph_70_585_POWLAW_6002685213311538187.txt -> /home/shahbazk/Projects/DFS_Semi_Streaming/input/random_graphs/graph_70_585_POWLAW_6002685213311538187.txt (Time: 0.00s)
📦 COPIED from HDD: /media/HDD/Projects/ExpDFS/graph_70_585_POWLAW_5708372698381010775.txt -> /home/shahbazk/Projects/DFS_Semi_Streaming/input/random_graphs/graph_70_585_POWLAW_5708372698381010775.txt (Time: 0.00s)
📦 COPIED from HDD: /media/HDD/Projects/ExpDFS/graph_70_585_POWLAW_3010622984418968408.txt -> /home/shahbazk/Projects/DFS_Semi_Streaming/input/random_graphs/graph_70_585_POWLAW_3010622984418968408.txt (Time: 0.00s)
📦 COPIED from HDD: /media/HDD/Projects/ExpDFS/graph_70_585_POWLAW_1731523882129807996.txt -> /home/shahbazk/Projects/DFS_Semi_Streaming/input/random_graphs/graph_70_585_POWLAW_1731523882129807996.txt (Time: 0.00s)
📦 COPIED from HDD: /media/HDD/Projects/ExpDFS/graph_70_585_POWLAW_521787134863155063.txt -> /home/shahbazk/Projects/DFS_Semi_Streaming/input/random_graphs/graph_70_585_POWLAW_521787134863155063.txt (Time: 0.00s)
📦 COPIED from HDD: /media/HDD/Projects/ExpDFS/graph_70_585_POWLAW_1853590723603270879.txt -> /home/shahbazk/Projects/DFS_Semi_Streaming/input/random_graphs/graph_70_585_POWLAW_1853590723603270879.txt (Time: 0.00s)
📦 COPIED from HDD: /media/HDD/Projects/ExpDFS/graph_70_585_POWLAW_7029781962072644698.txt -> /home/shahbazk/Projects/DFS_Semi_Streaming/input/random_graphs/graph_70_585_POWLAW_7029781962072644698.txt (Time: 0.00s)
📦 COPIED from HDD: /media/HDD/Projects/ExpDFS/graph_70_585_POWLAW_6785030173969523435.txt -> /home/shahbazk/Projects/DFS_Semi_Streaming/input/random_graphs/graph_70_585_POWLAW_6785030173969523435.txt (Time: 0.00s)
📦 COPIED from HDD: /media/HDD/Projects/ExpDFS/graph_70_585_POWLAW_1024517563182776983.txt -> /home/shahbazk/Projects/DFS_Semi_Streaming/input/random_graphs/graph_70_585_POWLAW_1024517563182776983.txt (Time: 0.00s)
📦 COPIED from HDD: /media/HDD/Projects/ExpDFS/graph_70_585_POWLAW_5529616217668449934.txt -> /home/shahbazk/Projects/DFS_Semi_Streaming/input/random_graphs/graph_70_585_POWLAW_5529616217668449934.txt (Time: 0.00s)
📦 COPIED from HDD: /media/HDD/Projects/ExpDFS/graph_70_585_POWLAW_5258051056098597521.txt -> /home/shahbazk/Projects/DFS_Semi_Streaming/input/random_graphs/graph_70_585_POWLAW_5258051056098597521.txt (Time: 0.00s)
📦 COPIED from HDD: /media/HDD/Projects/ExpDFS/graph_70_585_POWLAW_7706236040662210848.txt -> /home/shahbazk/Projects/DFS_Semi_Streaming/input/random_graphs/graph_70_585_POWLAW_7706236040662210848.txt (Time: 0.00s)
📦 COPIED from HDD: /media/HDD/Projects/ExpDFS/graph_70_585_POWLAW_1647170069535670909.txt -> /home/shahbazk/Projects/DFS_Semi_Streaming/input/random_graphs/graph_70_585_POWLAW_1647170069535670909.txt (Time: 0.00s)
📦 COPIED from HDD: /media/HDD/Projects/ExpDFS/graph_70_585_POWLAW_3224265581699847191.txt -> /home/shahbazk/Projects/DFS_Semi_Streaming/input/random_graphs/graph_70_585_POWLAW_3224265581699847191.txt (Time: 0.00s)
📦 COPIED from HDD: /media/HDD/Projects/ExpDFS/graph_70_585_POWLAW_824387247617288499.txt -> /home/shahbazk/Projects/DFS_Semi_Streaming/input/random_graphs/graph_70_585_POWLAW_824387247617288499.txt (Time: 0.00s)
📦 COPIED from HDD: /media/HDD/Projects/ExpDFS/graph_70_585_POWLAW_7161906730445628483.txt -> /home/shahbazk/Projects/DFS_Semi_Streaming/input/random_graphs/graph_70_585_POWLAW_7161906730445628483.txt (Time: 0.00s)
📦 COPIED from HDD: /media/HDD/Projects/ExpDFS/graph_70_585_POWLAW_4122784633514911760.txt -> /home/shahbazk/Projects/DFS_Semi_Streaming/input/random_graphs/graph_70_585_POWLAW_4122784633514911760.txt (Time: 0.00s)
📦 COPIED from HDD: /media/HDD/Projects/ExpDFS/graph_70_585_POWLAW_6802378520969450157.txt -> /home/shahbazk/Projects/DFS_Semi_Streaming/input/random_graphs/graph_70_585_POWLAW_6802378520969450157.txt (Time: 0.00s)
📦 COPIED from HDD: /media/HDD/Projects/ExpDFS/graph_70_585_POWLAW_8031431416522537101.txt -> /home/shahbazk/Projects/DFS_Semi_Streaming/input/random_graphs/graph_70_585_POWLAW_8031431416522537101.txt (Time: 0.00s)
📦 COPIED from HDD: /media/HDD/Projects/ExpDFS/graph_70_585_POWLAW_1632192924771168275.txt -> /home/shahbazk/Projects/DFS_Semi_Streaming/input/random_graphs/graph_70_585_POWLAW_1632192924771168275.txt (Time: 0.00s)
📦 COPIED from HDD: /media/HDD/Projects/ExpDFS/graph_70_585_POWLAW_4552998297316576788.txt -> /home/shahbazk/Projects/DFS_Semi_Streaming/input/random_graphs/graph_70_585_POWLAW_4552998297316576788.txt (Time: 0.00s)
📦 COPIED from HDD: /media/HDD/Projects/ExpDFS/graph_70_585_POWLAW_6143643868734370809.txt -> /home/shahbazk/Projects/DFS_Semi_Streaming/input/random_graphs/graph_70_585_POWLAW_6143643868734370809.txt (Time: 0.00s)
📦 COPIED from HDD: /media/HDD/Projects/ExpDFS/graph_70_585_POWLAW_3272308573967577038.txt -> /home/shahbazk/Projects/DFS_Semi_Streaming/input/random_graphs/graph_70_585_POWLAW_3272308573967577038.txt (Time: 0.00s)
📦 COPIED from HDD: /media/HDD/Projects/ExpDFS/graph_70_585_POWLAW_5636411189175451024.txt -> /home/shahbazk/Projects/DFS_Semi_Streaming/input/random_graphs/graph_70_585_POWLAW_5636411189175451024.txt (Time: 0.00s)
📦 COPIED from HDD: /media/HDD/Projects/ExpDFS/graph_70_585_POWLAW_6614505080519948832.txt -> /home/shahbazk/Projects/DFS_Semi_Streaming/input/random_graphs/graph_70_585_POWLAW_6614505080519948832.txt (Time: 0.00s)
📦 COPIED from HDD: /media/HDD/Projects/ExpDFS/graph_70_585_POWLAW_7938560551762094560.txt -> /home/shahbazk/Projects/DFS_Semi_Streaming/input/random_graphs/graph_70_585_POWLAW_7938560551762094560.txt (Time: 0.00s)
📦 COPIED from HDD: /media/HDD/Projects/ExpDFS/graph_70_585_POWLAW_5349491008325879064.txt -> /home/shahbazk/Projects/DFS_Semi_Streaming/input/random_graphs/graph_70_585_POWLAW_5349491008325879064.txt (Time: 0.00s)
📦 COPIED from HDD: /media/HDD/Projects/ExpDFS/graph_70_585_POWLAW_7917045922527545890.txt -> /home/shahbazk/Projects/DFS_Semi_Streaming/input/random_graphs/graph_70_585_POWLAW_7917045922527545890.txt (Time: 0.00s)
📦 COPIED from HDD: /media/HDD/Projects/ExpDFS/graph_70_585_POWLAW_4445925461710302877.txt -> /home/shahbazk/Projects/DFS_Semi_Streaming/input/random_graphs/graph_70_585_POWLAW_4445925461710302877.txt (Time: 0.00s)
📦 COPIED from HDD: /media/HDD/Projects/ExpDFS/graph_70_585_POWLAW_7921282862123281598.txt -> /home/shahbazk/Projects/DFS_Semi_Streaming/input/random_graphs/graph_70_585_POWLAW_7921282862123281598.txt (Time: 0.00s)
📦 COPIED from HDD: /media/HDD/Projects/ExpDFS/graph_70_585_POWLAW_6224222471595207695.txt -> /home/shahbazk/Projects/DFS_Semi_Streaming/input/random_graphs/graph_70_585_POWLAW_6224222471595207695.txt (Time: 0.00s)
📦 COPIED from HDD: /media/HDD/Projects/ExpDFS/graph_70_585_POWLAW_1128313391724783137.txt -> /home/shahbazk/Projects/DFS_Semi_Streaming/input/random_graphs/graph_70_585_POWLAW_1128313391724783137.txt (Time: 0.00s)
📦 COPIED from HDD: /media/HDD/Projects/ExpDFS/graph_70_585_POWLAW_3865339568260874865.txt -> /home/shahbazk/Projects/DFS_Semi_Streaming/input/random_graphs/graph_70_585_POWLAW_3865339568260874865.txt (Time: 0.00s)
📦 COPIED from HDD: /media/HDD/Projects/ExpDFS/graph_70_585_POWLAW_716820155901718944.txt -> /home/shahbazk/Projects/DFS_Semi_Streaming/input/random_graphs/graph_70_585_POWLAW_716820155901718944.txt (Time: 0.00s)
📦 COPIED from HDD: /media/HDD/Projects/ExpDFS/graph_70_585_POWLAW_5063475852268941542.txt -> /home/shahbazk/Projects/DFS_Semi_Streaming/input/random_graphs/graph_70_585_POWLAW_5063475852268941542.txt (Time: 0.00s)
📦 COPIED from HDD: /media/HDD/Projects/ExpDFS/graph_70_585_POWLAW_8718380604043999642.txt -> /home/shahbazk/Projects/DFS_Semi_Streaming/input/random_graphs/graph_70_585_POWLAW_8718380604043999642.txt (Time: 0.00s)
📦 COPIED from HDD: /media/HDD/Projects/ExpDFS/graph_70_585_POWLAW_4997514996153925447.txt -> /home/shahbazk/Projects/DFS_Semi_Streaming/input/random_graphs/graph_70_585_POWLAW_4997514996153925447.txt (Time: 0.00s)
📦 COPIED from HDD: /media/HDD/Projects/ExpDFS/graph_70_585_POWLAW_6529943913552561417.txt -> /home/shahbazk/Projects/DFS_Semi_Streaming/input/random_graphs/graph_70_585_POWLAW_6529943913552561417.txt (Time: 0.00s)
📦 COPIED from HDD: /media/HDD/Projects/ExpDFS/graph_70_585_POWLAW_8446481348147407377.txt -> /home/shahbazk/Projects/DFS_Semi_Streaming/input/random_graphs/graph_70_585_POWLAW_8446481348147407377.txt (Time: 0.00s)
📦 COPIED from HDD: /media/HDD/Projects/ExpDFS/graph_70_585_POWLAW_2909934787168262407.txt -> /home/shahbazk/Projects/DFS_Semi_Streaming/input/random_graphs/graph_70_585_POWLAW_2909934787168262407.txt (Time: 0.00s)
📦 COPIED from HDD: /media/HDD/Projects/ExpDFS/graph_70_585_POWLAW_3817405844514670994.txt -> /home/shahbazk/Projects/DFS_Semi_Streaming/input/random_graphs/graph_70_585_POWLAW_3817405844514670994.txt (Time: 0.00s)
📦 COPIED from HDD: /media/HDD/Projects/ExpDFS/graph_70_585_POWLAW_1170385908854608748.txt -> /home/shahbazk/Projects/DFS_Semi_Streaming/input/random_graphs/graph_70_585_POWLAW_1170385908854608748.txt (Time: 0.00s)
📦 COPIED from HDD: /media/HDD/Projects/ExpDFS/graph_70_585_POWLAW_3713827327871807734.txt -> /home/shahbazk/Projects/DFS_Semi_Streaming/input/random_graphs/graph_70_585_POWLAW_3713827327871807734.txt (Time: 0.00s)
📦 COPIED from HDD: /media/HDD/Projects/ExpDFS/graph_70_585_POWLAW_6022436717541034636.txt -> /home/shahbazk/Projects/DFS_Semi_Streaming/input/random_graphs/graph_70_585_POWLAW_6022436717541034636.txt (Time: 0.00s)
📦 COPIED from HDD: /media/HDD/Projects/ExpDFS/graph_70_585_POWLAW_199422815561151340.txt -> /home/shahbazk/Projects/DFS_Semi_Streaming/input/random_graphs/graph_70_585_POWLAW_199422815561151340.txt (Time: 0.00s)
📦 COPIED from HDD: /media/HDD/Projects/ExpDFS/graph_70_585_POWLAW_175493991617213850.txt -> /home/shahbazk/Projects/DFS_Semi_Streaming/input/random_graphs/graph_70_585_POWLAW_175493991617213850.txt (Time: 0.00s)
📦 COPIED from HDD: /media/HDD/Projects/ExpDFS/graph_70_585_POWLAW_6764066939395682287.txt -> /home/shahbazk/Projects/DFS_Semi_Streaming/input/random_graphs/graph_70_585_POWLAW_6764066939395682287.txt (Time: 0.00s)
📦 COPIED from HDD: /media/HDD/Projects/ExpDFS/graph_70_585_POWLAW_5108599054664628607.txt -> /home/shahbazk/Projects/DFS_Semi_Streaming/input/random_graphs/graph_70_585_POWLAW_5108599054664628607.txt (Time: 0.00s)
📦 COPIED from HDD: /media/HDD/Projects/ExpDFS/graph_70_585_POWLAW_9130666990809746335.txt -> /home/shahbazk/Projects/DFS_Semi_Streaming/input/random_graphs/graph_70_585_POWLAW_9130666990809746335.txt (Time: 0.00s)
📦 COPIED from HDD: /media/HDD/Projects/ExpDFS/graph_70_585_POWLAW_1392892770529522614.txt -> /home/shahbazk/Projects/DFS_Semi_Streaming/input/random_graphs/graph_70_585_POWLAW_1392892770529522614.txt (Time: 0.00s)
📦 COPIED from HDD: /media/HDD/Projects/ExpDFS/graph_70_585_POWLAW_1458186392400727732.txt -> /home/shahbazk/Projects/DFS_Semi_Streaming/input/random_graphs/graph_70_585_POWLAW_1458186392400727732.txt (Time: 0.00s)
📦 COPIED from HDD: /media/HDD/Projects/ExpDFS/graph_70_585_POWLAW_9060210648189963449.txt -> /home/shahbazk/Projects/DFS_Semi_Streaming/input/random_graphs/graph_70_585_POWLAW_9060210648189963449.txt (Time: 0.00s)
📦 COPIED from HDD: /media/HDD/Projects/ExpDFS/graph_70_585_POWLAW_2089506265998900862.txt -> /home/shahbazk/Projects/DFS_Semi_Streaming/input/random_graphs/graph_70_585_POWLAW_2089506265998900862.txt (Time: 0.00s)
📦 COPIED from HDD: /media/HDD/Projects/ExpDFS/graph_70_585_POWLAW_7644420139408884785.txt -> /home/shahbazk/Projects/DFS_Semi_Streaming/input/random_graphs/graph_70_585_POWLAW_7644420139408884785.txt (Time: 0.00s)
📦 COPIED from HDD: /media/HDD/Projects/ExpDFS/graph_70_585_POWLAW_8794274795737982182.txt -> /home/shahbazk/Projects/DFS_Semi_Streaming/input/random_graphs/graph_70_585_POWLAW_8794274795737982182.txt (Time: 0.00s)
📦 COPIED from HDD: /media/HDD/Projects/ExpDFS/graph_70_585_POWLAW_4250897495980125004.txt -> /home/shahbazk/Projects/DFS_Semi_Streaming/input/random_graphs/graph_70_585_POWLAW_4250897495980125004.txt (Time: 0.00s)
📦 COPIED from HDD: /media/HDD/Projects/ExpDFS/graph_70_585_POWLAW_4060584409398689268.txt -> /home/shahbazk/Projects/DFS_Semi_Streaming/input/random_graphs/graph_70_585_POWLAW_4060584409398689268.txt (Time: 0.00s)
📦 COPIED from HDD: /media/HDD/Projects/ExpDFS/graph_70_585_POWLAW_1332005502874566195.txt -> /home/shahbazk/Projects/DFS_Semi_Streaming/input/random_graphs/graph_70_585_POWLAW_1332005502874566195.txt (Time: 0.00s)
📦 COPIED from HDD: /media/HDD/Projects/ExpDFS/graph_70_585_POWLAW_1722224698700348310.txt -> /home/shahbazk/Projects/DFS_Semi_Streaming/input/random_graphs/graph_70_585_POWLAW_1722224698700348310.txt (Time: 0.00s)
📦 COPIED from HDD: /media/HDD/Projects/ExpDFS/graph_70_585_POWLAW_8626102704817790064.txt -> /home/shahbazk/Projects/DFS_Semi_Streaming/input/random_graphs/graph_70_585_POWLAW_8626102704817790064.txt (Time: 0.00s)
📦 COPIED from HDD: /media/HDD/Projects/ExpDFS/graph_70_585_POWLAW_5497874167834979553.txt -> /home/shahbazk/Projects/DFS_Semi_Streaming/input/random_graphs/graph_70_585_POWLAW_5497874167834979553.txt (Time: 0.00s)
📦 COPIED from HDD: /media/HDD/Projects/ExpDFS/graph_70_585_POWLAW_7905487461282246979.txt -> /home/shahbazk/Projects/DFS_Semi_Streaming/input/random_graphs/graph_70_585_POWLAW_7905487461282246979.txt (Time: 0.00s)
📦 COPIED from HDD: /media/HDD/Projects/ExpDFS/graph_70_585_POWLAW_4795749165124911768.txt -> /home/shahbazk/Projects/DFS_Semi_Streaming/input/random_graphs/graph_70_585_POWLAW_4795749165124911768.txt (Time: 0.00s)
📦 COPIED from HDD: /media/HDD/Projects/ExpDFS/graph_70_585_POWLAW_8448596294177070022.txt -> /home/shahbazk/Projects/DFS_Semi_Streaming/input/random_graphs/graph_70_585_POWLAW_8448596294177070022.txt (Time: 0.00s)
📦 COPIED from HDD: /media/HDD/Projects/ExpDFS/graph_70_585_POWLAW_4934890601268679176.txt -> /home/shahbazk/Projects/DFS_Semi_Streaming/input/random_graphs/graph_70_585_POWLAW_4934890601268679176.txt (Time: 0.00s)
📦 COPIED from HDD: /media/HDD/Projects/ExpDFS/graph_70_585_POWLAW_1992204328026194281.txt -> /home/shahbazk/Projects/DFS_Semi_Streaming/input/random_graphs/graph_70_585_POWLAW_1992204328026194281.txt (Time: 0.00s)
📦 COPIED from HDD: /media/HDD/Projects/ExpDFS/graph_70_585_POWLAW_7118744415197196276.txt -> /home/shahbazk/Projects/DFS_Semi_Streaming/input/random_graphs/graph_70_585_POWLAW_7118744415197196276.txt (Time: 0.00s)
📦 COPIED from HDD: /media/HDD/Projects/ExpDFS/graph_70_585_POWLAW_9059990922233379852.txt -> /home/shahbazk/Projects/DFS_Semi_Streaming/input/random_graphs/graph_70_585_POWLAW_9059990922233379852.txt (Time: 0.00s)
📦 COPIED from HDD: /media/HDD/Projects/ExpDFS/graph_70_585_POWLAW_2718103348384927511.txt -> /home/shahbazk/Projects/DFS_Semi_Streaming/input/random_graphs/graph_70_585_POWLAW_2718103348384927511.txt (Time: 0.00s)
📦 COPIED from HDD: /media/HDD/Projects/ExpDFS/graph_70_585_POWLAW_3221421291694197220.txt -> /home/shahbazk/Projects/DFS_Semi_Streaming/input/random_graphs/graph_70_585_POWLAW_3221421291694197220.txt (Time: 0.00s)
📦 COPIED from HDD: /media/HDD/Projects/ExpDFS/graph_70_585_POWLAW_7449662661572224354.txt -> /home/shahbazk/Projects/DFS_Semi_Streaming/input/random_graphs/graph_70_585_POWLAW_7449662661572224354.txt (Time: 0.00s)
📦 COPIED from HDD: /media/HDD/Projects/ExpDFS/graph_70_585_POWLAW_8867616339855336876.txt -> /home/shahbazk/Projects/DFS_Semi_Streaming/input/random_graphs/graph_70_585_POWLAW_8867616339855336876.txt (Time: 0.00s)
📦 COPIED from HDD: /media/HDD/Projects/ExpDFS/graph_70_585_POWLAW_5894893360759659423.txt -> /home/shahbazk/Projects/DFS_Semi_Streaming/input/random_graphs/graph_70_585_POWLAW_5894893360759659423.txt (Time: 0.00s)
📦 COPIED from HDD: /media/HDD/Projects/ExpDFS/graph_70_585_POWLAW_7983805977214098674.txt -> /home/shahbazk/Projects/DFS_Semi_Streaming/input/random_graphs/graph_70_585_POWLAW_7983805977214098674.txt (Time: 0.00s)
📦 COPIED from HDD: /media/HDD/Projects/ExpDFS/graph_70_585_POWLAW_7632458674696225362.txt -> /home/shahbazk/Projects/DFS_Semi_Streaming/input/random_graphs/graph_70_585_POWLAW_7632458674696225362.txt (Time: 0.00s)
📦 COPIED from HDD: /media/HDD/Projects/ExpDFS/graph_70_585_POWLAW_2264398621601381987.txt -> /home/shahbazk/Projects/DFS_Semi_Streaming/input/random_graphs/graph_70_585_POWLAW_2264398621601381987.txt (Time: 0.00s)
📦 COPIED from HDD: /media/HDD/Projects/ExpDFS/graph_70_585_POWLAW_4940913311242578590.txt -> /home/shahbazk/Projects/DFS_Semi_Streaming/input/random_graphs/graph_70_585_POWLAW_4940913311242578590.txt (Time: 0.00s)
📦 COPIED from HDD: /media/HDD/Projects/ExpDFS/graph_80_715_POWLAW_6230961512046992311.txt -> /home/shahbazk/Projects/DFS_Semi_Streaming/input/random_graphs/graph_80_715_POWLAW_6230961512046992311.txt (Time: 0.00s)
📦 COPIED from HDD: /media/HDD/Projects/ExpDFS/graph_80_715_POWLAW_7871178979383552919.txt -> /home/shahbazk/Projects/DFS_Semi_Streaming/input/random_graphs/graph_80_715_POWLAW_7871178979383552919.txt (Time: 0.00s)
📦 COPIED from HDD: /media/HDD/Projects/ExpDFS/graph_80_715_POWLAW_7032710160631691991.txt -> /home/shahbazk/Projects/DFS_Semi_Streaming/input/random_graphs/graph_80_715_POWLAW_7032710160631691991.txt (Time: 0.00s)
📦 COPIED from HDD: /media/HDD/Projects/ExpDFS/graph_80_715_POWLAW_6522163754831416203.txt -> /home/shahbazk/Projects/DFS_Semi_Streaming/input/random_graphs/graph_80_715_POWLAW_6522163754831416203.txt (Time: 0.00s)
📦 COPIED from HDD: /media/HDD/Projects/ExpDFS/graph_80_715_POWLAW_3881801951614183357.txt -> /home/shahbazk/Projects/DFS_Semi_Streaming/input/random_graphs/graph_80_715_POWLAW_3881801951614183357.txt (Time: 0.00s)
📦 COPIED from HDD: /media/HDD/Projects/ExpDFS/graph_80_715_POWLAW_5739955973604961613.txt -> /home/shahbazk/Projects/DFS_Semi_Streaming/input/random_graphs/graph_80_715_POWLAW_5739955973604961613.txt (Time: 0.00s)
📦 COPIED from HDD: /media/HDD/Projects/ExpDFS/graph_80_715_POWLAW_6938562734920028532.txt -> /home/shahbazk/Projects/DFS_Semi_Streaming/input/random_graphs/graph_80_715_POWLAW_6938562734920028532.txt (Time: 0.00s)
📦 COPIED from HDD: /media/HDD/Projects/ExpDFS/graph_80_715_POWLAW_1070244953599069350.txt -> /home/shahbazk/Projects/DFS_Semi_Streaming/input/random_graphs/graph_80_715_POWLAW_1070244953599069350.txt (Time: 0.00s)
📦 COPIED from HDD: /media/HDD/Projects/ExpDFS/graph_80_715_POWLAW_1353182403971399009.txt -> /home/shahbazk/Projects/DFS_Semi_Streaming/input/random_graphs/graph_80_715_POWLAW_1353182403971399009.txt (Time: 0.00s)
📦 COPIED from HDD: /media/HDD/Projects/ExpDFS/graph_80_715_POWLAW_7599700178212337699.txt -> /home/shahbazk/Projects/DFS_Semi_Streaming/input/random_graphs/graph_80_715_POWLAW_7599700178212337699.txt (Time: 0.00s)
📦 COPIED from HDD: /media/HDD/Projects/ExpDFS/graph_80_715_POWLAW_1309542850049879452.txt -> /home/shahbazk/Projects/DFS_Semi_Streaming/input/random_graphs/graph_80_715_POWLAW_1309542850049879452.txt (Time: 0.00s)
📦 COPIED from HDD: /media/HDD/Projects/ExpDFS/graph_80_715_POWLAW_4040737767143389431.txt -> /home/shahbazk/Projects/DFS_Semi_Streaming/input/random_graphs/graph_80_715_POWLAW_4040737767143389431.txt (Time: 0.00s)
📦 COPIED from HDD: /media/HDD/Projects/ExpDFS/graph_80_715_POWLAW_1250005700364523649.txt -> /home/shahbazk/Projects/DFS_Semi_Streaming/input/random_graphs/graph_80_715_POWLAW_1250005700364523649.txt (Time: 0.00s)
📦 COPIED from HDD: /media/HDD/Projects/ExpDFS/graph_80_715_POWLAW_320375091487821987.txt -> /home/shahbazk/Projects/DFS_Semi_Streaming/input/random_graphs/graph_80_715_POWLAW_320375091487821987.txt (Time: 0.00s)
📦 COPIED from HDD: /media/HDD/Projects/ExpDFS/graph_80_715_POWLAW_7663871783842725848.txt -> /home/shahbazk/Projects/DFS_Semi_Streaming/input/random_graphs/graph_80_715_POWLAW_7663871783842725848.txt (Time: 0.00s)
📦 COPIED from HDD: /media/HDD/Projects/ExpDFS/graph_80_715_POWLAW_1250773459040295677.txt -> /home/shahbazk/Projects/DFS_Semi_Streaming/input/random_graphs/graph_80_715_POWLAW_1250773459040295677.txt (Time: 0.00s)
📦 COPIED from HDD: /media/HDD/Projects/ExpDFS/graph_80_715_POWLAW_5906957480796939447.txt -> /home/shahbazk/Projects/DFS_Semi_Streaming/input/random_graphs/graph_80_715_POWLAW_5906957480796939447.txt (Time: 0.00s)
📦 COPIED from HDD: /media/HDD/Projects/ExpDFS/graph_80_715_POWLAW_7146860528564146064.txt -> /home/shahbazk/Projects/DFS_Semi_Streaming/input/random_graphs/graph_80_715_POWLAW_7146860528564146064.txt (Time: 0.00s)
📦 COPIED from HDD: /media/HDD/Projects/ExpDFS/graph_80_715_POWLAW_2429002973740178792.txt -> /home/shahbazk/Projects/DFS_Semi_Streaming/input/random_graphs/graph_80_715_POWLAW_2429002973740178792.txt (Time: 0.00s)
📦 COPIED from HDD: /media/HDD/Projects/ExpDFS/graph_80_715_POWLAW_7473196763798409428.txt -> /home/shahbazk/Projects/DFS_Semi_Streaming/input/random_graphs/graph_80_715_POWLAW_7473196763798409428.txt (Time: 0.00s)
📦 COPIED from HDD: /media/HDD/Projects/ExpDFS/graph_80_715_POWLAW_5139481885857321791.txt -> /home/shahbazk/Projects/DFS_Semi_Streaming/input/random_graphs/graph_80_715_POWLAW_5139481885857321791.txt (Time: 0.00s)
📦 COPIED from HDD: /media/HDD/Projects/ExpDFS/graph_80_715_POWLAW_3438400432146115956.txt -> /home/shahbazk/Projects/DFS_Semi_Streaming/input/random_graphs/graph_80_715_POWLAW_3438400432146115956.txt (Time: 0.00s)
📦 COPIED from HDD: /media/HDD/Projects/ExpDFS/graph_80_715_POWLAW_3010622984418968408.txt -> /home/shahbazk/Projects/DFS_Semi_Streaming/input/random_graphs/graph_80_715_POWLAW_3010622984418968408.txt (Time: 0.00s)
📦 COPIED from HDD: /media/HDD/Projects/ExpDFS/graph_80_715_POWLAW_5142811650494845597.txt -> /home/shahbazk/Projects/DFS_Semi_Streaming/input/random_graphs/graph_80_715_POWLAW_5142811650494845597.txt (Time: 0.00s)
📦 COPIED from HDD: /media/HDD/Projects/ExpDFS/graph_80_715_POWLAW_6002685213311538187.txt -> /home/shahbazk/Projects/DFS_Semi_Streaming/input/random_graphs/graph_80_715_POWLAW_6002685213311538187.txt (Time: 0.00s)
📦 COPIED from HDD: /media/HDD/Projects/ExpDFS/graph_80_715_POWLAW_5708372698381010775.txt -> /home/shahbazk/Projects/DFS_Semi_Streaming/input/random_graphs/graph_80_715_POWLAW_5708372698381010775.txt (Time: 0.00s)
📦 COPIED from HDD: /media/HDD/Projects/ExpDFS/graph_80_715_POWLAW_521787134863155063.txt -> /home/shahbazk/Projects/DFS_Semi_Streaming/input/random_graphs/graph_80_715_POWLAW_521787134863155063.txt (Time: 0.00s)
📦 COPIED from HDD: /media/HDD/Projects/ExpDFS/graph_80_715_POWLAW_1731523882129807996.txt -> /home/shahbazk/Projects/DFS_Semi_Streaming/input/random_graphs/graph_80_715_POWLAW_1731523882129807996.txt (Time: 0.00s)
📦 COPIED from HDD: /media/HDD/Projects/ExpDFS/graph_80_715_POWLAW_1853590723603270879.txt -> /home/shahbazk/Projects/DFS_Semi_Streaming/input/random_graphs/graph_80_715_POWLAW_1853590723603270879.txt (Time: 0.00s)
📦 COPIED from HDD: /media/HDD/Projects/ExpDFS/graph_80_715_POWLAW_3224265581699847191.txt -> /home/shahbazk/Projects/DFS_Semi_Streaming/input/random_graphs/graph_80_715_POWLAW_3224265581699847191.txt (Time: 0.00s)
📦 COPIED from HDD: /media/HDD/Projects/ExpDFS/graph_80_715_POWLAW_5529616217668449934.txt -> /home/shahbazk/Projects/DFS_Semi_Streaming/input/random_graphs/graph_80_715_POWLAW_5529616217668449934.txt (Time: 0.00s)
📦 COPIED from HDD: /media/HDD/Projects/ExpDFS/graph_80_715_POWLAW_6785030173969523435.txt -> /home/shahbazk/Projects/DFS_Semi_Streaming/input/random_graphs/graph_80_715_POWLAW_6785030173969523435.txt (Time: 0.00s)
📦 COPIED from HDD: /media/HDD/Projects/ExpDFS/graph_80_715_POWLAW_1024517563182776983.txt -> /home/shahbazk/Projects/DFS_Semi_Streaming/input/random_graphs/graph_80_715_POWLAW_1024517563182776983.txt (Time: 0.00s)
📦 COPIED from HDD: /media/HDD/Projects/ExpDFS/graph_80_715_POWLAW_1647170069535670909.txt -> /home/shahbazk/Projects/DFS_Semi_Streaming/input/random_graphs/graph_80_715_POWLAW_1647170069535670909.txt (Time: 0.00s)
📦 COPIED from HDD: /media/HDD/Projects/ExpDFS/graph_80_715_POWLAW_5258051056098597521.txt -> /home/shahbazk/Projects/DFS_Semi_Streaming/input/random_graphs/graph_80_715_POWLAW_5258051056098597521.txt (Time: 0.00s)
📦 COPIED from HDD: /media/HDD/Projects/ExpDFS/graph_80_715_POWLAW_7706236040662210848.txt -> /home/shahbazk/Projects/DFS_Semi_Streaming/input/random_graphs/graph_80_715_POWLAW_7706236040662210848.txt (Time: 0.00s)
📦 COPIED from HDD: /media/HDD/Projects/ExpDFS/graph_80_715_POWLAW_4122784633514911760.txt -> /home/shahbazk/Projects/DFS_Semi_Streaming/input/random_graphs/graph_80_715_POWLAW_4122784633514911760.txt (Time: 0.00s)
📦 COPIED from HDD: /media/HDD/Projects/ExpDFS/graph_80_715_POWLAW_1632192924771168275.txt -> /home/shahbazk/Projects/DFS_Semi_Streaming/input/random_graphs/graph_80_715_POWLAW_1632192924771168275.txt (Time: 0.00s)
📦 COPIED from HDD: /media/HDD/Projects/ExpDFS/graph_80_715_POWLAW_7161906730445628483.txt -> /home/shahbazk/Projects/DFS_Semi_Streaming/input/random_graphs/graph_80_715_POWLAW_7161906730445628483.txt (Time: 0.00s)
📦 COPIED from HDD: /media/HDD/Projects/ExpDFS/graph_80_715_POWLAW_7029781962072644698.txt -> /home/shahbazk/Projects/DFS_Semi_Streaming/input/random_graphs/graph_80_715_POWLAW_7029781962072644698.txt (Time: 0.00s)
📦 COPIED from HDD: /media/HDD/Projects/ExpDFS/graph_80_715_POWLAW_6802378520969450157.txt -> /home/shahbazk/Projects/DFS_Semi_Streaming/input/random_graphs/graph_80_715_POWLAW_6802378520969450157.txt (Time: 0.00s)
📦 COPIED from HDD: /media/HDD/Projects/ExpDFS/graph_80_715_POWLAW_824387247617288499.txt -> /home/shahbazk/Projects/DFS_Semi_Streaming/input/random_graphs/graph_80_715_POWLAW_824387247617288499.txt (Time: 0.00s)
📦 COPIED from HDD: /media/HDD/Projects/ExpDFS/graph_80_715_POWLAW_4552998297316576788.txt -> /home/shahbazk/Projects/DFS_Semi_Streaming/input/random_graphs/graph_80_715_POWLAW_4552998297316576788.txt (Time: 0.00s)
📦 COPIED from HDD: /media/HDD/Projects/ExpDFS/graph_80_715_POWLAW_6143643868734370809.txt -> /home/shahbazk/Projects/DFS_Semi_Streaming/input/random_graphs/graph_80_715_POWLAW_6143643868734370809.txt (Time: 0.00s)
📦 COPIED from HDD: /media/HDD/Projects/ExpDFS/graph_80_715_POWLAW_8031431416522537101.txt -> /home/shahbazk/Projects/DFS_Semi_Streaming/input/random_graphs/graph_80_715_POWLAW_8031431416522537101.txt (Time: 0.00s)
📦 COPIED from HDD: /media/HDD/Projects/ExpDFS/graph_80_715_POWLAW_3272308573967577038.txt -> /home/shahbazk/Projects/DFS_Semi_Streaming/input/random_graphs/graph_80_715_POWLAW_3272308573967577038.txt (Time: 0.00s)
📦 COPIED from HDD: /media/HDD/Projects/ExpDFS/graph_80_715_POWLAW_5349491008325879064.txt -> /home/shahbazk/Projects/DFS_Semi_Streaming/input/random_graphs/graph_80_715_POWLAW_5349491008325879064.txt (Time: 0.00s)
📦 COPIED from HDD: /media/HDD/Projects/ExpDFS/graph_80_715_POWLAW_5636411189175451024.txt -> /home/shahbazk/Projects/DFS_Semi_Streaming/input/random_graphs/graph_80_715_POWLAW_5636411189175451024.txt (Time: 0.00s)
📦 COPIED from HDD: /media/HDD/Projects/ExpDFS/graph_80_715_POWLAW_7938560551762094560.txt -> /home/shahbazk/Projects/DFS_Semi_Streaming/input/random_graphs/graph_80_715_POWLAW_7938560551762094560.txt (Time: 0.00s)
📦 COPIED from HDD: /media/HDD/Projects/ExpDFS/graph_80_715_POWLAW_7917045922527545890.txt -> /home/shahbazk/Projects/DFS_Semi_Streaming/input/random_graphs/graph_80_715_POWLAW_7917045922527545890.txt (Time: 0.00s)
📦 COPIED from HDD: /media/HDD/Projects/ExpDFS/graph_80_715_POWLAW_4445925461710302877.txt -> /home/shahbazk/Projects/DFS_Semi_Streaming/input/random_graphs/graph_80_715_POWLAW_4445925461710302877.txt (Time: 0.00s)
📦 COPIED from HDD: /media/HDD/Projects/ExpDFS/graph_80_715_POWLAW_6224222471595207695.txt -> /home/shahbazk/Projects/DFS_Semi_Streaming/input/random_graphs/graph_80_715_POWLAW_6224222471595207695.txt (Time: 0.00s)
📦 COPIED from HDD: /media/HDD/Projects/ExpDFS/graph_80_715_POWLAW_7921282862123281598.txt -> /home/shahbazk/Projects/DFS_Semi_Streaming/input/random_graphs/graph_80_715_POWLAW_7921282862123281598.txt (Time: 0.00s)
📦 COPIED from HDD: /media/HDD/Projects/ExpDFS/graph_80_715_POWLAW_6614505080519948832.txt -> /home/shahbazk/Projects/DFS_Semi_Streaming/input/random_graphs/graph_80_715_POWLAW_6614505080519948832.txt (Time: 0.00s)
📦 COPIED from HDD: /media/HDD/Projects/ExpDFS/graph_80_715_POWLAW_3865339568260874865.txt -> /home/shahbazk/Projects/DFS_Semi_Streaming/input/random_graphs/graph_80_715_POWLAW_3865339568260874865.txt (Time: 0.00s)
📦 COPIED from HDD: /media/HDD/Projects/ExpDFS/graph_80_715_POWLAW_716820155901718944.txt -> /home/shahbazk/Projects/DFS_Semi_Streaming/input/random_graphs/graph_80_715_POWLAW_716820155901718944.txt (Time: 0.00s)
📦 COPIED from HDD: /media/HDD/Projects/ExpDFS/graph_80_715_POWLAW_1128313391724783137.txt -> /home/shahbazk/Projects/DFS_Semi_Streaming/input/random_graphs/graph_80_715_POWLAW_1128313391724783137.txt (Time: 0.00s)
📦 COPIED from HDD: /media/HDD/Projects/ExpDFS/graph_80_715_POWLAW_8718380604043999642.txt -> /home/shahbazk/Projects/DFS_Semi_Streaming/input/random_graphs/graph_80_715_POWLAW_8718380604043999642.txt (Time: 0.00s)
📦 COPIED from HDD: /media/HDD/Projects/ExpDFS/graph_80_715_POWLAW_5063475852268941542.txt -> /home/shahbazk/Projects/DFS_Semi_Streaming/input/random_graphs/graph_80_715_POWLAW_5063475852268941542.txt (Time: 0.00s)
📦 COPIED from HDD: /media/HDD/Projects/ExpDFS/graph_80_715_POWLAW_4997514996153925447.txt -> /home/shahbazk/Projects/DFS_Semi_Streaming/input/random_graphs/graph_80_715_POWLAW_4997514996153925447.txt (Time: 0.00s)
📦 COPIED from HDD: /media/HDD/Projects/ExpDFS/graph_80_715_POWLAW_8446481348147407377.txt -> /home/shahbazk/Projects/DFS_Semi_Streaming/input/random_graphs/graph_80_715_POWLAW_8446481348147407377.txt (Time: 0.00s)
📦 COPIED from HDD: /media/HDD/Projects/ExpDFS/graph_80_715_POWLAW_2909934787168262407.txt -> /home/shahbazk/Projects/DFS_Semi_Streaming/input/random_graphs/graph_80_715_POWLAW_2909934787168262407.txt (Time: 0.00s)
📦 COPIED from HDD: /media/HDD/Projects/ExpDFS/graph_80_715_POWLAW_1170385908854608748.txt -> /home/shahbazk/Projects/DFS_Semi_Streaming/input/random_graphs/graph_80_715_POWLAW_1170385908854608748.txt (Time: 0.00s)
📦 COPIED from HDD: /media/HDD/Projects/ExpDFS/graph_80_715_POWLAW_3713827327871807734.txt -> /home/shahbazk/Projects/DFS_Semi_Streaming/input/random_graphs/graph_80_715_POWLAW_3713827327871807734.txt (Time: 0.00s)
📦 COPIED from HDD: /media/HDD/Projects/ExpDFS/graph_80_715_POWLAW_199422815561151340.txt -> /home/shahbazk/Projects/DFS_Semi_Streaming/input/random_graphs/graph_80_715_POWLAW_199422815561151340.txt (Time: 0.00s)
📦 COPIED from HDD: /media/HDD/Projects/ExpDFS/graph_80_715_POWLAW_3817405844514670994.txt -> /home/shahbazk/Projects/DFS_Semi_Streaming/input/random_graphs/graph_80_715_POWLAW_3817405844514670994.txt (Time: 0.00s)
📦 COPIED from HDD: /media/HDD/Projects/ExpDFS/graph_80_715_POWLAW_175493991617213850.txt -> /home/shahbazk/Projects/DFS_Semi_Streaming/input/random_graphs/graph_80_715_POWLAW_175493991617213850.txt (Time: 0.00s)
📦 COPIED from HDD: /media/HDD/Projects/ExpDFS/graph_80_715_POWLAW_6764066939395682287.txt -> /home/shahbazk/Projects/DFS_Semi_Streaming/input/random_graphs/graph_80_715_POWLAW_6764066939395682287.txt (Time: 0.00s)
📦 COPIED from HDD: /media/HDD/Projects/ExpDFS/graph_80_715_POWLAW_6529943913552561417.txt -> /home/shahbazk/Projects/DFS_Semi_Streaming/input/random_graphs/graph_80_715_POWLAW_6529943913552561417.txt (Time: 0.00s)
📦 COPIED from HDD: /media/HDD/Projects/ExpDFS/graph_80_715_POWLAW_1392892770529522614.txt -> /home/shahbazk/Projects/DFS_Semi_Streaming/input/random_graphs/graph_80_715_POWLAW_1392892770529522614.txt (Time: 0.00s)
📦 COPIED from HDD: /media/HDD/Projects/ExpDFS/graph_80_715_POWLAW_4250897495980125004.txt -> /home/shahbazk/Projects/DFS_Semi_Streaming/input/random_graphs/graph_80_715_POWLAW_4250897495980125004.txt (Time: 0.00s)
📦 COPIED from HDD: /media/HDD/Projects/ExpDFS/graph_80_715_POWLAW_9060210648189963449.txt -> /home/shahbazk/Projects/DFS_Semi_Streaming/input/random_graphs/graph_80_715_POWLAW_9060210648189963449.txt (Time: 0.00s)
📦 COPIED from HDD: /media/HDD/Projects/ExpDFS/graph_80_715_POWLAW_2089506265998900862.txt -> /home/shahbazk/Projects/DFS_Semi_Streaming/input/random_graphs/graph_80_715_POWLAW_2089506265998900862.txt (Time: 0.00s)
📦 COPIED from HDD: /media/HDD/Projects/ExpDFS/graph_80_715_POWLAW_5497874167834979553.txt -> /home/shahbazk/Projects/DFS_Semi_Streaming/input/random_graphs/graph_80_715_POWLAW_5497874167834979553.txt (Time: 0.00s)
📦 COPIED from HDD: /media/HDD/Projects/ExpDFS/graph_80_715_POWLAW_1332005502874566195.txt -> /home/shahbazk/Projects/DFS_Semi_Streaming/input/random_graphs/graph_80_715_POWLAW_1332005502874566195.txt (Time: 0.00s)
📦 COPIED from HDD: /media/HDD/Projects/ExpDFS/graph_80_715_POWLAW_7983805977214098674.txt -> /home/shahbazk/Projects/DFS_Semi_Streaming/input/random_graphs/graph_80_715_POWLAW_7983805977214098674.txt (Time: 0.00s)
📦 COPIED from HDD: /media/HDD/Projects/ExpDFS/graph_80_715_POWLAW_1722224698700348310.txt -> /home/shahbazk/Projects/DFS_Semi_Streaming/input/random_graphs/graph_80_715_POWLAW_1722224698700348310.txt (Time: 0.00s)
📦 COPIED from HDD: /media/HDD/Projects/ExpDFS/graph_80_715_POWLAW_8794274795737982182.txt -> /home/shahbazk/Projects/DFS_Semi_Streaming/input/random_graphs/graph_80_715_POWLAW_8794274795737982182.txt (Time: 0.00s)
📦 COPIED from HDD: /media/HDD/Projects/ExpDFS/graph_80_715_POWLAW_5894893360759659423.txt -> /home/shahbazk/Projects/DFS_Semi_Streaming/input/random_graphs/graph_80_715_POWLAW_5894893360759659423.txt (Time: 0.00s)
📦 COPIED from HDD: /media/HDD/Projects/ExpDFS/graph_80_715_POWLAW_5108599054664628607.txt -> /home/shahbazk/Projects/DFS_Semi_Streaming/input/random_graphs/graph_80_715_POWLAW_5108599054664628607.txt (Time: 0.00s)
📦 COPIED from HDD: /media/HDD/Projects/ExpDFS/graph_80_715_POWLAW_9130666990809746335.txt -> /home/shahbazk/Projects/DFS_Semi_Streaming/input/random_graphs/graph_80_715_POWLAW_9130666990809746335.txt (Time: 0.00s)
📦 COPIED from HDD: /media/HDD/Projects/ExpDFS/graph_80_715_POWLAW_4060584409398689268.txt -> /home/shahbazk/Projects/DFS_Semi_Streaming/input/random_graphs/graph_80_715_POWLAW_4060584409398689268.txt (Time: 0.00s)
📦 COPIED from HDD: /media/HDD/Projects/ExpDFS/graph_80_715_POWLAW_7644420139408884785.txt -> /home/shahbazk/Projects/DFS_Semi_Streaming/input/random_graphs/graph_80_715_POWLAW_7644420139408884785.txt (Time: 0.00s)
📦 COPIED from HDD: /media/HDD/Projects/ExpDFS/graph_80_715_POWLAW_1458186392400727732.txt -> /home/shahbazk/Projects/DFS_Semi_Streaming/input/random_graphs/graph_80_715_POWLAW_1458186392400727732.txt (Time: 0.00s)
📦 COPIED from HDD: /media/HDD/Projects/ExpDFS/graph_80_715_POWLAW_7118744415197196276.txt -> /home/shahbazk/Projects/DFS_Semi_Streaming/input/random_graphs/graph_80_715_POWLAW_7118744415197196276.txt (Time: 0.00s)
📦 COPIED from HDD: /media/HDD/Projects/ExpDFS/graph_80_715_POWLAW_4934890601268679176.txt -> /home/shahbazk/Projects/DFS_Semi_Streaming/input/random_graphs/graph_80_715_POWLAW_4934890601268679176.txt (Time: 0.00s)
📦 COPIED from HDD: /media/HDD/Projects/ExpDFS/graph_80_715_POWLAW_2718103348384927511.txt -> /home/shahbazk/Projects/DFS_Semi_Streaming/input/random_graphs/graph_80_715_POWLAW_2718103348384927511.txt (Time: 0.00s)
📦 COPIED from HDD: /media/HDD/Projects/ExpDFS/graph_80_715_POWLAW_8626102704817790064.txt -> /home/shahbazk/Projects/DFS_Semi_Streaming/input/random_graphs/graph_80_715_POWLAW_8626102704817790064.txt (Time: 0.00s)
📦 COPIED from HDD: /media/HDD/Projects/ExpDFS/graph_80_715_POWLAW_7905487461282246979.txt -> /home/shahbazk/Projects/DFS_Semi_Streaming/input/random_graphs/graph_80_715_POWLAW_7905487461282246979.txt (Time: 0.00s)
📦 COPIED from HDD: /media/HDD/Projects/ExpDFS/graph_80_715_POWLAW_9059990922233379852.txt -> /home/shahbazk/Projects/DFS_Semi_Streaming/input/random_graphs/graph_80_715_POWLAW_9059990922233379852.txt (Time: 0.00s)
📦 COPIED from HDD: /media/HDD/Projects/ExpDFS/graph_80_715_POWLAW_8448596294177070022.txt -> /home/shahbazk/Projects/DFS_Semi_Streaming/input/random_graphs/graph_80_715_POWLAW_8448596294177070022.txt (Time: 0.00s)
📦 COPIED from HDD: /media/HDD/Projects/ExpDFS/graph_80_715_POWLAW_3221421291694197220.txt -> /home/shahbazk/Projects/DFS_Semi_Streaming/input/random_graphs/graph_80_715_POWLAW_3221421291694197220.txt (Time: 0.00s)
📦 COPIED from HDD: /media/HDD/Projects/ExpDFS/graph_80_715_POWLAW_8867616339855336876.txt -> /home/shahbazk/Projects/DFS_Semi_Streaming/input/random_graphs/graph_80_715_POWLAW_8867616339855336876.txt (Time: 0.00s)
📦 COPIED from HDD: /media/HDD/Projects/ExpDFS/graph_80_715_POWLAW_1992204328026194281.txt -> /home/shahbazk/Projects/DFS_Semi_Streaming/input/random_graphs/graph_80_715_POWLAW_1992204328026194281.txt (Time: 0.00s)
📦 COPIED from HDD: /media/HDD/Projects/ExpDFS/graph_80_715_POWLAW_7449662661572224354.txt -> /home/shahbazk/Projects/DFS_Semi_Streaming/input/random_graphs/graph_80_715_POWLAW_7449662661572224354.txt (Time: 0.00s)
📦 COPIED from HDD: /media/HDD/Projects/ExpDFS/graph_80_715_POWLAW_6022436717541034636.txt -> /home/shahbazk/Projects/DFS_Semi_Streaming/input/random_graphs/graph_80_715_POWLAW_6022436717541034636.txt (Time: 0.00s)
📦 COPIED from HDD: /media/HDD/Projects/ExpDFS/graph_90_853_POWLAW_3881801951614183357.txt -> /home/shahbazk/Projects/DFS_Semi_Streaming/input/random_graphs/graph_90_853_POWLAW_3881801951614183357.txt (Time: 0.00s)
📦 COPIED from HDD: /media/HDD/Projects/ExpDFS/graph_80_715_POWLAW_4795749165124911768.txt -> /home/shahbazk/Projects/DFS_Semi_Streaming/input/random_graphs/graph_80_715_POWLAW_4795749165124911768.txt (Time: 0.00s)
📦 COPIED from HDD: /media/HDD/Projects/ExpDFS/graph_90_853_POWLAW_7871178979383552919.txt -> /home/shahbazk/Projects/DFS_Semi_Streaming/input/random_graphs/graph_90_853_POWLAW_7871178979383552919.txt (Time: 0.00s)
📦 COPIED from HDD: /media/HDD/Projects/ExpDFS/graph_90_853_POWLAW_6230961512046992311.txt -> /home/shahbazk/Projects/DFS_Semi_Streaming/input/random_graphs/graph_90_853_POWLAW_6230961512046992311.txt (Time: 0.00s)
📦 COPIED from HDD: /media/HDD/Projects/ExpDFS/graph_80_715_POWLAW_2264398621601381987.txt -> /home/shahbazk/Projects/DFS_Semi_Streaming/input/random_graphs/graph_80_715_POWLAW_2264398621601381987.txt (Time: 0.00s)
📦 COPIED from HDD: /media/HDD/Projects/ExpDFS/graph_80_715_POWLAW_7632458674696225362.txt -> /home/shahbazk/Projects/DFS_Semi_Streaming/input/random_graphs/graph_80_715_POWLAW_7632458674696225362.txt (Time: 0.00s)
📦 COPIED from HDD: /media/HDD/Projects/ExpDFS/graph_80_715_POWLAW_4940913311242578590.txt -> /home/shahbazk/Projects/DFS_Semi_Streaming/input/random_graphs/graph_80_715_POWLAW_4940913311242578590.txt (Time: 0.00s)
📦 COPIED from HDD: /media/HDD/Projects/ExpDFS/graph_90_853_POWLAW_7032710160631691991.txt -> /home/shahbazk/Projects/DFS_Semi_Streaming/input/random_graphs/graph_90_853_POWLAW_7032710160631691991.txt (Time: 0.00s)
📦 COPIED from HDD: /media/HDD/Projects/ExpDFS/graph_90_853_POWLAW_5739955973604961613.txt -> /home/shahbazk/Projects/DFS_Semi_Streaming/input/random_graphs/graph_90_853_POWLAW_5739955973604961613.txt (Time: 0.00s)
📦 COPIED from HDD: /media/HDD/Projects/ExpDFS/graph_90_853_POWLAW_7599700178212337699.txt -> /home/shahbazk/Projects/DFS_Semi_Streaming/input/random_graphs/graph_90_853_POWLAW_7599700178212337699.txt (Time: 0.00s)
📦 COPIED from HDD: /media/HDD/Projects/ExpDFS/graph_90_853_POWLAW_1070244953599069350.txt -> /home/shahbazk/Projects/DFS_Semi_Streaming/input/random_graphs/graph_90_853_POWLAW_1070244953599069350.txt (Time: 0.00s)
📦 COPIED from HDD: /media/HDD/Projects/ExpDFS/graph_90_853_POWLAW_1353182403971399009.txt -> /home/shahbazk/Projects/DFS_Semi_Streaming/input/random_graphs/graph_90_853_POWLAW_1353182403971399009.txt (Time: 0.00s)
📦 COPIED from HDD: /media/HDD/Projects/ExpDFS/graph_90_853_POWLAW_1250005700364523649.txt -> /home/shahbazk/Projects/DFS_Semi_Streaming/input/random_graphs/graph_90_853_POWLAW_1250005700364523649.txt (Time: 0.00s)
📦 COPIED from HDD: /media/HDD/Projects/ExpDFS/graph_90_853_POWLAW_1309542850049879452.txt -> /home/shahbazk/Projects/DFS_Semi_Streaming/input/random_graphs/graph_90_853_POWLAW_1309542850049879452.txt (Time: 0.00s)
📦 COPIED from HDD: /media/HDD/Projects/ExpDFS/graph_90_853_POWLAW_6522163754831416203.txt -> /home/shahbazk/Projects/DFS_Semi_Streaming/input/random_graphs/graph_90_853_POWLAW_6522163754831416203.txt (Time: 0.00s)
📦 COPIED from HDD: /media/HDD/Projects/ExpDFS/graph_90_853_POWLAW_6938562734920028532.txt -> /home/shahbazk/Projects/DFS_Semi_Streaming/input/random_graphs/graph_90_853_POWLAW_6938562734920028532.txt (Time: 0.00s)
📦 COPIED from HDD: /media/HDD/Projects/ExpDFS/graph_90_853_POWLAW_7663871783842725848.txt -> /home/shahbazk/Projects/DFS_Semi_Streaming/input/random_graphs/graph_90_853_POWLAW_7663871783842725848.txt (Time: 0.00s)
📦 COPIED from HDD: /media/HDD/Projects/ExpDFS/graph_90_853_POWLAW_320375091487821987.txt -> /home/shahbazk/Projects/DFS_Semi_Streaming/input/random_graphs/graph_90_853_POWLAW_320375091487821987.txt (Time: 0.00s)
📦 COPIED from HDD: /media/HDD/Projects/ExpDFS/graph_90_853_POWLAW_5906957480796939447.txt -> /home/shahbazk/Projects/DFS_Semi_Streaming/input/random_graphs/graph_90_853_POWLAW_5906957480796939447.txt (Time: 0.00s)
📦 COPIED from HDD: /media/HDD/Projects/ExpDFS/graph_90_853_POWLAW_4040737767143389431.txt -> /home/shahbazk/Projects/DFS_Semi_Streaming/input/random_graphs/graph_90_853_POWLAW_4040737767143389431.txt (Time: 0.00s)
📦 COPIED from HDD: /media/HDD/Projects/ExpDFS/graph_90_853_POWLAW_3438400432146115956.txt -> /home/shahbazk/Projects/DFS_Semi_Streaming/input/random_graphs/graph_90_853_POWLAW_3438400432146115956.txt (Time: 0.00s)
📦 COPIED from HDD: /media/HDD/Projects/ExpDFS/graph_90_853_POWLAW_2429002973740178792.txt -> /home/shahbazk/Projects/DFS_Semi_Streaming/input/random_graphs/graph_90_853_POWLAW_2429002973740178792.txt (Time: 0.00s)
📦 COPIED from HDD: /media/HDD/Projects/ExpDFS/graph_90_853_POWLAW_5142811650494845597.txt -> /home/shahbazk/Projects/DFS_Semi_Streaming/input/random_graphs/graph_90_853_POWLAW_5142811650494845597.txt (Time: 0.00s)
📦 COPIED from HDD: /media/HDD/Projects/ExpDFS/graph_90_853_POWLAW_5139481885857321791.txt -> /home/shahbazk/Projects/DFS_Semi_Streaming/input/random_graphs/graph_90_853_POWLAW_5139481885857321791.txt (Time: 0.00s)
📦 COPIED from HDD: /media/HDD/Projects/ExpDFS/graph_90_853_POWLAW_7029781962072644698.txt -> /home/shahbazk/Projects/DFS_Semi_Streaming/input/random_graphs/graph_90_853_POWLAW_7029781962072644698.txt (Time: 0.00s)
📦 COPIED from HDD: /media/HDD/Projects/ExpDFS/graph_90_853_POWLAW_7473196763798409428.txt -> /home/shahbazk/Projects/DFS_Semi_Streaming/input/random_graphs/graph_90_853_POWLAW_7473196763798409428.txt (Time: 0.00s)
📦 COPIED from HDD: /media/HDD/Projects/ExpDFS/graph_90_853_POWLAW_1250773459040295677.txt -> /home/shahbazk/Projects/DFS_Semi_Streaming/input/random_graphs/graph_90_853_POWLAW_1250773459040295677.txt (Time: 0.00s)
📦 COPIED from HDD: /media/HDD/Projects/ExpDFS/graph_90_853_POWLAW_3010622984418968408.txt -> /home/shahbazk/Projects/DFS_Semi_Streaming/input/random_graphs/graph_90_853_POWLAW_3010622984418968408.txt (Time: 0.00s)
📦 COPIED from HDD: /media/HDD/Projects/ExpDFS/graph_90_853_POWLAW_521787134863155063.txt -> /home/shahbazk/Projects/DFS_Semi_Streaming/input/random_graphs/graph_90_853_POWLAW_521787134863155063.txt (Time: 0.00s)
📦 COPIED from HDD: /media/HDD/Projects/ExpDFS/graph_90_853_POWLAW_7146860528564146064.txt -> /home/shahbazk/Projects/DFS_Semi_Streaming/input/random_graphs/graph_90_853_POWLAW_7146860528564146064.txt (Time: 0.00s)
📦 COPIED from HDD: /media/HDD/Projects/ExpDFS/graph_90_853_POWLAW_1731523882129807996.txt -> /home/shahbazk/Projects/DFS_Semi_Streaming/input/random_graphs/graph_90_853_POWLAW_1731523882129807996.txt (Time: 0.00s)
📦 COPIED from HDD: /media/HDD/Projects/ExpDFS/graph_90_853_POWLAW_5708372698381010775.txt -> /home/shahbazk/Projects/DFS_Semi_Streaming/input/random_graphs/graph_90_853_POWLAW_5708372698381010775.txt (Time: 0.00s)
📦 COPIED from HDD: /media/HDD/Projects/ExpDFS/graph_90_853_POWLAW_1853590723603270879.txt -> /home/shahbazk/Projects/DFS_Semi_Streaming/input/random_graphs/graph_90_853_POWLAW_1853590723603270879.txt (Time: 0.00s)
📦 COPIED from HDD: /media/HDD/Projects/ExpDFS/graph_90_853_POWLAW_6002685213311538187.txt -> /home/shahbazk/Projects/DFS_Semi_Streaming/input/random_graphs/graph_90_853_POWLAW_6002685213311538187.txt (Time: 0.00s)
📦 COPIED from HDD: /media/HDD/Projects/ExpDFS/graph_90_853_POWLAW_5529616217668449934.txt -> /home/shahbazk/Projects/DFS_Semi_Streaming/input/random_graphs/graph_90_853_POWLAW_5529616217668449934.txt (Time: 0.00s)
📦 COPIED from HDD: /media/HDD/Projects/ExpDFS/graph_90_853_POWLAW_6785030173969523435.txt -> /home/shahbazk/Projects/DFS_Semi_Streaming/input/random_graphs/graph_90_853_POWLAW_6785030173969523435.txt (Time: 0.00s)
📦 COPIED from HDD: /media/HDD/Projects/ExpDFS/graph_90_853_POWLAW_1024517563182776983.txt -> /home/shahbazk/Projects/DFS_Semi_Streaming/input/random_graphs/graph_90_853_POWLAW_1024517563182776983.txt (Time: 0.00s)
📦 COPIED from HDD: /media/HDD/Projects/ExpDFS/graph_90_853_POWLAW_824387247617288499.txt -> /home/shahbazk/Projects/DFS_Semi_Streaming/input/random_graphs/graph_90_853_POWLAW_824387247617288499.txt (Time: 0.00s)
📦 COPIED from HDD: /media/HDD/Projects/ExpDFS/graph_90_853_POWLAW_1632192924771168275.txt -> /home/shahbazk/Projects/DFS_Semi_Streaming/input/random_graphs/graph_90_853_POWLAW_1632192924771168275.txt (Time: 0.00s)
📦 COPIED from HDD: /media/HDD/Projects/ExpDFS/graph_90_853_POWLAW_1647170069535670909.txt -> /home/shahbazk/Projects/DFS_Semi_Streaming/input/random_graphs/graph_90_853_POWLAW_1647170069535670909.txt (Time: 0.00s)
📦 COPIED from HDD: /media/HDD/Projects/ExpDFS/graph_90_853_POWLAW_5258051056098597521.txt -> /home/shahbazk/Projects/DFS_Semi_Streaming/input/random_graphs/graph_90_853_POWLAW_5258051056098597521.txt (Time: 0.00s)
📦 COPIED from HDD: /media/HDD/Projects/ExpDFS/graph_90_853_POWLAW_7706236040662210848.txt -> /home/shahbazk/Projects/DFS_Semi_Streaming/input/random_graphs/graph_90_853_POWLAW_7706236040662210848.txt (Time: 0.00s)
📦 COPIED from HDD: /media/HDD/Projects/ExpDFS/graph_90_853_POWLAW_4122784633514911760.txt -> /home/shahbazk/Projects/DFS_Semi_Streaming/input/random_graphs/graph_90_853_POWLAW_4122784633514911760.txt (Time: 0.00s)
📦 COPIED from HDD: /media/HDD/Projects/ExpDFS/graph_90_853_POWLAW_3224265581699847191.txt -> /home/shahbazk/Projects/DFS_Semi_Streaming/input/random_graphs/graph_90_853_POWLAW_3224265581699847191.txt (Time: 0.00s)
📦 COPIED from HDD: /media/HDD/Projects/ExpDFS/graph_90_853_POWLAW_4552998297316576788.txt -> /home/shahbazk/Projects/DFS_Semi_Streaming/input/random_graphs/graph_90_853_POWLAW_4552998297316576788.txt (Time: 0.00s)
📦 COPIED from HDD: /media/HDD/Projects/ExpDFS/graph_90_853_POWLAW_7921282862123281598.txt -> /home/shahbazk/Projects/DFS_Semi_Streaming/input/random_graphs/graph_90_853_POWLAW_7921282862123281598.txt (Time: 0.00s)
📦 COPIED from HDD: /media/HDD/Projects/ExpDFS/graph_90_853_POWLAW_7161906730445628483.txt -> /home/shahbazk/Projects/DFS_Semi_Streaming/input/random_graphs/graph_90_853_POWLAW_7161906730445628483.txt (Time: 0.00s)
📦 COPIED from HDD: /media/HDD/Projects/ExpDFS/graph_90_853_POWLAW_6802378520969450157.txt -> /home/shahbazk/Projects/DFS_Semi_Streaming/input/random_graphs/graph_90_853_POWLAW_6802378520969450157.txt (Time: 0.00s)
📦 COPIED from HDD: /media/HDD/Projects/ExpDFS/graph_90_853_POWLAW_6143643868734370809.txt -> /home/shahbazk/Projects/DFS_Semi_Streaming/input/random_graphs/graph_90_853_POWLAW_6143643868734370809.txt (Time: 0.00s)
📦 COPIED from HDD: /media/HDD/Projects/ExpDFS/graph_90_853_POWLAW_8031431416522537101.txt -> /home/shahbazk/Projects/DFS_Semi_Streaming/input/random_graphs/graph_90_853_POWLAW_8031431416522537101.txt (Time: 0.00s)
📦 COPIED from HDD: /media/HDD/Projects/ExpDFS/graph_90_853_POWLAW_5349491008325879064.txt -> /home/shahbazk/Projects/DFS_Semi_Streaming/input/random_graphs/graph_90_853_POWLAW_5349491008325879064.txt (Time: 0.00s)
📦 COPIED from HDD: /media/HDD/Projects/ExpDFS/graph_90_853_POWLAW_6614505080519948832.txt -> /home/shahbazk/Projects/DFS_Semi_Streaming/input/random_graphs/graph_90_853_POWLAW_6614505080519948832.txt (Time: 0.00s)
📦 COPIED from HDD: /media/HDD/Projects/ExpDFS/graph_90_853_POWLAW_3272308573967577038.txt -> /home/shahbazk/Projects/DFS_Semi_Streaming/input/random_graphs/graph_90_853_POWLAW_3272308573967577038.txt (Time: 0.00s)
📦 COPIED from HDD: /media/HDD/Projects/ExpDFS/graph_90_853_POWLAW_7917045922527545890.txt -> /home/shahbazk/Projects/DFS_Semi_Streaming/input/random_graphs/graph_90_853_POWLAW_7917045922527545890.txt (Time: 0.00s)
📦 COPIED from HDD: /media/HDD/Projects/ExpDFS/graph_90_853_POWLAW_7938560551762094560.txt -> /home/shahbazk/Projects/DFS_Semi_Streaming/input/random_graphs/graph_90_853_POWLAW_7938560551762094560.txt (Time: 0.00s)
📦 COPIED from HDD: /media/HDD/Projects/ExpDFS/graph_90_853_POWLAW_4445925461710302877.txt -> /home/shahbazk/Projects/DFS_Semi_Streaming/input/random_graphs/graph_90_853_POWLAW_4445925461710302877.txt (Time: 0.00s)
📦 COPIED from HDD: /media/HDD/Projects/ExpDFS/graph_90_853_POWLAW_716820155901718944.txt -> /home/shahbazk/Projects/DFS_Semi_Streaming/input/random_graphs/graph_90_853_POWLAW_716820155901718944.txt (Time: 0.00s)
📦 COPIED from HDD: /media/HDD/Projects/ExpDFS/graph_90_853_POWLAW_5636411189175451024.txt -> /home/shahbazk/Projects/DFS_Semi_Streaming/input/random_graphs/graph_90_853_POWLAW_5636411189175451024.txt (Time: 0.00s)
📦 COPIED from HDD: /media/HDD/Projects/ExpDFS/graph_90_853_POWLAW_6224222471595207695.txt -> /home/shahbazk/Projects/DFS_Semi_Streaming/input/random_graphs/graph_90_853_POWLAW_6224222471595207695.txt (Time: 0.00s)
📦 COPIED from HDD: /media/HDD/Projects/ExpDFS/graph_90_853_POWLAW_3865339568260874865.txt -> /home/shahbazk/Projects/DFS_Semi_Streaming/input/random_graphs/graph_90_853_POWLAW_3865339568260874865.txt (Time: 0.00s)
📦 COPIED from HDD: /media/HDD/Projects/ExpDFS/graph_90_853_POWLAW_3713827327871807734.txt -> /home/shahbazk/Projects/DFS_Semi_Streaming/input/random_graphs/graph_90_853_POWLAW_3713827327871807734.txt (Time: 0.00s)
📦 COPIED from HDD: /media/HDD/Projects/ExpDFS/graph_90_853_POWLAW_5063475852268941542.txt -> /home/shahbazk/Projects/DFS_Semi_Streaming/input/random_graphs/graph_90_853_POWLAW_5063475852268941542.txt (Time: 0.00s)
📦 COPIED from HDD: /media/HDD/Projects/ExpDFS/graph_90_853_POWLAW_4997514996153925447.txt -> /home/shahbazk/Projects/DFS_Semi_Streaming/input/random_graphs/graph_90_853_POWLAW_4997514996153925447.txt (Time: 0.00s)
📦 COPIED from HDD: /media/HDD/Projects/ExpDFS/graph_90_853_POWLAW_8446481348147407377.txt -> /home/shahbazk/Projects/DFS_Semi_Streaming/input/random_graphs/graph_90_853_POWLAW_8446481348147407377.txt (Time: 0.00s)
📦 COPIED from HDD: /media/HDD/Projects/ExpDFS/graph_90_853_POWLAW_6529943913552561417.txt -> /home/shahbazk/Projects/DFS_Semi_Streaming/input/random_graphs/graph_90_853_POWLAW_6529943913552561417.txt (Time: 0.00s)
📦 COPIED from HDD: /media/HDD/Projects/ExpDFS/graph_90_853_POWLAW_1128313391724783137.txt -> /home/shahbazk/Projects/DFS_Semi_Streaming/input/random_graphs/graph_90_853_POWLAW_1128313391724783137.txt (Time: 0.00s)
📦 COPIED from HDD: /media/HDD/Projects/ExpDFS/graph_90_853_POWLAW_8718380604043999642.txt -> /home/shahbazk/Projects/DFS_Semi_Streaming/input/random_graphs/graph_90_853_POWLAW_8718380604043999642.txt (Time: 0.00s)
📦 COPIED from HDD: /media/HDD/Projects/ExpDFS/graph_90_853_POWLAW_1170385908854608748.txt -> /home/shahbazk/Projects/DFS_Semi_Streaming/input/random_graphs/graph_90_853_POWLAW_1170385908854608748.txt (Time: 0.00s)
📦 COPIED from HDD: /media/HDD/Projects/ExpDFS/graph_90_853_POWLAW_6022436717541034636.txt -> /home/shahbazk/Projects/DFS_Semi_Streaming/input/random_graphs/graph_90_853_POWLAW_6022436717541034636.txt (Time: 0.00s)
📦 COPIED from HDD: /media/HDD/Projects/ExpDFS/graph_90_853_POWLAW_5497874167834979553.txt -> /home/shahbazk/Projects/DFS_Semi_Streaming/input/random_graphs/graph_90_853_POWLAW_5497874167834979553.txt (Time: 0.00s)
📦 COPIED from HDD: /media/HDD/Projects/ExpDFS/graph_90_853_POWLAW_199422815561151340.txt -> /home/shahbazk/Projects/DFS_Semi_Streaming/input/random_graphs/graph_90_853_POWLAW_199422815561151340.txt (Time: 0.00s)
📦 COPIED from HDD: /media/HDD/Projects/ExpDFS/graph_90_853_POWLAW_3817405844514670994.txt -> /home/shahbazk/Projects/DFS_Semi_Streaming/input/random_graphs/graph_90_853_POWLAW_3817405844514670994.txt (Time: 0.00s)
📦 COPIED from HDD: /media/HDD/Projects/ExpDFS/graph_90_853_POWLAW_175493991617213850.txt -> /home/shahbazk/Projects/DFS_Semi_Streaming/input/random_graphs/graph_90_853_POWLAW_175493991617213850.txt (Time: 0.00s)
📦 COPIED from HDD: /media/HDD/Projects/ExpDFS/graph_90_853_POWLAW_2909934787168262407.txt -> /home/shahbazk/Projects/DFS_Semi_Streaming/input/random_graphs/graph_90_853_POWLAW_2909934787168262407.txt (Time: 0.00s)
📦 COPIED from HDD: /media/HDD/Projects/ExpDFS/graph_90_853_POWLAW_6764066939395682287.txt -> /home/shahbazk/Projects/DFS_Semi_Streaming/input/random_graphs/graph_90_853_POWLAW_6764066939395682287.txt (Time: 0.00s)
📦 COPIED from HDD: /media/HDD/Projects/ExpDFS/graph_90_853_POWLAW_1392892770529522614.txt -> /home/shahbazk/Projects/DFS_Semi_Streaming/input/random_graphs/graph_90_853_POWLAW_1392892770529522614.txt (Time: 0.00s)
📦 COPIED from HDD: /media/HDD/Projects/ExpDFS/graph_90_853_POWLAW_9060210648189963449.txt -> /home/shahbazk/Projects/DFS_Semi_Streaming/input/random_graphs/graph_90_853_POWLAW_9060210648189963449.txt (Time: 0.00s)
📦 COPIED from HDD: /media/HDD/Projects/ExpDFS/graph_90_853_POWLAW_4250897495980125004.txt -> /home/shahbazk/Projects/DFS_Semi_Streaming/input/random_graphs/graph_90_853_POWLAW_4250897495980125004.txt (Time: 0.00s)
📦 COPIED from HDD: /media/HDD/Projects/ExpDFS/graph_90_853_POWLAW_7644420139408884785.txt -> /home/shahbazk/Projects/DFS_Semi_Streaming/input/random_graphs/graph_90_853_POWLAW_7644420139408884785.txt (Time: 0.00s)
📦 COPIED from HDD: /media/HDD/Projects/ExpDFS/graph_90_853_POWLAW_9130666990809746335.txt -> /home/shahbazk/Projects/DFS_Semi_Streaming/input/random_graphs/graph_90_853_POWLAW_9130666990809746335.txt (Time: 0.00s)
📦 COPIED from HDD: /media/HDD/Projects/ExpDFS/graph_90_853_POWLAW_1458186392400727732.txt -> /home/shahbazk/Projects/DFS_Semi_Streaming/input/random_graphs/graph_90_853_POWLAW_1458186392400727732.txt (Time: 0.00s)
📦 COPIED from HDD: /media/HDD/Projects/ExpDFS/graph_90_853_POWLAW_5108599054664628607.txt -> /home/shahbazk/Projects/DFS_Semi_Streaming/input/random_graphs/graph_90_853_POWLAW_5108599054664628607.txt (Time: 0.00s)
📦 COPIED from HDD: /media/HDD/Projects/ExpDFS/graph_90_853_POWLAW_8794274795737982182.txt -> /home/shahbazk/Projects/DFS_Semi_Streaming/input/random_graphs/graph_90_853_POWLAW_8794274795737982182.txt (Time: 0.00s)
📦 COPIED from HDD: /media/HDD/Projects/ExpDFS/graph_90_853_POWLAW_4060584409398689268.txt -> /home/shahbazk/Projects/DFS_Semi_Streaming/input/random_graphs/graph_90_853_POWLAW_4060584409398689268.txt (Time: 0.00s)
📦 COPIED from HDD: /media/HDD/Projects/ExpDFS/graph_90_853_POWLAW_1332005502874566195.txt -> /home/shahbazk/Projects/DFS_Semi_Streaming/input/random_graphs/graph_90_853_POWLAW_1332005502874566195.txt (Time: 0.00s)
📦 COPIED from HDD: /media/HDD/Projects/ExpDFS/graph_90_853_POWLAW_2089506265998900862.txt -> /home/shahbazk/Projects/DFS_Semi_Streaming/input/random_graphs/graph_90_853_POWLAW_2089506265998900862.txt (Time: 0.00s)
📦 COPIED from HDD: /media/HDD/Projects/ExpDFS/graph_90_853_POWLAW_1722224698700348310.txt -> /home/shahbazk/Projects/DFS_Semi_Streaming/input/random_graphs/graph_90_853_POWLAW_1722224698700348310.txt (Time: 0.00s)
📦 COPIED from HDD: /media/HDD/Projects/ExpDFS/graph_90_853_POWLAW_8626102704817790064.txt -> /home/shahbazk/Projects/DFS_Semi_Streaming/input/random_graphs/graph_90_853_POWLAW_8626102704817790064.txt (Time: 0.00s)
📦 COPIED from HDD: /media/HDD/Projects/ExpDFS/graph_90_853_POWLAW_7905487461282246979.txt -> /home/shahbazk/Projects/DFS_Semi_Streaming/input/random_graphs/graph_90_853_POWLAW_7905487461282246979.txt (Time: 0.00s)
📦 COPIED from HDD: /media/HDD/Projects/ExpDFS/graph_90_853_POWLAW_4795749165124911768.txt -> /home/shahbazk/Projects/DFS_Semi_Streaming/input/random_graphs/graph_90_853_POWLAW_4795749165124911768.txt (Time: 0.01s)
📦 COPIED from HDD: /media/HDD/Projects/ExpDFS/graph_90_853_POWLAW_4934890601268679176.txt -> /home/shahbazk/Projects/DFS_Semi_Streaming/input/random_graphs/graph_90_853_POWLAW_4934890601268679176.txt (Time: 0.01s)
📦 COPIED from HDD: /media/HDD/Projects/ExpDFS/graph_90_853_POWLAW_1992204328026194281.txt -> /home/shahbazk/Projects/DFS_Semi_Streaming/input/random_graphs/graph_90_853_POWLAW_1992204328026194281.txt (Time: 0.01s)
📦 COPIED from HDD: /media/HDD/Projects/ExpDFS/graph_90_853_POWLAW_7118744415197196276.txt -> /home/shahbazk/Projects/DFS_Semi_Streaming/input/random_graphs/graph_90_853_POWLAW_7118744415197196276.txt (Time: 0.01s)
📦 COPIED from HDD: /media/HDD/Projects/ExpDFS/graph_90_853_POWLAW_8448596294177070022.txt -> /home/shahbazk/Projects/DFS_Semi_Streaming/input/random_graphs/graph_90_853_POWLAW_8448596294177070022.txt (Time: 0.01s)
📦 COPIED from HDD: /media/HDD/Projects/ExpDFS/graph_90_853_POWLAW_2718103348384927511.txt -> /home/shahbazk/Projects/DFS_Semi_Streaming/input/random_graphs/graph_90_853_POWLAW_2718103348384927511.txt (Time: 0.01s)
📦 COPIED from HDD: /media/HDD/Projects/ExpDFS/graph_90_853_POWLAW_3221421291694197220.txt -> /home/shahbazk/Projects/DFS_Semi_Streaming/input/random_graphs/graph_90_853_POWLAW_3221421291694197220.txt (Time: 0.01s)
📦 COPIED from HDD: /media/HDD/Projects/ExpDFS/graph_90_853_POWLAW_8867616339855336876.txt -> /home/shahbazk/Projects/DFS_Semi_Streaming/input/random_graphs/graph_90_853_POWLAW_8867616339855336876.txt (Time: 0.01s)
📦 COPIED from HDD: /media/HDD/Projects/ExpDFS/graph_90_853_POWLAW_9059990922233379852.txt -> /home/shahbazk/Projects/DFS_Semi_Streaming/input/random_graphs/graph_90_853_POWLAW_9059990922233379852.txt (Time: 0.01s)
📦 COPIED from HDD: /media/HDD/Projects/ExpDFS/graph_90_853_POWLAW_5894893360759659423.txt -> /home/shahbazk/Projects/DFS_Semi_Streaming/input/random_graphs/graph_90_853_POWLAW_5894893360759659423.txt (Time: 0.01s)
📦 COPIED from HDD: /media/HDD/Projects/ExpDFS/graph_90_853_POWLAW_7983805977214098674.txt -> /home/shahbazk/Projects/DFS_Semi_Streaming/input/random_graphs/graph_90_853_POWLAW_7983805977214098674.txt (Time: 0.01s)
📦 COPIED from HDD: /media/HDD/Projects/ExpDFS/graph_90_853_POWLAW_2264398621601381987.txt -> /home/shahbazk/Projects/DFS_Semi_Streaming/input/random_graphs/graph_90_853_POWLAW_2264398621601381987.txt (Time: 0.01s)
📦 COPIED from HDD: /media/HDD/Projects/ExpDFS/graph_90_853_POWLAW_4940913311242578590.txt -> /home/shahbazk/Projects/DFS_Semi_Streaming/input/random_graphs/graph_90_853_POWLAW_4940913311242578590.txt (Time: 0.01s)
📦 COPIED from HDD: /media/HDD/Projects/ExpDFS/graph_90_853_POWLAW_7449662661572224354.txt -> /home/shahbazk/Projects/DFS_Semi_Streaming/input/random_graphs/graph_90_853_POWLAW_7449662661572224354.txt (Time: 0.01s)
📦 COPIED from HDD: /media/HDD/Projects/ExpDFS/graph_100_1000_POWLAW_5739955973604961613.txt -> /home/shahbazk/Projects/DFS_Semi_Streaming/input/random_graphs/graph_100_1000_POWLAW_5739955973604961613.txt (Time: 0.01s)
📦 COPIED from HDD: /media/HDD/Projects/ExpDFS/graph_100_1000_POWLAW_6230961512046992311.txt -> /home/shahbazk/Projects/DFS_Semi_Streaming/input/random_graphs/graph_100_1000_POWLAW_6230961512046992311.txt (Time: 0.01s)
📦 COPIED from HDD: /media/HDD/Projects/ExpDFS/graph_100_1000_POWLAW_7871178979383552919.txt -> /home/shahbazk/Projects/DFS_Semi_Streaming/input/random_graphs/graph_100_1000_POWLAW_7871178979383552919.txt (Time: 0.01s)
📦 COPIED from HDD: /media/HDD/Projects/ExpDFS/graph_100_1000_POWLAW_7032710160631691991.txt -> /home/shahbazk/Projects/DFS_Semi_Streaming/input/random_graphs/graph_100_1000_POWLAW_7032710160631691991.txt (Time: 0.01s)
📦 COPIED from HDD: /media/HDD/Projects/ExpDFS/graph_90_853_POWLAW_7632458674696225362.txt -> /home/shahbazk/Projects/DFS_Semi_Streaming/input/random_graphs/graph_90_853_POWLAW_7632458674696225362.txt (Time: 0.00s)
📦 COPIED from HDD: /media/HDD/Projects/ExpDFS/graph_100_1000_POWLAW_3881801951614183357.txt -> /home/shahbazk/Projects/DFS_Semi_Streaming/input/random_graphs/graph_100_1000_POWLAW_3881801951614183357.txt (Time: 0.00s)
📦 COPIED from HDD: /media/HDD/Projects/ExpDFS/graph_100_1000_POWLAW_7599700178212337699.txt -> /home/shahbazk/Projects/DFS_Semi_Streaming/input/random_graphs/graph_100_1000_POWLAW_7599700178212337699.txt (Time: 0.00s)
📦 COPIED from HDD: /media/HDD/Projects/ExpDFS/graph_100_1000_POWLAW_320375091487821987.txt -> /home/shahbazk/Projects/DFS_Semi_Streaming/input/random_graphs/graph_100_1000_POWLAW_320375091487821987.txt (Time: 0.00s)
📦 COPIED from HDD: /media/HDD/Projects/ExpDFS/graph_100_1000_POWLAW_1070244953599069350.txt -> /home/shahbazk/Projects/DFS_Semi_Streaming/input/random_graphs/graph_100_1000_POWLAW_1070244953599069350.txt (Time: 0.00s)
📦 COPIED from HDD: /media/HDD/Projects/ExpDFS/graph_100_1000_POWLAW_6938562734920028532.txt -> /home/shahbazk/Projects/DFS_Semi_Streaming/input/random_graphs/graph_100_1000_POWLAW_6938562734920028532.txt (Time: 0.00s)
📦 COPIED from HDD: /media/HDD/Projects/ExpDFS/graph_100_1000_POWLAW_6522163754831416203.txt -> /home/shahbazk/Projects/DFS_Semi_Streaming/input/random_graphs/graph_100_1000_POWLAW_6522163754831416203.txt (Time: 0.00s)
📦 COPIED from HDD: /media/HDD/Projects/ExpDFS/graph_100_1000_POWLAW_4040737767143389431.txt -> /home/shahbazk/Projects/DFS_Semi_Streaming/input/random_graphs/graph_100_1000_POWLAW_4040737767143389431.txt (Time: 0.00s)
📦 COPIED from HDD: /media/HDD/Projects/ExpDFS/graph_100_1000_POWLAW_1353182403971399009.txt -> /home/shahbazk/Projects/DFS_Semi_Streaming/input/random_graphs/graph_100_1000_POWLAW_1353182403971399009.txt (Time: 0.00s)
📦 COPIED from HDD: /media/HDD/Projects/ExpDFS/graph_100_1000_POWLAW_1250005700364523649.txt -> /home/shahbazk/Projects/DFS_Semi_Streaming/input/random_graphs/graph_100_1000_POWLAW_1250005700364523649.txt (Time: 0.00s)
📦 COPIED from HDD: /media/HDD/Projects/ExpDFS/graph_100_1000_POWLAW_1309542850049879452.txt -> /home/shahbazk/Projects/DFS_Semi_Streaming/input/random_graphs/graph_100_1000_POWLAW_1309542850049879452.txt (Time: 0.00s)
📦 COPIED from HDD: /media/HDD/Projects/ExpDFS/graph_100_1000_POWLAW_2429002973740178792.txt -> /home/shahbazk/Projects/DFS_Semi_Streaming/input/random_graphs/graph_100_1000_POWLAW_2429002973740178792.txt (Time: 0.00s)
📦 COPIED from HDD: /media/HDD/Projects/ExpDFS/graph_100_1000_POWLAW_7663871783842725848.txt -> /home/shahbazk/Projects/DFS_Semi_Streaming/input/random_graphs/graph_100_1000_POWLAW_7663871783842725848.txt (Time: 0.00s)
📦 COPIED from HDD: /media/HDD/Projects/ExpDFS/graph_100_1000_POWLAW_7146860528564146064.txt -> /home/shahbazk/Projects/DFS_Semi_Streaming/input/random_graphs/graph_100_1000_POWLAW_7146860528564146064.txt (Time: 0.00s)
📦 COPIED from HDD: /media/HDD/Projects/ExpDFS/graph_100_1000_POWLAW_1250773459040295677.txt -> /home/shahbazk/Projects/DFS_Semi_Streaming/input/random_graphs/graph_100_1000_POWLAW_1250773459040295677.txt (Time: 0.00s)
📦 COPIED from HDD: /media/HDD/Projects/ExpDFS/graph_100_1000_POWLAW_5906957480796939447.txt -> /home/shahbazk/Projects/DFS_Semi_Streaming/input/random_graphs/graph_100_1000_POWLAW_5906957480796939447.txt (Time: 0.00s)
📦 COPIED from HDD: /media/HDD/Projects/ExpDFS/graph_100_1000_POWLAW_7473196763798409428.txt -> /home/shahbazk/Projects/DFS_Semi_Streaming/input/random_graphs/graph_100_1000_POWLAW_7473196763798409428.txt (Time: 0.00s)
📦 COPIED from HDD: /media/HDD/Projects/ExpDFS/graph_100_1000_POWLAW_5142811650494845597.txt -> /home/shahbazk/Projects/DFS_Semi_Streaming/input/random_graphs/graph_100_1000_POWLAW_5142811650494845597.txt (Time: 0.00s)
📦 COPIED from HDD: /media/HDD/Projects/ExpDFS/graph_100_1000_POWLAW_5139481885857321791.txt -> /home/shahbazk/Projects/DFS_Semi_Streaming/input/random_graphs/graph_100_1000_POWLAW_5139481885857321791.txt (Time: 0.00s)
📦 COPIED from HDD: /media/HDD/Projects/ExpDFS/graph_100_1000_POWLAW_6002685213311538187.txt -> /home/shahbazk/Projects/DFS_Semi_Streaming/input/random_graphs/graph_100_1000_POWLAW_6002685213311538187.txt (Time: 0.00s)
📦 COPIED from HDD: /media/HDD/Projects/ExpDFS/graph_100_1000_POWLAW_3438400432146115956.txt -> /home/shahbazk/Projects/DFS_Semi_Streaming/input/random_graphs/graph_100_1000_POWLAW_3438400432146115956.txt (Time: 0.00s)
📦 COPIED from HDD: /media/HDD/Projects/ExpDFS/graph_100_1000_POWLAW_5708372698381010775.txt -> /home/shahbazk/Projects/DFS_Semi_Streaming/input/random_graphs/graph_100_1000_POWLAW_5708372698381010775.txt (Time: 0.00s)
📦 COPIED from HDD: /media/HDD/Projects/ExpDFS/graph_100_1000_POWLAW_521787134863155063.txt -> /home/shahbazk/Projects/DFS_Semi_Streaming/input/random_graphs/graph_100_1000_POWLAW_521787134863155063.txt (Time: 0.00s)
📦 COPIED from HDD: /media/HDD/Projects/ExpDFS/graph_100_1000_POWLAW_3010622984418968408.txt -> /home/shahbazk/Projects/DFS_Semi_Streaming/input/random_graphs/graph_100_1000_POWLAW_3010622984418968408.txt (Time: 0.00s)
📦 COPIED from HDD: /media/HDD/Projects/ExpDFS/graph_100_1000_POWLAW_6785030173969523435.txt -> /home/shahbazk/Projects/DFS_Semi_Streaming/input/random_graphs/graph_100_1000_POWLAW_6785030173969523435.txt (Time: 0.00s)
📦 COPIED from HDD: /media/HDD/Projects/ExpDFS/graph_100_1000_POWLAW_7029781962072644698.txt -> /home/shahbazk/Projects/DFS_Semi_Streaming/input/random_graphs/graph_100_1000_POWLAW_7029781962072644698.txt (Time: 0.00s)
📦 COPIED from HDD: /media/HDD/Projects/ExpDFS/graph_100_1000_POWLAW_1731523882129807996.txt -> /home/shahbazk/Projects/DFS_Semi_Streaming/input/random_graphs/graph_100_1000_POWLAW_1731523882129807996.txt (Time: 0.00s)
📦 COPIED from HDD: /media/HDD/Projects/ExpDFS/graph_100_1000_POWLAW_5529616217668449934.txt -> /home/shahbazk/Projects/DFS_Semi_Streaming/input/random_graphs/graph_100_1000_POWLAW_5529616217668449934.txt (Time: 0.00s)
📦 COPIED from HDD: /media/HDD/Projects/ExpDFS/graph_100_1000_POWLAW_1024517563182776983.txt -> /home/shahbazk/Projects/DFS_Semi_Streaming/input/random_graphs/graph_100_1000_POWLAW_1024517563182776983.txt (Time: 0.00s)
📦 COPIED from HDD: /media/HDD/Projects/ExpDFS/graph_100_1000_POWLAW_1853590723603270879.txt -> /home/shahbazk/Projects/DFS_Semi_Streaming/input/random_graphs/graph_100_1000_POWLAW_1853590723603270879.txt (Time: 0.00s)
📦 COPIED from HDD: /media/HDD/Projects/ExpDFS/graph_100_1000_POWLAW_4122784633514911760.txt -> /home/shahbazk/Projects/DFS_Semi_Streaming/input/random_graphs/graph_100_1000_POWLAW_4122784633514911760.txt (Time: 0.00s)
📦 COPIED from HDD: /media/HDD/Projects/ExpDFS/graph_100_1000_POWLAW_3224265581699847191.txt -> /home/shahbazk/Projects/DFS_Semi_Streaming/input/random_graphs/graph_100_1000_POWLAW_3224265581699847191.txt (Time: 0.00s)
📦 COPIED from HDD: /media/HDD/Projects/ExpDFS/graph_100_1000_POWLAW_7706236040662210848.txt -> /home/shahbazk/Projects/DFS_Semi_Streaming/input/random_graphs/graph_100_1000_POWLAW_7706236040662210848.txt (Time: 0.00s)
📦 COPIED from HDD: /media/HDD/Projects/ExpDFS/graph_100_1000_POWLAW_824387247617288499.txt -> /home/shahbazk/Projects/DFS_Semi_Streaming/input/random_graphs/graph_100_1000_POWLAW_824387247617288499.txt (Time: 0.00s)
📦 COPIED from HDD: /media/HDD/Projects/ExpDFS/graph_100_1000_POWLAW_1632192924771168275.txt -> /home/shahbazk/Projects/DFS_Semi_Streaming/input/random_graphs/graph_100_1000_POWLAW_1632192924771168275.txt (Time: 0.00s)
📦 COPIED from HDD: /media/HDD/Projects/ExpDFS/graph_100_1000_POWLAW_7161906730445628483.txt -> /home/shahbazk/Projects/DFS_Semi_Streaming/input/random_graphs/graph_100_1000_POWLAW_7161906730445628483.txt (Time: 0.00s)
📦 COPIED from HDD: /media/HDD/Projects/ExpDFS/graph_100_1000_POWLAW_5258051056098597521.txt -> /home/shahbazk/Projects/DFS_Semi_Streaming/input/random_graphs/graph_100_1000_POWLAW_5258051056098597521.txt (Time: 0.00s)
📦 COPIED from HDD: /media/HDD/Projects/ExpDFS/graph_100_1000_POWLAW_1647170069535670909.txt -> /home/shahbazk/Projects/DFS_Semi_Streaming/input/random_graphs/graph_100_1000_POWLAW_1647170069535670909.txt (Time: 0.00s)
📦 COPIED from HDD: /media/HDD/Projects/ExpDFS/graph_100_1000_POWLAW_6802378520969450157.txt -> /home/shahbazk/Projects/DFS_Semi_Streaming/input/random_graphs/graph_100_1000_POWLAW_6802378520969450157.txt (Time: 0.00s)
📦 COPIED from HDD: /media/HDD/Projects/ExpDFS/graph_100_1000_POWLAW_8718380604043999642.txt -> /home/shahbazk/Projects/DFS_Semi_Streaming/input/random_graphs/graph_100_1000_POWLAW_8718380604043999642.txt (Time: 0.00s)
📦 COPIED from HDD: /media/HDD/Projects/ExpDFS/graph_100_1000_POWLAW_3272308573967577038.txt -> /home/shahbazk/Projects/DFS_Semi_Streaming/input/random_graphs/graph_100_1000_POWLAW_3272308573967577038.txt (Time: 0.00s)
📦 COPIED from HDD: /media/HDD/Projects/ExpDFS/graph_100_1000_POWLAW_8031431416522537101.txt -> /home/shahbazk/Projects/DFS_Semi_Streaming/input/random_graphs/graph_100_1000_POWLAW_8031431416522537101.txt (Time: 0.00s)
📦 COPIED from HDD: /media/HDD/Projects/ExpDFS/graph_100_1000_POWLAW_6143643868734370809.txt -> /home/shahbazk/Projects/DFS_Semi_Streaming/input/random_graphs/graph_100_1000_POWLAW_6143643868734370809.txt (Time: 0.00s)
📦 COPIED from HDD: /media/HDD/Projects/ExpDFS/graph_100_1000_POWLAW_5636411189175451024.txt -> /home/shahbazk/Projects/DFS_Semi_Streaming/input/random_graphs/graph_100_1000_POWLAW_5636411189175451024.txt (Time: 0.00s)
📦 COPIED from HDD: /media/HDD/Projects/ExpDFS/graph_100_1000_POWLAW_4445925461710302877.txt -> /home/shahbazk/Projects/DFS_Semi_Streaming/input/random_graphs/graph_100_1000_POWLAW_4445925461710302877.txt (Time: 0.00s)
📦 COPIED from HDD: /media/HDD/Projects/ExpDFS/graph_100_1000_POWLAW_6614505080519948832.txt -> /home/shahbazk/Projects/DFS_Semi_Streaming/input/random_graphs/graph_100_1000_POWLAW_6614505080519948832.txt (Time: 0.00s)
📦 COPIED from HDD: /media/HDD/Projects/ExpDFS/graph_100_1000_POWLAW_7917045922527545890.txt -> /home/shahbazk/Projects/DFS_Semi_Streaming/input/random_graphs/graph_100_1000_POWLAW_7917045922527545890.txt (Time: 0.00s)
📦 COPIED from HDD: /media/HDD/Projects/ExpDFS/graph_100_1000_POWLAW_3865339568260874865.txt -> /home/shahbazk/Projects/DFS_Semi_Streaming/input/random_graphs/graph_100_1000_POWLAW_3865339568260874865.txt (Time: 0.00s)
📦 COPIED from HDD: /media/HDD/Projects/ExpDFS/graph_100_1000_POWLAW_4997514996153925447.txt -> /home/shahbazk/Projects/DFS_Semi_Streaming/input/random_graphs/graph_100_1000_POWLAW_4997514996153925447.txt (Time: 0.00s)
📦 COPIED from HDD: /media/HDD/Projects/ExpDFS/graph_100_1000_POWLAW_7938560551762094560.txt -> /home/shahbazk/Projects/DFS_Semi_Streaming/input/random_graphs/graph_100_1000_POWLAW_7938560551762094560.txt (Time: 0.00s)
📦 COPIED from HDD: /media/HDD/Projects/ExpDFS/graph_100_1000_POWLAW_6224222471595207695.txt -> /home/shahbazk/Projects/DFS_Semi_Streaming/input/random_graphs/graph_100_1000_POWLAW_6224222471595207695.txt (Time: 0.00s)
📦 COPIED from HDD: /media/HDD/Projects/ExpDFS/graph_100_1000_POWLAW_5063475852268941542.txt -> /home/shahbazk/Projects/DFS_Semi_Streaming/input/random_graphs/graph_100_1000_POWLAW_5063475852268941542.txt (Time: 0.00s)
📦 COPIED from HDD: /media/HDD/Projects/ExpDFS/graph_100_1000_POWLAW_5349491008325879064.txt -> /home/shahbazk/Projects/DFS_Semi_Streaming/input/random_graphs/graph_100_1000_POWLAW_5349491008325879064.txt (Time: 0.00s)
📦 COPIED from HDD: /media/HDD/Projects/ExpDFS/graph_100_1000_POWLAW_1128313391724783137.txt -> /home/shahbazk/Projects/DFS_Semi_Streaming/input/random_graphs/graph_100_1000_POWLAW_1128313391724783137.txt (Time: 0.00s)
📦 COPIED from HDD: /media/HDD/Projects/ExpDFS/graph_100_1000_POWLAW_8446481348147407377.txt -> /home/shahbazk/Projects/DFS_Semi_Streaming/input/random_graphs/graph_100_1000_POWLAW_8446481348147407377.txt (Time: 0.00s)
📦 COPIED from HDD: /media/HDD/Projects/ExpDFS/graph_100_1000_POWLAW_4552998297316576788.txt -> /home/shahbazk/Projects/DFS_Semi_Streaming/input/random_graphs/graph_100_1000_POWLAW_4552998297316576788.txt (Time: 0.00s)
📦 COPIED from HDD: /media/HDD/Projects/ExpDFS/graph_100_1000_POWLAW_716820155901718944.txt -> /home/shahbazk/Projects/DFS_Semi_Streaming/input/random_graphs/graph_100_1000_POWLAW_716820155901718944.txt (Time: 0.00s)
📦 COPIED from HDD: /media/HDD/Projects/ExpDFS/graph_100_1000_POWLAW_2909934787168262407.txt -> /home/shahbazk/Projects/DFS_Semi_Streaming/input/random_graphs/graph_100_1000_POWLAW_2909934787168262407.txt (Time: 0.00s)
📦 COPIED from HDD: /media/HDD/Projects/ExpDFS/graph_100_1000_POWLAW_6022436717541034636.txt -> /home/shahbazk/Projects/DFS_Semi_Streaming/input/random_graphs/graph_100_1000_POWLAW_6022436717541034636.txt (Time: 0.00s)
📦 COPIED from HDD: /media/HDD/Projects/ExpDFS/graph_100_1000_POWLAW_7921282862123281598.txt -> /home/shahbazk/Projects/DFS_Semi_Streaming/input/random_graphs/graph_100_1000_POWLAW_7921282862123281598.txt (Time: 0.00s)
📦 COPIED from HDD: /media/HDD/Projects/ExpDFS/graph_100_1000_POWLAW_199422815561151340.txt -> /home/shahbazk/Projects/DFS_Semi_Streaming/input/random_graphs/graph_100_1000_POWLAW_199422815561151340.txt (Time: 0.00s)
📦 COPIED from HDD: /media/HDD/Projects/ExpDFS/graph_100_1000_POWLAW_3817405844514670994.txt -> /home/shahbazk/Projects/DFS_Semi_Streaming/input/random_graphs/graph_100_1000_POWLAW_3817405844514670994.txt (Time: 0.00s)
📦 COPIED from HDD: /media/HDD/Projects/ExpDFS/graph_100_1000_POWLAW_1170385908854608748.txt -> /home/shahbazk/Projects/DFS_Semi_Streaming/input/random_graphs/graph_100_1000_POWLAW_1170385908854608748.txt (Time: 0.00s)
📦 COPIED from HDD: /media/HDD/Projects/ExpDFS/graph_100_1000_POWLAW_3713827327871807734.txt -> /home/shahbazk/Projects/DFS_Semi_Streaming/input/random_graphs/graph_100_1000_POWLAW_3713827327871807734.txt (Time: 0.00s)
📦 COPIED from HDD: /media/HDD/Projects/ExpDFS/graph_100_1000_POWLAW_6529943913552561417.txt -> /home/shahbazk/Projects/DFS_Semi_Streaming/input/random_graphs/graph_100_1000_POWLAW_6529943913552561417.txt (Time: 0.00s)
📦 COPIED from HDD: /media/HDD/Projects/ExpDFS/graph_100_1000_POWLAW_7644420139408884785.txt -> /home/shahbazk/Projects/DFS_Semi_Streaming/input/random_graphs/graph_100_1000_POWLAW_7644420139408884785.txt (Time: 0.00s)
📦 COPIED from HDD: /media/HDD/Projects/ExpDFS/graph_100_1000_POWLAW_175493991617213850.txt -> /home/shahbazk/Projects/DFS_Semi_Streaming/input/random_graphs/graph_100_1000_POWLAW_175493991617213850.txt (Time: 0.00s)
📦 COPIED from HDD: /media/HDD/Projects/ExpDFS/graph_100_1000_POWLAW_5108599054664628607.txt -> /home/shahbazk/Projects/DFS_Semi_Streaming/input/random_graphs/graph_100_1000_POWLAW_5108599054664628607.txt (Time: 0.00s)
📦 COPIED from HDD: /media/HDD/Projects/ExpDFS/graph_100_1000_POWLAW_1392892770529522614.txt -> /home/shahbazk/Projects/DFS_Semi_Streaming/input/random_graphs/graph_100_1000_POWLAW_1392892770529522614.txt (Time: 0.00s)
📦 COPIED from HDD: /media/HDD/Projects/ExpDFS/graph_100_1000_POWLAW_1458186392400727732.txt -> /home/shahbazk/Projects/DFS_Semi_Streaming/input/random_graphs/graph_100_1000_POWLAW_1458186392400727732.txt (Time: 0.00s)
📦 COPIED from HDD: /media/HDD/Projects/ExpDFS/graph_100_1000_POWLAW_4250897495980125004.txt -> /home/shahbazk/Projects/DFS_Semi_Streaming/input/random_graphs/graph_100_1000_POWLAW_4250897495980125004.txt (Time: 0.00s)
📦 COPIED from HDD: /media/HDD/Projects/ExpDFS/graph_100_1000_POWLAW_9130666990809746335.txt -> /home/shahbazk/Projects/DFS_Semi_Streaming/input/random_graphs/graph_100_1000_POWLAW_9130666990809746335.txt (Time: 0.00s)
📦 COPIED from HDD: /media/HDD/Projects/ExpDFS/graph_100_1000_POWLAW_9060210648189963449.txt -> /home/shahbazk/Projects/DFS_Semi_Streaming/input/random_graphs/graph_100_1000_POWLAW_9060210648189963449.txt (Time: 0.00s)
📦 COPIED from HDD: /media/HDD/Projects/ExpDFS/graph_100_1000_POWLAW_6764066939395682287.txt -> /home/shahbazk/Projects/DFS_Semi_Streaming/input/random_graphs/graph_100_1000_POWLAW_6764066939395682287.txt (Time: 0.00s)
📦 COPIED from HDD: /media/HDD/Projects/ExpDFS/graph_100_1000_POWLAW_2089506265998900862.txt -> /home/shahbazk/Projects/DFS_Semi_Streaming/input/random_graphs/graph_100_1000_POWLAW_2089506265998900862.txt (Time: 0.00s)
📦 COPIED from HDD: /media/HDD/Projects/ExpDFS/graph_100_1000_POWLAW_5497874167834979553.txt -> /home/shahbazk/Projects/DFS_Semi_Streaming/input/random_graphs/graph_100_1000_POWLAW_5497874167834979553.txt (Time: 0.00s)
📦 COPIED from HDD: /media/HDD/Projects/ExpDFS/graph_100_1000_POWLAW_4060584409398689268.txt -> /home/shahbazk/Projects/DFS_Semi_Streaming/input/random_graphs/graph_100_1000_POWLAW_4060584409398689268.txt (Time: 0.00s)
📦 COPIED from HDD: /media/HDD/Projects/ExpDFS/graph_100_1000_POWLAW_8794274795737982182.txt -> /home/shahbazk/Projects/DFS_Semi_Streaming/input/random_graphs/graph_100_1000_POWLAW_8794274795737982182.txt (Time: 0.00s)
📦 COPIED from HDD: /media/HDD/Projects/ExpDFS/graph_100_1000_POWLAW_1332005502874566195.txt -> /home/shahbazk/Projects/DFS_Semi_Streaming/input/random_graphs/graph_100_1000_POWLAW_1332005502874566195.txt (Time: 0.00s)
📦 COPIED from HDD: /media/HDD/Projects/ExpDFS/graph_100_1000_POWLAW_8626102704817790064.txt -> /home/shahbazk/Projects/DFS_Semi_Streaming/input/random_graphs/graph_100_1000_POWLAW_8626102704817790064.txt (Time: 0.00s)
📦 COPIED from HDD: /media/HDD/Projects/ExpDFS/graph_100_1000_POWLAW_1722224698700348310.txt -> /home/shahbazk/Projects/DFS_Semi_Streaming/input/random_graphs/graph_100_1000_POWLAW_1722224698700348310.txt (Time: 0.00s)
📦 COPIED from HDD: /media/HDD/Projects/ExpDFS/graph_100_1000_POWLAW_7905487461282246979.txt -> /home/shahbazk/Projects/DFS_Semi_Streaming/input/random_graphs/graph_100_1000_POWLAW_7905487461282246979.txt (Time: 0.00s)
📦 COPIED from HDD: /media/HDD/Projects/ExpDFS/graph_100_1000_POWLAW_4795749165124911768.txt -> /home/shahbazk/Projects/DFS_Semi_Streaming/input/random_graphs/graph_100_1000_POWLAW_4795749165124911768.txt (Time: 0.00s)
📦 COPIED from HDD: /media/HDD/Projects/ExpDFS/graph_100_1000_POWLAW_4934890601268679176.txt -> /home/shahbazk/Projects/DFS_Semi_Streaming/input/random_graphs/graph_100_1000_POWLAW_4934890601268679176.txt (Time: 0.00s)
📦 COPIED from HDD: /media/HDD/Projects/ExpDFS/graph_100_1000_POWLAW_8448596294177070022.txt -> /home/shahbazk/Projects/DFS_Semi_Streaming/input/random_graphs/graph_100_1000_POWLAW_8448596294177070022.txt (Time: 0.00s)
📦 COPIED from HDD: /media/HDD/Projects/ExpDFS/graph_100_1000_POWLAW_1992204328026194281.txt -> /home/shahbazk/Projects/DFS_Semi_Streaming/input/random_graphs/graph_100_1000_POWLAW_1992204328026194281.txt (Time: 0.00s)
📦 COPIED from HDD: /media/HDD/Projects/ExpDFS/graph_100_1000_POWLAW_2718103348384927511.txt -> /home/shahbazk/Projects/DFS_Semi_Streaming/input/random_graphs/graph_100_1000_POWLAW_2718103348384927511.txt (Time: 0.00s)
📦 COPIED from HDD: /media/HDD/Projects/ExpDFS/graph_100_1000_POWLAW_7118744415197196276.txt -> /home/shahbazk/Projects/DFS_Semi_Streaming/input/random_graphs/graph_100_1000_POWLAW_7118744415197196276.txt (Time: 0.00s)
📦 COPIED from HDD: /media/HDD/Projects/ExpDFS/graph_100_1000_POWLAW_9059990922233379852.txt -> /home/shahbazk/Projects/DFS_Semi_Streaming/input/random_graphs/graph_100_1000_POWLAW_9059990922233379852.txt (Time: 0.00s)
📦 COPIED from HDD: /media/HDD/Projects/ExpDFS/graph_100_1000_POWLAW_3221421291694197220.txt -> /home/shahbazk/Projects/DFS_Semi_Streaming/input/random_graphs/graph_100_1000_POWLAW_3221421291694197220.txt (Time: 0.00s)
📦 COPIED from HDD: /media/HDD/Projects/ExpDFS/graph_100_1000_POWLAW_7449662661572224354.txt -> /home/shahbazk/Projects/DFS_Semi_Streaming/input/random_graphs/graph_100_1000_POWLAW_7449662661572224354.txt (Time: 0.00s)
📦 COPIED from HDD: /media/HDD/Projects/ExpDFS/graph_100_1000_POWLAW_5894893360759659423.txt -> /home/shahbazk/Projects/DFS_Semi_Streaming/input/random_graphs/graph_100_1000_POWLAW_5894893360759659423.txt (Time: 0.00s)
📦 COPIED from HDD: /media/HDD/Projects/ExpDFS/graph_100_1000_POWLAW_8867616339855336876.txt -> /home/shahbazk/Projects/DFS_Semi_Streaming/input/random_graphs/graph_100_1000_POWLAW_8867616339855336876.txt (Time: 0.00s)
📦 COPIED from HDD: /media/HDD/Projects/ExpDFS/graph_100_1000_POWLAW_7983805977214098674.txt -> /home/shahbazk/Projects/DFS_Semi_Streaming/input/random_graphs/graph_100_1000_POWLAW_7983805977214098674.txt (Time: 0.00s)
📦 COPIED from HDD: /media/HDD/Projects/ExpDFS/graph_100_1000_POWLAW_7632458674696225362.txt -> /home/shahbazk/Projects/DFS_Semi_Streaming/input/random_graphs/graph_100_1000_POWLAW_7632458674696225362.txt (Time: 0.00s)
📦 COPIED from HDD: /media/HDD/Projects/ExpDFS/graph_100_1000_POWLAW_4940913311242578590.txt -> /home/shahbazk/Projects/DFS_Semi_Streaming/input/random_graphs/graph_100_1000_POWLAW_4940913311242578590.txt (Time: 0.00s)
📦 COPIED from HDD: /media/HDD/Projects/ExpDFS/graph_100_1000_POWLAW_2264398621601381987.txt -> /home/shahbazk/Projects/DFS_Semi_Streaming/input/random_graphs/graph_100_1000_POWLAW_2264398621601381987.txt (Time: 0.00s)
📦 COPIED from HDD: /media/HDD/Projects/ExpDFS/graph_200_2828_POWLAW_6230961512046992311.txt -> /home/shahbazk/Projects/DFS_Semi_Streaming/input/random_graphs/graph_200_2828_POWLAW_6230961512046992311.txt (Time: 0.00s)
📦 COPIED from HDD: /media/HDD/Projects/ExpDFS/graph_200_2828_POWLAW_5739955973604961613.txt -> /home/shahbazk/Projects/DFS_Semi_Streaming/input/random_graphs/graph_200_2828_POWLAW_5739955973604961613.txt (Time: 0.00s)
📦 COPIED from HDD: /media/HDD/Projects/ExpDFS/graph_200_2828_POWLAW_7871178979383552919.txt -> /home/shahbazk/Projects/DFS_Semi_Streaming/input/random_graphs/graph_200_2828_POWLAW_7871178979383552919.txt (Time: 0.00s)
📦 COPIED from HDD: /media/HDD/Projects/ExpDFS/graph_200_2828_POWLAW_3881801951614183357.txt -> /home/shahbazk/Projects/DFS_Semi_Streaming/input/random_graphs/graph_200_2828_POWLAW_3881801951614183357.txt (Time: 0.00s)
📦 COPIED from HDD: /media/HDD/Projects/ExpDFS/graph_200_2828_POWLAW_7032710160631691991.txt -> /home/shahbazk/Projects/DFS_Semi_Streaming/input/random_graphs/graph_200_2828_POWLAW_7032710160631691991.txt (Time: 0.00s)
📦 COPIED from HDD: /media/HDD/Projects/ExpDFS/graph_200_2828_POWLAW_7599700178212337699.txt -> /home/shahbazk/Projects/DFS_Semi_Streaming/input/random_graphs/graph_200_2828_POWLAW_7599700178212337699.txt (Time: 0.00s)
📦 COPIED from HDD: /media/HDD/Projects/ExpDFS/graph_200_2828_POWLAW_1353182403971399009.txt -> /home/shahbazk/Projects/DFS_Semi_Streaming/input/random_graphs/graph_200_2828_POWLAW_1353182403971399009.txt (Time: 0.00s)
📦 COPIED from HDD: /media/HDD/Projects/ExpDFS/graph_200_2828_POWLAW_1070244953599069350.txt -> /home/shahbazk/Projects/DFS_Semi_Streaming/input/random_graphs/graph_200_2828_POWLAW_1070244953599069350.txt (Time: 0.00s)
📦 COPIED from HDD: /media/HDD/Projects/ExpDFS/graph_200_2828_POWLAW_6522163754831416203.txt -> /home/shahbazk/Projects/DFS_Semi_Streaming/input/random_graphs/graph_200_2828_POWLAW_6522163754831416203.txt (Time: 0.00s)
📦 COPIED from HDD: /media/HDD/Projects/ExpDFS/graph_200_2828_POWLAW_6938562734920028532.txt -> /home/shahbazk/Projects/DFS_Semi_Streaming/input/random_graphs/graph_200_2828_POWLAW_6938562734920028532.txt (Time: 0.00s)
📦 COPIED from HDD: /media/HDD/Projects/ExpDFS/graph_200_2828_POWLAW_1309542850049879452.txt -> /home/shahbazk/Projects/DFS_Semi_Streaming/input/random_graphs/graph_200_2828_POWLAW_1309542850049879452.txt (Time: 0.00s)
📦 COPIED from HDD: /media/HDD/Projects/ExpDFS/graph_200_2828_POWLAW_2429002973740178792.txt -> /home/shahbazk/Projects/DFS_Semi_Streaming/input/random_graphs/graph_200_2828_POWLAW_2429002973740178792.txt (Time: 0.00s)
📦 COPIED from HDD: /media/HDD/Projects/ExpDFS/graph_200_2828_POWLAW_7663871783842725848.txt -> /home/shahbazk/Projects/DFS_Semi_Streaming/input/random_graphs/graph_200_2828_POWLAW_7663871783842725848.txt (Time: 0.00s)
📦 COPIED from HDD: /media/HDD/Projects/ExpDFS/graph_200_2828_POWLAW_4040737767143389431.txt -> /home/shahbazk/Projects/DFS_Semi_Streaming/input/random_graphs/graph_200_2828_POWLAW_4040737767143389431.txt (Time: 0.00s)
📦 COPIED from HDD: /media/HDD/Projects/ExpDFS/graph_200_2828_POWLAW_320375091487821987.txt -> /home/shahbazk/Projects/DFS_Semi_Streaming/input/random_graphs/graph_200_2828_POWLAW_320375091487821987.txt (Time: 0.00s)
📦 COPIED from HDD: /media/HDD/Projects/ExpDFS/graph_200_2828_POWLAW_1250005700364523649.txt -> /home/shahbazk/Projects/DFS_Semi_Streaming/input/random_graphs/graph_200_2828_POWLAW_1250005700364523649.txt (Time: 0.00s)
📦 COPIED from HDD: /media/HDD/Projects/ExpDFS/graph_200_2828_POWLAW_5906957480796939447.txt -> /home/shahbazk/Projects/DFS_Semi_Streaming/input/random_graphs/graph_200_2828_POWLAW_5906957480796939447.txt (Time: 0.00s)
📦 COPIED from HDD: /media/HDD/Projects/ExpDFS/graph_200_2828_POWLAW_1250773459040295677.txt -> /home/shahbazk/Projects/DFS_Semi_Streaming/input/random_graphs/graph_200_2828_POWLAW_1250773459040295677.txt (Time: 0.00s)
📦 COPIED from HDD: /media/HDD/Projects/ExpDFS/graph_200_2828_POWLAW_3438400432146115956.txt -> /home/shahbazk/Projects/DFS_Semi_Streaming/input/random_graphs/graph_200_2828_POWLAW_3438400432146115956.txt (Time: 0.00s)
📦 COPIED from HDD: /media/HDD/Projects/ExpDFS/graph_200_2828_POWLAW_5139481885857321791.txt -> /home/shahbazk/Projects/DFS_Semi_Streaming/input/random_graphs/graph_200_2828_POWLAW_5139481885857321791.txt (Time: 0.00s)
📦 COPIED from HDD: /media/HDD/Projects/ExpDFS/graph_200_2828_POWLAW_5142811650494845597.txt -> /home/shahbazk/Projects/DFS_Semi_Streaming/input/random_graphs/graph_200_2828_POWLAW_5142811650494845597.txt (Time: 0.00s)
📦 COPIED from HDD: /media/HDD/Projects/ExpDFS/graph_200_2828_POWLAW_7146860528564146064.txt -> /home/shahbazk/Projects/DFS_Semi_Streaming/input/random_graphs/graph_200_2828_POWLAW_7146860528564146064.txt (Time: 0.00s)
📦 COPIED from HDD: /media/HDD/Projects/ExpDFS/graph_200_2828_POWLAW_3010622984418968408.txt -> /home/shahbazk/Projects/DFS_Semi_Streaming/input/random_graphs/graph_200_2828_POWLAW_3010622984418968408.txt (Time: 0.00s)
📦 COPIED from HDD: /media/HDD/Projects/ExpDFS/graph_200_2828_POWLAW_5529616217668449934.txt -> /home/shahbazk/Projects/DFS_Semi_Streaming/input/random_graphs/graph_200_2828_POWLAW_5529616217668449934.txt (Time: 0.00s)
📦 COPIED from HDD: /media/HDD/Projects/ExpDFS/graph_200_2828_POWLAW_1024517563182776983.txt -> /home/shahbazk/Projects/DFS_Semi_Streaming/input/random_graphs/graph_200_2828_POWLAW_1024517563182776983.txt (Time: 0.00s)
📦 COPIED from HDD: /media/HDD/Projects/ExpDFS/graph_200_2828_POWLAW_7473196763798409428.txt -> /home/shahbazk/Projects/DFS_Semi_Streaming/input/random_graphs/graph_200_2828_POWLAW_7473196763798409428.txt (Time: 0.00s)
📦 COPIED from HDD: /media/HDD/Projects/ExpDFS/graph_200_2828_POWLAW_521787134863155063.txt -> /home/shahbazk/Projects/DFS_Semi_Streaming/input/random_graphs/graph_200_2828_POWLAW_521787134863155063.txt (Time: 0.00s)
📦 COPIED from HDD: /media/HDD/Projects/ExpDFS/graph_200_2828_POWLAW_7029781962072644698.txt -> /home/shahbazk/Projects/DFS_Semi_Streaming/input/random_graphs/graph_200_2828_POWLAW_7029781962072644698.txt (Time: 0.00s)
📦 COPIED from HDD: /media/HDD/Projects/ExpDFS/graph_200_2828_POWLAW_3224265581699847191.txt -> /home/shahbazk/Projects/DFS_Semi_Streaming/input/random_graphs/graph_200_2828_POWLAW_3224265581699847191.txt (Time: 0.00s)
📦 COPIED from HDD: /media/HDD/Projects/ExpDFS/graph_200_2828_POWLAW_1647170069535670909.txt -> /home/shahbazk/Projects/DFS_Semi_Streaming/input/random_graphs/graph_200_2828_POWLAW_1647170069535670909.txt (Time: 0.00s)
📦 COPIED from HDD: /media/HDD/Projects/ExpDFS/graph_200_2828_POWLAW_7706236040662210848.txt -> /home/shahbazk/Projects/DFS_Semi_Streaming/input/random_graphs/graph_200_2828_POWLAW_7706236040662210848.txt (Time: 0.00s)
📦 COPIED from HDD: /media/HDD/Projects/ExpDFS/graph_200_2828_POWLAW_824387247617288499.txt -> /home/shahbazk/Projects/DFS_Semi_Streaming/input/random_graphs/graph_200_2828_POWLAW_824387247617288499.txt (Time: 0.00s)
📦 COPIED from HDD: /media/HDD/Projects/ExpDFS/graph_200_2828_POWLAW_6002685213311538187.txt -> /home/shahbazk/Projects/DFS_Semi_Streaming/input/random_graphs/graph_200_2828_POWLAW_6002685213311538187.txt (Time: 0.00s)
📦 COPIED from HDD: /media/HDD/Projects/ExpDFS/graph_200_2828_POWLAW_1632192924771168275.txt -> /home/shahbazk/Projects/DFS_Semi_Streaming/input/random_graphs/graph_200_2828_POWLAW_1632192924771168275.txt (Time: 0.00s)
📦 COPIED from HDD: /media/HDD/Projects/ExpDFS/graph_200_2828_POWLAW_6785030173969523435.txt -> /home/shahbazk/Projects/DFS_Semi_Streaming/input/random_graphs/graph_200_2828_POWLAW_6785030173969523435.txt (Time: 0.00s)
📦 COPIED from HDD: /media/HDD/Projects/ExpDFS/graph_200_2828_POWLAW_7161906730445628483.txt -> /home/shahbazk/Projects/DFS_Semi_Streaming/input/random_graphs/graph_200_2828_POWLAW_7161906730445628483.txt (Time: 0.00s)
📦 COPIED from HDD: /media/HDD/Projects/ExpDFS/graph_200_2828_POWLAW_1853590723603270879.txt -> /home/shahbazk/Projects/DFS_Semi_Streaming/input/random_graphs/graph_200_2828_POWLAW_1853590723603270879.txt (Time: 0.00s)
📦 COPIED from HDD: /media/HDD/Projects/ExpDFS/graph_200_2828_POWLAW_5708372698381010775.txt -> /home/shahbazk/Projects/DFS_Semi_Streaming/input/random_graphs/graph_200_2828_POWLAW_5708372698381010775.txt (Time: 0.00s)
📦 COPIED from HDD: /media/HDD/Projects/ExpDFS/graph_200_2828_POWLAW_6802378520969450157.txt -> /home/shahbazk/Projects/DFS_Semi_Streaming/input/random_graphs/graph_200_2828_POWLAW_6802378520969450157.txt (Time: 0.00s)
📦 COPIED from HDD: /media/HDD/Projects/ExpDFS/graph_200_2828_POWLAW_1731523882129807996.txt -> /home/shahbazk/Projects/DFS_Semi_Streaming/input/random_graphs/graph_200_2828_POWLAW_1731523882129807996.txt (Time: 0.00s)
📦 COPIED from HDD: /media/HDD/Projects/ExpDFS/graph_200_2828_POWLAW_4552998297316576788.txt -> /home/shahbazk/Projects/DFS_Semi_Streaming/input/random_graphs/graph_200_2828_POWLAW_4552998297316576788.txt (Time: 0.00s)
📦 COPIED from HDD: /media/HDD/Projects/ExpDFS/graph_200_2828_POWLAW_5258051056098597521.txt -> /home/shahbazk/Projects/DFS_Semi_Streaming/input/random_graphs/graph_200_2828_POWLAW_5258051056098597521.txt (Time: 0.00s)
📦 COPIED from HDD: /media/HDD/Projects/ExpDFS/graph_200_2828_POWLAW_4122784633514911760.txt -> /home/shahbazk/Projects/DFS_Semi_Streaming/input/random_graphs/graph_200_2828_POWLAW_4122784633514911760.txt (Time: 0.00s)
📦 COPIED from HDD: /media/HDD/Projects/ExpDFS/graph_200_2828_POWLAW_5636411189175451024.txt -> /home/shahbazk/Projects/DFS_Semi_Streaming/input/random_graphs/graph_200_2828_POWLAW_5636411189175451024.txt (Time: 0.00s)
📦 COPIED from HDD: /media/HDD/Projects/ExpDFS/graph_200_2828_POWLAW_6143643868734370809.txt -> /home/shahbazk/Projects/DFS_Semi_Streaming/input/random_graphs/graph_200_2828_POWLAW_6143643868734370809.txt (Time: 0.00s)
📦 COPIED from HDD: /media/HDD/Projects/ExpDFS/graph_200_2828_POWLAW_6614505080519948832.txt -> /home/shahbazk/Projects/DFS_Semi_Streaming/input/random_graphs/graph_200_2828_POWLAW_6614505080519948832.txt (Time: 0.00s)
📦 COPIED from HDD: /media/HDD/Projects/ExpDFS/graph_200_2828_POWLAW_7938560551762094560.txt -> /home/shahbazk/Projects/DFS_Semi_Streaming/input/random_graphs/graph_200_2828_POWLAW_7938560551762094560.txt (Time: 0.00s)
📦 COPIED from HDD: /media/HDD/Projects/ExpDFS/graph_200_2828_POWLAW_5349491008325879064.txt -> /home/shahbazk/Projects/DFS_Semi_Streaming/input/random_graphs/graph_200_2828_POWLAW_5349491008325879064.txt (Time: 0.00s)
📦 COPIED from HDD: /media/HDD/Projects/ExpDFS/graph_200_2828_POWLAW_8031431416522537101.txt -> /home/shahbazk/Projects/DFS_Semi_Streaming/input/random_graphs/graph_200_2828_POWLAW_8031431416522537101.txt (Time: 0.00s)
📦 COPIED from HDD: /media/HDD/Projects/ExpDFS/graph_200_2828_POWLAW_7917045922527545890.txt -> /home/shahbazk/Projects/DFS_Semi_Streaming/input/random_graphs/graph_200_2828_POWLAW_7917045922527545890.txt (Time: 0.00s)
📦 COPIED from HDD: /media/HDD/Projects/ExpDFS/graph_200_2828_POWLAW_3272308573967577038.txt -> /home/shahbazk/Projects/DFS_Semi_Streaming/input/random_graphs/graph_200_2828_POWLAW_3272308573967577038.txt (Time: 0.00s)
📦 COPIED from HDD: /media/HDD/Projects/ExpDFS/graph_200_2828_POWLAW_7921282862123281598.txt -> /home/shahbazk/Projects/DFS_Semi_Streaming/input/random_graphs/graph_200_2828_POWLAW_7921282862123281598.txt (Time: 0.00s)
📦 COPIED from HDD: /media/HDD/Projects/ExpDFS/graph_200_2828_POWLAW_6224222471595207695.txt -> /home/shahbazk/Projects/DFS_Semi_Streaming/input/random_graphs/graph_200_2828_POWLAW_6224222471595207695.txt (Time: 0.00s)
📦 COPIED from HDD: /media/HDD/Projects/ExpDFS/graph_200_2828_POWLAW_716820155901718944.txt -> /home/shahbazk/Projects/DFS_Semi_Streaming/input/random_graphs/graph_200_2828_POWLAW_716820155901718944.txt (Time: 0.00s)
📦 COPIED from HDD: /media/HDD/Projects/ExpDFS/graph_200_2828_POWLAW_8718380604043999642.txt -> /home/shahbazk/Projects/DFS_Semi_Streaming/input/random_graphs/graph_200_2828_POWLAW_8718380604043999642.txt (Time: 0.00s)
📦 COPIED from HDD: /media/HDD/Projects/ExpDFS/graph_200_2828_POWLAW_4445925461710302877.txt -> /home/shahbazk/Projects/DFS_Semi_Streaming/input/random_graphs/graph_200_2828_POWLAW_4445925461710302877.txt (Time: 0.00s)
📦 COPIED from HDD: /media/HDD/Projects/ExpDFS/graph_200_2828_POWLAW_5063475852268941542.txt -> /home/shahbazk/Projects/DFS_Semi_Streaming/input/random_graphs/graph_200_2828_POWLAW_5063475852268941542.txt (Time: 0.00s)
📦 COPIED from HDD: /media/HDD/Projects/ExpDFS/graph_200_2828_POWLAW_4997514996153925447.txt -> /home/shahbazk/Projects/DFS_Semi_Streaming/input/random_graphs/graph_200_2828_POWLAW_4997514996153925447.txt (Time: 0.00s)
📦 COPIED from HDD: /media/HDD/Projects/ExpDFS/graph_200_2828_POWLAW_3865339568260874865.txt -> /home/shahbazk/Projects/DFS_Semi_Streaming/input/random_graphs/graph_200_2828_POWLAW_3865339568260874865.txt (Time: 0.00s)
📦 COPIED from HDD: /media/HDD/Projects/ExpDFS/graph_200_2828_POWLAW_8446481348147407377.txt -> /home/shahbazk/Projects/DFS_Semi_Streaming/input/random_graphs/graph_200_2828_POWLAW_8446481348147407377.txt (Time: 0.00s)
📦 COPIED from HDD: /media/HDD/Projects/ExpDFS/graph_200_2828_POWLAW_3817405844514670994.txt -> /home/shahbazk/Projects/DFS_Semi_Streaming/input/random_graphs/graph_200_2828_POWLAW_3817405844514670994.txt (Time: 0.00s)
📦 COPIED from HDD: /media/HDD/Projects/ExpDFS/graph_200_2828_POWLAW_1128313391724783137.txt -> /home/shahbazk/Projects/DFS_Semi_Streaming/input/random_graphs/graph_200_2828_POWLAW_1128313391724783137.txt (Time: 0.00s)
📦 COPIED from HDD: /media/HDD/Projects/ExpDFS/graph_200_2828_POWLAW_2909934787168262407.txt -> /home/shahbazk/Projects/DFS_Semi_Streaming/input/random_graphs/graph_200_2828_POWLAW_2909934787168262407.txt (Time: 0.00s)
📦 COPIED from HDD: /media/HDD/Projects/ExpDFS/graph_200_2828_POWLAW_6022436717541034636.txt -> /home/shahbazk/Projects/DFS_Semi_Streaming/input/random_graphs/graph_200_2828_POWLAW_6022436717541034636.txt (Time: 0.00s)
📦 COPIED from HDD: /media/HDD/Projects/ExpDFS/graph_200_2828_POWLAW_6529943913552561417.txt -> /home/shahbazk/Projects/DFS_Semi_Streaming/input/random_graphs/graph_200_2828_POWLAW_6529943913552561417.txt (Time: 0.00s)
📦 COPIED from HDD: /media/HDD/Projects/ExpDFS/graph_200_2828_POWLAW_175493991617213850.txt -> /home/shahbazk/Projects/DFS_Semi_Streaming/input/random_graphs/graph_200_2828_POWLAW_175493991617213850.txt (Time: 0.00s)
📦 COPIED from HDD: /media/HDD/Projects/ExpDFS/graph_200_2828_POWLAW_1170385908854608748.txt -> /home/shahbazk/Projects/DFS_Semi_Streaming/input/random_graphs/graph_200_2828_POWLAW_1170385908854608748.txt (Time: 0.00s)
📦 COPIED from HDD: /media/HDD/Projects/ExpDFS/graph_200_2828_POWLAW_6764066939395682287.txt -> /home/shahbazk/Projects/DFS_Semi_Streaming/input/random_graphs/graph_200_2828_POWLAW_6764066939395682287.txt (Time: 0.00s)
📦 COPIED from HDD: /media/HDD/Projects/ExpDFS/graph_200_2828_POWLAW_3713827327871807734.txt -> /home/shahbazk/Projects/DFS_Semi_Streaming/input/random_graphs/graph_200_2828_POWLAW_3713827327871807734.txt (Time: 0.00s)
📦 COPIED from HDD: /media/HDD/Projects/ExpDFS/graph_200_2828_POWLAW_199422815561151340.txt -> /home/shahbazk/Projects/DFS_Semi_Streaming/input/random_graphs/graph_200_2828_POWLAW_199422815561151340.txt (Time: 0.00s)
📦 COPIED from HDD: /media/HDD/Projects/ExpDFS/graph_200_2828_POWLAW_5108599054664628607.txt -> /home/shahbazk/Projects/DFS_Semi_Streaming/input/random_graphs/graph_200_2828_POWLAW_5108599054664628607.txt (Time: 0.00s)
📦 COPIED from HDD: /media/HDD/Projects/ExpDFS/graph_200_2828_POWLAW_1392892770529522614.txt -> /home/shahbazk/Projects/DFS_Semi_Streaming/input/random_graphs/graph_200_2828_POWLAW_1392892770529522614.txt (Time: 0.00s)
📦 COPIED from HDD: /media/HDD/Projects/ExpDFS/graph_200_2828_POWLAW_1458186392400727732.txt -> /home/shahbazk/Projects/DFS_Semi_Streaming/input/random_graphs/graph_200_2828_POWLAW_1458186392400727732.txt (Time: 0.00s)
📦 COPIED from HDD: /media/HDD/Projects/ExpDFS/graph_200_2828_POWLAW_4250897495980125004.txt -> /home/shahbazk/Projects/DFS_Semi_Streaming/input/random_graphs/graph_200_2828_POWLAW_4250897495980125004.txt (Time: 0.00s)
📦 COPIED from HDD: /media/HDD/Projects/ExpDFS/graph_200_2828_POWLAW_9060210648189963449.txt -> /home/shahbazk/Projects/DFS_Semi_Streaming/input/random_graphs/graph_200_2828_POWLAW_9060210648189963449.txt (Time: 0.00s)
📦 COPIED from HDD: /media/HDD/Projects/ExpDFS/graph_200_2828_POWLAW_9130666990809746335.txt -> /home/shahbazk/Projects/DFS_Semi_Streaming/input/random_graphs/graph_200_2828_POWLAW_9130666990809746335.txt (Time: 0.00s)
📦 COPIED from HDD: /media/HDD/Projects/ExpDFS/graph_200_2828_POWLAW_7644420139408884785.txt -> /home/shahbazk/Projects/DFS_Semi_Streaming/input/random_graphs/graph_200_2828_POWLAW_7644420139408884785.txt (Time: 0.00s)
📦 COPIED from HDD: /media/HDD/Projects/ExpDFS/graph_200_2828_POWLAW_8794274795737982182.txt -> /home/shahbazk/Projects/DFS_Semi_Streaming/input/random_graphs/graph_200_2828_POWLAW_8794274795737982182.txt (Time: 0.00s)
📦 COPIED from HDD: /media/HDD/Projects/ExpDFS/graph_200_2828_POWLAW_5497874167834979553.txt -> /home/shahbazk/Projects/DFS_Semi_Streaming/input/random_graphs/graph_200_2828_POWLAW_5497874167834979553.txt (Time: 0.00s)
📦 COPIED from HDD: /media/HDD/Projects/ExpDFS/graph_200_2828_POWLAW_1332005502874566195.txt -> /home/shahbazk/Projects/DFS_Semi_Streaming/input/random_graphs/graph_200_2828_POWLAW_1332005502874566195.txt (Time: 0.00s)
📦 COPIED from HDD: /media/HDD/Projects/ExpDFS/graph_200_2828_POWLAW_1722224698700348310.txt -> /home/shahbazk/Projects/DFS_Semi_Streaming/input/random_graphs/graph_200_2828_POWLAW_1722224698700348310.txt (Time: 0.00s)
📦 COPIED from HDD: /media/HDD/Projects/ExpDFS/graph_200_2828_POWLAW_4060584409398689268.txt -> /home/shahbazk/Projects/DFS_Semi_Streaming/input/random_graphs/graph_200_2828_POWLAW_4060584409398689268.txt (Time: 0.00s)
📦 COPIED from HDD: /media/HDD/Projects/ExpDFS/graph_200_2828_POWLAW_8626102704817790064.txt -> /home/shahbazk/Projects/DFS_Semi_Streaming/input/random_graphs/graph_200_2828_POWLAW_8626102704817790064.txt (Time: 0.00s)
📦 COPIED from HDD: /media/HDD/Projects/ExpDFS/graph_200_2828_POWLAW_7905487461282246979.txt -> /home/shahbazk/Projects/DFS_Semi_Streaming/input/random_graphs/graph_200_2828_POWLAW_7905487461282246979.txt (Time: 0.00s)
📦 COPIED from HDD: /media/HDD/Projects/ExpDFS/graph_200_2828_POWLAW_2089506265998900862.txt -> /home/shahbazk/Projects/DFS_Semi_Streaming/input/random_graphs/graph_200_2828_POWLAW_2089506265998900862.txt (Time: 0.00s)
📦 COPIED from HDD: /media/HDD/Projects/ExpDFS/graph_200_2828_POWLAW_4795749165124911768.txt -> /home/shahbazk/Projects/DFS_Semi_Streaming/input/random_graphs/graph_200_2828_POWLAW_4795749165124911768.txt (Time: 0.00s)
📦 COPIED from HDD: /media/HDD/Projects/ExpDFS/graph_200_2828_POWLAW_8448596294177070022.txt -> /home/shahbazk/Projects/DFS_Semi_Streaming/input/random_graphs/graph_200_2828_POWLAW_8448596294177070022.txt (Time: 0.00s)
📦 COPIED from HDD: /media/HDD/Projects/ExpDFS/graph_200_2828_POWLAW_4934890601268679176.txt -> /home/shahbazk/Projects/DFS_Semi_Streaming/input/random_graphs/graph_200_2828_POWLAW_4934890601268679176.txt (Time: 0.00s)
📦 COPIED from HDD: /media/HDD/Projects/ExpDFS/graph_200_2828_POWLAW_7118744415197196276.txt -> /home/shahbazk/Projects/DFS_Semi_Streaming/input/random_graphs/graph_200_2828_POWLAW_7118744415197196276.txt (Time: 0.00s)
📦 COPIED from HDD: /media/HDD/Projects/ExpDFS/graph_200_2828_POWLAW_1992204328026194281.txt -> /home/shahbazk/Projects/DFS_Semi_Streaming/input/random_graphs/graph_200_2828_POWLAW_1992204328026194281.txt (Time: 0.00s)
📦 COPIED from HDD: /media/HDD/Projects/ExpDFS/graph_300_5196_POWLAW_6230961512046992311.txt -> /home/shahbazk/Projects/DFS_Semi_Streaming/input/random_graphs/graph_300_5196_POWLAW_6230961512046992311.txt (Time: 0.00s)
📦 COPIED from HDD: /media/HDD/Projects/ExpDFS/graph_200_2828_POWLAW_2718103348384927511.txt -> /home/shahbazk/Projects/DFS_Semi_Streaming/input/random_graphs/graph_200_2828_POWLAW_2718103348384927511.txt (Time: 0.00s)
📦 COPIED from HDD: /media/HDD/Projects/ExpDFS/graph_200_2828_POWLAW_7449662661572224354.txt -> /home/shahbazk/Projects/DFS_Semi_Streaming/input/random_graphs/graph_200_2828_POWLAW_7449662661572224354.txt (Time: 0.00s)
📦 COPIED from HDD: /media/HDD/Projects/ExpDFS/graph_200_2828_POWLAW_3221421291694197220.txt -> /home/shahbazk/Projects/DFS_Semi_Streaming/input/random_graphs/graph_200_2828_POWLAW_3221421291694197220.txt (Time: 0.00s)
📦 COPIED from HDD: /media/HDD/Projects/ExpDFS/graph_200_2828_POWLAW_5894893360759659423.txt -> /home/shahbazk/Projects/DFS_Semi_Streaming/input/random_graphs/graph_200_2828_POWLAW_5894893360759659423.txt (Time: 0.00s)
📦 COPIED from HDD: /media/HDD/Projects/ExpDFS/graph_200_2828_POWLAW_4940913311242578590.txt -> /home/shahbazk/Projects/DFS_Semi_Streaming/input/random_graphs/graph_200_2828_POWLAW_4940913311242578590.txt (Time: 0.00s)
📦 COPIED from HDD: /media/HDD/Projects/ExpDFS/graph_200_2828_POWLAW_2264398621601381987.txt -> /home/shahbazk/Projects/DFS_Semi_Streaming/input/random_graphs/graph_200_2828_POWLAW_2264398621601381987.txt (Time: 0.00s)
📦 COPIED from HDD: /media/HDD/Projects/ExpDFS/graph_200_2828_POWLAW_7983805977214098674.txt -> /home/shahbazk/Projects/DFS_Semi_Streaming/input/random_graphs/graph_200_2828_POWLAW_7983805977214098674.txt (Time: 0.00s)
📦 COPIED from HDD: /media/HDD/Projects/ExpDFS/graph_200_2828_POWLAW_9059990922233379852.txt -> /home/shahbazk/Projects/DFS_Semi_Streaming/input/random_graphs/graph_200_2828_POWLAW_9059990922233379852.txt (Time: 0.00s)
📦 COPIED from HDD: /media/HDD/Projects/ExpDFS/graph_200_2828_POWLAW_8867616339855336876.txt -> /home/shahbazk/Projects/DFS_Semi_Streaming/input/random_graphs/graph_200_2828_POWLAW_8867616339855336876.txt (Time: 0.00s)
📦 COPIED from HDD: /media/HDD/Projects/ExpDFS/graph_200_2828_POWLAW_7632458674696225362.txt -> /home/shahbazk/Projects/DFS_Semi_Streaming/input/random_graphs/graph_200_2828_POWLAW_7632458674696225362.txt (Time: 0.00s)
📦 COPIED from HDD: /media/HDD/Projects/ExpDFS/graph_300_5196_POWLAW_4040737767143389431.txt -> /home/shahbazk/Projects/DFS_Semi_Streaming/input/random_graphs/graph_300_5196_POWLAW_4040737767143389431.txt (Time: 0.00s)
📦 COPIED from HDD: /media/HDD/Projects/ExpDFS/graph_300_5196_POWLAW_3881801951614183357.txt -> /home/shahbazk/Projects/DFS_Semi_Streaming/input/random_graphs/graph_300_5196_POWLAW_3881801951614183357.txt (Time: 0.00s)
📦 COPIED from HDD: /media/HDD/Projects/ExpDFS/graph_300_5196_POWLAW_7032710160631691991.txt -> /home/shahbazk/Projects/DFS_Semi_Streaming/input/random_graphs/graph_300_5196_POWLAW_7032710160631691991.txt (Time: 0.00s)
📦 COPIED from HDD: /media/HDD/Projects/ExpDFS/graph_300_5196_POWLAW_7871178979383552919.txt -> /home/shahbazk/Projects/DFS_Semi_Streaming/input/random_graphs/graph_300_5196_POWLAW_7871178979383552919.txt (Time: 0.00s)
📦 COPIED from HDD: /media/HDD/Projects/ExpDFS/graph_300_5196_POWLAW_5739955973604961613.txt -> /home/shahbazk/Projects/DFS_Semi_Streaming/input/random_graphs/graph_300_5196_POWLAW_5739955973604961613.txt (Time: 0.00s)
📦 COPIED from HDD: /media/HDD/Projects/ExpDFS/graph_300_5196_POWLAW_6522163754831416203.txt -> /home/shahbazk/Projects/DFS_Semi_Streaming/input/random_graphs/graph_300_5196_POWLAW_6522163754831416203.txt (Time: 0.00s)
📦 COPIED from HDD: /media/HDD/Projects/ExpDFS/graph_300_5196_POWLAW_6938562734920028532.txt -> /home/shahbazk/Projects/DFS_Semi_Streaming/input/random_graphs/graph_300_5196_POWLAW_6938562734920028532.txt (Time: 0.00s)
📦 COPIED from HDD: /media/HDD/Projects/ExpDFS/graph_300_5196_POWLAW_7599700178212337699.txt -> /home/shahbazk/Projects/DFS_Semi_Streaming/input/random_graphs/graph_300_5196_POWLAW_7599700178212337699.txt (Time: 0.00s)
📦 COPIED from HDD: /media/HDD/Projects/ExpDFS/graph_300_5196_POWLAW_1250005700364523649.txt -> /home/shahbazk/Projects/DFS_Semi_Streaming/input/random_graphs/graph_300_5196_POWLAW_1250005700364523649.txt (Time: 0.00s)
📦 COPIED from HDD: /media/HDD/Projects/ExpDFS/graph_300_5196_POWLAW_1309542850049879452.txt -> /home/shahbazk/Projects/DFS_Semi_Streaming/input/random_graphs/graph_300_5196_POWLAW_1309542850049879452.txt (Time: 0.00s)
📦 COPIED from HDD: /media/HDD/Projects/ExpDFS/graph_300_5196_POWLAW_1070244953599069350.txt -> /home/shahbazk/Projects/DFS_Semi_Streaming/input/random_graphs/graph_300_5196_POWLAW_1070244953599069350.txt (Time: 0.00s)
📦 COPIED from HDD: /media/HDD/Projects/ExpDFS/graph_300_5196_POWLAW_2429002973740178792.txt -> /home/shahbazk/Projects/DFS_Semi_Streaming/input/random_graphs/graph_300_5196_POWLAW_2429002973740178792.txt (Time: 0.00s)
📦 COPIED from HDD: /media/HDD/Projects/ExpDFS/graph_300_5196_POWLAW_1353182403971399009.txt -> /home/shahbazk/Projects/DFS_Semi_Streaming/input/random_graphs/graph_300_5196_POWLAW_1353182403971399009.txt (Time: 0.00s)
📦 COPIED from HDD: /media/HDD/Projects/ExpDFS/graph_300_5196_POWLAW_320375091487821987.txt -> /home/shahbazk/Projects/DFS_Semi_Streaming/input/random_graphs/graph_300_5196_POWLAW_320375091487821987.txt (Time: 0.00s)
📦 COPIED from HDD: /media/HDD/Projects/ExpDFS/graph_300_5196_POWLAW_1250773459040295677.txt -> /home/shahbazk/Projects/DFS_Semi_Streaming/input/random_graphs/graph_300_5196_POWLAW_1250773459040295677.txt (Time: 0.00s)
📦 COPIED from HDD: /media/HDD/Projects/ExpDFS/graph_300_5196_POWLAW_7146860528564146064.txt -> /home/shahbazk/Projects/DFS_Semi_Streaming/input/random_graphs/graph_300_5196_POWLAW_7146860528564146064.txt (Time: 0.00s)
📦 COPIED from HDD: /media/HDD/Projects/ExpDFS/graph_300_5196_POWLAW_5139481885857321791.txt -> /home/shahbazk/Projects/DFS_Semi_Streaming/input/random_graphs/graph_300_5196_POWLAW_5139481885857321791.txt (Time: 0.00s)
📦 COPIED from HDD: /media/HDD/Projects/ExpDFS/graph_300_5196_POWLAW_5142811650494845597.txt -> /home/shahbazk/Projects/DFS_Semi_Streaming/input/random_graphs/graph_300_5196_POWLAW_5142811650494845597.txt (Time: 0.00s)
📦 COPIED from HDD: /media/HDD/Projects/ExpDFS/graph_300_5196_POWLAW_3010622984418968408.txt -> /home/shahbazk/Projects/DFS_Semi_Streaming/input/random_graphs/graph_300_5196_POWLAW_3010622984418968408.txt (Time: 0.00s)
📦 COPIED from HDD: /media/HDD/Projects/ExpDFS/graph_300_5196_POWLAW_3438400432146115956.txt -> /home/shahbazk/Projects/DFS_Semi_Streaming/input/random_graphs/graph_300_5196_POWLAW_3438400432146115956.txt (Time: 0.00s)
📦 COPIED from HDD: /media/HDD/Projects/ExpDFS/graph_300_5196_POWLAW_6002685213311538187.txt -> /home/shahbazk/Projects/DFS_Semi_Streaming/input/random_graphs/graph_300_5196_POWLAW_6002685213311538187.txt (Time: 0.00s)
📦 COPIED from HDD: /media/HDD/Projects/ExpDFS/graph_300_5196_POWLAW_5708372698381010775.txt -> /home/shahbazk/Projects/DFS_Semi_Streaming/input/random_graphs/graph_300_5196_POWLAW_5708372698381010775.txt (Time: 0.00s)
📦 COPIED from HDD: /media/HDD/Projects/ExpDFS/graph_300_5196_POWLAW_7663871783842725848.txt -> /home/shahbazk/Projects/DFS_Semi_Streaming/input/random_graphs/graph_300_5196_POWLAW_7663871783842725848.txt (Time: 0.00s)
📦 COPIED from HDD: /media/HDD/Projects/ExpDFS/graph_300_5196_POWLAW_5906957480796939447.txt -> /home/shahbazk/Projects/DFS_Semi_Streaming/input/random_graphs/graph_300_5196_POWLAW_5906957480796939447.txt (Time: 0.00s)
📦 COPIED from HDD: /media/HDD/Projects/ExpDFS/graph_300_5196_POWLAW_7473196763798409428.txt -> /home/shahbazk/Projects/DFS_Semi_Streaming/input/random_graphs/graph_300_5196_POWLAW_7473196763798409428.txt (Time: 0.00s)
📦 COPIED from HDD: /media/HDD/Projects/ExpDFS/graph_300_5196_POWLAW_521787134863155063.txt -> /home/shahbazk/Projects/DFS_Semi_Streaming/input/random_graphs/graph_300_5196_POWLAW_521787134863155063.txt (Time: 0.00s)
📦 COPIED from HDD: /media/HDD/Projects/ExpDFS/graph_300_5196_POWLAW_5529616217668449934.txt -> /home/shahbazk/Projects/DFS_Semi_Streaming/input/random_graphs/graph_300_5196_POWLAW_5529616217668449934.txt (Time: 0.00s)
📦 COPIED from HDD: /media/HDD/Projects/ExpDFS/graph_300_5196_POWLAW_1024517563182776983.txt -> /home/shahbazk/Projects/DFS_Semi_Streaming/input/random_graphs/graph_300_5196_POWLAW_1024517563182776983.txt (Time: 0.00s)
📦 COPIED from HDD: /media/HDD/Projects/ExpDFS/graph_300_5196_POWLAW_3224265581699847191.txt -> /home/shahbazk/Projects/DFS_Semi_Streaming/input/random_graphs/graph_300_5196_POWLAW_3224265581699847191.txt (Time: 0.00s)
📦 COPIED from HDD: /media/HDD/Projects/ExpDFS/graph_300_5196_POWLAW_1731523882129807996.txt -> /home/shahbazk/Projects/DFS_Semi_Streaming/input/random_graphs/graph_300_5196_POWLAW_1731523882129807996.txt (Time: 0.00s)
📦 COPIED from HDD: /media/HDD/Projects/ExpDFS/graph_300_5196_POWLAW_5258051056098597521.txt -> /home/shahbazk/Projects/DFS_Semi_Streaming/input/random_graphs/graph_300_5196_POWLAW_5258051056098597521.txt (Time: 0.00s)
📦 COPIED from HDD: /media/HDD/Projects/ExpDFS/graph_300_5196_POWLAW_1647170069535670909.txt -> /home/shahbazk/Projects/DFS_Semi_Streaming/input/random_graphs/graph_300_5196_POWLAW_1647170069535670909.txt (Time: 0.00s)
📦 COPIED from HDD: /media/HDD/Projects/ExpDFS/graph_300_5196_POWLAW_4122784633514911760.txt -> /home/shahbazk/Projects/DFS_Semi_Streaming/input/random_graphs/graph_300_5196_POWLAW_4122784633514911760.txt (Time: 0.00s)
📦 COPIED from HDD: /media/HDD/Projects/ExpDFS/graph_300_5196_POWLAW_7706236040662210848.txt -> /home/shahbazk/Projects/DFS_Semi_Streaming/input/random_graphs/graph_300_5196_POWLAW_7706236040662210848.txt (Time: 0.00s)
📦 COPIED from HDD: /media/HDD/Projects/ExpDFS/graph_300_5196_POWLAW_824387247617288499.txt -> /home/shahbazk/Projects/DFS_Semi_Streaming/input/random_graphs/graph_300_5196_POWLAW_824387247617288499.txt (Time: 0.00s)
📦 COPIED from HDD: /media/HDD/Projects/ExpDFS/graph_300_5196_POWLAW_7161906730445628483.txt -> /home/shahbazk/Projects/DFS_Semi_Streaming/input/random_graphs/graph_300_5196_POWLAW_7161906730445628483.txt (Time: 0.00s)
📦 COPIED from HDD: /media/HDD/Projects/ExpDFS/graph_300_5196_POWLAW_7029781962072644698.txt -> /home/shahbazk/Projects/DFS_Semi_Streaming/input/random_graphs/graph_300_5196_POWLAW_7029781962072644698.txt (Time: 0.00s)
📦 COPIED from HDD: /media/HDD/Projects/ExpDFS/graph_300_5196_POWLAW_6802378520969450157.txt -> /home/shahbazk/Projects/DFS_Semi_Streaming/input/random_graphs/graph_300_5196_POWLAW_6802378520969450157.txt (Time: 0.00s)
📦 COPIED from HDD: /media/HDD/Projects/ExpDFS/graph_300_5196_POWLAW_4552998297316576788.txt -> /home/shahbazk/Projects/DFS_Semi_Streaming/input/random_graphs/graph_300_5196_POWLAW_4552998297316576788.txt (Time: 0.00s)
📦 COPIED from HDD: /media/HDD/Projects/ExpDFS/graph_300_5196_POWLAW_1853590723603270879.txt -> /home/shahbazk/Projects/DFS_Semi_Streaming/input/random_graphs/graph_300_5196_POWLAW_1853590723603270879.txt (Time: 0.00s)
📦 COPIED from HDD: /media/HDD/Projects/ExpDFS/graph_300_5196_POWLAW_6143643868734370809.txt -> /home/shahbazk/Projects/DFS_Semi_Streaming/input/random_graphs/graph_300_5196_POWLAW_6143643868734370809.txt (Time: 0.00s)
📦 COPIED from HDD: /media/HDD/Projects/ExpDFS/graph_300_5196_POWLAW_3272308573967577038.txt -> /home/shahbazk/Projects/DFS_Semi_Streaming/input/random_graphs/graph_300_5196_POWLAW_3272308573967577038.txt (Time: 0.00s)
📦 COPIED from HDD: /media/HDD/Projects/ExpDFS/graph_300_5196_POWLAW_6785030173969523435.txt -> /home/shahbazk/Projects/DFS_Semi_Streaming/input/random_graphs/graph_300_5196_POWLAW_6785030173969523435.txt (Time: 0.00s)
📦 COPIED from HDD: /media/HDD/Projects/ExpDFS/graph_300_5196_POWLAW_5636411189175451024.txt -> /home/shahbazk/Projects/DFS_Semi_Streaming/input/random_graphs/graph_300_5196_POWLAW_5636411189175451024.txt (Time: 0.00s)
📦 COPIED from HDD: /media/HDD/Projects/ExpDFS/graph_300_5196_POWLAW_5349491008325879064.txt -> /home/shahbazk/Projects/DFS_Semi_Streaming/input/random_graphs/graph_300_5196_POWLAW_5349491008325879064.txt (Time: 0.00s)
📦 COPIED from HDD: /media/HDD/Projects/ExpDFS/graph_300_5196_POWLAW_6614505080519948832.txt -> /home/shahbazk/Projects/DFS_Semi_Streaming/input/random_graphs/graph_300_5196_POWLAW_6614505080519948832.txt (Time: 0.00s)
📦 COPIED from HDD: /media/HDD/Projects/ExpDFS/graph_300_5196_POWLAW_7938560551762094560.txt -> /home/shahbazk/Projects/DFS_Semi_Streaming/input/random_graphs/graph_300_5196_POWLAW_7938560551762094560.txt (Time: 0.00s)
📦 COPIED from HDD: /media/HDD/Projects/ExpDFS/graph_300_5196_POWLAW_1632192924771168275.txt -> /home/shahbazk/Projects/DFS_Semi_Streaming/input/random_graphs/graph_300_5196_POWLAW_1632192924771168275.txt (Time: 0.00s)
📦 COPIED from HDD: /media/HDD/Projects/ExpDFS/graph_300_5196_POWLAW_4445925461710302877.txt -> /home/shahbazk/Projects/DFS_Semi_Streaming/input/random_graphs/graph_300_5196_POWLAW_4445925461710302877.txt (Time: 0.00s)
📦 COPIED from HDD: /media/HDD/Projects/ExpDFS/graph_300_5196_POWLAW_7917045922527545890.txt -> /home/shahbazk/Projects/DFS_Semi_Streaming/input/random_graphs/graph_300_5196_POWLAW_7917045922527545890.txt (Time: 0.00s)
📦 COPIED from HDD: /media/HDD/Projects/ExpDFS/graph_300_5196_POWLAW_3865339568260874865.txt -> /home/shahbazk/Projects/DFS_Semi_Streaming/input/random_graphs/graph_300_5196_POWLAW_3865339568260874865.txt (Time: 0.00s)
📦 COPIED from HDD: /media/HDD/Projects/ExpDFS/graph_300_5196_POWLAW_8031431416522537101.txt -> /home/shahbazk/Projects/DFS_Semi_Streaming/input/random_graphs/graph_300_5196_POWLAW_8031431416522537101.txt (Time: 0.00s)
📦 COPIED from HDD: /media/HDD/Projects/ExpDFS/graph_300_5196_POWLAW_8718380604043999642.txt -> /home/shahbazk/Projects/DFS_Semi_Streaming/input/random_graphs/graph_300_5196_POWLAW_8718380604043999642.txt (Time: 0.00s)
📦 COPIED from HDD: /media/HDD/Projects/ExpDFS/graph_300_5196_POWLAW_5063475852268941542.txt -> /home/shahbazk/Projects/DFS_Semi_Streaming/input/random_graphs/graph_300_5196_POWLAW_5063475852268941542.txt (Time: 0.00s)
📦 COPIED from HDD: /media/HDD/Projects/ExpDFS/graph_300_5196_POWLAW_4997514996153925447.txt -> /home/shahbazk/Projects/DFS_Semi_Streaming/input/random_graphs/graph_300_5196_POWLAW_4997514996153925447.txt (Time: 0.00s)
📦 COPIED from HDD: /media/HDD/Projects/ExpDFS/graph_300_5196_POWLAW_1128313391724783137.txt -> /home/shahbazk/Projects/DFS_Semi_Streaming/input/random_graphs/graph_300_5196_POWLAW_1128313391724783137.txt (Time: 0.00s)
📦 COPIED from HDD: /media/HDD/Projects/ExpDFS/graph_300_5196_POWLAW_3817405844514670994.txt -> /home/shahbazk/Projects/DFS_Semi_Streaming/input/random_graphs/graph_300_5196_POWLAW_3817405844514670994.txt (Time: 0.00s)
📦 COPIED from HDD: /media/HDD/Projects/ExpDFS/graph_300_5196_POWLAW_7921282862123281598.txt -> /home/shahbazk/Projects/DFS_Semi_Streaming/input/random_graphs/graph_300_5196_POWLAW_7921282862123281598.txt (Time: 0.00s)
📦 COPIED from HDD: /media/HDD/Projects/ExpDFS/graph_300_5196_POWLAW_2909934787168262407.txt -> /home/shahbazk/Projects/DFS_Semi_Streaming/input/random_graphs/graph_300_5196_POWLAW_2909934787168262407.txt (Time: 0.00s)
📦 COPIED from HDD: /media/HDD/Projects/ExpDFS/graph_300_5196_POWLAW_6529943913552561417.txt -> /home/shahbazk/Projects/DFS_Semi_Streaming/input/random_graphs/graph_300_5196_POWLAW_6529943913552561417.txt (Time: 0.00s)
📦 COPIED from HDD: /media/HDD/Projects/ExpDFS/graph_300_5196_POWLAW_1170385908854608748.txt -> /home/shahbazk/Projects/DFS_Semi_Streaming/input/random_graphs/graph_300_5196_POWLAW_1170385908854608748.txt (Time: 0.00s)
📦 COPIED from HDD: /media/HDD/Projects/ExpDFS/graph_300_5196_POWLAW_6022436717541034636.txt -> /home/shahbazk/Projects/DFS_Semi_Streaming/input/random_graphs/graph_300_5196_POWLAW_6022436717541034636.txt (Time: 0.00s)
📦 COPIED from HDD: /media/HDD/Projects/ExpDFS/graph_300_5196_POWLAW_6224222471595207695.txt -> /home/shahbazk/Projects/DFS_Semi_Streaming/input/random_graphs/graph_300_5196_POWLAW_6224222471595207695.txt (Time: 0.00s)
📦 COPIED from HDD: /media/HDD/Projects/ExpDFS/graph_300_5196_POWLAW_199422815561151340.txt -> /home/shahbazk/Projects/DFS_Semi_Streaming/input/random_graphs/graph_300_5196_POWLAW_199422815561151340.txt (Time: 0.00s)
📦 COPIED from HDD: /media/HDD/Projects/ExpDFS/graph_300_5196_POWLAW_8446481348147407377.txt -> /home/shahbazk/Projects/DFS_Semi_Streaming/input/random_graphs/graph_300_5196_POWLAW_8446481348147407377.txt (Time: 0.00s)
📦 COPIED from HDD: /media/HDD/Projects/ExpDFS/graph_300_5196_POWLAW_716820155901718944.txt -> /home/shahbazk/Projects/DFS_Semi_Streaming/input/random_graphs/graph_300_5196_POWLAW_716820155901718944.txt (Time: 0.00s)
📦 COPIED from HDD: /media/HDD/Projects/ExpDFS/graph_300_5196_POWLAW_175493991617213850.txt -> /home/shahbazk/Projects/DFS_Semi_Streaming/input/random_graphs/graph_300_5196_POWLAW_175493991617213850.txt (Time: 0.00s)
📦 COPIED from HDD: /media/HDD/Projects/ExpDFS/graph_300_5196_POWLAW_5108599054664628607.txt -> /home/shahbazk/Projects/DFS_Semi_Streaming/input/random_graphs/graph_300_5196_POWLAW_5108599054664628607.txt (Time: 0.00s)
📦 COPIED from HDD: /media/HDD/Projects/ExpDFS/graph_300_5196_POWLAW_9130666990809746335.txt -> /home/shahbazk/Projects/DFS_Semi_Streaming/input/random_graphs/graph_300_5196_POWLAW_9130666990809746335.txt (Time: 0.00s)
📦 COPIED from HDD: /media/HDD/Projects/ExpDFS/graph_300_5196_POWLAW_7644420139408884785.txt -> /home/shahbazk/Projects/DFS_Semi_Streaming/input/random_graphs/graph_300_5196_POWLAW_7644420139408884785.txt (Time: 0.00s)
📦 COPIED from HDD: /media/HDD/Projects/ExpDFS/graph_300_5196_POWLAW_3713827327871807734.txt -> /home/shahbazk/Projects/DFS_Semi_Streaming/input/random_graphs/graph_300_5196_POWLAW_3713827327871807734.txt (Time: 0.00s)
📦 COPIED from HDD: /media/HDD/Projects/ExpDFS/graph_300_5196_POWLAW_1392892770529522614.txt -> /home/shahbazk/Projects/DFS_Semi_Streaming/input/random_graphs/graph_300_5196_POWLAW_1392892770529522614.txt (Time: 0.00s)
📦 COPIED from HDD: /media/HDD/Projects/ExpDFS/graph_300_5196_POWLAW_9060210648189963449.txt -> /home/shahbazk/Projects/DFS_Semi_Streaming/input/random_graphs/graph_300_5196_POWLAW_9060210648189963449.txt (Time: 0.00s)
📦 COPIED from HDD: /media/HDD/Projects/ExpDFS/graph_300_5196_POWLAW_4250897495980125004.txt -> /home/shahbazk/Projects/DFS_Semi_Streaming/input/random_graphs/graph_300_5196_POWLAW_4250897495980125004.txt (Time: 0.00s)
📦 COPIED from HDD: /media/HDD/Projects/ExpDFS/graph_300_5196_POWLAW_8794274795737982182.txt -> /home/shahbazk/Projects/DFS_Semi_Streaming/input/random_graphs/graph_300_5196_POWLAW_8794274795737982182.txt (Time: 0.00s)
📦 COPIED from HDD: /media/HDD/Projects/ExpDFS/graph_300_5196_POWLAW_5497874167834979553.txt -> /home/shahbazk/Projects/DFS_Semi_Streaming/input/random_graphs/graph_300_5196_POWLAW_5497874167834979553.txt (Time: 0.00s)
📦 COPIED from HDD: /media/HDD/Projects/ExpDFS/graph_300_5196_POWLAW_6764066939395682287.txt -> /home/shahbazk/Projects/DFS_Semi_Streaming/input/random_graphs/graph_300_5196_POWLAW_6764066939395682287.txt (Time: 0.00s)
📦 COPIED from HDD: /media/HDD/Projects/ExpDFS/graph_300_5196_POWLAW_1332005502874566195.txt -> /home/shahbazk/Projects/DFS_Semi_Streaming/input/random_graphs/graph_300_5196_POWLAW_1332005502874566195.txt (Time: 0.00s)
📦 COPIED from HDD: /media/HDD/Projects/ExpDFS/graph_300_5196_POWLAW_1722224698700348310.txt -> /home/shahbazk/Projects/DFS_Semi_Streaming/input/random_graphs/graph_300_5196_POWLAW_1722224698700348310.txt (Time: 0.00s)
📦 COPIED from HDD: /media/HDD/Projects/ExpDFS/graph_300_5196_POWLAW_4060584409398689268.txt -> /home/shahbazk/Projects/DFS_Semi_Streaming/input/random_graphs/graph_300_5196_POWLAW_4060584409398689268.txt (Time: 0.00s)
📦 COPIED from HDD: /media/HDD/Projects/ExpDFS/graph_300_5196_POWLAW_1458186392400727732.txt -> /home/shahbazk/Projects/DFS_Semi_Streaming/input/random_graphs/graph_300_5196_POWLAW_1458186392400727732.txt (Time: 0.00s)
📦 COPIED from HDD: /media/HDD/Projects/ExpDFS/graph_300_5196_POWLAW_8626102704817790064.txt -> /home/shahbazk/Projects/DFS_Semi_Streaming/input/random_graphs/graph_300_5196_POWLAW_8626102704817790064.txt (Time: 0.00s)
📦 COPIED from HDD: /media/HDD/Projects/ExpDFS/graph_300_5196_POWLAW_7905487461282246979.txt -> /home/shahbazk/Projects/DFS_Semi_Streaming/input/random_graphs/graph_300_5196_POWLAW_7905487461282246979.txt (Time: 0.00s)
📦 COPIED from HDD: /media/HDD/Projects/ExpDFS/graph_300_5196_POWLAW_4795749165124911768.txt -> /home/shahbazk/Projects/DFS_Semi_Streaming/input/random_graphs/graph_300_5196_POWLAW_4795749165124911768.txt (Time: 0.00s)
📦 COPIED from HDD: /media/HDD/Projects/ExpDFS/graph_300_5196_POWLAW_2089506265998900862.txt -> /home/shahbazk/Projects/DFS_Semi_Streaming/input/random_graphs/graph_300_5196_POWLAW_2089506265998900862.txt (Time: 0.00s)
📦 COPIED from HDD: /media/HDD/Projects/ExpDFS/graph_300_5196_POWLAW_8448596294177070022.txt -> /home/shahbazk/Projects/DFS_Semi_Streaming/input/random_graphs/graph_300_5196_POWLAW_8448596294177070022.txt (Time: 0.00s)
📦 COPIED from HDD: /media/HDD/Projects/ExpDFS/graph_300_5196_POWLAW_4934890601268679176.txt -> /home/shahbazk/Projects/DFS_Semi_Streaming/input/random_graphs/graph_300_5196_POWLAW_4934890601268679176.txt (Time: 0.00s)
📦 COPIED from HDD: /media/HDD/Projects/ExpDFS/graph_300_5196_POWLAW_1992204328026194281.txt -> /home/shahbazk/Projects/DFS_Semi_Streaming/input/random_graphs/graph_300_5196_POWLAW_1992204328026194281.txt (Time: 0.00s)
📦 COPIED from HDD: /media/HDD/Projects/ExpDFS/graph_400_8000_POWLAW_6230961512046992311.txt -> /home/shahbazk/Projects/DFS_Semi_Streaming/input/random_graphs/graph_400_8000_POWLAW_6230961512046992311.txt (Time: 0.00s)
📦 COPIED from HDD: /media/HDD/Projects/ExpDFS/graph_400_8000_POWLAW_5739955973604961613.txt -> /home/shahbazk/Projects/DFS_Semi_Streaming/input/random_graphs/graph_400_8000_POWLAW_5739955973604961613.txt (Time: 0.00s)
📦 COPIED from HDD: /media/HDD/Projects/ExpDFS/graph_300_5196_POWLAW_7118744415197196276.txt -> /home/shahbazk/Projects/DFS_Semi_Streaming/input/random_graphs/graph_300_5196_POWLAW_7118744415197196276.txt (Time: 0.00s)
📦 COPIED from HDD: /media/HDD/Projects/ExpDFS/graph_300_5196_POWLAW_2718103348384927511.txt -> /home/shahbazk/Projects/DFS_Semi_Streaming/input/random_graphs/graph_300_5196_POWLAW_2718103348384927511.txt (Time: 0.00s)
📦 COPIED from HDD: /media/HDD/Projects/ExpDFS/graph_400_8000_POWLAW_7871178979383552919.txt -> /home/shahbazk/Projects/DFS_Semi_Streaming/input/random_graphs/graph_400_8000_POWLAW_7871178979383552919.txt (Time: 0.00s)
📦 COPIED from HDD: /media/HDD/Projects/ExpDFS/graph_400_8000_POWLAW_3881801951614183357.txt -> /home/shahbazk/Projects/DFS_Semi_Streaming/input/random_graphs/graph_400_8000_POWLAW_3881801951614183357.txt (Time: 0.00s)
📦 COPIED from HDD: /media/HDD/Projects/ExpDFS/graph_300_5196_POWLAW_9059990922233379852.txt -> /home/shahbazk/Projects/DFS_Semi_Streaming/input/random_graphs/graph_300_5196_POWLAW_9059990922233379852.txt (Time: 0.00s)
📦 COPIED from HDD: /media/HDD/Projects/ExpDFS/graph_300_5196_POWLAW_7449662661572224354.txt -> /home/shahbazk/Projects/DFS_Semi_Streaming/input/random_graphs/graph_300_5196_POWLAW_7449662661572224354.txt (Time: 0.00s)
📦 COPIED from HDD: /media/HDD/Projects/ExpDFS/graph_300_5196_POWLAW_5894893360759659423.txt -> /home/shahbazk/Projects/DFS_Semi_Streaming/input/random_graphs/graph_300_5196_POWLAW_5894893360759659423.txt (Time: 0.00s)
📦 COPIED from HDD: /media/HDD/Projects/ExpDFS/graph_300_5196_POWLAW_8867616339855336876.txt -> /home/shahbazk/Projects/DFS_Semi_Streaming/input/random_graphs/graph_300_5196_POWLAW_8867616339855336876.txt (Time: 0.00s)
📦 COPIED from HDD: /media/HDD/Projects/ExpDFS/graph_300_5196_POWLAW_2264398621601381987.txt -> /home/shahbazk/Projects/DFS_Semi_Streaming/input/random_graphs/graph_300_5196_POWLAW_2264398621601381987.txt (Time: 0.00s)
📦 COPIED from HDD: /media/HDD/Projects/ExpDFS/graph_300_5196_POWLAW_7632458674696225362.txt -> /home/shahbazk/Projects/DFS_Semi_Streaming/input/random_graphs/graph_300_5196_POWLAW_7632458674696225362.txt (Time: 0.00s)
📦 COPIED from HDD: /media/HDD/Projects/ExpDFS/graph_300_5196_POWLAW_4940913311242578590.txt -> /home/shahbazk/Projects/DFS_Semi_Streaming/input/random_graphs/graph_300_5196_POWLAW_4940913311242578590.txt (Time: 0.00s)
📦 COPIED from HDD: /media/HDD/Projects/ExpDFS/graph_400_8000_POWLAW_7599700178212337699.txt -> /home/shahbazk/Projects/DFS_Semi_Streaming/input/random_graphs/graph_400_8000_POWLAW_7599700178212337699.txt (Time: 0.00s)
📦 COPIED from HDD: /media/HDD/Projects/ExpDFS/graph_300_5196_POWLAW_3221421291694197220.txt -> /home/shahbazk/Projects/DFS_Semi_Streaming/input/random_graphs/graph_300_5196_POWLAW_3221421291694197220.txt (Time: 0.00s)
📦 COPIED from HDD: /media/HDD/Projects/ExpDFS/graph_300_5196_POWLAW_7983805977214098674.txt -> /home/shahbazk/Projects/DFS_Semi_Streaming/input/random_graphs/graph_300_5196_POWLAW_7983805977214098674.txt (Time: 0.00s)
📦 COPIED from HDD: /media/HDD/Projects/ExpDFS/graph_400_8000_POWLAW_4040737767143389431.txt -> /home/shahbazk/Projects/DFS_Semi_Streaming/input/random_graphs/graph_400_8000_POWLAW_4040737767143389431.txt (Time: 0.00s)
📦 COPIED from HDD: /media/HDD/Projects/ExpDFS/graph_400_8000_POWLAW_1070244953599069350.txt -> /home/shahbazk/Projects/DFS_Semi_Streaming/input/random_graphs/graph_400_8000_POWLAW_1070244953599069350.txt (Time: 0.00s)
📦 COPIED from HDD: /media/HDD/Projects/ExpDFS/graph_400_8000_POWLAW_7032710160631691991.txt -> /home/shahbazk/Projects/DFS_Semi_Streaming/input/random_graphs/graph_400_8000_POWLAW_7032710160631691991.txt (Time: 0.00s)
📦 COPIED from HDD: /media/HDD/Projects/ExpDFS/graph_400_8000_POWLAW_1353182403971399009.txt -> /home/shahbazk/Projects/DFS_Semi_Streaming/input/random_graphs/graph_400_8000_POWLAW_1353182403971399009.txt (Time: 0.00s)
📦 COPIED from HDD: /media/HDD/Projects/ExpDFS/graph_400_8000_POWLAW_6522163754831416203.txt -> /home/shahbazk/Projects/DFS_Semi_Streaming/input/random_graphs/graph_400_8000_POWLAW_6522163754831416203.txt (Time: 0.00s)
📦 COPIED from HDD: /media/HDD/Projects/ExpDFS/graph_400_8000_POWLAW_1250005700364523649.txt -> /home/shahbazk/Projects/DFS_Semi_Streaming/input/random_graphs/graph_400_8000_POWLAW_1250005700364523649.txt (Time: 0.00s)
📦 COPIED from HDD: /media/HDD/Projects/ExpDFS/graph_400_8000_POWLAW_1309542850049879452.txt -> /home/shahbazk/Projects/DFS_Semi_Streaming/input/random_graphs/graph_400_8000_POWLAW_1309542850049879452.txt (Time: 0.00s)
📦 COPIED from HDD: /media/HDD/Projects/ExpDFS/graph_400_8000_POWLAW_2429002973740178792.txt -> /home/shahbazk/Projects/DFS_Semi_Streaming/input/random_graphs/graph_400_8000_POWLAW_2429002973740178792.txt (Time: 0.00s)
📦 COPIED from HDD: /media/HDD/Projects/ExpDFS/graph_400_8000_POWLAW_7663871783842725848.txt -> /home/shahbazk/Projects/DFS_Semi_Streaming/input/random_graphs/graph_400_8000_POWLAW_7663871783842725848.txt (Time: 0.00s)
📦 COPIED from HDD: /media/HDD/Projects/ExpDFS/graph_400_8000_POWLAW_6938562734920028532.txt -> /home/shahbazk/Projects/DFS_Semi_Streaming/input/random_graphs/graph_400_8000_POWLAW_6938562734920028532.txt (Time: 0.00s)
📦 COPIED from HDD: /media/HDD/Projects/ExpDFS/graph_400_8000_POWLAW_5906957480796939447.txt -> /home/shahbazk/Projects/DFS_Semi_Streaming/input/random_graphs/graph_400_8000_POWLAW_5906957480796939447.txt (Time: 0.00s)
📦 COPIED from HDD: /media/HDD/Projects/ExpDFS/graph_400_8000_POWLAW_7473196763798409428.txt -> /home/shahbazk/Projects/DFS_Semi_Streaming/input/random_graphs/graph_400_8000_POWLAW_7473196763798409428.txt (Time: 0.00s)
📦 COPIED from HDD: /media/HDD/Projects/ExpDFS/graph_400_8000_POWLAW_7146860528564146064.txt -> /home/shahbazk/Projects/DFS_Semi_Streaming/input/random_graphs/graph_400_8000_POWLAW_7146860528564146064.txt (Time: 0.00s)
📦 COPIED from HDD: /media/HDD/Projects/ExpDFS/graph_400_8000_POWLAW_5139481885857321791.txt -> /home/shahbazk/Projects/DFS_Semi_Streaming/input/random_graphs/graph_400_8000_POWLAW_5139481885857321791.txt (Time: 0.00s)
📦 COPIED from HDD: /media/HDD/Projects/ExpDFS/graph_400_8000_POWLAW_320375091487821987.txt -> /home/shahbazk/Projects/DFS_Semi_Streaming/input/random_graphs/graph_400_8000_POWLAW_320375091487821987.txt (Time: 0.00s)
📦 COPIED from HDD: /media/HDD/Projects/ExpDFS/graph_400_8000_POWLAW_1250773459040295677.txt -> /home/shahbazk/Projects/DFS_Semi_Streaming/input/random_graphs/graph_400_8000_POWLAW_1250773459040295677.txt (Time: 0.00s)
📦 COPIED from HDD: /media/HDD/Projects/ExpDFS/graph_400_8000_POWLAW_5142811650494845597.txt -> /home/shahbazk/Projects/DFS_Semi_Streaming/input/random_graphs/graph_400_8000_POWLAW_5142811650494845597.txt (Time: 0.00s)
📦 COPIED from HDD: /media/HDD/Projects/ExpDFS/graph_400_8000_POWLAW_5708372698381010775.txt -> /home/shahbazk/Projects/DFS_Semi_Streaming/input/random_graphs/graph_400_8000_POWLAW_5708372698381010775.txt (Time: 0.00s)
📦 COPIED from HDD: /media/HDD/Projects/ExpDFS/graph_400_8000_POWLAW_521787134863155063.txt -> /home/shahbazk/Projects/DFS_Semi_Streaming/input/random_graphs/graph_400_8000_POWLAW_521787134863155063.txt (Time: 0.00s)
📦 COPIED from HDD: /media/HDD/Projects/ExpDFS/graph_400_8000_POWLAW_1853590723603270879.txt -> /home/shahbazk/Projects/DFS_Semi_Streaming/input/random_graphs/graph_400_8000_POWLAW_1853590723603270879.txt (Time: 0.00s)
📦 COPIED from HDD: /media/HDD/Projects/ExpDFS/graph_400_8000_POWLAW_6785030173969523435.txt -> /home/shahbazk/Projects/DFS_Semi_Streaming/input/random_graphs/graph_400_8000_POWLAW_6785030173969523435.txt (Time: 0.00s)
📦 COPIED from HDD: /media/HDD/Projects/ExpDFS/graph_400_8000_POWLAW_1024517563182776983.txt -> /home/shahbazk/Projects/DFS_Semi_Streaming/input/random_graphs/graph_400_8000_POWLAW_1024517563182776983.txt (Time: 0.00s)
📦 COPIED from HDD: /media/HDD/Projects/ExpDFS/graph_400_8000_POWLAW_7029781962072644698.txt -> /home/shahbazk/Projects/DFS_Semi_Streaming/input/random_graphs/graph_400_8000_POWLAW_7029781962072644698.txt (Time: 0.00s)
📦 COPIED from HDD: /media/HDD/Projects/ExpDFS/graph_400_8000_POWLAW_3224265581699847191.txt -> /home/shahbazk/Projects/DFS_Semi_Streaming/input/random_graphs/graph_400_8000_POWLAW_3224265581699847191.txt (Time: 0.00s)
📦 COPIED from HDD: /media/HDD/Projects/ExpDFS/graph_400_8000_POWLAW_3438400432146115956.txt -> /home/shahbazk/Projects/DFS_Semi_Streaming/input/random_graphs/graph_400_8000_POWLAW_3438400432146115956.txt (Time: 0.00s)
📦 COPIED from HDD: /media/HDD/Projects/ExpDFS/graph_400_8000_POWLAW_7706236040662210848.txt -> /home/shahbazk/Projects/DFS_Semi_Streaming/input/random_graphs/graph_400_8000_POWLAW_7706236040662210848.txt (Time: 0.00s)
📦 COPIED from HDD: /media/HDD/Projects/ExpDFS/graph_400_8000_POWLAW_824387247617288499.txt -> /home/shahbazk/Projects/DFS_Semi_Streaming/input/random_graphs/graph_400_8000_POWLAW_824387247617288499.txt (Time: 0.00s)
📦 COPIED from HDD: /media/HDD/Projects/ExpDFS/graph_400_8000_POWLAW_1647170069535670909.txt -> /home/shahbazk/Projects/DFS_Semi_Streaming/input/random_graphs/graph_400_8000_POWLAW_1647170069535670909.txt (Time: 0.00s)
📦 COPIED from HDD: /media/HDD/Projects/ExpDFS/graph_400_8000_POWLAW_6002685213311538187.txt -> /home/shahbazk/Projects/DFS_Semi_Streaming/input/random_graphs/graph_400_8000_POWLAW_6002685213311538187.txt (Time: 0.00s)
📦 COPIED from HDD: /media/HDD/Projects/ExpDFS/graph_400_8000_POWLAW_1632192924771168275.txt -> /home/shahbazk/Projects/DFS_Semi_Streaming/input/random_graphs/graph_400_8000_POWLAW_1632192924771168275.txt (Time: 0.00s)
📦 COPIED from HDD: /media/HDD/Projects/ExpDFS/graph_400_8000_POWLAW_5529616217668449934.txt -> /home/shahbazk/Projects/DFS_Semi_Streaming/input/random_graphs/graph_400_8000_POWLAW_5529616217668449934.txt (Time: 0.00s)
📦 COPIED from HDD: /media/HDD/Projects/ExpDFS/graph_400_8000_POWLAW_3010622984418968408.txt -> /home/shahbazk/Projects/DFS_Semi_Streaming/input/random_graphs/graph_400_8000_POWLAW_3010622984418968408.txt (Time: 0.00s)
📦 COPIED from HDD: /media/HDD/Projects/ExpDFS/graph_400_8000_POWLAW_6802378520969450157.txt -> /home/shahbazk/Projects/DFS_Semi_Streaming/input/random_graphs/graph_400_8000_POWLAW_6802378520969450157.txt (Time: 0.00s)
📦 COPIED from HDD: /media/HDD/Projects/ExpDFS/graph_400_8000_POWLAW_4552998297316576788.txt -> /home/shahbazk/Projects/DFS_Semi_Streaming/input/random_graphs/graph_400_8000_POWLAW_4552998297316576788.txt (Time: 0.00s)
📦 COPIED from HDD: /media/HDD/Projects/ExpDFS/graph_400_8000_POWLAW_8031431416522537101.txt -> /home/shahbazk/Projects/DFS_Semi_Streaming/input/random_graphs/graph_400_8000_POWLAW_8031431416522537101.txt (Time: 0.00s)
📦 COPIED from HDD: /media/HDD/Projects/ExpDFS/graph_400_8000_POWLAW_3272308573967577038.txt -> /home/shahbazk/Projects/DFS_Semi_Streaming/input/random_graphs/graph_400_8000_POWLAW_3272308573967577038.txt (Time: 0.00s)
📦 COPIED from HDD: /media/HDD/Projects/ExpDFS/graph_400_8000_POWLAW_5258051056098597521.txt -> /home/shahbazk/Projects/DFS_Semi_Streaming/input/random_graphs/graph_400_8000_POWLAW_5258051056098597521.txt (Time: 0.00s)
📦 COPIED from HDD: /media/HDD/Projects/ExpDFS/graph_400_8000_POWLAW_1731523882129807996.txt -> /home/shahbazk/Projects/DFS_Semi_Streaming/input/random_graphs/graph_400_8000_POWLAW_1731523882129807996.txt (Time: 0.00s)
📦 COPIED from HDD: /media/HDD/Projects/ExpDFS/graph_400_8000_POWLAW_5636411189175451024.txt -> /home/shahbazk/Projects/DFS_Semi_Streaming/input/random_graphs/graph_400_8000_POWLAW_5636411189175451024.txt (Time: 0.00s)
📦 COPIED from HDD: /media/HDD/Projects/ExpDFS/graph_400_8000_POWLAW_5349491008325879064.txt -> /home/shahbazk/Projects/DFS_Semi_Streaming/input/random_graphs/graph_400_8000_POWLAW_5349491008325879064.txt (Time: 0.00s)
📦 COPIED from HDD: /media/HDD/Projects/ExpDFS/graph_400_8000_POWLAW_4122784633514911760.txt -> /home/shahbazk/Projects/DFS_Semi_Streaming/input/random_graphs/graph_400_8000_POWLAW_4122784633514911760.txt (Time: 0.00s)
📦 COPIED from HDD: /media/HDD/Projects/ExpDFS/graph_400_8000_POWLAW_6614505080519948832.txt -> /home/shahbazk/Projects/DFS_Semi_Streaming/input/random_graphs/graph_400_8000_POWLAW_6614505080519948832.txt (Time: 0.00s)
📦 COPIED from HDD: /media/HDD/Projects/ExpDFS/graph_400_8000_POWLAW_6143643868734370809.txt -> /home/shahbazk/Projects/DFS_Semi_Streaming/input/random_graphs/graph_400_8000_POWLAW_6143643868734370809.txt (Time: 0.00s)
📦 COPIED from HDD: /media/HDD/Projects/ExpDFS/graph_400_8000_POWLAW_7161906730445628483.txt -> /home/shahbazk/Projects/DFS_Semi_Streaming/input/random_graphs/graph_400_8000_POWLAW_7161906730445628483.txt (Time: 0.00s)
📦 COPIED from HDD: /media/HDD/Projects/ExpDFS/graph_400_8000_POWLAW_7938560551762094560.txt -> /home/shahbazk/Projects/DFS_Semi_Streaming/input/random_graphs/graph_400_8000_POWLAW_7938560551762094560.txt (Time: 0.00s)
📦 COPIED from HDD: /media/HDD/Projects/ExpDFS/graph_400_8000_POWLAW_7917045922527545890.txt -> /home/shahbazk/Projects/DFS_Semi_Streaming/input/random_graphs/graph_400_8000_POWLAW_7917045922527545890.txt (Time: 0.00s)
📦 COPIED from HDD: /media/HDD/Projects/ExpDFS/graph_400_8000_POWLAW_4445925461710302877.txt -> /home/shahbazk/Projects/DFS_Semi_Streaming/input/random_graphs/graph_400_8000_POWLAW_4445925461710302877.txt (Time: 0.00s)
📦 COPIED from HDD: /media/HDD/Projects/ExpDFS/graph_400_8000_POWLAW_3865339568260874865.txt -> /home/shahbazk/Projects/DFS_Semi_Streaming/input/random_graphs/graph_400_8000_POWLAW_3865339568260874865.txt (Time: 0.00s)
📦 COPIED from HDD: /media/HDD/Projects/ExpDFS/graph_400_8000_POWLAW_7921282862123281598.txt -> /home/shahbazk/Projects/DFS_Semi_Streaming/input/random_graphs/graph_400_8000_POWLAW_7921282862123281598.txt (Time: 0.00s)
📦 COPIED from HDD: /media/HDD/Projects/ExpDFS/graph_400_8000_POWLAW_6224222471595207695.txt -> /home/shahbazk/Projects/DFS_Semi_Streaming/input/random_graphs/graph_400_8000_POWLAW_6224222471595207695.txt (Time: 0.00s)
📦 COPIED from HDD: /media/HDD/Projects/ExpDFS/graph_400_8000_POWLAW_1128313391724783137.txt -> /home/shahbazk/Projects/DFS_Semi_Streaming/input/random_graphs/graph_400_8000_POWLAW_1128313391724783137.txt (Time: 0.00s)
📦 COPIED from HDD: /media/HDD/Projects/ExpDFS/graph_400_8000_POWLAW_716820155901718944.txt -> /home/shahbazk/Projects/DFS_Semi_Streaming/input/random_graphs/graph_400_8000_POWLAW_716820155901718944.txt (Time: 0.00s)
📦 COPIED from HDD: /media/HDD/Projects/ExpDFS/graph_400_8000_POWLAW_8718380604043999642.txt -> /home/shahbazk/Projects/DFS_Semi_Streaming/input/random_graphs/graph_400_8000_POWLAW_8718380604043999642.txt (Time: 0.00s)
📦 COPIED from HDD: /media/HDD/Projects/ExpDFS/graph_400_8000_POWLAW_5063475852268941542.txt -> /home/shahbazk/Projects/DFS_Semi_Streaming/input/random_graphs/graph_400_8000_POWLAW_5063475852268941542.txt (Time: 0.00s)
📦 COPIED from HDD: /media/HDD/Projects/ExpDFS/graph_400_8000_POWLAW_4997514996153925447.txt -> /home/shahbazk/Projects/DFS_Semi_Streaming/input/random_graphs/graph_400_8000_POWLAW_4997514996153925447.txt (Time: 0.00s)
📦 COPIED from HDD: /media/HDD/Projects/ExpDFS/graph_400_8000_POWLAW_8446481348147407377.txt -> /home/shahbazk/Projects/DFS_Semi_Streaming/input/random_graphs/graph_400_8000_POWLAW_8446481348147407377.txt (Time: 0.00s)
📦 COPIED from HDD: /media/HDD/Projects/ExpDFS/graph_400_8000_POWLAW_3817405844514670994.txt -> /home/shahbazk/Projects/DFS_Semi_Streaming/input/random_graphs/graph_400_8000_POWLAW_3817405844514670994.txt (Time: 0.00s)
📦 COPIED from HDD: /media/HDD/Projects/ExpDFS/graph_400_8000_POWLAW_6529943913552561417.txt -> /home/shahbazk/Projects/DFS_Semi_Streaming/input/random_graphs/graph_400_8000_POWLAW_6529943913552561417.txt (Time: 0.00s)
📦 COPIED from HDD: /media/HDD/Projects/ExpDFS/graph_400_8000_POWLAW_1170385908854608748.txt -> /home/shahbazk/Projects/DFS_Semi_Streaming/input/random_graphs/graph_400_8000_POWLAW_1170385908854608748.txt (Time: 0.00s)
📦 COPIED from HDD: /media/HDD/Projects/ExpDFS/graph_400_8000_POWLAW_3713827327871807734.txt -> /home/shahbazk/Projects/DFS_Semi_Streaming/input/random_graphs/graph_400_8000_POWLAW_3713827327871807734.txt (Time: 0.00s)
📦 COPIED from HDD: /media/HDD/Projects/ExpDFS/graph_400_8000_POWLAW_6022436717541034636.txt -> /home/shahbazk/Projects/DFS_Semi_Streaming/input/random_graphs/graph_400_8000_POWLAW_6022436717541034636.txt (Time: 0.00s)
📦 COPIED from HDD: /media/HDD/Projects/ExpDFS/graph_400_8000_POWLAW_199422815561151340.txt -> /home/shahbazk/Projects/DFS_Semi_Streaming/input/random_graphs/graph_400_8000_POWLAW_199422815561151340.txt (Time: 0.00s)
📦 COPIED from HDD: /media/HDD/Projects/ExpDFS/graph_400_8000_POWLAW_175493991617213850.txt -> /home/shahbazk/Projects/DFS_Semi_Streaming/input/random_graphs/graph_400_8000_POWLAW_175493991617213850.txt (Time: 0.00s)
📦 COPIED from HDD: /media/HDD/Projects/ExpDFS/graph_400_8000_POWLAW_5108599054664628607.txt -> /home/shahbazk/Projects/DFS_Semi_Streaming/input/random_graphs/graph_400_8000_POWLAW_5108599054664628607.txt (Time: 0.00s)
📦 COPIED from HDD: /media/HDD/Projects/ExpDFS/graph_400_8000_POWLAW_6764066939395682287.txt -> /home/shahbazk/Projects/DFS_Semi_Streaming/input/random_graphs/graph_400_8000_POWLAW_6764066939395682287.txt (Time: 0.00s)
📦 COPIED from HDD: /media/HDD/Projects/ExpDFS/graph_400_8000_POWLAW_2909934787168262407.txt -> /home/shahbazk/Projects/DFS_Semi_Streaming/input/random_graphs/graph_400_8000_POWLAW_2909934787168262407.txt (Time: 0.00s)
📦 COPIED from HDD: /media/HDD/Projects/ExpDFS/graph_400_8000_POWLAW_1458186392400727732.txt -> /home/shahbazk/Projects/DFS_Semi_Streaming/input/random_graphs/graph_400_8000_POWLAW_1458186392400727732.txt (Time: 0.00s)
📦 COPIED from HDD: /media/HDD/Projects/ExpDFS/graph_400_8000_POWLAW_1392892770529522614.txt -> /home/shahbazk/Projects/DFS_Semi_Streaming/input/random_graphs/graph_400_8000_POWLAW_1392892770529522614.txt (Time: 0.00s)
📦 COPIED from HDD: /media/HDD/Projects/ExpDFS/graph_400_8000_POWLAW_9130666990809746335.txt -> /home/shahbazk/Projects/DFS_Semi_Streaming/input/random_graphs/graph_400_8000_POWLAW_9130666990809746335.txt (Time: 0.00s)
📦 COPIED from HDD: /media/HDD/Projects/ExpDFS/graph_400_8000_POWLAW_4250897495980125004.txt -> /home/shahbazk/Projects/DFS_Semi_Streaming/input/random_graphs/graph_400_8000_POWLAW_4250897495980125004.txt (Time: 0.00s)
📦 COPIED from HDD: /media/HDD/Projects/ExpDFS/graph_400_8000_POWLAW_4060584409398689268.txt -> /home/shahbazk/Projects/DFS_Semi_Streaming/input/random_graphs/graph_400_8000_POWLAW_4060584409398689268.txt (Time: 0.00s)
📦 COPIED from HDD: /media/HDD/Projects/ExpDFS/graph_400_8000_POWLAW_7644420139408884785.txt -> /home/shahbazk/Projects/DFS_Semi_Streaming/input/random_graphs/graph_400_8000_POWLAW_7644420139408884785.txt (Time: 0.00s)
📦 COPIED from HDD: /media/HDD/Projects/ExpDFS/graph_400_8000_POWLAW_1332005502874566195.txt -> /home/shahbazk/Projects/DFS_Semi_Streaming/input/random_graphs/graph_400_8000_POWLAW_1332005502874566195.txt (Time: 0.00s)
📦 COPIED from HDD: /media/HDD/Projects/ExpDFS/graph_400_8000_POWLAW_1722224698700348310.txt -> /home/shahbazk/Projects/DFS_Semi_Streaming/input/random_graphs/graph_400_8000_POWLAW_1722224698700348310.txt (Time: 0.00s)
📦 COPIED from HDD: /media/HDD/Projects/ExpDFS/graph_400_8000_POWLAW_5497874167834979553.txt -> /home/shahbazk/Projects/DFS_Semi_Streaming/input/random_graphs/graph_400_8000_POWLAW_5497874167834979553.txt (Time: 0.00s)
📦 COPIED from HDD: /media/HDD/Projects/ExpDFS/graph_400_8000_POWLAW_8626102704817790064.txt -> /home/shahbazk/Projects/DFS_Semi_Streaming/input/random_graphs/graph_400_8000_POWLAW_8626102704817790064.txt (Time: 0.00s)
📦 COPIED from HDD: /media/HDD/Projects/ExpDFS/graph_400_8000_POWLAW_8448596294177070022.txt -> /home/shahbazk/Projects/DFS_Semi_Streaming/input/random_graphs/graph_400_8000_POWLAW_8448596294177070022.txt (Time: 0.00s)
📦 COPIED from HDD: /media/HDD/Projects/ExpDFS/graph_400_8000_POWLAW_7905487461282246979.txt -> /home/shahbazk/Projects/DFS_Semi_Streaming/input/random_graphs/graph_400_8000_POWLAW_7905487461282246979.txt (Time: 0.00s)
📦 COPIED from HDD: /media/HDD/Projects/ExpDFS/graph_400_8000_POWLAW_9060210648189963449.txt -> /home/shahbazk/Projects/DFS_Semi_Streaming/input/random_graphs/graph_400_8000_POWLAW_9060210648189963449.txt (Time: 0.00s)
📦 COPIED from HDD: /media/HDD/Projects/ExpDFS/graph_400_8000_POWLAW_4795749165124911768.txt -> /home/shahbazk/Projects/DFS_Semi_Streaming/input/random_graphs/graph_400_8000_POWLAW_4795749165124911768.txt (Time: 0.00s)
📦 COPIED from HDD: /media/HDD/Projects/ExpDFS/graph_400_8000_POWLAW_8794274795737982182.txt -> /home/shahbazk/Projects/DFS_Semi_Streaming/input/random_graphs/graph_400_8000_POWLAW_8794274795737982182.txt (Time: 0.00s)
📦 COPIED from HDD: /media/HDD/Projects/ExpDFS/graph_400_8000_POWLAW_4934890601268679176.txt -> /home/shahbazk/Projects/DFS_Semi_Streaming/input/random_graphs/graph_400_8000_POWLAW_4934890601268679176.txt (Time: 0.00s)
📦 COPIED from HDD: /media/HDD/Projects/ExpDFS/graph_400_8000_POWLAW_1992204328026194281.txt -> /home/shahbazk/Projects/DFS_Semi_Streaming/input/random_graphs/graph_400_8000_POWLAW_1992204328026194281.txt (Time: 0.00s)
📦 COPIED from HDD: /media/HDD/Projects/ExpDFS/graph_400_8000_POWLAW_2089506265998900862.txt -> /home/shahbazk/Projects/DFS_Semi_Streaming/input/random_graphs/graph_400_8000_POWLAW_2089506265998900862.txt (Time: 0.00s)
📦 COPIED from HDD: /media/HDD/Projects/ExpDFS/graph_400_8000_POWLAW_2718103348384927511.txt -> /home/shahbazk/Projects/DFS_Semi_Streaming/input/random_graphs/graph_400_8000_POWLAW_2718103348384927511.txt (Time: 0.00s)
📦 COPIED from HDD: /media/HDD/Projects/ExpDFS/graph_400_8000_POWLAW_7118744415197196276.txt -> /home/shahbazk/Projects/DFS_Semi_Streaming/input/random_graphs/graph_400_8000_POWLAW_7118744415197196276.txt (Time: 0.00s)
📦 COPIED from HDD: /media/HDD/Projects/ExpDFS/graph_400_8000_POWLAW_9059990922233379852.txt -> /home/shahbazk/Projects/DFS_Semi_Streaming/input/random_graphs/graph_400_8000_POWLAW_9059990922233379852.txt (Time: 0.00s)
📦 COPIED from HDD: /media/HDD/Projects/ExpDFS/graph_400_8000_POWLAW_7449662661572224354.txt -> /home/shahbazk/Projects/DFS_Semi_Streaming/input/random_graphs/graph_400_8000_POWLAW_7449662661572224354.txt (Time: 0.00s)
📦 COPIED from HDD: /media/HDD/Projects/ExpDFS/graph_400_8000_POWLAW_3221421291694197220.txt -> /home/shahbazk/Projects/DFS_Semi_Streaming/input/random_graphs/graph_400_8000_POWLAW_3221421291694197220.txt (Time: 0.00s)
📦 COPIED from HDD: /media/HDD/Projects/ExpDFS/graph_400_8000_POWLAW_8867616339855336876.txt -> /home/shahbazk/Projects/DFS_Semi_Streaming/input/random_graphs/graph_400_8000_POWLAW_8867616339855336876.txt (Time: 0.00s)
📦 COPIED from HDD: /media/HDD/Projects/ExpDFS/graph_400_8000_POWLAW_5894893360759659423.txt -> /home/shahbazk/Projects/DFS_Semi_Streaming/input/random_graphs/graph_400_8000_POWLAW_5894893360759659423.txt (Time: 0.00s)
📦 COPIED from HDD: /media/HDD/Projects/ExpDFS/graph_400_8000_POWLAW_7983805977214098674.txt -> /home/shahbazk/Projects/DFS_Semi_Streaming/input/random_graphs/graph_400_8000_POWLAW_7983805977214098674.txt (Time: 0.00s)
📦 COPIED from HDD: /media/HDD/Projects/ExpDFS/graph_400_8000_POWLAW_4940913311242578590.txt -> /home/shahbazk/Projects/DFS_Semi_Streaming/input/random_graphs/graph_400_8000_POWLAW_4940913311242578590.txt (Time: 0.00s)
📦 COPIED from HDD: /media/HDD/Projects/ExpDFS/graph_400_8000_POWLAW_2264398621601381987.txt -> /home/shahbazk/Projects/DFS_Semi_Streaming/input/random_graphs/graph_400_8000_POWLAW_2264398621601381987.txt (Time: 0.00s)
📦 COPIED from HDD: /media/HDD/Projects/ExpDFS/graph_400_8000_POWLAW_7632458674696225362.txt -> /home/shahbazk/Projects/DFS_Semi_Streaming/input/random_graphs/graph_400_8000_POWLAW_7632458674696225362.txt (Time: 0.00s)
📦 COPIED from HDD: /media/HDD/Projects/ExpDFS/graph_500_11180_POWLAW_7871178979383552919.txt -> /home/shahbazk/Projects/DFS_Semi_Streaming/input/random_graphs/graph_500_11180_POWLAW_7871178979383552919.txt (Time: 0.00s)
📦 COPIED from HDD: /media/HDD/Projects/ExpDFS/graph_500_11180_POWLAW_5739955973604961613.txt -> /home/shahbazk/Projects/DFS_Semi_Streaming/input/random_graphs/graph_500_11180_POWLAW_5739955973604961613.txt (Time: 0.00s)
📦 COPIED from HDD: /media/HDD/Projects/ExpDFS/graph_500_11180_POWLAW_3881801951614183357.txt -> /home/shahbazk/Projects/DFS_Semi_Streaming/input/random_graphs/graph_500_11180_POWLAW_3881801951614183357.txt (Time: 0.00s)
📦 COPIED from HDD: /media/HDD/Projects/ExpDFS/graph_500_11180_POWLAW_7599700178212337699.txt -> /home/shahbazk/Projects/DFS_Semi_Streaming/input/random_graphs/graph_500_11180_POWLAW_7599700178212337699.txt (Time: 0.00s)
📦 COPIED from HDD: /media/HDD/Projects/ExpDFS/graph_500_11180_POWLAW_7032710160631691991.txt -> /home/shahbazk/Projects/DFS_Semi_Streaming/input/random_graphs/graph_500_11180_POWLAW_7032710160631691991.txt (Time: 0.00s)
📦 COPIED from HDD: /media/HDD/Projects/ExpDFS/graph_500_11180_POWLAW_1353182403971399009.txt -> /home/shahbazk/Projects/DFS_Semi_Streaming/input/random_graphs/graph_500_11180_POWLAW_1353182403971399009.txt (Time: 0.00s)
📦 COPIED from HDD: /media/HDD/Projects/ExpDFS/graph_500_11180_POWLAW_1070244953599069350.txt -> /home/shahbazk/Projects/DFS_Semi_Streaming/input/random_graphs/graph_500_11180_POWLAW_1070244953599069350.txt (Time: 0.00s)
📦 COPIED from HDD: /media/HDD/Projects/ExpDFS/graph_500_11180_POWLAW_6522163754831416203.txt -> /home/shahbazk/Projects/DFS_Semi_Streaming/input/random_graphs/graph_500_11180_POWLAW_6522163754831416203.txt (Time: 0.00s)
📦 COPIED from HDD: /media/HDD/Projects/ExpDFS/graph_500_11180_POWLAW_1250005700364523649.txt -> /home/shahbazk/Projects/DFS_Semi_Streaming/input/random_graphs/graph_500_11180_POWLAW_1250005700364523649.txt (Time: 0.00s)
📦 COPIED from HDD: /media/HDD/Projects/ExpDFS/graph_500_11180_POWLAW_4040737767143389431.txt -> /home/shahbazk/Projects/DFS_Semi_Streaming/input/random_graphs/graph_500_11180_POWLAW_4040737767143389431.txt (Time: 0.00s)
📦 COPIED from HDD: /media/HDD/Projects/ExpDFS/graph_500_11180_POWLAW_1309542850049879452.txt -> /home/shahbazk/Projects/DFS_Semi_Streaming/input/random_graphs/graph_500_11180_POWLAW_1309542850049879452.txt (Time: 0.00s)
📦 COPIED from HDD: /media/HDD/Projects/ExpDFS/graph_500_11180_POWLAW_320375091487821987.txt -> /home/shahbazk/Projects/DFS_Semi_Streaming/input/random_graphs/graph_500_11180_POWLAW_320375091487821987.txt (Time: 0.00s)
📦 COPIED from HDD: /media/HDD/Projects/ExpDFS/graph_500_11180_POWLAW_7663871783842725848.txt -> /home/shahbazk/Projects/DFS_Semi_Streaming/input/random_graphs/graph_500_11180_POWLAW_7663871783842725848.txt (Time: 0.00s)
📦 COPIED from HDD: /media/HDD/Projects/ExpDFS/graph_500_11180_POWLAW_5906957480796939447.txt -> /home/shahbazk/Projects/DFS_Semi_Streaming/input/random_graphs/graph_500_11180_POWLAW_5906957480796939447.txt (Time: 0.00s)
📦 COPIED from HDD: /media/HDD/Projects/ExpDFS/graph_500_11180_POWLAW_1250773459040295677.txt -> /home/shahbazk/Projects/DFS_Semi_Streaming/input/random_graphs/graph_500_11180_POWLAW_1250773459040295677.txt (Time: 0.00s)
📦 COPIED from HDD: /media/HDD/Projects/ExpDFS/graph_500_11180_POWLAW_7473196763798409428.txt -> /home/shahbazk/Projects/DFS_Semi_Streaming/input/random_graphs/graph_500_11180_POWLAW_7473196763798409428.txt (Time: 0.00s)
📦 COPIED from HDD: /media/HDD/Projects/ExpDFS/graph_500_11180_POWLAW_3438400432146115956.txt -> /home/shahbazk/Projects/DFS_Semi_Streaming/input/random_graphs/graph_500_11180_POWLAW_3438400432146115956.txt (Time: 0.00s)
📦 COPIED from HDD: /media/HDD/Projects/ExpDFS/graph_500_11180_POWLAW_5139481885857321791.txt -> /home/shahbazk/Projects/DFS_Semi_Streaming/input/random_graphs/graph_500_11180_POWLAW_5139481885857321791.txt (Time: 0.00s)
📦 COPIED from HDD: /media/HDD/Projects/ExpDFS/graph_500_11180_POWLAW_5142811650494845597.txt -> /home/shahbazk/Projects/DFS_Semi_Streaming/input/random_graphs/graph_500_11180_POWLAW_5142811650494845597.txt (Time: 0.00s)
📦 COPIED from HDD: /media/HDD/Projects/ExpDFS/graph_500_11180_POWLAW_3010622984418968408.txt -> /home/shahbazk/Projects/DFS_Semi_Streaming/input/random_graphs/graph_500_11180_POWLAW_3010622984418968408.txt (Time: 0.00s)
📦 COPIED from HDD: /media/HDD/Projects/ExpDFS/graph_500_11180_POWLAW_6002685213311538187.txt -> /home/shahbazk/Projects/DFS_Semi_Streaming/input/random_graphs/graph_500_11180_POWLAW_6002685213311538187.txt (Time: 0.00s)
📦 COPIED from HDD: /media/HDD/Projects/ExpDFS/graph_500_11180_POWLAW_5708372698381010775.txt -> /home/shahbazk/Projects/DFS_Semi_Streaming/input/random_graphs/graph_500_11180_POWLAW_5708372698381010775.txt (Time: 0.00s)
📦 COPIED from HDD: /media/HDD/Projects/ExpDFS/graph_500_11180_POWLAW_6938562734920028532.txt -> /home/shahbazk/Projects/DFS_Semi_Streaming/input/random_graphs/graph_500_11180_POWLAW_6938562734920028532.txt (Time: 0.00s)
📦 COPIED from HDD: /media/HDD/Projects/ExpDFS/graph_500_11180_POWLAW_1731523882129807996.txt -> /home/shahbazk/Projects/DFS_Semi_Streaming/input/random_graphs/graph_500_11180_POWLAW_1731523882129807996.txt (Time: 0.00s)
📦 COPIED from HDD: /media/HDD/Projects/ExpDFS/graph_500_11180_POWLAW_6230961512046992311.txt -> /home/shahbazk/Projects/DFS_Semi_Streaming/input/random_graphs/graph_500_11180_POWLAW_6230961512046992311.txt (Time: 0.00s)
📦 COPIED from HDD: /media/HDD/Projects/ExpDFS/graph_500_11180_POWLAW_1853590723603270879.txt -> /home/shahbazk/Projects/DFS_Semi_Streaming/input/random_graphs/graph_500_11180_POWLAW_1853590723603270879.txt (Time: 0.00s)
📦 COPIED from HDD: /media/HDD/Projects/ExpDFS/graph_500_11180_POWLAW_7029781962072644698.txt -> /home/shahbazk/Projects/DFS_Semi_Streaming/input/random_graphs/graph_500_11180_POWLAW_7029781962072644698.txt (Time: 0.00s)
📦 COPIED from HDD: /media/HDD/Projects/ExpDFS/graph_500_11180_POWLAW_2429002973740178792.txt -> /home/shahbazk/Projects/DFS_Semi_Streaming/input/random_graphs/graph_500_11180_POWLAW_2429002973740178792.txt (Time: 0.00s)
📦 COPIED from HDD: /media/HDD/Projects/ExpDFS/graph_500_11180_POWLAW_521787134863155063.txt -> /home/shahbazk/Projects/DFS_Semi_Streaming/input/random_graphs/graph_500_11180_POWLAW_521787134863155063.txt (Time: 0.00s)
📦 COPIED from HDD: /media/HDD/Projects/ExpDFS/graph_500_11180_POWLAW_7146860528564146064.txt -> /home/shahbazk/Projects/DFS_Semi_Streaming/input/random_graphs/graph_500_11180_POWLAW_7146860528564146064.txt (Time: 0.00s)
📦 COPIED from HDD: /media/HDD/Projects/ExpDFS/graph_500_11180_POWLAW_6785030173969523435.txt -> /home/shahbazk/Projects/DFS_Semi_Streaming/input/random_graphs/graph_500_11180_POWLAW_6785030173969523435.txt (Time: 0.00s)
📦 COPIED from HDD: /media/HDD/Projects/ExpDFS/graph_500_11180_POWLAW_5529616217668449934.txt -> /home/shahbazk/Projects/DFS_Semi_Streaming/input/random_graphs/graph_500_11180_POWLAW_5529616217668449934.txt (Time: 0.00s)
📦 COPIED from HDD: /media/HDD/Projects/ExpDFS/graph_500_11180_POWLAW_3224265581699847191.txt -> /home/shahbazk/Projects/DFS_Semi_Streaming/input/random_graphs/graph_500_11180_POWLAW_3224265581699847191.txt (Time: 0.00s)
📦 COPIED from HDD: /media/HDD/Projects/ExpDFS/graph_500_11180_POWLAW_5258051056098597521.txt -> /home/shahbazk/Projects/DFS_Semi_Streaming/input/random_graphs/graph_500_11180_POWLAW_5258051056098597521.txt (Time: 0.00s)
📦 COPIED from HDD: /media/HDD/Projects/ExpDFS/graph_500_11180_POWLAW_7706236040662210848.txt -> /home/shahbazk/Projects/DFS_Semi_Streaming/input/random_graphs/graph_500_11180_POWLAW_7706236040662210848.txt (Time: 0.00s)
📦 COPIED from HDD: /media/HDD/Projects/ExpDFS/graph_500_11180_POWLAW_4122784633514911760.txt -> /home/shahbazk/Projects/DFS_Semi_Streaming/input/random_graphs/graph_500_11180_POWLAW_4122784633514911760.txt (Time: 0.00s)
📦 COPIED from HDD: /media/HDD/Projects/ExpDFS/graph_500_11180_POWLAW_824387247617288499.txt -> /home/shahbazk/Projects/DFS_Semi_Streaming/input/random_graphs/graph_500_11180_POWLAW_824387247617288499.txt (Time: 0.00s)
📦 COPIED from HDD: /media/HDD/Projects/ExpDFS/graph_500_11180_POWLAW_1632192924771168275.txt -> /home/shahbazk/Projects/DFS_Semi_Streaming/input/random_graphs/graph_500_11180_POWLAW_1632192924771168275.txt (Time: 0.00s)
📦 COPIED from HDD: /media/HDD/Projects/ExpDFS/graph_500_11180_POWLAW_4552998297316576788.txt -> /home/shahbazk/Projects/DFS_Semi_Streaming/input/random_graphs/graph_500_11180_POWLAW_4552998297316576788.txt (Time: 0.00s)
📦 COPIED from HDD: /media/HDD/Projects/ExpDFS/graph_500_11180_POWLAW_7161906730445628483.txt -> /home/shahbazk/Projects/DFS_Semi_Streaming/input/random_graphs/graph_500_11180_POWLAW_7161906730445628483.txt (Time: 0.00s)
📦 COPIED from HDD: /media/HDD/Projects/ExpDFS/graph_500_11180_POWLAW_6143643868734370809.txt -> /home/shahbazk/Projects/DFS_Semi_Streaming/input/random_graphs/graph_500_11180_POWLAW_6143643868734370809.txt (Time: 0.00s)
📦 COPIED from HDD: /media/HDD/Projects/ExpDFS/graph_500_11180_POWLAW_8031431416522537101.txt -> /home/shahbazk/Projects/DFS_Semi_Streaming/input/random_graphs/graph_500_11180_POWLAW_8031431416522537101.txt (Time: 0.00s)
📦 COPIED from HDD: /media/HDD/Projects/ExpDFS/graph_500_11180_POWLAW_1024517563182776983.txt -> /home/shahbazk/Projects/DFS_Semi_Streaming/input/random_graphs/graph_500_11180_POWLAW_1024517563182776983.txt (Time: 0.00s)
📦 COPIED from HDD: /media/HDD/Projects/ExpDFS/graph_500_11180_POWLAW_5636411189175451024.txt -> /home/shahbazk/Projects/DFS_Semi_Streaming/input/random_graphs/graph_500_11180_POWLAW_5636411189175451024.txt (Time: 0.00s)
📦 COPIED from HDD: /media/HDD/Projects/ExpDFS/graph_500_11180_POWLAW_5349491008325879064.txt -> /home/shahbazk/Projects/DFS_Semi_Streaming/input/random_graphs/graph_500_11180_POWLAW_5349491008325879064.txt (Time: 0.00s)
📦 COPIED from HDD: /media/HDD/Projects/ExpDFS/graph_500_11180_POWLAW_6614505080519948832.txt -> /home/shahbazk/Projects/DFS_Semi_Streaming/input/random_graphs/graph_500_11180_POWLAW_6614505080519948832.txt (Time: 0.00s)
📦 COPIED from HDD: /media/HDD/Projects/ExpDFS/graph_500_11180_POWLAW_1647170069535670909.txt -> /home/shahbazk/Projects/DFS_Semi_Streaming/input/random_graphs/graph_500_11180_POWLAW_1647170069535670909.txt (Time: 0.00s)
📦 COPIED from HDD: /media/HDD/Projects/ExpDFS/graph_500_11180_POWLAW_6802378520969450157.txt -> /home/shahbazk/Projects/DFS_Semi_Streaming/input/random_graphs/graph_500_11180_POWLAW_6802378520969450157.txt (Time: 0.00s)
📦 COPIED from HDD: /media/HDD/Projects/ExpDFS/graph_500_11180_POWLAW_3272308573967577038.txt -> /home/shahbazk/Projects/DFS_Semi_Streaming/input/random_graphs/graph_500_11180_POWLAW_3272308573967577038.txt (Time: 0.00s)
📦 COPIED from HDD: /media/HDD/Projects/ExpDFS/graph_500_11180_POWLAW_7938560551762094560.txt -> /home/shahbazk/Projects/DFS_Semi_Streaming/input/random_graphs/graph_500_11180_POWLAW_7938560551762094560.txt (Time: 0.00s)
📦 COPIED from HDD: /media/HDD/Projects/ExpDFS/graph_500_11180_POWLAW_7921282862123281598.txt -> /home/shahbazk/Projects/DFS_Semi_Streaming/input/random_graphs/graph_500_11180_POWLAW_7921282862123281598.txt (Time: 0.00s)
📦 COPIED from HDD: /media/HDD/Projects/ExpDFS/graph_500_11180_POWLAW_6224222471595207695.txt -> /home/shahbazk/Projects/DFS_Semi_Streaming/input/random_graphs/graph_500_11180_POWLAW_6224222471595207695.txt (Time: 0.00s)
📦 COPIED from HDD: /media/HDD/Projects/ExpDFS/graph_500_11180_POWLAW_716820155901718944.txt -> /home/shahbazk/Projects/DFS_Semi_Streaming/input/random_graphs/graph_500_11180_POWLAW_716820155901718944.txt (Time: 0.00s)
📦 COPIED from HDD: /media/HDD/Projects/ExpDFS/graph_500_11180_POWLAW_1128313391724783137.txt -> /home/shahbazk/Projects/DFS_Semi_Streaming/input/random_graphs/graph_500_11180_POWLAW_1128313391724783137.txt (Time: 0.00s)
📦 COPIED from HDD: /media/HDD/Projects/ExpDFS/graph_500_11180_POWLAW_7917045922527545890.txt -> /home/shahbazk/Projects/DFS_Semi_Streaming/input/random_graphs/graph_500_11180_POWLAW_7917045922527545890.txt (Time: 0.00s)
📦 COPIED from HDD: /media/HDD/Projects/ExpDFS/graph_500_11180_POWLAW_8446481348147407377.txt -> /home/shahbazk/Projects/DFS_Semi_Streaming/input/random_graphs/graph_500_11180_POWLAW_8446481348147407377.txt (Time: 0.00s)
📦 COPIED from HDD: /media/HDD/Projects/ExpDFS/graph_500_11180_POWLAW_3817405844514670994.txt -> /home/shahbazk/Projects/DFS_Semi_Streaming/input/random_graphs/graph_500_11180_POWLAW_3817405844514670994.txt (Time: 0.00s)
📦 COPIED from HDD: /media/HDD/Projects/ExpDFS/graph_500_11180_POWLAW_1170385908854608748.txt -> /home/shahbazk/Projects/DFS_Semi_Streaming/input/random_graphs/graph_500_11180_POWLAW_1170385908854608748.txt (Time: 0.00s)
📦 COPIED from HDD: /media/HDD/Projects/ExpDFS/graph_500_11180_POWLAW_199422815561151340.txt -> /home/shahbazk/Projects/DFS_Semi_Streaming/input/random_graphs/graph_500_11180_POWLAW_199422815561151340.txt (Time: 0.00s)
📦 COPIED from HDD: /media/HDD/Projects/ExpDFS/graph_500_11180_POWLAW_6022436717541034636.txt -> /home/shahbazk/Projects/DFS_Semi_Streaming/input/random_graphs/graph_500_11180_POWLAW_6022436717541034636.txt (Time: 0.00s)
📦 COPIED from HDD: /media/HDD/Projects/ExpDFS/graph_500_11180_POWLAW_2909934787168262407.txt -> /home/shahbazk/Projects/DFS_Semi_Streaming/input/random_graphs/graph_500_11180_POWLAW_2909934787168262407.txt (Time: 0.00s)
📦 COPIED from HDD: /media/HDD/Projects/ExpDFS/graph_500_11180_POWLAW_5063475852268941542.txt -> /home/shahbazk/Projects/DFS_Semi_Streaming/input/random_graphs/graph_500_11180_POWLAW_5063475852268941542.txt (Time: 0.00s)
📦 COPIED from HDD: /media/HDD/Projects/ExpDFS/graph_500_11180_POWLAW_4445925461710302877.txt -> /home/shahbazk/Projects/DFS_Semi_Streaming/input/random_graphs/graph_500_11180_POWLAW_4445925461710302877.txt (Time: 0.00s)
📦 COPIED from HDD: /media/HDD/Projects/ExpDFS/graph_500_11180_POWLAW_8718380604043999642.txt -> /home/shahbazk/Projects/DFS_Semi_Streaming/input/random_graphs/graph_500_11180_POWLAW_8718380604043999642.txt (Time: 0.00s)
📦 COPIED from HDD: /media/HDD/Projects/ExpDFS/graph_500_11180_POWLAW_3865339568260874865.txt -> /home/shahbazk/Projects/DFS_Semi_Streaming/input/random_graphs/graph_500_11180_POWLAW_3865339568260874865.txt (Time: 0.00s)
📦 COPIED from HDD: /media/HDD/Projects/ExpDFS/graph_500_11180_POWLAW_4997514996153925447.txt -> /home/shahbazk/Projects/DFS_Semi_Streaming/input/random_graphs/graph_500_11180_POWLAW_4997514996153925447.txt (Time: 0.00s)
📦 COPIED from HDD: /media/HDD/Projects/ExpDFS/graph_500_11180_POWLAW_6529943913552561417.txt -> /home/shahbazk/Projects/DFS_Semi_Streaming/input/random_graphs/graph_500_11180_POWLAW_6529943913552561417.txt (Time: 0.00s)
📦 COPIED from HDD: /media/HDD/Projects/ExpDFS/graph_500_11180_POWLAW_3713827327871807734.txt -> /home/shahbazk/Projects/DFS_Semi_Streaming/input/random_graphs/graph_500_11180_POWLAW_3713827327871807734.txt (Time: 0.00s)
📦 COPIED from HDD: /media/HDD/Projects/ExpDFS/graph_500_11180_POWLAW_4250897495980125004.txt -> /home/shahbazk/Projects/DFS_Semi_Streaming/input/random_graphs/graph_500_11180_POWLAW_4250897495980125004.txt (Time: 0.00s)
📦 COPIED from HDD: /media/HDD/Projects/ExpDFS/graph_500_11180_POWLAW_5108599054664628607.txt -> /home/shahbazk/Projects/DFS_Semi_Streaming/input/random_graphs/graph_500_11180_POWLAW_5108599054664628607.txt (Time: 0.00s)
📦 COPIED from HDD: /media/HDD/Projects/ExpDFS/graph_500_11180_POWLAW_175493991617213850.txt -> /home/shahbazk/Projects/DFS_Semi_Streaming/input/random_graphs/graph_500_11180_POWLAW_175493991617213850.txt (Time: 0.00s)
📦 COPIED from HDD: /media/HDD/Projects/ExpDFS/graph_500_11180_POWLAW_6764066939395682287.txt -> /home/shahbazk/Projects/DFS_Semi_Streaming/input/random_graphs/graph_500_11180_POWLAW_6764066939395682287.txt (Time: 0.00s)
📦 COPIED from HDD: /media/HDD/Projects/ExpDFS/graph_500_11180_POWLAW_9130666990809746335.txt -> /home/shahbazk/Projects/DFS_Semi_Streaming/input/random_graphs/graph_500_11180_POWLAW_9130666990809746335.txt (Time: 0.00s)
📦 COPIED from HDD: /media/HDD/Projects/ExpDFS/graph_500_11180_POWLAW_7644420139408884785.txt -> /home/shahbazk/Projects/DFS_Semi_Streaming/input/random_graphs/graph_500_11180_POWLAW_7644420139408884785.txt (Time: 0.00s)
📦 COPIED from HDD: /media/HDD/Projects/ExpDFS/graph_500_11180_POWLAW_1392892770529522614.txt -> /home/shahbazk/Projects/DFS_Semi_Streaming/input/random_graphs/graph_500_11180_POWLAW_1392892770529522614.txt (Time: 0.00s)
📦 COPIED from HDD: /media/HDD/Projects/ExpDFS/graph_500_11180_POWLAW_1458186392400727732.txt -> /home/shahbazk/Projects/DFS_Semi_Streaming/input/random_graphs/graph_500_11180_POWLAW_1458186392400727732.txt (Time: 0.00s)
📦 COPIED from HDD: /media/HDD/Projects/ExpDFS/graph_500_11180_POWLAW_9060210648189963449.txt -> /home/shahbazk/Projects/DFS_Semi_Streaming/input/random_graphs/graph_500_11180_POWLAW_9060210648189963449.txt (Time: 0.00s)
📦 COPIED from HDD: /media/HDD/Projects/ExpDFS/graph_500_11180_POWLAW_5497874167834979553.txt -> /home/shahbazk/Projects/DFS_Semi_Streaming/input/random_graphs/graph_500_11180_POWLAW_5497874167834979553.txt (Time: 0.00s)
📦 COPIED from HDD: /media/HDD/Projects/ExpDFS/graph_500_11180_POWLAW_4060584409398689268.txt -> /home/shahbazk/Projects/DFS_Semi_Streaming/input/random_graphs/graph_500_11180_POWLAW_4060584409398689268.txt (Time: 0.00s)
📦 COPIED from HDD: /media/HDD/Projects/ExpDFS/graph_500_11180_POWLAW_1722224698700348310.txt -> /home/shahbazk/Projects/DFS_Semi_Streaming/input/random_graphs/graph_500_11180_POWLAW_1722224698700348310.txt (Time: 0.00s)
📦 COPIED from HDD: /media/HDD/Projects/ExpDFS/graph_500_11180_POWLAW_8626102704817790064.txt -> /home/shahbazk/Projects/DFS_Semi_Streaming/input/random_graphs/graph_500_11180_POWLAW_8626102704817790064.txt (Time: 0.00s)
📦 COPIED from HDD: /media/HDD/Projects/ExpDFS/graph_500_11180_POWLAW_8794274795737982182.txt -> /home/shahbazk/Projects/DFS_Semi_Streaming/input/random_graphs/graph_500_11180_POWLAW_8794274795737982182.txt (Time: 0.00s)
📦 COPIED from HDD: /media/HDD/Projects/ExpDFS/graph_500_11180_POWLAW_7905487461282246979.txt -> /home/shahbazk/Projects/DFS_Semi_Streaming/input/random_graphs/graph_500_11180_POWLAW_7905487461282246979.txt (Time: 0.00s)
📦 COPIED from HDD: /media/HDD/Projects/ExpDFS/graph_500_11180_POWLAW_1332005502874566195.txt -> /home/shahbazk/Projects/DFS_Semi_Streaming/input/random_graphs/graph_500_11180_POWLAW_1332005502874566195.txt (Time: 0.00s)
📦 COPIED from HDD: /media/HDD/Projects/ExpDFS/graph_500_11180_POWLAW_2089506265998900862.txt -> /home/shahbazk/Projects/DFS_Semi_Streaming/input/random_graphs/graph_500_11180_POWLAW_2089506265998900862.txt (Time: 0.00s)
📦 COPIED from HDD: /media/HDD/Projects/ExpDFS/graph_500_11180_POWLAW_4934890601268679176.txt -> /home/shahbazk/Projects/DFS_Semi_Streaming/input/random_graphs/graph_500_11180_POWLAW_4934890601268679176.txt (Time: 0.00s)
📦 COPIED from HDD: /media/HDD/Projects/ExpDFS/graph_500_11180_POWLAW_1992204328026194281.txt -> /home/shahbazk/Projects/DFS_Semi_Streaming/input/random_graphs/graph_500_11180_POWLAW_1992204328026194281.txt (Time: 0.00s)
📦 COPIED from HDD: /media/HDD/Projects/ExpDFS/graph_500_11180_POWLAW_7118744415197196276.txt -> /home/shahbazk/Projects/DFS_Semi_Streaming/input/random_graphs/graph_500_11180_POWLAW_7118744415197196276.txt (Time: 0.00s)
📦 COPIED from HDD: /media/HDD/Projects/ExpDFS/graph_600_14696_POWLAW_7871178979383552919.txt -> /home/shahbazk/Projects/DFS_Semi_Streaming/input/random_graphs/graph_600_14696_POWLAW_7871178979383552919.txt (Time: 0.00s)
📦 COPIED from HDD: /media/HDD/Projects/ExpDFS/graph_500_11180_POWLAW_4940913311242578590.txt -> /home/shahbazk/Projects/DFS_Semi_Streaming/input/random_graphs/graph_500_11180_POWLAW_4940913311242578590.txt (Time: 0.00s)
📦 COPIED from HDD: /media/HDD/Projects/ExpDFS/graph_500_11180_POWLAW_4795749165124911768.txt -> /home/shahbazk/Projects/DFS_Semi_Streaming/input/random_graphs/graph_500_11180_POWLAW_4795749165124911768.txt (Time: 0.00s)
📦 COPIED from HDD: /media/HDD/Projects/ExpDFS/graph_500_11180_POWLAW_8448596294177070022.txt -> /home/shahbazk/Projects/DFS_Semi_Streaming/input/random_graphs/graph_500_11180_POWLAW_8448596294177070022.txt (Time: 0.00s)
📦 COPIED from HDD: /media/HDD/Projects/ExpDFS/graph_500_11180_POWLAW_2718103348384927511.txt -> /home/shahbazk/Projects/DFS_Semi_Streaming/input/random_graphs/graph_500_11180_POWLAW_2718103348384927511.txt (Time: 0.00s)
📦 COPIED from HDD: /media/HDD/Projects/ExpDFS/graph_500_11180_POWLAW_7632458674696225362.txt -> /home/shahbazk/Projects/DFS_Semi_Streaming/input/random_graphs/graph_500_11180_POWLAW_7632458674696225362.txt (Time: 0.00s)
📦 COPIED from HDD: /media/HDD/Projects/ExpDFS/graph_600_14696_POWLAW_3881801951614183357.txt -> /home/shahbazk/Projects/DFS_Semi_Streaming/input/random_graphs/graph_600_14696_POWLAW_3881801951614183357.txt (Time: 0.00s)
📦 COPIED from HDD: /media/HDD/Projects/ExpDFS/graph_500_11180_POWLAW_9059990922233379852.txt -> /home/shahbazk/Projects/DFS_Semi_Streaming/input/random_graphs/graph_500_11180_POWLAW_9059990922233379852.txt (Time: 0.00s)
📦 COPIED from HDD: /media/HDD/Projects/ExpDFS/graph_500_11180_POWLAW_7449662661572224354.txt -> /home/shahbazk/Projects/DFS_Semi_Streaming/input/random_graphs/graph_500_11180_POWLAW_7449662661572224354.txt (Time: 0.00s)
📦 COPIED from HDD: /media/HDD/Projects/ExpDFS/graph_500_11180_POWLAW_3221421291694197220.txt -> /home/shahbazk/Projects/DFS_Semi_Streaming/input/random_graphs/graph_500_11180_POWLAW_3221421291694197220.txt (Time: 0.00s)
📦 COPIED from HDD: /media/HDD/Projects/ExpDFS/graph_500_11180_POWLAW_8867616339855336876.txt -> /home/shahbazk/Projects/DFS_Semi_Streaming/input/random_graphs/graph_500_11180_POWLAW_8867616339855336876.txt (Time: 0.00s)
📦 COPIED from HDD: /media/HDD/Projects/ExpDFS/graph_500_11180_POWLAW_5894893360759659423.txt -> /home/shahbazk/Projects/DFS_Semi_Streaming/input/random_graphs/graph_500_11180_POWLAW_5894893360759659423.txt (Time: 0.00s)
📦 COPIED from HDD: /media/HDD/Projects/ExpDFS/graph_500_11180_POWLAW_7983805977214098674.txt -> /home/shahbazk/Projects/DFS_Semi_Streaming/input/random_graphs/graph_500_11180_POWLAW_7983805977214098674.txt (Time: 0.00s)
📦 COPIED from HDD: /media/HDD/Projects/ExpDFS/graph_500_11180_POWLAW_2264398621601381987.txt -> /home/shahbazk/Projects/DFS_Semi_Streaming/input/random_graphs/graph_500_11180_POWLAW_2264398621601381987.txt (Time: 0.00s)
📦 COPIED from HDD: /media/HDD/Projects/ExpDFS/graph_600_14696_POWLAW_1250005700364523649.txt -> /home/shahbazk/Projects/DFS_Semi_Streaming/input/random_graphs/graph_600_14696_POWLAW_1250005700364523649.txt (Time: 0.00s)
📦 COPIED from HDD: /media/HDD/Projects/ExpDFS/graph_600_14696_POWLAW_7032710160631691991.txt -> /home/shahbazk/Projects/DFS_Semi_Streaming/input/random_graphs/graph_600_14696_POWLAW_7032710160631691991.txt (Time: 0.00s)
📦 COPIED from HDD: /media/HDD/Projects/ExpDFS/graph_600_14696_POWLAW_7599700178212337699.txt -> /home/shahbazk/Projects/DFS_Semi_Streaming/input/random_graphs/graph_600_14696_POWLAW_7599700178212337699.txt (Time: 0.00s)
📦 COPIED from HDD: /media/HDD/Projects/ExpDFS/graph_600_14696_POWLAW_6230961512046992311.txt -> /home/shahbazk/Projects/DFS_Semi_Streaming/input/random_graphs/graph_600_14696_POWLAW_6230961512046992311.txt (Time: 0.00s)
📦 COPIED from HDD: /media/HDD/Projects/ExpDFS/graph_600_14696_POWLAW_1353182403971399009.txt -> /home/shahbazk/Projects/DFS_Semi_Streaming/input/random_graphs/graph_600_14696_POWLAW_1353182403971399009.txt (Time: 0.00s)
📦 COPIED from HDD: /media/HDD/Projects/ExpDFS/graph_600_14696_POWLAW_6938562734920028532.txt -> /home/shahbazk/Projects/DFS_Semi_Streaming/input/random_graphs/graph_600_14696_POWLAW_6938562734920028532.txt (Time: 0.00s)
📦 COPIED from HDD: /media/HDD/Projects/ExpDFS/graph_600_14696_POWLAW_6522163754831416203.txt -> /home/shahbazk/Projects/DFS_Semi_Streaming/input/random_graphs/graph_600_14696_POWLAW_6522163754831416203.txt (Time: 0.00s)
📦 COPIED from HDD: /media/HDD/Projects/ExpDFS/graph_600_14696_POWLAW_4040737767143389431.txt -> /home/shahbazk/Projects/DFS_Semi_Streaming/input/random_graphs/graph_600_14696_POWLAW_4040737767143389431.txt (Time: 0.00s)
📦 COPIED from HDD: /media/HDD/Projects/ExpDFS/graph_600_14696_POWLAW_1309542850049879452.txt -> /home/shahbazk/Projects/DFS_Semi_Streaming/input/random_graphs/graph_600_14696_POWLAW_1309542850049879452.txt (Time: 0.00s)
📦 COPIED from HDD: /media/HDD/Projects/ExpDFS/graph_600_14696_POWLAW_5139481885857321791.txt -> /home/shahbazk/Projects/DFS_Semi_Streaming/input/random_graphs/graph_600_14696_POWLAW_5139481885857321791.txt (Time: 0.00s)
📦 COPIED from HDD: /media/HDD/Projects/ExpDFS/graph_600_14696_POWLAW_320375091487821987.txt -> /home/shahbazk/Projects/DFS_Semi_Streaming/input/random_graphs/graph_600_14696_POWLAW_320375091487821987.txt (Time: 0.00s)
📦 COPIED from HDD: /media/HDD/Projects/ExpDFS/graph_600_14696_POWLAW_2429002973740178792.txt -> /home/shahbazk/Projects/DFS_Semi_Streaming/input/random_graphs/graph_600_14696_POWLAW_2429002973740178792.txt (Time: 0.00s)
📦 COPIED from HDD: /media/HDD/Projects/ExpDFS/graph_600_14696_POWLAW_5906957480796939447.txt -> /home/shahbazk/Projects/DFS_Semi_Streaming/input/random_graphs/graph_600_14696_POWLAW_5906957480796939447.txt (Time: 0.00s)
📦 COPIED from HDD: /media/HDD/Projects/ExpDFS/graph_600_14696_POWLAW_7663871783842725848.txt -> /home/shahbazk/Projects/DFS_Semi_Streaming/input/random_graphs/graph_600_14696_POWLAW_7663871783842725848.txt (Time: 0.00s)
📦 COPIED from HDD: /media/HDD/Projects/ExpDFS/graph_600_14696_POWLAW_7146860528564146064.txt -> /home/shahbazk/Projects/DFS_Semi_Streaming/input/random_graphs/graph_600_14696_POWLAW_7146860528564146064.txt (Time: 0.00s)
📦 COPIED from HDD: /media/HDD/Projects/ExpDFS/graph_600_14696_POWLAW_1250773459040295677.txt -> /home/shahbazk/Projects/DFS_Semi_Streaming/input/random_graphs/graph_600_14696_POWLAW_1250773459040295677.txt (Time: 0.00s)
📦 COPIED from HDD: /media/HDD/Projects/ExpDFS/graph_600_14696_POWLAW_3438400432146115956.txt -> /home/shahbazk/Projects/DFS_Semi_Streaming/input/random_graphs/graph_600_14696_POWLAW_3438400432146115956.txt (Time: 0.00s)
📦 COPIED from HDD: /media/HDD/Projects/ExpDFS/graph_600_14696_POWLAW_5739955973604961613.txt -> /home/shahbazk/Projects/DFS_Semi_Streaming/input/random_graphs/graph_600_14696_POWLAW_5739955973604961613.txt (Time: 0.00s)
📦 COPIED from HDD: /media/HDD/Projects/ExpDFS/graph_600_14696_POWLAW_5142811650494845597.txt -> /home/shahbazk/Projects/DFS_Semi_Streaming/input/random_graphs/graph_600_14696_POWLAW_5142811650494845597.txt (Time: 0.00s)
📦 COPIED from HDD: /media/HDD/Projects/ExpDFS/graph_600_14696_POWLAW_3010622984418968408.txt -> /home/shahbazk/Projects/DFS_Semi_Streaming/input/random_graphs/graph_600_14696_POWLAW_3010622984418968408.txt (Time: 0.00s)
📦 COPIED from HDD: /media/HDD/Projects/ExpDFS/graph_600_14696_POWLAW_6002685213311538187.txt -> /home/shahbazk/Projects/DFS_Semi_Streaming/input/random_graphs/graph_600_14696_POWLAW_6002685213311538187.txt (Time: 0.00s)
📦 COPIED from HDD: /media/HDD/Projects/ExpDFS/graph_600_14696_POWLAW_1070244953599069350.txt -> /home/shahbazk/Projects/DFS_Semi_Streaming/input/random_graphs/graph_600_14696_POWLAW_1070244953599069350.txt (Time: 0.00s)
📦 COPIED from HDD: /media/HDD/Projects/ExpDFS/graph_600_14696_POWLAW_7473196763798409428.txt -> /home/shahbazk/Projects/DFS_Semi_Streaming/input/random_graphs/graph_600_14696_POWLAW_7473196763798409428.txt (Time: 0.00s)
📦 COPIED from HDD: /media/HDD/Projects/ExpDFS/graph_600_14696_POWLAW_1024517563182776983.txt -> /home/shahbazk/Projects/DFS_Semi_Streaming/input/random_graphs/graph_600_14696_POWLAW_1024517563182776983.txt (Time: 0.00s)
📦 COPIED from HDD: /media/HDD/Projects/ExpDFS/graph_600_14696_POWLAW_3224265581699847191.txt -> /home/shahbazk/Projects/DFS_Semi_Streaming/input/random_graphs/graph_600_14696_POWLAW_3224265581699847191.txt (Time: 0.00s)
📦 COPIED from HDD: /media/HDD/Projects/ExpDFS/graph_600_14696_POWLAW_5258051056098597521.txt -> /home/shahbazk/Projects/DFS_Semi_Streaming/input/random_graphs/graph_600_14696_POWLAW_5258051056098597521.txt (Time: 0.00s)
📦 COPIED from HDD: /media/HDD/Projects/ExpDFS/graph_600_14696_POWLAW_1647170069535670909.txt -> /home/shahbazk/Projects/DFS_Semi_Streaming/input/random_graphs/graph_600_14696_POWLAW_1647170069535670909.txt (Time: 0.00s)
📦 COPIED from HDD: /media/HDD/Projects/ExpDFS/graph_600_14696_POWLAW_1853590723603270879.txt -> /home/shahbazk/Projects/DFS_Semi_Streaming/input/random_graphs/graph_600_14696_POWLAW_1853590723603270879.txt (Time: 0.00s)
📦 COPIED from HDD: /media/HDD/Projects/ExpDFS/graph_600_14696_POWLAW_7706236040662210848.txt -> /home/shahbazk/Projects/DFS_Semi_Streaming/input/random_graphs/graph_600_14696_POWLAW_7706236040662210848.txt (Time: 0.00s)
📦 COPIED from HDD: /media/HDD/Projects/ExpDFS/graph_600_14696_POWLAW_1731523882129807996.txt -> /home/shahbazk/Projects/DFS_Semi_Streaming/input/random_graphs/graph_600_14696_POWLAW_1731523882129807996.txt (Time: 0.00s)
📦 COPIED from HDD: /media/HDD/Projects/ExpDFS/graph_600_14696_POWLAW_4122784633514911760.txt -> /home/shahbazk/Projects/DFS_Semi_Streaming/input/random_graphs/graph_600_14696_POWLAW_4122784633514911760.txt (Time: 0.00s)
📦 COPIED from HDD: /media/HDD/Projects/ExpDFS/graph_600_14696_POWLAW_7029781962072644698.txt -> /home/shahbazk/Projects/DFS_Semi_Streaming/input/random_graphs/graph_600_14696_POWLAW_7029781962072644698.txt (Time: 0.00s)
📦 COPIED from HDD: /media/HDD/Projects/ExpDFS/graph_600_14696_POWLAW_824387247617288499.txt -> /home/shahbazk/Projects/DFS_Semi_Streaming/input/random_graphs/graph_600_14696_POWLAW_824387247617288499.txt (Time: 0.00s)
📦 COPIED from HDD: /media/HDD/Projects/ExpDFS/graph_600_14696_POWLAW_5708372698381010775.txt -> /home/shahbazk/Projects/DFS_Semi_Streaming/input/random_graphs/graph_600_14696_POWLAW_5708372698381010775.txt (Time: 0.00s)
📦 COPIED from HDD: /media/HDD/Projects/ExpDFS/graph_600_14696_POWLAW_5529616217668449934.txt -> /home/shahbazk/Projects/DFS_Semi_Streaming/input/random_graphs/graph_600_14696_POWLAW_5529616217668449934.txt (Time: 0.00s)
📦 COPIED from HDD: /media/HDD/Projects/ExpDFS/graph_600_14696_POWLAW_1632192924771168275.txt -> /home/shahbazk/Projects/DFS_Semi_Streaming/input/random_graphs/graph_600_14696_POWLAW_1632192924771168275.txt (Time: 0.00s)
📦 COPIED from HDD: /media/HDD/Projects/ExpDFS/graph_600_14696_POWLAW_7161906730445628483.txt -> /home/shahbazk/Projects/DFS_Semi_Streaming/input/random_graphs/graph_600_14696_POWLAW_7161906730445628483.txt (Time: 0.00s)
📦 COPIED from HDD: /media/HDD/Projects/ExpDFS/graph_600_14696_POWLAW_6802378520969450157.txt -> /home/shahbazk/Projects/DFS_Semi_Streaming/input/random_graphs/graph_600_14696_POWLAW_6802378520969450157.txt (Time: 0.00s)
📦 COPIED from HDD: /media/HDD/Projects/ExpDFS/graph_600_14696_POWLAW_521787134863155063.txt -> /home/shahbazk/Projects/DFS_Semi_Streaming/input/random_graphs/graph_600_14696_POWLAW_521787134863155063.txt (Time: 0.00s)
📦 COPIED from HDD: /media/HDD/Projects/ExpDFS/graph_600_14696_POWLAW_4552998297316576788.txt -> /home/shahbazk/Projects/DFS_Semi_Streaming/input/random_graphs/graph_600_14696_POWLAW_4552998297316576788.txt (Time: 0.00s)
📦 COPIED from HDD: /media/HDD/Projects/ExpDFS/graph_600_14696_POWLAW_6785030173969523435.txt -> /home/shahbazk/Projects/DFS_Semi_Streaming/input/random_graphs/graph_600_14696_POWLAW_6785030173969523435.txt (Time: 0.00s)
📦 COPIED from HDD: /media/HDD/Projects/ExpDFS/graph_600_14696_POWLAW_8031431416522537101.txt -> /home/shahbazk/Projects/DFS_Semi_Streaming/input/random_graphs/graph_600_14696_POWLAW_8031431416522537101.txt (Time: 0.00s)
📦 COPIED from HDD: /media/HDD/Projects/ExpDFS/graph_600_14696_POWLAW_6143643868734370809.txt -> /home/shahbazk/Projects/DFS_Semi_Streaming/input/random_graphs/graph_600_14696_POWLAW_6143643868734370809.txt (Time: 0.00s)
📦 COPIED from HDD: /media/HDD/Projects/ExpDFS/graph_600_14696_POWLAW_5636411189175451024.txt -> /home/shahbazk/Projects/DFS_Semi_Streaming/input/random_graphs/graph_600_14696_POWLAW_5636411189175451024.txt (Time: 0.00s)
📦 COPIED from HDD: /media/HDD/Projects/ExpDFS/graph_600_14696_POWLAW_5349491008325879064.txt -> /home/shahbazk/Projects/DFS_Semi_Streaming/input/random_graphs/graph_600_14696_POWLAW_5349491008325879064.txt (Time: 0.00s)
📦 COPIED from HDD: /media/HDD/Projects/ExpDFS/graph_600_14696_POWLAW_6614505080519948832.txt -> /home/shahbazk/Projects/DFS_Semi_Streaming/input/random_graphs/graph_600_14696_POWLAW_6614505080519948832.txt (Time: 0.00s)
📦 COPIED from HDD: /media/HDD/Projects/ExpDFS/graph_600_14696_POWLAW_7917045922527545890.txt -> /home/shahbazk/Projects/DFS_Semi_Streaming/input/random_graphs/graph_600_14696_POWLAW_7917045922527545890.txt (Time: 0.00s)
📦 COPIED from HDD: /media/HDD/Projects/ExpDFS/graph_600_14696_POWLAW_4445925461710302877.txt -> /home/shahbazk/Projects/DFS_Semi_Streaming/input/random_graphs/graph_600_14696_POWLAW_4445925461710302877.txt (Time: 0.00s)
📦 COPIED from HDD: /media/HDD/Projects/ExpDFS/graph_600_14696_POWLAW_7921282862123281598.txt -> /home/shahbazk/Projects/DFS_Semi_Streaming/input/random_graphs/graph_600_14696_POWLAW_7921282862123281598.txt (Time: 0.00s)
📦 COPIED from HDD: /media/HDD/Projects/ExpDFS/graph_600_14696_POWLAW_3865339568260874865.txt -> /home/shahbazk/Projects/DFS_Semi_Streaming/input/random_graphs/graph_600_14696_POWLAW_3865339568260874865.txt (Time: 0.00s)
📦 COPIED from HDD: /media/HDD/Projects/ExpDFS/graph_600_14696_POWLAW_1128313391724783137.txt -> /home/shahbazk/Projects/DFS_Semi_Streaming/input/random_graphs/graph_600_14696_POWLAW_1128313391724783137.txt (Time: 0.00s)
📦 COPIED from HDD: /media/HDD/Projects/ExpDFS/graph_600_14696_POWLAW_7938560551762094560.txt -> /home/shahbazk/Projects/DFS_Semi_Streaming/input/random_graphs/graph_600_14696_POWLAW_7938560551762094560.txt (Time: 0.00s)
📦 COPIED from HDD: /media/HDD/Projects/ExpDFS/graph_600_14696_POWLAW_716820155901718944.txt -> /home/shahbazk/Projects/DFS_Semi_Streaming/input/random_graphs/graph_600_14696_POWLAW_716820155901718944.txt (Time: 0.00s)
📦 COPIED from HDD: /media/HDD/Projects/ExpDFS/graph_600_14696_POWLAW_8718380604043999642.txt -> /home/shahbazk/Projects/DFS_Semi_Streaming/input/random_graphs/graph_600_14696_POWLAW_8718380604043999642.txt (Time: 0.00s)
📦 COPIED from HDD: /media/HDD/Projects/ExpDFS/graph_600_14696_POWLAW_6224222471595207695.txt -> /home/shahbazk/Projects/DFS_Semi_Streaming/input/random_graphs/graph_600_14696_POWLAW_6224222471595207695.txt (Time: 0.00s)
📦 COPIED from HDD: /media/HDD/Projects/ExpDFS/graph_600_14696_POWLAW_5063475852268941542.txt -> /home/shahbazk/Projects/DFS_Semi_Streaming/input/random_graphs/graph_600_14696_POWLAW_5063475852268941542.txt (Time: 0.00s)
📦 COPIED from HDD: /media/HDD/Projects/ExpDFS/graph_600_14696_POWLAW_3272308573967577038.txt -> /home/shahbazk/Projects/DFS_Semi_Streaming/input/random_graphs/graph_600_14696_POWLAW_3272308573967577038.txt (Time: 0.00s)
📦 COPIED from HDD: /media/HDD/Projects/ExpDFS/graph_600_14696_POWLAW_6529943913552561417.txt -> /home/shahbazk/Projects/DFS_Semi_Streaming/input/random_graphs/graph_600_14696_POWLAW_6529943913552561417.txt (Time: 0.00s)
📦 COPIED from HDD: /media/HDD/Projects/ExpDFS/graph_600_14696_POWLAW_3713827327871807734.txt -> /home/shahbazk/Projects/DFS_Semi_Streaming/input/random_graphs/graph_600_14696_POWLAW_3713827327871807734.txt (Time: 0.00s)
📦 COPIED from HDD: /media/HDD/Projects/ExpDFS/graph_600_14696_POWLAW_8446481348147407377.txt -> /home/shahbazk/Projects/DFS_Semi_Streaming/input/random_graphs/graph_600_14696_POWLAW_8446481348147407377.txt (Time: 0.00s)
📦 COPIED from HDD: /media/HDD/Projects/ExpDFS/graph_600_14696_POWLAW_1170385908854608748.txt -> /home/shahbazk/Projects/DFS_Semi_Streaming/input/random_graphs/graph_600_14696_POWLAW_1170385908854608748.txt (Time: 0.00s)
📦 COPIED from HDD: /media/HDD/Projects/ExpDFS/graph_600_14696_POWLAW_5108599054664628607.txt -> /home/shahbazk/Projects/DFS_Semi_Streaming/input/random_graphs/graph_600_14696_POWLAW_5108599054664628607.txt (Time: 0.00s)
📦 COPIED from HDD: /media/HDD/Projects/ExpDFS/graph_600_14696_POWLAW_9130666990809746335.txt -> /home/shahbazk/Projects/DFS_Semi_Streaming/input/random_graphs/graph_600_14696_POWLAW_9130666990809746335.txt (Time: 0.00s)
📦 COPIED from HDD: /media/HDD/Projects/ExpDFS/graph_600_14696_POWLAW_1458186392400727732.txt -> /home/shahbazk/Projects/DFS_Semi_Streaming/input/random_graphs/graph_600_14696_POWLAW_1458186392400727732.txt (Time: 0.00s)
📦 COPIED from HDD: /media/HDD/Projects/ExpDFS/graph_600_14696_POWLAW_2909934787168262407.txt -> /home/shahbazk/Projects/DFS_Semi_Streaming/input/random_graphs/graph_600_14696_POWLAW_2909934787168262407.txt (Time: 0.00s)
📦 COPIED from HDD: /media/HDD/Projects/ExpDFS/graph_600_14696_POWLAW_3817405844514670994.txt -> /home/shahbazk/Projects/DFS_Semi_Streaming/input/random_graphs/graph_600_14696_POWLAW_3817405844514670994.txt (Time: 0.00s)
📦 COPIED from HDD: /media/HDD/Projects/ExpDFS/graph_600_14696_POWLAW_199422815561151340.txt -> /home/shahbazk/Projects/DFS_Semi_Streaming/input/random_graphs/graph_600_14696_POWLAW_199422815561151340.txt (Time: 0.00s)
📦 COPIED from HDD: /media/HDD/Projects/ExpDFS/graph_600_14696_POWLAW_6022436717541034636.txt -> /home/shahbazk/Projects/DFS_Semi_Streaming/input/random_graphs/graph_600_14696_POWLAW_6022436717541034636.txt (Time: 0.00s)
📦 COPIED from HDD: /media/HDD/Projects/ExpDFS/graph_600_14696_POWLAW_4997514996153925447.txt -> /home/shahbazk/Projects/DFS_Semi_Streaming/input/random_graphs/graph_600_14696_POWLAW_4997514996153925447.txt (Time: 0.00s)
📦 COPIED from HDD: /media/HDD/Projects/ExpDFS/graph_600_14696_POWLAW_7644420139408884785.txt -> /home/shahbazk/Projects/DFS_Semi_Streaming/input/random_graphs/graph_600_14696_POWLAW_7644420139408884785.txt (Time: 0.00s)
📦 COPIED from HDD: /media/HDD/Projects/ExpDFS/graph_600_14696_POWLAW_175493991617213850.txt -> /home/shahbazk/Projects/DFS_Semi_Streaming/input/random_graphs/graph_600_14696_POWLAW_175493991617213850.txt (Time: 0.00s)
📦 COPIED from HDD: /media/HDD/Projects/ExpDFS/graph_600_14696_POWLAW_6764066939395682287.txt -> /home/shahbazk/Projects/DFS_Semi_Streaming/input/random_graphs/graph_600_14696_POWLAW_6764066939395682287.txt (Time: 0.00s)
📦 COPIED from HDD: /media/HDD/Projects/ExpDFS/graph_600_14696_POWLAW_9060210648189963449.txt -> /home/shahbazk/Projects/DFS_Semi_Streaming/input/random_graphs/graph_600_14696_POWLAW_9060210648189963449.txt (Time: 0.00s)
📦 COPIED from HDD: /media/HDD/Projects/ExpDFS/graph_600_14696_POWLAW_5497874167834979553.txt -> /home/shahbazk/Projects/DFS_Semi_Streaming/input/random_graphs/graph_600_14696_POWLAW_5497874167834979553.txt (Time: 0.00s)
📦 COPIED from HDD: /media/HDD/Projects/ExpDFS/graph_600_14696_POWLAW_4060584409398689268.txt -> /home/shahbazk/Projects/DFS_Semi_Streaming/input/random_graphs/graph_600_14696_POWLAW_4060584409398689268.txt (Time: 0.00s)
📦 COPIED from HDD: /media/HDD/Projects/ExpDFS/graph_700_18520_POWLAW_6230961512046992311.txt -> /home/shahbazk/Projects/DFS_Semi_Streaming/input/random_graphs/graph_700_18520_POWLAW_6230961512046992311.txt (Time: 0.00s)
📦 COPIED from HDD: /media/HDD/Projects/ExpDFS/graph_600_14696_POWLAW_1332005502874566195.txt -> /home/shahbazk/Projects/DFS_Semi_Streaming/input/random_graphs/graph_600_14696_POWLAW_1332005502874566195.txt (Time: 0.00s)
📦 COPIED from HDD: /media/HDD/Projects/ExpDFS/graph_600_14696_POWLAW_1722224698700348310.txt -> /home/shahbazk/Projects/DFS_Semi_Streaming/input/random_graphs/graph_600_14696_POWLAW_1722224698700348310.txt (Time: 0.00s)
📦 COPIED from HDD: /media/HDD/Projects/ExpDFS/graph_600_14696_POWLAW_8626102704817790064.txt -> /home/shahbazk/Projects/DFS_Semi_Streaming/input/random_graphs/graph_600_14696_POWLAW_8626102704817790064.txt (Time: 0.00s)
📦 COPIED from HDD: /media/HDD/Projects/ExpDFS/graph_600_14696_POWLAW_8448596294177070022.txt -> /home/shahbazk/Projects/DFS_Semi_Streaming/input/random_graphs/graph_600_14696_POWLAW_8448596294177070022.txt (Time: 0.00s)
📦 COPIED from HDD: /media/HDD/Projects/ExpDFS/graph_600_14696_POWLAW_1392892770529522614.txt -> /home/shahbazk/Projects/DFS_Semi_Streaming/input/random_graphs/graph_600_14696_POWLAW_1392892770529522614.txt (Time: 0.00s)
📦 COPIED from HDD: /media/HDD/Projects/ExpDFS/graph_600_14696_POWLAW_4250897495980125004.txt -> /home/shahbazk/Projects/DFS_Semi_Streaming/input/random_graphs/graph_600_14696_POWLAW_4250897495980125004.txt (Time: 0.00s)
📦 COPIED from HDD: /media/HDD/Projects/ExpDFS/graph_600_14696_POWLAW_8794274795737982182.txt -> /home/shahbazk/Projects/DFS_Semi_Streaming/input/random_graphs/graph_600_14696_POWLAW_8794274795737982182.txt (Time: 0.00s)
📦 COPIED from HDD: /media/HDD/Projects/ExpDFS/graph_600_14696_POWLAW_2089506265998900862.txt -> /home/shahbazk/Projects/DFS_Semi_Streaming/input/random_graphs/graph_600_14696_POWLAW_2089506265998900862.txt (Time: 0.00s)
📦 COPIED from HDD: /media/HDD/Projects/ExpDFS/graph_600_14696_POWLAW_4795749165124911768.txt -> /home/shahbazk/Projects/DFS_Semi_Streaming/input/random_graphs/graph_600_14696_POWLAW_4795749165124911768.txt (Time: 0.00s)
📦 COPIED from HDD: /media/HDD/Projects/ExpDFS/graph_600_14696_POWLAW_7905487461282246979.txt -> /home/shahbazk/Projects/DFS_Semi_Streaming/input/random_graphs/graph_600_14696_POWLAW_7905487461282246979.txt (Time: 0.00s)
📦 COPIED from HDD: /media/HDD/Projects/ExpDFS/graph_600_14696_POWLAW_4934890601268679176.txt -> /home/shahbazk/Projects/DFS_Semi_Streaming/input/random_graphs/graph_600_14696_POWLAW_4934890601268679176.txt (Time: 0.00s)
📦 COPIED from HDD: /media/HDD/Projects/ExpDFS/graph_600_14696_POWLAW_1992204328026194281.txt -> /home/shahbazk/Projects/DFS_Semi_Streaming/input/random_graphs/graph_600_14696_POWLAW_1992204328026194281.txt (Time: 0.00s)
📦 COPIED from HDD: /media/HDD/Projects/ExpDFS/graph_600_14696_POWLAW_9059990922233379852.txt -> /home/shahbazk/Projects/DFS_Semi_Streaming/input/random_graphs/graph_600_14696_POWLAW_9059990922233379852.txt (Time: 0.00s)
📦 COPIED from HDD: /media/HDD/Projects/ExpDFS/graph_600_14696_POWLAW_2718103348384927511.txt -> /home/shahbazk/Projects/DFS_Semi_Streaming/input/random_graphs/graph_600_14696_POWLAW_2718103348384927511.txt (Time: 0.00s)
📦 COPIED from HDD: /media/HDD/Projects/ExpDFS/graph_600_14696_POWLAW_7449662661572224354.txt -> /home/shahbazk/Projects/DFS_Semi_Streaming/input/random_graphs/graph_600_14696_POWLAW_7449662661572224354.txt (Time: 0.00s)
📦 COPIED from HDD: /media/HDD/Projects/ExpDFS/graph_600_14696_POWLAW_8867616339855336876.txt -> /home/shahbazk/Projects/DFS_Semi_Streaming/input/random_graphs/graph_600_14696_POWLAW_8867616339855336876.txt (Time: 0.00s)
📦 COPIED from HDD: /media/HDD/Projects/ExpDFS/graph_600_14696_POWLAW_7983805977214098674.txt -> /home/shahbazk/Projects/DFS_Semi_Streaming/input/random_graphs/graph_600_14696_POWLAW_7983805977214098674.txt (Time: 0.00s)
📦 COPIED from HDD: /media/HDD/Projects/ExpDFS/graph_600_14696_POWLAW_7632458674696225362.txt -> /home/shahbazk/Projects/DFS_Semi_Streaming/input/random_graphs/graph_600_14696_POWLAW_7632458674696225362.txt (Time: 0.00s)
📦 COPIED from HDD: /media/HDD/Projects/ExpDFS/graph_600_14696_POWLAW_7118744415197196276.txt -> /home/shahbazk/Projects/DFS_Semi_Streaming/input/random_graphs/graph_600_14696_POWLAW_7118744415197196276.txt (Time: 0.00s)
📦 COPIED from HDD: /media/HDD/Projects/ExpDFS/graph_600_14696_POWLAW_3221421291694197220.txt -> /home/shahbazk/Projects/DFS_Semi_Streaming/input/random_graphs/graph_600_14696_POWLAW_3221421291694197220.txt (Time: 0.00s)
📦 COPIED from HDD: /media/HDD/Projects/ExpDFS/graph_600_14696_POWLAW_5894893360759659423.txt -> /home/shahbazk/Projects/DFS_Semi_Streaming/input/random_graphs/graph_600_14696_POWLAW_5894893360759659423.txt (Time: 0.00s)
📦 COPIED from HDD: /media/HDD/Projects/ExpDFS/graph_600_14696_POWLAW_4940913311242578590.txt -> /home/shahbazk/Projects/DFS_Semi_Streaming/input/random_graphs/graph_600_14696_POWLAW_4940913311242578590.txt (Time: 0.00s)
📦 COPIED from HDD: /media/HDD/Projects/ExpDFS/graph_600_14696_POWLAW_2264398621601381987.txt -> /home/shahbazk/Projects/DFS_Semi_Streaming/input/random_graphs/graph_600_14696_POWLAW_2264398621601381987.txt (Time: 0.00s)
📦 COPIED from HDD: /media/HDD/Projects/ExpDFS/graph_700_18520_POWLAW_7032710160631691991.txt -> /home/shahbazk/Projects/DFS_Semi_Streaming/input/random_graphs/graph_700_18520_POWLAW_7032710160631691991.txt (Time: 0.00s)
📦 COPIED from HDD: /media/HDD/Projects/ExpDFS/graph_700_18520_POWLAW_7599700178212337699.txt -> /home/shahbazk/Projects/DFS_Semi_Streaming/input/random_graphs/graph_700_18520_POWLAW_7599700178212337699.txt (Time: 0.00s)
📦 COPIED from HDD: /media/HDD/Projects/ExpDFS/graph_700_18520_POWLAW_5739955973604961613.txt -> /home/shahbazk/Projects/DFS_Semi_Streaming/input/random_graphs/graph_700_18520_POWLAW_5739955973604961613.txt (Time: 0.00s)
📦 COPIED from HDD: /media/HDD/Projects/ExpDFS/graph_700_18520_POWLAW_1353182403971399009.txt -> /home/shahbazk/Projects/DFS_Semi_Streaming/input/random_graphs/graph_700_18520_POWLAW_1353182403971399009.txt (Time: 0.00s)
📦 COPIED from HDD: /media/HDD/Projects/ExpDFS/graph_700_18520_POWLAW_6522163754831416203.txt -> /home/shahbazk/Projects/DFS_Semi_Streaming/input/random_graphs/graph_700_18520_POWLAW_6522163754831416203.txt (Time: 0.00s)
📦 COPIED from HDD: /media/HDD/Projects/ExpDFS/graph_700_18520_POWLAW_1070244953599069350.txt -> /home/shahbazk/Projects/DFS_Semi_Streaming/input/random_graphs/graph_700_18520_POWLAW_1070244953599069350.txt (Time: 0.00s)
📦 COPIED from HDD: /media/HDD/Projects/ExpDFS/graph_700_18520_POWLAW_6938562734920028532.txt -> /home/shahbazk/Projects/DFS_Semi_Streaming/input/random_graphs/graph_700_18520_POWLAW_6938562734920028532.txt (Time: 0.00s)
📦 COPIED from HDD: /media/HDD/Projects/ExpDFS/graph_700_18520_POWLAW_7871178979383552919.txt -> /home/shahbazk/Projects/DFS_Semi_Streaming/input/random_graphs/graph_700_18520_POWLAW_7871178979383552919.txt (Time: 0.00s)
📦 COPIED from HDD: /media/HDD/Projects/ExpDFS/graph_700_18520_POWLAW_3881801951614183357.txt -> /home/shahbazk/Projects/DFS_Semi_Streaming/input/random_graphs/graph_700_18520_POWLAW_3881801951614183357.txt (Time: 0.00s)
📦 COPIED from HDD: /media/HDD/Projects/ExpDFS/graph_700_18520_POWLAW_4040737767143389431.txt -> /home/shahbazk/Projects/DFS_Semi_Streaming/input/random_graphs/graph_700_18520_POWLAW_4040737767143389431.txt (Time: 0.00s)
📦 COPIED from HDD: /media/HDD/Projects/ExpDFS/graph_700_18520_POWLAW_3224265581699847191.txt -> /home/shahbazk/Projects/DFS_Semi_Streaming/input/random_graphs/graph_700_18520_POWLAW_3224265581699847191.txt (Time: 0.00s)
📦 COPIED from HDD: /media/HDD/Projects/ExpDFS/graph_700_18520_POWLAW_1024517563182776983.txt -> /home/shahbazk/Projects/DFS_Semi_Streaming/input/random_graphs/graph_700_18520_POWLAW_1024517563182776983.txt (Time: 0.00s)
📦 COPIED from HDD: /media/HDD/Projects/ExpDFS/graph_700_18520_POWLAW_1647170069535670909.txt -> /home/shahbazk/Projects/DFS_Semi_Streaming/input/random_graphs/graph_700_18520_POWLAW_1647170069535670909.txt (Time: 0.00s)
📦 COPIED from HDD: /media/HDD/Projects/ExpDFS/graph_700_18520_POWLAW_5258051056098597521.txt -> /home/shahbazk/Projects/DFS_Semi_Streaming/input/random_graphs/graph_700_18520_POWLAW_5258051056098597521.txt (Time: 0.00s)
📦 COPIED from HDD: /media/HDD/Projects/ExpDFS/graph_700_18520_POWLAW_4122784633514911760.txt -> /home/shahbazk/Projects/DFS_Semi_Streaming/input/random_graphs/graph_700_18520_POWLAW_4122784633514911760.txt (Time: 0.00s)
📦 COPIED from HDD: /media/HDD/Projects/ExpDFS/graph_700_18520_POWLAW_7706236040662210848.txt -> /home/shahbazk/Projects/DFS_Semi_Streaming/input/random_graphs/graph_700_18520_POWLAW_7706236040662210848.txt (Time: 0.00s)
📦 COPIED from HDD: /media/HDD/Projects/ExpDFS/graph_700_18520_POWLAW_824387247617288499.txt -> /home/shahbazk/Projects/DFS_Semi_Streaming/input/random_graphs/graph_700_18520_POWLAW_824387247617288499.txt (Time: 0.00s)
📦 COPIED from HDD: /media/HDD/Projects/ExpDFS/graph_700_18520_POWLAW_1632192924771168275.txt -> /home/shahbazk/Projects/DFS_Semi_Streaming/input/random_graphs/graph_700_18520_POWLAW_1632192924771168275.txt (Time: 0.00s)
📦 COPIED from HDD: /media/HDD/Projects/ExpDFS/graph_700_18520_POWLAW_1250005700364523649.txt -> /home/shahbazk/Projects/DFS_Semi_Streaming/input/random_graphs/graph_700_18520_POWLAW_1250005700364523649.txt (Time: 0.00s)
📦 COPIED from HDD: /media/HDD/Projects/ExpDFS/graph_700_18520_POWLAW_1309542850049879452.txt -> /home/shahbazk/Projects/DFS_Semi_Streaming/input/random_graphs/graph_700_18520_POWLAW_1309542850049879452.txt (Time: 0.00s)
📦 COPIED from HDD: /media/HDD/Projects/ExpDFS/graph_700_18520_POWLAW_2429002973740178792.txt -> /home/shahbazk/Projects/DFS_Semi_Streaming/input/random_graphs/graph_700_18520_POWLAW_2429002973740178792.txt (Time: 0.00s)
📦 COPIED from HDD: /media/HDD/Projects/ExpDFS/graph_700_18520_POWLAW_7663871783842725848.txt -> /home/shahbazk/Projects/DFS_Semi_Streaming/input/random_graphs/graph_700_18520_POWLAW_7663871783842725848.txt (Time: 0.00s)
📦 COPIED from HDD: /media/HDD/Projects/ExpDFS/graph_700_18520_POWLAW_320375091487821987.txt -> /home/shahbazk/Projects/DFS_Semi_Streaming/input/random_graphs/graph_700_18520_POWLAW_320375091487821987.txt (Time: 0.00s)
📦 COPIED from HDD: /media/HDD/Projects/ExpDFS/graph_700_18520_POWLAW_5906957480796939447.txt -> /home/shahbazk/Projects/DFS_Semi_Streaming/input/random_graphs/graph_700_18520_POWLAW_5906957480796939447.txt (Time: 0.00s)
📦 COPIED from HDD: /media/HDD/Projects/ExpDFS/graph_700_18520_POWLAW_1250773459040295677.txt -> /home/shahbazk/Projects/DFS_Semi_Streaming/input/random_graphs/graph_700_18520_POWLAW_1250773459040295677.txt (Time: 0.00s)
📦 COPIED from HDD: /media/HDD/Projects/ExpDFS/graph_700_18520_POWLAW_7146860528564146064.txt -> /home/shahbazk/Projects/DFS_Semi_Streaming/input/random_graphs/graph_700_18520_POWLAW_7146860528564146064.txt (Time: 0.00s)
📦 COPIED from HDD: /media/HDD/Projects/ExpDFS/graph_700_18520_POWLAW_3438400432146115956.txt -> /home/shahbazk/Projects/DFS_Semi_Streaming/input/random_graphs/graph_700_18520_POWLAW_3438400432146115956.txt (Time: 0.00s)
📦 COPIED from HDD: /media/HDD/Projects/ExpDFS/graph_700_18520_POWLAW_7473196763798409428.txt -> /home/shahbazk/Projects/DFS_Semi_Streaming/input/random_graphs/graph_700_18520_POWLAW_7473196763798409428.txt (Time: 0.00s)
📦 COPIED from HDD: /media/HDD/Projects/ExpDFS/graph_700_18520_POWLAW_5139481885857321791.txt -> /home/shahbazk/Projects/DFS_Semi_Streaming/input/random_graphs/graph_700_18520_POWLAW_5139481885857321791.txt (Time: 0.00s)
📦 COPIED from HDD: /media/HDD/Projects/ExpDFS/graph_700_18520_POWLAW_5142811650494845597.txt -> /home/shahbazk/Projects/DFS_Semi_Streaming/input/random_graphs/graph_700_18520_POWLAW_5142811650494845597.txt (Time: 0.00s)
📦 COPIED from HDD: /media/HDD/Projects/ExpDFS/graph_700_18520_POWLAW_3010622984418968408.txt -> /home/shahbazk/Projects/DFS_Semi_Streaming/input/random_graphs/graph_700_18520_POWLAW_3010622984418968408.txt (Time: 0.00s)
📦 COPIED from HDD: /media/HDD/Projects/ExpDFS/graph_700_18520_POWLAW_6002685213311538187.txt -> /home/shahbazk/Projects/DFS_Semi_Streaming/input/random_graphs/graph_700_18520_POWLAW_6002685213311538187.txt (Time: 0.00s)
📦 COPIED from HDD: /media/HDD/Projects/ExpDFS/graph_700_18520_POWLAW_5708372698381010775.txt -> /home/shahbazk/Projects/DFS_Semi_Streaming/input/random_graphs/graph_700_18520_POWLAW_5708372698381010775.txt (Time: 0.00s)
📦 COPIED from HDD: /media/HDD/Projects/ExpDFS/graph_700_18520_POWLAW_521787134863155063.txt -> /home/shahbazk/Projects/DFS_Semi_Streaming/input/random_graphs/graph_700_18520_POWLAW_521787134863155063.txt (Time: 0.00s)
📦 COPIED from HDD: /media/HDD/Projects/ExpDFS/graph_700_18520_POWLAW_1731523882129807996.txt -> /home/shahbazk/Projects/DFS_Semi_Streaming/input/random_graphs/graph_700_18520_POWLAW_1731523882129807996.txt (Time: 0.00s)
📦 COPIED from HDD: /media/HDD/Projects/ExpDFS/graph_700_18520_POWLAW_1853590723603270879.txt -> /home/shahbazk/Projects/DFS_Semi_Streaming/input/random_graphs/graph_700_18520_POWLAW_1853590723603270879.txt (Time: 0.00s)
📦 COPIED from HDD: /media/HDD/Projects/ExpDFS/graph_700_18520_POWLAW_7029781962072644698.txt -> /home/shahbazk/Projects/DFS_Semi_Streaming/input/random_graphs/graph_700_18520_POWLAW_7029781962072644698.txt (Time: 0.00s)
📦 COPIED from HDD: /media/HDD/Projects/ExpDFS/graph_700_18520_POWLAW_5529616217668449934.txt -> /home/shahbazk/Projects/DFS_Semi_Streaming/input/random_graphs/graph_700_18520_POWLAW_5529616217668449934.txt (Time: 0.00s)
📦 COPIED from HDD: /media/HDD/Projects/ExpDFS/graph_700_18520_POWLAW_6785030173969523435.txt -> /home/shahbazk/Projects/DFS_Semi_Streaming/input/random_graphs/graph_700_18520_POWLAW_6785030173969523435.txt (Time: 0.00s)
📦 COPIED from HDD: /media/HDD/Projects/ExpDFS/graph_700_18520_POWLAW_7161906730445628483.txt -> /home/shahbazk/Projects/DFS_Semi_Streaming/input/random_graphs/graph_700_18520_POWLAW_7161906730445628483.txt (Time: 0.00s)
📦 COPIED from HDD: /media/HDD/Projects/ExpDFS/graph_700_18520_POWLAW_4552998297316576788.txt -> /home/shahbazk/Projects/DFS_Semi_Streaming/input/random_graphs/graph_700_18520_POWLAW_4552998297316576788.txt (Time: 0.00s)
📦 COPIED from HDD: /media/HDD/Projects/ExpDFS/graph_700_18520_POWLAW_8031431416522537101.txt -> /home/shahbazk/Projects/DFS_Semi_Streaming/input/random_graphs/graph_700_18520_POWLAW_8031431416522537101.txt (Time: 0.00s)
📦 COPIED from HDD: /media/HDD/Projects/ExpDFS/graph_700_18520_POWLAW_6802378520969450157.txt -> /home/shahbazk/Projects/DFS_Semi_Streaming/input/random_graphs/graph_700_18520_POWLAW_6802378520969450157.txt (Time: 0.00s)
📦 COPIED from HDD: /media/HDD/Projects/ExpDFS/graph_700_18520_POWLAW_6143643868734370809.txt -> /home/shahbazk/Projects/DFS_Semi_Streaming/input/random_graphs/graph_700_18520_POWLAW_6143643868734370809.txt (Time: 0.00s)
📦 COPIED from HDD: /media/HDD/Projects/ExpDFS/graph_700_18520_POWLAW_5636411189175451024.txt -> /home/shahbazk/Projects/DFS_Semi_Streaming/input/random_graphs/graph_700_18520_POWLAW_5636411189175451024.txt (Time: 0.00s)
📦 COPIED from HDD: /media/HDD/Projects/ExpDFS/graph_700_18520_POWLAW_3272308573967577038.txt -> /home/shahbazk/Projects/DFS_Semi_Streaming/input/random_graphs/graph_700_18520_POWLAW_3272308573967577038.txt (Time: 0.00s)
📦 COPIED from HDD: /media/HDD/Projects/ExpDFS/graph_700_18520_POWLAW_5349491008325879064.txt -> /home/shahbazk/Projects/DFS_Semi_Streaming/input/random_graphs/graph_700_18520_POWLAW_5349491008325879064.txt (Time: 0.00s)
📦 COPIED from HDD: /media/HDD/Projects/ExpDFS/graph_700_18520_POWLAW_6614505080519948832.txt -> /home/shahbazk/Projects/DFS_Semi_Streaming/input/random_graphs/graph_700_18520_POWLAW_6614505080519948832.txt (Time: 0.00s)
📦 COPIED from HDD: /media/HDD/Projects/ExpDFS/graph_700_18520_POWLAW_7938560551762094560.txt -> /home/shahbazk/Projects/DFS_Semi_Streaming/input/random_graphs/graph_700_18520_POWLAW_7938560551762094560.txt (Time: 0.00s)
📦 COPIED from HDD: /media/HDD/Projects/ExpDFS/graph_700_18520_POWLAW_4445925461710302877.txt -> /home/shahbazk/Projects/DFS_Semi_Streaming/input/random_graphs/graph_700_18520_POWLAW_4445925461710302877.txt (Time: 0.00s)
📦 COPIED from HDD: /media/HDD/Projects/ExpDFS/graph_700_18520_POWLAW_6224222471595207695.txt -> /home/shahbazk/Projects/DFS_Semi_Streaming/input/random_graphs/graph_700_18520_POWLAW_6224222471595207695.txt (Time: 0.00s)
📦 COPIED from HDD: /media/HDD/Projects/ExpDFS/graph_700_18520_POWLAW_4997514996153925447.txt -> /home/shahbazk/Projects/DFS_Semi_Streaming/input/random_graphs/graph_700_18520_POWLAW_4997514996153925447.txt (Time: 0.00s)
📦 COPIED from HDD: /media/HDD/Projects/ExpDFS/graph_700_18520_POWLAW_716820155901718944.txt -> /home/shahbazk/Projects/DFS_Semi_Streaming/input/random_graphs/graph_700_18520_POWLAW_716820155901718944.txt (Time: 0.00s)
📦 COPIED from HDD: /media/HDD/Projects/ExpDFS/graph_700_18520_POWLAW_5063475852268941542.txt -> /home/shahbazk/Projects/DFS_Semi_Streaming/input/random_graphs/graph_700_18520_POWLAW_5063475852268941542.txt (Time: 0.00s)
📦 COPIED from HDD: /media/HDD/Projects/ExpDFS/graph_700_18520_POWLAW_8718380604043999642.txt -> /home/shahbazk/Projects/DFS_Semi_Streaming/input/random_graphs/graph_700_18520_POWLAW_8718380604043999642.txt (Time: 0.00s)
📦 COPIED from HDD: /media/HDD/Projects/ExpDFS/graph_700_18520_POWLAW_3817405844514670994.txt -> /home/shahbazk/Projects/DFS_Semi_Streaming/input/random_graphs/graph_700_18520_POWLAW_3817405844514670994.txt (Time: 0.00s)
📦 COPIED from HDD: /media/HDD/Projects/ExpDFS/graph_700_18520_POWLAW_8446481348147407377.txt -> /home/shahbazk/Projects/DFS_Semi_Streaming/input/random_graphs/graph_700_18520_POWLAW_8446481348147407377.txt (Time: 0.00s)
📦 COPIED from HDD: /media/HDD/Projects/ExpDFS/graph_700_18520_POWLAW_6022436717541034636.txt -> /home/shahbazk/Projects/DFS_Semi_Streaming/input/random_graphs/graph_700_18520_POWLAW_6022436717541034636.txt (Time: 0.00s)
📦 COPIED from HDD: /media/HDD/Projects/ExpDFS/graph_700_18520_POWLAW_3865339568260874865.txt -> /home/shahbazk/Projects/DFS_Semi_Streaming/input/random_graphs/graph_700_18520_POWLAW_3865339568260874865.txt (Time: 0.00s)
📦 COPIED from HDD: /media/HDD/Projects/ExpDFS/graph_700_18520_POWLAW_1170385908854608748.txt -> /home/shahbazk/Projects/DFS_Semi_Streaming/input/random_graphs/graph_700_18520_POWLAW_1170385908854608748.txt (Time: 0.00s)
📦 COPIED from HDD: /media/HDD/Projects/ExpDFS/graph_700_18520_POWLAW_2909934787168262407.txt -> /home/shahbazk/Projects/DFS_Semi_Streaming/input/random_graphs/graph_700_18520_POWLAW_2909934787168262407.txt (Time: 0.00s)
📦 COPIED from HDD: /media/HDD/Projects/ExpDFS/graph_700_18520_POWLAW_175493991617213850.txt -> /home/shahbazk/Projects/DFS_Semi_Streaming/input/random_graphs/graph_700_18520_POWLAW_175493991617213850.txt (Time: 0.00s)
📦 COPIED from HDD: /media/HDD/Projects/ExpDFS/graph_700_18520_POWLAW_3713827327871807734.txt -> /home/shahbazk/Projects/DFS_Semi_Streaming/input/random_graphs/graph_700_18520_POWLAW_3713827327871807734.txt (Time: 0.00s)
📦 COPIED from HDD: /media/HDD/Projects/ExpDFS/graph_700_18520_POWLAW_5108599054664628607.txt -> /home/shahbazk/Projects/DFS_Semi_Streaming/input/random_graphs/graph_700_18520_POWLAW_5108599054664628607.txt (Time: 0.00s)
📦 COPIED from HDD: /media/HDD/Projects/ExpDFS/graph_700_18520_POWLAW_7921282862123281598.txt -> /home/shahbazk/Projects/DFS_Semi_Streaming/input/random_graphs/graph_700_18520_POWLAW_7921282862123281598.txt (Time: 0.00s)
📦 COPIED from HDD: /media/HDD/Projects/ExpDFS/graph_700_18520_POWLAW_6764066939395682287.txt -> /home/shahbazk/Projects/DFS_Semi_Streaming/input/random_graphs/graph_700_18520_POWLAW_6764066939395682287.txt (Time: 0.00s)
📦 COPIED from HDD: /media/HDD/Projects/ExpDFS/graph_700_18520_POWLAW_7644420139408884785.txt -> /home/shahbazk/Projects/DFS_Semi_Streaming/input/random_graphs/graph_700_18520_POWLAW_7644420139408884785.txt (Time: 0.00s)
📦 COPIED from HDD: /media/HDD/Projects/ExpDFS/graph_700_18520_POWLAW_9130666990809746335.txt -> /home/shahbazk/Projects/DFS_Semi_Streaming/input/random_graphs/graph_700_18520_POWLAW_9130666990809746335.txt (Time: 0.00s)
📦 COPIED from HDD: /media/HDD/Projects/ExpDFS/graph_700_18520_POWLAW_7917045922527545890.txt -> /home/shahbazk/Projects/DFS_Semi_Streaming/input/random_graphs/graph_700_18520_POWLAW_7917045922527545890.txt (Time: 0.00s)
📦 COPIED from HDD: /media/HDD/Projects/ExpDFS/graph_700_18520_POWLAW_1128313391724783137.txt -> /home/shahbazk/Projects/DFS_Semi_Streaming/input/random_graphs/graph_700_18520_POWLAW_1128313391724783137.txt (Time: 0.00s)
📦 COPIED from HDD: /media/HDD/Projects/ExpDFS/graph_700_18520_POWLAW_199422815561151340.txt -> /home/shahbazk/Projects/DFS_Semi_Streaming/input/random_graphs/graph_700_18520_POWLAW_199422815561151340.txt (Time: 0.00s)
📦 COPIED from HDD: /media/HDD/Projects/ExpDFS/graph_700_18520_POWLAW_6529943913552561417.txt -> /home/shahbazk/Projects/DFS_Semi_Streaming/input/random_graphs/graph_700_18520_POWLAW_6529943913552561417.txt (Time: 0.00s)
📦 COPIED from HDD: /media/HDD/Projects/ExpDFS/graph_700_18520_POWLAW_1458186392400727732.txt -> /home/shahbazk/Projects/DFS_Semi_Streaming/input/random_graphs/graph_700_18520_POWLAW_1458186392400727732.txt (Time: 0.00s)
📦 COPIED from HDD: /media/HDD/Projects/ExpDFS/graph_700_18520_POWLAW_1392892770529522614.txt -> /home/shahbazk/Projects/DFS_Semi_Streaming/input/random_graphs/graph_700_18520_POWLAW_1392892770529522614.txt (Time: 0.00s)
📦 COPIED from HDD: /media/HDD/Projects/ExpDFS/graph_700_18520_POWLAW_4250897495980125004.txt -> /home/shahbazk/Projects/DFS_Semi_Streaming/input/random_graphs/graph_700_18520_POWLAW_4250897495980125004.txt (Time: 0.00s)
📦 COPIED from HDD: /media/HDD/Projects/ExpDFS/graph_700_18520_POWLAW_2089506265998900862.txt -> /home/shahbazk/Projects/DFS_Semi_Streaming/input/random_graphs/graph_700_18520_POWLAW_2089506265998900862.txt (Time: 0.00s)
📦 COPIED from HDD: /media/HDD/Projects/ExpDFS/graph_700_18520_POWLAW_5497874167834979553.txt -> /home/shahbazk/Projects/DFS_Semi_Streaming/input/random_graphs/graph_700_18520_POWLAW_5497874167834979553.txt (Time: 0.00s)
📦 COPIED from HDD: /media/HDD/Projects/ExpDFS/graph_700_18520_POWLAW_4060584409398689268.txt -> /home/shahbazk/Projects/DFS_Semi_Streaming/input/random_graphs/graph_700_18520_POWLAW_4060584409398689268.txt (Time: 0.00s)
📦 COPIED from HDD: /media/HDD/Projects/ExpDFS/graph_700_18520_POWLAW_1332005502874566195.txt -> /home/shahbazk/Projects/DFS_Semi_Streaming/input/random_graphs/graph_700_18520_POWLAW_1332005502874566195.txt (Time: 0.00s)
📦 COPIED from HDD: /media/HDD/Projects/ExpDFS/graph_700_18520_POWLAW_1722224698700348310.txt -> /home/shahbazk/Projects/DFS_Semi_Streaming/input/random_graphs/graph_700_18520_POWLAW_1722224698700348310.txt (Time: 0.00s)
📦 COPIED from HDD: /media/HDD/Projects/ExpDFS/graph_700_18520_POWLAW_8626102704817790064.txt -> /home/shahbazk/Projects/DFS_Semi_Streaming/input/random_graphs/graph_700_18520_POWLAW_8626102704817790064.txt (Time: 0.00s)
📦 COPIED from HDD: /media/HDD/Projects/ExpDFS/graph_700_18520_POWLAW_9060210648189963449.txt -> /home/shahbazk/Projects/DFS_Semi_Streaming/input/random_graphs/graph_700_18520_POWLAW_9060210648189963449.txt (Time: 0.00s)
📦 COPIED from HDD: /media/HDD/Projects/ExpDFS/graph_700_18520_POWLAW_7905487461282246979.txt -> /home/shahbazk/Projects/DFS_Semi_Streaming/input/random_graphs/graph_700_18520_POWLAW_7905487461282246979.txt (Time: 0.00s)
📦 COPIED from HDD: /media/HDD/Projects/ExpDFS/graph_700_18520_POWLAW_8448596294177070022.txt -> /home/shahbazk/Projects/DFS_Semi_Streaming/input/random_graphs/graph_700_18520_POWLAW_8448596294177070022.txt (Time: 0.00s)
📦 COPIED from HDD: /media/HDD/Projects/ExpDFS/graph_700_18520_POWLAW_4795749165124911768.txt -> /home/shahbazk/Projects/DFS_Semi_Streaming/input/random_graphs/graph_700_18520_POWLAW_4795749165124911768.txt (Time: 0.00s)
📦 COPIED from HDD: /media/HDD/Projects/ExpDFS/graph_700_18520_POWLAW_8794274795737982182.txt -> /home/shahbazk/Projects/DFS_Semi_Streaming/input/random_graphs/graph_700_18520_POWLAW_8794274795737982182.txt (Time: 0.00s)
📦 COPIED from HDD: /media/HDD/Projects/ExpDFS/graph_700_18520_POWLAW_4934890601268679176.txt -> /home/shahbazk/Projects/DFS_Semi_Streaming/input/random_graphs/graph_700_18520_POWLAW_4934890601268679176.txt (Time: 0.00s)
📦 COPIED from HDD: /media/HDD/Projects/ExpDFS/graph_700_18520_POWLAW_1992204328026194281.txt -> /home/shahbazk/Projects/DFS_Semi_Streaming/input/random_graphs/graph_700_18520_POWLAW_1992204328026194281.txt (Time: 0.00s)
📦 COPIED from HDD: /media/HDD/Projects/ExpDFS/graph_700_18520_POWLAW_2718103348384927511.txt -> /home/shahbazk/Projects/DFS_Semi_Streaming/input/random_graphs/graph_700_18520_POWLAW_2718103348384927511.txt (Time: 0.00s)
📦 COPIED from HDD: /media/HDD/Projects/ExpDFS/graph_700_18520_POWLAW_9059990922233379852.txt -> /home/shahbazk/Projects/DFS_Semi_Streaming/input/random_graphs/graph_700_18520_POWLAW_9059990922233379852.txt (Time: 0.00s)
📦 COPIED from HDD: /media/HDD/Projects/ExpDFS/graph_700_18520_POWLAW_7118744415197196276.txt -> /home/shahbazk/Projects/DFS_Semi_Streaming/input/random_graphs/graph_700_18520_POWLAW_7118744415197196276.txt (Time: 0.00s)
📦 COPIED from HDD: /media/HDD/Projects/ExpDFS/graph_700_18520_POWLAW_7449662661572224354.txt -> /home/shahbazk/Projects/DFS_Semi_Streaming/input/random_graphs/graph_700_18520_POWLAW_7449662661572224354.txt (Time: 0.00s)
📦 COPIED from HDD: /media/HDD/Projects/ExpDFS/graph_700_18520_POWLAW_3221421291694197220.txt -> /home/shahbazk/Projects/DFS_Semi_Streaming/input/random_graphs/graph_700_18520_POWLAW_3221421291694197220.txt (Time: 0.00s)
📦 COPIED from HDD: /media/HDD/Projects/ExpDFS/graph_800_22627_POWLAW_3881801951614183357.txt -> /home/shahbazk/Projects/DFS_Semi_Streaming/input/random_graphs/graph_800_22627_POWLAW_3881801951614183357.txt (Time: 0.00s)
📦 COPIED from HDD: /media/HDD/Projects/ExpDFS/graph_800_22627_POWLAW_5739955973604961613.txt -> /home/shahbazk/Projects/DFS_Semi_Streaming/input/random_graphs/graph_800_22627_POWLAW_5739955973604961613.txt (Time: 0.00s)
📦 COPIED from HDD: /media/HDD/Projects/ExpDFS/graph_800_22627_POWLAW_7871178979383552919.txt -> /home/shahbazk/Projects/DFS_Semi_Streaming/input/random_graphs/graph_800_22627_POWLAW_7871178979383552919.txt (Time: 0.00s)
📦 COPIED from HDD: /media/HDD/Projects/ExpDFS/graph_800_22627_POWLAW_7599700178212337699.txt -> /home/shahbazk/Projects/DFS_Semi_Streaming/input/random_graphs/graph_800_22627_POWLAW_7599700178212337699.txt (Time: 0.00s)
📦 COPIED from HDD: /media/HDD/Projects/ExpDFS/graph_800_22627_POWLAW_7032710160631691991.txt -> /home/shahbazk/Projects/DFS_Semi_Streaming/input/random_graphs/graph_800_22627_POWLAW_7032710160631691991.txt (Time: 0.00s)
📦 COPIED from HDD: /media/HDD/Projects/ExpDFS/graph_700_18520_POWLAW_8867616339855336876.txt -> /home/shahbazk/Projects/DFS_Semi_Streaming/input/random_graphs/graph_700_18520_POWLAW_8867616339855336876.txt (Time: 0.00s)
📦 COPIED from HDD: /media/HDD/Projects/ExpDFS/graph_700_18520_POWLAW_7983805977214098674.txt -> /home/shahbazk/Projects/DFS_Semi_Streaming/input/random_graphs/graph_700_18520_POWLAW_7983805977214098674.txt (Time: 0.00s)
📦 COPIED from HDD: /media/HDD/Projects/ExpDFS/graph_700_18520_POWLAW_5894893360759659423.txt -> /home/shahbazk/Projects/DFS_Semi_Streaming/input/random_graphs/graph_700_18520_POWLAW_5894893360759659423.txt (Time: 0.00s)
📦 COPIED from HDD: /media/HDD/Projects/ExpDFS/graph_700_18520_POWLAW_4940913311242578590.txt -> /home/shahbazk/Projects/DFS_Semi_Streaming/input/random_graphs/graph_700_18520_POWLAW_4940913311242578590.txt (Time: 0.00s)
📦 COPIED from HDD: /media/HDD/Projects/ExpDFS/graph_700_18520_POWLAW_2264398621601381987.txt -> /home/shahbazk/Projects/DFS_Semi_Streaming/input/random_graphs/graph_700_18520_POWLAW_2264398621601381987.txt (Time: 0.00s)
📦 COPIED from HDD: /media/HDD/Projects/ExpDFS/graph_700_18520_POWLAW_7632458674696225362.txt -> /home/shahbazk/Projects/DFS_Semi_Streaming/input/random_graphs/graph_700_18520_POWLAW_7632458674696225362.txt (Time: 0.00s)
📦 COPIED from HDD: /media/HDD/Projects/ExpDFS/graph_800_22627_POWLAW_1353182403971399009.txt -> /home/shahbazk/Projects/DFS_Semi_Streaming/input/random_graphs/graph_800_22627_POWLAW_1353182403971399009.txt (Time: 0.00s)
📦 COPIED from HDD: /media/HDD/Projects/ExpDFS/graph_800_22627_POWLAW_1070244953599069350.txt -> /home/shahbazk/Projects/DFS_Semi_Streaming/input/random_graphs/graph_800_22627_POWLAW_1070244953599069350.txt (Time: 0.00s)
📦 COPIED from HDD: /media/HDD/Projects/ExpDFS/graph_800_22627_POWLAW_6522163754831416203.txt -> /home/shahbazk/Projects/DFS_Semi_Streaming/input/random_graphs/graph_800_22627_POWLAW_6522163754831416203.txt (Time: 0.00s)
📦 COPIED from HDD: /media/HDD/Projects/ExpDFS/graph_800_22627_POWLAW_4040737767143389431.txt -> /home/shahbazk/Projects/DFS_Semi_Streaming/input/random_graphs/graph_800_22627_POWLAW_4040737767143389431.txt (Time: 0.00s)
📦 COPIED from HDD: /media/HDD/Projects/ExpDFS/graph_800_22627_POWLAW_1250005700364523649.txt -> /home/shahbazk/Projects/DFS_Semi_Streaming/input/random_graphs/graph_800_22627_POWLAW_1250005700364523649.txt (Time: 0.00s)
📦 COPIED from HDD: /media/HDD/Projects/ExpDFS/graph_800_22627_POWLAW_2429002973740178792.txt -> /home/shahbazk/Projects/DFS_Semi_Streaming/input/random_graphs/graph_800_22627_POWLAW_2429002973740178792.txt (Time: 0.00s)
📦 COPIED from HDD: /media/HDD/Projects/ExpDFS/graph_800_22627_POWLAW_7663871783842725848.txt -> /home/shahbazk/Projects/DFS_Semi_Streaming/input/random_graphs/graph_800_22627_POWLAW_7663871783842725848.txt (Time: 0.00s)
📦 COPIED from HDD: /media/HDD/Projects/ExpDFS/graph_800_22627_POWLAW_320375091487821987.txt -> /home/shahbazk/Projects/DFS_Semi_Streaming/input/random_graphs/graph_800_22627_POWLAW_320375091487821987.txt (Time: 0.00s)
📦 COPIED from HDD: /media/HDD/Projects/ExpDFS/graph_800_22627_POWLAW_1250773459040295677.txt -> /home/shahbazk/Projects/DFS_Semi_Streaming/input/random_graphs/graph_800_22627_POWLAW_1250773459040295677.txt (Time: 0.00s)
📦 COPIED from HDD: /media/HDD/Projects/ExpDFS/graph_800_22627_POWLAW_7146860528564146064.txt -> /home/shahbazk/Projects/DFS_Semi_Streaming/input/random_graphs/graph_800_22627_POWLAW_7146860528564146064.txt (Time: 0.00s)
📦 COPIED from HDD: /media/HDD/Projects/ExpDFS/graph_800_22627_POWLAW_3438400432146115956.txt -> /home/shahbazk/Projects/DFS_Semi_Streaming/input/random_graphs/graph_800_22627_POWLAW_3438400432146115956.txt (Time: 0.00s)
📦 COPIED from HDD: /media/HDD/Projects/ExpDFS/graph_800_22627_POWLAW_1309542850049879452.txt -> /home/shahbazk/Projects/DFS_Semi_Streaming/input/random_graphs/graph_800_22627_POWLAW_1309542850049879452.txt (Time: 0.00s)
📦 COPIED from HDD: /media/HDD/Projects/ExpDFS/graph_800_22627_POWLAW_7473196763798409428.txt -> /home/shahbazk/Projects/DFS_Semi_Streaming/input/random_graphs/graph_800_22627_POWLAW_7473196763798409428.txt (Time: 0.00s)
📦 COPIED from HDD: /media/HDD/Projects/ExpDFS/graph_800_22627_POWLAW_5142811650494845597.txt -> /home/shahbazk/Projects/DFS_Semi_Streaming/input/random_graphs/graph_800_22627_POWLAW_5142811650494845597.txt (Time: 0.00s)
📦 COPIED from HDD: /media/HDD/Projects/ExpDFS/graph_800_22627_POWLAW_6002685213311538187.txt -> /home/shahbazk/Projects/DFS_Semi_Streaming/input/random_graphs/graph_800_22627_POWLAW_6002685213311538187.txt (Time: 0.00s)
📦 COPIED from HDD: /media/HDD/Projects/ExpDFS/graph_800_22627_POWLAW_5139481885857321791.txt -> /home/shahbazk/Projects/DFS_Semi_Streaming/input/random_graphs/graph_800_22627_POWLAW_5139481885857321791.txt (Time: 0.00s)
📦 COPIED from HDD: /media/HDD/Projects/ExpDFS/graph_800_22627_POWLAW_3010622984418968408.txt -> /home/shahbazk/Projects/DFS_Semi_Streaming/input/random_graphs/graph_800_22627_POWLAW_3010622984418968408.txt (Time: 0.00s)
📦 COPIED from HDD: /media/HDD/Projects/ExpDFS/graph_800_22627_POWLAW_5906957480796939447.txt -> /home/shahbazk/Projects/DFS_Semi_Streaming/input/random_graphs/graph_800_22627_POWLAW_5906957480796939447.txt (Time: 0.00s)
📦 COPIED from HDD: /media/HDD/Projects/ExpDFS/graph_800_22627_POWLAW_1731523882129807996.txt -> /home/shahbazk/Projects/DFS_Semi_Streaming/input/random_graphs/graph_800_22627_POWLAW_1731523882129807996.txt (Time: 0.00s)
📦 COPIED from HDD: /media/HDD/Projects/ExpDFS/graph_800_22627_POWLAW_7029781962072644698.txt -> /home/shahbazk/Projects/DFS_Semi_Streaming/input/random_graphs/graph_800_22627_POWLAW_7029781962072644698.txt (Time: 0.00s)
📦 COPIED from HDD: /media/HDD/Projects/ExpDFS/graph_800_22627_POWLAW_6785030173969523435.txt -> /home/shahbazk/Projects/DFS_Semi_Streaming/input/random_graphs/graph_800_22627_POWLAW_6785030173969523435.txt (Time: 0.00s)
📦 COPIED from HDD: /media/HDD/Projects/ExpDFS/graph_800_22627_POWLAW_1024517563182776983.txt -> /home/shahbazk/Projects/DFS_Semi_Streaming/input/random_graphs/graph_800_22627_POWLAW_1024517563182776983.txt (Time: 0.00s)
📦 COPIED from HDD: /media/HDD/Projects/ExpDFS/graph_800_22627_POWLAW_5529616217668449934.txt -> /home/shahbazk/Projects/DFS_Semi_Streaming/input/random_graphs/graph_800_22627_POWLAW_5529616217668449934.txt (Time: 0.00s)
📦 COPIED from HDD: /media/HDD/Projects/ExpDFS/graph_800_22627_POWLAW_5708372698381010775.txt -> /home/shahbazk/Projects/DFS_Semi_Streaming/input/random_graphs/graph_800_22627_POWLAW_5708372698381010775.txt (Time: 0.00s)
📦 COPIED from HDD: /media/HDD/Projects/ExpDFS/graph_800_22627_POWLAW_6938562734920028532.txt -> /home/shahbazk/Projects/DFS_Semi_Streaming/input/random_graphs/graph_800_22627_POWLAW_6938562734920028532.txt (Time: 0.00s)
📦 COPIED from HDD: /media/HDD/Projects/ExpDFS/graph_800_22627_POWLAW_3224265581699847191.txt -> /home/shahbazk/Projects/DFS_Semi_Streaming/input/random_graphs/graph_800_22627_POWLAW_3224265581699847191.txt (Time: 0.00s)
📦 COPIED from HDD: /media/HDD/Projects/ExpDFS/graph_800_22627_POWLAW_1647170069535670909.txt -> /home/shahbazk/Projects/DFS_Semi_Streaming/input/random_graphs/graph_800_22627_POWLAW_1647170069535670909.txt (Time: 0.00s)
📦 COPIED from HDD: /media/HDD/Projects/ExpDFS/graph_800_22627_POWLAW_4122784633514911760.txt -> /home/shahbazk/Projects/DFS_Semi_Streaming/input/random_graphs/graph_800_22627_POWLAW_4122784633514911760.txt (Time: 0.00s)
📦 COPIED from HDD: /media/HDD/Projects/ExpDFS/graph_800_22627_POWLAW_521787134863155063.txt -> /home/shahbazk/Projects/DFS_Semi_Streaming/input/random_graphs/graph_800_22627_POWLAW_521787134863155063.txt (Time: 0.00s)
📦 COPIED from HDD: /media/HDD/Projects/ExpDFS/graph_800_22627_POWLAW_7706236040662210848.txt -> /home/shahbazk/Projects/DFS_Semi_Streaming/input/random_graphs/graph_800_22627_POWLAW_7706236040662210848.txt (Time: 0.00s)
📦 COPIED from HDD: /media/HDD/Projects/ExpDFS/graph_800_22627_POWLAW_824387247617288499.txt -> /home/shahbazk/Projects/DFS_Semi_Streaming/input/random_graphs/graph_800_22627_POWLAW_824387247617288499.txt (Time: 0.00s)
📦 COPIED from HDD: /media/HDD/Projects/ExpDFS/graph_800_22627_POWLAW_1632192924771168275.txt -> /home/shahbazk/Projects/DFS_Semi_Streaming/input/random_graphs/graph_800_22627_POWLAW_1632192924771168275.txt (Time: 0.00s)
📦 COPIED from HDD: /media/HDD/Projects/ExpDFS/graph_800_22627_POWLAW_1853590723603270879.txt -> /home/shahbazk/Projects/DFS_Semi_Streaming/input/random_graphs/graph_800_22627_POWLAW_1853590723603270879.txt (Time: 0.00s)
📦 COPIED from HDD: /media/HDD/Projects/ExpDFS/graph_800_22627_POWLAW_7161906730445628483.txt -> /home/shahbazk/Projects/DFS_Semi_Streaming/input/random_graphs/graph_800_22627_POWLAW_7161906730445628483.txt (Time: 0.00s)
📦 COPIED from HDD: /media/HDD/Projects/ExpDFS/graph_800_22627_POWLAW_5258051056098597521.txt -> /home/shahbazk/Projects/DFS_Semi_Streaming/input/random_graphs/graph_800_22627_POWLAW_5258051056098597521.txt (Time: 0.00s)
📦 COPIED from HDD: /media/HDD/Projects/ExpDFS/graph_800_22627_POWLAW_6802378520969450157.txt -> /home/shahbazk/Projects/DFS_Semi_Streaming/input/random_graphs/graph_800_22627_POWLAW_6802378520969450157.txt (Time: 0.00s)
📦 COPIED from HDD: /media/HDD/Projects/ExpDFS/graph_800_22627_POWLAW_4552998297316576788.txt -> /home/shahbazk/Projects/DFS_Semi_Streaming/input/random_graphs/graph_800_22627_POWLAW_4552998297316576788.txt (Time: 0.00s)
📦 COPIED from HDD: /media/HDD/Projects/ExpDFS/graph_800_22627_POWLAW_8031431416522537101.txt -> /home/shahbazk/Projects/DFS_Semi_Streaming/input/random_graphs/graph_800_22627_POWLAW_8031431416522537101.txt (Time: 0.00s)
📦 COPIED from HDD: /media/HDD/Projects/ExpDFS/graph_800_22627_POWLAW_6143643868734370809.txt -> /home/shahbazk/Projects/DFS_Semi_Streaming/input/random_graphs/graph_800_22627_POWLAW_6143643868734370809.txt (Time: 0.00s)
📦 COPIED from HDD: /media/HDD/Projects/ExpDFS/graph_800_22627_POWLAW_3272308573967577038.txt -> /home/shahbazk/Projects/DFS_Semi_Streaming/input/random_graphs/graph_800_22627_POWLAW_3272308573967577038.txt (Time: 0.00s)
📦 COPIED from HDD: /media/HDD/Projects/ExpDFS/graph_800_22627_POWLAW_6614505080519948832.txt -> /home/shahbazk/Projects/DFS_Semi_Streaming/input/random_graphs/graph_800_22627_POWLAW_6614505080519948832.txt (Time: 0.00s)
📦 COPIED from HDD: /media/HDD/Projects/ExpDFS/graph_800_22627_POWLAW_7938560551762094560.txt -> /home/shahbazk/Projects/DFS_Semi_Streaming/input/random_graphs/graph_800_22627_POWLAW_7938560551762094560.txt (Time: 0.00s)
📦 COPIED from HDD: /media/HDD/Projects/ExpDFS/graph_800_22627_POWLAW_5636411189175451024.txt -> /home/shahbazk/Projects/DFS_Semi_Streaming/input/random_graphs/graph_800_22627_POWLAW_5636411189175451024.txt (Time: 0.00s)
📦 COPIED from HDD: /media/HDD/Projects/ExpDFS/graph_800_22627_POWLAW_3865339568260874865.txt -> /home/shahbazk/Projects/DFS_Semi_Streaming/input/random_graphs/graph_800_22627_POWLAW_3865339568260874865.txt (Time: 0.00s)
📦 COPIED from HDD: /media/HDD/Projects/ExpDFS/graph_800_22627_POWLAW_5349491008325879064.txt -> /home/shahbazk/Projects/DFS_Semi_Streaming/input/random_graphs/graph_800_22627_POWLAW_5349491008325879064.txt (Time: 0.00s)
📦 COPIED from HDD: /media/HDD/Projects/ExpDFS/graph_800_22627_POWLAW_7921282862123281598.txt -> /home/shahbazk/Projects/DFS_Semi_Streaming/input/random_graphs/graph_800_22627_POWLAW_7921282862123281598.txt (Time: 0.00s)
📦 COPIED from HDD: /media/HDD/Projects/ExpDFS/graph_800_22627_POWLAW_4445925461710302877.txt -> /home/shahbazk/Projects/DFS_Semi_Streaming/input/random_graphs/graph_800_22627_POWLAW_4445925461710302877.txt (Time: 0.00s)
📦 COPIED from HDD: /media/HDD/Projects/ExpDFS/graph_800_22627_POWLAW_1128313391724783137.txt -> /home/shahbazk/Projects/DFS_Semi_Streaming/input/random_graphs/graph_800_22627_POWLAW_1128313391724783137.txt (Time: 0.00s)
📦 COPIED from HDD: /media/HDD/Projects/ExpDFS/graph_800_22627_POWLAW_6224222471595207695.txt -> /home/shahbazk/Projects/DFS_Semi_Streaming/input/random_graphs/graph_800_22627_POWLAW_6224222471595207695.txt (Time: 0.00s)
📦 COPIED from HDD: /media/HDD/Projects/ExpDFS/graph_800_22627_POWLAW_716820155901718944.txt -> /home/shahbazk/Projects/DFS_Semi_Streaming/input/random_graphs/graph_800_22627_POWLAW_716820155901718944.txt (Time: 0.00s)
📦 COPIED from HDD: /media/HDD/Projects/ExpDFS/graph_800_22627_POWLAW_7917045922527545890.txt -> /home/shahbazk/Projects/DFS_Semi_Streaming/input/random_graphs/graph_800_22627_POWLAW_7917045922527545890.txt (Time: 0.00s)
📦 COPIED from HDD: /media/HDD/Projects/ExpDFS/graph_800_22627_POWLAW_199422815561151340.txt -> /home/shahbazk/Projects/DFS_Semi_Streaming/input/random_graphs/graph_800_22627_POWLAW_199422815561151340.txt (Time: 0.00s)
📦 COPIED from HDD: /media/HDD/Projects/ExpDFS/graph_800_22627_POWLAW_175493991617213850.txt -> /home/shahbazk/Projects/DFS_Semi_Streaming/input/random_graphs/graph_800_22627_POWLAW_175493991617213850.txt (Time: 0.00s)
📦 COPIED from HDD: /media/HDD/Projects/ExpDFS/graph_800_22627_POWLAW_3713827327871807734.txt -> /home/shahbazk/Projects/DFS_Semi_Streaming/input/random_graphs/graph_800_22627_POWLAW_3713827327871807734.txt (Time: 0.00s)
📦 COPIED from HDD: /media/HDD/Projects/ExpDFS/graph_800_22627_POWLAW_5108599054664628607.txt -> /home/shahbazk/Projects/DFS_Semi_Streaming/input/random_graphs/graph_800_22627_POWLAW_5108599054664628607.txt (Time: 0.00s)
📦 COPIED from HDD: /media/HDD/Projects/ExpDFS/graph_800_22627_POWLAW_6764066939395682287.txt -> /home/shahbazk/Projects/DFS_Semi_Streaming/input/random_graphs/graph_800_22627_POWLAW_6764066939395682287.txt (Time: 0.00s)
📦 COPIED from HDD: /media/HDD/Projects/ExpDFS/graph_800_22627_POWLAW_9130666990809746335.txt -> /home/shahbazk/Projects/DFS_Semi_Streaming/input/random_graphs/graph_800_22627_POWLAW_9130666990809746335.txt (Time: 0.00s)
📦 COPIED from HDD: /media/HDD/Projects/ExpDFS/graph_800_22627_POWLAW_7644420139408884785.txt -> /home/shahbazk/Projects/DFS_Semi_Streaming/input/random_graphs/graph_800_22627_POWLAW_7644420139408884785.txt (Time: 0.00s)
📦 COPIED from HDD: /media/HDD/Projects/ExpDFS/graph_800_22627_POWLAW_1458186392400727732.txt -> /home/shahbazk/Projects/DFS_Semi_Streaming/input/random_graphs/graph_800_22627_POWLAW_1458186392400727732.txt (Time: 0.00s)
📦 COPIED from HDD: /media/HDD/Projects/ExpDFS/graph_800_22627_POWLAW_1392892770529522614.txt -> /home/shahbazk/Projects/DFS_Semi_Streaming/input/random_graphs/graph_800_22627_POWLAW_1392892770529522614.txt (Time: 0.00s)
📦 COPIED from HDD: /media/HDD/Projects/ExpDFS/graph_800_22627_POWLAW_9060210648189963449.txt -> /home/shahbazk/Projects/DFS_Semi_Streaming/input/random_graphs/graph_800_22627_POWLAW_9060210648189963449.txt (Time: 0.00s)
📦 COPIED from HDD: /media/HDD/Projects/ExpDFS/graph_800_22627_POWLAW_8794274795737982182.txt -> /home/shahbazk/Projects/DFS_Semi_Streaming/input/random_graphs/graph_800_22627_POWLAW_8794274795737982182.txt (Time: 0.00s)
📦 COPIED from HDD: /media/HDD/Projects/ExpDFS/graph_800_22627_POWLAW_2089506265998900862.txt -> /home/shahbazk/Projects/DFS_Semi_Streaming/input/random_graphs/graph_800_22627_POWLAW_2089506265998900862.txt (Time: 0.00s)
📦 COPIED from HDD: /media/HDD/Projects/ExpDFS/graph_800_22627_POWLAW_5497874167834979553.txt -> /home/shahbazk/Projects/DFS_Semi_Streaming/input/random_graphs/graph_800_22627_POWLAW_5497874167834979553.txt (Time: 0.00s)
📦 COPIED from HDD: /media/HDD/Projects/ExpDFS/graph_800_22627_POWLAW_4060584409398689268.txt -> /home/shahbazk/Projects/DFS_Semi_Streaming/input/random_graphs/graph_800_22627_POWLAW_4060584409398689268.txt (Time: 0.00s)
📦 COPIED from HDD: /media/HDD/Projects/ExpDFS/graph_800_22627_POWLAW_1332005502874566195.txt -> /home/shahbazk/Projects/DFS_Semi_Streaming/input/random_graphs/graph_800_22627_POWLAW_1332005502874566195.txt (Time: 0.00s)
📦 COPIED from HDD: /media/HDD/Projects/ExpDFS/graph_800_22627_POWLAW_1722224698700348310.txt -> /home/shahbazk/Projects/DFS_Semi_Streaming/input/random_graphs/graph_800_22627_POWLAW_1722224698700348310.txt (Time: 0.00s)
📦 COPIED from HDD: /media/HDD/Projects/ExpDFS/graph_800_22627_POWLAW_8626102704817790064.txt -> /home/shahbazk/Projects/DFS_Semi_Streaming/input/random_graphs/graph_800_22627_POWLAW_8626102704817790064.txt (Time: 0.00s)
📦 COPIED from HDD: /media/HDD/Projects/ExpDFS/graph_800_22627_POWLAW_7905487461282246979.txt -> /home/shahbazk/Projects/DFS_Semi_Streaming/input/random_graphs/graph_800_22627_POWLAW_7905487461282246979.txt (Time: 0.00s)
📦 COPIED from HDD: /media/HDD/Projects/ExpDFS/graph_800_22627_POWLAW_8448596294177070022.txt -> /home/shahbazk/Projects/DFS_Semi_Streaming/input/random_graphs/graph_800_22627_POWLAW_8448596294177070022.txt (Time: 0.00s)
📦 COPIED from HDD: /media/HDD/Projects/ExpDFS/graph_800_22627_POWLAW_4795749165124911768.txt -> /home/shahbazk/Projects/DFS_Semi_Streaming/input/random_graphs/graph_800_22627_POWLAW_4795749165124911768.txt (Time: 0.00s)
📦 COPIED from HDD: /media/HDD/Projects/ExpDFS/graph_800_22627_POWLAW_1992204328026194281.txt -> /home/shahbazk/Projects/DFS_Semi_Streaming/input/random_graphs/graph_800_22627_POWLAW_1992204328026194281.txt (Time: 0.00s)
📦 COPIED from HDD: /media/HDD/Projects/ExpDFS/graph_800_22627_POWLAW_4250897495980125004.txt -> /home/shahbazk/Projects/DFS_Semi_Streaming/input/random_graphs/graph_800_22627_POWLAW_4250897495980125004.txt (Time: 0.00s)
📦 COPIED from HDD: /media/HDD/Projects/ExpDFS/graph_800_22627_POWLAW_6230961512046992311.txt -> /home/shahbazk/Projects/DFS_Semi_Streaming/input/random_graphs/graph_800_22627_POWLAW_6230961512046992311.txt (Time: 0.00s)
📦 COPIED from HDD: /media/HDD/Projects/ExpDFS/graph_800_22627_POWLAW_7118744415197196276.txt -> /home/shahbazk/Projects/DFS_Semi_Streaming/input/random_graphs/graph_800_22627_POWLAW_7118744415197196276.txt (Time: 0.00s)
📦 COPIED from HDD: /media/HDD/Projects/ExpDFS/graph_800_22627_POWLAW_2718103348384927511.txt -> /home/shahbazk/Projects/DFS_Semi_Streaming/input/random_graphs/graph_800_22627_POWLAW_2718103348384927511.txt (Time: 0.00s)
📦 COPIED from HDD: /media/HDD/Projects/ExpDFS/graph_800_22627_POWLAW_9059990922233379852.txt -> /home/shahbazk/Projects/DFS_Semi_Streaming/input/random_graphs/graph_800_22627_POWLAW_9059990922233379852.txt (Time: 0.00s)
📦 COPIED from HDD: /media/HDD/Projects/ExpDFS/graph_800_22627_POWLAW_7449662661572224354.txt -> /home/shahbazk/Projects/DFS_Semi_Streaming/input/random_graphs/graph_800_22627_POWLAW_7449662661572224354.txt (Time: 0.00s)
📦 COPIED from HDD: /media/HDD/Projects/ExpDFS/graph_800_22627_POWLAW_3221421291694197220.txt -> /home/shahbazk/Projects/DFS_Semi_Streaming/input/random_graphs/graph_800_22627_POWLAW_3221421291694197220.txt (Time: 0.00s)
📦 COPIED from HDD: /media/HDD/Projects/ExpDFS/graph_800_22627_POWLAW_8867616339855336876.txt -> /home/shahbazk/Projects/DFS_Semi_Streaming/input/random_graphs/graph_800_22627_POWLAW_8867616339855336876.txt (Time: 0.00s)
📦 COPIED from HDD: /media/HDD/Projects/ExpDFS/graph_800_22627_POWLAW_5894893360759659423.txt -> /home/shahbazk/Projects/DFS_Semi_Streaming/input/random_graphs/graph_800_22627_POWLAW_5894893360759659423.txt (Time: 0.00s)
📦 COPIED from HDD: /media/HDD/Projects/ExpDFS/graph_800_22627_POWLAW_4934890601268679176.txt -> /home/shahbazk/Projects/DFS_Semi_Streaming/input/random_graphs/graph_800_22627_POWLAW_4934890601268679176.txt (Time: 0.00s)
📦 COPIED from HDD: /media/HDD/Projects/ExpDFS/graph_800_22627_POWLAW_6529943913552561417.txt -> /home/shahbazk/Projects/DFS_Semi_Streaming/input/random_graphs/graph_800_22627_POWLAW_6529943913552561417.txt (Time: 0.00s)
📦 COPIED from HDD: /media/HDD/Projects/ExpDFS/graph_800_22627_POWLAW_8718380604043999642.txt -> /home/shahbazk/Projects/DFS_Semi_Streaming/input/random_graphs/graph_800_22627_POWLAW_8718380604043999642.txt (Time: 0.00s)
📦 COPIED from HDD: /media/HDD/Projects/ExpDFS/graph_800_22627_POWLAW_6022436717541034636.txt -> /home/shahbazk/Projects/DFS_Semi_Streaming/input/random_graphs/graph_800_22627_POWLAW_6022436717541034636.txt (Time: 0.00s)
📦 COPIED from HDD: /media/HDD/Projects/ExpDFS/graph_800_22627_POWLAW_8446481348147407377.txt -> /home/shahbazk/Projects/DFS_Semi_Streaming/input/random_graphs/graph_800_22627_POWLAW_8446481348147407377.txt (Time: 0.00s)
📦 COPIED from HDD: /media/HDD/Projects/ExpDFS/graph_800_22627_POWLAW_4997514996153925447.txt -> /home/shahbazk/Projects/DFS_Semi_Streaming/input/random_graphs/graph_800_22627_POWLAW_4997514996153925447.txt (Time: 0.00s)
📦 COPIED from HDD: /media/HDD/Projects/ExpDFS/graph_800_22627_POWLAW_3817405844514670994.txt -> /home/shahbazk/Projects/DFS_Semi_Streaming/input/random_graphs/graph_800_22627_POWLAW_3817405844514670994.txt (Time: 0.00s)
📦 COPIED from HDD: /media/HDD/Projects/ExpDFS/graph_900_27000_POWLAW_7871178979383552919.txt -> /home/shahbazk/Projects/DFS_Semi_Streaming/input/random_graphs/graph_900_27000_POWLAW_7871178979383552919.txt (Time: 0.00s)
📦 COPIED from HDD: /media/HDD/Projects/ExpDFS/graph_900_27000_POWLAW_3881801951614183357.txt -> /home/shahbazk/Projects/DFS_Semi_Streaming/input/random_graphs/graph_900_27000_POWLAW_3881801951614183357.txt (Time: 0.00s)
📦 COPIED from HDD: /media/HDD/Projects/ExpDFS/graph_900_27000_POWLAW_5739955973604961613.txt -> /home/shahbazk/Projects/DFS_Semi_Streaming/input/random_graphs/graph_900_27000_POWLAW_5739955973604961613.txt (Time: 0.00s)
📦 COPIED from HDD: /media/HDD/Projects/ExpDFS/graph_900_27000_POWLAW_7599700178212337699.txt -> /home/shahbazk/Projects/DFS_Semi_Streaming/input/random_graphs/graph_900_27000_POWLAW_7599700178212337699.txt (Time: 0.00s)
📦 COPIED from HDD: /media/HDD/Projects/ExpDFS/graph_900_27000_POWLAW_6230961512046992311.txt -> /home/shahbazk/Projects/DFS_Semi_Streaming/input/random_graphs/graph_900_27000_POWLAW_6230961512046992311.txt (Time: 0.00s)
📦 COPIED from HDD: /media/HDD/Projects/ExpDFS/graph_900_27000_POWLAW_1070244953599069350.txt -> /home/shahbazk/Projects/DFS_Semi_Streaming/input/random_graphs/graph_900_27000_POWLAW_1070244953599069350.txt (Time: 0.00s)
📦 COPIED from HDD: /media/HDD/Projects/ExpDFS/graph_900_27000_POWLAW_1353182403971399009.txt -> /home/shahbazk/Projects/DFS_Semi_Streaming/input/random_graphs/graph_900_27000_POWLAW_1353182403971399009.txt (Time: 0.00s)
📦 COPIED from HDD: /media/HDD/Projects/ExpDFS/graph_800_22627_POWLAW_7983805977214098674.txt -> /home/shahbazk/Projects/DFS_Semi_Streaming/input/random_graphs/graph_800_22627_POWLAW_7983805977214098674.txt (Time: 0.00s)
📦 COPIED from HDD: /media/HDD/Projects/ExpDFS/graph_800_22627_POWLAW_5063475852268941542.txt -> /home/shahbazk/Projects/DFS_Semi_Streaming/input/random_graphs/graph_800_22627_POWLAW_5063475852268941542.txt (Time: 0.00s)
📦 COPIED from HDD: /media/HDD/Projects/ExpDFS/graph_800_22627_POWLAW_2909934787168262407.txt -> /home/shahbazk/Projects/DFS_Semi_Streaming/input/random_graphs/graph_800_22627_POWLAW_2909934787168262407.txt (Time: 0.00s)
📦 COPIED from HDD: /media/HDD/Projects/ExpDFS/graph_900_27000_POWLAW_6522163754831416203.txt -> /home/shahbazk/Projects/DFS_Semi_Streaming/input/random_graphs/graph_900_27000_POWLAW_6522163754831416203.txt (Time: 0.00s)
📦 COPIED from HDD: /media/HDD/Projects/ExpDFS/graph_800_22627_POWLAW_1170385908854608748.txt -> /home/shahbazk/Projects/DFS_Semi_Streaming/input/random_graphs/graph_800_22627_POWLAW_1170385908854608748.txt (Time: 0.00s)
📦 COPIED from HDD: /media/HDD/Projects/ExpDFS/graph_800_22627_POWLAW_2264398621601381987.txt -> /home/shahbazk/Projects/DFS_Semi_Streaming/input/random_graphs/graph_800_22627_POWLAW_2264398621601381987.txt (Time: 0.00s)
📦 COPIED from HDD: /media/HDD/Projects/ExpDFS/graph_800_22627_POWLAW_4940913311242578590.txt -> /home/shahbazk/Projects/DFS_Semi_Streaming/input/random_graphs/graph_800_22627_POWLAW_4940913311242578590.txt (Time: 0.00s)
📦 COPIED from HDD: /media/HDD/Projects/ExpDFS/graph_900_27000_POWLAW_7032710160631691991.txt -> /home/shahbazk/Projects/DFS_Semi_Streaming/input/random_graphs/graph_900_27000_POWLAW_7032710160631691991.txt (Time: 0.00s)
📦 COPIED from HDD: /media/HDD/Projects/ExpDFS/graph_900_27000_POWLAW_6938562734920028532.txt -> /home/shahbazk/Projects/DFS_Semi_Streaming/input/random_graphs/graph_900_27000_POWLAW_6938562734920028532.txt (Time: 0.00s)
📦 COPIED from HDD: /media/HDD/Projects/ExpDFS/graph_800_22627_POWLAW_7632458674696225362.txt -> /home/shahbazk/Projects/DFS_Semi_Streaming/input/random_graphs/graph_800_22627_POWLAW_7632458674696225362.txt (Time: 0.00s)
📦 COPIED from HDD: /media/HDD/Projects/ExpDFS/graph_900_27000_POWLAW_1309542850049879452.txt -> /home/shahbazk/Projects/DFS_Semi_Streaming/input/random_graphs/graph_900_27000_POWLAW_1309542850049879452.txt (Time: 0.00s)
📦 COPIED from HDD: /media/HDD/Projects/ExpDFS/graph_900_27000_POWLAW_2429002973740178792.txt -> /home/shahbazk/Projects/DFS_Semi_Streaming/input/random_graphs/graph_900_27000_POWLAW_2429002973740178792.txt (Time: 0.00s)
📦 COPIED from HDD: /media/HDD/Projects/ExpDFS/graph_900_27000_POWLAW_1250005700364523649.txt -> /home/shahbazk/Projects/DFS_Semi_Streaming/input/random_graphs/graph_900_27000_POWLAW_1250005700364523649.txt (Time: 0.00s)
📦 COPIED from HDD: /media/HDD/Projects/ExpDFS/graph_900_27000_POWLAW_1632192924771168275.txt -> /home/shahbazk/Projects/DFS_Semi_Streaming/input/random_graphs/graph_900_27000_POWLAW_1632192924771168275.txt (Time: 0.00s)
📦 COPIED from HDD: /media/HDD/Projects/ExpDFS/graph_900_27000_POWLAW_1250773459040295677.txt -> /home/shahbazk/Projects/DFS_Semi_Streaming/input/random_graphs/graph_900_27000_POWLAW_1250773459040295677.txt (Time: 0.00s)
📦 COPIED from HDD: /media/HDD/Projects/ExpDFS/graph_900_27000_POWLAW_5906957480796939447.txt -> /home/shahbazk/Projects/DFS_Semi_Streaming/input/random_graphs/graph_900_27000_POWLAW_5906957480796939447.txt (Time: 0.00s)
📦 COPIED from HDD: /media/HDD/Projects/ExpDFS/graph_900_27000_POWLAW_5258051056098597521.txt -> /home/shahbazk/Projects/DFS_Semi_Streaming/input/random_graphs/graph_900_27000_POWLAW_5258051056098597521.txt (Time: 0.00s)
📦 COPIED from HDD: /media/HDD/Projects/ExpDFS/graph_900_27000_POWLAW_1647170069535670909.txt -> /home/shahbazk/Projects/DFS_Semi_Streaming/input/random_graphs/graph_900_27000_POWLAW_1647170069535670909.txt (Time: 0.00s)
📦 COPIED from HDD: /media/HDD/Projects/ExpDFS/graph_900_27000_POWLAW_7161906730445628483.txt -> /home/shahbazk/Projects/DFS_Semi_Streaming/input/random_graphs/graph_900_27000_POWLAW_7161906730445628483.txt (Time: 0.00s)
📦 COPIED from HDD: /media/HDD/Projects/ExpDFS/graph_900_27000_POWLAW_6802378520969450157.txt -> /home/shahbazk/Projects/DFS_Semi_Streaming/input/random_graphs/graph_900_27000_POWLAW_6802378520969450157.txt (Time: 0.00s)
📦 COPIED from HDD: /media/HDD/Projects/ExpDFS/graph_900_27000_POWLAW_4040737767143389431.txt -> /home/shahbazk/Projects/DFS_Semi_Streaming/input/random_graphs/graph_900_27000_POWLAW_4040737767143389431.txt (Time: 0.00s)
📦 COPIED from HDD: /media/HDD/Projects/ExpDFS/graph_900_27000_POWLAW_3438400432146115956.txt -> /home/shahbazk/Projects/DFS_Semi_Streaming/input/random_graphs/graph_900_27000_POWLAW_3438400432146115956.txt (Time: 0.00s)
📦 COPIED from HDD: /media/HDD/Projects/ExpDFS/graph_900_27000_POWLAW_7146860528564146064.txt -> /home/shahbazk/Projects/DFS_Semi_Streaming/input/random_graphs/graph_900_27000_POWLAW_7146860528564146064.txt (Time: 0.00s)
📦 COPIED from HDD: /media/HDD/Projects/ExpDFS/graph_900_27000_POWLAW_7473196763798409428.txt -> /home/shahbazk/Projects/DFS_Semi_Streaming/input/random_graphs/graph_900_27000_POWLAW_7473196763798409428.txt (Time: 0.00s)
📦 COPIED from HDD: /media/HDD/Projects/ExpDFS/graph_900_27000_POWLAW_5139481885857321791.txt -> /home/shahbazk/Projects/DFS_Semi_Streaming/input/random_graphs/graph_900_27000_POWLAW_5139481885857321791.txt (Time: 0.00s)
📦 COPIED from HDD: /media/HDD/Projects/ExpDFS/graph_900_27000_POWLAW_3010622984418968408.txt -> /home/shahbazk/Projects/DFS_Semi_Streaming/input/random_graphs/graph_900_27000_POWLAW_3010622984418968408.txt (Time: 0.00s)
📦 COPIED from HDD: /media/HDD/Projects/ExpDFS/graph_900_27000_POWLAW_521787134863155063.txt -> /home/shahbazk/Projects/DFS_Semi_Streaming/input/random_graphs/graph_900_27000_POWLAW_521787134863155063.txt (Time: 0.00s)
📦 COPIED from HDD: /media/HDD/Projects/ExpDFS/graph_900_27000_POWLAW_1853590723603270879.txt -> /home/shahbazk/Projects/DFS_Semi_Streaming/input/random_graphs/graph_900_27000_POWLAW_1853590723603270879.txt (Time: 0.00s)
📦 COPIED from HDD: /media/HDD/Projects/ExpDFS/graph_900_27000_POWLAW_1731523882129807996.txt -> /home/shahbazk/Projects/DFS_Semi_Streaming/input/random_graphs/graph_900_27000_POWLAW_1731523882129807996.txt (Time: 0.00s)
📦 COPIED from HDD: /media/HDD/Projects/ExpDFS/graph_900_27000_POWLAW_6143643868734370809.txt -> /home/shahbazk/Projects/DFS_Semi_Streaming/input/random_graphs/graph_900_27000_POWLAW_6143643868734370809.txt (Time: 0.00s)
📦 COPIED from HDD: /media/HDD/Projects/ExpDFS/graph_900_27000_POWLAW_824387247617288499.txt -> /home/shahbazk/Projects/DFS_Semi_Streaming/input/random_graphs/graph_900_27000_POWLAW_824387247617288499.txt (Time: 0.00s)
📦 COPIED from HDD: /media/HDD/Projects/ExpDFS/graph_900_27000_POWLAW_4552998297316576788.txt -> /home/shahbazk/Projects/DFS_Semi_Streaming/input/random_graphs/graph_900_27000_POWLAW_4552998297316576788.txt (Time: 0.00s)
📦 COPIED from HDD: /media/HDD/Projects/ExpDFS/graph_900_27000_POWLAW_3272308573967577038.txt -> /home/shahbazk/Projects/DFS_Semi_Streaming/input/random_graphs/graph_900_27000_POWLAW_3272308573967577038.txt (Time: 0.00s)
📦 COPIED from HDD: /media/HDD/Projects/ExpDFS/graph_900_27000_POWLAW_8031431416522537101.txt -> /home/shahbazk/Projects/DFS_Semi_Streaming/input/random_graphs/graph_900_27000_POWLAW_8031431416522537101.txt (Time: 0.00s)
📦 COPIED from HDD: /media/HDD/Projects/ExpDFS/graph_900_27000_POWLAW_5349491008325879064.txt -> /home/shahbazk/Projects/DFS_Semi_Streaming/input/random_graphs/graph_900_27000_POWLAW_5349491008325879064.txt (Time: 0.00s)
📦 COPIED from HDD: /media/HDD/Projects/ExpDFS/graph_900_27000_POWLAW_6614505080519948832.txt -> /home/shahbazk/Projects/DFS_Semi_Streaming/input/random_graphs/graph_900_27000_POWLAW_6614505080519948832.txt (Time: 0.00s)
📦 COPIED from HDD: /media/HDD/Projects/ExpDFS/graph_900_27000_POWLAW_6002685213311538187.txt -> /home/shahbazk/Projects/DFS_Semi_Streaming/input/random_graphs/graph_900_27000_POWLAW_6002685213311538187.txt (Time: 0.00s)
📦 COPIED from HDD: /media/HDD/Projects/ExpDFS/graph_900_27000_POWLAW_5708372698381010775.txt -> /home/shahbazk/Projects/DFS_Semi_Streaming/input/random_graphs/graph_900_27000_POWLAW_5708372698381010775.txt (Time: 0.00s)
📦 COPIED from HDD: /media/HDD/Projects/ExpDFS/graph_900_27000_POWLAW_3224265581699847191.txt -> /home/shahbazk/Projects/DFS_Semi_Streaming/input/random_graphs/graph_900_27000_POWLAW_3224265581699847191.txt (Time: 0.00s)
📦 COPIED from HDD: /media/HDD/Projects/ExpDFS/graph_900_27000_POWLAW_320375091487821987.txt -> /home/shahbazk/Projects/DFS_Semi_Streaming/input/random_graphs/graph_900_27000_POWLAW_320375091487821987.txt (Time: 0.00s)
📦 COPIED from HDD: /media/HDD/Projects/ExpDFS/graph_900_27000_POWLAW_7663871783842725848.txt -> /home/shahbazk/Projects/DFS_Semi_Streaming/input/random_graphs/graph_900_27000_POWLAW_7663871783842725848.txt (Time: 0.00s)
📦 COPIED from HDD: /media/HDD/Projects/ExpDFS/graph_900_27000_POWLAW_7938560551762094560.txt -> /home/shahbazk/Projects/DFS_Semi_Streaming/input/random_graphs/graph_900_27000_POWLAW_7938560551762094560.txt (Time: 0.00s)
📦 COPIED from HDD: /media/HDD/Projects/ExpDFS/graph_900_27000_POWLAW_5142811650494845597.txt -> /home/shahbazk/Projects/DFS_Semi_Streaming/input/random_graphs/graph_900_27000_POWLAW_5142811650494845597.txt (Time: 0.00s)
📦 COPIED from HDD: /media/HDD/Projects/ExpDFS/graph_900_27000_POWLAW_7029781962072644698.txt -> /home/shahbazk/Projects/DFS_Semi_Streaming/input/random_graphs/graph_900_27000_POWLAW_7029781962072644698.txt (Time: 0.00s)
📦 COPIED from HDD: /media/HDD/Projects/ExpDFS/graph_900_27000_POWLAW_6785030173969523435.txt -> /home/shahbazk/Projects/DFS_Semi_Streaming/input/random_graphs/graph_900_27000_POWLAW_6785030173969523435.txt (Time: 0.00s)
📦 COPIED from HDD: /media/HDD/Projects/ExpDFS/graph_900_27000_POWLAW_7917045922527545890.txt -> /home/shahbazk/Projects/DFS_Semi_Streaming/input/random_graphs/graph_900_27000_POWLAW_7917045922527545890.txt (Time: 0.00s)
📦 COPIED from HDD: /media/HDD/Projects/ExpDFS/graph_900_27000_POWLAW_7706236040662210848.txt -> /home/shahbazk/Projects/DFS_Semi_Streaming/input/random_graphs/graph_900_27000_POWLAW_7706236040662210848.txt (Time: 0.00s)
📦 COPIED from HDD: /media/HDD/Projects/ExpDFS/graph_900_27000_POWLAW_4122784633514911760.txt -> /home/shahbazk/Projects/DFS_Semi_Streaming/input/random_graphs/graph_900_27000_POWLAW_4122784633514911760.txt (Time: 0.00s)
📦 COPIED from HDD: /media/HDD/Projects/ExpDFS/graph_900_27000_POWLAW_5529616217668449934.txt -> /home/shahbazk/Projects/DFS_Semi_Streaming/input/random_graphs/graph_900_27000_POWLAW_5529616217668449934.txt (Time: 0.00s)
📦 COPIED from HDD: /media/HDD/Projects/ExpDFS/graph_900_27000_POWLAW_5636411189175451024.txt -> /home/shahbazk/Projects/DFS_Semi_Streaming/input/random_graphs/graph_900_27000_POWLAW_5636411189175451024.txt (Time: 0.00s)
📦 COPIED from HDD: /media/HDD/Projects/ExpDFS/graph_900_27000_POWLAW_1024517563182776983.txt -> /home/shahbazk/Projects/DFS_Semi_Streaming/input/random_graphs/graph_900_27000_POWLAW_1024517563182776983.txt (Time: 0.00s)
📦 COPIED from HDD: /media/HDD/Projects/ExpDFS/graph_900_27000_POWLAW_4445925461710302877.txt -> /home/shahbazk/Projects/DFS_Semi_Streaming/input/random_graphs/graph_900_27000_POWLAW_4445925461710302877.txt (Time: 0.00s)
📦 COPIED from HDD: /media/HDD/Projects/ExpDFS/graph_900_27000_POWLAW_3865339568260874865.txt -> /home/shahbazk/Projects/DFS_Semi_Streaming/input/random_graphs/graph_900_27000_POWLAW_3865339568260874865.txt (Time: 0.00s)
📦 COPIED from HDD: /media/HDD/Projects/ExpDFS/graph_900_27000_POWLAW_7921282862123281598.txt -> /home/shahbazk/Projects/DFS_Semi_Streaming/input/random_graphs/graph_900_27000_POWLAW_7921282862123281598.txt (Time: 0.00s)
📦 COPIED from HDD: /media/HDD/Projects/ExpDFS/graph_900_27000_POWLAW_6224222471595207695.txt -> /home/shahbazk/Projects/DFS_Semi_Streaming/input/random_graphs/graph_900_27000_POWLAW_6224222471595207695.txt (Time: 0.00s)
📦 COPIED from HDD: /media/HDD/Projects/ExpDFS/graph_900_27000_POWLAW_1128313391724783137.txt -> /home/shahbazk/Projects/DFS_Semi_Streaming/input/random_graphs/graph_900_27000_POWLAW_1128313391724783137.txt (Time: 0.00s)
📦 COPIED from HDD: /media/HDD/Projects/ExpDFS/graph_900_27000_POWLAW_716820155901718944.txt -> /home/shahbazk/Projects/DFS_Semi_Streaming/input/random_graphs/graph_900_27000_POWLAW_716820155901718944.txt (Time: 0.00s)
📦 COPIED from HDD: /media/HDD/Projects/ExpDFS/graph_900_27000_POWLAW_8718380604043999642.txt -> /home/shahbazk/Projects/DFS_Semi_Streaming/input/random_graphs/graph_900_27000_POWLAW_8718380604043999642.txt (Time: 0.00s)
📦 COPIED from HDD: /media/HDD/Projects/ExpDFS/graph_900_27000_POWLAW_1170385908854608748.txt -> /home/shahbazk/Projects/DFS_Semi_Streaming/input/random_graphs/graph_900_27000_POWLAW_1170385908854608748.txt (Time: 0.00s)
📦 COPIED from HDD: /media/HDD/Projects/ExpDFS/graph_900_27000_POWLAW_6022436717541034636.txt -> /home/shahbazk/Projects/DFS_Semi_Streaming/input/random_graphs/graph_900_27000_POWLAW_6022436717541034636.txt (Time: 0.00s)
📦 COPIED from HDD: /media/HDD/Projects/ExpDFS/graph_900_27000_POWLAW_199422815561151340.txt -> /home/shahbazk/Projects/DFS_Semi_Streaming/input/random_graphs/graph_900_27000_POWLAW_199422815561151340.txt (Time: 0.00s)
📦 COPIED from HDD: /media/HDD/Projects/ExpDFS/graph_900_27000_POWLAW_3713827327871807734.txt -> /home/shahbazk/Projects/DFS_Semi_Streaming/input/random_graphs/graph_900_27000_POWLAW_3713827327871807734.txt (Time: 0.00s)
📦 COPIED from HDD: /media/HDD/Projects/ExpDFS/graph_900_27000_POWLAW_175493991617213850.txt -> /home/shahbazk/Projects/DFS_Semi_Streaming/input/random_graphs/graph_900_27000_POWLAW_175493991617213850.txt (Time: 0.00s)
📦 COPIED from HDD: /media/HDD/Projects/ExpDFS/graph_900_27000_POWLAW_6764066939395682287.txt -> /home/shahbazk/Projects/DFS_Semi_Streaming/input/random_graphs/graph_900_27000_POWLAW_6764066939395682287.txt (Time: 0.00s)
📦 COPIED from HDD: /media/HDD/Projects/ExpDFS/graph_900_27000_POWLAW_5108599054664628607.txt -> /home/shahbazk/Projects/DFS_Semi_Streaming/input/random_graphs/graph_900_27000_POWLAW_5108599054664628607.txt (Time: 0.00s)
📦 COPIED from HDD: /media/HDD/Projects/ExpDFS/graph_900_27000_POWLAW_7118744415197196276.txt -> /home/shahbazk/Projects/DFS_Semi_Streaming/input/random_graphs/graph_900_27000_POWLAW_7118744415197196276.txt (Time: 0.00s)
📦 COPIED from HDD: /media/HDD/Projects/ExpDFS/graph_900_27000_POWLAW_2718103348384927511.txt -> /home/shahbazk/Projects/DFS_Semi_Streaming/input/random_graphs/graph_900_27000_POWLAW_2718103348384927511.txt (Time: 0.00s)
📦 COPIED from HDD: /media/HDD/Projects/ExpDFS/graph_900_27000_POWLAW_9059990922233379852.txt -> /home/shahbazk/Projects/DFS_Semi_Streaming/input/random_graphs/graph_900_27000_POWLAW_9059990922233379852.txt (Time: 0.00s)
📦 COPIED from HDD: /media/HDD/Projects/ExpDFS/graph_900_27000_POWLAW_4997514996153925447.txt -> /home/shahbazk/Projects/DFS_Semi_Streaming/input/random_graphs/graph_900_27000_POWLAW_4997514996153925447.txt (Time: 0.00s)
📦 COPIED from HDD: /media/HDD/Projects/ExpDFS/graph_900_27000_POWLAW_8446481348147407377.txt -> /home/shahbazk/Projects/DFS_Semi_Streaming/input/random_graphs/graph_900_27000_POWLAW_8446481348147407377.txt (Time: 0.00s)
📦 COPIED from HDD: /media/HDD/Projects/ExpDFS/graph_900_27000_POWLAW_3817405844514670994.txt -> /home/shahbazk/Projects/DFS_Semi_Streaming/input/random_graphs/graph_900_27000_POWLAW_3817405844514670994.txt (Time: 0.00s)
📦 COPIED from HDD: /media/HDD/Projects/ExpDFS/graph_900_27000_POWLAW_9130666990809746335.txt -> /home/shahbazk/Projects/DFS_Semi_Streaming/input/random_graphs/graph_900_27000_POWLAW_9130666990809746335.txt (Time: 0.00s)
📦 COPIED from HDD: /media/HDD/Projects/ExpDFS/graph_900_27000_POWLAW_6529943913552561417.txt -> /home/shahbazk/Projects/DFS_Semi_Streaming/input/random_graphs/graph_900_27000_POWLAW_6529943913552561417.txt (Time: 0.00s)
📦 COPIED from HDD: /media/HDD/Projects/ExpDFS/graph_900_27000_POWLAW_2909934787168262407.txt -> /home/shahbazk/Projects/DFS_Semi_Streaming/input/random_graphs/graph_900_27000_POWLAW_2909934787168262407.txt (Time: 0.00s)
📦 COPIED from HDD: /media/HDD/Projects/ExpDFS/graph_1000_31622_POWLAW_6230961512046992311.txt -> /home/shahbazk/Projects/DFS_Semi_Streaming/input/random_graphs/graph_1000_31622_POWLAW_6230961512046992311.txt (Time: 0.00s)
📦 COPIED from HDD: /media/HDD/Projects/ExpDFS/graph_900_27000_POWLAW_1458186392400727732.txt -> /home/shahbazk/Projects/DFS_Semi_Streaming/input/random_graphs/graph_900_27000_POWLAW_1458186392400727732.txt (Time: 0.00s)
📦 COPIED from HDD: /media/HDD/Projects/ExpDFS/graph_900_27000_POWLAW_9060210648189963449.txt -> /home/shahbazk/Projects/DFS_Semi_Streaming/input/random_graphs/graph_900_27000_POWLAW_9060210648189963449.txt (Time: 0.00s)
📦 COPIED from HDD: /media/HDD/Projects/ExpDFS/graph_900_27000_POWLAW_4250897495980125004.txt -> /home/shahbazk/Projects/DFS_Semi_Streaming/input/random_graphs/graph_900_27000_POWLAW_4250897495980125004.txt (Time: 0.00s)
📦 COPIED from HDD: /media/HDD/Projects/ExpDFS/graph_900_27000_POWLAW_7644420139408884785.txt -> /home/shahbazk/Projects/DFS_Semi_Streaming/input/random_graphs/graph_900_27000_POWLAW_7644420139408884785.txt (Time: 0.00s)
📦 COPIED from HDD: /media/HDD/Projects/ExpDFS/graph_900_27000_POWLAW_2089506265998900862.txt -> /home/shahbazk/Projects/DFS_Semi_Streaming/input/random_graphs/graph_900_27000_POWLAW_2089506265998900862.txt (Time: 0.00s)
📦 COPIED from HDD: /media/HDD/Projects/ExpDFS/graph_900_27000_POWLAW_1332005502874566195.txt -> /home/shahbazk/Projects/DFS_Semi_Streaming/input/random_graphs/graph_900_27000_POWLAW_1332005502874566195.txt (Time: 0.00s)
📦 COPIED from HDD: /media/HDD/Projects/ExpDFS/graph_900_27000_POWLAW_5063475852268941542.txt -> /home/shahbazk/Projects/DFS_Semi_Streaming/input/random_graphs/graph_900_27000_POWLAW_5063475852268941542.txt (Time: 0.00s)
📦 COPIED from HDD: /media/HDD/Projects/ExpDFS/graph_900_27000_POWLAW_1392892770529522614.txt -> /home/shahbazk/Projects/DFS_Semi_Streaming/input/random_graphs/graph_900_27000_POWLAW_1392892770529522614.txt (Time: 0.00s)
📦 COPIED from HDD: /media/HDD/Projects/ExpDFS/graph_900_27000_POWLAW_8794274795737982182.txt -> /home/shahbazk/Projects/DFS_Semi_Streaming/input/random_graphs/graph_900_27000_POWLAW_8794274795737982182.txt (Time: 0.00s)
📦 COPIED from HDD: /media/HDD/Projects/ExpDFS/graph_900_27000_POWLAW_5497874167834979553.txt -> /home/shahbazk/Projects/DFS_Semi_Streaming/input/random_graphs/graph_900_27000_POWLAW_5497874167834979553.txt (Time: 0.00s)
📦 COPIED from HDD: /media/HDD/Projects/ExpDFS/graph_900_27000_POWLAW_4060584409398689268.txt -> /home/shahbazk/Projects/DFS_Semi_Streaming/input/random_graphs/graph_900_27000_POWLAW_4060584409398689268.txt (Time: 0.00s)
📦 COPIED from HDD: /media/HDD/Projects/ExpDFS/graph_900_27000_POWLAW_1722224698700348310.txt -> /home/shahbazk/Projects/DFS_Semi_Streaming/input/random_graphs/graph_900_27000_POWLAW_1722224698700348310.txt (Time: 0.00s)
📦 COPIED from HDD: /media/HDD/Projects/ExpDFS/graph_900_27000_POWLAW_8626102704817790064.txt -> /home/shahbazk/Projects/DFS_Semi_Streaming/input/random_graphs/graph_900_27000_POWLAW_8626102704817790064.txt (Time: 0.00s)
📦 COPIED from HDD: /media/HDD/Projects/ExpDFS/graph_900_27000_POWLAW_7905487461282246979.txt -> /home/shahbazk/Projects/DFS_Semi_Streaming/input/random_graphs/graph_900_27000_POWLAW_7905487461282246979.txt (Time: 0.00s)
📦 COPIED from HDD: /media/HDD/Projects/ExpDFS/graph_900_27000_POWLAW_3221421291694197220.txt -> /home/shahbazk/Projects/DFS_Semi_Streaming/input/random_graphs/graph_900_27000_POWLAW_3221421291694197220.txt (Time: 0.00s)
📦 COPIED from HDD: /media/HDD/Projects/ExpDFS/graph_900_27000_POWLAW_5894893360759659423.txt -> /home/shahbazk/Projects/DFS_Semi_Streaming/input/random_graphs/graph_900_27000_POWLAW_5894893360759659423.txt (Time: 0.00s)
📦 COPIED from HDD: /media/HDD/Projects/ExpDFS/graph_900_27000_POWLAW_7449662661572224354.txt -> /home/shahbazk/Projects/DFS_Semi_Streaming/input/random_graphs/graph_900_27000_POWLAW_7449662661572224354.txt (Time: 0.00s)
📦 COPIED from HDD: /media/HDD/Projects/ExpDFS/graph_900_27000_POWLAW_7983805977214098674.txt -> /home/shahbazk/Projects/DFS_Semi_Streaming/input/random_graphs/graph_900_27000_POWLAW_7983805977214098674.txt (Time: 0.00s)
📦 COPIED from HDD: /media/HDD/Projects/ExpDFS/graph_900_27000_POWLAW_4940913311242578590.txt -> /home/shahbazk/Projects/DFS_Semi_Streaming/input/random_graphs/graph_900_27000_POWLAW_4940913311242578590.txt (Time: 0.00s)
📦 COPIED from HDD: /media/HDD/Projects/ExpDFS/graph_1000_31622_POWLAW_7871178979383552919.txt -> /home/shahbazk/Projects/DFS_Semi_Streaming/input/random_graphs/graph_1000_31622_POWLAW_7871178979383552919.txt (Time: 0.00s)
📦 COPIED from HDD: /media/HDD/Projects/ExpDFS/graph_900_27000_POWLAW_8867616339855336876.txt -> /home/shahbazk/Projects/DFS_Semi_Streaming/input/random_graphs/graph_900_27000_POWLAW_8867616339855336876.txt (Time: 0.00s)
📦 COPIED from HDD: /media/HDD/Projects/ExpDFS/graph_1000_31622_POWLAW_5739955973604961613.txt -> /home/shahbazk/Projects/DFS_Semi_Streaming/input/random_graphs/graph_1000_31622_POWLAW_5739955973604961613.txt (Time: 0.00s)
📦 COPIED from HDD: /media/HDD/Projects/ExpDFS/graph_1000_31622_POWLAW_3881801951614183357.txt -> /home/shahbazk/Projects/DFS_Semi_Streaming/input/random_graphs/graph_1000_31622_POWLAW_3881801951614183357.txt (Time: 0.00s)
📦 COPIED from HDD: /media/HDD/Projects/ExpDFS/graph_1000_31622_POWLAW_7032710160631691991.txt -> /home/shahbazk/Projects/DFS_Semi_Streaming/input/random_graphs/graph_1000_31622_POWLAW_7032710160631691991.txt (Time: 0.00s)
📦 COPIED from HDD: /media/HDD/Projects/ExpDFS/graph_900_27000_POWLAW_2264398621601381987.txt -> /home/shahbazk/Projects/DFS_Semi_Streaming/input/random_graphs/graph_900_27000_POWLAW_2264398621601381987.txt (Time: 0.00s)
📦 COPIED from HDD: /media/HDD/Projects/ExpDFS/graph_1000_31622_POWLAW_7599700178212337699.txt -> /home/shahbazk/Projects/DFS_Semi_Streaming/input/random_graphs/graph_1000_31622_POWLAW_7599700178212337699.txt (Time: 0.00s)
📦 COPIED from HDD: /media/HDD/Projects/ExpDFS/graph_1000_31622_POWLAW_1353182403971399009.txt -> /home/shahbazk/Projects/DFS_Semi_Streaming/input/random_graphs/graph_1000_31622_POWLAW_1353182403971399009.txt (Time: 0.00s)
📦 COPIED from HDD: /media/HDD/Projects/ExpDFS/graph_900_27000_POWLAW_8448596294177070022.txt -> /home/shahbazk/Projects/DFS_Semi_Streaming/input/random_graphs/graph_900_27000_POWLAW_8448596294177070022.txt (Time: 0.00s)
📦 COPIED from HDD: /media/HDD/Projects/ExpDFS/graph_900_27000_POWLAW_4934890601268679176.txt -> /home/shahbazk/Projects/DFS_Semi_Streaming/input/random_graphs/graph_900_27000_POWLAW_4934890601268679176.txt (Time: 0.00s)
📦 COPIED from HDD: /media/HDD/Projects/ExpDFS/graph_900_27000_POWLAW_4795749165124911768.txt -> /home/shahbazk/Projects/DFS_Semi_Streaming/input/random_graphs/graph_900_27000_POWLAW_4795749165124911768.txt (Time: 0.00s)
📦 COPIED from HDD: /media/HDD/Projects/ExpDFS/graph_900_27000_POWLAW_1992204328026194281.txt -> /home/shahbazk/Projects/DFS_Semi_Streaming/input/random_graphs/graph_900_27000_POWLAW_1992204328026194281.txt (Time: 0.00s)
📦 COPIED from HDD: /media/HDD/Projects/ExpDFS/graph_1000_31622_POWLAW_1070244953599069350.txt -> /home/shahbazk/Projects/DFS_Semi_Streaming/input/random_graphs/graph_1000_31622_POWLAW_1070244953599069350.txt (Time: 0.00s)
📦 COPIED from HDD: /media/HDD/Projects/ExpDFS/graph_1000_31622_POWLAW_6522163754831416203.txt -> /home/shahbazk/Projects/DFS_Semi_Streaming/input/random_graphs/graph_1000_31622_POWLAW_6522163754831416203.txt (Time: 0.00s)
📦 COPIED from HDD: /media/HDD/Projects/ExpDFS/graph_1000_31622_POWLAW_6938562734920028532.txt -> /home/shahbazk/Projects/DFS_Semi_Streaming/input/random_graphs/graph_1000_31622_POWLAW_6938562734920028532.txt (Time: 0.00s)
📦 COPIED from HDD: /media/HDD/Projects/ExpDFS/graph_1000_31622_POWLAW_5139481885857321791.txt -> /home/shahbazk/Projects/DFS_Semi_Streaming/input/random_graphs/graph_1000_31622_POWLAW_5139481885857321791.txt (Time: 0.00s)
📦 COPIED from HDD: /media/HDD/Projects/ExpDFS/graph_1000_31622_POWLAW_320375091487821987.txt -> /home/shahbazk/Projects/DFS_Semi_Streaming/input/random_graphs/graph_1000_31622_POWLAW_320375091487821987.txt (Time: 0.00s)
📦 COPIED from HDD: /media/HDD/Projects/ExpDFS/graph_1000_31622_POWLAW_7146860528564146064.txt -> /home/shahbazk/Projects/DFS_Semi_Streaming/input/random_graphs/graph_1000_31622_POWLAW_7146860528564146064.txt (Time: 0.00s)
📦 COPIED from HDD: /media/HDD/Projects/ExpDFS/graph_1000_31622_POWLAW_521787134863155063.txt -> /home/shahbazk/Projects/DFS_Semi_Streaming/input/random_graphs/graph_1000_31622_POWLAW_521787134863155063.txt (Time: 0.08s)
📦 COPIED from HDD: /media/HDD/Projects/ExpDFS/graph_900_27000_POWLAW_7632458674696225362.txt -> /home/shahbazk/Projects/DFS_Semi_Streaming/input/random_graphs/graph_900_27000_POWLAW_7632458674696225362.txt (Time: 0.08s)
📦 COPIED from HDD: /media/HDD/Projects/ExpDFS/graph_1000_31622_POWLAW_1309542850049879452.txt -> /home/shahbazk/Projects/DFS_Semi_Streaming/input/random_graphs/graph_1000_31622_POWLAW_1309542850049879452.txt (Time: 0.07s)
📦 COPIED from HDD: /media/HDD/Projects/ExpDFS/graph_1000_31622_POWLAW_7029781962072644698.txt -> /home/shahbazk/Projects/DFS_Semi_Streaming/input/random_graphs/graph_1000_31622_POWLAW_7029781962072644698.txt (Time: 0.07s)
📦 COPIED from HDD: /media/HDD/Projects/ExpDFS/graph_1000_31622_POWLAW_5258051056098597521.txt -> /home/shahbazk/Projects/DFS_Semi_Streaming/input/random_graphs/graph_1000_31622_POWLAW_5258051056098597521.txt (Time: 0.04s)
📦 COPIED from HDD: /media/HDD/Projects/ExpDFS/graph_1000_31622_POWLAW_1731523882129807996.txt -> /home/shahbazk/Projects/DFS_Semi_Streaming/input/random_graphs/graph_1000_31622_POWLAW_1731523882129807996.txt (Time: 0.07s)
📦 COPIED from HDD: /media/HDD/Projects/ExpDFS/graph_1000_31622_POWLAW_3010622984418968408.txt -> /home/shahbazk/Projects/DFS_Semi_Streaming/input/random_graphs/graph_1000_31622_POWLAW_3010622984418968408.txt (Time: 0.02s)
📦 COPIED from HDD: /media/HDD/Projects/ExpDFS/graph_1000_31622_POWLAW_1853590723603270879.txt -> /home/shahbazk/Projects/DFS_Semi_Streaming/input/random_graphs/graph_1000_31622_POWLAW_1853590723603270879.txt (Time: 0.00s)
📦 COPIED from HDD: /media/HDD/Projects/ExpDFS/graph_1000_31622_POWLAW_824387247617288499.txt -> /home/shahbazk/Projects/DFS_Semi_Streaming/input/random_graphs/graph_1000_31622_POWLAW_824387247617288499.txt (Time: 0.00s)
📦 COPIED from HDD: /media/HDD/Projects/ExpDFS/graph_1000_31622_POWLAW_1250005700364523649.txt -> /home/shahbazk/Projects/DFS_Semi_Streaming/input/random_graphs/graph_1000_31622_POWLAW_1250005700364523649.txt (Time: 0.00s)
📦 COPIED from HDD: /media/HDD/Projects/ExpDFS/graph_1000_31622_POWLAW_3438400432146115956.txt -> /home/shahbazk/Projects/DFS_Semi_Streaming/input/random_graphs/graph_1000_31622_POWLAW_3438400432146115956.txt (Time: 0.00s)
📦 COPIED from HDD: /media/HDD/Projects/ExpDFS/graph_1000_31622_POWLAW_5529616217668449934.txt -> /home/shahbazk/Projects/DFS_Semi_Streaming/input/random_graphs/graph_1000_31622_POWLAW_5529616217668449934.txt (Time: 0.00s)
📦 COPIED from HDD: /media/HDD/Projects/ExpDFS/graph_1000_31622_POWLAW_6785030173969523435.txt -> /home/shahbazk/Projects/DFS_Semi_Streaming/input/random_graphs/graph_1000_31622_POWLAW_6785030173969523435.txt (Time: 0.00s)
📦 COPIED from HDD: /media/HDD/Projects/ExpDFS/graph_1000_31622_POWLAW_8031431416522537101.txt -> /home/shahbazk/Projects/DFS_Semi_Streaming/input/random_graphs/graph_1000_31622_POWLAW_8031431416522537101.txt (Time: 0.00s)
📦 COPIED from HDD: /media/HDD/Projects/ExpDFS/graph_1000_31622_POWLAW_4040737767143389431.txt -> /home/shahbazk/Projects/DFS_Semi_Streaming/input/random_graphs/graph_1000_31622_POWLAW_4040737767143389431.txt (Time: 0.00s)
📦 COPIED from HDD: /media/HDD/Projects/ExpDFS/graph_1000_31622_POWLAW_1250773459040295677.txt -> /home/shahbazk/Projects/DFS_Semi_Streaming/input/random_graphs/graph_1000_31622_POWLAW_1250773459040295677.txt (Time: 0.00s)
📦 COPIED from HDD: /media/HDD/Projects/ExpDFS/graph_1000_31622_POWLAW_5906957480796939447.txt -> /home/shahbazk/Projects/DFS_Semi_Streaming/input/random_graphs/graph_1000_31622_POWLAW_5906957480796939447.txt (Time: 0.00s)
📦 COPIED from HDD: /media/HDD/Projects/ExpDFS/graph_1000_31622_POWLAW_7663871783842725848.txt -> /home/shahbazk/Projects/DFS_Semi_Streaming/input/random_graphs/graph_1000_31622_POWLAW_7663871783842725848.txt (Time: 0.00s)
📦 COPIED from HDD: /media/HDD/Projects/ExpDFS/graph_1000_31622_POWLAW_5142811650494845597.txt -> /home/shahbazk/Projects/DFS_Semi_Streaming/input/random_graphs/graph_1000_31622_POWLAW_5142811650494845597.txt (Time: 0.00s)
📦 COPIED from HDD: /media/HDD/Projects/ExpDFS/graph_1000_31622_POWLAW_1647170069535670909.txt -> /home/shahbazk/Projects/DFS_Semi_Streaming/input/random_graphs/graph_1000_31622_POWLAW_1647170069535670909.txt (Time: 0.00s)
📦 COPIED from HDD: /media/HDD/Projects/ExpDFS/graph_1000_31622_POWLAW_6802378520969450157.txt -> /home/shahbazk/Projects/DFS_Semi_Streaming/input/random_graphs/graph_1000_31622_POWLAW_6802378520969450157.txt (Time: 0.00s)
📦 COPIED from HDD: /media/HDD/Projects/ExpDFS/graph_1000_31622_POWLAW_1024517563182776983.txt -> /home/shahbazk/Projects/DFS_Semi_Streaming/input/random_graphs/graph_1000_31622_POWLAW_1024517563182776983.txt (Time: 0.00s)
📦 COPIED from HDD: /media/HDD/Projects/ExpDFS/graph_1000_31622_POWLAW_5708372698381010775.txt -> /home/shahbazk/Projects/DFS_Semi_Streaming/input/random_graphs/graph_1000_31622_POWLAW_5708372698381010775.txt (Time: 0.00s)
📦 COPIED from HDD: /media/HDD/Projects/ExpDFS/graph_1000_31622_POWLAW_7706236040662210848.txt -> /home/shahbazk/Projects/DFS_Semi_Streaming/input/random_graphs/graph_1000_31622_POWLAW_7706236040662210848.txt (Time: 0.00s)
📦 COPIED from HDD: /media/HDD/Projects/ExpDFS/graph_1000_31622_POWLAW_7473196763798409428.txt -> /home/shahbazk/Projects/DFS_Semi_Streaming/input/random_graphs/graph_1000_31622_POWLAW_7473196763798409428.txt (Time: 0.00s)
📦 COPIED from HDD: /media/HDD/Projects/ExpDFS/graph_1000_31622_POWLAW_2429002973740178792.txt -> /home/shahbazk/Projects/DFS_Semi_Streaming/input/random_graphs/graph_1000_31622_POWLAW_2429002973740178792.txt (Time: 0.00s)
📦 COPIED from HDD: /media/HDD/Projects/ExpDFS/graph_1000_31622_POWLAW_3272308573967577038.txt -> /home/shahbazk/Projects/DFS_Semi_Streaming/input/random_graphs/graph_1000_31622_POWLAW_3272308573967577038.txt (Time: 0.00s)
📦 COPIED from HDD: /media/HDD/Projects/ExpDFS/graph_1000_31622_POWLAW_6614505080519948832.txt -> /home/shahbazk/Projects/DFS_Semi_Streaming/input/random_graphs/graph_1000_31622_POWLAW_6614505080519948832.txt (Time: 0.00s)
📦 COPIED from HDD: /media/HDD/Projects/ExpDFS/graph_1000_31622_POWLAW_7161906730445628483.txt -> /home/shahbazk/Projects/DFS_Semi_Streaming/input/random_graphs/graph_1000_31622_POWLAW_7161906730445628483.txt (Time: 0.00s)
📦 COPIED from HDD: /media/HDD/Projects/ExpDFS/graph_1000_31622_POWLAW_6143643868734370809.txt -> /home/shahbazk/Projects/DFS_Semi_Streaming/input/random_graphs/graph_1000_31622_POWLAW_6143643868734370809.txt (Time: 0.00s)
📦 COPIED from HDD: /media/HDD/Projects/ExpDFS/graph_1000_31622_POWLAW_4122784633514911760.txt -> /home/shahbazk/Projects/DFS_Semi_Streaming/input/random_graphs/graph_1000_31622_POWLAW_4122784633514911760.txt (Time: 0.00s)
📦 COPIED from HDD: /media/HDD/Projects/ExpDFS/graph_1000_31622_POWLAW_3224265581699847191.txt -> /home/shahbazk/Projects/DFS_Semi_Streaming/input/random_graphs/graph_1000_31622_POWLAW_3224265581699847191.txt (Time: 0.00s)
📦 COPIED from HDD: /media/HDD/Projects/ExpDFS/graph_1000_31622_POWLAW_4552998297316576788.txt -> /home/shahbazk/Projects/DFS_Semi_Streaming/input/random_graphs/graph_1000_31622_POWLAW_4552998297316576788.txt (Time: 0.00s)
📦 COPIED from HDD: /media/HDD/Projects/ExpDFS/graph_1000_31622_POWLAW_5636411189175451024.txt -> /home/shahbazk/Projects/DFS_Semi_Streaming/input/random_graphs/graph_1000_31622_POWLAW_5636411189175451024.txt (Time: 0.00s)
📦 COPIED from HDD: /media/HDD/Projects/ExpDFS/graph_1000_31622_POWLAW_5349491008325879064.txt -> /home/shahbazk/Projects/DFS_Semi_Streaming/input/random_graphs/graph_1000_31622_POWLAW_5349491008325879064.txt (Time: 0.00s)
📦 COPIED from HDD: /media/HDD/Projects/ExpDFS/graph_1000_31622_POWLAW_6002685213311538187.txt -> /home/shahbazk/Projects/DFS_Semi_Streaming/input/random_graphs/graph_1000_31622_POWLAW_6002685213311538187.txt (Time: 0.00s)
📦 COPIED from HDD: /media/HDD/Projects/ExpDFS/graph_1000_31622_POWLAW_199422815561151340.txt -> /home/shahbazk/Projects/DFS_Semi_Streaming/input/random_graphs/graph_1000_31622_POWLAW_199422815561151340.txt (Time: 0.00s)
📦 COPIED from HDD: /media/HDD/Projects/ExpDFS/graph_1000_31622_POWLAW_7921282862123281598.txt -> /home/shahbazk/Projects/DFS_Semi_Streaming/input/random_graphs/graph_1000_31622_POWLAW_7921282862123281598.txt (Time: 0.00s)
📦 COPIED from HDD: /media/HDD/Projects/ExpDFS/graph_1000_31622_POWLAW_6529943913552561417.txt -> /home/shahbazk/Projects/DFS_Semi_Streaming/input/random_graphs/graph_1000_31622_POWLAW_6529943913552561417.txt (Time: 0.00s)
📦 COPIED from HDD: /media/HDD/Projects/ExpDFS/graph_1000_31622_POWLAW_7938560551762094560.txt -> /home/shahbazk/Projects/DFS_Semi_Streaming/input/random_graphs/graph_1000_31622_POWLAW_7938560551762094560.txt (Time: 0.00s)
📦 COPIED from HDD: /media/HDD/Projects/ExpDFS/graph_1000_31622_POWLAW_4445925461710302877.txt -> /home/shahbazk/Projects/DFS_Semi_Streaming/input/random_graphs/graph_1000_31622_POWLAW_4445925461710302877.txt (Time: 0.00s)
📦 COPIED from HDD: /media/HDD/Projects/ExpDFS/graph_1000_31622_POWLAW_7917045922527545890.txt -> /home/shahbazk/Projects/DFS_Semi_Streaming/input/random_graphs/graph_1000_31622_POWLAW_7917045922527545890.txt (Time: 0.00s)
📦 COPIED from HDD: /media/HDD/Projects/ExpDFS/graph_1000_31622_POWLAW_1128313391724783137.txt -> /home/shahbazk/Projects/DFS_Semi_Streaming/input/random_graphs/graph_1000_31622_POWLAW_1128313391724783137.txt (Time: 0.00s)
📦 COPIED from HDD: /media/HDD/Projects/ExpDFS/graph_1000_31622_POWLAW_716820155901718944.txt -> /home/shahbazk/Projects/DFS_Semi_Streaming/input/random_graphs/graph_1000_31622_POWLAW_716820155901718944.txt (Time: 0.00s)
📦 COPIED from HDD: /media/HDD/Projects/ExpDFS/graph_1000_31622_POWLAW_8718380604043999642.txt -> /home/shahbazk/Projects/DFS_Semi_Streaming/input/random_graphs/graph_1000_31622_POWLAW_8718380604043999642.txt (Time: 0.00s)
📦 COPIED from HDD: /media/HDD/Projects/ExpDFS/graph_1000_31622_POWLAW_5063475852268941542.txt -> /home/shahbazk/Projects/DFS_Semi_Streaming/input/random_graphs/graph_1000_31622_POWLAW_5063475852268941542.txt (Time: 0.00s)
📦 COPIED from HDD: /media/HDD/Projects/ExpDFS/graph_1000_31622_POWLAW_3865339568260874865.txt -> /home/shahbazk/Projects/DFS_Semi_Streaming/input/random_graphs/graph_1000_31622_POWLAW_3865339568260874865.txt (Time: 0.00s)
📦 COPIED from HDD: /media/HDD/Projects/ExpDFS/graph_1000_31622_POWLAW_6224222471595207695.txt -> /home/shahbazk/Projects/DFS_Semi_Streaming/input/random_graphs/graph_1000_31622_POWLAW_6224222471595207695.txt (Time: 0.00s)
📦 COPIED from HDD: /media/HDD/Projects/ExpDFS/graph_1000_31622_POWLAW_3817405844514670994.txt -> /home/shahbazk/Projects/DFS_Semi_Streaming/input/random_graphs/graph_1000_31622_POWLAW_3817405844514670994.txt (Time: 0.00s)
📦 COPIED from HDD: /media/HDD/Projects/ExpDFS/graph_1000_31622_POWLAW_1632192924771168275.txt -> /home/shahbazk/Projects/DFS_Semi_Streaming/input/random_graphs/graph_1000_31622_POWLAW_1632192924771168275.txt (Time: 0.00s)
📦 COPIED from HDD: /media/HDD/Projects/ExpDFS/graph_1000_31622_POWLAW_4997514996153925447.txt -> /home/shahbazk/Projects/DFS_Semi_Streaming/input/random_graphs/graph_1000_31622_POWLAW_4997514996153925447.txt (Time: 0.00s)
📦 COPIED from HDD: /media/HDD/Projects/ExpDFS/graph_1000_31622_POWLAW_7905487461282246979.txt -> /home/shahbazk/Projects/DFS_Semi_Streaming/input/random_graphs/graph_1000_31622_POWLAW_7905487461282246979.txt (Time: 0.00s)
📦 COPIED from HDD: /media/HDD/Projects/ExpDFS/graph_1000_31622_POWLAW_8448596294177070022.txt -> /home/shahbazk/Projects/DFS_Semi_Streaming/input/random_graphs/graph_1000_31622_POWLAW_8448596294177070022.txt (Time: 0.00s)
📦 COPIED from HDD: /media/HDD/Projects/ExpDFS/graph_1000_31622_POWLAW_8446481348147407377.txt -> /home/shahbazk/Projects/DFS_Semi_Streaming/input/random_graphs/graph_1000_31622_POWLAW_8446481348147407377.txt (Time: 0.00s)
📦 COPIED from HDD: /media/HDD/Projects/ExpDFS/graph_1000_31622_POWLAW_2909934787168262407.txt -> /home/shahbazk/Projects/DFS_Semi_Streaming/input/random_graphs/graph_1000_31622_POWLAW_2909934787168262407.txt (Time: 0.00s)
📦 COPIED from HDD: /media/HDD/Projects/ExpDFS/graph_1000_31622_POWLAW_175493991617213850.txt -> /home/shahbazk/Projects/DFS_Semi_Streaming/input/random_graphs/graph_1000_31622_POWLAW_175493991617213850.txt (Time: 0.00s)
📦 COPIED from HDD: /media/HDD/Projects/ExpDFS/graph_1000_31622_POWLAW_5108599054664628607.txt -> /home/shahbazk/Projects/DFS_Semi_Streaming/input/random_graphs/graph_1000_31622_POWLAW_5108599054664628607.txt (Time: 0.00s)
📦 COPIED from HDD: /media/HDD/Projects/ExpDFS/graph_1000_31622_POWLAW_9130666990809746335.txt -> /home/shahbazk/Projects/DFS_Semi_Streaming/input/random_graphs/graph_1000_31622_POWLAW_9130666990809746335.txt (Time: 0.00s)
📦 COPIED from HDD: /media/HDD/Projects/ExpDFS/graph_1000_31622_POWLAW_1392892770529522614.txt -> /home/shahbazk/Projects/DFS_Semi_Streaming/input/random_graphs/graph_1000_31622_POWLAW_1392892770529522614.txt (Time: 0.00s)
📦 COPIED from HDD: /media/HDD/Projects/ExpDFS/graph_1000_31622_POWLAW_7644420139408884785.txt -> /home/shahbazk/Projects/DFS_Semi_Streaming/input/random_graphs/graph_1000_31622_POWLAW_7644420139408884785.txt (Time: 0.00s)
📦 COPIED from HDD: /media/HDD/Projects/ExpDFS/graph_1000_31622_POWLAW_4250897495980125004.txt -> /home/shahbazk/Projects/DFS_Semi_Streaming/input/random_graphs/graph_1000_31622_POWLAW_4250897495980125004.txt (Time: 0.00s)
📦 COPIED from HDD: /media/HDD/Projects/ExpDFS/graph_1000_31622_POWLAW_8794274795737982182.txt -> /home/shahbazk/Projects/DFS_Semi_Streaming/input/random_graphs/graph_1000_31622_POWLAW_8794274795737982182.txt (Time: 0.00s)
📦 COPIED from HDD: /media/HDD/Projects/ExpDFS/graph_1000_31622_POWLAW_4795749165124911768.txt -> /home/shahbazk/Projects/DFS_Semi_Streaming/input/random_graphs/graph_1000_31622_POWLAW_4795749165124911768.txt (Time: 0.00s)
📦 COPIED from HDD: /media/HDD/Projects/ExpDFS/graph_1000_31622_POWLAW_4060584409398689268.txt -> /home/shahbazk/Projects/DFS_Semi_Streaming/input/random_graphs/graph_1000_31622_POWLAW_4060584409398689268.txt (Time: 0.00s)
📦 COPIED from HDD: /media/HDD/Projects/ExpDFS/graph_1000_31622_POWLAW_1332005502874566195.txt -> /home/shahbazk/Projects/DFS_Semi_Streaming/input/random_graphs/graph_1000_31622_POWLAW_1332005502874566195.txt (Time: 0.00s)
📦 COPIED from HDD: /media/HDD/Projects/ExpDFS/graph_1000_31622_POWLAW_2089506265998900862.txt -> /home/shahbazk/Projects/DFS_Semi_Streaming/input/random_graphs/graph_1000_31622_POWLAW_2089506265998900862.txt (Time: 0.00s)
📦 COPIED from HDD: /media/HDD/Projects/ExpDFS/graph_1000_31622_POWLAW_6022436717541034636.txt -> /home/shahbazk/Projects/DFS_Semi_Streaming/input/random_graphs/graph_1000_31622_POWLAW_6022436717541034636.txt (Time: 0.00s)
📦 COPIED from HDD: /media/HDD/Projects/ExpDFS/graph_1000_31622_POWLAW_5497874167834979553.txt -> /home/shahbazk/Projects/DFS_Semi_Streaming/input/random_graphs/graph_1000_31622_POWLAW_5497874167834979553.txt (Time: 0.00s)
📦 COPIED from HDD: /media/HDD/Projects/ExpDFS/graph_1000_31622_POWLAW_8626102704817790064.txt -> /home/shahbazk/Projects/DFS_Semi_Streaming/input/random_graphs/graph_1000_31622_POWLAW_8626102704817790064.txt (Time: 0.00s)
📦 COPIED from HDD: /media/HDD/Projects/ExpDFS/graph_1000_31622_POWLAW_1170385908854608748.txt -> /home/shahbazk/Projects/DFS_Semi_Streaming/input/random_graphs/graph_1000_31622_POWLAW_1170385908854608748.txt (Time: 0.00s)
📦 COPIED from HDD: /media/HDD/Projects/ExpDFS/graph_1000_31622_POWLAW_3221421291694197220.txt -> /home/shahbazk/Projects/DFS_Semi_Streaming/input/random_graphs/graph_1000_31622_POWLAW_3221421291694197220.txt (Time: 0.00s)
📦 COPIED from HDD: /media/HDD/Projects/ExpDFS/graph_1000_31622_POWLAW_1458186392400727732.txt -> /home/shahbazk/Projects/DFS_Semi_Streaming/input/random_graphs/graph_1000_31622_POWLAW_1458186392400727732.txt (Time: 0.00s)
📦 COPIED from HDD: /media/HDD/Projects/ExpDFS/graph_1000_31622_POWLAW_3713827327871807734.txt -> /home/shahbazk/Projects/DFS_Semi_Streaming/input/random_graphs/graph_1000_31622_POWLAW_3713827327871807734.txt (Time: 0.00s)
📦 COPIED from HDD: /media/HDD/Projects/ExpDFS/graph_1000_31622_POWLAW_6764066939395682287.txt -> /home/shahbazk/Projects/DFS_Semi_Streaming/input/random_graphs/graph_1000_31622_POWLAW_6764066939395682287.txt (Time: 0.00s)
📦 COPIED from HDD: /media/HDD/Projects/ExpDFS/graph_1000_31622_POWLAW_7449662661572224354.txt -> /home/shahbazk/Projects/DFS_Semi_Streaming/input/random_graphs/graph_1000_31622_POWLAW_7449662661572224354.txt (Time: 0.00s)
📦 COPIED from HDD: /media/HDD/Projects/ExpDFS/graph_1000_31622_POWLAW_2718103348384927511.txt -> /home/shahbazk/Projects/DFS_Semi_Streaming/input/random_graphs/graph_1000_31622_POWLAW_2718103348384927511.txt (Time: 0.00s)
📦 COPIED from HDD: /media/HDD/Projects/ExpDFS/graph_1000_31622_POWLAW_4940913311242578590.txt -> /home/shahbazk/Projects/DFS_Semi_Streaming/input/random_graphs/graph_1000_31622_POWLAW_4940913311242578590.txt (Time: 0.00s)
📦 COPIED from HDD: /media/HDD/Projects/ExpDFS/graph_1000_31622_POWLAW_9060210648189963449.txt -> /home/shahbazk/Projects/DFS_Semi_Streaming/input/random_graphs/graph_1000_31622_POWLAW_9060210648189963449.txt (Time: 0.00s)
📦 COPIED from HDD: /media/HDD/Projects/ExpDFS/graph_1000_31622_POWLAW_9059990922233379852.txt -> /home/shahbazk/Projects/DFS_Semi_Streaming/input/random_graphs/graph_1000_31622_POWLAW_9059990922233379852.txt (Time: 0.00s)
📦 COPIED from HDD: /media/HDD/Projects/ExpDFS/graph_1000_31622_POWLAW_1992204328026194281.txt -> /home/shahbazk/Projects/DFS_Semi_Streaming/input/random_graphs/graph_1000_31622_POWLAW_1992204328026194281.txt (Time: 0.00s)
📦 COPIED from HDD: /media/HDD/Projects/ExpDFS/graph_1000_31622_POWLAW_4934890601268679176.txt -> /home/shahbazk/Projects/DFS_Semi_Streaming/input/random_graphs/graph_1000_31622_POWLAW_4934890601268679176.txt (Time: 0.00s)
📦 COPIED from HDD: /media/HDD/Projects/ExpDFS/graph_1000_31622_POWLAW_8867616339855336876.txt -> /home/shahbazk/Projects/DFS_Semi_Streaming/input/random_graphs/graph_1000_31622_POWLAW_8867616339855336876.txt (Time: 0.00s)
📦 COPIED from HDD: /media/HDD/Projects/ExpDFS/graph_1000_31622_POWLAW_7118744415197196276.txt -> /home/shahbazk/Projects/DFS_Semi_Streaming/input/random_graphs/graph_1000_31622_POWLAW_7118744415197196276.txt (Time: 0.00s)
📦 COPIED from HDD: /media/HDD/Projects/ExpDFS/graph_1000_31622_POWLAW_2264398621601381987.txt -> /home/shahbazk/Projects/DFS_Semi_Streaming/input/random_graphs/graph_1000_31622_POWLAW_2264398621601381987.txt (Time: 0.00s)
📦 COPIED from HDD: /media/HDD/Projects/ExpDFS/graph_1000_31622_POWLAW_7632458674696225362.txt -> /home/shahbazk/Projects/DFS_Semi_Streaming/input/random_graphs/graph_1000_31622_POWLAW_7632458674696225362.txt (Time: 0.00s)
📦 COPIED from HDD: /media/HDD/Projects/ExpDFS/graph_1000_31622_POWLAW_7983805977214098674.txt -> /home/shahbazk/Projects/DFS_Semi_Streaming/input/random_graphs/graph_1000_31622_POWLAW_7983805977214098674.txt (Time: 0.00s)
📦 COPIED from HDD: /media/HDD/Projects/ExpDFS/graph_1000_31622_POWLAW_5894893360759659423.txt -> /home/shahbazk/Projects/DFS_Semi_Streaming/input/random_graphs/graph_1000_31622_POWLAW_5894893360759659423.txt (Time: 0.00s)
📦 COPIED from HDD: /media/HDD/Projects/ExpDFS/graph_1000_31622_POWLAW_1722224698700348310.txt -> /home/shahbazk/Projects/DFS_Semi_Streaming/input/random_graphs/graph_1000_31622_POWLAW_1722224698700348310.txt (Time: 0.00s)
📦 COPIED from HDD: /media/HDD/Projects/ExpDFS/graph_1200_41569_POWLAW_1309542850049879452.txt -> /home/shahbazk/Projects/DFS_Semi_Streaming/input/random_graphs/graph_1200_41569_POWLAW_1309542850049879452.txt (Time: 0.00s)
📦 COPIED from HDD: /media/HDD/Projects/ExpDFS/graph_1200_41569_POWLAW_7146860528564146064.txt -> /home/shahbazk/Projects/DFS_Semi_Streaming/input/random_graphs/graph_1200_41569_POWLAW_7146860528564146064.txt (Time: 0.00s)
📦 COPIED from HDD: /media/HDD/Projects/ExpDFS/graph_1200_41569_POWLAW_7473196763798409428.txt -> /home/shahbazk/Projects/DFS_Semi_Streaming/input/random_graphs/graph_1200_41569_POWLAW_7473196763798409428.txt (Time: 0.00s)
📦 COPIED from HDD: /media/HDD/Projects/ExpDFS/graph_1200_41569_POWLAW_1070244953599069350.txt -> /home/shahbazk/Projects/DFS_Semi_Streaming/input/random_graphs/graph_1200_41569_POWLAW_1070244953599069350.txt (Time: 0.00s)
📦 COPIED from HDD: /media/HDD/Projects/ExpDFS/graph_1200_41569_POWLAW_5739955973604961613.txt -> /home/shahbazk/Projects/DFS_Semi_Streaming/input/random_graphs/graph_1200_41569_POWLAW_5739955973604961613.txt (Time: 0.00s)
📦 COPIED from HDD: /media/HDD/Projects/ExpDFS/graph_1200_41569_POWLAW_521787134863155063.txt -> /home/shahbazk/Projects/DFS_Semi_Streaming/input/random_graphs/graph_1200_41569_POWLAW_521787134863155063.txt (Time: 0.00s)
📦 COPIED from HDD: /media/HDD/Projects/ExpDFS/graph_1200_41569_POWLAW_5139481885857321791.txt -> /home/shahbazk/Projects/DFS_Semi_Streaming/input/random_graphs/graph_1200_41569_POWLAW_5139481885857321791.txt (Time: 0.00s)
📦 COPIED from HDD: /media/HDD/Projects/ExpDFS/graph_1200_41569_POWLAW_1250773459040295677.txt -> /home/shahbazk/Projects/DFS_Semi_Streaming/input/random_graphs/graph_1200_41569_POWLAW_1250773459040295677.txt (Time: 0.00s)
📦 COPIED from HDD: /media/HDD/Projects/ExpDFS/graph_1200_41569_POWLAW_3438400432146115956.txt -> /home/shahbazk/Projects/DFS_Semi_Streaming/input/random_graphs/graph_1200_41569_POWLAW_3438400432146115956.txt (Time: 0.00s)
📦 COPIED from HDD: /media/HDD/Projects/ExpDFS/graph_1200_41569_POWLAW_1731523882129807996.txt -> /home/shahbazk/Projects/DFS_Semi_Streaming/input/random_graphs/graph_1200_41569_POWLAW_1731523882129807996.txt (Time: 0.00s)
📦 COPIED from HDD: /media/HDD/Projects/ExpDFS/graph_1200_41569_POWLAW_5142811650494845597.txt -> /home/shahbazk/Projects/DFS_Semi_Streaming/input/random_graphs/graph_1200_41569_POWLAW_5142811650494845597.txt (Time: 0.00s)
📦 COPIED from HDD: /media/HDD/Projects/ExpDFS/graph_1200_41569_POWLAW_5708372698381010775.txt -> /home/shahbazk/Projects/DFS_Semi_Streaming/input/random_graphs/graph_1200_41569_POWLAW_5708372698381010775.txt (Time: 0.00s)
📦 COPIED from HDD: /media/HDD/Projects/ExpDFS/graph_1200_41569_POWLAW_2429002973740178792.txt -> /home/shahbazk/Projects/DFS_Semi_Streaming/input/random_graphs/graph_1200_41569_POWLAW_2429002973740178792.txt (Time: 0.00s)
📦 COPIED from HDD: /media/HDD/Projects/ExpDFS/graph_1200_41569_POWLAW_7599700178212337699.txt -> /home/shahbazk/Projects/DFS_Semi_Streaming/input/random_graphs/graph_1200_41569_POWLAW_7599700178212337699.txt (Time: 0.00s)
📦 COPIED from HDD: /media/HDD/Projects/ExpDFS/graph_1200_41569_POWLAW_4040737767143389431.txt -> /home/shahbazk/Projects/DFS_Semi_Streaming/input/random_graphs/graph_1200_41569_POWLAW_4040737767143389431.txt (Time: 0.00s)
📦 COPIED from HDD: /media/HDD/Projects/ExpDFS/graph_1200_41569_POWLAW_3881801951614183357.txt -> /home/shahbazk/Projects/DFS_Semi_Streaming/input/random_graphs/graph_1200_41569_POWLAW_3881801951614183357.txt (Time: 0.00s)
📦 COPIED from HDD: /media/HDD/Projects/ExpDFS/graph_1200_41569_POWLAW_6522163754831416203.txt -> /home/shahbazk/Projects/DFS_Semi_Streaming/input/random_graphs/graph_1200_41569_POWLAW_6522163754831416203.txt (Time: 0.00s)
📦 COPIED from HDD: /media/HDD/Projects/ExpDFS/graph_1200_41569_POWLAW_6938562734920028532.txt -> /home/shahbazk/Projects/DFS_Semi_Streaming/input/random_graphs/graph_1200_41569_POWLAW_6938562734920028532.txt (Time: 0.00s)
📦 COPIED from HDD: /media/HDD/Projects/ExpDFS/graph_1200_41569_POWLAW_7029781962072644698.txt -> /home/shahbazk/Projects/DFS_Semi_Streaming/input/random_graphs/graph_1200_41569_POWLAW_7029781962072644698.txt (Time: 0.00s)
📦 COPIED from HDD: /media/HDD/Projects/ExpDFS/graph_1200_41569_POWLAW_1853590723603270879.txt -> /home/shahbazk/Projects/DFS_Semi_Streaming/input/random_graphs/graph_1200_41569_POWLAW_1853590723603270879.txt (Time: 0.00s)
📦 COPIED from HDD: /media/HDD/Projects/ExpDFS/graph_1200_41569_POWLAW_3010622984418968408.txt -> /home/shahbazk/Projects/DFS_Semi_Streaming/input/random_graphs/graph_1200_41569_POWLAW_3010622984418968408.txt (Time: 0.00s)
📦 COPIED from HDD: /media/HDD/Projects/ExpDFS/graph_1200_41569_POWLAW_7871178979383552919.txt -> /home/shahbazk/Projects/DFS_Semi_Streaming/input/random_graphs/graph_1200_41569_POWLAW_7871178979383552919.txt (Time: 0.00s)
📦 COPIED from HDD: /media/HDD/Projects/ExpDFS/graph_1200_41569_POWLAW_1250005700364523649.txt -> /home/shahbazk/Projects/DFS_Semi_Streaming/input/random_graphs/graph_1200_41569_POWLAW_1250005700364523649.txt (Time: 0.00s)
📦 COPIED from HDD: /media/HDD/Projects/ExpDFS/graph_1200_41569_POWLAW_320375091487821987.txt -> /home/shahbazk/Projects/DFS_Semi_Streaming/input/random_graphs/graph_1200_41569_POWLAW_320375091487821987.txt (Time: 0.00s)
📦 COPIED from HDD: /media/HDD/Projects/ExpDFS/graph_1200_41569_POWLAW_1353182403971399009.txt -> /home/shahbazk/Projects/DFS_Semi_Streaming/input/random_graphs/graph_1200_41569_POWLAW_1353182403971399009.txt (Time: 0.00s)
📦 COPIED from HDD: /media/HDD/Projects/ExpDFS/graph_1200_41569_POWLAW_1024517563182776983.txt -> /home/shahbazk/Projects/DFS_Semi_Streaming/input/random_graphs/graph_1200_41569_POWLAW_1024517563182776983.txt (Time: 0.00s)
📦 COPIED from HDD: /media/HDD/Projects/ExpDFS/graph_1200_41569_POWLAW_5529616217668449934.txt -> /home/shahbazk/Projects/DFS_Semi_Streaming/input/random_graphs/graph_1200_41569_POWLAW_5529616217668449934.txt (Time: 0.00s)
📦 COPIED from HDD: /media/HDD/Projects/ExpDFS/graph_1200_41569_POWLAW_7032710160631691991.txt -> /home/shahbazk/Projects/DFS_Semi_Streaming/input/random_graphs/graph_1200_41569_POWLAW_7032710160631691991.txt (Time: 0.00s)
📦 COPIED from HDD: /media/HDD/Projects/ExpDFS/graph_1200_41569_POWLAW_6002685213311538187.txt -> /home/shahbazk/Projects/DFS_Semi_Streaming/input/random_graphs/graph_1200_41569_POWLAW_6002685213311538187.txt (Time: 0.00s)
📦 COPIED from HDD: /media/HDD/Projects/ExpDFS/graph_1200_41569_POWLAW_1632192924771168275.txt -> /home/shahbazk/Projects/DFS_Semi_Streaming/input/random_graphs/graph_1200_41569_POWLAW_1632192924771168275.txt (Time: 0.00s)
📦 COPIED from HDD: /media/HDD/Projects/ExpDFS/graph_1200_41569_POWLAW_7663871783842725848.txt -> /home/shahbazk/Projects/DFS_Semi_Streaming/input/random_graphs/graph_1200_41569_POWLAW_7663871783842725848.txt (Time: 0.00s)
📦 COPIED from HDD: /media/HDD/Projects/ExpDFS/graph_1200_41569_POWLAW_5906957480796939447.txt -> /home/shahbazk/Projects/DFS_Semi_Streaming/input/random_graphs/graph_1200_41569_POWLAW_5906957480796939447.txt (Time: 0.00s)
📦 COPIED from HDD: /media/HDD/Projects/ExpDFS/graph_1200_41569_POWLAW_824387247617288499.txt -> /home/shahbazk/Projects/DFS_Semi_Streaming/input/random_graphs/graph_1200_41569_POWLAW_824387247617288499.txt (Time: 0.00s)
📦 COPIED from HDD: /media/HDD/Projects/ExpDFS/graph_1200_41569_POWLAW_6230961512046992311.txt -> /home/shahbazk/Projects/DFS_Semi_Streaming/input/random_graphs/graph_1200_41569_POWLAW_6230961512046992311.txt (Time: 0.00s)
📦 COPIED from HDD: /media/HDD/Projects/ExpDFS/graph_1200_41569_POWLAW_4445925461710302877.txt -> /home/shahbazk/Projects/DFS_Semi_Streaming/input/random_graphs/graph_1200_41569_POWLAW_4445925461710302877.txt (Time: 0.00s)
📦 COPIED from HDD: /media/HDD/Projects/ExpDFS/graph_1200_41569_POWLAW_4122784633514911760.txt -> /home/shahbazk/Projects/DFS_Semi_Streaming/input/random_graphs/graph_1200_41569_POWLAW_4122784633514911760.txt (Time: 0.00s)
📦 COPIED from HDD: /media/HDD/Projects/ExpDFS/graph_1200_41569_POWLAW_3224265581699847191.txt -> /home/shahbazk/Projects/DFS_Semi_Streaming/input/random_graphs/graph_1200_41569_POWLAW_3224265581699847191.txt (Time: 0.00s)
📦 COPIED from HDD: /media/HDD/Projects/ExpDFS/graph_1200_41569_POWLAW_4552998297316576788.txt -> /home/shahbazk/Projects/DFS_Semi_Streaming/input/random_graphs/graph_1200_41569_POWLAW_4552998297316576788.txt (Time: 0.00s)
📦 COPIED from HDD: /media/HDD/Projects/ExpDFS/graph_1200_41569_POWLAW_6224222471595207695.txt -> /home/shahbazk/Projects/DFS_Semi_Streaming/input/random_graphs/graph_1200_41569_POWLAW_6224222471595207695.txt (Time: 0.00s)
📦 COPIED from HDD: /media/HDD/Projects/ExpDFS/graph_1200_41569_POWLAW_6802378520969450157.txt -> /home/shahbazk/Projects/DFS_Semi_Streaming/input/random_graphs/graph_1200_41569_POWLAW_6802378520969450157.txt (Time: 0.00s)
📦 COPIED from HDD: /media/HDD/Projects/ExpDFS/graph_1200_41569_POWLAW_5636411189175451024.txt -> /home/shahbazk/Projects/DFS_Semi_Streaming/input/random_graphs/graph_1200_41569_POWLAW_5636411189175451024.txt (Time: 0.00s)
📦 COPIED from HDD: /media/HDD/Projects/ExpDFS/graph_1200_41569_POWLAW_8031431416522537101.txt -> /home/shahbazk/Projects/DFS_Semi_Streaming/input/random_graphs/graph_1200_41569_POWLAW_8031431416522537101.txt (Time: 0.00s)
📦 COPIED from HDD: /media/HDD/Projects/ExpDFS/graph_1200_41569_POWLAW_1647170069535670909.txt -> /home/shahbazk/Projects/DFS_Semi_Streaming/input/random_graphs/graph_1200_41569_POWLAW_1647170069535670909.txt (Time: 0.00s)
📦 COPIED from HDD: /media/HDD/Projects/ExpDFS/graph_1200_41569_POWLAW_6143643868734370809.txt -> /home/shahbazk/Projects/DFS_Semi_Streaming/input/random_graphs/graph_1200_41569_POWLAW_6143643868734370809.txt (Time: 0.00s)
📦 COPIED from HDD: /media/HDD/Projects/ExpDFS/graph_1200_41569_POWLAW_7706236040662210848.txt -> /home/shahbazk/Projects/DFS_Semi_Streaming/input/random_graphs/graph_1200_41569_POWLAW_7706236040662210848.txt (Time: 0.00s)
📦 COPIED from HDD: /media/HDD/Projects/ExpDFS/graph_1200_41569_POWLAW_3272308573967577038.txt -> /home/shahbazk/Projects/DFS_Semi_Streaming/input/random_graphs/graph_1200_41569_POWLAW_3272308573967577038.txt (Time: 0.00s)
📦 COPIED from HDD: /media/HDD/Projects/ExpDFS/graph_1200_41569_POWLAW_7938560551762094560.txt -> /home/shahbazk/Projects/DFS_Semi_Streaming/input/random_graphs/graph_1200_41569_POWLAW_7938560551762094560.txt (Time: 0.00s)
📦 COPIED from HDD: /media/HDD/Projects/ExpDFS/graph_1200_41569_POWLAW_7161906730445628483.txt -> /home/shahbazk/Projects/DFS_Semi_Streaming/input/random_graphs/graph_1200_41569_POWLAW_7161906730445628483.txt (Time: 0.00s)
📦 COPIED from HDD: /media/HDD/Projects/ExpDFS/graph_1200_41569_POWLAW_6529943913552561417.txt -> /home/shahbazk/Projects/DFS_Semi_Streaming/input/random_graphs/graph_1200_41569_POWLAW_6529943913552561417.txt (Time: 0.00s)
📦 COPIED from HDD: /media/HDD/Projects/ExpDFS/graph_1200_41569_POWLAW_2909934787168262407.txt -> /home/shahbazk/Projects/DFS_Semi_Streaming/input/random_graphs/graph_1200_41569_POWLAW_2909934787168262407.txt (Time: 0.00s)
📦 COPIED from HDD: /media/HDD/Projects/ExpDFS/graph_1200_41569_POWLAW_5258051056098597521.txt -> /home/shahbazk/Projects/DFS_Semi_Streaming/input/random_graphs/graph_1200_41569_POWLAW_5258051056098597521.txt (Time: 0.00s)
📦 COPIED from HDD: /media/HDD/Projects/ExpDFS/graph_1200_41569_POWLAW_5349491008325879064.txt -> /home/shahbazk/Projects/DFS_Semi_Streaming/input/random_graphs/graph_1200_41569_POWLAW_5349491008325879064.txt (Time: 0.00s)
📦 COPIED from HDD: /media/HDD/Projects/ExpDFS/graph_1200_41569_POWLAW_6785030173969523435.txt -> /home/shahbazk/Projects/DFS_Semi_Streaming/input/random_graphs/graph_1200_41569_POWLAW_6785030173969523435.txt (Time: 0.00s)
📦 COPIED from HDD: /media/HDD/Projects/ExpDFS/graph_1200_41569_POWLAW_7644420139408884785.txt -> /home/shahbazk/Projects/DFS_Semi_Streaming/input/random_graphs/graph_1200_41569_POWLAW_7644420139408884785.txt (Time: 0.00s)
📦 COPIED from HDD: /media/HDD/Projects/ExpDFS/graph_1200_41569_POWLAW_7917045922527545890.txt -> /home/shahbazk/Projects/DFS_Semi_Streaming/input/random_graphs/graph_1200_41569_POWLAW_7917045922527545890.txt (Time: 0.00s)
📦 COPIED from HDD: /media/HDD/Projects/ExpDFS/graph_1200_41569_POWLAW_4997514996153925447.txt -> /home/shahbazk/Projects/DFS_Semi_Streaming/input/random_graphs/graph_1200_41569_POWLAW_4997514996153925447.txt (Time: 0.00s)
📦 COPIED from HDD: /media/HDD/Projects/ExpDFS/graph_1200_41569_POWLAW_3865339568260874865.txt -> /home/shahbazk/Projects/DFS_Semi_Streaming/input/random_graphs/graph_1200_41569_POWLAW_3865339568260874865.txt (Time: 0.00s)
📦 COPIED from HDD: /media/HDD/Projects/ExpDFS/graph_1200_41569_POWLAW_7921282862123281598.txt -> /home/shahbazk/Projects/DFS_Semi_Streaming/input/random_graphs/graph_1200_41569_POWLAW_7921282862123281598.txt (Time: 0.00s)
📦 COPIED from HDD: /media/HDD/Projects/ExpDFS/graph_1200_41569_POWLAW_6614505080519948832.txt -> /home/shahbazk/Projects/DFS_Semi_Streaming/input/random_graphs/graph_1200_41569_POWLAW_6614505080519948832.txt (Time: 0.00s)
📦 COPIED from HDD: /media/HDD/Projects/ExpDFS/graph_1200_41569_POWLAW_8718380604043999642.txt -> /home/shahbazk/Projects/DFS_Semi_Streaming/input/random_graphs/graph_1200_41569_POWLAW_8718380604043999642.txt (Time: 0.00s)
📦 COPIED from HDD: /media/HDD/Projects/ExpDFS/graph_1200_41569_POWLAW_716820155901718944.txt -> /home/shahbazk/Projects/DFS_Semi_Streaming/input/random_graphs/graph_1200_41569_POWLAW_716820155901718944.txt (Time: 0.00s)
📦 COPIED from HDD: /media/HDD/Projects/ExpDFS/graph_1200_41569_POWLAW_1128313391724783137.txt -> /home/shahbazk/Projects/DFS_Semi_Streaming/input/random_graphs/graph_1200_41569_POWLAW_1128313391724783137.txt (Time: 0.00s)
📦 COPIED from HDD: /media/HDD/Projects/ExpDFS/graph_1200_41569_POWLAW_3817405844514670994.txt -> /home/shahbazk/Projects/DFS_Semi_Streaming/input/random_graphs/graph_1200_41569_POWLAW_3817405844514670994.txt (Time: 0.00s)
📦 COPIED from HDD: /media/HDD/Projects/ExpDFS/graph_1200_41569_POWLAW_5063475852268941542.txt -> /home/shahbazk/Projects/DFS_Semi_Streaming/input/random_graphs/graph_1200_41569_POWLAW_5063475852268941542.txt (Time: 0.00s)
📦 COPIED from HDD: /media/HDD/Projects/ExpDFS/graph_1200_41569_POWLAW_5497874167834979553.txt -> /home/shahbazk/Projects/DFS_Semi_Streaming/input/random_graphs/graph_1200_41569_POWLAW_5497874167834979553.txt (Time: 0.00s)
📦 COPIED from HDD: /media/HDD/Projects/ExpDFS/graph_1200_41569_POWLAW_8794274795737982182.txt -> /home/shahbazk/Projects/DFS_Semi_Streaming/input/random_graphs/graph_1200_41569_POWLAW_8794274795737982182.txt (Time: 0.00s)
📦 COPIED from HDD: /media/HDD/Projects/ExpDFS/graph_1200_41569_POWLAW_8446481348147407377.txt -> /home/shahbazk/Projects/DFS_Semi_Streaming/input/random_graphs/graph_1200_41569_POWLAW_8446481348147407377.txt (Time: 0.00s)
📦 COPIED from HDD: /media/HDD/Projects/ExpDFS/graph_1200_41569_POWLAW_1332005502874566195.txt -> /home/shahbazk/Projects/DFS_Semi_Streaming/input/random_graphs/graph_1200_41569_POWLAW_1332005502874566195.txt (Time: 0.00s)
📦 COPIED from HDD: /media/HDD/Projects/ExpDFS/graph_1200_41569_POWLAW_1458186392400727732.txt -> /home/shahbazk/Projects/DFS_Semi_Streaming/input/random_graphs/graph_1200_41569_POWLAW_1458186392400727732.txt (Time: 0.00s)
📦 COPIED from HDD: /media/HDD/Projects/ExpDFS/graph_1200_41569_POWLAW_4060584409398689268.txt -> /home/shahbazk/Projects/DFS_Semi_Streaming/input/random_graphs/graph_1200_41569_POWLAW_4060584409398689268.txt (Time: 0.00s)
📦 COPIED from HDD: /media/HDD/Projects/ExpDFS/graph_1200_41569_POWLAW_199422815561151340.txt -> /home/shahbazk/Projects/DFS_Semi_Streaming/input/random_graphs/graph_1200_41569_POWLAW_199422815561151340.txt (Time: 0.00s)
📦 COPIED from HDD: /media/HDD/Projects/ExpDFS/graph_1200_41569_POWLAW_1170385908854608748.txt -> /home/shahbazk/Projects/DFS_Semi_Streaming/input/random_graphs/graph_1200_41569_POWLAW_1170385908854608748.txt (Time: 0.00s)
📦 COPIED from HDD: /media/HDD/Projects/ExpDFS/graph_1200_41569_POWLAW_4934890601268679176.txt -> /home/shahbazk/Projects/DFS_Semi_Streaming/input/random_graphs/graph_1200_41569_POWLAW_4934890601268679176.txt (Time: 0.00s)
📦 COPIED from HDD: /media/HDD/Projects/ExpDFS/graph_1200_41569_POWLAW_2089506265998900862.txt -> /home/shahbazk/Projects/DFS_Semi_Streaming/input/random_graphs/graph_1200_41569_POWLAW_2089506265998900862.txt (Time: 0.00s)
📦 COPIED from HDD: /media/HDD/Projects/ExpDFS/graph_1200_41569_POWLAW_8626102704817790064.txt -> /home/shahbazk/Projects/DFS_Semi_Streaming/input/random_graphs/graph_1200_41569_POWLAW_8626102704817790064.txt (Time: 0.00s)
📦 COPIED from HDD: /media/HDD/Projects/ExpDFS/graph_1200_41569_POWLAW_7905487461282246979.txt -> /home/shahbazk/Projects/DFS_Semi_Streaming/input/random_graphs/graph_1200_41569_POWLAW_7905487461282246979.txt (Time: 0.00s)
📦 COPIED from HDD: /media/HDD/Projects/ExpDFS/graph_1200_41569_POWLAW_8448596294177070022.txt -> /home/shahbazk/Projects/DFS_Semi_Streaming/input/random_graphs/graph_1200_41569_POWLAW_8448596294177070022.txt (Time: 0.00s)
📦 COPIED from HDD: /media/HDD/Projects/ExpDFS/graph_1200_41569_POWLAW_4250897495980125004.txt -> /home/shahbazk/Projects/DFS_Semi_Streaming/input/random_graphs/graph_1200_41569_POWLAW_4250897495980125004.txt (Time: 0.00s)
📦 COPIED from HDD: /media/HDD/Projects/ExpDFS/graph_1200_41569_POWLAW_9060210648189963449.txt -> /home/shahbazk/Projects/DFS_Semi_Streaming/input/random_graphs/graph_1200_41569_POWLAW_9060210648189963449.txt (Time: 0.00s)
📦 COPIED from HDD: /media/HDD/Projects/ExpDFS/graph_1200_41569_POWLAW_1722224698700348310.txt -> /home/shahbazk/Projects/DFS_Semi_Streaming/input/random_graphs/graph_1200_41569_POWLAW_1722224698700348310.txt (Time: 0.00s)
📦 COPIED from HDD: /media/HDD/Projects/ExpDFS/graph_1200_41569_POWLAW_4795749165124911768.txt -> /home/shahbazk/Projects/DFS_Semi_Streaming/input/random_graphs/graph_1200_41569_POWLAW_4795749165124911768.txt (Time: 0.00s)
📦 COPIED from HDD: /media/HDD/Projects/ExpDFS/graph_1200_41569_POWLAW_1392892770529522614.txt -> /home/shahbazk/Projects/DFS_Semi_Streaming/input/random_graphs/graph_1200_41569_POWLAW_1392892770529522614.txt (Time: 0.00s)
📦 COPIED from HDD: /media/HDD/Projects/ExpDFS/graph_1200_41569_POWLAW_5108599054664628607.txt -> /home/shahbazk/Projects/DFS_Semi_Streaming/input/random_graphs/graph_1200_41569_POWLAW_5108599054664628607.txt (Time: 0.00s)
📦 COPIED from HDD: /media/HDD/Projects/ExpDFS/graph_1200_41569_POWLAW_6022436717541034636.txt -> /home/shahbazk/Projects/DFS_Semi_Streaming/input/random_graphs/graph_1200_41569_POWLAW_6022436717541034636.txt (Time: 0.00s)
📦 COPIED from HDD: /media/HDD/Projects/ExpDFS/graph_1200_41569_POWLAW_6764066939395682287.txt -> /home/shahbazk/Projects/DFS_Semi_Streaming/input/random_graphs/graph_1200_41569_POWLAW_6764066939395682287.txt (Time: 0.00s)
📦 COPIED from HDD: /media/HDD/Projects/ExpDFS/graph_1200_41569_POWLAW_175493991617213850.txt -> /home/shahbazk/Projects/DFS_Semi_Streaming/input/random_graphs/graph_1200_41569_POWLAW_175493991617213850.txt (Time: 0.00s)
📦 COPIED from HDD: /media/HDD/Projects/ExpDFS/graph_1200_41569_POWLAW_3713827327871807734.txt -> /home/shahbazk/Projects/DFS_Semi_Streaming/input/random_graphs/graph_1200_41569_POWLAW_3713827327871807734.txt (Time: 0.00s)
📦 COPIED from HDD: /media/HDD/Projects/ExpDFS/graph_1200_41569_POWLAW_2718103348384927511.txt -> /home/shahbazk/Projects/DFS_Semi_Streaming/input/random_graphs/graph_1200_41569_POWLAW_2718103348384927511.txt (Time: 0.00s)
📦 COPIED from HDD: /media/HDD/Projects/ExpDFS/graph_1200_41569_POWLAW_9130666990809746335.txt -> /home/shahbazk/Projects/DFS_Semi_Streaming/input/random_graphs/graph_1200_41569_POWLAW_9130666990809746335.txt (Time: 0.00s)
📦 COPIED from HDD: /media/HDD/Projects/ExpDFS/graph_1200_41569_POWLAW_9059990922233379852.txt -> /home/shahbazk/Projects/DFS_Semi_Streaming/input/random_graphs/graph_1200_41569_POWLAW_9059990922233379852.txt (Time: 0.00s)
📦 COPIED from HDD: /media/HDD/Projects/ExpDFS/graph_1200_41569_POWLAW_3221421291694197220.txt -> /home/shahbazk/Projects/DFS_Semi_Streaming/input/random_graphs/graph_1200_41569_POWLAW_3221421291694197220.txt (Time: 0.00s)
📦 COPIED from HDD: /media/HDD/Projects/ExpDFS/graph_1200_41569_POWLAW_7449662661572224354.txt -> /home/shahbazk/Projects/DFS_Semi_Streaming/input/random_graphs/graph_1200_41569_POWLAW_7449662661572224354.txt (Time: 0.00s)
📦 COPIED from HDD: /media/HDD/Projects/ExpDFS/graph_1200_41569_POWLAW_7118744415197196276.txt -> /home/shahbazk/Projects/DFS_Semi_Streaming/input/random_graphs/graph_1200_41569_POWLAW_7118744415197196276.txt (Time: 0.00s)
📦 COPIED from HDD: /media/HDD/Projects/ExpDFS/graph_1200_41569_POWLAW_1992204328026194281.txt -> /home/shahbazk/Projects/DFS_Semi_Streaming/input/random_graphs/graph_1200_41569_POWLAW_1992204328026194281.txt (Time: 0.00s)
📦 COPIED from HDD: /media/HDD/Projects/ExpDFS/graph_1200_41569_POWLAW_7983805977214098674.txt -> /home/shahbazk/Projects/DFS_Semi_Streaming/input/random_graphs/graph_1200_41569_POWLAW_7983805977214098674.txt (Time: 0.00s)
📦 COPIED from HDD: /media/HDD/Projects/ExpDFS/graph_1200_41569_POWLAW_2264398621601381987.txt -> /home/shahbazk/Projects/DFS_Semi_Streaming/input/random_graphs/graph_1200_41569_POWLAW_2264398621601381987.txt (Time: 0.00s)
📦 COPIED from HDD: /media/HDD/Projects/ExpDFS/graph_1400_52383_POWLAW_5739955973604961613.txt -> /home/shahbazk/Projects/DFS_Semi_Streaming/input/random_graphs/graph_1400_52383_POWLAW_5739955973604961613.txt (Time: 0.00s)
📦 COPIED from HDD: /media/HDD/Projects/ExpDFS/graph_1200_41569_POWLAW_8867616339855336876.txt -> /home/shahbazk/Projects/DFS_Semi_Streaming/input/random_graphs/graph_1200_41569_POWLAW_8867616339855336876.txt (Time: 0.00s)
📦 COPIED from HDD: /media/HDD/Projects/ExpDFS/graph_1400_52383_POWLAW_3881801951614183357.txt -> /home/shahbazk/Projects/DFS_Semi_Streaming/input/random_graphs/graph_1400_52383_POWLAW_3881801951614183357.txt (Time: 0.00s)
📦 COPIED from HDD: /media/HDD/Projects/ExpDFS/graph_1400_52383_POWLAW_7146860528564146064.txt -> /home/shahbazk/Projects/DFS_Semi_Streaming/input/random_graphs/graph_1400_52383_POWLAW_7146860528564146064.txt (Time: 0.00s)
📦 COPIED from HDD: /media/HDD/Projects/ExpDFS/graph_1400_52383_POWLAW_7663871783842725848.txt -> /home/shahbazk/Projects/DFS_Semi_Streaming/input/random_graphs/graph_1400_52383_POWLAW_7663871783842725848.txt (Time: 0.00s)
📦 COPIED from HDD: /media/HDD/Projects/ExpDFS/graph_1400_52383_POWLAW_7599700178212337699.txt -> /home/shahbazk/Projects/DFS_Semi_Streaming/input/random_graphs/graph_1400_52383_POWLAW_7599700178212337699.txt (Time: 0.00s)
📦 COPIED from HDD: /media/HDD/Projects/ExpDFS/graph_1400_52383_POWLAW_1309542850049879452.txt -> /home/shahbazk/Projects/DFS_Semi_Streaming/input/random_graphs/graph_1400_52383_POWLAW_1309542850049879452.txt (Time: 0.00s)
📦 COPIED from HDD: /media/HDD/Projects/ExpDFS/graph_1400_52383_POWLAW_7473196763798409428.txt -> /home/shahbazk/Projects/DFS_Semi_Streaming/input/random_graphs/graph_1400_52383_POWLAW_7473196763798409428.txt (Time: 0.00s)
📦 COPIED from HDD: /media/HDD/Projects/ExpDFS/graph_1400_52383_POWLAW_6522163754831416203.txt -> /home/shahbazk/Projects/DFS_Semi_Streaming/input/random_graphs/graph_1400_52383_POWLAW_6522163754831416203.txt (Time: 0.00s)
📦 COPIED from HDD: /media/HDD/Projects/ExpDFS/graph_1400_52383_POWLAW_5906957480796939447.txt -> /home/shahbazk/Projects/DFS_Semi_Streaming/input/random_graphs/graph_1400_52383_POWLAW_5906957480796939447.txt (Time: 0.00s)
📦 COPIED from HDD: /media/HDD/Projects/ExpDFS/graph_1400_52383_POWLAW_1250773459040295677.txt -> /home/shahbazk/Projects/DFS_Semi_Streaming/input/random_graphs/graph_1400_52383_POWLAW_1250773459040295677.txt (Time: 0.00s)
📦 COPIED from HDD: /media/HDD/Projects/ExpDFS/graph_1400_52383_POWLAW_6002685213311538187.txt -> /home/shahbazk/Projects/DFS_Semi_Streaming/input/random_graphs/graph_1400_52383_POWLAW_6002685213311538187.txt (Time: 0.00s)
📦 COPIED from HDD: /media/HDD/Projects/ExpDFS/graph_1400_52383_POWLAW_1250005700364523649.txt -> /home/shahbazk/Projects/DFS_Semi_Streaming/input/random_graphs/graph_1400_52383_POWLAW_1250005700364523649.txt (Time: 0.00s)
📦 COPIED from HDD: /media/HDD/Projects/ExpDFS/graph_1400_52383_POWLAW_7871178979383552919.txt -> /home/shahbazk/Projects/DFS_Semi_Streaming/input/random_graphs/graph_1400_52383_POWLAW_7871178979383552919.txt (Time: 0.00s)
📦 COPIED from HDD: /media/HDD/Projects/ExpDFS/graph_1400_52383_POWLAW_320375091487821987.txt -> /home/shahbazk/Projects/DFS_Semi_Streaming/input/random_graphs/graph_1400_52383_POWLAW_320375091487821987.txt (Time: 0.00s)
📦 COPIED from HDD: /media/HDD/Projects/ExpDFS/graph_1200_41569_POWLAW_4940913311242578590.txt -> /home/shahbazk/Projects/DFS_Semi_Streaming/input/random_graphs/graph_1200_41569_POWLAW_4940913311242578590.txt (Time: 0.00s)
📦 COPIED from HDD: /media/HDD/Projects/ExpDFS/graph_1400_52383_POWLAW_5139481885857321791.txt -> /home/shahbazk/Projects/DFS_Semi_Streaming/input/random_graphs/graph_1400_52383_POWLAW_5139481885857321791.txt (Time: 0.00s)
📦 COPIED from HDD: /media/HDD/Projects/ExpDFS/graph_1400_52383_POWLAW_2429002973740178792.txt -> /home/shahbazk/Projects/DFS_Semi_Streaming/input/random_graphs/graph_1400_52383_POWLAW_2429002973740178792.txt (Time: 0.00s)
📦 COPIED from HDD: /media/HDD/Projects/ExpDFS/graph_1400_52383_POWLAW_6230961512046992311.txt -> /home/shahbazk/Projects/DFS_Semi_Streaming/input/random_graphs/graph_1400_52383_POWLAW_6230961512046992311.txt (Time: 0.00s)
📦 COPIED from HDD: /media/HDD/Projects/ExpDFS/graph_1400_52383_POWLAW_5708372698381010775.txt -> /home/shahbazk/Projects/DFS_Semi_Streaming/input/random_graphs/graph_1400_52383_POWLAW_5708372698381010775.txt (Time: 0.00s)
📦 COPIED from HDD: /media/HDD/Projects/ExpDFS/graph_1400_52383_POWLAW_3438400432146115956.txt -> /home/shahbazk/Projects/DFS_Semi_Streaming/input/random_graphs/graph_1400_52383_POWLAW_3438400432146115956.txt (Time: 0.00s)
📦 COPIED from HDD: /media/HDD/Projects/ExpDFS/graph_1400_52383_POWLAW_521787134863155063.txt -> /home/shahbazk/Projects/DFS_Semi_Streaming/input/random_graphs/graph_1400_52383_POWLAW_521787134863155063.txt (Time: 0.00s)
📦 COPIED from HDD: /media/HDD/Projects/ExpDFS/graph_1400_52383_POWLAW_6938562734920028532.txt -> /home/shahbazk/Projects/DFS_Semi_Streaming/input/random_graphs/graph_1400_52383_POWLAW_6938562734920028532.txt (Time: 0.00s)
📦 COPIED from HDD: /media/HDD/Projects/ExpDFS/graph_1400_52383_POWLAW_1731523882129807996.txt -> /home/shahbazk/Projects/DFS_Semi_Streaming/input/random_graphs/graph_1400_52383_POWLAW_1731523882129807996.txt (Time: 0.00s)
📦 COPIED from HDD: /media/HDD/Projects/ExpDFS/graph_1400_52383_POWLAW_5142811650494845597.txt -> /home/shahbazk/Projects/DFS_Semi_Streaming/input/random_graphs/graph_1400_52383_POWLAW_5142811650494845597.txt (Time: 0.00s)
📦 COPIED from HDD: /media/HDD/Projects/ExpDFS/graph_1400_52383_POWLAW_824387247617288499.txt -> /home/shahbazk/Projects/DFS_Semi_Streaming/input/random_graphs/graph_1400_52383_POWLAW_824387247617288499.txt (Time: 0.00s)
📦 COPIED from HDD: /media/HDD/Projects/ExpDFS/graph_1400_52383_POWLAW_3010622984418968408.txt -> /home/shahbazk/Projects/DFS_Semi_Streaming/input/random_graphs/graph_1400_52383_POWLAW_3010622984418968408.txt (Time: 0.00s)
📦 COPIED from HDD: /media/HDD/Projects/ExpDFS/graph_1400_52383_POWLAW_6785030173969523435.txt -> /home/shahbazk/Projects/DFS_Semi_Streaming/input/random_graphs/graph_1400_52383_POWLAW_6785030173969523435.txt (Time: 0.00s)
📦 COPIED from HDD: /media/HDD/Projects/ExpDFS/graph_1400_52383_POWLAW_1070244953599069350.txt -> /home/shahbazk/Projects/DFS_Semi_Streaming/input/random_graphs/graph_1400_52383_POWLAW_1070244953599069350.txt (Time: 0.00s)
📦 COPIED from HDD: /media/HDD/Projects/ExpDFS/graph_1400_52383_POWLAW_1353182403971399009.txt -> /home/shahbazk/Projects/DFS_Semi_Streaming/input/random_graphs/graph_1400_52383_POWLAW_1353182403971399009.txt (Time: 0.00s)
📦 COPIED from HDD: /media/HDD/Projects/ExpDFS/graph_1400_52383_POWLAW_1632192924771168275.txt -> /home/shahbazk/Projects/DFS_Semi_Streaming/input/random_graphs/graph_1400_52383_POWLAW_1632192924771168275.txt (Time: 0.00s)
📦 COPIED from HDD: /media/HDD/Projects/ExpDFS/graph_1400_52383_POWLAW_7032710160631691991.txt -> /home/shahbazk/Projects/DFS_Semi_Streaming/input/random_graphs/graph_1400_52383_POWLAW_7032710160631691991.txt (Time: 0.00s)
📦 COPIED from HDD: /media/HDD/Projects/ExpDFS/graph_1400_52383_POWLAW_4040737767143389431.txt -> /home/shahbazk/Projects/DFS_Semi_Streaming/input/random_graphs/graph_1400_52383_POWLAW_4040737767143389431.txt (Time: 0.00s)
📦 COPIED from HDD: /media/HDD/Projects/ExpDFS/graph_1400_52383_POWLAW_1024517563182776983.txt -> /home/shahbazk/Projects/DFS_Semi_Streaming/input/random_graphs/graph_1400_52383_POWLAW_1024517563182776983.txt (Time: 0.00s)
📦 COPIED from HDD: /media/HDD/Projects/ExpDFS/graph_1400_52383_POWLAW_7161906730445628483.txt -> /home/shahbazk/Projects/DFS_Semi_Streaming/input/random_graphs/graph_1400_52383_POWLAW_7161906730445628483.txt (Time: 0.00s)
📦 COPIED from HDD: /media/HDD/Projects/ExpDFS/graph_1400_52383_POWLAW_1853590723603270879.txt -> /home/shahbazk/Projects/DFS_Semi_Streaming/input/random_graphs/graph_1400_52383_POWLAW_1853590723603270879.txt (Time: 0.00s)
📦 COPIED from HDD: /media/HDD/Projects/ExpDFS/graph_1400_52383_POWLAW_4552998297316576788.txt -> /home/shahbazk/Projects/DFS_Semi_Streaming/input/random_graphs/graph_1400_52383_POWLAW_4552998297316576788.txt (Time: 0.00s)
📦 COPIED from HDD: /media/HDD/Projects/ExpDFS/graph_1400_52383_POWLAW_4122784633514911760.txt -> /home/shahbazk/Projects/DFS_Semi_Streaming/input/random_graphs/graph_1400_52383_POWLAW_4122784633514911760.txt (Time: 0.00s)
📦 COPIED from HDD: /media/HDD/Projects/ExpDFS/graph_1400_52383_POWLAW_5529616217668449934.txt -> /home/shahbazk/Projects/DFS_Semi_Streaming/input/random_graphs/graph_1400_52383_POWLAW_5529616217668449934.txt (Time: 0.00s)
📦 COPIED from HDD: /media/HDD/Projects/ExpDFS/graph_1400_52383_POWLAW_6802378520969450157.txt -> /home/shahbazk/Projects/DFS_Semi_Streaming/input/random_graphs/graph_1400_52383_POWLAW_6802378520969450157.txt (Time: 0.00s)
📦 COPIED from HDD: /media/HDD/Projects/ExpDFS/graph_1400_52383_POWLAW_7029781962072644698.txt -> /home/shahbazk/Projects/DFS_Semi_Streaming/input/random_graphs/graph_1400_52383_POWLAW_7029781962072644698.txt (Time: 0.00s)
📦 COPIED from HDD: /media/HDD/Projects/ExpDFS/graph_1400_52383_POWLAW_3224265581699847191.txt -> /home/shahbazk/Projects/DFS_Semi_Streaming/input/random_graphs/graph_1400_52383_POWLAW_3224265581699847191.txt (Time: 0.00s)
📦 COPIED from HDD: /media/HDD/Projects/ExpDFS/graph_1200_41569_POWLAW_5894893360759659423.txt -> /home/shahbazk/Projects/DFS_Semi_Streaming/input/random_graphs/graph_1200_41569_POWLAW_5894893360759659423.txt (Time: 0.00s)
📦 COPIED from HDD: /media/HDD/Projects/ExpDFS/graph_1400_52383_POWLAW_8031431416522537101.txt -> /home/shahbazk/Projects/DFS_Semi_Streaming/input/random_graphs/graph_1400_52383_POWLAW_8031431416522537101.txt (Time: 0.00s)
📦 COPIED from HDD: /media/HDD/Projects/ExpDFS/graph_1200_41569_POWLAW_7632458674696225362.txt -> /home/shahbazk/Projects/DFS_Semi_Streaming/input/random_graphs/graph_1200_41569_POWLAW_7632458674696225362.txt (Time: 0.00s)
📦 COPIED from HDD: /media/HDD/Projects/ExpDFS/graph_1400_52383_POWLAW_7706236040662210848.txt -> /home/shahbazk/Projects/DFS_Semi_Streaming/input/random_graphs/graph_1400_52383_POWLAW_7706236040662210848.txt (Time: 0.00s)
📦 COPIED from HDD: /media/HDD/Projects/ExpDFS/graph_1400_52383_POWLAW_1647170069535670909.txt -> /home/shahbazk/Projects/DFS_Semi_Streaming/input/random_graphs/graph_1400_52383_POWLAW_1647170069535670909.txt (Time: 0.00s)
📦 COPIED from HDD: /media/HDD/Projects/ExpDFS/graph_1400_52383_POWLAW_5258051056098597521.txt -> /home/shahbazk/Projects/DFS_Semi_Streaming/input/random_graphs/graph_1400_52383_POWLAW_5258051056098597521.txt (Time: 0.00s)
📦 COPIED from HDD: /media/HDD/Projects/ExpDFS/graph_1400_52383_POWLAW_9130666990809746335.txt -> /home/shahbazk/Projects/DFS_Semi_Streaming/input/random_graphs/graph_1400_52383_POWLAW_9130666990809746335.txt (Time: 0.00s)
📦 COPIED from HDD: /media/HDD/Projects/ExpDFS/graph_1400_52383_POWLAW_7938560551762094560.txt -> /home/shahbazk/Projects/DFS_Semi_Streaming/input/random_graphs/graph_1400_52383_POWLAW_7938560551762094560.txt (Time: 0.00s)
📦 COPIED from HDD: /media/HDD/Projects/ExpDFS/graph_1400_52383_POWLAW_3865339568260874865.txt -> /home/shahbazk/Projects/DFS_Semi_Streaming/input/random_graphs/graph_1400_52383_POWLAW_3865339568260874865.txt (Time: 0.00s)
📦 COPIED from HDD: /media/HDD/Projects/ExpDFS/graph_1400_52383_POWLAW_2909934787168262407.txt -> /home/shahbazk/Projects/DFS_Semi_Streaming/input/random_graphs/graph_1400_52383_POWLAW_2909934787168262407.txt (Time: 0.00s)
📦 COPIED from HDD: /media/HDD/Projects/ExpDFS/graph_1400_52383_POWLAW_1170385908854608748.txt -> /home/shahbazk/Projects/DFS_Semi_Streaming/input/random_graphs/graph_1400_52383_POWLAW_1170385908854608748.txt (Time: 0.00s)
📦 COPIED from HDD: /media/HDD/Projects/ExpDFS/graph_1400_52383_POWLAW_6224222471595207695.txt -> /home/shahbazk/Projects/DFS_Semi_Streaming/input/random_graphs/graph_1400_52383_POWLAW_6224222471595207695.txt (Time: 0.00s)
📦 COPIED from HDD: /media/HDD/Projects/ExpDFS/graph_1400_52383_POWLAW_199422815561151340.txt -> /home/shahbazk/Projects/DFS_Semi_Streaming/input/random_graphs/graph_1400_52383_POWLAW_199422815561151340.txt (Time: 0.00s)
📦 COPIED from HDD: /media/HDD/Projects/ExpDFS/graph_1400_52383_POWLAW_7921282862123281598.txt -> /home/shahbazk/Projects/DFS_Semi_Streaming/input/random_graphs/graph_1400_52383_POWLAW_7921282862123281598.txt (Time: 0.00s)
📦 COPIED from HDD: /media/HDD/Projects/ExpDFS/graph_1400_52383_POWLAW_6764066939395682287.txt -> /home/shahbazk/Projects/DFS_Semi_Streaming/input/random_graphs/graph_1400_52383_POWLAW_6764066939395682287.txt (Time: 0.00s)
📦 COPIED from HDD: /media/HDD/Projects/ExpDFS/graph_1400_52383_POWLAW_5349491008325879064.txt -> /home/shahbazk/Projects/DFS_Semi_Streaming/input/random_graphs/graph_1400_52383_POWLAW_5349491008325879064.txt (Time: 0.00s)
📦 COPIED from HDD: /media/HDD/Projects/ExpDFS/graph_1400_52383_POWLAW_6529943913552561417.txt -> /home/shahbazk/Projects/DFS_Semi_Streaming/input/random_graphs/graph_1400_52383_POWLAW_6529943913552561417.txt (Time: 0.00s)
📦 COPIED from HDD: /media/HDD/Projects/ExpDFS/graph_1400_52383_POWLAW_175493991617213850.txt -> /home/shahbazk/Projects/DFS_Semi_Streaming/input/random_graphs/graph_1400_52383_POWLAW_175493991617213850.txt (Time: 0.00s)
📦 COPIED from HDD: /media/HDD/Projects/ExpDFS/graph_1400_52383_POWLAW_4997514996153925447.txt -> /home/shahbazk/Projects/DFS_Semi_Streaming/input/random_graphs/graph_1400_52383_POWLAW_4997514996153925447.txt (Time: 0.00s)
📦 COPIED from HDD: /media/HDD/Projects/ExpDFS/graph_1400_52383_POWLAW_5636411189175451024.txt -> /home/shahbazk/Projects/DFS_Semi_Streaming/input/random_graphs/graph_1400_52383_POWLAW_5636411189175451024.txt (Time: 0.00s)
📦 COPIED from HDD: /media/HDD/Projects/ExpDFS/graph_1400_52383_POWLAW_5108599054664628607.txt -> /home/shahbazk/Projects/DFS_Semi_Streaming/input/random_graphs/graph_1400_52383_POWLAW_5108599054664628607.txt (Time: 0.00s)
📦 COPIED from HDD: /media/HDD/Projects/ExpDFS/graph_1400_52383_POWLAW_3817405844514670994.txt -> /home/shahbazk/Projects/DFS_Semi_Streaming/input/random_graphs/graph_1400_52383_POWLAW_3817405844514670994.txt (Time: 0.00s)
📦 COPIED from HDD: /media/HDD/Projects/ExpDFS/graph_1400_52383_POWLAW_3272308573967577038.txt -> /home/shahbazk/Projects/DFS_Semi_Streaming/input/random_graphs/graph_1400_52383_POWLAW_3272308573967577038.txt (Time: 0.00s)
📦 COPIED from HDD: /media/HDD/Projects/ExpDFS/graph_1400_52383_POWLAW_4445925461710302877.txt -> /home/shahbazk/Projects/DFS_Semi_Streaming/input/random_graphs/graph_1400_52383_POWLAW_4445925461710302877.txt (Time: 0.00s)
📦 COPIED from HDD: /media/HDD/Projects/ExpDFS/graph_1400_52383_POWLAW_7917045922527545890.txt -> /home/shahbazk/Projects/DFS_Semi_Streaming/input/random_graphs/graph_1400_52383_POWLAW_7917045922527545890.txt (Time: 0.00s)
📦 COPIED from HDD: /media/HDD/Projects/ExpDFS/graph_1400_52383_POWLAW_6143643868734370809.txt -> /home/shahbazk/Projects/DFS_Semi_Streaming/input/random_graphs/graph_1400_52383_POWLAW_6143643868734370809.txt (Time: 0.00s)
📦 COPIED from HDD: /media/HDD/Projects/ExpDFS/graph_1400_52383_POWLAW_8446481348147407377.txt -> /home/shahbazk/Projects/DFS_Semi_Streaming/input/random_graphs/graph_1400_52383_POWLAW_8446481348147407377.txt (Time: 0.00s)
📦 COPIED from HDD: /media/HDD/Projects/ExpDFS/graph_1400_52383_POWLAW_6022436717541034636.txt -> /home/shahbazk/Projects/DFS_Semi_Streaming/input/random_graphs/graph_1400_52383_POWLAW_6022436717541034636.txt (Time: 0.00s)
📦 COPIED from HDD: /media/HDD/Projects/ExpDFS/graph_1400_52383_POWLAW_3713827327871807734.txt -> /home/shahbazk/Projects/DFS_Semi_Streaming/input/random_graphs/graph_1400_52383_POWLAW_3713827327871807734.txt (Time: 0.00s)
📦 COPIED from HDD: /media/HDD/Projects/ExpDFS/graph_1400_52383_POWLAW_716820155901718944.txt -> /home/shahbazk/Projects/DFS_Semi_Streaming/input/random_graphs/graph_1400_52383_POWLAW_716820155901718944.txt (Time: 0.00s)
📦 COPIED from HDD: /media/HDD/Projects/ExpDFS/graph_1400_52383_POWLAW_8718380604043999642.txt -> /home/shahbazk/Projects/DFS_Semi_Streaming/input/random_graphs/graph_1400_52383_POWLAW_8718380604043999642.txt (Time: 0.00s)
📦 COPIED from HDD: /media/HDD/Projects/ExpDFS/graph_1400_52383_POWLAW_5063475852268941542.txt -> /home/shahbazk/Projects/DFS_Semi_Streaming/input/random_graphs/graph_1400_52383_POWLAW_5063475852268941542.txt (Time: 0.00s)
📦 COPIED from HDD: /media/HDD/Projects/ExpDFS/graph_1400_52383_POWLAW_1128313391724783137.txt -> /home/shahbazk/Projects/DFS_Semi_Streaming/input/random_graphs/graph_1400_52383_POWLAW_1128313391724783137.txt (Time: 0.00s)
📦 COPIED from HDD: /media/HDD/Projects/ExpDFS/graph_1400_52383_POWLAW_6614505080519948832.txt -> /home/shahbazk/Projects/DFS_Semi_Streaming/input/random_graphs/graph_1400_52383_POWLAW_6614505080519948832.txt (Time: 0.00s)
📦 COPIED from HDD: /media/HDD/Projects/ExpDFS/graph_1400_52383_POWLAW_5497874167834979553.txt -> /home/shahbazk/Projects/DFS_Semi_Streaming/input/random_graphs/graph_1400_52383_POWLAW_5497874167834979553.txt (Time: 0.00s)
📦 COPIED from HDD: /media/HDD/Projects/ExpDFS/graph_1400_52383_POWLAW_8867616339855336876.txt -> /home/shahbazk/Projects/DFS_Semi_Streaming/input/random_graphs/graph_1400_52383_POWLAW_8867616339855336876.txt (Time: 0.00s)
📦 COPIED from HDD: /media/HDD/Projects/ExpDFS/graph_1400_52383_POWLAW_7118744415197196276.txt -> /home/shahbazk/Projects/DFS_Semi_Streaming/input/random_graphs/graph_1400_52383_POWLAW_7118744415197196276.txt (Time: 0.00s)
📦 COPIED from HDD: /media/HDD/Projects/ExpDFS/graph_1400_52383_POWLAW_8626102704817790064.txt -> /home/shahbazk/Projects/DFS_Semi_Streaming/input/random_graphs/graph_1400_52383_POWLAW_8626102704817790064.txt (Time: 0.00s)
📦 COPIED from HDD: /media/HDD/Projects/ExpDFS/graph_1400_52383_POWLAW_4934890601268679176.txt -> /home/shahbazk/Projects/DFS_Semi_Streaming/input/random_graphs/graph_1400_52383_POWLAW_4934890601268679176.txt (Time: 0.00s)
📦 COPIED from HDD: /media/HDD/Projects/ExpDFS/graph_1400_52383_POWLAW_9059990922233379852.txt -> /home/shahbazk/Projects/DFS_Semi_Streaming/input/random_graphs/graph_1400_52383_POWLAW_9059990922233379852.txt (Time: 0.00s)
📦 COPIED from HDD: /media/HDD/Projects/ExpDFS/graph_1400_52383_POWLAW_2089506265998900862.txt -> /home/shahbazk/Projects/DFS_Semi_Streaming/input/random_graphs/graph_1400_52383_POWLAW_2089506265998900862.txt (Time: 0.00s)
📦 COPIED from HDD: /media/HDD/Projects/ExpDFS/graph_1400_52383_POWLAW_7449662661572224354.txt -> /home/shahbazk/Projects/DFS_Semi_Streaming/input/random_graphs/graph_1400_52383_POWLAW_7449662661572224354.txt (Time: 0.00s)
📦 COPIED from HDD: /media/HDD/Projects/ExpDFS/graph_1400_52383_POWLAW_7644420139408884785.txt -> /home/shahbazk/Projects/DFS_Semi_Streaming/input/random_graphs/graph_1400_52383_POWLAW_7644420139408884785.txt (Time: 0.00s)
📦 COPIED from HDD: /media/HDD/Projects/ExpDFS/graph_1400_52383_POWLAW_1332005502874566195.txt -> /home/shahbazk/Projects/DFS_Semi_Streaming/input/random_graphs/graph_1400_52383_POWLAW_1332005502874566195.txt (Time: 0.00s)
📦 COPIED from HDD: /media/HDD/Projects/ExpDFS/graph_1400_52383_POWLAW_4060584409398689268.txt -> /home/shahbazk/Projects/DFS_Semi_Streaming/input/random_graphs/graph_1400_52383_POWLAW_4060584409398689268.txt (Time: 0.00s)
📦 COPIED from HDD: /media/HDD/Projects/ExpDFS/graph_1400_52383_POWLAW_7983805977214098674.txt -> /home/shahbazk/Projects/DFS_Semi_Streaming/input/random_graphs/graph_1400_52383_POWLAW_7983805977214098674.txt (Time: 0.00s)
📦 COPIED from HDD: /media/HDD/Projects/ExpDFS/graph_1400_52383_POWLAW_5894893360759659423.txt -> /home/shahbazk/Projects/DFS_Semi_Streaming/input/random_graphs/graph_1400_52383_POWLAW_5894893360759659423.txt (Time: 0.00s)
📦 COPIED from HDD: /media/HDD/Projects/ExpDFS/graph_1400_52383_POWLAW_1992204328026194281.txt -> /home/shahbazk/Projects/DFS_Semi_Streaming/input/random_graphs/graph_1400_52383_POWLAW_1992204328026194281.txt (Time: 0.00s)
📦 COPIED from HDD: /media/HDD/Projects/ExpDFS/graph_1400_52383_POWLAW_4940913311242578590.txt -> /home/shahbazk/Projects/DFS_Semi_Streaming/input/random_graphs/graph_1400_52383_POWLAW_4940913311242578590.txt (Time: 0.00s)
📦 COPIED from HDD: /media/HDD/Projects/ExpDFS/graph_1400_52383_POWLAW_2264398621601381987.txt -> /home/shahbazk/Projects/DFS_Semi_Streaming/input/random_graphs/graph_1400_52383_POWLAW_2264398621601381987.txt (Time: 0.00s)
📦 COPIED from HDD: /media/HDD/Projects/ExpDFS/graph_1400_52383_POWLAW_9060210648189963449.txt -> /home/shahbazk/Projects/DFS_Semi_Streaming/input/random_graphs/graph_1400_52383_POWLAW_9060210648189963449.txt (Time: 0.00s)
📦 COPIED from HDD: /media/HDD/Projects/ExpDFS/graph_1400_52383_POWLAW_1392892770529522614.txt -> /home/shahbazk/Projects/DFS_Semi_Streaming/input/random_graphs/graph_1400_52383_POWLAW_1392892770529522614.txt (Time: 0.00s)
📦 COPIED from HDD: /media/HDD/Projects/ExpDFS/graph_1400_52383_POWLAW_1458186392400727732.txt -> /home/shahbazk/Projects/DFS_Semi_Streaming/input/random_graphs/graph_1400_52383_POWLAW_1458186392400727732.txt (Time: 0.00s)
📦 COPIED from HDD: /media/HDD/Projects/ExpDFS/graph_1400_52383_POWLAW_7905487461282246979.txt -> /home/shahbazk/Projects/DFS_Semi_Streaming/input/random_graphs/graph_1400_52383_POWLAW_7905487461282246979.txt (Time: 0.00s)
📦 COPIED from HDD: /media/HDD/Projects/ExpDFS/graph_1400_52383_POWLAW_2718103348384927511.txt -> /home/shahbazk/Projects/DFS_Semi_Streaming/input/random_graphs/graph_1400_52383_POWLAW_2718103348384927511.txt (Time: 0.00s)
📦 COPIED from HDD: /media/HDD/Projects/ExpDFS/graph_1400_52383_POWLAW_8794274795737982182.txt -> /home/shahbazk/Projects/DFS_Semi_Streaming/input/random_graphs/graph_1400_52383_POWLAW_8794274795737982182.txt (Time: 0.00s)
📦 COPIED from HDD: /media/HDD/Projects/ExpDFS/graph_1400_52383_POWLAW_4795749165124911768.txt -> /home/shahbazk/Projects/DFS_Semi_Streaming/input/random_graphs/graph_1400_52383_POWLAW_4795749165124911768.txt (Time: 0.00s)
📦 COPIED from HDD: /media/HDD/Projects/ExpDFS/graph_1400_52383_POWLAW_1722224698700348310.txt -> /home/shahbazk/Projects/DFS_Semi_Streaming/input/random_graphs/graph_1400_52383_POWLAW_1722224698700348310.txt (Time: 0.00s)
📦 COPIED from HDD: /media/HDD/Projects/ExpDFS/graph_1400_52383_POWLAW_4250897495980125004.txt -> /home/shahbazk/Projects/DFS_Semi_Streaming/input/random_graphs/graph_1400_52383_POWLAW_4250897495980125004.txt (Time: 0.00s)
📦 COPIED from HDD: /media/HDD/Projects/ExpDFS/graph_1400_52383_POWLAW_3221421291694197220.txt -> /home/shahbazk/Projects/DFS_Semi_Streaming/input/random_graphs/graph_1400_52383_POWLAW_3221421291694197220.txt (Time: 0.00s)
📦 COPIED from HDD: /media/HDD/Projects/ExpDFS/graph_1400_52383_POWLAW_7632458674696225362.txt -> /home/shahbazk/Projects/DFS_Semi_Streaming/input/random_graphs/graph_1400_52383_POWLAW_7632458674696225362.txt (Time: 0.00s)
📦 COPIED from HDD: /media/HDD/Projects/ExpDFS/graph_1400_52383_POWLAW_8448596294177070022.txt -> /home/shahbazk/Projects/DFS_Semi_Streaming/input/random_graphs/graph_1400_52383_POWLAW_8448596294177070022.txt (Time: 0.00s)
📦 COPIED from HDD: /media/HDD/Projects/ExpDFS/graph_1600_64000_POWLAW_7473196763798409428.txt -> /home/shahbazk/Projects/DFS_Semi_Streaming/input/random_graphs/graph_1600_64000_POWLAW_7473196763798409428.txt (Time: 0.00s)
📦 COPIED from HDD: /media/HDD/Projects/ExpDFS/graph_1600_64000_POWLAW_3438400432146115956.txt -> /home/shahbazk/Projects/DFS_Semi_Streaming/input/random_graphs/graph_1600_64000_POWLAW_3438400432146115956.txt (Time: 0.00s)
📦 COPIED from HDD: /media/HDD/Projects/ExpDFS/graph_1600_64000_POWLAW_1250005700364523649.txt -> /home/shahbazk/Projects/DFS_Semi_Streaming/input/random_graphs/graph_1600_64000_POWLAW_1250005700364523649.txt (Time: 0.00s)
📦 COPIED from HDD: /media/HDD/Projects/ExpDFS/graph_1600_64000_POWLAW_1853590723603270879.txt -> /home/shahbazk/Projects/DFS_Semi_Streaming/input/random_graphs/graph_1600_64000_POWLAW_1853590723603270879.txt (Time: 0.00s)
📦 COPIED from HDD: /media/HDD/Projects/ExpDFS/graph_1600_64000_POWLAW_521787134863155063.txt -> /home/shahbazk/Projects/DFS_Semi_Streaming/input/random_graphs/graph_1600_64000_POWLAW_521787134863155063.txt (Time: 0.00s)
📦 COPIED from HDD: /media/HDD/Projects/ExpDFS/graph_1600_64000_POWLAW_5708372698381010775.txt -> /home/shahbazk/Projects/DFS_Semi_Streaming/input/random_graphs/graph_1600_64000_POWLAW_5708372698381010775.txt (Time: 0.00s)
📦 COPIED from HDD: /media/HDD/Projects/ExpDFS/graph_1600_64000_POWLAW_1353182403971399009.txt -> /home/shahbazk/Projects/DFS_Semi_Streaming/input/random_graphs/graph_1600_64000_POWLAW_1353182403971399009.txt (Time: 0.00s)
📦 COPIED from HDD: /media/HDD/Projects/ExpDFS/graph_1600_64000_POWLAW_3010622984418968408.txt -> /home/shahbazk/Projects/DFS_Semi_Streaming/input/random_graphs/graph_1600_64000_POWLAW_3010622984418968408.txt (Time: 0.00s)
📦 COPIED from HDD: /media/HDD/Projects/ExpDFS/graph_1600_64000_POWLAW_1731523882129807996.txt -> /home/shahbazk/Projects/DFS_Semi_Streaming/input/random_graphs/graph_1600_64000_POWLAW_1731523882129807996.txt (Time: 0.00s)
📦 COPIED from HDD: /media/HDD/Projects/ExpDFS/graph_1600_64000_POWLAW_2429002973740178792.txt -> /home/shahbazk/Projects/DFS_Semi_Streaming/input/random_graphs/graph_1600_64000_POWLAW_2429002973740178792.txt (Time: 0.00s)
📦 COPIED from HDD: /media/HDD/Projects/ExpDFS/graph_1600_64000_POWLAW_6002685213311538187.txt -> /home/shahbazk/Projects/DFS_Semi_Streaming/input/random_graphs/graph_1600_64000_POWLAW_6002685213311538187.txt (Time: 0.00s)
📦 COPIED from HDD: /media/HDD/Projects/ExpDFS/graph_1600_64000_POWLAW_5139481885857321791.txt -> /home/shahbazk/Projects/DFS_Semi_Streaming/input/random_graphs/graph_1600_64000_POWLAW_5139481885857321791.txt (Time: 0.00s)
📦 COPIED from HDD: /media/HDD/Projects/ExpDFS/graph_1600_64000_POWLAW_7599700178212337699.txt -> /home/shahbazk/Projects/DFS_Semi_Streaming/input/random_graphs/graph_1600_64000_POWLAW_7599700178212337699.txt (Time: 0.00s)
📦 COPIED from HDD: /media/HDD/Projects/ExpDFS/graph_1600_64000_POWLAW_6938562734920028532.txt -> /home/shahbazk/Projects/DFS_Semi_Streaming/input/random_graphs/graph_1600_64000_POWLAW_6938562734920028532.txt (Time: 0.00s)
📦 COPIED from HDD: /media/HDD/Projects/ExpDFS/graph_1600_64000_POWLAW_7032710160631691991.txt -> /home/shahbazk/Projects/DFS_Semi_Streaming/input/random_graphs/graph_1600_64000_POWLAW_7032710160631691991.txt (Time: 0.00s)
📦 COPIED from HDD: /media/HDD/Projects/ExpDFS/graph_1600_64000_POWLAW_1309542850049879452.txt -> /home/shahbazk/Projects/DFS_Semi_Streaming/input/random_graphs/graph_1600_64000_POWLAW_1309542850049879452.txt (Time: 0.00s)
📦 COPIED from HDD: /media/HDD/Projects/ExpDFS/graph_1600_64000_POWLAW_6230961512046992311.txt -> /home/shahbazk/Projects/DFS_Semi_Streaming/input/random_graphs/graph_1600_64000_POWLAW_6230961512046992311.txt (Time: 0.00s)
📦 COPIED from HDD: /media/HDD/Projects/ExpDFS/graph_1600_64000_POWLAW_5906957480796939447.txt -> /home/shahbazk/Projects/DFS_Semi_Streaming/input/random_graphs/graph_1600_64000_POWLAW_5906957480796939447.txt (Time: 0.00s)
📦 COPIED from HDD: /media/HDD/Projects/ExpDFS/graph_1600_64000_POWLAW_5739955973604961613.txt -> /home/shahbazk/Projects/DFS_Semi_Streaming/input/random_graphs/graph_1600_64000_POWLAW_5739955973604961613.txt (Time: 0.00s)
📦 COPIED from HDD: /media/HDD/Projects/ExpDFS/graph_1600_64000_POWLAW_320375091487821987.txt -> /home/shahbazk/Projects/DFS_Semi_Streaming/input/random_graphs/graph_1600_64000_POWLAW_320375091487821987.txt (Time: 0.00s)
📦 COPIED from HDD: /media/HDD/Projects/ExpDFS/graph_1600_64000_POWLAW_4040737767143389431.txt -> /home/shahbazk/Projects/DFS_Semi_Streaming/input/random_graphs/graph_1600_64000_POWLAW_4040737767143389431.txt (Time: 0.00s)
📦 COPIED from HDD: /media/HDD/Projects/ExpDFS/graph_1600_64000_POWLAW_5142811650494845597.txt -> /home/shahbazk/Projects/DFS_Semi_Streaming/input/random_graphs/graph_1600_64000_POWLAW_5142811650494845597.txt (Time: 0.00s)
📦 COPIED from HDD: /media/HDD/Projects/ExpDFS/graph_1600_64000_POWLAW_7029781962072644698.txt -> /home/shahbazk/Projects/DFS_Semi_Streaming/input/random_graphs/graph_1600_64000_POWLAW_7029781962072644698.txt (Time: 0.00s)
📦 COPIED from HDD: /media/HDD/Projects/ExpDFS/graph_1600_64000_POWLAW_7663871783842725848.txt -> /home/shahbazk/Projects/DFS_Semi_Streaming/input/random_graphs/graph_1600_64000_POWLAW_7663871783842725848.txt (Time: 0.00s)
📦 COPIED from HDD: /media/HDD/Projects/ExpDFS/graph_1600_64000_POWLAW_7146860528564146064.txt -> /home/shahbazk/Projects/DFS_Semi_Streaming/input/random_graphs/graph_1600_64000_POWLAW_7146860528564146064.txt (Time: 0.00s)
📦 COPIED from HDD: /media/HDD/Projects/ExpDFS/graph_1600_64000_POWLAW_7871178979383552919.txt -> /home/shahbazk/Projects/DFS_Semi_Streaming/input/random_graphs/graph_1600_64000_POWLAW_7871178979383552919.txt (Time: 0.00s)
📦 COPIED from HDD: /media/HDD/Projects/ExpDFS/graph_1600_64000_POWLAW_1070244953599069350.txt -> /home/shahbazk/Projects/DFS_Semi_Streaming/input/random_graphs/graph_1600_64000_POWLAW_1070244953599069350.txt (Time: 0.00s)
📦 COPIED from HDD: /media/HDD/Projects/ExpDFS/graph_1600_64000_POWLAW_3881801951614183357.txt -> /home/shahbazk/Projects/DFS_Semi_Streaming/input/random_graphs/graph_1600_64000_POWLAW_3881801951614183357.txt (Time: 0.00s)
📦 COPIED from HDD: /media/HDD/Projects/ExpDFS/graph_1600_64000_POWLAW_1250773459040295677.txt -> /home/shahbazk/Projects/DFS_Semi_Streaming/input/random_graphs/graph_1600_64000_POWLAW_1250773459040295677.txt (Time: 0.00s)
📦 COPIED from HDD: /media/HDD/Projects/ExpDFS/graph_1600_64000_POWLAW_1024517563182776983.txt -> /home/shahbazk/Projects/DFS_Semi_Streaming/input/random_graphs/graph_1600_64000_POWLAW_1024517563182776983.txt (Time: 0.00s)
📦 COPIED from HDD: /media/HDD/Projects/ExpDFS/graph_1600_64000_POWLAW_5529616217668449934.txt -> /home/shahbazk/Projects/DFS_Semi_Streaming/input/random_graphs/graph_1600_64000_POWLAW_5529616217668449934.txt (Time: 0.00s)
📦 COPIED from HDD: /media/HDD/Projects/ExpDFS/graph_1600_64000_POWLAW_1647170069535670909.txt -> /home/shahbazk/Projects/DFS_Semi_Streaming/input/random_graphs/graph_1600_64000_POWLAW_1647170069535670909.txt (Time: 0.00s)
📦 COPIED from HDD: /media/HDD/Projects/ExpDFS/graph_1600_64000_POWLAW_4122784633514911760.txt -> /home/shahbazk/Projects/DFS_Semi_Streaming/input/random_graphs/graph_1600_64000_POWLAW_4122784633514911760.txt (Time: 0.00s)
📦 COPIED from HDD: /media/HDD/Projects/ExpDFS/graph_1600_64000_POWLAW_7706236040662210848.txt -> /home/shahbazk/Projects/DFS_Semi_Streaming/input/random_graphs/graph_1600_64000_POWLAW_7706236040662210848.txt (Time: 0.00s)
📦 COPIED from HDD: /media/HDD/Projects/ExpDFS/graph_1600_64000_POWLAW_824387247617288499.txt -> /home/shahbazk/Projects/DFS_Semi_Streaming/input/random_graphs/graph_1600_64000_POWLAW_824387247617288499.txt (Time: 0.00s)
📦 COPIED from HDD: /media/HDD/Projects/ExpDFS/graph_1600_64000_POWLAW_5636411189175451024.txt -> /home/shahbazk/Projects/DFS_Semi_Streaming/input/random_graphs/graph_1600_64000_POWLAW_5636411189175451024.txt (Time: 0.00s)
📦 COPIED from HDD: /media/HDD/Projects/ExpDFS/graph_1600_64000_POWLAW_8031431416522537101.txt -> /home/shahbazk/Projects/DFS_Semi_Streaming/input/random_graphs/graph_1600_64000_POWLAW_8031431416522537101.txt (Time: 0.00s)
📦 COPIED from HDD: /media/HDD/Projects/ExpDFS/graph_1600_64000_POWLAW_3865339568260874865.txt -> /home/shahbazk/Projects/DFS_Semi_Streaming/input/random_graphs/graph_1600_64000_POWLAW_3865339568260874865.txt (Time: 0.00s)
📦 COPIED from HDD: /media/HDD/Projects/ExpDFS/graph_1600_64000_POWLAW_3272308573967577038.txt -> /home/shahbazk/Projects/DFS_Semi_Streaming/input/random_graphs/graph_1600_64000_POWLAW_3272308573967577038.txt (Time: 0.00s)
📦 COPIED from HDD: /media/HDD/Projects/ExpDFS/graph_1600_64000_POWLAW_4552998297316576788.txt -> /home/shahbazk/Projects/DFS_Semi_Streaming/input/random_graphs/graph_1600_64000_POWLAW_4552998297316576788.txt (Time: 0.00s)
📦 COPIED from HDD: /media/HDD/Projects/ExpDFS/graph_1600_64000_POWLAW_7161906730445628483.txt -> /home/shahbazk/Projects/DFS_Semi_Streaming/input/random_graphs/graph_1600_64000_POWLAW_7161906730445628483.txt (Time: 0.00s)
📦 COPIED from HDD: /media/HDD/Projects/ExpDFS/graph_1600_64000_POWLAW_7917045922527545890.txt -> /home/shahbazk/Projects/DFS_Semi_Streaming/input/random_graphs/graph_1600_64000_POWLAW_7917045922527545890.txt (Time: 0.00s)
📦 COPIED from HDD: /media/HDD/Projects/ExpDFS/graph_1600_64000_POWLAW_716820155901718944.txt -> /home/shahbazk/Projects/DFS_Semi_Streaming/input/random_graphs/graph_1600_64000_POWLAW_716820155901718944.txt (Time: 0.00s)
📦 COPIED from HDD: /media/HDD/Projects/ExpDFS/graph_1600_64000_POWLAW_3817405844514670994.txt -> /home/shahbazk/Projects/DFS_Semi_Streaming/input/random_graphs/graph_1600_64000_POWLAW_3817405844514670994.txt (Time: 0.00s)
📦 COPIED from HDD: /media/HDD/Projects/ExpDFS/graph_1600_64000_POWLAW_6529943913552561417.txt -> /home/shahbazk/Projects/DFS_Semi_Streaming/input/random_graphs/graph_1600_64000_POWLAW_6529943913552561417.txt (Time: 0.00s)
📦 COPIED from HDD: /media/HDD/Projects/ExpDFS/graph_1600_64000_POWLAW_5258051056098597521.txt -> /home/shahbazk/Projects/DFS_Semi_Streaming/input/random_graphs/graph_1600_64000_POWLAW_5258051056098597521.txt (Time: 0.00s)
📦 COPIED from HDD: /media/HDD/Projects/ExpDFS/graph_1600_64000_POWLAW_6143643868734370809.txt -> /home/shahbazk/Projects/DFS_Semi_Streaming/input/random_graphs/graph_1600_64000_POWLAW_6143643868734370809.txt (Time: 0.00s)
📦 COPIED from HDD: /media/HDD/Projects/ExpDFS/graph_1600_64000_POWLAW_5349491008325879064.txt -> /home/shahbazk/Projects/DFS_Semi_Streaming/input/random_graphs/graph_1600_64000_POWLAW_5349491008325879064.txt (Time: 0.00s)
📦 COPIED from HDD: /media/HDD/Projects/ExpDFS/graph_1600_64000_POWLAW_6764066939395682287.txt -> /home/shahbazk/Projects/DFS_Semi_Streaming/input/random_graphs/graph_1600_64000_POWLAW_6764066939395682287.txt (Time: 0.00s)
📦 COPIED from HDD: /media/HDD/Projects/ExpDFS/graph_1600_64000_POWLAW_8718380604043999642.txt -> /home/shahbazk/Projects/DFS_Semi_Streaming/input/random_graphs/graph_1600_64000_POWLAW_8718380604043999642.txt (Time: 0.00s)
📦 COPIED from HDD: /media/HDD/Projects/ExpDFS/graph_1600_64000_POWLAW_5063475852268941542.txt -> /home/shahbazk/Projects/DFS_Semi_Streaming/input/random_graphs/graph_1600_64000_POWLAW_5063475852268941542.txt (Time: 0.00s)
📦 COPIED from HDD: /media/HDD/Projects/ExpDFS/graph_1600_64000_POWLAW_6022436717541034636.txt -> /home/shahbazk/Projects/DFS_Semi_Streaming/input/random_graphs/graph_1600_64000_POWLAW_6022436717541034636.txt (Time: 0.00s)
📦 COPIED from HDD: /media/HDD/Projects/ExpDFS/graph_1600_64000_POWLAW_1632192924771168275.txt -> /home/shahbazk/Projects/DFS_Semi_Streaming/input/random_graphs/graph_1600_64000_POWLAW_1632192924771168275.txt (Time: 0.00s)
📦 COPIED from HDD: /media/HDD/Projects/ExpDFS/graph_1600_64000_POWLAW_1170385908854608748.txt -> /home/shahbazk/Projects/DFS_Semi_Streaming/input/random_graphs/graph_1600_64000_POWLAW_1170385908854608748.txt (Time: 0.00s)
📦 COPIED from HDD: /media/HDD/Projects/ExpDFS/graph_1600_64000_POWLAW_2909934787168262407.txt -> /home/shahbazk/Projects/DFS_Semi_Streaming/input/random_graphs/graph_1600_64000_POWLAW_2909934787168262407.txt (Time: 0.00s)
📦 COPIED from HDD: /media/HDD/Projects/ExpDFS/graph_1600_64000_POWLAW_7921282862123281598.txt -> /home/shahbazk/Projects/DFS_Semi_Streaming/input/random_graphs/graph_1600_64000_POWLAW_7921282862123281598.txt (Time: 0.00s)
📦 COPIED from HDD: /media/HDD/Projects/ExpDFS/graph_1600_64000_POWLAW_1392892770529522614.txt -> /home/shahbazk/Projects/DFS_Semi_Streaming/input/random_graphs/graph_1600_64000_POWLAW_1392892770529522614.txt (Time: 0.00s)
📦 COPIED from HDD: /media/HDD/Projects/ExpDFS/graph_1600_64000_POWLAW_4997514996153925447.txt -> /home/shahbazk/Projects/DFS_Semi_Streaming/input/random_graphs/graph_1600_64000_POWLAW_4997514996153925447.txt (Time: 0.00s)
📦 COPIED from HDD: /media/HDD/Projects/ExpDFS/graph_1600_64000_POWLAW_199422815561151340.txt -> /home/shahbazk/Projects/DFS_Semi_Streaming/input/random_graphs/graph_1600_64000_POWLAW_199422815561151340.txt (Time: 0.00s)
📦 COPIED from HDD: /media/HDD/Projects/ExpDFS/graph_1600_64000_POWLAW_6224222471595207695.txt -> /home/shahbazk/Projects/DFS_Semi_Streaming/input/random_graphs/graph_1600_64000_POWLAW_6224222471595207695.txt (Time: 0.00s)
📦 COPIED from HDD: /media/HDD/Projects/ExpDFS/graph_1600_64000_POWLAW_6785030173969523435.txt -> /home/shahbazk/Projects/DFS_Semi_Streaming/input/random_graphs/graph_1600_64000_POWLAW_6785030173969523435.txt (Time: 0.00s)
📦 COPIED from HDD: /media/HDD/Projects/ExpDFS/graph_1600_64000_POWLAW_3713827327871807734.txt -> /home/shahbazk/Projects/DFS_Semi_Streaming/input/random_graphs/graph_1600_64000_POWLAW_3713827327871807734.txt (Time: 0.00s)
📦 COPIED from HDD: /media/HDD/Projects/ExpDFS/graph_1600_64000_POWLAW_8446481348147407377.txt -> /home/shahbazk/Projects/DFS_Semi_Streaming/input/random_graphs/graph_1600_64000_POWLAW_8446481348147407377.txt (Time: 0.00s)
📦 COPIED from HDD: /media/HDD/Projects/ExpDFS/graph_1600_64000_POWLAW_3224265581699847191.txt -> /home/shahbazk/Projects/DFS_Semi_Streaming/input/random_graphs/graph_1600_64000_POWLAW_3224265581699847191.txt (Time: 0.00s)
📦 COPIED from HDD: /media/HDD/Projects/ExpDFS/graph_1600_64000_POWLAW_1458186392400727732.txt -> /home/shahbazk/Projects/DFS_Semi_Streaming/input/random_graphs/graph_1600_64000_POWLAW_1458186392400727732.txt (Time: 0.00s)
📦 COPIED from HDD: /media/HDD/Projects/ExpDFS/graph_1600_64000_POWLAW_6802378520969450157.txt -> /home/shahbazk/Projects/DFS_Semi_Streaming/input/random_graphs/graph_1600_64000_POWLAW_6802378520969450157.txt (Time: 0.00s)
📦 COPIED from HDD: /media/HDD/Projects/ExpDFS/graph_1600_64000_POWLAW_9130666990809746335.txt -> /home/shahbazk/Projects/DFS_Semi_Streaming/input/random_graphs/graph_1600_64000_POWLAW_9130666990809746335.txt (Time: 0.00s)
📦 COPIED from HDD: /media/HDD/Projects/ExpDFS/graph_1600_64000_POWLAW_7938560551762094560.txt -> /home/shahbazk/Projects/DFS_Semi_Streaming/input/random_graphs/graph_1600_64000_POWLAW_7938560551762094560.txt (Time: 0.00s)
📦 COPIED from HDD: /media/HDD/Projects/ExpDFS/graph_1600_64000_POWLAW_1128313391724783137.txt -> /home/shahbazk/Projects/DFS_Semi_Streaming/input/random_graphs/graph_1600_64000_POWLAW_1128313391724783137.txt (Time: 0.00s)
📦 COPIED from HDD: /media/HDD/Projects/ExpDFS/graph_1600_64000_POWLAW_8448596294177070022.txt -> /home/shahbazk/Projects/DFS_Semi_Streaming/input/random_graphs/graph_1600_64000_POWLAW_8448596294177070022.txt (Time: 0.00s)
📦 COPIED from HDD: /media/HDD/Projects/ExpDFS/graph_1600_64000_POWLAW_4445925461710302877.txt -> /home/shahbazk/Projects/DFS_Semi_Streaming/input/random_graphs/graph_1600_64000_POWLAW_4445925461710302877.txt (Time: 0.00s)
📦 COPIED from HDD: /media/HDD/Projects/ExpDFS/graph_1600_64000_POWLAW_6614505080519948832.txt -> /home/shahbazk/Projects/DFS_Semi_Streaming/input/random_graphs/graph_1600_64000_POWLAW_6614505080519948832.txt (Time: 0.00s)
📦 COPIED from HDD: /media/HDD/Projects/ExpDFS/graph_1600_64000_POWLAW_5108599054664628607.txt -> /home/shahbazk/Projects/DFS_Semi_Streaming/input/random_graphs/graph_1600_64000_POWLAW_5108599054664628607.txt (Time: 0.00s)
📦 COPIED from HDD: /media/HDD/Projects/ExpDFS/graph_1600_64000_POWLAW_7905487461282246979.txt -> /home/shahbazk/Projects/DFS_Semi_Streaming/input/random_graphs/graph_1600_64000_POWLAW_7905487461282246979.txt (Time: 0.00s)
📦 COPIED from HDD: /media/HDD/Projects/ExpDFS/graph_1600_64000_POWLAW_175493991617213850.txt -> /home/shahbazk/Projects/DFS_Semi_Streaming/input/random_graphs/graph_1600_64000_POWLAW_175493991617213850.txt (Time: 0.00s)
📦 COPIED from HDD: /media/HDD/Projects/ExpDFS/graph_1600_64000_POWLAW_9060210648189963449.txt -> /home/shahbazk/Projects/DFS_Semi_Streaming/input/random_graphs/graph_1600_64000_POWLAW_9060210648189963449.txt (Time: 0.00s)
📦 COPIED from HDD: /media/HDD/Projects/ExpDFS/graph_1600_64000_POWLAW_5497874167834979553.txt -> /home/shahbazk/Projects/DFS_Semi_Streaming/input/random_graphs/graph_1600_64000_POWLAW_5497874167834979553.txt (Time: 0.00s)
📦 COPIED from HDD: /media/HDD/Projects/ExpDFS/graph_1600_64000_POWLAW_8626102704817790064.txt -> /home/shahbazk/Projects/DFS_Semi_Streaming/input/random_graphs/graph_1600_64000_POWLAW_8626102704817790064.txt (Time: 0.00s)
📦 COPIED from HDD: /media/HDD/Projects/ExpDFS/graph_1600_64000_POWLAW_7644420139408884785.txt -> /home/shahbazk/Projects/DFS_Semi_Streaming/input/random_graphs/graph_1600_64000_POWLAW_7644420139408884785.txt (Time: 0.00s)
📦 COPIED from HDD: /media/HDD/Projects/ExpDFS/graph_1600_64000_POWLAW_9059990922233379852.txt -> /home/shahbazk/Projects/DFS_Semi_Streaming/input/random_graphs/graph_1600_64000_POWLAW_9059990922233379852.txt (Time: 0.00s)
📦 COPIED from HDD: /media/HDD/Projects/ExpDFS/graph_1600_64000_POWLAW_1722224698700348310.txt -> /home/shahbazk/Projects/DFS_Semi_Streaming/input/random_graphs/graph_1600_64000_POWLAW_1722224698700348310.txt (Time: 0.00s)
📦 COPIED from HDD: /media/HDD/Projects/ExpDFS/graph_1600_64000_POWLAW_4060584409398689268.txt -> /home/shahbazk/Projects/DFS_Semi_Streaming/input/random_graphs/graph_1600_64000_POWLAW_4060584409398689268.txt (Time: 0.00s)
📦 COPIED from HDD: /media/HDD/Projects/ExpDFS/graph_1600_64000_POWLAW_6522163754831416203.txt -> /home/shahbazk/Projects/DFS_Semi_Streaming/input/random_graphs/graph_1600_64000_POWLAW_6522163754831416203.txt (Time: 0.00s)
📦 COPIED from HDD: /media/HDD/Projects/ExpDFS/graph_1600_64000_POWLAW_4250897495980125004.txt -> /home/shahbazk/Projects/DFS_Semi_Streaming/input/random_graphs/graph_1600_64000_POWLAW_4250897495980125004.txt (Time: 0.00s)
📦 COPIED from HDD: /media/HDD/Projects/ExpDFS/graph_1600_64000_POWLAW_2264398621601381987.txt -> /home/shahbazk/Projects/DFS_Semi_Streaming/input/random_graphs/graph_1600_64000_POWLAW_2264398621601381987.txt (Time: 0.00s)
📦 COPIED from HDD: /media/HDD/Projects/ExpDFS/graph_1600_64000_POWLAW_4795749165124911768.txt -> /home/shahbazk/Projects/DFS_Semi_Streaming/input/random_graphs/graph_1600_64000_POWLAW_4795749165124911768.txt (Time: 0.00s)
📦 COPIED from HDD: /media/HDD/Projects/ExpDFS/graph_1600_64000_POWLAW_1992204328026194281.txt -> /home/shahbazk/Projects/DFS_Semi_Streaming/input/random_graphs/graph_1600_64000_POWLAW_1992204328026194281.txt (Time: 0.00s)
📦 COPIED from HDD: /media/HDD/Projects/ExpDFS/graph_1600_64000_POWLAW_5894893360759659423.txt -> /home/shahbazk/Projects/DFS_Semi_Streaming/input/random_graphs/graph_1600_64000_POWLAW_5894893360759659423.txt (Time: 0.00s)
📦 COPIED from HDD: /media/HDD/Projects/ExpDFS/graph_1600_64000_POWLAW_1332005502874566195.txt -> /home/shahbazk/Projects/DFS_Semi_Streaming/input/random_graphs/graph_1600_64000_POWLAW_1332005502874566195.txt (Time: 0.00s)
📦 COPIED from HDD: /media/HDD/Projects/ExpDFS/graph_1600_64000_POWLAW_3221421291694197220.txt -> /home/shahbazk/Projects/DFS_Semi_Streaming/input/random_graphs/graph_1600_64000_POWLAW_3221421291694197220.txt (Time: 0.00s)
📦 COPIED from HDD: /media/HDD/Projects/ExpDFS/graph_1600_64000_POWLAW_4934890601268679176.txt -> /home/shahbazk/Projects/DFS_Semi_Streaming/input/random_graphs/graph_1600_64000_POWLAW_4934890601268679176.txt (Time: 0.00s)
📦 COPIED from HDD: /media/HDD/Projects/ExpDFS/graph_1600_64000_POWLAW_7983805977214098674.txt -> /home/shahbazk/Projects/DFS_Semi_Streaming/input/random_graphs/graph_1600_64000_POWLAW_7983805977214098674.txt (Time: 0.00s)
📦 COPIED from HDD: /media/HDD/Projects/ExpDFS/graph_1600_64000_POWLAW_7632458674696225362.txt -> /home/shahbazk/Projects/DFS_Semi_Streaming/input/random_graphs/graph_1600_64000_POWLAW_7632458674696225362.txt (Time: 0.00s)
📦 COPIED from HDD: /media/HDD/Projects/ExpDFS/graph_1600_64000_POWLAW_8794274795737982182.txt -> /home/shahbazk/Projects/DFS_Semi_Streaming/input/random_graphs/graph_1600_64000_POWLAW_8794274795737982182.txt (Time: 0.00s)
📦 COPIED from HDD: /media/HDD/Projects/ExpDFS/graph_1600_64000_POWLAW_7118744415197196276.txt -> /home/shahbazk/Projects/DFS_Semi_Streaming/input/random_graphs/graph_1600_64000_POWLAW_7118744415197196276.txt (Time: 0.00s)
📦 COPIED from HDD: /media/HDD/Projects/ExpDFS/graph_1600_64000_POWLAW_2089506265998900862.txt -> /home/shahbazk/Projects/DFS_Semi_Streaming/input/random_graphs/graph_1600_64000_POWLAW_2089506265998900862.txt (Time: 0.00s)
📦 COPIED from HDD: /media/HDD/Projects/ExpDFS/graph_1600_64000_POWLAW_4940913311242578590.txt -> /home/shahbazk/Projects/DFS_Semi_Streaming/input/random_graphs/graph_1600_64000_POWLAW_4940913311242578590.txt (Time: 0.00s)
📦 COPIED from HDD: /media/HDD/Projects/ExpDFS/graph_1600_64000_POWLAW_7449662661572224354.txt -> /home/shahbazk/Projects/DFS_Semi_Streaming/input/random_graphs/graph_1600_64000_POWLAW_7449662661572224354.txt (Time: 0.00s)
📦 COPIED from HDD: /media/HDD/Projects/ExpDFS/graph_1600_64000_POWLAW_2718103348384927511.txt -> /home/shahbazk/Projects/DFS_Semi_Streaming/input/random_graphs/graph_1600_64000_POWLAW_2718103348384927511.txt (Time: 0.00s)
📦 COPIED from HDD: /media/HDD/Projects/ExpDFS/graph_1800_76367_POWLAW_1309542850049879452.txt -> /home/shahbazk/Projects/DFS_Semi_Streaming/input/random_graphs/graph_1800_76367_POWLAW_1309542850049879452.txt (Time: 0.00s)
📦 COPIED from HDD: /media/HDD/Projects/ExpDFS/graph_1800_76367_POWLAW_1070244953599069350.txt -> /home/shahbazk/Projects/DFS_Semi_Streaming/input/random_graphs/graph_1800_76367_POWLAW_1070244953599069350.txt (Time: 0.00s)
📦 COPIED from HDD: /media/HDD/Projects/ExpDFS/graph_1800_76367_POWLAW_2429002973740178792.txt -> /home/shahbazk/Projects/DFS_Semi_Streaming/input/random_graphs/graph_1800_76367_POWLAW_2429002973740178792.txt (Time: 0.00s)
📦 COPIED from HDD: /media/HDD/Projects/ExpDFS/graph_1800_76367_POWLAW_5139481885857321791.txt -> /home/shahbazk/Projects/DFS_Semi_Streaming/input/random_graphs/graph_1800_76367_POWLAW_5139481885857321791.txt (Time: 0.00s)
📦 COPIED from HDD: /media/HDD/Projects/ExpDFS/graph_1800_76367_POWLAW_7663871783842725848.txt -> /home/shahbazk/Projects/DFS_Semi_Streaming/input/random_graphs/graph_1800_76367_POWLAW_7663871783842725848.txt (Time: 0.00s)
📦 COPIED from HDD: /media/HDD/Projects/ExpDFS/graph_1800_76367_POWLAW_521787134863155063.txt -> /home/shahbazk/Projects/DFS_Semi_Streaming/input/random_graphs/graph_1800_76367_POWLAW_521787134863155063.txt (Time: 0.00s)
📦 COPIED from HDD: /media/HDD/Projects/ExpDFS/graph_1800_76367_POWLAW_3438400432146115956.txt -> /home/shahbazk/Projects/DFS_Semi_Streaming/input/random_graphs/graph_1800_76367_POWLAW_3438400432146115956.txt (Time: 0.00s)
📦 COPIED from HDD: /media/HDD/Projects/ExpDFS/graph_1800_76367_POWLAW_5739955973604961613.txt -> /home/shahbazk/Projects/DFS_Semi_Streaming/input/random_graphs/graph_1800_76367_POWLAW_5739955973604961613.txt (Time: 0.00s)
📦 COPIED from HDD: /media/HDD/Projects/ExpDFS/graph_1800_76367_POWLAW_3010622984418968408.txt -> /home/shahbazk/Projects/DFS_Semi_Streaming/input/random_graphs/graph_1800_76367_POWLAW_3010622984418968408.txt (Time: 0.00s)
📦 COPIED from HDD: /media/HDD/Projects/ExpDFS/graph_1800_76367_POWLAW_6002685213311538187.txt -> /home/shahbazk/Projects/DFS_Semi_Streaming/input/random_graphs/graph_1800_76367_POWLAW_6002685213311538187.txt (Time: 0.00s)
📦 COPIED from HDD: /media/HDD/Projects/ExpDFS/graph_1800_76367_POWLAW_3881801951614183357.txt -> /home/shahbazk/Projects/DFS_Semi_Streaming/input/random_graphs/graph_1800_76367_POWLAW_3881801951614183357.txt (Time: 0.00s)
📦 COPIED from HDD: /media/HDD/Projects/ExpDFS/graph_1800_76367_POWLAW_5708372698381010775.txt -> /home/shahbazk/Projects/DFS_Semi_Streaming/input/random_graphs/graph_1800_76367_POWLAW_5708372698381010775.txt (Time: 0.00s)
📦 COPIED from HDD: /media/HDD/Projects/ExpDFS/graph_1800_76367_POWLAW_1250005700364523649.txt -> /home/shahbazk/Projects/DFS_Semi_Streaming/input/random_graphs/graph_1800_76367_POWLAW_1250005700364523649.txt (Time: 0.00s)
📦 COPIED from HDD: /media/HDD/Projects/ExpDFS/graph_1800_76367_POWLAW_5142811650494845597.txt -> /home/shahbazk/Projects/DFS_Semi_Streaming/input/random_graphs/graph_1800_76367_POWLAW_5142811650494845597.txt (Time: 0.00s)
📦 COPIED from HDD: /media/HDD/Projects/ExpDFS/graph_1800_76367_POWLAW_6230961512046992311.txt -> /home/shahbazk/Projects/DFS_Semi_Streaming/input/random_graphs/graph_1800_76367_POWLAW_6230961512046992311.txt (Time: 0.00s)
📦 COPIED from HDD: /media/HDD/Projects/ExpDFS/graph_1800_76367_POWLAW_1853590723603270879.txt -> /home/shahbazk/Projects/DFS_Semi_Streaming/input/random_graphs/graph_1800_76367_POWLAW_1853590723603270879.txt (Time: 0.00s)
📦 COPIED from HDD: /media/HDD/Projects/ExpDFS/graph_1800_76367_POWLAW_1250773459040295677.txt -> /home/shahbazk/Projects/DFS_Semi_Streaming/input/random_graphs/graph_1800_76367_POWLAW_1250773459040295677.txt (Time: 0.00s)
📦 COPIED from HDD: /media/HDD/Projects/ExpDFS/graph_1800_76367_POWLAW_1353182403971399009.txt -> /home/shahbazk/Projects/DFS_Semi_Streaming/input/random_graphs/graph_1800_76367_POWLAW_1353182403971399009.txt (Time: 0.00s)
📦 COPIED from HDD: /media/HDD/Projects/ExpDFS/graph_1800_76367_POWLAW_7473196763798409428.txt -> /home/shahbazk/Projects/DFS_Semi_Streaming/input/random_graphs/graph_1800_76367_POWLAW_7473196763798409428.txt (Time: 0.00s)
📦 COPIED from HDD: /media/HDD/Projects/ExpDFS/graph_1800_76367_POWLAW_6938562734920028532.txt -> /home/shahbazk/Projects/DFS_Semi_Streaming/input/random_graphs/graph_1800_76367_POWLAW_6938562734920028532.txt (Time: 0.00s)
📦 COPIED from HDD: /media/HDD/Projects/ExpDFS/graph_1800_76367_POWLAW_4040737767143389431.txt -> /home/shahbazk/Projects/DFS_Semi_Streaming/input/random_graphs/graph_1800_76367_POWLAW_4040737767143389431.txt (Time: 0.00s)
📦 COPIED from HDD: /media/HDD/Projects/ExpDFS/graph_1800_76367_POWLAW_1731523882129807996.txt -> /home/shahbazk/Projects/DFS_Semi_Streaming/input/random_graphs/graph_1800_76367_POWLAW_1731523882129807996.txt (Time: 0.00s)
📦 COPIED from HDD: /media/HDD/Projects/ExpDFS/graph_1800_76367_POWLAW_7871178979383552919.txt -> /home/shahbazk/Projects/DFS_Semi_Streaming/input/random_graphs/graph_1800_76367_POWLAW_7871178979383552919.txt (Time: 0.00s)
📦 COPIED from HDD: /media/HDD/Projects/ExpDFS/graph_1800_76367_POWLAW_6522163754831416203.txt -> /home/shahbazk/Projects/DFS_Semi_Streaming/input/random_graphs/graph_1800_76367_POWLAW_6522163754831416203.txt (Time: 0.00s)
📦 COPIED from HDD: /media/HDD/Projects/ExpDFS/graph_1800_76367_POWLAW_7032710160631691991.txt -> /home/shahbazk/Projects/DFS_Semi_Streaming/input/random_graphs/graph_1800_76367_POWLAW_7032710160631691991.txt (Time: 0.00s)
📦 COPIED from HDD: /media/HDD/Projects/ExpDFS/graph_1800_76367_POWLAW_5636411189175451024.txt -> /home/shahbazk/Projects/DFS_Semi_Streaming/input/random_graphs/graph_1800_76367_POWLAW_5636411189175451024.txt (Time: 0.00s)
📦 COPIED from HDD: /media/HDD/Projects/ExpDFS/graph_1800_76367_POWLAW_4122784633514911760.txt -> /home/shahbazk/Projects/DFS_Semi_Streaming/input/random_graphs/graph_1800_76367_POWLAW_4122784633514911760.txt (Time: 0.00s)
📦 COPIED from HDD: /media/HDD/Projects/ExpDFS/graph_1800_76367_POWLAW_5906957480796939447.txt -> /home/shahbazk/Projects/DFS_Semi_Streaming/input/random_graphs/graph_1800_76367_POWLAW_5906957480796939447.txt (Time: 0.00s)
📦 COPIED from HDD: /media/HDD/Projects/ExpDFS/graph_1800_76367_POWLAW_6785030173969523435.txt -> /home/shahbazk/Projects/DFS_Semi_Streaming/input/random_graphs/graph_1800_76367_POWLAW_6785030173969523435.txt (Time: 0.00s)
📦 COPIED from HDD: /media/HDD/Projects/ExpDFS/graph_1800_76367_POWLAW_5349491008325879064.txt -> /home/shahbazk/Projects/DFS_Semi_Streaming/input/random_graphs/graph_1800_76367_POWLAW_5349491008325879064.txt (Time: 0.00s)
📦 COPIED from HDD: /media/HDD/Projects/ExpDFS/graph_1800_76367_POWLAW_6614505080519948832.txt -> /home/shahbazk/Projects/DFS_Semi_Streaming/input/random_graphs/graph_1800_76367_POWLAW_6614505080519948832.txt (Time: 0.00s)
📦 COPIED from HDD: /media/HDD/Projects/ExpDFS/graph_1800_76367_POWLAW_320375091487821987.txt -> /home/shahbazk/Projects/DFS_Semi_Streaming/input/random_graphs/graph_1800_76367_POWLAW_320375091487821987.txt (Time: 0.00s)
📦 COPIED from HDD: /media/HDD/Projects/ExpDFS/graph_1800_76367_POWLAW_1632192924771168275.txt -> /home/shahbazk/Projects/DFS_Semi_Streaming/input/random_graphs/graph_1800_76367_POWLAW_1632192924771168275.txt (Time: 0.00s)
📦 COPIED from HDD: /media/HDD/Projects/ExpDFS/graph_1800_76367_POWLAW_7599700178212337699.txt -> /home/shahbazk/Projects/DFS_Semi_Streaming/input/random_graphs/graph_1800_76367_POWLAW_7599700178212337699.txt (Time: 0.00s)
📦 COPIED from HDD: /media/HDD/Projects/ExpDFS/graph_1800_76367_POWLAW_7706236040662210848.txt -> /home/shahbazk/Projects/DFS_Semi_Streaming/input/random_graphs/graph_1800_76367_POWLAW_7706236040662210848.txt (Time: 0.00s)
📦 COPIED from HDD: /media/HDD/Projects/ExpDFS/graph_1800_76367_POWLAW_3865339568260874865.txt -> /home/shahbazk/Projects/DFS_Semi_Streaming/input/random_graphs/graph_1800_76367_POWLAW_3865339568260874865.txt (Time: 0.00s)
📦 COPIED from HDD: /media/HDD/Projects/ExpDFS/graph_1800_76367_POWLAW_7146860528564146064.txt -> /home/shahbazk/Projects/DFS_Semi_Streaming/input/random_graphs/graph_1800_76367_POWLAW_7146860528564146064.txt (Time: 0.00s)
📦 COPIED from HDD: /media/HDD/Projects/ExpDFS/graph_1800_76367_POWLAW_7029781962072644698.txt -> /home/shahbazk/Projects/DFS_Semi_Streaming/input/random_graphs/graph_1800_76367_POWLAW_7029781962072644698.txt (Time: 0.00s)
📦 COPIED from HDD: /media/HDD/Projects/ExpDFS/graph_1600_64000_POWLAW_8867616339855336876.txt -> /home/shahbazk/Projects/DFS_Semi_Streaming/input/random_graphs/graph_1600_64000_POWLAW_8867616339855336876.txt (Time: 0.07s)
📦 COPIED from HDD: /media/HDD/Projects/ExpDFS/graph_1800_76367_POWLAW_5529616217668449934.txt -> /home/shahbazk/Projects/DFS_Semi_Streaming/input/random_graphs/graph_1800_76367_POWLAW_5529616217668449934.txt (Time: 0.05s)
📦 COPIED from HDD: /media/HDD/Projects/ExpDFS/graph_1800_76367_POWLAW_8031431416522537101.txt -> /home/shahbazk/Projects/DFS_Semi_Streaming/input/random_graphs/graph_1800_76367_POWLAW_8031431416522537101.txt (Time: 0.00s)
📦 COPIED from HDD: /media/HDD/Projects/ExpDFS/graph_1800_76367_POWLAW_6143643868734370809.txt -> /home/shahbazk/Projects/DFS_Semi_Streaming/input/random_graphs/graph_1800_76367_POWLAW_6143643868734370809.txt (Time: 0.00s)
📦 COPIED from HDD: /media/HDD/Projects/ExpDFS/graph_1800_76367_POWLAW_3272308573967577038.txt -> /home/shahbazk/Projects/DFS_Semi_Streaming/input/random_graphs/graph_1800_76367_POWLAW_3272308573967577038.txt (Time: 0.00s)
📦 COPIED from HDD: /media/HDD/Projects/ExpDFS/graph_1800_76367_POWLAW_6022436717541034636.txt -> /home/shahbazk/Projects/DFS_Semi_Streaming/input/random_graphs/graph_1800_76367_POWLAW_6022436717541034636.txt (Time: 0.00s)
📦 COPIED from HDD: /media/HDD/Projects/ExpDFS/graph_1800_76367_POWLAW_1024517563182776983.txt -> /home/shahbazk/Projects/DFS_Semi_Streaming/input/random_graphs/graph_1800_76367_POWLAW_1024517563182776983.txt (Time: 0.00s)
📦 COPIED from HDD: /media/HDD/Projects/ExpDFS/graph_1800_76367_POWLAW_199422815561151340.txt -> /home/shahbazk/Projects/DFS_Semi_Streaming/input/random_graphs/graph_1800_76367_POWLAW_199422815561151340.txt (Time: 0.00s)
📦 COPIED from HDD: /media/HDD/Projects/ExpDFS/graph_1800_76367_POWLAW_824387247617288499.txt -> /home/shahbazk/Projects/DFS_Semi_Streaming/input/random_graphs/graph_1800_76367_POWLAW_824387247617288499.txt (Time: 0.00s)
📦 COPIED from HDD: /media/HDD/Projects/ExpDFS/graph_1800_76367_POWLAW_7161906730445628483.txt -> /home/shahbazk/Projects/DFS_Semi_Streaming/input/random_graphs/graph_1800_76367_POWLAW_7161906730445628483.txt (Time: 0.00s)
📦 COPIED from HDD: /media/HDD/Projects/ExpDFS/graph_1800_76367_POWLAW_6802378520969450157.txt -> /home/shahbazk/Projects/DFS_Semi_Streaming/input/random_graphs/graph_1800_76367_POWLAW_6802378520969450157.txt (Time: 0.00s)
📦 COPIED from HDD: /media/HDD/Projects/ExpDFS/graph_1800_76367_POWLAW_7921282862123281598.txt -> /home/shahbazk/Projects/DFS_Semi_Streaming/input/random_graphs/graph_1800_76367_POWLAW_7921282862123281598.txt (Time: 0.00s)
📦 COPIED from HDD: /media/HDD/Projects/ExpDFS/graph_1800_76367_POWLAW_4552998297316576788.txt -> /home/shahbazk/Projects/DFS_Semi_Streaming/input/random_graphs/graph_1800_76367_POWLAW_4552998297316576788.txt (Time: 0.00s)
📦 COPIED from HDD: /media/HDD/Projects/ExpDFS/graph_1800_76367_POWLAW_716820155901718944.txt -> /home/shahbazk/Projects/DFS_Semi_Streaming/input/random_graphs/graph_1800_76367_POWLAW_716820155901718944.txt (Time: 0.00s)
📦 COPIED from HDD: /media/HDD/Projects/ExpDFS/graph_1800_76367_POWLAW_3224265581699847191.txt -> /home/shahbazk/Projects/DFS_Semi_Streaming/input/random_graphs/graph_1800_76367_POWLAW_3224265581699847191.txt (Time: 0.00s)
📦 COPIED from HDD: /media/HDD/Projects/ExpDFS/graph_1800_76367_POWLAW_1128313391724783137.txt -> /home/shahbazk/Projects/DFS_Semi_Streaming/input/random_graphs/graph_1800_76367_POWLAW_1128313391724783137.txt (Time: 0.00s)
📦 COPIED from HDD: /media/HDD/Projects/ExpDFS/graph_1800_76367_POWLAW_5258051056098597521.txt -> /home/shahbazk/Projects/DFS_Semi_Streaming/input/random_graphs/graph_1800_76367_POWLAW_5258051056098597521.txt (Time: 0.00s)
📦 COPIED from HDD: /media/HDD/Projects/ExpDFS/graph_1800_76367_POWLAW_4997514996153925447.txt -> /home/shahbazk/Projects/DFS_Semi_Streaming/input/random_graphs/graph_1800_76367_POWLAW_4997514996153925447.txt (Time: 0.00s)
📦 COPIED from HDD: /media/HDD/Projects/ExpDFS/graph_1800_76367_POWLAW_7917045922527545890.txt -> /home/shahbazk/Projects/DFS_Semi_Streaming/input/random_graphs/graph_1800_76367_POWLAW_7917045922527545890.txt (Time: 0.00s)
📦 COPIED from HDD: /media/HDD/Projects/ExpDFS/graph_1800_76367_POWLAW_6529943913552561417.txt -> /home/shahbazk/Projects/DFS_Semi_Streaming/input/random_graphs/graph_1800_76367_POWLAW_6529943913552561417.txt (Time: 0.00s)
📦 COPIED from HDD: /media/HDD/Projects/ExpDFS/graph_1800_76367_POWLAW_5063475852268941542.txt -> /home/shahbazk/Projects/DFS_Semi_Streaming/input/random_graphs/graph_1800_76367_POWLAW_5063475852268941542.txt (Time: 0.00s)
📦 COPIED from HDD: /media/HDD/Projects/ExpDFS/graph_1800_76367_POWLAW_8446481348147407377.txt -> /home/shahbazk/Projects/DFS_Semi_Streaming/input/random_graphs/graph_1800_76367_POWLAW_8446481348147407377.txt (Time: 0.00s)
📦 COPIED from HDD: /media/HDD/Projects/ExpDFS/graph_1800_76367_POWLAW_1170385908854608748.txt -> /home/shahbazk/Projects/DFS_Semi_Streaming/input/random_graphs/graph_1800_76367_POWLAW_1170385908854608748.txt (Time: 0.00s)
📦 COPIED from HDD: /media/HDD/Projects/ExpDFS/graph_1800_76367_POWLAW_1647170069535670909.txt -> /home/shahbazk/Projects/DFS_Semi_Streaming/input/random_graphs/graph_1800_76367_POWLAW_1647170069535670909.txt (Time: 0.00s)
📦 COPIED from HDD: /media/HDD/Projects/ExpDFS/graph_1800_76367_POWLAW_4445925461710302877.txt -> /home/shahbazk/Projects/DFS_Semi_Streaming/input/random_graphs/graph_1800_76367_POWLAW_4445925461710302877.txt (Time: 0.00s)
📦 COPIED from HDD: /media/HDD/Projects/ExpDFS/graph_1800_76367_POWLAW_6224222471595207695.txt -> /home/shahbazk/Projects/DFS_Semi_Streaming/input/random_graphs/graph_1800_76367_POWLAW_6224222471595207695.txt (Time: 0.00s)
📦 COPIED from HDD: /media/HDD/Projects/ExpDFS/graph_1800_76367_POWLAW_1458186392400727732.txt -> /home/shahbazk/Projects/DFS_Semi_Streaming/input/random_graphs/graph_1800_76367_POWLAW_1458186392400727732.txt (Time: 0.00s)
📦 COPIED from HDD: /media/HDD/Projects/ExpDFS/graph_1800_76367_POWLAW_7938560551762094560.txt -> /home/shahbazk/Projects/DFS_Semi_Streaming/input/random_graphs/graph_1800_76367_POWLAW_7938560551762094560.txt (Time: 0.00s)
📦 COPIED from HDD: /media/HDD/Projects/ExpDFS/graph_1800_76367_POWLAW_3817405844514670994.txt -> /home/shahbazk/Projects/DFS_Semi_Streaming/input/random_graphs/graph_1800_76367_POWLAW_3817405844514670994.txt (Time: 0.00s)
📦 COPIED from HDD: /media/HDD/Projects/ExpDFS/graph_1800_76367_POWLAW_2909934787168262407.txt -> /home/shahbazk/Projects/DFS_Semi_Streaming/input/random_graphs/graph_1800_76367_POWLAW_2909934787168262407.txt (Time: 0.00s)
📦 COPIED from HDD: /media/HDD/Projects/ExpDFS/graph_1800_76367_POWLAW_5108599054664628607.txt -> /home/shahbazk/Projects/DFS_Semi_Streaming/input/random_graphs/graph_1800_76367_POWLAW_5108599054664628607.txt (Time: 0.00s)
📦 COPIED from HDD: /media/HDD/Projects/ExpDFS/graph_1800_76367_POWLAW_9130666990809746335.txt -> /home/shahbazk/Projects/DFS_Semi_Streaming/input/random_graphs/graph_1800_76367_POWLAW_9130666990809746335.txt (Time: 0.00s)
📦 COPIED from HDD: /media/HDD/Projects/ExpDFS/graph_1800_76367_POWLAW_8718380604043999642.txt -> /home/shahbazk/Projects/DFS_Semi_Streaming/input/random_graphs/graph_1800_76367_POWLAW_8718380604043999642.txt (Time: 0.00s)
📦 COPIED from HDD: /media/HDD/Projects/ExpDFS/graph_1800_76367_POWLAW_175493991617213850.txt -> /home/shahbazk/Projects/DFS_Semi_Streaming/input/random_graphs/graph_1800_76367_POWLAW_175493991617213850.txt (Time: 0.00s)
📦 COPIED from HDD: /media/HDD/Projects/ExpDFS/graph_1800_76367_POWLAW_1392892770529522614.txt -> /home/shahbazk/Projects/DFS_Semi_Streaming/input/random_graphs/graph_1800_76367_POWLAW_1392892770529522614.txt (Time: 0.00s)
📦 COPIED from HDD: /media/HDD/Projects/ExpDFS/graph_1800_76367_POWLAW_3713827327871807734.txt -> /home/shahbazk/Projects/DFS_Semi_Streaming/input/random_graphs/graph_1800_76367_POWLAW_3713827327871807734.txt (Time: 0.00s)
📦 COPIED from HDD: /media/HDD/Projects/ExpDFS/graph_1800_76367_POWLAW_9060210648189963449.txt -> /home/shahbazk/Projects/DFS_Semi_Streaming/input/random_graphs/graph_1800_76367_POWLAW_9060210648189963449.txt (Time: 0.00s)
📦 COPIED from HDD: /media/HDD/Projects/ExpDFS/graph_1800_76367_POWLAW_2089506265998900862.txt -> /home/shahbazk/Projects/DFS_Semi_Streaming/input/random_graphs/graph_1800_76367_POWLAW_2089506265998900862.txt (Time: 0.00s)
📦 COPIED from HDD: /media/HDD/Projects/ExpDFS/graph_1800_76367_POWLAW_4795749165124911768.txt -> /home/shahbazk/Projects/DFS_Semi_Streaming/input/random_graphs/graph_1800_76367_POWLAW_4795749165124911768.txt (Time: 0.00s)
📦 COPIED from HDD: /media/HDD/Projects/ExpDFS/graph_1800_76367_POWLAW_8794274795737982182.txt -> /home/shahbazk/Projects/DFS_Semi_Streaming/input/random_graphs/graph_1800_76367_POWLAW_8794274795737982182.txt (Time: 0.00s)
📦 COPIED from HDD: /media/HDD/Projects/ExpDFS/graph_1800_76367_POWLAW_1332005502874566195.txt -> /home/shahbazk/Projects/DFS_Semi_Streaming/input/random_graphs/graph_1800_76367_POWLAW_1332005502874566195.txt (Time: 0.00s)
📦 COPIED from HDD: /media/HDD/Projects/ExpDFS/graph_1800_76367_POWLAW_7644420139408884785.txt -> /home/shahbazk/Projects/DFS_Semi_Streaming/input/random_graphs/graph_1800_76367_POWLAW_7644420139408884785.txt (Time: 0.00s)
📦 COPIED from HDD: /media/HDD/Projects/ExpDFS/graph_1800_76367_POWLAW_5497874167834979553.txt -> /home/shahbazk/Projects/DFS_Semi_Streaming/input/random_graphs/graph_1800_76367_POWLAW_5497874167834979553.txt (Time: 0.00s)
📦 COPIED from HDD: /media/HDD/Projects/ExpDFS/graph_1800_76367_POWLAW_2718103348384927511.txt -> /home/shahbazk/Projects/DFS_Semi_Streaming/input/random_graphs/graph_1800_76367_POWLAW_2718103348384927511.txt (Time: 0.00s)
📦 COPIED from HDD: /media/HDD/Projects/ExpDFS/graph_1800_76367_POWLAW_8626102704817790064.txt -> /home/shahbazk/Projects/DFS_Semi_Streaming/input/random_graphs/graph_1800_76367_POWLAW_8626102704817790064.txt (Time: 0.00s)
📦 COPIED from HDD: /media/HDD/Projects/ExpDFS/graph_1800_76367_POWLAW_4060584409398689268.txt -> /home/shahbazk/Projects/DFS_Semi_Streaming/input/random_graphs/graph_1800_76367_POWLAW_4060584409398689268.txt (Time: 0.00s)
📦 COPIED from HDD: /media/HDD/Projects/ExpDFS/graph_1800_76367_POWLAW_7905487461282246979.txt -> /home/shahbazk/Projects/DFS_Semi_Streaming/input/random_graphs/graph_1800_76367_POWLAW_7905487461282246979.txt (Time: 0.00s)
📦 COPIED from HDD: /media/HDD/Projects/ExpDFS/graph_1800_76367_POWLAW_7449662661572224354.txt -> /home/shahbazk/Projects/DFS_Semi_Streaming/input/random_graphs/graph_1800_76367_POWLAW_7449662661572224354.txt (Time: 0.00s)
📦 COPIED from HDD: /media/HDD/Projects/ExpDFS/graph_1800_76367_POWLAW_4934890601268679176.txt -> /home/shahbazk/Projects/DFS_Semi_Streaming/input/random_graphs/graph_1800_76367_POWLAW_4934890601268679176.txt (Time: 0.00s)
📦 COPIED from HDD: /media/HDD/Projects/ExpDFS/graph_1800_76367_POWLAW_6764066939395682287.txt -> /home/shahbazk/Projects/DFS_Semi_Streaming/input/random_graphs/graph_1800_76367_POWLAW_6764066939395682287.txt (Time: 0.00s)
📦 COPIED from HDD: /media/HDD/Projects/ExpDFS/graph_1800_76367_POWLAW_2264398621601381987.txt -> /home/shahbazk/Projects/DFS_Semi_Streaming/input/random_graphs/graph_1800_76367_POWLAW_2264398621601381987.txt (Time: 0.00s)
📦 COPIED from HDD: /media/HDD/Projects/ExpDFS/graph_1800_76367_POWLAW_8867616339855336876.txt -> /home/shahbazk/Projects/DFS_Semi_Streaming/input/random_graphs/graph_1800_76367_POWLAW_8867616339855336876.txt (Time: 0.00s)
📦 COPIED from HDD: /media/HDD/Projects/ExpDFS/graph_1800_76367_POWLAW_4250897495980125004.txt -> /home/shahbazk/Projects/DFS_Semi_Streaming/input/random_graphs/graph_1800_76367_POWLAW_4250897495980125004.txt (Time: 0.00s)
📦 COPIED from HDD: /media/HDD/Projects/ExpDFS/graph_1800_76367_POWLAW_7632458674696225362.txt -> /home/shahbazk/Projects/DFS_Semi_Streaming/input/random_graphs/graph_1800_76367_POWLAW_7632458674696225362.txt (Time: 0.00s)
📦 COPIED from HDD: /media/HDD/Projects/ExpDFS/graph_1800_76367_POWLAW_1722224698700348310.txt -> /home/shahbazk/Projects/DFS_Semi_Streaming/input/random_graphs/graph_1800_76367_POWLAW_1722224698700348310.txt (Time: 0.00s)
📦 COPIED from HDD: /media/HDD/Projects/ExpDFS/graph_1800_76367_POWLAW_9059990922233379852.txt -> /home/shahbazk/Projects/DFS_Semi_Streaming/input/random_graphs/graph_1800_76367_POWLAW_9059990922233379852.txt (Time: 0.00s)
📦 COPIED from HDD: /media/HDD/Projects/ExpDFS/graph_1800_76367_POWLAW_8448596294177070022.txt -> /home/shahbazk/Projects/DFS_Semi_Streaming/input/random_graphs/graph_1800_76367_POWLAW_8448596294177070022.txt (Time: 0.00s)
📦 COPIED from HDD: /media/HDD/Projects/ExpDFS/graph_2000_89442_POWLAW_4040737767143389431.txt -> /home/shahbazk/Projects/DFS_Semi_Streaming/input/random_graphs/graph_2000_89442_POWLAW_4040737767143389431.txt (Time: 0.00s)
📦 COPIED from HDD: /media/HDD/Projects/ExpDFS/graph_1800_76367_POWLAW_1992204328026194281.txt -> /home/shahbazk/Projects/DFS_Semi_Streaming/input/random_graphs/graph_1800_76367_POWLAW_1992204328026194281.txt (Time: 0.00s)
📦 COPIED from HDD: /media/HDD/Projects/ExpDFS/graph_2000_89442_POWLAW_7473196763798409428.txt -> /home/shahbazk/Projects/DFS_Semi_Streaming/input/random_graphs/graph_2000_89442_POWLAW_7473196763798409428.txt (Time: 0.00s)
📦 COPIED from HDD: /media/HDD/Projects/ExpDFS/graph_2000_89442_POWLAW_1250005700364523649.txt -> /home/shahbazk/Projects/DFS_Semi_Streaming/input/random_graphs/graph_2000_89442_POWLAW_1250005700364523649.txt (Time: 0.00s)
📦 COPIED from HDD: /media/HDD/Projects/ExpDFS/graph_2000_89442_POWLAW_1309542850049879452.txt -> /home/shahbazk/Projects/DFS_Semi_Streaming/input/random_graphs/graph_2000_89442_POWLAW_1309542850049879452.txt (Time: 0.00s)
📦 COPIED from HDD: /media/HDD/Projects/ExpDFS/graph_2000_89442_POWLAW_2429002973740178792.txt -> /home/shahbazk/Projects/DFS_Semi_Streaming/input/random_graphs/graph_2000_89442_POWLAW_2429002973740178792.txt (Time: 0.00s)
📦 COPIED from HDD: /media/HDD/Projects/ExpDFS/graph_2000_89442_POWLAW_7663871783842725848.txt -> /home/shahbazk/Projects/DFS_Semi_Streaming/input/random_graphs/graph_2000_89442_POWLAW_7663871783842725848.txt (Time: 0.00s)
📦 COPIED from HDD: /media/HDD/Projects/ExpDFS/graph_1800_76367_POWLAW_5894893360759659423.txt -> /home/shahbazk/Projects/DFS_Semi_Streaming/input/random_graphs/graph_1800_76367_POWLAW_5894893360759659423.txt (Time: 0.00s)
📦 COPIED from HDD: /media/HDD/Projects/ExpDFS/graph_1800_76367_POWLAW_3221421291694197220.txt -> /home/shahbazk/Projects/DFS_Semi_Streaming/input/random_graphs/graph_1800_76367_POWLAW_3221421291694197220.txt (Time: 0.00s)
📦 COPIED from HDD: /media/HDD/Projects/ExpDFS/graph_1800_76367_POWLAW_7118744415197196276.txt -> /home/shahbazk/Projects/DFS_Semi_Streaming/input/random_graphs/graph_1800_76367_POWLAW_7118744415197196276.txt (Time: 0.00s)
📦 COPIED from HDD: /media/HDD/Projects/ExpDFS/graph_1800_76367_POWLAW_4940913311242578590.txt -> /home/shahbazk/Projects/DFS_Semi_Streaming/input/random_graphs/graph_1800_76367_POWLAW_4940913311242578590.txt (Time: 0.00s)
📦 COPIED from HDD: /media/HDD/Projects/ExpDFS/graph_1800_76367_POWLAW_7983805977214098674.txt -> /home/shahbazk/Projects/DFS_Semi_Streaming/input/random_graphs/graph_1800_76367_POWLAW_7983805977214098674.txt (Time: 0.00s)
📦 COPIED from HDD: /media/HDD/Projects/ExpDFS/graph_2000_89442_POWLAW_1353182403971399009.txt -> /home/shahbazk/Projects/DFS_Semi_Streaming/input/random_graphs/graph_2000_89442_POWLAW_1353182403971399009.txt (Time: 0.00s)
📦 COPIED from HDD: /media/HDD/Projects/ExpDFS/graph_2000_89442_POWLAW_7599700178212337699.txt -> /home/shahbazk/Projects/DFS_Semi_Streaming/input/random_graphs/graph_2000_89442_POWLAW_7599700178212337699.txt (Time: 0.00s)
📦 COPIED from HDD: /media/HDD/Projects/ExpDFS/graph_2000_89442_POWLAW_7871178979383552919.txt -> /home/shahbazk/Projects/DFS_Semi_Streaming/input/random_graphs/graph_2000_89442_POWLAW_7871178979383552919.txt (Time: 0.00s)
📦 COPIED from HDD: /media/HDD/Projects/ExpDFS/graph_2000_89442_POWLAW_6938562734920028532.txt -> /home/shahbazk/Projects/DFS_Semi_Streaming/input/random_graphs/graph_2000_89442_POWLAW_6938562734920028532.txt (Time: 0.00s)
📦 COPIED from HDD: /media/HDD/Projects/ExpDFS/graph_2000_89442_POWLAW_6522163754831416203.txt -> /home/shahbazk/Projects/DFS_Semi_Streaming/input/random_graphs/graph_2000_89442_POWLAW_6522163754831416203.txt (Time: 0.00s)
📦 COPIED from HDD: /media/HDD/Projects/ExpDFS/graph_2000_89442_POWLAW_5739955973604961613.txt -> /home/shahbazk/Projects/DFS_Semi_Streaming/input/random_graphs/graph_2000_89442_POWLAW_5739955973604961613.txt (Time: 0.00s)
📦 COPIED from HDD: /media/HDD/Projects/ExpDFS/graph_2000_89442_POWLAW_3881801951614183357.txt -> /home/shahbazk/Projects/DFS_Semi_Streaming/input/random_graphs/graph_2000_89442_POWLAW_3881801951614183357.txt (Time: 0.00s)
📦 COPIED from HDD: /media/HDD/Projects/ExpDFS/graph_2000_89442_POWLAW_7032710160631691991.txt -> /home/shahbazk/Projects/DFS_Semi_Streaming/input/random_graphs/graph_2000_89442_POWLAW_7032710160631691991.txt (Time: 0.00s)
📦 COPIED from HDD: /media/HDD/Projects/ExpDFS/graph_2000_89442_POWLAW_5906957480796939447.txt -> /home/shahbazk/Projects/DFS_Semi_Streaming/input/random_graphs/graph_2000_89442_POWLAW_5906957480796939447.txt (Time: 0.00s)
📦 COPIED from HDD: /media/HDD/Projects/ExpDFS/graph_2000_89442_POWLAW_1250773459040295677.txt -> /home/shahbazk/Projects/DFS_Semi_Streaming/input/random_graphs/graph_2000_89442_POWLAW_1250773459040295677.txt (Time: 0.00s)
📦 COPIED from HDD: /media/HDD/Projects/ExpDFS/graph_2000_89442_POWLAW_1070244953599069350.txt -> /home/shahbazk/Projects/DFS_Semi_Streaming/input/random_graphs/graph_2000_89442_POWLAW_1070244953599069350.txt (Time: 0.00s)
📦 COPIED from HDD: /media/HDD/Projects/ExpDFS/graph_2000_89442_POWLAW_5139481885857321791.txt -> /home/shahbazk/Projects/DFS_Semi_Streaming/input/random_graphs/graph_2000_89442_POWLAW_5139481885857321791.txt (Time: 0.00s)
📦 COPIED from HDD: /media/HDD/Projects/ExpDFS/graph_2000_89442_POWLAW_6230961512046992311.txt -> /home/shahbazk/Projects/DFS_Semi_Streaming/input/random_graphs/graph_2000_89442_POWLAW_6230961512046992311.txt (Time: 0.00s)
📦 COPIED from HDD: /media/HDD/Projects/ExpDFS/graph_2000_89442_POWLAW_7146860528564146064.txt -> /home/shahbazk/Projects/DFS_Semi_Streaming/input/random_graphs/graph_2000_89442_POWLAW_7146860528564146064.txt (Time: 0.00s)
📦 COPIED from HDD: /media/HDD/Projects/ExpDFS/graph_2000_89442_POWLAW_320375091487821987.txt -> /home/shahbazk/Projects/DFS_Semi_Streaming/input/random_graphs/graph_2000_89442_POWLAW_320375091487821987.txt (Time: 0.00s)
📦 COPIED from HDD: /media/HDD/Projects/ExpDFS/graph_2000_89442_POWLAW_3010622984418968408.txt -> /home/shahbazk/Projects/DFS_Semi_Streaming/input/random_graphs/graph_2000_89442_POWLAW_3010622984418968408.txt (Time: 0.00s)
📦 COPIED from HDD: /media/HDD/Projects/ExpDFS/graph_2000_89442_POWLAW_5142811650494845597.txt -> /home/shahbazk/Projects/DFS_Semi_Streaming/input/random_graphs/graph_2000_89442_POWLAW_5142811650494845597.txt (Time: 0.00s)
📦 COPIED from HDD: /media/HDD/Projects/ExpDFS/graph_2000_89442_POWLAW_3438400432146115956.txt -> /home/shahbazk/Projects/DFS_Semi_Streaming/input/random_graphs/graph_2000_89442_POWLAW_3438400432146115956.txt (Time: 0.00s)
📦 COPIED from HDD: /media/HDD/Projects/ExpDFS/graph_2000_89442_POWLAW_1731523882129807996.txt -> /home/shahbazk/Projects/DFS_Semi_Streaming/input/random_graphs/graph_2000_89442_POWLAW_1731523882129807996.txt (Time: 0.00s)
📦 COPIED from HDD: /media/HDD/Projects/ExpDFS/graph_2000_89442_POWLAW_1853590723603270879.txt -> /home/shahbazk/Projects/DFS_Semi_Streaming/input/random_graphs/graph_2000_89442_POWLAW_1853590723603270879.txt (Time: 0.00s)
📦 COPIED from HDD: /media/HDD/Projects/ExpDFS/graph_2000_89442_POWLAW_521787134863155063.txt -> /home/shahbazk/Projects/DFS_Semi_Streaming/input/random_graphs/graph_2000_89442_POWLAW_521787134863155063.txt (Time: 0.00s)
📦 COPIED from HDD: /media/HDD/Projects/ExpDFS/graph_2000_89442_POWLAW_5708372698381010775.txt -> /home/shahbazk/Projects/DFS_Semi_Streaming/input/random_graphs/graph_2000_89442_POWLAW_5708372698381010775.txt (Time: 0.00s)
📦 COPIED from HDD: /media/HDD/Projects/ExpDFS/graph_2000_89442_POWLAW_3224265581699847191.txt -> /home/shahbazk/Projects/DFS_Semi_Streaming/input/random_graphs/graph_2000_89442_POWLAW_3224265581699847191.txt (Time: 0.00s)
📦 COPIED from HDD: /media/HDD/Projects/ExpDFS/graph_2000_89442_POWLAW_6785030173969523435.txt -> /home/shahbazk/Projects/DFS_Semi_Streaming/input/random_graphs/graph_2000_89442_POWLAW_6785030173969523435.txt (Time: 0.00s)
📦 COPIED from HDD: /media/HDD/Projects/ExpDFS/graph_2000_89442_POWLAW_1024517563182776983.txt -> /home/shahbazk/Projects/DFS_Semi_Streaming/input/random_graphs/graph_2000_89442_POWLAW_1024517563182776983.txt (Time: 0.00s)
📦 COPIED from HDD: /media/HDD/Projects/ExpDFS/graph_2000_89442_POWLAW_5529616217668449934.txt -> /home/shahbazk/Projects/DFS_Semi_Streaming/input/random_graphs/graph_2000_89442_POWLAW_5529616217668449934.txt (Time: 0.00s)
📦 COPIED from HDD: /media/HDD/Projects/ExpDFS/graph_2000_89442_POWLAW_7029781962072644698.txt -> /home/shahbazk/Projects/DFS_Semi_Streaming/input/random_graphs/graph_2000_89442_POWLAW_7029781962072644698.txt (Time: 0.00s)
📦 COPIED from HDD: /media/HDD/Projects/ExpDFS/graph_2000_89442_POWLAW_7706236040662210848.txt -> /home/shahbazk/Projects/DFS_Semi_Streaming/input/random_graphs/graph_2000_89442_POWLAW_7706236040662210848.txt (Time: 0.00s)
📦 COPIED from HDD: /media/HDD/Projects/ExpDFS/graph_2000_89442_POWLAW_4122784633514911760.txt -> /home/shahbazk/Projects/DFS_Semi_Streaming/input/random_graphs/graph_2000_89442_POWLAW_4122784633514911760.txt (Time: 0.00s)
📦 COPIED from HDD: /media/HDD/Projects/ExpDFS/graph_2000_89442_POWLAW_824387247617288499.txt -> /home/shahbazk/Projects/DFS_Semi_Streaming/input/random_graphs/graph_2000_89442_POWLAW_824387247617288499.txt (Time: 0.00s)
📦 COPIED from HDD: /media/HDD/Projects/ExpDFS/graph_2000_89442_POWLAW_6002685213311538187.txt -> /home/shahbazk/Projects/DFS_Semi_Streaming/input/random_graphs/graph_2000_89442_POWLAW_6002685213311538187.txt (Time: 0.00s)
📦 COPIED from HDD: /media/HDD/Projects/ExpDFS/graph_2000_89442_POWLAW_5258051056098597521.txt -> /home/shahbazk/Projects/DFS_Semi_Streaming/input/random_graphs/graph_2000_89442_POWLAW_5258051056098597521.txt (Time: 0.00s)
📦 COPIED from HDD: /media/HDD/Projects/ExpDFS/graph_2000_89442_POWLAW_1632192924771168275.txt -> /home/shahbazk/Projects/DFS_Semi_Streaming/input/random_graphs/graph_2000_89442_POWLAW_1632192924771168275.txt (Time: 0.00s)
📦 COPIED from HDD: /media/HDD/Projects/ExpDFS/graph_2000_89442_POWLAW_7161906730445628483.txt -> /home/shahbazk/Projects/DFS_Semi_Streaming/input/random_graphs/graph_2000_89442_POWLAW_7161906730445628483.txt (Time: 0.00s)
📦 COPIED from HDD: /media/HDD/Projects/ExpDFS/graph_2000_89442_POWLAW_1647170069535670909.txt -> /home/shahbazk/Projects/DFS_Semi_Streaming/input/random_graphs/graph_2000_89442_POWLAW_1647170069535670909.txt (Time: 0.00s)
📦 COPIED from HDD: /media/HDD/Projects/ExpDFS/graph_2000_89442_POWLAW_3272308573967577038.txt -> /home/shahbazk/Projects/DFS_Semi_Streaming/input/random_graphs/graph_2000_89442_POWLAW_3272308573967577038.txt (Time: 0.00s)
📦 COPIED from HDD: /media/HDD/Projects/ExpDFS/graph_2000_89442_POWLAW_5636411189175451024.txt -> /home/shahbazk/Projects/DFS_Semi_Streaming/input/random_graphs/graph_2000_89442_POWLAW_5636411189175451024.txt (Time: 0.00s)
📦 COPIED from HDD: /media/HDD/Projects/ExpDFS/graph_2000_89442_POWLAW_4445925461710302877.txt -> /home/shahbazk/Projects/DFS_Semi_Streaming/input/random_graphs/graph_2000_89442_POWLAW_4445925461710302877.txt (Time: 0.00s)
📦 COPIED from HDD: /media/HDD/Projects/ExpDFS/graph_2000_89442_POWLAW_3865339568260874865.txt -> /home/shahbazk/Projects/DFS_Semi_Streaming/input/random_graphs/graph_2000_89442_POWLAW_3865339568260874865.txt (Time: 0.00s)
📦 COPIED from HDD: /media/HDD/Projects/ExpDFS/graph_2000_89442_POWLAW_7938560551762094560.txt -> /home/shahbazk/Projects/DFS_Semi_Streaming/input/random_graphs/graph_2000_89442_POWLAW_7938560551762094560.txt (Time: 0.00s)
📦 COPIED from HDD: /media/HDD/Projects/ExpDFS/graph_2000_89442_POWLAW_716820155901718944.txt -> /home/shahbazk/Projects/DFS_Semi_Streaming/input/random_graphs/graph_2000_89442_POWLAW_716820155901718944.txt (Time: 0.00s)
📦 COPIED from HDD: /media/HDD/Projects/ExpDFS/graph_2000_89442_POWLAW_7921282862123281598.txt -> /home/shahbazk/Projects/DFS_Semi_Streaming/input/random_graphs/graph_2000_89442_POWLAW_7921282862123281598.txt (Time: 0.00s)
📦 COPIED from HDD: /media/HDD/Projects/ExpDFS/graph_2000_89442_POWLAW_6224222471595207695.txt -> /home/shahbazk/Projects/DFS_Semi_Streaming/input/random_graphs/graph_2000_89442_POWLAW_6224222471595207695.txt (Time: 0.00s)
📦 COPIED from HDD: /media/HDD/Projects/ExpDFS/graph_2000_89442_POWLAW_6802378520969450157.txt -> /home/shahbazk/Projects/DFS_Semi_Streaming/input/random_graphs/graph_2000_89442_POWLAW_6802378520969450157.txt (Time: 0.00s)
📦 COPIED from HDD: /media/HDD/Projects/ExpDFS/graph_2000_89442_POWLAW_5349491008325879064.txt -> /home/shahbazk/Projects/DFS_Semi_Streaming/input/random_graphs/graph_2000_89442_POWLAW_5349491008325879064.txt (Time: 0.00s)
📦 COPIED from HDD: /media/HDD/Projects/ExpDFS/graph_2000_89442_POWLAW_4997514996153925447.txt -> /home/shahbazk/Projects/DFS_Semi_Streaming/input/random_graphs/graph_2000_89442_POWLAW_4997514996153925447.txt (Time: 0.00s)
📦 COPIED from HDD: /media/HDD/Projects/ExpDFS/graph_2000_89442_POWLAW_5063475852268941542.txt -> /home/shahbazk/Projects/DFS_Semi_Streaming/input/random_graphs/graph_2000_89442_POWLAW_5063475852268941542.txt (Time: 0.00s)
📦 COPIED from HDD: /media/HDD/Projects/ExpDFS/graph_2000_89442_POWLAW_6529943913552561417.txt -> /home/shahbazk/Projects/DFS_Semi_Streaming/input/random_graphs/graph_2000_89442_POWLAW_6529943913552561417.txt (Time: 0.00s)
📦 COPIED from HDD: /media/HDD/Projects/ExpDFS/graph_2000_89442_POWLAW_8718380604043999642.txt -> /home/shahbazk/Projects/DFS_Semi_Streaming/input/random_graphs/graph_2000_89442_POWLAW_8718380604043999642.txt (Time: 0.00s)
📦 COPIED from HDD: /media/HDD/Projects/ExpDFS/graph_2000_89442_POWLAW_7917045922527545890.txt -> /home/shahbazk/Projects/DFS_Semi_Streaming/input/random_graphs/graph_2000_89442_POWLAW_7917045922527545890.txt (Time: 0.00s)
📦 COPIED from HDD: /media/HDD/Projects/ExpDFS/graph_2000_89442_POWLAW_6614505080519948832.txt -> /home/shahbazk/Projects/DFS_Semi_Streaming/input/random_graphs/graph_2000_89442_POWLAW_6614505080519948832.txt (Time: 0.00s)
📦 COPIED from HDD: /media/HDD/Projects/ExpDFS/graph_2000_89442_POWLAW_4552998297316576788.txt -> /home/shahbazk/Projects/DFS_Semi_Streaming/input/random_graphs/graph_2000_89442_POWLAW_4552998297316576788.txt (Time: 0.00s)
📦 COPIED from HDD: /media/HDD/Projects/ExpDFS/graph_2000_89442_POWLAW_1170385908854608748.txt -> /home/shahbazk/Projects/DFS_Semi_Streaming/input/random_graphs/graph_2000_89442_POWLAW_1170385908854608748.txt (Time: 0.00s)
📦 COPIED from HDD: /media/HDD/Projects/ExpDFS/graph_2000_89442_POWLAW_8031431416522537101.txt -> /home/shahbazk/Projects/DFS_Semi_Streaming/input/random_graphs/graph_2000_89442_POWLAW_8031431416522537101.txt (Time: 0.00s)
📦 COPIED from HDD: /media/HDD/Projects/ExpDFS/graph_2000_89442_POWLAW_6143643868734370809.txt -> /home/shahbazk/Projects/DFS_Semi_Streaming/input/random_graphs/graph_2000_89442_POWLAW_6143643868734370809.txt (Time: 0.00s)
📦 COPIED from HDD: /media/HDD/Projects/ExpDFS/graph_2000_89442_POWLAW_8446481348147407377.txt -> /home/shahbazk/Projects/DFS_Semi_Streaming/input/random_graphs/graph_2000_89442_POWLAW_8446481348147407377.txt (Time: 0.00s)
📦 COPIED from HDD: /media/HDD/Projects/ExpDFS/graph_2000_89442_POWLAW_199422815561151340.txt -> /home/shahbazk/Projects/DFS_Semi_Streaming/input/random_graphs/graph_2000_89442_POWLAW_199422815561151340.txt (Time: 0.00s)
📦 COPIED from HDD: /media/HDD/Projects/ExpDFS/graph_2000_89442_POWLAW_6022436717541034636.txt -> /home/shahbazk/Projects/DFS_Semi_Streaming/input/random_graphs/graph_2000_89442_POWLAW_6022436717541034636.txt (Time: 0.00s)
📦 COPIED from HDD: /media/HDD/Projects/ExpDFS/graph_2000_89442_POWLAW_175493991617213850.txt -> /home/shahbazk/Projects/DFS_Semi_Streaming/input/random_graphs/graph_2000_89442_POWLAW_175493991617213850.txt (Time: 0.00s)
📦 COPIED from HDD: /media/HDD/Projects/ExpDFS/graph_2000_89442_POWLAW_3713827327871807734.txt -> /home/shahbazk/Projects/DFS_Semi_Streaming/input/random_graphs/graph_2000_89442_POWLAW_3713827327871807734.txt (Time: 0.00s)
📦 COPIED from HDD: /media/HDD/Projects/ExpDFS/graph_2000_89442_POWLAW_5108599054664628607.txt -> /home/shahbazk/Projects/DFS_Semi_Streaming/input/random_graphs/graph_2000_89442_POWLAW_5108599054664628607.txt (Time: 0.00s)
📦 COPIED from HDD: /media/HDD/Projects/ExpDFS/graph_2000_89442_POWLAW_9130666990809746335.txt -> /home/shahbazk/Projects/DFS_Semi_Streaming/input/random_graphs/graph_2000_89442_POWLAW_9130666990809746335.txt (Time: 0.00s)
📦 COPIED from HDD: /media/HDD/Projects/ExpDFS/graph_2000_89442_POWLAW_6764066939395682287.txt -> /home/shahbazk/Projects/DFS_Semi_Streaming/input/random_graphs/graph_2000_89442_POWLAW_6764066939395682287.txt (Time: 0.00s)
📦 COPIED from HDD: /media/HDD/Projects/ExpDFS/graph_2000_89442_POWLAW_7644420139408884785.txt -> /home/shahbazk/Projects/DFS_Semi_Streaming/input/random_graphs/graph_2000_89442_POWLAW_7644420139408884785.txt (Time: 0.00s)
📦 COPIED from HDD: /media/HDD/Projects/ExpDFS/graph_2000_89442_POWLAW_7905487461282246979.txt -> /home/shahbazk/Projects/DFS_Semi_Streaming/input/random_graphs/graph_2000_89442_POWLAW_7905487461282246979.txt (Time: 0.00s)
📦 COPIED from HDD: /media/HDD/Projects/ExpDFS/graph_2000_89442_POWLAW_3817405844514670994.txt -> /home/shahbazk/Projects/DFS_Semi_Streaming/input/random_graphs/graph_2000_89442_POWLAW_3817405844514670994.txt (Time: 0.00s)
📦 COPIED from HDD: /media/HDD/Projects/ExpDFS/graph_2000_89442_POWLAW_2909934787168262407.txt -> /home/shahbazk/Projects/DFS_Semi_Streaming/input/random_graphs/graph_2000_89442_POWLAW_2909934787168262407.txt (Time: 0.00s)
📦 COPIED from HDD: /media/HDD/Projects/ExpDFS/graph_2000_89442_POWLAW_1128313391724783137.txt -> /home/shahbazk/Projects/DFS_Semi_Streaming/input/random_graphs/graph_2000_89442_POWLAW_1128313391724783137.txt (Time: 0.00s)
📦 COPIED from HDD: /media/HDD/Projects/ExpDFS/graph_2000_89442_POWLAW_8448596294177070022.txt -> /home/shahbazk/Projects/DFS_Semi_Streaming/input/random_graphs/graph_2000_89442_POWLAW_8448596294177070022.txt (Time: 0.00s)
📦 COPIED from HDD: /media/HDD/Projects/ExpDFS/graph_2000_89442_POWLAW_1458186392400727732.txt -> /home/shahbazk/Projects/DFS_Semi_Streaming/input/random_graphs/graph_2000_89442_POWLAW_1458186392400727732.txt (Time: 0.00s)
📦 COPIED from HDD: /media/HDD/Projects/ExpDFS/graph_2000_89442_POWLAW_1392892770529522614.txt -> /home/shahbazk/Projects/DFS_Semi_Streaming/input/random_graphs/graph_2000_89442_POWLAW_1392892770529522614.txt (Time: 0.00s)
📦 COPIED from HDD: /media/HDD/Projects/ExpDFS/graph_2000_89442_POWLAW_2089506265998900862.txt -> /home/shahbazk/Projects/DFS_Semi_Streaming/input/random_graphs/graph_2000_89442_POWLAW_2089506265998900862.txt (Time: 0.00s)
📦 COPIED from HDD: /media/HDD/Projects/ExpDFS/graph_2000_89442_POWLAW_4795749165124911768.txt -> /home/shahbazk/Projects/DFS_Semi_Streaming/input/random_graphs/graph_2000_89442_POWLAW_4795749165124911768.txt (Time: 0.00s)
📦 COPIED from HDD: /media/HDD/Projects/ExpDFS/graph_2000_89442_POWLAW_4934890601268679176.txt -> /home/shahbazk/Projects/DFS_Semi_Streaming/input/random_graphs/graph_2000_89442_POWLAW_4934890601268679176.txt (Time: 0.00s)
📦 COPIED from HDD: /media/HDD/Projects/ExpDFS/graph_2000_89442_POWLAW_5497874167834979553.txt -> /home/shahbazk/Projects/DFS_Semi_Streaming/input/random_graphs/graph_2000_89442_POWLAW_5497874167834979553.txt (Time: 0.00s)
📦 COPIED from HDD: /media/HDD/Projects/ExpDFS/graph_2000_89442_POWLAW_4250897495980125004.txt -> /home/shahbazk/Projects/DFS_Semi_Streaming/input/random_graphs/graph_2000_89442_POWLAW_4250897495980125004.txt (Time: 0.00s)
📦 COPIED from HDD: /media/HDD/Projects/ExpDFS/graph_2000_89442_POWLAW_4060584409398689268.txt -> /home/shahbazk/Projects/DFS_Semi_Streaming/input/random_graphs/graph_2000_89442_POWLAW_4060584409398689268.txt (Time: 0.00s)
📦 COPIED from HDD: /media/HDD/Projects/ExpDFS/graph_2000_89442_POWLAW_8794274795737982182.txt -> /home/shahbazk/Projects/DFS_Semi_Streaming/input/random_graphs/graph_2000_89442_POWLAW_8794274795737982182.txt (Time: 0.00s)
📦 COPIED from HDD: /media/HDD/Projects/ExpDFS/graph_2000_89442_POWLAW_1722224698700348310.txt -> /home/shahbazk/Projects/DFS_Semi_Streaming/input/random_graphs/graph_2000_89442_POWLAW_1722224698700348310.txt (Time: 0.00s)
📦 COPIED from HDD: /media/HDD/Projects/ExpDFS/graph_2000_89442_POWLAW_8626102704817790064.txt -> /home/shahbazk/Projects/DFS_Semi_Streaming/input/random_graphs/graph_2000_89442_POWLAW_8626102704817790064.txt (Time: 0.00s)
📦 COPIED from HDD: /media/HDD/Projects/ExpDFS/graph_2500_125000_POWLAW_7032710160631691991.txt -> /home/shahbazk/Projects/DFS_Semi_Streaming/input/random_graphs/graph_2500_125000_POWLAW_7032710160631691991.txt (Time: 0.00s)
📦 COPIED from HDD: /media/HDD/Projects/ExpDFS/graph_2000_89442_POWLAW_1332005502874566195.txt -> /home/shahbazk/Projects/DFS_Semi_Streaming/input/random_graphs/graph_2000_89442_POWLAW_1332005502874566195.txt (Time: 0.00s)
📦 COPIED from HDD: /media/HDD/Projects/ExpDFS/graph_2500_125000_POWLAW_3881801951614183357.txt -> /home/shahbazk/Projects/DFS_Semi_Streaming/input/random_graphs/graph_2500_125000_POWLAW_3881801951614183357.txt (Time: 0.00s)
📦 COPIED from HDD: /media/HDD/Projects/ExpDFS/graph_2500_125000_POWLAW_5739955973604961613.txt -> /home/shahbazk/Projects/DFS_Semi_Streaming/input/random_graphs/graph_2500_125000_POWLAW_5739955973604961613.txt (Time: 0.00s)
📦 COPIED from HDD: /media/HDD/Projects/ExpDFS/graph_2000_89442_POWLAW_9060210648189963449.txt -> /home/shahbazk/Projects/DFS_Semi_Streaming/input/random_graphs/graph_2000_89442_POWLAW_9060210648189963449.txt (Time: 0.00s)
📦 COPIED from HDD: /media/HDD/Projects/ExpDFS/graph_2500_125000_POWLAW_7599700178212337699.txt -> /home/shahbazk/Projects/DFS_Semi_Streaming/input/random_graphs/graph_2500_125000_POWLAW_7599700178212337699.txt (Time: 0.00s)
📦 COPIED from HDD: /media/HDD/Projects/ExpDFS/graph_2000_89442_POWLAW_7118744415197196276.txt -> /home/shahbazk/Projects/DFS_Semi_Streaming/input/random_graphs/graph_2000_89442_POWLAW_7118744415197196276.txt (Time: 0.00s)
📦 COPIED from HDD: /media/HDD/Projects/ExpDFS/graph_2000_89442_POWLAW_7632458674696225362.txt -> /home/shahbazk/Projects/DFS_Semi_Streaming/input/random_graphs/graph_2000_89442_POWLAW_7632458674696225362.txt (Time: 0.00s)
📦 COPIED from HDD: /media/HDD/Projects/ExpDFS/graph_2500_125000_POWLAW_6522163754831416203.txt -> /home/shahbazk/Projects/DFS_Semi_Streaming/input/random_graphs/graph_2500_125000_POWLAW_6522163754831416203.txt (Time: 0.00s)
📦 COPIED from HDD: /media/HDD/Projects/ExpDFS/graph_2500_125000_POWLAW_1070244953599069350.txt -> /home/shahbazk/Projects/DFS_Semi_Streaming/input/random_graphs/graph_2500_125000_POWLAW_1070244953599069350.txt (Time: 0.00s)
📦 COPIED from HDD: /media/HDD/Projects/ExpDFS/graph_2500_125000_POWLAW_4040737767143389431.txt -> /home/shahbazk/Projects/DFS_Semi_Streaming/input/random_graphs/graph_2500_125000_POWLAW_4040737767143389431.txt (Time: 0.00s)
📦 COPIED from HDD: /media/HDD/Projects/ExpDFS/graph_2000_89442_POWLAW_1992204328026194281.txt -> /home/shahbazk/Projects/DFS_Semi_Streaming/input/random_graphs/graph_2000_89442_POWLAW_1992204328026194281.txt (Time: 0.00s)
📦 COPIED from HDD: /media/HDD/Projects/ExpDFS/graph_2500_125000_POWLAW_6938562734920028532.txt -> /home/shahbazk/Projects/DFS_Semi_Streaming/input/random_graphs/graph_2500_125000_POWLAW_6938562734920028532.txt (Time: 0.00s)
📦 COPIED from HDD: /media/HDD/Projects/ExpDFS/graph_2500_125000_POWLAW_7871178979383552919.txt -> /home/shahbazk/Projects/DFS_Semi_Streaming/input/random_graphs/graph_2500_125000_POWLAW_7871178979383552919.txt (Time: 0.00s)
📦 COPIED from HDD: /media/HDD/Projects/ExpDFS/graph_2000_89442_POWLAW_8867616339855336876.txt -> /home/shahbazk/Projects/DFS_Semi_Streaming/input/random_graphs/graph_2000_89442_POWLAW_8867616339855336876.txt (Time: 0.00s)
📦 COPIED from HDD: /media/HDD/Projects/ExpDFS/graph_2000_89442_POWLAW_5894893360759659423.txt -> /home/shahbazk/Projects/DFS_Semi_Streaming/input/random_graphs/graph_2000_89442_POWLAW_5894893360759659423.txt (Time: 0.00s)
📦 COPIED from HDD: /media/HDD/Projects/ExpDFS/graph_2000_89442_POWLAW_7983805977214098674.txt -> /home/shahbazk/Projects/DFS_Semi_Streaming/input/random_graphs/graph_2000_89442_POWLAW_7983805977214098674.txt (Time: 0.00s)
📦 COPIED from HDD: /media/HDD/Projects/ExpDFS/graph_2000_89442_POWLAW_4940913311242578590.txt -> /home/shahbazk/Projects/DFS_Semi_Streaming/input/random_graphs/graph_2000_89442_POWLAW_4940913311242578590.txt (Time: 0.00s)
📦 COPIED from HDD: /media/HDD/Projects/ExpDFS/graph_2000_89442_POWLAW_3221421291694197220.txt -> /home/shahbazk/Projects/DFS_Semi_Streaming/input/random_graphs/graph_2000_89442_POWLAW_3221421291694197220.txt (Time: 0.00s)
📦 COPIED from HDD: /media/HDD/Projects/ExpDFS/graph_2000_89442_POWLAW_7449662661572224354.txt -> /home/shahbazk/Projects/DFS_Semi_Streaming/input/random_graphs/graph_2000_89442_POWLAW_7449662661572224354.txt (Time: 0.00s)
📦 COPIED from HDD: /media/HDD/Projects/ExpDFS/graph_2000_89442_POWLAW_2718103348384927511.txt -> /home/shahbazk/Projects/DFS_Semi_Streaming/input/random_graphs/graph_2000_89442_POWLAW_2718103348384927511.txt (Time: 0.00s)
📦 COPIED from HDD: /media/HDD/Projects/ExpDFS/graph_2000_89442_POWLAW_9059990922233379852.txt -> /home/shahbazk/Projects/DFS_Semi_Streaming/input/random_graphs/graph_2000_89442_POWLAW_9059990922233379852.txt (Time: 0.00s)
📦 COPIED from HDD: /media/HDD/Projects/ExpDFS/graph_2500_125000_POWLAW_1353182403971399009.txt -> /home/shahbazk/Projects/DFS_Semi_Streaming/input/random_graphs/graph_2500_125000_POWLAW_1353182403971399009.txt (Time: 0.00s)
📦 COPIED from HDD: /media/HDD/Projects/ExpDFS/graph_2500_125000_POWLAW_6230961512046992311.txt -> /home/shahbazk/Projects/DFS_Semi_Streaming/input/random_graphs/graph_2500_125000_POWLAW_6230961512046992311.txt (Time: 0.00s)
📦 COPIED from HDD: /media/HDD/Projects/ExpDFS/graph_2500_125000_POWLAW_5139481885857321791.txt -> /home/shahbazk/Projects/DFS_Semi_Streaming/input/random_graphs/graph_2500_125000_POWLAW_5139481885857321791.txt (Time: 0.00s)
📦 COPIED from HDD: /media/HDD/Projects/ExpDFS/graph_2500_125000_POWLAW_5142811650494845597.txt -> /home/shahbazk/Projects/DFS_Semi_Streaming/input/random_graphs/graph_2500_125000_POWLAW_5142811650494845597.txt (Time: 0.00s)
📦 COPIED from HDD: /media/HDD/Projects/ExpDFS/graph_2500_125000_POWLAW_7029781962072644698.txt -> /home/shahbazk/Projects/DFS_Semi_Streaming/input/random_graphs/graph_2500_125000_POWLAW_7029781962072644698.txt (Time: 0.00s)
📦 COPIED from HDD: /media/HDD/Projects/ExpDFS/graph_2500_125000_POWLAW_5258051056098597521.txt -> /home/shahbazk/Projects/DFS_Semi_Streaming/input/random_graphs/graph_2500_125000_POWLAW_5258051056098597521.txt (Time: 0.00s)
📦 COPIED from HDD: /media/HDD/Projects/ExpDFS/graph_2500_125000_POWLAW_6785030173969523435.txt -> /home/shahbazk/Projects/DFS_Semi_Streaming/input/random_graphs/graph_2500_125000_POWLAW_6785030173969523435.txt (Time: 0.00s)
📦 COPIED from HDD: /media/HDD/Projects/ExpDFS/graph_2500_125000_POWLAW_1024517563182776983.txt -> /home/shahbazk/Projects/DFS_Semi_Streaming/input/random_graphs/graph_2500_125000_POWLAW_1024517563182776983.txt (Time: 0.00s)
📦 COPIED from HDD: /media/HDD/Projects/ExpDFS/graph_2000_89442_POWLAW_2264398621601381987.txt -> /home/shahbazk/Projects/DFS_Semi_Streaming/input/random_graphs/graph_2000_89442_POWLAW_2264398621601381987.txt (Time: 0.00s)
📦 COPIED from HDD: /media/HDD/Projects/ExpDFS/graph_2500_125000_POWLAW_3010622984418968408.txt -> /home/shahbazk/Projects/DFS_Semi_Streaming/input/random_graphs/graph_2500_125000_POWLAW_3010622984418968408.txt (Time: 0.00s)
📦 COPIED from HDD: /media/HDD/Projects/ExpDFS/graph_2500_125000_POWLAW_1853590723603270879.txt -> /home/shahbazk/Projects/DFS_Semi_Streaming/input/random_graphs/graph_2500_125000_POWLAW_1853590723603270879.txt (Time: 0.00s)
📦 COPIED from HDD: /media/HDD/Projects/ExpDFS/graph_2500_125000_POWLAW_7706236040662210848.txt -> /home/shahbazk/Projects/DFS_Semi_Streaming/input/random_graphs/graph_2500_125000_POWLAW_7706236040662210848.txt (Time: 0.00s)
📦 COPIED from HDD: /media/HDD/Projects/ExpDFS/graph_2500_125000_POWLAW_5708372698381010775.txt -> /home/shahbazk/Projects/DFS_Semi_Streaming/input/random_graphs/graph_2500_125000_POWLAW_5708372698381010775.txt (Time: 0.00s)
📦 COPIED from HDD: /media/HDD/Projects/ExpDFS/graph_2500_125000_POWLAW_2429002973740178792.txt -> /home/shahbazk/Projects/DFS_Semi_Streaming/input/random_graphs/graph_2500_125000_POWLAW_2429002973740178792.txt (Time: 0.00s)
📦 COPIED from HDD: /media/HDD/Projects/ExpDFS/graph_2500_125000_POWLAW_7473196763798409428.txt -> /home/shahbazk/Projects/DFS_Semi_Streaming/input/random_graphs/graph_2500_125000_POWLAW_7473196763798409428.txt (Time: 0.00s)
📦 COPIED from HDD: /media/HDD/Projects/ExpDFS/graph_2500_125000_POWLAW_6002685213311538187.txt -> /home/shahbazk/Projects/DFS_Semi_Streaming/input/random_graphs/graph_2500_125000_POWLAW_6002685213311538187.txt (Time: 0.00s)
📦 COPIED from HDD: /media/HDD/Projects/ExpDFS/graph_2500_125000_POWLAW_320375091487821987.txt -> /home/shahbazk/Projects/DFS_Semi_Streaming/input/random_graphs/graph_2500_125000_POWLAW_320375091487821987.txt (Time: 0.00s)
📦 COPIED from HDD: /media/HDD/Projects/ExpDFS/graph_2500_125000_POWLAW_3224265581699847191.txt -> /home/shahbazk/Projects/DFS_Semi_Streaming/input/random_graphs/graph_2500_125000_POWLAW_3224265581699847191.txt (Time: 0.00s)
📦 COPIED from HDD: /media/HDD/Projects/ExpDFS/graph_2500_125000_POWLAW_1731523882129807996.txt -> /home/shahbazk/Projects/DFS_Semi_Streaming/input/random_graphs/graph_2500_125000_POWLAW_1731523882129807996.txt (Time: 0.00s)
📦 COPIED from HDD: /media/HDD/Projects/ExpDFS/graph_2500_125000_POWLAW_824387247617288499.txt -> /home/shahbazk/Projects/DFS_Semi_Streaming/input/random_graphs/graph_2500_125000_POWLAW_824387247617288499.txt (Time: 0.00s)
📦 COPIED from HDD: /media/HDD/Projects/ExpDFS/graph_2500_125000_POWLAW_1632192924771168275.txt -> /home/shahbazk/Projects/DFS_Semi_Streaming/input/random_graphs/graph_2500_125000_POWLAW_1632192924771168275.txt (Time: 0.00s)
📦 COPIED from HDD: /media/HDD/Projects/ExpDFS/graph_2500_125000_POWLAW_7146860528564146064.txt -> /home/shahbazk/Projects/DFS_Semi_Streaming/input/random_graphs/graph_2500_125000_POWLAW_7146860528564146064.txt (Time: 0.00s)
📦 COPIED from HDD: /media/HDD/Projects/ExpDFS/graph_2500_125000_POWLAW_4122784633514911760.txt -> /home/shahbazk/Projects/DFS_Semi_Streaming/input/random_graphs/graph_2500_125000_POWLAW_4122784633514911760.txt (Time: 0.00s)
📦 COPIED from HDD: /media/HDD/Projects/ExpDFS/graph_2500_125000_POWLAW_6802378520969450157.txt -> /home/shahbazk/Projects/DFS_Semi_Streaming/input/random_graphs/graph_2500_125000_POWLAW_6802378520969450157.txt (Time: 0.00s)
📦 COPIED from HDD: /media/HDD/Projects/ExpDFS/graph_2500_125000_POWLAW_1647170069535670909.txt -> /home/shahbazk/Projects/DFS_Semi_Streaming/input/random_graphs/graph_2500_125000_POWLAW_1647170069535670909.txt (Time: 0.00s)
📦 COPIED from HDD: /media/HDD/Projects/ExpDFS/graph_2500_125000_POWLAW_4445925461710302877.txt -> /home/shahbazk/Projects/DFS_Semi_Streaming/input/random_graphs/graph_2500_125000_POWLAW_4445925461710302877.txt (Time: 0.00s)
📦 COPIED from HDD: /media/HDD/Projects/ExpDFS/graph_2500_125000_POWLAW_7663871783842725848.txt -> /home/shahbazk/Projects/DFS_Semi_Streaming/input/random_graphs/graph_2500_125000_POWLAW_7663871783842725848.txt (Time: 0.00s)
📦 COPIED from HDD: /media/HDD/Projects/ExpDFS/graph_2500_125000_POWLAW_1250005700364523649.txt -> /home/shahbazk/Projects/DFS_Semi_Streaming/input/random_graphs/graph_2500_125000_POWLAW_1250005700364523649.txt (Time: 0.00s)
📦 COPIED from HDD: /media/HDD/Projects/ExpDFS/graph_2500_125000_POWLAW_1250773459040295677.txt -> /home/shahbazk/Projects/DFS_Semi_Streaming/input/random_graphs/graph_2500_125000_POWLAW_1250773459040295677.txt (Time: 0.00s)
📦 COPIED from HDD: /media/HDD/Projects/ExpDFS/graph_2500_125000_POWLAW_7161906730445628483.txt -> /home/shahbazk/Projects/DFS_Semi_Streaming/input/random_graphs/graph_2500_125000_POWLAW_7161906730445628483.txt (Time: 0.00s)
📦 COPIED from HDD: /media/HDD/Projects/ExpDFS/graph_2500_125000_POWLAW_4552998297316576788.txt -> /home/shahbazk/Projects/DFS_Semi_Streaming/input/random_graphs/graph_2500_125000_POWLAW_4552998297316576788.txt (Time: 0.00s)
📦 COPIED from HDD: /media/HDD/Projects/ExpDFS/graph_2500_125000_POWLAW_521787134863155063.txt -> /home/shahbazk/Projects/DFS_Semi_Streaming/input/random_graphs/graph_2500_125000_POWLAW_521787134863155063.txt (Time: 0.00s)
📦 COPIED from HDD: /media/HDD/Projects/ExpDFS/graph_2500_125000_POWLAW_1309542850049879452.txt -> /home/shahbazk/Projects/DFS_Semi_Streaming/input/random_graphs/graph_2500_125000_POWLAW_1309542850049879452.txt (Time: 0.00s)
📦 COPIED from HDD: /media/HDD/Projects/ExpDFS/graph_2500_125000_POWLAW_5529616217668449934.txt -> /home/shahbazk/Projects/DFS_Semi_Streaming/input/random_graphs/graph_2500_125000_POWLAW_5529616217668449934.txt (Time: 0.00s)
📦 COPIED from HDD: /media/HDD/Projects/ExpDFS/graph_2500_125000_POWLAW_5636411189175451024.txt -> /home/shahbazk/Projects/DFS_Semi_Streaming/input/random_graphs/graph_2500_125000_POWLAW_5636411189175451024.txt (Time: 0.00s)
📦 COPIED from HDD: /media/HDD/Projects/ExpDFS/graph_2500_125000_POWLAW_2909934787168262407.txt -> /home/shahbazk/Projects/DFS_Semi_Streaming/input/random_graphs/graph_2500_125000_POWLAW_2909934787168262407.txt (Time: 0.00s)
📦 COPIED from HDD: /media/HDD/Projects/ExpDFS/graph_2500_125000_POWLAW_8031431416522537101.txt -> /home/shahbazk/Projects/DFS_Semi_Streaming/input/random_graphs/graph_2500_125000_POWLAW_8031431416522537101.txt (Time: 0.00s)
📦 COPIED from HDD: /media/HDD/Projects/ExpDFS/graph_2500_125000_POWLAW_4997514996153925447.txt -> /home/shahbazk/Projects/DFS_Semi_Streaming/input/random_graphs/graph_2500_125000_POWLAW_4997514996153925447.txt (Time: 0.00s)
📦 COPIED from HDD: /media/HDD/Projects/ExpDFS/graph_2500_125000_POWLAW_6022436717541034636.txt -> /home/shahbazk/Projects/DFS_Semi_Streaming/input/random_graphs/graph_2500_125000_POWLAW_6022436717541034636.txt (Time: 0.00s)
📦 COPIED from HDD: /media/HDD/Projects/ExpDFS/graph_2500_125000_POWLAW_3438400432146115956.txt -> /home/shahbazk/Projects/DFS_Semi_Streaming/input/random_graphs/graph_2500_125000_POWLAW_3438400432146115956.txt (Time: 0.00s)
📦 COPIED from HDD: /media/HDD/Projects/ExpDFS/graph_2500_125000_POWLAW_7921282862123281598.txt -> /home/shahbazk/Projects/DFS_Semi_Streaming/input/random_graphs/graph_2500_125000_POWLAW_7921282862123281598.txt (Time: 0.00s)
📦 COPIED from HDD: /media/HDD/Projects/ExpDFS/graph_2500_125000_POWLAW_7917045922527545890.txt -> /home/shahbazk/Projects/DFS_Semi_Streaming/input/random_graphs/graph_2500_125000_POWLAW_7917045922527545890.txt (Time: 0.00s)
📦 COPIED from HDD: /media/HDD/Projects/ExpDFS/graph_2500_125000_POWLAW_3865339568260874865.txt -> /home/shahbazk/Projects/DFS_Semi_Streaming/input/random_graphs/graph_2500_125000_POWLAW_3865339568260874865.txt (Time: 0.00s)
📦 COPIED from HDD: /media/HDD/Projects/ExpDFS/graph_2500_125000_POWLAW_5906957480796939447.txt -> /home/shahbazk/Projects/DFS_Semi_Streaming/input/random_graphs/graph_2500_125000_POWLAW_5906957480796939447.txt (Time: 0.00s)
📦 COPIED from HDD: /media/HDD/Projects/ExpDFS/graph_2500_125000_POWLAW_1128313391724783137.txt -> /home/shahbazk/Projects/DFS_Semi_Streaming/input/random_graphs/graph_2500_125000_POWLAW_1128313391724783137.txt (Time: 0.00s)
📦 COPIED from HDD: /media/HDD/Projects/ExpDFS/graph_2500_125000_POWLAW_6529943913552561417.txt -> /home/shahbazk/Projects/DFS_Semi_Streaming/input/random_graphs/graph_2500_125000_POWLAW_6529943913552561417.txt (Time: 0.00s)
📦 COPIED from HDD: /media/HDD/Projects/ExpDFS/graph_2500_125000_POWLAW_8718380604043999642.txt -> /home/shahbazk/Projects/DFS_Semi_Streaming/input/random_graphs/graph_2500_125000_POWLAW_8718380604043999642.txt (Time: 0.00s)
📦 COPIED from HDD: /media/HDD/Projects/ExpDFS/graph_2500_125000_POWLAW_6224222471595207695.txt -> /home/shahbazk/Projects/DFS_Semi_Streaming/input/random_graphs/graph_2500_125000_POWLAW_6224222471595207695.txt (Time: 0.00s)
📦 COPIED from HDD: /media/HDD/Projects/ExpDFS/graph_2500_125000_POWLAW_199422815561151340.txt -> /home/shahbazk/Projects/DFS_Semi_Streaming/input/random_graphs/graph_2500_125000_POWLAW_199422815561151340.txt (Time: 0.00s)
📦 COPIED from HDD: /media/HDD/Projects/ExpDFS/graph_2500_125000_POWLAW_3713827327871807734.txt -> /home/shahbazk/Projects/DFS_Semi_Streaming/input/random_graphs/graph_2500_125000_POWLAW_3713827327871807734.txt (Time: 0.00s)
📦 COPIED from HDD: /media/HDD/Projects/ExpDFS/graph_2500_125000_POWLAW_6143643868734370809.txt -> /home/shahbazk/Projects/DFS_Semi_Streaming/input/random_graphs/graph_2500_125000_POWLAW_6143643868734370809.txt (Time: 0.00s)
📦 COPIED from HDD: /media/HDD/Projects/ExpDFS/graph_2500_125000_POWLAW_5349491008325879064.txt -> /home/shahbazk/Projects/DFS_Semi_Streaming/input/random_graphs/graph_2500_125000_POWLAW_5349491008325879064.txt (Time: 0.00s)
📦 COPIED from HDD: /media/HDD/Projects/ExpDFS/graph_2500_125000_POWLAW_6614505080519948832.txt -> /home/shahbazk/Projects/DFS_Semi_Streaming/input/random_graphs/graph_2500_125000_POWLAW_6614505080519948832.txt (Time: 0.00s)
📦 COPIED from HDD: /media/HDD/Projects/ExpDFS/graph_2500_125000_POWLAW_3272308573967577038.txt -> /home/shahbazk/Projects/DFS_Semi_Streaming/input/random_graphs/graph_2500_125000_POWLAW_3272308573967577038.txt (Time: 0.00s)
📦 COPIED from HDD: /media/HDD/Projects/ExpDFS/graph_2500_125000_POWLAW_8446481348147407377.txt -> /home/shahbazk/Projects/DFS_Semi_Streaming/input/random_graphs/graph_2500_125000_POWLAW_8446481348147407377.txt (Time: 0.00s)
📦 COPIED from HDD: /media/HDD/Projects/ExpDFS/graph_2500_125000_POWLAW_175493991617213850.txt -> /home/shahbazk/Projects/DFS_Semi_Streaming/input/random_graphs/graph_2500_125000_POWLAW_175493991617213850.txt (Time: 0.00s)
📦 COPIED from HDD: /media/HDD/Projects/ExpDFS/graph_2500_125000_POWLAW_9130666990809746335.txt -> /home/shahbazk/Projects/DFS_Semi_Streaming/input/random_graphs/graph_2500_125000_POWLAW_9130666990809746335.txt (Time: 0.00s)
📦 COPIED from HDD: /media/HDD/Projects/ExpDFS/graph_2500_125000_POWLAW_7938560551762094560.txt -> /home/shahbazk/Projects/DFS_Semi_Streaming/input/random_graphs/graph_2500_125000_POWLAW_7938560551762094560.txt (Time: 0.00s)
📦 COPIED from HDD: /media/HDD/Projects/ExpDFS/graph_2500_125000_POWLAW_8794274795737982182.txt -> /home/shahbazk/Projects/DFS_Semi_Streaming/input/random_graphs/graph_2500_125000_POWLAW_8794274795737982182.txt (Time: 0.00s)
📦 COPIED from HDD: /media/HDD/Projects/ExpDFS/graph_2500_125000_POWLAW_1170385908854608748.txt -> /home/shahbazk/Projects/DFS_Semi_Streaming/input/random_graphs/graph_2500_125000_POWLAW_1170385908854608748.txt (Time: 0.00s)
📦 COPIED from HDD: /media/HDD/Projects/ExpDFS/graph_2500_125000_POWLAW_3817405844514670994.txt -> /home/shahbazk/Projects/DFS_Semi_Streaming/input/random_graphs/graph_2500_125000_POWLAW_3817405844514670994.txt (Time: 0.07s)
📦 COPIED from HDD: /media/HDD/Projects/ExpDFS/graph_2500_125000_POWLAW_8626102704817790064.txt -> /home/shahbazk/Projects/DFS_Semi_Streaming/input/random_graphs/graph_2500_125000_POWLAW_8626102704817790064.txt (Time: 0.08s)
📦 COPIED from HDD: /media/HDD/Projects/ExpDFS/graph_2500_125000_POWLAW_6764066939395682287.txt -> /home/shahbazk/Projects/DFS_Semi_Streaming/input/random_graphs/graph_2500_125000_POWLAW_6764066939395682287.txt (Time: 0.07s)
📦 COPIED from HDD: /media/HDD/Projects/ExpDFS/graph_2500_125000_POWLAW_1458186392400727732.txt -> /home/shahbazk/Projects/DFS_Semi_Streaming/input/random_graphs/graph_2500_125000_POWLAW_1458186392400727732.txt (Time: 0.01s)
📦 COPIED from HDD: /media/HDD/Projects/ExpDFS/graph_2500_125000_POWLAW_716820155901718944.txt -> /home/shahbazk/Projects/DFS_Semi_Streaming/input/random_graphs/graph_2500_125000_POWLAW_716820155901718944.txt (Time: 0.04s)
📦 COPIED from HDD: /media/HDD/Projects/ExpDFS/graph_2500_125000_POWLAW_5063475852268941542.txt -> /home/shahbazk/Projects/DFS_Semi_Streaming/input/random_graphs/graph_2500_125000_POWLAW_5063475852268941542.txt (Time: 0.00s)
📦 COPIED from HDD: /media/HDD/Projects/ExpDFS/graph_2500_125000_POWLAW_1392892770529522614.txt -> /home/shahbazk/Projects/DFS_Semi_Streaming/input/random_graphs/graph_2500_125000_POWLAW_1392892770529522614.txt (Time: 0.00s)
📦 COPIED from HDD: /media/HDD/Projects/ExpDFS/graph_2500_125000_POWLAW_4250897495980125004.txt -> /home/shahbazk/Projects/DFS_Semi_Streaming/input/random_graphs/graph_2500_125000_POWLAW_4250897495980125004.txt (Time: 0.00s)
📦 COPIED from HDD: /media/HDD/Projects/ExpDFS/graph_2500_125000_POWLAW_5108599054664628607.txt -> /home/shahbazk/Projects/DFS_Semi_Streaming/input/random_graphs/graph_2500_125000_POWLAW_5108599054664628607.txt (Time: 0.00s)
📦 COPIED from HDD: /media/HDD/Projects/ExpDFS/graph_2500_125000_POWLAW_2089506265998900862.txt -> /home/shahbazk/Projects/DFS_Semi_Streaming/input/random_graphs/graph_2500_125000_POWLAW_2089506265998900862.txt (Time: 0.00s)
📦 COPIED from HDD: /media/HDD/Projects/ExpDFS/graph_2500_125000_POWLAW_8448596294177070022.txt -> /home/shahbazk/Projects/DFS_Semi_Streaming/input/random_graphs/graph_2500_125000_POWLAW_8448596294177070022.txt (Time: 0.00s)
📦 COPIED from HDD: /media/HDD/Projects/ExpDFS/graph_2500_125000_POWLAW_4795749165124911768.txt -> /home/shahbazk/Projects/DFS_Semi_Streaming/input/random_graphs/graph_2500_125000_POWLAW_4795749165124911768.txt (Time: 0.00s)
📦 COPIED from HDD: /media/HDD/Projects/ExpDFS/graph_2500_125000_POWLAW_4934890601268679176.txt -> /home/shahbazk/Projects/DFS_Semi_Streaming/input/random_graphs/graph_2500_125000_POWLAW_4934890601268679176.txt (Time: 0.00s)
📦 COPIED from HDD: /media/HDD/Projects/ExpDFS/graph_2500_125000_POWLAW_9060210648189963449.txt -> /home/shahbazk/Projects/DFS_Semi_Streaming/input/random_graphs/graph_2500_125000_POWLAW_9060210648189963449.txt (Time: 0.00s)
📦 COPIED from HDD: /media/HDD/Projects/ExpDFS/graph_2500_125000_POWLAW_7644420139408884785.txt -> /home/shahbazk/Projects/DFS_Semi_Streaming/input/random_graphs/graph_2500_125000_POWLAW_7644420139408884785.txt (Time: 0.00s)
📦 COPIED from HDD: /media/HDD/Projects/ExpDFS/graph_2500_125000_POWLAW_1332005502874566195.txt -> /home/shahbazk/Projects/DFS_Semi_Streaming/input/random_graphs/graph_2500_125000_POWLAW_1332005502874566195.txt (Time: 0.00s)
📦 COPIED from HDD: /media/HDD/Projects/ExpDFS/graph_2500_125000_POWLAW_7905487461282246979.txt -> /home/shahbazk/Projects/DFS_Semi_Streaming/input/random_graphs/graph_2500_125000_POWLAW_7905487461282246979.txt (Time: 0.00s)
📦 COPIED from HDD: /media/HDD/Projects/ExpDFS/graph_2500_125000_POWLAW_8867616339855336876.txt -> /home/shahbazk/Projects/DFS_Semi_Streaming/input/random_graphs/graph_2500_125000_POWLAW_8867616339855336876.txt (Time: 0.00s)
📦 COPIED from HDD: /media/HDD/Projects/ExpDFS/graph_2500_125000_POWLAW_5497874167834979553.txt -> /home/shahbazk/Projects/DFS_Semi_Streaming/input/random_graphs/graph_2500_125000_POWLAW_5497874167834979553.txt (Time: 0.00s)
📦 COPIED from HDD: /media/HDD/Projects/ExpDFS/graph_2500_125000_POWLAW_4060584409398689268.txt -> /home/shahbazk/Projects/DFS_Semi_Streaming/input/random_graphs/graph_2500_125000_POWLAW_4060584409398689268.txt (Time: 0.00s)
📦 COPIED from HDD: /media/HDD/Projects/ExpDFS/graph_3000_164316_POWLAW_1353182403971399009.txt -> /home/shahbazk/Projects/DFS_Semi_Streaming/input/random_graphs/graph_3000_164316_POWLAW_1353182403971399009.txt (Time: 0.00s)
📦 COPIED from HDD: /media/HDD/Projects/ExpDFS/graph_3000_164316_POWLAW_3881801951614183357.txt -> /home/shahbazk/Projects/DFS_Semi_Streaming/input/random_graphs/graph_3000_164316_POWLAW_3881801951614183357.txt (Time: 0.00s)
📦 COPIED from HDD: /media/HDD/Projects/ExpDFS/graph_3000_164316_POWLAW_7871178979383552919.txt -> /home/shahbazk/Projects/DFS_Semi_Streaming/input/random_graphs/graph_3000_164316_POWLAW_7871178979383552919.txt (Time: 0.00s)
📦 COPIED from HDD: /media/HDD/Projects/ExpDFS/graph_3000_164316_POWLAW_4040737767143389431.txt -> /home/shahbazk/Projects/DFS_Semi_Streaming/input/random_graphs/graph_3000_164316_POWLAW_4040737767143389431.txt (Time: 0.00s)
📦 COPIED from HDD: /media/HDD/Projects/ExpDFS/graph_3000_164316_POWLAW_1250005700364523649.txt -> /home/shahbazk/Projects/DFS_Semi_Streaming/input/random_graphs/graph_3000_164316_POWLAW_1250005700364523649.txt (Time: 0.00s)
📦 COPIED from HDD: /media/HDD/Projects/ExpDFS/graph_3000_164316_POWLAW_7663871783842725848.txt -> /home/shahbazk/Projects/DFS_Semi_Streaming/input/random_graphs/graph_3000_164316_POWLAW_7663871783842725848.txt (Time: 0.00s)
📦 COPIED from HDD: /media/HDD/Projects/ExpDFS/graph_3000_164316_POWLAW_6522163754831416203.txt -> /home/shahbazk/Projects/DFS_Semi_Streaming/input/random_graphs/graph_3000_164316_POWLAW_6522163754831416203.txt (Time: 0.00s)
📦 COPIED from HDD: /media/HDD/Projects/ExpDFS/graph_2500_125000_POWLAW_7983805977214098674.txt -> /home/shahbazk/Projects/DFS_Semi_Streaming/input/random_graphs/graph_2500_125000_POWLAW_7983805977214098674.txt (Time: 0.00s)
📦 COPIED from HDD: /media/HDD/Projects/ExpDFS/graph_3000_164316_POWLAW_6938562734920028532.txt -> /home/shahbazk/Projects/DFS_Semi_Streaming/input/random_graphs/graph_3000_164316_POWLAW_6938562734920028532.txt (Time: 0.00s)
📦 COPIED from HDD: /media/HDD/Projects/ExpDFS/graph_3000_164316_POWLAW_7032710160631691991.txt -> /home/shahbazk/Projects/DFS_Semi_Streaming/input/random_graphs/graph_3000_164316_POWLAW_7032710160631691991.txt (Time: 0.00s)
📦 COPIED from HDD: /media/HDD/Projects/ExpDFS/graph_3000_164316_POWLAW_7599700178212337699.txt -> /home/shahbazk/Projects/DFS_Semi_Streaming/input/random_graphs/graph_3000_164316_POWLAW_7599700178212337699.txt (Time: 0.00s)
📦 COPIED from HDD: /media/HDD/Projects/ExpDFS/graph_3000_164316_POWLAW_5739955973604961613.txt -> /home/shahbazk/Projects/DFS_Semi_Streaming/input/random_graphs/graph_3000_164316_POWLAW_5739955973604961613.txt (Time: 0.00s)
📦 COPIED from HDD: /media/HDD/Projects/ExpDFS/graph_2500_125000_POWLAW_1722224698700348310.txt -> /home/shahbazk/Projects/DFS_Semi_Streaming/input/random_graphs/graph_2500_125000_POWLAW_1722224698700348310.txt (Time: 0.00s)
📦 COPIED from HDD: /media/HDD/Projects/ExpDFS/graph_2500_125000_POWLAW_7449662661572224354.txt -> /home/shahbazk/Projects/DFS_Semi_Streaming/input/random_graphs/graph_2500_125000_POWLAW_7449662661572224354.txt (Time: 0.00s)
📦 COPIED from HDD: /media/HDD/Projects/ExpDFS/graph_3000_164316_POWLAW_1070244953599069350.txt -> /home/shahbazk/Projects/DFS_Semi_Streaming/input/random_graphs/graph_3000_164316_POWLAW_1070244953599069350.txt (Time: 0.00s)
📦 COPIED from HDD: /media/HDD/Projects/ExpDFS/graph_3000_164316_POWLAW_2429002973740178792.txt -> /home/shahbazk/Projects/DFS_Semi_Streaming/input/random_graphs/graph_3000_164316_POWLAW_2429002973740178792.txt (Time: 0.00s)
📦 COPIED from HDD: /media/HDD/Projects/ExpDFS/graph_3000_164316_POWLAW_1250773459040295677.txt -> /home/shahbazk/Projects/DFS_Semi_Streaming/input/random_graphs/graph_3000_164316_POWLAW_1250773459040295677.txt (Time: 0.00s)
📦 COPIED from HDD: /media/HDD/Projects/ExpDFS/graph_2500_125000_POWLAW_2264398621601381987.txt -> /home/shahbazk/Projects/DFS_Semi_Streaming/input/random_graphs/graph_2500_125000_POWLAW_2264398621601381987.txt (Time: 0.00s)
📦 COPIED from HDD: /media/HDD/Projects/ExpDFS/graph_2500_125000_POWLAW_7632458674696225362.txt -> /home/shahbazk/Projects/DFS_Semi_Streaming/input/random_graphs/graph_2500_125000_POWLAW_7632458674696225362.txt (Time: 0.00s)
📦 COPIED from HDD: /media/HDD/Projects/ExpDFS/graph_2500_125000_POWLAW_9059990922233379852.txt -> /home/shahbazk/Projects/DFS_Semi_Streaming/input/random_graphs/graph_2500_125000_POWLAW_9059990922233379852.txt (Time: 0.00s)
📦 COPIED from HDD: /media/HDD/Projects/ExpDFS/graph_2500_125000_POWLAW_5894893360759659423.txt -> /home/shahbazk/Projects/DFS_Semi_Streaming/input/random_graphs/graph_2500_125000_POWLAW_5894893360759659423.txt (Time: 0.00s)
📦 COPIED from HDD: /media/HDD/Projects/ExpDFS/graph_2500_125000_POWLAW_7118744415197196276.txt -> /home/shahbazk/Projects/DFS_Semi_Streaming/input/random_graphs/graph_2500_125000_POWLAW_7118744415197196276.txt (Time: 0.00s)
📦 COPIED from HDD: /media/HDD/Projects/ExpDFS/graph_3000_164316_POWLAW_6230961512046992311.txt -> /home/shahbazk/Projects/DFS_Semi_Streaming/input/random_graphs/graph_3000_164316_POWLAW_6230961512046992311.txt (Time: 0.00s)
📦 COPIED from HDD: /media/HDD/Projects/ExpDFS/graph_3000_164316_POWLAW_1309542850049879452.txt -> /home/shahbazk/Projects/DFS_Semi_Streaming/input/random_graphs/graph_3000_164316_POWLAW_1309542850049879452.txt (Time: 0.00s)
📦 COPIED from HDD: /media/HDD/Projects/ExpDFS/graph_3000_164316_POWLAW_3438400432146115956.txt -> /home/shahbazk/Projects/DFS_Semi_Streaming/input/random_graphs/graph_3000_164316_POWLAW_3438400432146115956.txt (Time: 0.00s)
📦 COPIED from HDD: /media/HDD/Projects/ExpDFS/graph_3000_164316_POWLAW_1731523882129807996.txt -> /home/shahbazk/Projects/DFS_Semi_Streaming/input/random_graphs/graph_3000_164316_POWLAW_1731523882129807996.txt (Time: 0.00s)
📦 COPIED from HDD: /media/HDD/Projects/ExpDFS/graph_3000_164316_POWLAW_3224265581699847191.txt -> /home/shahbazk/Projects/DFS_Semi_Streaming/input/random_graphs/graph_3000_164316_POWLAW_3224265581699847191.txt (Time: 0.00s)
📦 COPIED from HDD: /media/HDD/Projects/ExpDFS/graph_2500_125000_POWLAW_4940913311242578590.txt -> /home/shahbazk/Projects/DFS_Semi_Streaming/input/random_graphs/graph_2500_125000_POWLAW_4940913311242578590.txt (Time: 0.00s)
📦 COPIED from HDD: /media/HDD/Projects/ExpDFS/graph_3000_164316_POWLAW_521787134863155063.txt -> /home/shahbazk/Projects/DFS_Semi_Streaming/input/random_graphs/graph_3000_164316_POWLAW_521787134863155063.txt (Time: 0.00s)
📦 COPIED from HDD: /media/HDD/Projects/ExpDFS/graph_3000_164316_POWLAW_5142811650494845597.txt -> /home/shahbazk/Projects/DFS_Semi_Streaming/input/random_graphs/graph_3000_164316_POWLAW_5142811650494845597.txt (Time: 0.00s)
📦 COPIED from HDD: /media/HDD/Projects/ExpDFS/graph_3000_164316_POWLAW_5258051056098597521.txt -> /home/shahbazk/Projects/DFS_Semi_Streaming/input/random_graphs/graph_3000_164316_POWLAW_5258051056098597521.txt (Time: 0.00s)
📦 COPIED from HDD: /media/HDD/Projects/ExpDFS/graph_3000_164316_POWLAW_7146860528564146064.txt -> /home/shahbazk/Projects/DFS_Semi_Streaming/input/random_graphs/graph_3000_164316_POWLAW_7146860528564146064.txt (Time: 0.00s)
📦 COPIED from HDD: /media/HDD/Projects/ExpDFS/graph_3000_164316_POWLAW_6002685213311538187.txt -> /home/shahbazk/Projects/DFS_Semi_Streaming/input/random_graphs/graph_3000_164316_POWLAW_6002685213311538187.txt (Time: 0.00s)
📦 COPIED from HDD: /media/HDD/Projects/ExpDFS/graph_3000_164316_POWLAW_5139481885857321791.txt -> /home/shahbazk/Projects/DFS_Semi_Streaming/input/random_graphs/graph_3000_164316_POWLAW_5139481885857321791.txt (Time: 0.00s)
📦 COPIED from HDD: /media/HDD/Projects/ExpDFS/graph_3000_164316_POWLAW_320375091487821987.txt -> /home/shahbazk/Projects/DFS_Semi_Streaming/input/random_graphs/graph_3000_164316_POWLAW_320375091487821987.txt (Time: 0.00s)
📦 COPIED from HDD: /media/HDD/Projects/ExpDFS/graph_3000_164316_POWLAW_1853590723603270879.txt -> /home/shahbazk/Projects/DFS_Semi_Streaming/input/random_graphs/graph_3000_164316_POWLAW_1853590723603270879.txt (Time: 0.00s)
📦 COPIED from HDD: /media/HDD/Projects/ExpDFS/graph_3000_164316_POWLAW_5529616217668449934.txt -> /home/shahbazk/Projects/DFS_Semi_Streaming/input/random_graphs/graph_3000_164316_POWLAW_5529616217668449934.txt (Time: 0.00s)
📦 COPIED from HDD: /media/HDD/Projects/ExpDFS/graph_2500_125000_POWLAW_3221421291694197220.txt -> /home/shahbazk/Projects/DFS_Semi_Streaming/input/random_graphs/graph_2500_125000_POWLAW_3221421291694197220.txt (Time: 0.00s)
📦 COPIED from HDD: /media/HDD/Projects/ExpDFS/graph_3000_164316_POWLAW_3010622984418968408.txt -> /home/shahbazk/Projects/DFS_Semi_Streaming/input/random_graphs/graph_3000_164316_POWLAW_3010622984418968408.txt (Time: 0.00s)
📦 COPIED from HDD: /media/HDD/Projects/ExpDFS/graph_3000_164316_POWLAW_7473196763798409428.txt -> /home/shahbazk/Projects/DFS_Semi_Streaming/input/random_graphs/graph_3000_164316_POWLAW_7473196763798409428.txt (Time: 0.00s)
📦 COPIED from HDD: /media/HDD/Projects/ExpDFS/graph_3000_164316_POWLAW_6785030173969523435.txt -> /home/shahbazk/Projects/DFS_Semi_Streaming/input/random_graphs/graph_3000_164316_POWLAW_6785030173969523435.txt (Time: 0.00s)
📦 COPIED from HDD: /media/HDD/Projects/ExpDFS/graph_3000_164316_POWLAW_5906957480796939447.txt -> /home/shahbazk/Projects/DFS_Semi_Streaming/input/random_graphs/graph_3000_164316_POWLAW_5906957480796939447.txt (Time: 0.00s)
📦 COPIED from HDD: /media/HDD/Projects/ExpDFS/graph_3000_164316_POWLAW_1632192924771168275.txt -> /home/shahbazk/Projects/DFS_Semi_Streaming/input/random_graphs/graph_3000_164316_POWLAW_1632192924771168275.txt (Time: 0.00s)
📦 COPIED from HDD: /media/HDD/Projects/ExpDFS/graph_3000_164316_POWLAW_5708372698381010775.txt -> /home/shahbazk/Projects/DFS_Semi_Streaming/input/random_graphs/graph_3000_164316_POWLAW_5708372698381010775.txt (Time: 0.00s)
📦 COPIED from HDD: /media/HDD/Projects/ExpDFS/graph_3000_164316_POWLAW_7706236040662210848.txt -> /home/shahbazk/Projects/DFS_Semi_Streaming/input/random_graphs/graph_3000_164316_POWLAW_7706236040662210848.txt (Time: 0.00s)
📦 COPIED from HDD: /media/HDD/Projects/ExpDFS/graph_3000_164316_POWLAW_7029781962072644698.txt -> /home/shahbazk/Projects/DFS_Semi_Streaming/input/random_graphs/graph_3000_164316_POWLAW_7029781962072644698.txt (Time: 0.00s)
📦 COPIED from HDD: /media/HDD/Projects/ExpDFS/graph_3000_164316_POWLAW_4122784633514911760.txt -> /home/shahbazk/Projects/DFS_Semi_Streaming/input/random_graphs/graph_3000_164316_POWLAW_4122784633514911760.txt (Time: 0.00s)
📦 COPIED from HDD: /media/HDD/Projects/ExpDFS/graph_2500_125000_POWLAW_1992204328026194281.txt -> /home/shahbazk/Projects/DFS_Semi_Streaming/input/random_graphs/graph_2500_125000_POWLAW_1992204328026194281.txt (Time: 0.00s)
📦 COPIED from HDD: /media/HDD/Projects/ExpDFS/graph_3000_164316_POWLAW_6802378520969450157.txt -> /home/shahbazk/Projects/DFS_Semi_Streaming/input/random_graphs/graph_3000_164316_POWLAW_6802378520969450157.txt (Time: 0.00s)
📦 COPIED from HDD: /media/HDD/Projects/ExpDFS/graph_3000_164316_POWLAW_7161906730445628483.txt -> /home/shahbazk/Projects/DFS_Semi_Streaming/input/random_graphs/graph_3000_164316_POWLAW_7161906730445628483.txt (Time: 0.00s)
📦 COPIED from HDD: /media/HDD/Projects/ExpDFS/graph_3000_164316_POWLAW_5636411189175451024.txt -> /home/shahbazk/Projects/DFS_Semi_Streaming/input/random_graphs/graph_3000_164316_POWLAW_5636411189175451024.txt (Time: 0.00s)
📦 COPIED from HDD: /media/HDD/Projects/ExpDFS/graph_3000_164316_POWLAW_1024517563182776983.txt -> /home/shahbazk/Projects/DFS_Semi_Streaming/input/random_graphs/graph_3000_164316_POWLAW_1024517563182776983.txt (Time: 0.00s)
📦 COPIED from HDD: /media/HDD/Projects/ExpDFS/graph_3000_164316_POWLAW_5349491008325879064.txt -> /home/shahbazk/Projects/DFS_Semi_Streaming/input/random_graphs/graph_3000_164316_POWLAW_5349491008325879064.txt (Time: 0.00s)
📦 COPIED from HDD: /media/HDD/Projects/ExpDFS/graph_3000_164316_POWLAW_824387247617288499.txt -> /home/shahbazk/Projects/DFS_Semi_Streaming/input/random_graphs/graph_3000_164316_POWLAW_824387247617288499.txt (Time: 0.00s)
📦 COPIED from HDD: /media/HDD/Projects/ExpDFS/graph_3000_164316_POWLAW_8031431416522537101.txt -> /home/shahbazk/Projects/DFS_Semi_Streaming/input/random_graphs/graph_3000_164316_POWLAW_8031431416522537101.txt (Time: 0.00s)
📦 COPIED from HDD: /media/HDD/Projects/ExpDFS/graph_3000_164316_POWLAW_7938560551762094560.txt -> /home/shahbazk/Projects/DFS_Semi_Streaming/input/random_graphs/graph_3000_164316_POWLAW_7938560551762094560.txt (Time: 0.00s)
📦 COPIED from HDD: /media/HDD/Projects/ExpDFS/graph_2500_125000_POWLAW_2718103348384927511.txt -> /home/shahbazk/Projects/DFS_Semi_Streaming/input/random_graphs/graph_2500_125000_POWLAW_2718103348384927511.txt (Time: 0.00s)
📦 COPIED from HDD: /media/HDD/Projects/ExpDFS/graph_3000_164316_POWLAW_3865339568260874865.txt -> /home/shahbazk/Projects/DFS_Semi_Streaming/input/random_graphs/graph_3000_164316_POWLAW_3865339568260874865.txt (Time: 0.00s)
📦 COPIED from HDD: /media/HDD/Projects/ExpDFS/graph_3000_164316_POWLAW_3272308573967577038.txt -> /home/shahbazk/Projects/DFS_Semi_Streaming/input/random_graphs/graph_3000_164316_POWLAW_3272308573967577038.txt (Time: 0.00s)
📦 COPIED from HDD: /media/HDD/Projects/ExpDFS/graph_3000_164316_POWLAW_6614505080519948832.txt -> /home/shahbazk/Projects/DFS_Semi_Streaming/input/random_graphs/graph_3000_164316_POWLAW_6614505080519948832.txt (Time: 0.00s)
📦 COPIED from HDD: /media/HDD/Projects/ExpDFS/graph_3000_164316_POWLAW_1647170069535670909.txt -> /home/shahbazk/Projects/DFS_Semi_Streaming/input/random_graphs/graph_3000_164316_POWLAW_1647170069535670909.txt (Time: 0.00s)
📦 COPIED from HDD: /media/HDD/Projects/ExpDFS/graph_3000_164316_POWLAW_6143643868734370809.txt -> /home/shahbazk/Projects/DFS_Semi_Streaming/input/random_graphs/graph_3000_164316_POWLAW_6143643868734370809.txt (Time: 0.00s)
📦 COPIED from HDD: /media/HDD/Projects/ExpDFS/graph_3000_164316_POWLAW_4445925461710302877.txt -> /home/shahbazk/Projects/DFS_Semi_Streaming/input/random_graphs/graph_3000_164316_POWLAW_4445925461710302877.txt (Time: 0.00s)
📦 COPIED from HDD: /media/HDD/Projects/ExpDFS/graph_3000_164316_POWLAW_7917045922527545890.txt -> /home/shahbazk/Projects/DFS_Semi_Streaming/input/random_graphs/graph_3000_164316_POWLAW_7917045922527545890.txt (Time: 0.01s)
📦 COPIED from HDD: /media/HDD/Projects/ExpDFS/graph_3000_164316_POWLAW_6529943913552561417.txt -> /home/shahbazk/Projects/DFS_Semi_Streaming/input/random_graphs/graph_3000_164316_POWLAW_6529943913552561417.txt (Time: 0.00s)
📦 COPIED from HDD: /media/HDD/Projects/ExpDFS/graph_3000_164316_POWLAW_7921282862123281598.txt -> /home/shahbazk/Projects/DFS_Semi_Streaming/input/random_graphs/graph_3000_164316_POWLAW_7921282862123281598.txt (Time: 0.00s)
📦 COPIED from HDD: /media/HDD/Projects/ExpDFS/graph_3000_164316_POWLAW_6224222471595207695.txt -> /home/shahbazk/Projects/DFS_Semi_Streaming/input/random_graphs/graph_3000_164316_POWLAW_6224222471595207695.txt (Time: 0.00s)
📦 COPIED from HDD: /media/HDD/Projects/ExpDFS/graph_3000_164316_POWLAW_8718380604043999642.txt -> /home/shahbazk/Projects/DFS_Semi_Streaming/input/random_graphs/graph_3000_164316_POWLAW_8718380604043999642.txt (Time: 0.00s)
📦 COPIED from HDD: /media/HDD/Projects/ExpDFS/graph_3000_164316_POWLAW_4552998297316576788.txt -> /home/shahbazk/Projects/DFS_Semi_Streaming/input/random_graphs/graph_3000_164316_POWLAW_4552998297316576788.txt (Time: 0.00s)
📦 COPIED from HDD: /media/HDD/Projects/ExpDFS/graph_3000_164316_POWLAW_3817405844514670994.txt -> /home/shahbazk/Projects/DFS_Semi_Streaming/input/random_graphs/graph_3000_164316_POWLAW_3817405844514670994.txt (Time: 0.00s)
📦 COPIED from HDD: /media/HDD/Projects/ExpDFS/graph_3000_164316_POWLAW_9130666990809746335.txt -> /home/shahbazk/Projects/DFS_Semi_Streaming/input/random_graphs/graph_3000_164316_POWLAW_9130666990809746335.txt (Time: 0.00s)
📦 COPIED from HDD: /media/HDD/Projects/ExpDFS/graph_3000_164316_POWLAW_1458186392400727732.txt -> /home/shahbazk/Projects/DFS_Semi_Streaming/input/random_graphs/graph_3000_164316_POWLAW_1458186392400727732.txt (Time: 0.00s)
📦 COPIED from HDD: /media/HDD/Projects/ExpDFS/graph_3000_164316_POWLAW_1170385908854608748.txt -> /home/shahbazk/Projects/DFS_Semi_Streaming/input/random_graphs/graph_3000_164316_POWLAW_1170385908854608748.txt (Time: 0.00s)
📦 COPIED from HDD: /media/HDD/Projects/ExpDFS/graph_3000_164316_POWLAW_4997514996153925447.txt -> /home/shahbazk/Projects/DFS_Semi_Streaming/input/random_graphs/graph_3000_164316_POWLAW_4997514996153925447.txt (Time: 0.00s)
📦 COPIED from HDD: /media/HDD/Projects/ExpDFS/graph_3000_164316_POWLAW_5108599054664628607.txt -> /home/shahbazk/Projects/DFS_Semi_Streaming/input/random_graphs/graph_3000_164316_POWLAW_5108599054664628607.txt (Time: 0.00s)
📦 COPIED from HDD: /media/HDD/Projects/ExpDFS/graph_3000_164316_POWLAW_8446481348147407377.txt -> /home/shahbazk/Projects/DFS_Semi_Streaming/input/random_graphs/graph_3000_164316_POWLAW_8446481348147407377.txt (Time: 0.00s)
📦 COPIED from HDD: /media/HDD/Projects/ExpDFS/graph_3000_164316_POWLAW_2089506265998900862.txt -> /home/shahbazk/Projects/DFS_Semi_Streaming/input/random_graphs/graph_3000_164316_POWLAW_2089506265998900862.txt (Time: 0.00s)
📦 COPIED from HDD: /media/HDD/Projects/ExpDFS/graph_3000_164316_POWLAW_5063475852268941542.txt -> /home/shahbazk/Projects/DFS_Semi_Streaming/input/random_graphs/graph_3000_164316_POWLAW_5063475852268941542.txt (Time: 0.00s)
📦 COPIED from HDD: /media/HDD/Projects/ExpDFS/graph_3000_164316_POWLAW_3713827327871807734.txt -> /home/shahbazk/Projects/DFS_Semi_Streaming/input/random_graphs/graph_3000_164316_POWLAW_3713827327871807734.txt (Time: 0.00s)
📦 COPIED from HDD: /media/HDD/Projects/ExpDFS/graph_3000_164316_POWLAW_1128313391724783137.txt -> /home/shahbazk/Projects/DFS_Semi_Streaming/input/random_graphs/graph_3000_164316_POWLAW_1128313391724783137.txt (Time: 0.00s)
📦 COPIED from HDD: /media/HDD/Projects/ExpDFS/graph_3000_164316_POWLAW_6022436717541034636.txt -> /home/shahbazk/Projects/DFS_Semi_Streaming/input/random_graphs/graph_3000_164316_POWLAW_6022436717541034636.txt (Time: 0.00s)
📦 COPIED from HDD: /media/HDD/Projects/ExpDFS/graph_3000_164316_POWLAW_175493991617213850.txt -> /home/shahbazk/Projects/DFS_Semi_Streaming/input/random_graphs/graph_3000_164316_POWLAW_175493991617213850.txt (Time: 0.00s)
📦 COPIED from HDD: /media/HDD/Projects/ExpDFS/graph_3000_164316_POWLAW_4060584409398689268.txt -> /home/shahbazk/Projects/DFS_Semi_Streaming/input/random_graphs/graph_3000_164316_POWLAW_4060584409398689268.txt (Time: 0.00s)
📦 COPIED from HDD: /media/HDD/Projects/ExpDFS/graph_3000_164316_POWLAW_716820155901718944.txt -> /home/shahbazk/Projects/DFS_Semi_Streaming/input/random_graphs/graph_3000_164316_POWLAW_716820155901718944.txt (Time: 0.00s)
📦 COPIED from HDD: /media/HDD/Projects/ExpDFS/graph_3000_164316_POWLAW_2909934787168262407.txt -> /home/shahbazk/Projects/DFS_Semi_Streaming/input/random_graphs/graph_3000_164316_POWLAW_2909934787168262407.txt (Time: 0.00s)
📦 COPIED from HDD: /media/HDD/Projects/ExpDFS/graph_3000_164316_POWLAW_199422815561151340.txt -> /home/shahbazk/Projects/DFS_Semi_Streaming/input/random_graphs/graph_3000_164316_POWLAW_199422815561151340.txt (Time: 0.00s)
📦 COPIED from HDD: /media/HDD/Projects/ExpDFS/graph_3000_164316_POWLAW_7644420139408884785.txt -> /home/shahbazk/Projects/DFS_Semi_Streaming/input/random_graphs/graph_3000_164316_POWLAW_7644420139408884785.txt (Time: 0.00s)
📦 COPIED from HDD: /media/HDD/Projects/ExpDFS/graph_3000_164316_POWLAW_4250897495980125004.txt -> /home/shahbazk/Projects/DFS_Semi_Streaming/input/random_graphs/graph_3000_164316_POWLAW_4250897495980125004.txt (Time: 0.00s)
📦 COPIED from HDD: /media/HDD/Projects/ExpDFS/graph_3000_164316_POWLAW_9060210648189963449.txt -> /home/shahbazk/Projects/DFS_Semi_Streaming/input/random_graphs/graph_3000_164316_POWLAW_9060210648189963449.txt (Time: 0.00s)
📦 COPIED from HDD: /media/HDD/Projects/ExpDFS/graph_3000_164316_POWLAW_5497874167834979553.txt -> /home/shahbazk/Projects/DFS_Semi_Streaming/input/random_graphs/graph_3000_164316_POWLAW_5497874167834979553.txt (Time: 0.00s)
📦 COPIED from HDD: /media/HDD/Projects/ExpDFS/graph_3000_164316_POWLAW_6764066939395682287.txt -> /home/shahbazk/Projects/DFS_Semi_Streaming/input/random_graphs/graph_3000_164316_POWLAW_6764066939395682287.txt (Time: 0.00s)
📦 COPIED from HDD: /media/HDD/Projects/ExpDFS/graph_3000_164316_POWLAW_1332005502874566195.txt -> /home/shahbazk/Projects/DFS_Semi_Streaming/input/random_graphs/graph_3000_164316_POWLAW_1332005502874566195.txt (Time: 0.00s)
📦 COPIED from HDD: /media/HDD/Projects/ExpDFS/graph_3000_164316_POWLAW_8794274795737982182.txt -> /home/shahbazk/Projects/DFS_Semi_Streaming/input/random_graphs/graph_3000_164316_POWLAW_8794274795737982182.txt (Time: 0.00s)
📦 COPIED from HDD: /media/HDD/Projects/ExpDFS/graph_3000_164316_POWLAW_1392892770529522614.txt -> /home/shahbazk/Projects/DFS_Semi_Streaming/input/random_graphs/graph_3000_164316_POWLAW_1392892770529522614.txt (Time: 0.00s)
📦 COPIED from HDD: /media/HDD/Projects/ExpDFS/graph_3000_164316_POWLAW_8626102704817790064.txt -> /home/shahbazk/Projects/DFS_Semi_Streaming/input/random_graphs/graph_3000_164316_POWLAW_8626102704817790064.txt (Time: 0.00s)
📦 COPIED from HDD: /media/HDD/Projects/ExpDFS/graph_3000_164316_POWLAW_7118744415197196276.txt -> /home/shahbazk/Projects/DFS_Semi_Streaming/input/random_graphs/graph_3000_164316_POWLAW_7118744415197196276.txt (Time: 0.00s)
📦 COPIED from HDD: /media/HDD/Projects/ExpDFS/graph_3000_164316_POWLAW_7983805977214098674.txt -> /home/shahbazk/Projects/DFS_Semi_Streaming/input/random_graphs/graph_3000_164316_POWLAW_7983805977214098674.txt (Time: 0.00s)
📦 COPIED from HDD: /media/HDD/Projects/ExpDFS/graph_3000_164316_POWLAW_2718103348384927511.txt -> /home/shahbazk/Projects/DFS_Semi_Streaming/input/random_graphs/graph_3000_164316_POWLAW_2718103348384927511.txt (Time: 0.00s)
📦 COPIED from HDD: /media/HDD/Projects/ExpDFS/graph_3000_164316_POWLAW_9059990922233379852.txt -> /home/shahbazk/Projects/DFS_Semi_Streaming/input/random_graphs/graph_3000_164316_POWLAW_9059990922233379852.txt (Time: 0.00s)
📦 COPIED from HDD: /media/HDD/Projects/ExpDFS/graph_3000_164316_POWLAW_1992204328026194281.txt -> /home/shahbazk/Projects/DFS_Semi_Streaming/input/random_graphs/graph_3000_164316_POWLAW_1992204328026194281.txt (Time: 0.00s)
📦 COPIED from HDD: /media/HDD/Projects/ExpDFS/graph_3000_164316_POWLAW_2264398621601381987.txt -> /home/shahbazk/Projects/DFS_Semi_Streaming/input/random_graphs/graph_3000_164316_POWLAW_2264398621601381987.txt (Time: 0.00s)
📦 COPIED from HDD: /media/HDD/Projects/ExpDFS/graph_3000_164316_POWLAW_4940913311242578590.txt -> /home/shahbazk/Projects/DFS_Semi_Streaming/input/random_graphs/graph_3000_164316_POWLAW_4940913311242578590.txt (Time: 0.00s)
📦 COPIED from HDD: /media/HDD/Projects/ExpDFS/graph_3000_164316_POWLAW_1722224698700348310.txt -> /home/shahbazk/Projects/DFS_Semi_Streaming/input/random_graphs/graph_3000_164316_POWLAW_1722224698700348310.txt (Time: 0.00s)
📦 COPIED from HDD: /media/HDD/Projects/ExpDFS/graph_3000_164316_POWLAW_5894893360759659423.txt -> /home/shahbazk/Projects/DFS_Semi_Streaming/input/random_graphs/graph_3000_164316_POWLAW_5894893360759659423.txt (Time: 0.00s)
📦 COPIED from HDD: /media/HDD/Projects/ExpDFS/graph_3500_207062_POWLAW_7871178979383552919.txt -> /home/shahbazk/Projects/DFS_Semi_Streaming/input/random_graphs/graph_3500_207062_POWLAW_7871178979383552919.txt (Time: 0.00s)
📦 COPIED from HDD: /media/HDD/Projects/ExpDFS/graph_3000_164316_POWLAW_7449662661572224354.txt -> /home/shahbazk/Projects/DFS_Semi_Streaming/input/random_graphs/graph_3000_164316_POWLAW_7449662661572224354.txt (Time: 0.00s)
📦 COPIED from HDD: /media/HDD/Projects/ExpDFS/graph_3000_164316_POWLAW_3221421291694197220.txt -> /home/shahbazk/Projects/DFS_Semi_Streaming/input/random_graphs/graph_3000_164316_POWLAW_3221421291694197220.txt (Time: 0.00s)
📦 COPIED from HDD: /media/HDD/Projects/ExpDFS/graph_3000_164316_POWLAW_7632458674696225362.txt -> /home/shahbazk/Projects/DFS_Semi_Streaming/input/random_graphs/graph_3000_164316_POWLAW_7632458674696225362.txt (Time: 0.00s)
📦 COPIED from HDD: /media/HDD/Projects/ExpDFS/graph_3500_207062_POWLAW_6230961512046992311.txt -> /home/shahbazk/Projects/DFS_Semi_Streaming/input/random_graphs/graph_3500_207062_POWLAW_6230961512046992311.txt (Time: 0.00s)
📦 COPIED from HDD: /media/HDD/Projects/ExpDFS/graph_3000_164316_POWLAW_4934890601268679176.txt -> /home/shahbazk/Projects/DFS_Semi_Streaming/input/random_graphs/graph_3000_164316_POWLAW_4934890601268679176.txt (Time: 0.00s)
📦 COPIED from HDD: /media/HDD/Projects/ExpDFS/graph_3000_164316_POWLAW_7905487461282246979.txt -> /home/shahbazk/Projects/DFS_Semi_Streaming/input/random_graphs/graph_3000_164316_POWLAW_7905487461282246979.txt (Time: 0.00s)
📦 COPIED from HDD: /media/HDD/Projects/ExpDFS/graph_3000_164316_POWLAW_8867616339855336876.txt -> /home/shahbazk/Projects/DFS_Semi_Streaming/input/random_graphs/graph_3000_164316_POWLAW_8867616339855336876.txt (Time: 0.00s)
📦 COPIED from HDD: /media/HDD/Projects/ExpDFS/graph_3500_207062_POWLAW_5739955973604961613.txt -> /home/shahbazk/Projects/DFS_Semi_Streaming/input/random_graphs/graph_3500_207062_POWLAW_5739955973604961613.txt (Time: 0.00s)
📦 COPIED from HDD: /media/HDD/Projects/ExpDFS/graph_3500_207062_POWLAW_7032710160631691991.txt -> /home/shahbazk/Projects/DFS_Semi_Streaming/input/random_graphs/graph_3500_207062_POWLAW_7032710160631691991.txt (Time: 0.00s)
📦 COPIED from HDD: /media/HDD/Projects/ExpDFS/graph_3500_207062_POWLAW_1353182403971399009.txt -> /home/shahbazk/Projects/DFS_Semi_Streaming/input/random_graphs/graph_3500_207062_POWLAW_1353182403971399009.txt (Time: 0.00s)
📦 COPIED from HDD: /media/HDD/Projects/ExpDFS/graph_3000_164316_POWLAW_4795749165124911768.txt -> /home/shahbazk/Projects/DFS_Semi_Streaming/input/random_graphs/graph_3000_164316_POWLAW_4795749165124911768.txt (Time: 0.00s)
📦 COPIED from HDD: /media/HDD/Projects/ExpDFS/graph_3000_164316_POWLAW_8448596294177070022.txt -> /home/shahbazk/Projects/DFS_Semi_Streaming/input/random_graphs/graph_3000_164316_POWLAW_8448596294177070022.txt (Time: 0.00s)
📦 COPIED from HDD: /media/HDD/Projects/ExpDFS/graph_3500_207062_POWLAW_4040737767143389431.txt -> /home/shahbazk/Projects/DFS_Semi_Streaming/input/random_graphs/graph_3500_207062_POWLAW_4040737767143389431.txt (Time: 0.00s)
📦 COPIED from HDD: /media/HDD/Projects/ExpDFS/graph_3500_207062_POWLAW_1250005700364523649.txt -> /home/shahbazk/Projects/DFS_Semi_Streaming/input/random_graphs/graph_3500_207062_POWLAW_1250005700364523649.txt (Time: 0.00s)
📦 COPIED from HDD: /media/HDD/Projects/ExpDFS/graph_3500_207062_POWLAW_1070244953599069350.txt -> /home/shahbazk/Projects/DFS_Semi_Streaming/input/random_graphs/graph_3500_207062_POWLAW_1070244953599069350.txt (Time: 0.00s)
📦 COPIED from HDD: /media/HDD/Projects/ExpDFS/graph_3500_207062_POWLAW_3438400432146115956.txt -> /home/shahbazk/Projects/DFS_Semi_Streaming/input/random_graphs/graph_3500_207062_POWLAW_3438400432146115956.txt (Time: 0.00s)
📦 COPIED from HDD: /media/HDD/Projects/ExpDFS/graph_3500_207062_POWLAW_7473196763798409428.txt -> /home/shahbazk/Projects/DFS_Semi_Streaming/input/random_graphs/graph_3500_207062_POWLAW_7473196763798409428.txt (Time: 0.00s)
📦 COPIED from HDD: /media/HDD/Projects/ExpDFS/graph_3500_207062_POWLAW_7599700178212337699.txt -> /home/shahbazk/Projects/DFS_Semi_Streaming/input/random_graphs/graph_3500_207062_POWLAW_7599700178212337699.txt (Time: 0.00s)
📦 COPIED from HDD: /media/HDD/Projects/ExpDFS/graph_3500_207062_POWLAW_6938562734920028532.txt -> /home/shahbazk/Projects/DFS_Semi_Streaming/input/random_graphs/graph_3500_207062_POWLAW_6938562734920028532.txt (Time: 0.00s)
📦 COPIED from HDD: /media/HDD/Projects/ExpDFS/graph_3500_207062_POWLAW_3881801951614183357.txt -> /home/shahbazk/Projects/DFS_Semi_Streaming/input/random_graphs/graph_3500_207062_POWLAW_3881801951614183357.txt (Time: 0.00s)
📦 COPIED from HDD: /media/HDD/Projects/ExpDFS/graph_3500_207062_POWLAW_3010622984418968408.txt -> /home/shahbazk/Projects/DFS_Semi_Streaming/input/random_graphs/graph_3500_207062_POWLAW_3010622984418968408.txt (Time: 0.00s)
📦 COPIED from HDD: /media/HDD/Projects/ExpDFS/graph_3500_207062_POWLAW_5906957480796939447.txt -> /home/shahbazk/Projects/DFS_Semi_Streaming/input/random_graphs/graph_3500_207062_POWLAW_5906957480796939447.txt (Time: 0.00s)
📦 COPIED from HDD: /media/HDD/Projects/ExpDFS/graph_3500_207062_POWLAW_320375091487821987.txt -> /home/shahbazk/Projects/DFS_Semi_Streaming/input/random_graphs/graph_3500_207062_POWLAW_320375091487821987.txt (Time: 0.00s)
📦 COPIED from HDD: /media/HDD/Projects/ExpDFS/graph_3500_207062_POWLAW_5139481885857321791.txt -> /home/shahbazk/Projects/DFS_Semi_Streaming/input/random_graphs/graph_3500_207062_POWLAW_5139481885857321791.txt (Time: 0.00s)
📦 COPIED from HDD: /media/HDD/Projects/ExpDFS/graph_3500_207062_POWLAW_6522163754831416203.txt -> /home/shahbazk/Projects/DFS_Semi_Streaming/input/random_graphs/graph_3500_207062_POWLAW_6522163754831416203.txt (Time: 0.00s)
📦 COPIED from HDD: /media/HDD/Projects/ExpDFS/graph_3500_207062_POWLAW_521787134863155063.txt -> /home/shahbazk/Projects/DFS_Semi_Streaming/input/random_graphs/graph_3500_207062_POWLAW_521787134863155063.txt (Time: 0.00s)
📦 COPIED from HDD: /media/HDD/Projects/ExpDFS/graph_3500_207062_POWLAW_1309542850049879452.txt -> /home/shahbazk/Projects/DFS_Semi_Streaming/input/random_graphs/graph_3500_207062_POWLAW_1309542850049879452.txt (Time: 0.00s)
📦 COPIED from HDD: /media/HDD/Projects/ExpDFS/graph_3500_207062_POWLAW_6002685213311538187.txt -> /home/shahbazk/Projects/DFS_Semi_Streaming/input/random_graphs/graph_3500_207062_POWLAW_6002685213311538187.txt (Time: 0.00s)
📦 COPIED from HDD: /media/HDD/Projects/ExpDFS/graph_3500_207062_POWLAW_1731523882129807996.txt -> /home/shahbazk/Projects/DFS_Semi_Streaming/input/random_graphs/graph_3500_207062_POWLAW_1731523882129807996.txt (Time: 0.00s)
📦 COPIED from HDD: /media/HDD/Projects/ExpDFS/graph_3500_207062_POWLAW_1250773459040295677.txt -> /home/shahbazk/Projects/DFS_Semi_Streaming/input/random_graphs/graph_3500_207062_POWLAW_1250773459040295677.txt (Time: 0.00s)
📦 COPIED from HDD: /media/HDD/Projects/ExpDFS/graph_3500_207062_POWLAW_7146860528564146064.txt -> /home/shahbazk/Projects/DFS_Semi_Streaming/input/random_graphs/graph_3500_207062_POWLAW_7146860528564146064.txt (Time: 0.00s)
📦 COPIED from HDD: /media/HDD/Projects/ExpDFS/graph_3500_207062_POWLAW_1024517563182776983.txt -> /home/shahbazk/Projects/DFS_Semi_Streaming/input/random_graphs/graph_3500_207062_POWLAW_1024517563182776983.txt (Time: 0.00s)
📦 COPIED from HDD: /media/HDD/Projects/ExpDFS/graph_3500_207062_POWLAW_7663871783842725848.txt -> /home/shahbazk/Projects/DFS_Semi_Streaming/input/random_graphs/graph_3500_207062_POWLAW_7663871783842725848.txt (Time: 0.00s)
📦 COPIED from HDD: /media/HDD/Projects/ExpDFS/graph_3500_207062_POWLAW_2429002973740178792.txt -> /home/shahbazk/Projects/DFS_Semi_Streaming/input/random_graphs/graph_3500_207062_POWLAW_2429002973740178792.txt (Time: 0.00s)
📦 COPIED from HDD: /media/HDD/Projects/ExpDFS/graph_3500_207062_POWLAW_1853590723603270879.txt -> /home/shahbazk/Projects/DFS_Semi_Streaming/input/random_graphs/graph_3500_207062_POWLAW_1853590723603270879.txt (Time: 0.00s)
📦 COPIED from HDD: /media/HDD/Projects/ExpDFS/graph_3500_207062_POWLAW_3224265581699847191.txt -> /home/shahbazk/Projects/DFS_Semi_Streaming/input/random_graphs/graph_3500_207062_POWLAW_3224265581699847191.txt (Time: 0.00s)
📦 COPIED from HDD: /media/HDD/Projects/ExpDFS/graph_3500_207062_POWLAW_4122784633514911760.txt -> /home/shahbazk/Projects/DFS_Semi_Streaming/input/random_graphs/graph_3500_207062_POWLAW_4122784633514911760.txt (Time: 0.00s)
📦 COPIED from HDD: /media/HDD/Projects/ExpDFS/graph_3500_207062_POWLAW_5529616217668449934.txt -> /home/shahbazk/Projects/DFS_Semi_Streaming/input/random_graphs/graph_3500_207062_POWLAW_5529616217668449934.txt (Time: 0.00s)
📦 COPIED from HDD: /media/HDD/Projects/ExpDFS/graph_3500_207062_POWLAW_5258051056098597521.txt -> /home/shahbazk/Projects/DFS_Semi_Streaming/input/random_graphs/graph_3500_207062_POWLAW_5258051056098597521.txt (Time: 0.00s)
📦 COPIED from HDD: /media/HDD/Projects/ExpDFS/graph_3500_207062_POWLAW_5708372698381010775.txt -> /home/shahbazk/Projects/DFS_Semi_Streaming/input/random_graphs/graph_3500_207062_POWLAW_5708372698381010775.txt (Time: 0.00s)
📦 COPIED from HDD: /media/HDD/Projects/ExpDFS/graph_3500_207062_POWLAW_7161906730445628483.txt -> /home/shahbazk/Projects/DFS_Semi_Streaming/input/random_graphs/graph_3500_207062_POWLAW_7161906730445628483.txt (Time: 0.00s)
📦 COPIED from HDD: /media/HDD/Projects/ExpDFS/graph_3500_207062_POWLAW_5142811650494845597.txt -> /home/shahbazk/Projects/DFS_Semi_Streaming/input/random_graphs/graph_3500_207062_POWLAW_5142811650494845597.txt (Time: 0.00s)
📦 COPIED from HDD: /media/HDD/Projects/ExpDFS/graph_3500_207062_POWLAW_7029781962072644698.txt -> /home/shahbazk/Projects/DFS_Semi_Streaming/input/random_graphs/graph_3500_207062_POWLAW_7029781962072644698.txt (Time: 0.00s)
📦 COPIED from HDD: /media/HDD/Projects/ExpDFS/graph_3500_207062_POWLAW_7706236040662210848.txt -> /home/shahbazk/Projects/DFS_Semi_Streaming/input/random_graphs/graph_3500_207062_POWLAW_7706236040662210848.txt (Time: 0.00s)
📦 COPIED from HDD: /media/HDD/Projects/ExpDFS/graph_3500_207062_POWLAW_824387247617288499.txt -> /home/shahbazk/Projects/DFS_Semi_Streaming/input/random_graphs/graph_3500_207062_POWLAW_824387247617288499.txt (Time: 0.00s)
📦 COPIED from HDD: /media/HDD/Projects/ExpDFS/graph_3500_207062_POWLAW_1632192924771168275.txt -> /home/shahbazk/Projects/DFS_Semi_Streaming/input/random_graphs/graph_3500_207062_POWLAW_1632192924771168275.txt (Time: 0.00s)
📦 COPIED from HDD: /media/HDD/Projects/ExpDFS/graph_3500_207062_POWLAW_1647170069535670909.txt -> /home/shahbazk/Projects/DFS_Semi_Streaming/input/random_graphs/graph_3500_207062_POWLAW_1647170069535670909.txt (Time: 0.00s)
📦 COPIED from HDD: /media/HDD/Projects/ExpDFS/graph_3500_207062_POWLAW_7917045922527545890.txt -> /home/shahbazk/Projects/DFS_Semi_Streaming/input/random_graphs/graph_3500_207062_POWLAW_7917045922527545890.txt (Time: 0.00s)
📦 COPIED from HDD: /media/HDD/Projects/ExpDFS/graph_3500_207062_POWLAW_6802378520969450157.txt -> /home/shahbazk/Projects/DFS_Semi_Streaming/input/random_graphs/graph_3500_207062_POWLAW_6802378520969450157.txt (Time: 0.00s)
📦 COPIED from HDD: /media/HDD/Projects/ExpDFS/graph_3500_207062_POWLAW_6785030173969523435.txt -> /home/shahbazk/Projects/DFS_Semi_Streaming/input/random_graphs/graph_3500_207062_POWLAW_6785030173969523435.txt (Time: 0.00s)
📦 COPIED from HDD: /media/HDD/Projects/ExpDFS/graph_3500_207062_POWLAW_1128313391724783137.txt -> /home/shahbazk/Projects/DFS_Semi_Streaming/input/random_graphs/graph_3500_207062_POWLAW_1128313391724783137.txt (Time: 0.00s)
📦 COPIED from HDD: /media/HDD/Projects/ExpDFS/graph_3500_207062_POWLAW_6143643868734370809.txt -> /home/shahbazk/Projects/DFS_Semi_Streaming/input/random_graphs/graph_3500_207062_POWLAW_6143643868734370809.txt (Time: 0.00s)
📦 COPIED from HDD: /media/HDD/Projects/ExpDFS/graph_3500_207062_POWLAW_2909934787168262407.txt -> /home/shahbazk/Projects/DFS_Semi_Streaming/input/random_graphs/graph_3500_207062_POWLAW_2909934787168262407.txt (Time: 0.00s)
📦 COPIED from HDD: /media/HDD/Projects/ExpDFS/graph_3500_207062_POWLAW_6224222471595207695.txt -> /home/shahbazk/Projects/DFS_Semi_Streaming/input/random_graphs/graph_3500_207062_POWLAW_6224222471595207695.txt (Time: 0.00s)
📦 COPIED from HDD: /media/HDD/Projects/ExpDFS/graph_3500_207062_POWLAW_3865339568260874865.txt -> /home/shahbazk/Projects/DFS_Semi_Streaming/input/random_graphs/graph_3500_207062_POWLAW_3865339568260874865.txt (Time: 0.00s)
📦 COPIED from HDD: /media/HDD/Projects/ExpDFS/graph_3500_207062_POWLAW_7921282862123281598.txt -> /home/shahbazk/Projects/DFS_Semi_Streaming/input/random_graphs/graph_3500_207062_POWLAW_7921282862123281598.txt (Time: 0.00s)
📦 COPIED from HDD: /media/HDD/Projects/ExpDFS/graph_3500_207062_POWLAW_4445925461710302877.txt -> /home/shahbazk/Projects/DFS_Semi_Streaming/input/random_graphs/graph_3500_207062_POWLAW_4445925461710302877.txt (Time: 0.00s)
📦 COPIED from HDD: /media/HDD/Projects/ExpDFS/graph_3500_207062_POWLAW_6529943913552561417.txt -> /home/shahbazk/Projects/DFS_Semi_Streaming/input/random_graphs/graph_3500_207062_POWLAW_6529943913552561417.txt (Time: 0.00s)
📦 COPIED from HDD: /media/HDD/Projects/ExpDFS/graph_3500_207062_POWLAW_1170385908854608748.txt -> /home/shahbazk/Projects/DFS_Semi_Streaming/input/random_graphs/graph_3500_207062_POWLAW_1170385908854608748.txt (Time: 0.00s)
📦 COPIED from HDD: /media/HDD/Projects/ExpDFS/graph_3500_207062_POWLAW_7938560551762094560.txt -> /home/shahbazk/Projects/DFS_Semi_Streaming/input/random_graphs/graph_3500_207062_POWLAW_7938560551762094560.txt (Time: 0.00s)
📦 COPIED from HDD: /media/HDD/Projects/ExpDFS/graph_3500_207062_POWLAW_3272308573967577038.txt -> /home/shahbazk/Projects/DFS_Semi_Streaming/input/random_graphs/graph_3500_207062_POWLAW_3272308573967577038.txt (Time: 0.00s)
📦 COPIED from HDD: /media/HDD/Projects/ExpDFS/graph_3500_207062_POWLAW_6614505080519948832.txt -> /home/shahbazk/Projects/DFS_Semi_Streaming/input/random_graphs/graph_3500_207062_POWLAW_6614505080519948832.txt (Time: 0.00s)
📦 COPIED from HDD: /media/HDD/Projects/ExpDFS/graph_3500_207062_POWLAW_4552998297316576788.txt -> /home/shahbazk/Projects/DFS_Semi_Streaming/input/random_graphs/graph_3500_207062_POWLAW_4552998297316576788.txt (Time: 0.00s)
📦 COPIED from HDD: /media/HDD/Projects/ExpDFS/graph_3500_207062_POWLAW_4997514996153925447.txt -> /home/shahbazk/Projects/DFS_Semi_Streaming/input/random_graphs/graph_3500_207062_POWLAW_4997514996153925447.txt (Time: 0.00s)
📦 COPIED from HDD: /media/HDD/Projects/ExpDFS/graph_3500_207062_POWLAW_716820155901718944.txt -> /home/shahbazk/Projects/DFS_Semi_Streaming/input/random_graphs/graph_3500_207062_POWLAW_716820155901718944.txt (Time: 0.00s)
📦 COPIED from HDD: /media/HDD/Projects/ExpDFS/graph_3500_207062_POWLAW_8718380604043999642.txt -> /home/shahbazk/Projects/DFS_Semi_Streaming/input/random_graphs/graph_3500_207062_POWLAW_8718380604043999642.txt (Time: 0.00s)
📦 COPIED from HDD: /media/HDD/Projects/ExpDFS/graph_3500_207062_POWLAW_3817405844514670994.txt -> /home/shahbazk/Projects/DFS_Semi_Streaming/input/random_graphs/graph_3500_207062_POWLAW_3817405844514670994.txt (Time: 0.00s)
📦 COPIED from HDD: /media/HDD/Projects/ExpDFS/graph_3500_207062_POWLAW_5636411189175451024.txt -> /home/shahbazk/Projects/DFS_Semi_Streaming/input/random_graphs/graph_3500_207062_POWLAW_5636411189175451024.txt (Time: 0.00s)
📦 COPIED from HDD: /media/HDD/Projects/ExpDFS/graph_3500_207062_POWLAW_5108599054664628607.txt -> /home/shahbazk/Projects/DFS_Semi_Streaming/input/random_graphs/graph_3500_207062_POWLAW_5108599054664628607.txt (Time: 0.00s)
📦 COPIED from HDD: /media/HDD/Projects/ExpDFS/graph_3500_207062_POWLAW_8031431416522537101.txt -> /home/shahbazk/Projects/DFS_Semi_Streaming/input/random_graphs/graph_3500_207062_POWLAW_8031431416522537101.txt (Time: 0.00s)
📦 COPIED from HDD: /media/HDD/Projects/ExpDFS/graph_3500_207062_POWLAW_5063475852268941542.txt -> /home/shahbazk/Projects/DFS_Semi_Streaming/input/random_graphs/graph_3500_207062_POWLAW_5063475852268941542.txt (Time: 0.00s)
📦 COPIED from HDD: /media/HDD/Projects/ExpDFS/graph_3500_207062_POWLAW_8446481348147407377.txt -> /home/shahbazk/Projects/DFS_Semi_Streaming/input/random_graphs/graph_3500_207062_POWLAW_8446481348147407377.txt (Time: 0.00s)
📦 COPIED from HDD: /media/HDD/Projects/ExpDFS/graph_3500_207062_POWLAW_1332005502874566195.txt -> /home/shahbazk/Projects/DFS_Semi_Streaming/input/random_graphs/graph_3500_207062_POWLAW_1332005502874566195.txt (Time: 0.00s)
📦 COPIED from HDD: /media/HDD/Projects/ExpDFS/graph_3500_207062_POWLAW_9060210648189963449.txt -> /home/shahbazk/Projects/DFS_Semi_Streaming/input/random_graphs/graph_3500_207062_POWLAW_9060210648189963449.txt (Time: 0.00s)
📦 COPIED from HDD: /media/HDD/Projects/ExpDFS/graph_3500_207062_POWLAW_4795749165124911768.txt -> /home/shahbazk/Projects/DFS_Semi_Streaming/input/random_graphs/graph_3500_207062_POWLAW_4795749165124911768.txt (Time: 0.00s)
📦 COPIED from HDD: /media/HDD/Projects/ExpDFS/graph_3500_207062_POWLAW_175493991617213850.txt -> /home/shahbazk/Projects/DFS_Semi_Streaming/input/random_graphs/graph_3500_207062_POWLAW_175493991617213850.txt (Time: 0.00s)
📦 COPIED from HDD: /media/HDD/Projects/ExpDFS/graph_3500_207062_POWLAW_7118744415197196276.txt -> /home/shahbazk/Projects/DFS_Semi_Streaming/input/random_graphs/graph_3500_207062_POWLAW_7118744415197196276.txt (Time: 0.00s)
📦 COPIED from HDD: /media/HDD/Projects/ExpDFS/graph_3500_207062_POWLAW_7644420139408884785.txt -> /home/shahbazk/Projects/DFS_Semi_Streaming/input/random_graphs/graph_3500_207062_POWLAW_7644420139408884785.txt (Time: 0.00s)
📦 COPIED from HDD: /media/HDD/Projects/ExpDFS/graph_3500_207062_POWLAW_1458186392400727732.txt -> /home/shahbazk/Projects/DFS_Semi_Streaming/input/random_graphs/graph_3500_207062_POWLAW_1458186392400727732.txt (Time: 0.00s)
📦 COPIED from HDD: /media/HDD/Projects/ExpDFS/graph_3500_207062_POWLAW_5497874167834979553.txt -> /home/shahbazk/Projects/DFS_Semi_Streaming/input/random_graphs/graph_3500_207062_POWLAW_5497874167834979553.txt (Time: 0.00s)
📦 COPIED from HDD: /media/HDD/Projects/ExpDFS/graph_3500_207062_POWLAW_4250897495980125004.txt -> /home/shahbazk/Projects/DFS_Semi_Streaming/input/random_graphs/graph_3500_207062_POWLAW_4250897495980125004.txt (Time: 0.00s)
📦 COPIED from HDD: /media/HDD/Projects/ExpDFS/graph_3500_207062_POWLAW_199422815561151340.txt -> /home/shahbazk/Projects/DFS_Semi_Streaming/input/random_graphs/graph_3500_207062_POWLAW_199422815561151340.txt (Time: 0.00s)
📦 COPIED from HDD: /media/HDD/Projects/ExpDFS/graph_3500_207062_POWLAW_9059990922233379852.txt -> /home/shahbazk/Projects/DFS_Semi_Streaming/input/random_graphs/graph_3500_207062_POWLAW_9059990922233379852.txt (Time: 0.00s)
📦 COPIED from HDD: /media/HDD/Projects/ExpDFS/graph_3500_207062_POWLAW_5349491008325879064.txt -> /home/shahbazk/Projects/DFS_Semi_Streaming/input/random_graphs/graph_3500_207062_POWLAW_5349491008325879064.txt (Time: 0.00s)
📦 COPIED from HDD: /media/HDD/Projects/ExpDFS/graph_3500_207062_POWLAW_8794274795737982182.txt -> /home/shahbazk/Projects/DFS_Semi_Streaming/input/random_graphs/graph_3500_207062_POWLAW_8794274795737982182.txt (Time: 0.00s)
📦 COPIED from HDD: /media/HDD/Projects/ExpDFS/graph_3500_207062_POWLAW_1722224698700348310.txt -> /home/shahbazk/Projects/DFS_Semi_Streaming/input/random_graphs/graph_3500_207062_POWLAW_1722224698700348310.txt (Time: 0.00s)
📦 COPIED from HDD: /media/HDD/Projects/ExpDFS/graph_3500_207062_POWLAW_4934890601268679176.txt -> /home/shahbazk/Projects/DFS_Semi_Streaming/input/random_graphs/graph_3500_207062_POWLAW_4934890601268679176.txt (Time: 0.00s)
📦 COPIED from HDD: /media/HDD/Projects/ExpDFS/graph_3500_207062_POWLAW_7983805977214098674.txt -> /home/shahbazk/Projects/DFS_Semi_Streaming/input/random_graphs/graph_3500_207062_POWLAW_7983805977214098674.txt (Time: 0.00s)
📦 COPIED from HDD: /media/HDD/Projects/ExpDFS/graph_3500_207062_POWLAW_8867616339855336876.txt -> /home/shahbazk/Projects/DFS_Semi_Streaming/input/random_graphs/graph_3500_207062_POWLAW_8867616339855336876.txt (Time: 0.00s)
📦 COPIED from HDD: /media/HDD/Projects/ExpDFS/graph_3500_207062_POWLAW_1392892770529522614.txt -> /home/shahbazk/Projects/DFS_Semi_Streaming/input/random_graphs/graph_3500_207062_POWLAW_1392892770529522614.txt (Time: 0.00s)
📦 COPIED from HDD: /media/HDD/Projects/ExpDFS/graph_3500_207062_POWLAW_6764066939395682287.txt -> /home/shahbazk/Projects/DFS_Semi_Streaming/input/random_graphs/graph_3500_207062_POWLAW_6764066939395682287.txt (Time: 0.00s)
📦 COPIED from HDD: /media/HDD/Projects/ExpDFS/graph_3500_207062_POWLAW_4060584409398689268.txt -> /home/shahbazk/Projects/DFS_Semi_Streaming/input/random_graphs/graph_3500_207062_POWLAW_4060584409398689268.txt (Time: 0.00s)
📦 COPIED from HDD: /media/HDD/Projects/ExpDFS/graph_3500_207062_POWLAW_5894893360759659423.txt -> /home/shahbazk/Projects/DFS_Semi_Streaming/input/random_graphs/graph_3500_207062_POWLAW_5894893360759659423.txt (Time: 0.00s)
📦 COPIED from HDD: /media/HDD/Projects/ExpDFS/graph_3500_207062_POWLAW_6022436717541034636.txt -> /home/shahbazk/Projects/DFS_Semi_Streaming/input/random_graphs/graph_3500_207062_POWLAW_6022436717541034636.txt (Time: 0.00s)
📦 COPIED from HDD: /media/HDD/Projects/ExpDFS/graph_3500_207062_POWLAW_2089506265998900862.txt -> /home/shahbazk/Projects/DFS_Semi_Streaming/input/random_graphs/graph_3500_207062_POWLAW_2089506265998900862.txt (Time: 0.00s)
📦 COPIED from HDD: /media/HDD/Projects/ExpDFS/graph_3500_207062_POWLAW_7905487461282246979.txt -> /home/shahbazk/Projects/DFS_Semi_Streaming/input/random_graphs/graph_3500_207062_POWLAW_7905487461282246979.txt (Time: 0.00s)
📦 COPIED from HDD: /media/HDD/Projects/ExpDFS/graph_3500_207062_POWLAW_3713827327871807734.txt -> /home/shahbazk/Projects/DFS_Semi_Streaming/input/random_graphs/graph_3500_207062_POWLAW_3713827327871807734.txt (Time: 0.00s)
📦 COPIED from HDD: /media/HDD/Projects/ExpDFS/graph_3500_207062_POWLAW_9130666990809746335.txt -> /home/shahbazk/Projects/DFS_Semi_Streaming/input/random_graphs/graph_3500_207062_POWLAW_9130666990809746335.txt (Time: 0.00s)
📦 COPIED from HDD: /media/HDD/Projects/ExpDFS/graph_3500_207062_POWLAW_3221421291694197220.txt -> /home/shahbazk/Projects/DFS_Semi_Streaming/input/random_graphs/graph_3500_207062_POWLAW_3221421291694197220.txt (Time: 0.00s)
📦 COPIED from HDD: /media/HDD/Projects/ExpDFS/graph_3500_207062_POWLAW_8626102704817790064.txt -> /home/shahbazk/Projects/DFS_Semi_Streaming/input/random_graphs/graph_3500_207062_POWLAW_8626102704817790064.txt (Time: 0.00s)
📦 COPIED from HDD: /media/HDD/Projects/ExpDFS/graph_3500_207062_POWLAW_4940913311242578590.txt -> /home/shahbazk/Projects/DFS_Semi_Streaming/input/random_graphs/graph_3500_207062_POWLAW_4940913311242578590.txt (Time: 0.00s)
📦 COPIED from HDD: /media/HDD/Projects/ExpDFS/graph_4000_252982_POWLAW_6230961512046992311.txt -> /home/shahbazk/Projects/DFS_Semi_Streaming/input/random_graphs/graph_4000_252982_POWLAW_6230961512046992311.txt (Time: 0.00s)
📦 COPIED from HDD: /media/HDD/Projects/ExpDFS/graph_3500_207062_POWLAW_1992204328026194281.txt -> /home/shahbazk/Projects/DFS_Semi_Streaming/input/random_graphs/graph_3500_207062_POWLAW_1992204328026194281.txt (Time: 0.00s)
📦 COPIED from HDD: /media/HDD/Projects/ExpDFS/graph_3500_207062_POWLAW_8448596294177070022.txt -> /home/shahbazk/Projects/DFS_Semi_Streaming/input/random_graphs/graph_3500_207062_POWLAW_8448596294177070022.txt (Time: 0.00s)
📦 COPIED from HDD: /media/HDD/Projects/ExpDFS/graph_4000_252982_POWLAW_6938562734920028532.txt -> /home/shahbazk/Projects/DFS_Semi_Streaming/input/random_graphs/graph_4000_252982_POWLAW_6938562734920028532.txt (Time: 0.00s)
📦 COPIED from HDD: /media/HDD/Projects/ExpDFS/graph_4000_252982_POWLAW_1353182403971399009.txt -> /home/shahbazk/Projects/DFS_Semi_Streaming/input/random_graphs/graph_4000_252982_POWLAW_1353182403971399009.txt (Time: 0.00s)
📦 COPIED from HDD: /media/HDD/Projects/ExpDFS/graph_3500_207062_POWLAW_2718103348384927511.txt -> /home/shahbazk/Projects/DFS_Semi_Streaming/input/random_graphs/graph_3500_207062_POWLAW_2718103348384927511.txt (Time: 0.00s)
📦 COPIED from HDD: /media/HDD/Projects/ExpDFS/graph_3500_207062_POWLAW_7632458674696225362.txt -> /home/shahbazk/Projects/DFS_Semi_Streaming/input/random_graphs/graph_3500_207062_POWLAW_7632458674696225362.txt (Time: 0.00s)
📦 COPIED from HDD: /media/HDD/Projects/ExpDFS/graph_3500_207062_POWLAW_2264398621601381987.txt -> /home/shahbazk/Projects/DFS_Semi_Streaming/input/random_graphs/graph_3500_207062_POWLAW_2264398621601381987.txt (Time: 0.00s)
📦 COPIED from HDD: /media/HDD/Projects/ExpDFS/graph_4000_252982_POWLAW_4040737767143389431.txt -> /home/shahbazk/Projects/DFS_Semi_Streaming/input/random_graphs/graph_4000_252982_POWLAW_4040737767143389431.txt (Time: 0.00s)
📦 COPIED from HDD: /media/HDD/Projects/ExpDFS/graph_3500_207062_POWLAW_7449662661572224354.txt -> /home/shahbazk/Projects/DFS_Semi_Streaming/input/random_graphs/graph_3500_207062_POWLAW_7449662661572224354.txt (Time: 0.00s)
📦 COPIED from HDD: /media/HDD/Projects/ExpDFS/graph_4000_252982_POWLAW_6522163754831416203.txt -> /home/shahbazk/Projects/DFS_Semi_Streaming/input/random_graphs/graph_4000_252982_POWLAW_6522163754831416203.txt (Time: 0.00s)
📦 COPIED from HDD: /media/HDD/Projects/ExpDFS/graph_4000_252982_POWLAW_7871178979383552919.txt -> /home/shahbazk/Projects/DFS_Semi_Streaming/input/random_graphs/graph_4000_252982_POWLAW_7871178979383552919.txt (Time: 0.00s)
📦 COPIED from HDD: /media/HDD/Projects/ExpDFS/graph_4000_252982_POWLAW_7599700178212337699.txt -> /home/shahbazk/Projects/DFS_Semi_Streaming/input/random_graphs/graph_4000_252982_POWLAW_7599700178212337699.txt (Time: 0.00s)
📦 COPIED from HDD: /media/HDD/Projects/ExpDFS/graph_4000_252982_POWLAW_1070244953599069350.txt -> /home/shahbazk/Projects/DFS_Semi_Streaming/input/random_graphs/graph_4000_252982_POWLAW_1070244953599069350.txt (Time: 0.00s)
📦 COPIED from HDD: /media/HDD/Projects/ExpDFS/graph_4000_252982_POWLAW_5739955973604961613.txt -> /home/shahbazk/Projects/DFS_Semi_Streaming/input/random_graphs/graph_4000_252982_POWLAW_5739955973604961613.txt (Time: 0.00s)
📦 COPIED from HDD: /media/HDD/Projects/ExpDFS/graph_4000_252982_POWLAW_7032710160631691991.txt -> /home/shahbazk/Projects/DFS_Semi_Streaming/input/random_graphs/graph_4000_252982_POWLAW_7032710160631691991.txt (Time: 0.00s)
📦 COPIED from HDD: /media/HDD/Projects/ExpDFS/graph_4000_252982_POWLAW_3881801951614183357.txt -> /home/shahbazk/Projects/DFS_Semi_Streaming/input/random_graphs/graph_4000_252982_POWLAW_3881801951614183357.txt (Time: 0.00s)
📦 COPIED from HDD: /media/HDD/Projects/ExpDFS/graph_4000_252982_POWLAW_5139481885857321791.txt -> /home/shahbazk/Projects/DFS_Semi_Streaming/input/random_graphs/graph_4000_252982_POWLAW_5139481885857321791.txt (Time: 0.00s)
📦 COPIED from HDD: /media/HDD/Projects/ExpDFS/graph_4000_252982_POWLAW_320375091487821987.txt -> /home/shahbazk/Projects/DFS_Semi_Streaming/input/random_graphs/graph_4000_252982_POWLAW_320375091487821987.txt (Time: 0.00s)
📦 COPIED from HDD: /media/HDD/Projects/ExpDFS/graph_4000_252982_POWLAW_1250773459040295677.txt -> /home/shahbazk/Projects/DFS_Semi_Streaming/input/random_graphs/graph_4000_252982_POWLAW_1250773459040295677.txt (Time: 0.00s)
📦 COPIED from HDD: /media/HDD/Projects/ExpDFS/graph_4000_252982_POWLAW_7146860528564146064.txt -> /home/shahbazk/Projects/DFS_Semi_Streaming/input/random_graphs/graph_4000_252982_POWLAW_7146860528564146064.txt (Time: 0.00s)
📦 COPIED from HDD: /media/HDD/Projects/ExpDFS/graph_4000_252982_POWLAW_2429002973740178792.txt -> /home/shahbazk/Projects/DFS_Semi_Streaming/input/random_graphs/graph_4000_252982_POWLAW_2429002973740178792.txt (Time: 0.00s)
📦 COPIED from HDD: /media/HDD/Projects/ExpDFS/graph_4000_252982_POWLAW_3224265581699847191.txt -> /home/shahbazk/Projects/DFS_Semi_Streaming/input/random_graphs/graph_4000_252982_POWLAW_3224265581699847191.txt (Time: 0.00s)
📦 COPIED from HDD: /media/HDD/Projects/ExpDFS/graph_4000_252982_POWLAW_5142811650494845597.txt -> /home/shahbazk/Projects/DFS_Semi_Streaming/input/random_graphs/graph_4000_252982_POWLAW_5142811650494845597.txt (Time: 0.00s)
📦 COPIED from HDD: /media/HDD/Projects/ExpDFS/graph_4000_252982_POWLAW_7029781962072644698.txt -> /home/shahbazk/Projects/DFS_Semi_Streaming/input/random_graphs/graph_4000_252982_POWLAW_7029781962072644698.txt (Time: 0.00s)
📦 COPIED from HDD: /media/HDD/Projects/ExpDFS/graph_4000_252982_POWLAW_1853590723603270879.txt -> /home/shahbazk/Projects/DFS_Semi_Streaming/input/random_graphs/graph_4000_252982_POWLAW_1853590723603270879.txt (Time: 0.00s)
📦 COPIED from HDD: /media/HDD/Projects/ExpDFS/graph_4000_252982_POWLAW_3010622984418968408.txt -> /home/shahbazk/Projects/DFS_Semi_Streaming/input/random_graphs/graph_4000_252982_POWLAW_3010622984418968408.txt (Time: 0.00s)
📦 COPIED from HDD: /media/HDD/Projects/ExpDFS/graph_4000_252982_POWLAW_5708372698381010775.txt -> /home/shahbazk/Projects/DFS_Semi_Streaming/input/random_graphs/graph_4000_252982_POWLAW_5708372698381010775.txt (Time: 0.00s)
📦 COPIED from HDD: /media/HDD/Projects/ExpDFS/graph_4000_252982_POWLAW_3438400432146115956.txt -> /home/shahbazk/Projects/DFS_Semi_Streaming/input/random_graphs/graph_4000_252982_POWLAW_3438400432146115956.txt (Time: 0.00s)
📦 COPIED from HDD: /media/HDD/Projects/ExpDFS/graph_4000_252982_POWLAW_5529616217668449934.txt -> /home/shahbazk/Projects/DFS_Semi_Streaming/input/random_graphs/graph_4000_252982_POWLAW_5529616217668449934.txt (Time: 0.00s)
📦 COPIED from HDD: /media/HDD/Projects/ExpDFS/graph_4000_252982_POWLAW_1309542850049879452.txt -> /home/shahbazk/Projects/DFS_Semi_Streaming/input/random_graphs/graph_4000_252982_POWLAW_1309542850049879452.txt (Time: 0.00s)
📦 COPIED from HDD: /media/HDD/Projects/ExpDFS/graph_4000_252982_POWLAW_7663871783842725848.txt -> /home/shahbazk/Projects/DFS_Semi_Streaming/input/random_graphs/graph_4000_252982_POWLAW_7663871783842725848.txt (Time: 0.00s)
📦 COPIED from HDD: /media/HDD/Projects/ExpDFS/graph_4000_252982_POWLAW_6785030173969523435.txt -> /home/shahbazk/Projects/DFS_Semi_Streaming/input/random_graphs/graph_4000_252982_POWLAW_6785030173969523435.txt (Time: 0.00s)
📦 COPIED from HDD: /media/HDD/Projects/ExpDFS/graph_4000_252982_POWLAW_521787134863155063.txt -> /home/shahbazk/Projects/DFS_Semi_Streaming/input/random_graphs/graph_4000_252982_POWLAW_521787134863155063.txt (Time: 0.00s)
📦 COPIED from HDD: /media/HDD/Projects/ExpDFS/graph_4000_252982_POWLAW_6002685213311538187.txt -> /home/shahbazk/Projects/DFS_Semi_Streaming/input/random_graphs/graph_4000_252982_POWLAW_6002685213311538187.txt (Time: 0.00s)
📦 COPIED from HDD: /media/HDD/Projects/ExpDFS/graph_4000_252982_POWLAW_6802378520969450157.txt -> /home/shahbazk/Projects/DFS_Semi_Streaming/input/random_graphs/graph_4000_252982_POWLAW_6802378520969450157.txt (Time: 0.00s)
📦 COPIED from HDD: /media/HDD/Projects/ExpDFS/graph_4000_252982_POWLAW_7938560551762094560.txt -> /home/shahbazk/Projects/DFS_Semi_Streaming/input/random_graphs/graph_4000_252982_POWLAW_7938560551762094560.txt (Time: 0.00s)
📦 COPIED from HDD: /media/HDD/Projects/ExpDFS/graph_4000_252982_POWLAW_3865339568260874865.txt -> /home/shahbazk/Projects/DFS_Semi_Streaming/input/random_graphs/graph_4000_252982_POWLAW_3865339568260874865.txt (Time: 0.00s)
📦 COPIED from HDD: /media/HDD/Projects/ExpDFS/graph_4000_252982_POWLAW_7473196763798409428.txt -> /home/shahbazk/Projects/DFS_Semi_Streaming/input/random_graphs/graph_4000_252982_POWLAW_7473196763798409428.txt (Time: 0.00s)
📦 COPIED from HDD: /media/HDD/Projects/ExpDFS/graph_4000_252982_POWLAW_4445925461710302877.txt -> /home/shahbazk/Projects/DFS_Semi_Streaming/input/random_graphs/graph_4000_252982_POWLAW_4445925461710302877.txt (Time: 0.00s)
📦 COPIED from HDD: /media/HDD/Projects/ExpDFS/graph_4000_252982_POWLAW_1731523882129807996.txt -> /home/shahbazk/Projects/DFS_Semi_Streaming/input/random_graphs/graph_4000_252982_POWLAW_1731523882129807996.txt (Time: 0.00s)
📦 COPIED from HDD: /media/HDD/Projects/ExpDFS/graph_4000_252982_POWLAW_5906957480796939447.txt -> /home/shahbazk/Projects/DFS_Semi_Streaming/input/random_graphs/graph_4000_252982_POWLAW_5906957480796939447.txt (Time: 0.00s)
📦 COPIED from HDD: /media/HDD/Projects/ExpDFS/graph_4000_252982_POWLAW_5258051056098597521.txt -> /home/shahbazk/Projects/DFS_Semi_Streaming/input/random_graphs/graph_4000_252982_POWLAW_5258051056098597521.txt (Time: 0.00s)
📦 COPIED from HDD: /media/HDD/Projects/ExpDFS/graph_4000_252982_POWLAW_1250005700364523649.txt -> /home/shahbazk/Projects/DFS_Semi_Streaming/input/random_graphs/graph_4000_252982_POWLAW_1250005700364523649.txt (Time: 0.00s)
📦 COPIED from HDD: /media/HDD/Projects/ExpDFS/graph_4000_252982_POWLAW_7161906730445628483.txt -> /home/shahbazk/Projects/DFS_Semi_Streaming/input/random_graphs/graph_4000_252982_POWLAW_7161906730445628483.txt (Time: 0.00s)
📦 COPIED from HDD: /media/HDD/Projects/ExpDFS/graph_4000_252982_POWLAW_7706236040662210848.txt -> /home/shahbazk/Projects/DFS_Semi_Streaming/input/random_graphs/graph_4000_252982_POWLAW_7706236040662210848.txt (Time: 0.00s)
📦 COPIED from HDD: /media/HDD/Projects/ExpDFS/graph_4000_252982_POWLAW_7917045922527545890.txt -> /home/shahbazk/Projects/DFS_Semi_Streaming/input/random_graphs/graph_4000_252982_POWLAW_7917045922527545890.txt (Time: 0.00s)
📦 COPIED from HDD: /media/HDD/Projects/ExpDFS/graph_4000_252982_POWLAW_1647170069535670909.txt -> /home/shahbazk/Projects/DFS_Semi_Streaming/input/random_graphs/graph_4000_252982_POWLAW_1647170069535670909.txt (Time: 0.00s)
📦 COPIED from HDD: /media/HDD/Projects/ExpDFS/graph_4000_252982_POWLAW_1632192924771168275.txt -> /home/shahbazk/Projects/DFS_Semi_Streaming/input/random_graphs/graph_4000_252982_POWLAW_1632192924771168275.txt (Time: 0.00s)
📦 COPIED from HDD: /media/HDD/Projects/ExpDFS/graph_4000_252982_POWLAW_4122784633514911760.txt -> /home/shahbazk/Projects/DFS_Semi_Streaming/input/random_graphs/graph_4000_252982_POWLAW_4122784633514911760.txt (Time: 0.00s)
📦 COPIED from HDD: /media/HDD/Projects/ExpDFS/graph_4000_252982_POWLAW_3272308573967577038.txt -> /home/shahbazk/Projects/DFS_Semi_Streaming/input/random_graphs/graph_4000_252982_POWLAW_3272308573967577038.txt (Time: 0.00s)
📦 COPIED from HDD: /media/HDD/Projects/ExpDFS/graph_4000_252982_POWLAW_6143643868734370809.txt -> /home/shahbazk/Projects/DFS_Semi_Streaming/input/random_graphs/graph_4000_252982_POWLAW_6143643868734370809.txt (Time: 0.00s)
📦 COPIED from HDD: /media/HDD/Projects/ExpDFS/graph_4000_252982_POWLAW_5636411189175451024.txt -> /home/shahbazk/Projects/DFS_Semi_Streaming/input/random_graphs/graph_4000_252982_POWLAW_5636411189175451024.txt (Time: 0.00s)
📦 COPIED from HDD: /media/HDD/Projects/ExpDFS/graph_4000_252982_POWLAW_8031431416522537101.txt -> /home/shahbazk/Projects/DFS_Semi_Streaming/input/random_graphs/graph_4000_252982_POWLAW_8031431416522537101.txt (Time: 0.00s)
📦 COPIED from HDD: /media/HDD/Projects/ExpDFS/graph_4000_252982_POWLAW_1024517563182776983.txt -> /home/shahbazk/Projects/DFS_Semi_Streaming/input/random_graphs/graph_4000_252982_POWLAW_1024517563182776983.txt (Time: 0.00s)
📦 COPIED from HDD: /media/HDD/Projects/ExpDFS/graph_4000_252982_POWLAW_824387247617288499.txt -> /home/shahbazk/Projects/DFS_Semi_Streaming/input/random_graphs/graph_4000_252982_POWLAW_824387247617288499.txt (Time: 0.00s)
📦 COPIED from HDD: /media/HDD/Projects/ExpDFS/graph_4000_252982_POWLAW_4552998297316576788.txt -> /home/shahbazk/Projects/DFS_Semi_Streaming/input/random_graphs/graph_4000_252982_POWLAW_4552998297316576788.txt (Time: 0.00s)
📦 COPIED from HDD: /media/HDD/Projects/ExpDFS/graph_4000_252982_POWLAW_1128313391724783137.txt -> /home/shahbazk/Projects/DFS_Semi_Streaming/input/random_graphs/graph_4000_252982_POWLAW_1128313391724783137.txt (Time: 0.00s)
📦 COPIED from HDD: /media/HDD/Projects/ExpDFS/graph_4000_252982_POWLAW_5349491008325879064.txt -> /home/shahbazk/Projects/DFS_Semi_Streaming/input/random_graphs/graph_4000_252982_POWLAW_5349491008325879064.txt (Time: 0.00s)
📦 COPIED from HDD: /media/HDD/Projects/ExpDFS/graph_4000_252982_POWLAW_716820155901718944.txt -> /home/shahbazk/Projects/DFS_Semi_Streaming/input/random_graphs/graph_4000_252982_POWLAW_716820155901718944.txt (Time: 0.00s)
📦 COPIED from HDD: /media/HDD/Projects/ExpDFS/graph_4000_252982_POWLAW_6614505080519948832.txt -> /home/shahbazk/Projects/DFS_Semi_Streaming/input/random_graphs/graph_4000_252982_POWLAW_6614505080519948832.txt (Time: 0.00s)
📦 COPIED from HDD: /media/HDD/Projects/ExpDFS/graph_4000_252982_POWLAW_7921282862123281598.txt -> /home/shahbazk/Projects/DFS_Semi_Streaming/input/random_graphs/graph_4000_252982_POWLAW_7921282862123281598.txt (Time: 0.00s)
📦 COPIED from HDD: /media/HDD/Projects/ExpDFS/graph_4000_252982_POWLAW_8718380604043999642.txt -> /home/shahbazk/Projects/DFS_Semi_Streaming/input/random_graphs/graph_4000_252982_POWLAW_8718380604043999642.txt (Time: 0.00s)
📦 COPIED from HDD: /media/HDD/Projects/ExpDFS/graph_4000_252982_POWLAW_6224222471595207695.txt -> /home/shahbazk/Projects/DFS_Semi_Streaming/input/random_graphs/graph_4000_252982_POWLAW_6224222471595207695.txt (Time: 0.00s)
📦 COPIED from HDD: /media/HDD/Projects/ExpDFS/graph_4000_252982_POWLAW_5063475852268941542.txt -> /home/shahbazk/Projects/DFS_Semi_Streaming/input/random_graphs/graph_4000_252982_POWLAW_5063475852268941542.txt (Time: 0.00s)
📦 COPIED from HDD: /media/HDD/Projects/ExpDFS/graph_4000_252982_POWLAW_4997514996153925447.txt -> /home/shahbazk/Projects/DFS_Semi_Streaming/input/random_graphs/graph_4000_252982_POWLAW_4997514996153925447.txt (Time: 0.00s)
📦 COPIED from HDD: /media/HDD/Projects/ExpDFS/graph_4000_252982_POWLAW_6529943913552561417.txt -> /home/shahbazk/Projects/DFS_Semi_Streaming/input/random_graphs/graph_4000_252982_POWLAW_6529943913552561417.txt (Time: 0.00s)
📦 COPIED from HDD: /media/HDD/Projects/ExpDFS/graph_4000_252982_POWLAW_8446481348147407377.txt -> /home/shahbazk/Projects/DFS_Semi_Streaming/input/random_graphs/graph_4000_252982_POWLAW_8446481348147407377.txt (Time: 0.00s)
📦 COPIED from HDD: /media/HDD/Projects/ExpDFS/graph_4000_252982_POWLAW_2909934787168262407.txt -> /home/shahbazk/Projects/DFS_Semi_Streaming/input/random_graphs/graph_4000_252982_POWLAW_2909934787168262407.txt (Time: 0.00s)
📦 COPIED from HDD: /media/HDD/Projects/ExpDFS/graph_4000_252982_POWLAW_1170385908854608748.txt -> /home/shahbazk/Projects/DFS_Semi_Streaming/input/random_graphs/graph_4000_252982_POWLAW_1170385908854608748.txt (Time: 0.00s)
📦 COPIED from HDD: /media/HDD/Projects/ExpDFS/graph_4000_252982_POWLAW_3817405844514670994.txt -> /home/shahbazk/Projects/DFS_Semi_Streaming/input/random_graphs/graph_4000_252982_POWLAW_3817405844514670994.txt (Time: 0.00s)
📦 COPIED from HDD: /media/HDD/Projects/ExpDFS/graph_4000_252982_POWLAW_199422815561151340.txt -> /home/shahbazk/Projects/DFS_Semi_Streaming/input/random_graphs/graph_4000_252982_POWLAW_199422815561151340.txt (Time: 0.00s)
📦 COPIED from HDD: /media/HDD/Projects/ExpDFS/graph_4000_252982_POWLAW_6022436717541034636.txt -> /home/shahbazk/Projects/DFS_Semi_Streaming/input/random_graphs/graph_4000_252982_POWLAW_6022436717541034636.txt (Time: 0.00s)
📦 COPIED from HDD: /media/HDD/Projects/ExpDFS/graph_4000_252982_POWLAW_5108599054664628607.txt -> /home/shahbazk/Projects/DFS_Semi_Streaming/input/random_graphs/graph_4000_252982_POWLAW_5108599054664628607.txt (Time: 0.00s)
📦 COPIED from HDD: /media/HDD/Projects/ExpDFS/graph_4000_252982_POWLAW_175493991617213850.txt -> /home/shahbazk/Projects/DFS_Semi_Streaming/input/random_graphs/graph_4000_252982_POWLAW_175493991617213850.txt (Time: 0.00s)
📦 COPIED from HDD: /media/HDD/Projects/ExpDFS/graph_4000_252982_POWLAW_6764066939395682287.txt -> /home/shahbazk/Projects/DFS_Semi_Streaming/input/random_graphs/graph_4000_252982_POWLAW_6764066939395682287.txt (Time: 0.00s)
📦 COPIED from HDD: /media/HDD/Projects/ExpDFS/graph_4000_252982_POWLAW_3713827327871807734.txt -> /home/shahbazk/Projects/DFS_Semi_Streaming/input/random_graphs/graph_4000_252982_POWLAW_3713827327871807734.txt (Time: 0.00s)
📦 COPIED from HDD: /media/HDD/Projects/ExpDFS/graph_4000_252982_POWLAW_7644420139408884785.txt -> /home/shahbazk/Projects/DFS_Semi_Streaming/input/random_graphs/graph_4000_252982_POWLAW_7644420139408884785.txt (Time: 0.00s)
📦 COPIED from HDD: /media/HDD/Projects/ExpDFS/graph_4000_252982_POWLAW_4250897495980125004.txt -> /home/shahbazk/Projects/DFS_Semi_Streaming/input/random_graphs/graph_4000_252982_POWLAW_4250897495980125004.txt (Time: 0.00s)
📦 COPIED from HDD: /media/HDD/Projects/ExpDFS/graph_4000_252982_POWLAW_9130666990809746335.txt -> /home/shahbazk/Projects/DFS_Semi_Streaming/input/random_graphs/graph_4000_252982_POWLAW_9130666990809746335.txt (Time: 0.00s)
📦 COPIED from HDD: /media/HDD/Projects/ExpDFS/graph_4000_252982_POWLAW_1392892770529522614.txt -> /home/shahbazk/Projects/DFS_Semi_Streaming/input/random_graphs/graph_4000_252982_POWLAW_1392892770529522614.txt (Time: 0.00s)
📦 COPIED from HDD: /media/HDD/Projects/ExpDFS/graph_4000_252982_POWLAW_1722224698700348310.txt -> /home/shahbazk/Projects/DFS_Semi_Streaming/input/random_graphs/graph_4000_252982_POWLAW_1722224698700348310.txt (Time: 0.00s)
📦 COPIED from HDD: /media/HDD/Projects/ExpDFS/graph_4000_252982_POWLAW_8794274795737982182.txt -> /home/shahbazk/Projects/DFS_Semi_Streaming/input/random_graphs/graph_4000_252982_POWLAW_8794274795737982182.txt (Time: 0.00s)
📦 COPIED from HDD: /media/HDD/Projects/ExpDFS/graph_4000_252982_POWLAW_9060210648189963449.txt -> /home/shahbazk/Projects/DFS_Semi_Streaming/input/random_graphs/graph_4000_252982_POWLAW_9060210648189963449.txt (Time: 0.00s)
📦 COPIED from HDD: /media/HDD/Projects/ExpDFS/graph_4000_252982_POWLAW_1332005502874566195.txt -> /home/shahbazk/Projects/DFS_Semi_Streaming/input/random_graphs/graph_4000_252982_POWLAW_1332005502874566195.txt (Time: 0.00s)
📦 COPIED from HDD: /media/HDD/Projects/ExpDFS/graph_4000_252982_POWLAW_8626102704817790064.txt -> /home/shahbazk/Projects/DFS_Semi_Streaming/input/random_graphs/graph_4000_252982_POWLAW_8626102704817790064.txt (Time: 0.00s)
📦 COPIED from HDD: /media/HDD/Projects/ExpDFS/graph_4000_252982_POWLAW_1458186392400727732.txt -> /home/shahbazk/Projects/DFS_Semi_Streaming/input/random_graphs/graph_4000_252982_POWLAW_1458186392400727732.txt (Time: 0.00s)
📦 COPIED from HDD: /media/HDD/Projects/ExpDFS/graph_4000_252982_POWLAW_4795749165124911768.txt -> /home/shahbazk/Projects/DFS_Semi_Streaming/input/random_graphs/graph_4000_252982_POWLAW_4795749165124911768.txt (Time: 0.00s)
📦 COPIED from HDD: /media/HDD/Projects/ExpDFS/graph_4000_252982_POWLAW_7905487461282246979.txt -> /home/shahbazk/Projects/DFS_Semi_Streaming/input/random_graphs/graph_4000_252982_POWLAW_7905487461282246979.txt (Time: 0.00s)
📦 COPIED from HDD: /media/HDD/Projects/ExpDFS/graph_4000_252982_POWLAW_4060584409398689268.txt -> /home/shahbazk/Projects/DFS_Semi_Streaming/input/random_graphs/graph_4000_252982_POWLAW_4060584409398689268.txt (Time: 0.00s)
📦 COPIED from HDD: /media/HDD/Projects/ExpDFS/graph_4000_252982_POWLAW_5894893360759659423.txt -> /home/shahbazk/Projects/DFS_Semi_Streaming/input/random_graphs/graph_4000_252982_POWLAW_5894893360759659423.txt (Time: 0.00s)
📦 COPIED from HDD: /media/HDD/Projects/ExpDFS/graph_4000_252982_POWLAW_2089506265998900862.txt -> /home/shahbazk/Projects/DFS_Semi_Streaming/input/random_graphs/graph_4000_252982_POWLAW_2089506265998900862.txt (Time: 0.00s)
📦 COPIED from HDD: /media/HDD/Projects/ExpDFS/graph_4000_252982_POWLAW_7118744415197196276.txt -> /home/shahbazk/Projects/DFS_Semi_Streaming/input/random_graphs/graph_4000_252982_POWLAW_7118744415197196276.txt (Time: 0.00s)
📦 COPIED from HDD: /media/HDD/Projects/ExpDFS/graph_4000_252982_POWLAW_7983805977214098674.txt -> /home/shahbazk/Projects/DFS_Semi_Streaming/input/random_graphs/graph_4000_252982_POWLAW_7983805977214098674.txt (Time: 0.00s)
📦 COPIED from HDD: /media/HDD/Projects/ExpDFS/graph_4000_252982_POWLAW_4940913311242578590.txt -> /home/shahbazk/Projects/DFS_Semi_Streaming/input/random_graphs/graph_4000_252982_POWLAW_4940913311242578590.txt (Time: 0.00s)
📦 COPIED from HDD: /media/HDD/Projects/ExpDFS/graph_4000_252982_POWLAW_4934890601268679176.txt -> /home/shahbazk/Projects/DFS_Semi_Streaming/input/random_graphs/graph_4000_252982_POWLAW_4934890601268679176.txt (Time: 0.00s)
📦 COPIED from HDD: /media/HDD/Projects/ExpDFS/graph_4000_252982_POWLAW_1992204328026194281.txt -> /home/shahbazk/Projects/DFS_Semi_Streaming/input/random_graphs/graph_4000_252982_POWLAW_1992204328026194281.txt (Time: 0.00s)
📦 COPIED from HDD: /media/HDD/Projects/ExpDFS/graph_4000_252982_POWLAW_5497874167834979553.txt -> /home/shahbazk/Projects/DFS_Semi_Streaming/input/random_graphs/graph_4000_252982_POWLAW_5497874167834979553.txt (Time: 0.00s)
📦 COPIED from HDD: /media/HDD/Projects/ExpDFS/graph_4000_252982_POWLAW_3221421291694197220.txt -> /home/shahbazk/Projects/DFS_Semi_Streaming/input/random_graphs/graph_4000_252982_POWLAW_3221421291694197220.txt (Time: 0.00s)
📦 COPIED from HDD: /media/HDD/Projects/ExpDFS/graph_4000_252982_POWLAW_7449662661572224354.txt -> /home/shahbazk/Projects/DFS_Semi_Streaming/input/random_graphs/graph_4000_252982_POWLAW_7449662661572224354.txt (Time: 0.00s)
📦 COPIED from HDD: /media/HDD/Projects/ExpDFS/graph_4000_252982_POWLAW_9059990922233379852.txt -> /home/shahbazk/Projects/DFS_Semi_Streaming/input/random_graphs/graph_4000_252982_POWLAW_9059990922233379852.txt (Time: 0.00s)
📦 COPIED from HDD: /media/HDD/Projects/ExpDFS/graph_4000_252982_POWLAW_2264398621601381987.txt -> /home/shahbazk/Projects/DFS_Semi_Streaming/input/random_graphs/graph_4000_252982_POWLAW_2264398621601381987.txt (Time: 0.00s)
📦 COPIED from HDD: /media/HDD/Projects/ExpDFS/graph_4500_301869_POWLAW_7032710160631691991.txt -> /home/shahbazk/Projects/DFS_Semi_Streaming/input/random_graphs/graph_4500_301869_POWLAW_7032710160631691991.txt (Time: 0.00s)
📦 COPIED from HDD: /media/HDD/Projects/ExpDFS/graph_4500_301869_POWLAW_1309542850049879452.txt -> /home/shahbazk/Projects/DFS_Semi_Streaming/input/random_graphs/graph_4500_301869_POWLAW_1309542850049879452.txt (Time: 0.00s)
📦 COPIED from HDD: /media/HDD/Projects/ExpDFS/graph_4000_252982_POWLAW_2718103348384927511.txt -> /home/shahbazk/Projects/DFS_Semi_Streaming/input/random_graphs/graph_4000_252982_POWLAW_2718103348384927511.txt (Time: 0.00s)
📦 COPIED from HDD: /media/HDD/Projects/ExpDFS/graph_4000_252982_POWLAW_8867616339855336876.txt -> /home/shahbazk/Projects/DFS_Semi_Streaming/input/random_graphs/graph_4000_252982_POWLAW_8867616339855336876.txt (Time: 0.00s)
📦 COPIED from HDD: /media/HDD/Projects/ExpDFS/graph_4500_301869_POWLAW_1250005700364523649.txt -> /home/shahbazk/Projects/DFS_Semi_Streaming/input/random_graphs/graph_4500_301869_POWLAW_1250005700364523649.txt (Time: 0.00s)
📦 COPIED from HDD: /media/HDD/Projects/ExpDFS/graph_4500_301869_POWLAW_1070244953599069350.txt -> /home/shahbazk/Projects/DFS_Semi_Streaming/input/random_graphs/graph_4500_301869_POWLAW_1070244953599069350.txt (Time: 0.00s)
📦 COPIED from HDD: /media/HDD/Projects/ExpDFS/graph_4500_301869_POWLAW_7871178979383552919.txt -> /home/shahbazk/Projects/DFS_Semi_Streaming/input/random_graphs/graph_4500_301869_POWLAW_7871178979383552919.txt (Time: 0.00s)
📦 COPIED from HDD: /media/HDD/Projects/ExpDFS/graph_4500_301869_POWLAW_1353182403971399009.txt -> /home/shahbazk/Projects/DFS_Semi_Streaming/input/random_graphs/graph_4500_301869_POWLAW_1353182403971399009.txt (Time: 0.00s)
📦 COPIED from HDD: /media/HDD/Projects/ExpDFS/graph_4500_301869_POWLAW_2429002973740178792.txt -> /home/shahbazk/Projects/DFS_Semi_Streaming/input/random_graphs/graph_4500_301869_POWLAW_2429002973740178792.txt (Time: 0.00s)
📦 COPIED from HDD: /media/HDD/Projects/ExpDFS/graph_4000_252982_POWLAW_8448596294177070022.txt -> /home/shahbazk/Projects/DFS_Semi_Streaming/input/random_graphs/graph_4000_252982_POWLAW_8448596294177070022.txt (Time: 0.00s)
📦 COPIED from HDD: /media/HDD/Projects/ExpDFS/graph_4000_252982_POWLAW_7632458674696225362.txt -> /home/shahbazk/Projects/DFS_Semi_Streaming/input/random_graphs/graph_4000_252982_POWLAW_7632458674696225362.txt (Time: 0.00s)
📦 COPIED from HDD: /media/HDD/Projects/ExpDFS/graph_4500_301869_POWLAW_7599700178212337699.txt -> /home/shahbazk/Projects/DFS_Semi_Streaming/input/random_graphs/graph_4500_301869_POWLAW_7599700178212337699.txt (Time: 0.00s)
📦 COPIED from HDD: /media/HDD/Projects/ExpDFS/graph_4500_301869_POWLAW_320375091487821987.txt -> /home/shahbazk/Projects/DFS_Semi_Streaming/input/random_graphs/graph_4500_301869_POWLAW_320375091487821987.txt (Time: 0.00s)
📦 COPIED from HDD: /media/HDD/Projects/ExpDFS/graph_4500_301869_POWLAW_6230961512046992311.txt -> /home/shahbazk/Projects/DFS_Semi_Streaming/input/random_graphs/graph_4500_301869_POWLAW_6230961512046992311.txt (Time: 0.00s)
📦 COPIED from HDD: /media/HDD/Projects/ExpDFS/graph_4500_301869_POWLAW_6522163754831416203.txt -> /home/shahbazk/Projects/DFS_Semi_Streaming/input/random_graphs/graph_4500_301869_POWLAW_6522163754831416203.txt (Time: 0.00s)
📦 COPIED from HDD: /media/HDD/Projects/ExpDFS/graph_4500_301869_POWLAW_5739955973604961613.txt -> /home/shahbazk/Projects/DFS_Semi_Streaming/input/random_graphs/graph_4500_301869_POWLAW_5739955973604961613.txt (Time: 0.00s)
📦 COPIED from HDD: /media/HDD/Projects/ExpDFS/graph_4500_301869_POWLAW_4040737767143389431.txt -> /home/shahbazk/Projects/DFS_Semi_Streaming/input/random_graphs/graph_4500_301869_POWLAW_4040737767143389431.txt (Time: 0.00s)
📦 COPIED from HDD: /media/HDD/Projects/ExpDFS/graph_4500_301869_POWLAW_5906957480796939447.txt -> /home/shahbazk/Projects/DFS_Semi_Streaming/input/random_graphs/graph_4500_301869_POWLAW_5906957480796939447.txt (Time: 0.00s)
📦 COPIED from HDD: /media/HDD/Projects/ExpDFS/graph_4500_301869_POWLAW_7663871783842725848.txt -> /home/shahbazk/Projects/DFS_Semi_Streaming/input/random_graphs/graph_4500_301869_POWLAW_7663871783842725848.txt (Time: 0.00s)
📦 COPIED from HDD: /media/HDD/Projects/ExpDFS/graph_4500_301869_POWLAW_3010622984418968408.txt -> /home/shahbazk/Projects/DFS_Semi_Streaming/input/random_graphs/graph_4500_301869_POWLAW_3010622984418968408.txt (Time: 0.00s)
📦 COPIED from HDD: /media/HDD/Projects/ExpDFS/graph_4500_301869_POWLAW_3438400432146115956.txt -> /home/shahbazk/Projects/DFS_Semi_Streaming/input/random_graphs/graph_4500_301869_POWLAW_3438400432146115956.txt (Time: 0.00s)
📦 COPIED from HDD: /media/HDD/Projects/ExpDFS/graph_4500_301869_POWLAW_5139481885857321791.txt -> /home/shahbazk/Projects/DFS_Semi_Streaming/input/random_graphs/graph_4500_301869_POWLAW_5139481885857321791.txt (Time: 0.00s)
📦 COPIED from HDD: /media/HDD/Projects/ExpDFS/graph_4500_301869_POWLAW_3881801951614183357.txt -> /home/shahbazk/Projects/DFS_Semi_Streaming/input/random_graphs/graph_4500_301869_POWLAW_3881801951614183357.txt (Time: 0.00s)
📦 COPIED from HDD: /media/HDD/Projects/ExpDFS/graph_4500_301869_POWLAW_5142811650494845597.txt -> /home/shahbazk/Projects/DFS_Semi_Streaming/input/random_graphs/graph_4500_301869_POWLAW_5142811650494845597.txt (Time: 0.00s)
📦 COPIED from HDD: /media/HDD/Projects/ExpDFS/graph_4500_301869_POWLAW_1250773459040295677.txt -> /home/shahbazk/Projects/DFS_Semi_Streaming/input/random_graphs/graph_4500_301869_POWLAW_1250773459040295677.txt (Time: 0.00s)
📦 COPIED from HDD: /media/HDD/Projects/ExpDFS/graph_4500_301869_POWLAW_5708372698381010775.txt -> /home/shahbazk/Projects/DFS_Semi_Streaming/input/random_graphs/graph_4500_301869_POWLAW_5708372698381010775.txt (Time: 0.00s)
📦 COPIED from HDD: /media/HDD/Projects/ExpDFS/graph_4500_301869_POWLAW_7473196763798409428.txt -> /home/shahbazk/Projects/DFS_Semi_Streaming/input/random_graphs/graph_4500_301869_POWLAW_7473196763798409428.txt (Time: 0.00s)
📦 COPIED from HDD: /media/HDD/Projects/ExpDFS/graph_4500_301869_POWLAW_6002685213311538187.txt -> /home/shahbazk/Projects/DFS_Semi_Streaming/input/random_graphs/graph_4500_301869_POWLAW_6002685213311538187.txt (Time: 0.00s)
📦 COPIED from HDD: /media/HDD/Projects/ExpDFS/graph_4500_301869_POWLAW_521787134863155063.txt -> /home/shahbazk/Projects/DFS_Semi_Streaming/input/random_graphs/graph_4500_301869_POWLAW_521787134863155063.txt (Time: 0.00s)
📦 COPIED from HDD: /media/HDD/Projects/ExpDFS/graph_4500_301869_POWLAW_5529616217668449934.txt -> /home/shahbazk/Projects/DFS_Semi_Streaming/input/random_graphs/graph_4500_301869_POWLAW_5529616217668449934.txt (Time: 0.00s)
📦 COPIED from HDD: /media/HDD/Projects/ExpDFS/graph_4500_301869_POWLAW_3224265581699847191.txt -> /home/shahbazk/Projects/DFS_Semi_Streaming/input/random_graphs/graph_4500_301869_POWLAW_3224265581699847191.txt (Time: 0.00s)
📦 COPIED from HDD: /media/HDD/Projects/ExpDFS/graph_4500_301869_POWLAW_1647170069535670909.txt -> /home/shahbazk/Projects/DFS_Semi_Streaming/input/random_graphs/graph_4500_301869_POWLAW_1647170069535670909.txt (Time: 0.00s)
📦 COPIED from HDD: /media/HDD/Projects/ExpDFS/graph_4500_301869_POWLAW_6938562734920028532.txt -> /home/shahbazk/Projects/DFS_Semi_Streaming/input/random_graphs/graph_4500_301869_POWLAW_6938562734920028532.txt (Time: 0.00s)
📦 COPIED from HDD: /media/HDD/Projects/ExpDFS/graph_4500_301869_POWLAW_5258051056098597521.txt -> /home/shahbazk/Projects/DFS_Semi_Streaming/input/random_graphs/graph_4500_301869_POWLAW_5258051056098597521.txt (Time: 0.00s)
📦 COPIED from HDD: /media/HDD/Projects/ExpDFS/graph_4500_301869_POWLAW_7706236040662210848.txt -> /home/shahbazk/Projects/DFS_Semi_Streaming/input/random_graphs/graph_4500_301869_POWLAW_7706236040662210848.txt (Time: 0.00s)
📦 COPIED from HDD: /media/HDD/Projects/ExpDFS/graph_4500_301869_POWLAW_6785030173969523435.txt -> /home/shahbazk/Projects/DFS_Semi_Streaming/input/random_graphs/graph_4500_301869_POWLAW_6785030173969523435.txt (Time: 0.00s)
📦 COPIED from HDD: /media/HDD/Projects/ExpDFS/graph_4500_301869_POWLAW_1731523882129807996.txt -> /home/shahbazk/Projects/DFS_Semi_Streaming/input/random_graphs/graph_4500_301869_POWLAW_1731523882129807996.txt (Time: 0.00s)
📦 COPIED from HDD: /media/HDD/Projects/ExpDFS/graph_4500_301869_POWLAW_4122784633514911760.txt -> /home/shahbazk/Projects/DFS_Semi_Streaming/input/random_graphs/graph_4500_301869_POWLAW_4122784633514911760.txt (Time: 0.00s)
📦 COPIED from HDD: /media/HDD/Projects/ExpDFS/graph_4500_301869_POWLAW_6802378520969450157.txt -> /home/shahbazk/Projects/DFS_Semi_Streaming/input/random_graphs/graph_4500_301869_POWLAW_6802378520969450157.txt (Time: 0.00s)
📦 COPIED from HDD: /media/HDD/Projects/ExpDFS/graph_4500_301869_POWLAW_7146860528564146064.txt -> /home/shahbazk/Projects/DFS_Semi_Streaming/input/random_graphs/graph_4500_301869_POWLAW_7146860528564146064.txt (Time: 0.00s)
📦 COPIED from HDD: /media/HDD/Projects/ExpDFS/graph_4500_301869_POWLAW_7161906730445628483.txt -> /home/shahbazk/Projects/DFS_Semi_Streaming/input/random_graphs/graph_4500_301869_POWLAW_7161906730445628483.txt (Time: 0.00s)
📦 COPIED from HDD: /media/HDD/Projects/ExpDFS/graph_4500_301869_POWLAW_7029781962072644698.txt -> /home/shahbazk/Projects/DFS_Semi_Streaming/input/random_graphs/graph_4500_301869_POWLAW_7029781962072644698.txt (Time: 0.00s)
📦 COPIED from HDD: /media/HDD/Projects/ExpDFS/graph_4500_301869_POWLAW_824387247617288499.txt -> /home/shahbazk/Projects/DFS_Semi_Streaming/input/random_graphs/graph_4500_301869_POWLAW_824387247617288499.txt (Time: 0.00s)
📦 COPIED from HDD: /media/HDD/Projects/ExpDFS/graph_4500_301869_POWLAW_1853590723603270879.txt -> /home/shahbazk/Projects/DFS_Semi_Streaming/input/random_graphs/graph_4500_301869_POWLAW_1853590723603270879.txt (Time: 0.00s)
📦 COPIED from HDD: /media/HDD/Projects/ExpDFS/graph_4500_301869_POWLAW_1024517563182776983.txt -> /home/shahbazk/Projects/DFS_Semi_Streaming/input/random_graphs/graph_4500_301869_POWLAW_1024517563182776983.txt (Time: 0.00s)
📦 COPIED from HDD: /media/HDD/Projects/ExpDFS/graph_4500_301869_POWLAW_7917045922527545890.txt -> /home/shahbazk/Projects/DFS_Semi_Streaming/input/random_graphs/graph_4500_301869_POWLAW_7917045922527545890.txt (Time: 0.00s)
📦 COPIED from HDD: /media/HDD/Projects/ExpDFS/graph_4500_301869_POWLAW_4552998297316576788.txt -> /home/shahbazk/Projects/DFS_Semi_Streaming/input/random_graphs/graph_4500_301869_POWLAW_4552998297316576788.txt (Time: 0.00s)
📦 COPIED from HDD: /media/HDD/Projects/ExpDFS/graph_4500_301869_POWLAW_7938560551762094560.txt -> /home/shahbazk/Projects/DFS_Semi_Streaming/input/random_graphs/graph_4500_301869_POWLAW_7938560551762094560.txt (Time: 0.00s)
📦 COPIED from HDD: /media/HDD/Projects/ExpDFS/graph_4500_301869_POWLAW_3865339568260874865.txt -> /home/shahbazk/Projects/DFS_Semi_Streaming/input/random_graphs/graph_4500_301869_POWLAW_3865339568260874865.txt (Time: 0.00s)
📦 COPIED from HDD: /media/HDD/Projects/ExpDFS/graph_4500_301869_POWLAW_1632192924771168275.txt -> /home/shahbazk/Projects/DFS_Semi_Streaming/input/random_graphs/graph_4500_301869_POWLAW_1632192924771168275.txt (Time: 0.00s)
📦 COPIED from HDD: /media/HDD/Projects/ExpDFS/graph_4500_301869_POWLAW_6614505080519948832.txt -> /home/shahbazk/Projects/DFS_Semi_Streaming/input/random_graphs/graph_4500_301869_POWLAW_6614505080519948832.txt (Time: 0.00s)
📦 COPIED from HDD: /media/HDD/Projects/ExpDFS/graph_4500_301869_POWLAW_6143643868734370809.txt -> /home/shahbazk/Projects/DFS_Semi_Streaming/input/random_graphs/graph_4500_301869_POWLAW_6143643868734370809.txt (Time: 0.00s)
📦 COPIED from HDD: /media/HDD/Projects/ExpDFS/graph_4500_301869_POWLAW_3272308573967577038.txt -> /home/shahbazk/Projects/DFS_Semi_Streaming/input/random_graphs/graph_4500_301869_POWLAW_3272308573967577038.txt (Time: 0.00s)
📦 COPIED from HDD: /media/HDD/Projects/ExpDFS/graph_4500_301869_POWLAW_4445925461710302877.txt -> /home/shahbazk/Projects/DFS_Semi_Streaming/input/random_graphs/graph_4500_301869_POWLAW_4445925461710302877.txt (Time: 0.00s)
📦 COPIED from HDD: /media/HDD/Projects/ExpDFS/graph_4500_301869_POWLAW_6224222471595207695.txt -> /home/shahbazk/Projects/DFS_Semi_Streaming/input/random_graphs/graph_4500_301869_POWLAW_6224222471595207695.txt (Time: 0.00s)
📦 COPIED from HDD: /media/HDD/Projects/ExpDFS/graph_4500_301869_POWLAW_1128313391724783137.txt -> /home/shahbazk/Projects/DFS_Semi_Streaming/input/random_graphs/graph_4500_301869_POWLAW_1128313391724783137.txt (Time: 0.00s)
📦 COPIED from HDD: /media/HDD/Projects/ExpDFS/graph_4500_301869_POWLAW_8718380604043999642.txt -> /home/shahbazk/Projects/DFS_Semi_Streaming/input/random_graphs/graph_4500_301869_POWLAW_8718380604043999642.txt (Time: 0.00s)
📦 COPIED from HDD: /media/HDD/Projects/ExpDFS/graph_4500_301869_POWLAW_716820155901718944.txt -> /home/shahbazk/Projects/DFS_Semi_Streaming/input/random_graphs/graph_4500_301869_POWLAW_716820155901718944.txt (Time: 0.00s)
📦 COPIED from HDD: /media/HDD/Projects/ExpDFS/graph_4500_301869_POWLAW_8031431416522537101.txt -> /home/shahbazk/Projects/DFS_Semi_Streaming/input/random_graphs/graph_4500_301869_POWLAW_8031431416522537101.txt (Time: 0.00s)
📦 COPIED from HDD: /media/HDD/Projects/ExpDFS/graph_4500_301869_POWLAW_5636411189175451024.txt -> /home/shahbazk/Projects/DFS_Semi_Streaming/input/random_graphs/graph_4500_301869_POWLAW_5636411189175451024.txt (Time: 0.00s)
📦 COPIED from HDD: /media/HDD/Projects/ExpDFS/graph_4500_301869_POWLAW_5349491008325879064.txt -> /home/shahbazk/Projects/DFS_Semi_Streaming/input/random_graphs/graph_4500_301869_POWLAW_5349491008325879064.txt (Time: 0.00s)
📦 COPIED from HDD: /media/HDD/Projects/ExpDFS/graph_4500_301869_POWLAW_8446481348147407377.txt -> /home/shahbazk/Projects/DFS_Semi_Streaming/input/random_graphs/graph_4500_301869_POWLAW_8446481348147407377.txt (Time: 0.00s)
📦 COPIED from HDD: /media/HDD/Projects/ExpDFS/graph_4500_301869_POWLAW_5063475852268941542.txt -> /home/shahbazk/Projects/DFS_Semi_Streaming/input/random_graphs/graph_4500_301869_POWLAW_5063475852268941542.txt (Time: 0.00s)
📦 COPIED from HDD: /media/HDD/Projects/ExpDFS/graph_4500_301869_POWLAW_4997514996153925447.txt -> /home/shahbazk/Projects/DFS_Semi_Streaming/input/random_graphs/graph_4500_301869_POWLAW_4997514996153925447.txt (Time: 0.08s)
📦 COPIED from HDD: /media/HDD/Projects/ExpDFS/graph_4500_301869_POWLAW_7921282862123281598.txt -> /home/shahbazk/Projects/DFS_Semi_Streaming/input/random_graphs/graph_4500_301869_POWLAW_7921282862123281598.txt (Time: 0.07s)
📦 COPIED from HDD: /media/HDD/Projects/ExpDFS/graph_4500_301869_POWLAW_2909934787168262407.txt -> /home/shahbazk/Projects/DFS_Semi_Streaming/input/random_graphs/graph_4500_301869_POWLAW_2909934787168262407.txt (Time: 0.00s)
📦 COPIED from HDD: /media/HDD/Projects/ExpDFS/graph_4500_301869_POWLAW_3713827327871807734.txt -> /home/shahbazk/Projects/DFS_Semi_Streaming/input/random_graphs/graph_4500_301869_POWLAW_3713827327871807734.txt (Time: 0.00s)
📦 COPIED from HDD: /media/HDD/Projects/ExpDFS/graph_4500_301869_POWLAW_1458186392400727732.txt -> /home/shahbazk/Projects/DFS_Semi_Streaming/input/random_graphs/graph_4500_301869_POWLAW_1458186392400727732.txt (Time: 0.00s)
📦 COPIED from HDD: /media/HDD/Projects/ExpDFS/graph_4500_301869_POWLAW_1392892770529522614.txt -> /home/shahbazk/Projects/DFS_Semi_Streaming/input/random_graphs/graph_4500_301869_POWLAW_1392892770529522614.txt (Time: 0.00s)
📦 COPIED from HDD: /media/HDD/Projects/ExpDFS/graph_4500_301869_POWLAW_175493991617213850.txt -> /home/shahbazk/Projects/DFS_Semi_Streaming/input/random_graphs/graph_4500_301869_POWLAW_175493991617213850.txt (Time: 0.00s)
📦 COPIED from HDD: /media/HDD/Projects/ExpDFS/graph_4500_301869_POWLAW_8794274795737982182.txt -> /home/shahbazk/Projects/DFS_Semi_Streaming/input/random_graphs/graph_4500_301869_POWLAW_8794274795737982182.txt (Time: 0.00s)
📦 COPIED from HDD: /media/HDD/Projects/ExpDFS/graph_4500_301869_POWLAW_3817405844514670994.txt -> /home/shahbazk/Projects/DFS_Semi_Streaming/input/random_graphs/graph_4500_301869_POWLAW_3817405844514670994.txt (Time: 0.00s)
📦 COPIED from HDD: /media/HDD/Projects/ExpDFS/graph_4500_301869_POWLAW_7644420139408884785.txt -> /home/shahbazk/Projects/DFS_Semi_Streaming/input/random_graphs/graph_4500_301869_POWLAW_7644420139408884785.txt (Time: 0.00s)
📦 COPIED from HDD: /media/HDD/Projects/ExpDFS/graph_4500_301869_POWLAW_6022436717541034636.txt -> /home/shahbazk/Projects/DFS_Semi_Streaming/input/random_graphs/graph_4500_301869_POWLAW_6022436717541034636.txt (Time: 0.00s)
📦 COPIED from HDD: /media/HDD/Projects/ExpDFS/graph_4500_301869_POWLAW_5497874167834979553.txt -> /home/shahbazk/Projects/DFS_Semi_Streaming/input/random_graphs/graph_4500_301869_POWLAW_5497874167834979553.txt (Time: 0.00s)
📦 COPIED from HDD: /media/HDD/Projects/ExpDFS/graph_4500_301869_POWLAW_1170385908854608748.txt -> /home/shahbazk/Projects/DFS_Semi_Streaming/input/random_graphs/graph_4500_301869_POWLAW_1170385908854608748.txt (Time: 0.00s)
📦 COPIED from HDD: /media/HDD/Projects/ExpDFS/graph_4500_301869_POWLAW_199422815561151340.txt -> /home/shahbazk/Projects/DFS_Semi_Streaming/input/random_graphs/graph_4500_301869_POWLAW_199422815561151340.txt (Time: 0.00s)
📦 COPIED from HDD: /media/HDD/Projects/ExpDFS/graph_4500_301869_POWLAW_1722224698700348310.txt -> /home/shahbazk/Projects/DFS_Semi_Streaming/input/random_graphs/graph_4500_301869_POWLAW_1722224698700348310.txt (Time: 0.00s)
📦 COPIED from HDD: /media/HDD/Projects/ExpDFS/graph_4500_301869_POWLAW_5894893360759659423.txt -> /home/shahbazk/Projects/DFS_Semi_Streaming/input/random_graphs/graph_4500_301869_POWLAW_5894893360759659423.txt (Time: 0.00s)
📦 COPIED from HDD: /media/HDD/Projects/ExpDFS/graph_4500_301869_POWLAW_3221421291694197220.txt -> /home/shahbazk/Projects/DFS_Semi_Streaming/input/random_graphs/graph_4500_301869_POWLAW_3221421291694197220.txt (Time: 0.00s)
📦 COPIED from HDD: /media/HDD/Projects/ExpDFS/graph_4500_301869_POWLAW_7983805977214098674.txt -> /home/shahbazk/Projects/DFS_Semi_Streaming/input/random_graphs/graph_4500_301869_POWLAW_7983805977214098674.txt (Time: 0.00s)
📦 COPIED from HDD: /media/HDD/Projects/ExpDFS/graph_4500_301869_POWLAW_2089506265998900862.txt -> /home/shahbazk/Projects/DFS_Semi_Streaming/input/random_graphs/graph_4500_301869_POWLAW_2089506265998900862.txt (Time: 0.00s)
📦 COPIED from HDD: /media/HDD/Projects/ExpDFS/graph_4500_301869_POWLAW_4940913311242578590.txt -> /home/shahbazk/Projects/DFS_Semi_Streaming/input/random_graphs/graph_4500_301869_POWLAW_4940913311242578590.txt (Time: 0.00s)
📦 COPIED from HDD: /media/HDD/Projects/ExpDFS/graph_4500_301869_POWLAW_9130666990809746335.txt -> /home/shahbazk/Projects/DFS_Semi_Streaming/input/random_graphs/graph_4500_301869_POWLAW_9130666990809746335.txt (Time: 0.00s)
📦 COPIED from HDD: /media/HDD/Projects/ExpDFS/graph_4500_301869_POWLAW_5108599054664628607.txt -> /home/shahbazk/Projects/DFS_Semi_Streaming/input/random_graphs/graph_4500_301869_POWLAW_5108599054664628607.txt (Time: 0.00s)
📦 COPIED from HDD: /media/HDD/Projects/ExpDFS/graph_4500_301869_POWLAW_4060584409398689268.txt -> /home/shahbazk/Projects/DFS_Semi_Streaming/input/random_graphs/graph_4500_301869_POWLAW_4060584409398689268.txt (Time: 0.00s)
📦 COPIED from HDD: /media/HDD/Projects/ExpDFS/graph_4500_301869_POWLAW_6529943913552561417.txt -> /home/shahbazk/Projects/DFS_Semi_Streaming/input/random_graphs/graph_4500_301869_POWLAW_6529943913552561417.txt (Time: 0.00s)
📦 COPIED from HDD: /media/HDD/Projects/ExpDFS/graph_4500_301869_POWLAW_8867616339855336876.txt -> /home/shahbazk/Projects/DFS_Semi_Streaming/input/random_graphs/graph_4500_301869_POWLAW_8867616339855336876.txt (Time: 0.00s)
📦 COPIED from HDD: /media/HDD/Projects/ExpDFS/graph_4500_301869_POWLAW_4250897495980125004.txt -> /home/shahbazk/Projects/DFS_Semi_Streaming/input/random_graphs/graph_4500_301869_POWLAW_4250897495980125004.txt (Time: 0.00s)
📦 COPIED from HDD: /media/HDD/Projects/ExpDFS/graph_4500_301869_POWLAW_1332005502874566195.txt -> /home/shahbazk/Projects/DFS_Semi_Streaming/input/random_graphs/graph_4500_301869_POWLAW_1332005502874566195.txt (Time: 0.00s)
📦 COPIED from HDD: /media/HDD/Projects/ExpDFS/graph_4500_301869_POWLAW_8626102704817790064.txt -> /home/shahbazk/Projects/DFS_Semi_Streaming/input/random_graphs/graph_4500_301869_POWLAW_8626102704817790064.txt (Time: 0.00s)
📦 COPIED from HDD: /media/HDD/Projects/ExpDFS/graph_4500_301869_POWLAW_9060210648189963449.txt -> /home/shahbazk/Projects/DFS_Semi_Streaming/input/random_graphs/graph_4500_301869_POWLAW_9060210648189963449.txt (Time: 0.00s)
📦 COPIED from HDD: /media/HDD/Projects/ExpDFS/graph_4500_301869_POWLAW_6764066939395682287.txt -> /home/shahbazk/Projects/DFS_Semi_Streaming/input/random_graphs/graph_4500_301869_POWLAW_6764066939395682287.txt (Time: 0.00s)
📦 COPIED from HDD: /media/HDD/Projects/ExpDFS/graph_5000_353553_POWLAW_6230961512046992311.txt -> /home/shahbazk/Projects/DFS_Semi_Streaming/input/random_graphs/graph_5000_353553_POWLAW_6230961512046992311.txt (Time: 0.00s)
📦 COPIED from HDD: /media/HDD/Projects/ExpDFS/graph_4500_301869_POWLAW_4795749165124911768.txt -> /home/shahbazk/Projects/DFS_Semi_Streaming/input/random_graphs/graph_4500_301869_POWLAW_4795749165124911768.txt (Time: 0.00s)
📦 COPIED from HDD: /media/HDD/Projects/ExpDFS/graph_4500_301869_POWLAW_1992204328026194281.txt -> /home/shahbazk/Projects/DFS_Semi_Streaming/input/random_graphs/graph_4500_301869_POWLAW_1992204328026194281.txt (Time: 0.00s)
📦 COPIED from HDD: /media/HDD/Projects/ExpDFS/graph_4500_301869_POWLAW_7632458674696225362.txt -> /home/shahbazk/Projects/DFS_Semi_Streaming/input/random_graphs/graph_4500_301869_POWLAW_7632458674696225362.txt (Time: 0.00s)
📦 COPIED from HDD: /media/HDD/Projects/ExpDFS/graph_5000_353553_POWLAW_7871178979383552919.txt -> /home/shahbazk/Projects/DFS_Semi_Streaming/input/random_graphs/graph_5000_353553_POWLAW_7871178979383552919.txt (Time: 0.00s)
📦 COPIED from HDD: /media/HDD/Projects/ExpDFS/graph_4500_301869_POWLAW_2718103348384927511.txt -> /home/shahbazk/Projects/DFS_Semi_Streaming/input/random_graphs/graph_4500_301869_POWLAW_2718103348384927511.txt (Time: 0.00s)
📦 COPIED from HDD: /media/HDD/Projects/ExpDFS/graph_4500_301869_POWLAW_7449662661572224354.txt -> /home/shahbazk/Projects/DFS_Semi_Streaming/input/random_graphs/graph_4500_301869_POWLAW_7449662661572224354.txt (Time: 0.00s)
📦 COPIED from HDD: /media/HDD/Projects/ExpDFS/graph_4500_301869_POWLAW_8448596294177070022.txt -> /home/shahbazk/Projects/DFS_Semi_Streaming/input/random_graphs/graph_4500_301869_POWLAW_8448596294177070022.txt (Time: 0.00s)
📦 COPIED from HDD: /media/HDD/Projects/ExpDFS/graph_4500_301869_POWLAW_7905487461282246979.txt -> /home/shahbazk/Projects/DFS_Semi_Streaming/input/random_graphs/graph_4500_301869_POWLAW_7905487461282246979.txt (Time: 0.00s)
📦 COPIED from HDD: /media/HDD/Projects/ExpDFS/graph_5000_353553_POWLAW_5739955973604961613.txt -> /home/shahbazk/Projects/DFS_Semi_Streaming/input/random_graphs/graph_5000_353553_POWLAW_5739955973604961613.txt (Time: 0.00s)
📦 COPIED from HDD: /media/HDD/Projects/ExpDFS/graph_4500_301869_POWLAW_4934890601268679176.txt -> /home/shahbazk/Projects/DFS_Semi_Streaming/input/random_graphs/graph_4500_301869_POWLAW_4934890601268679176.txt (Time: 0.00s)
📦 COPIED from HDD: /media/HDD/Projects/ExpDFS/graph_5000_353553_POWLAW_7032710160631691991.txt -> /home/shahbazk/Projects/DFS_Semi_Streaming/input/random_graphs/graph_5000_353553_POWLAW_7032710160631691991.txt (Time: 0.00s)
📦 COPIED from HDD: /media/HDD/Projects/ExpDFS/graph_4500_301869_POWLAW_9059990922233379852.txt -> /home/shahbazk/Projects/DFS_Semi_Streaming/input/random_graphs/graph_4500_301869_POWLAW_9059990922233379852.txt (Time: 0.00s)
📦 COPIED from HDD: /media/HDD/Projects/ExpDFS/graph_5000_353553_POWLAW_3881801951614183357.txt -> /home/shahbazk/Projects/DFS_Semi_Streaming/input/random_graphs/graph_5000_353553_POWLAW_3881801951614183357.txt (Time: 0.00s)
📦 COPIED from HDD: /media/HDD/Projects/ExpDFS/graph_5000_353553_POWLAW_7599700178212337699.txt -> /home/shahbazk/Projects/DFS_Semi_Streaming/input/random_graphs/graph_5000_353553_POWLAW_7599700178212337699.txt (Time: 0.00s)
📦 COPIED from HDD: /media/HDD/Projects/ExpDFS/graph_4500_301869_POWLAW_2264398621601381987.txt -> /home/shahbazk/Projects/DFS_Semi_Streaming/input/random_graphs/graph_4500_301869_POWLAW_2264398621601381987.txt (Time: 0.00s)
📦 COPIED from HDD: /media/HDD/Projects/ExpDFS/graph_4500_301869_POWLAW_7118744415197196276.txt -> /home/shahbazk/Projects/DFS_Semi_Streaming/input/random_graphs/graph_4500_301869_POWLAW_7118744415197196276.txt (Time: 0.00s)
📦 COPIED from HDD: /media/HDD/Projects/ExpDFS/graph_5000_353553_POWLAW_320375091487821987.txt -> /home/shahbazk/Projects/DFS_Semi_Streaming/input/random_graphs/graph_5000_353553_POWLAW_320375091487821987.txt (Time: 0.00s)
📦 COPIED from HDD: /media/HDD/Projects/ExpDFS/graph_5000_353553_POWLAW_1353182403971399009.txt -> /home/shahbazk/Projects/DFS_Semi_Streaming/input/random_graphs/graph_5000_353553_POWLAW_1353182403971399009.txt (Time: 0.00s)
📦 COPIED from HDD: /media/HDD/Projects/ExpDFS/graph_5000_353553_POWLAW_1250005700364523649.txt -> /home/shahbazk/Projects/DFS_Semi_Streaming/input/random_graphs/graph_5000_353553_POWLAW_1250005700364523649.txt (Time: 0.00s)
📦 COPIED from HDD: /media/HDD/Projects/ExpDFS/graph_5000_353553_POWLAW_4040737767143389431.txt -> /home/shahbazk/Projects/DFS_Semi_Streaming/input/random_graphs/graph_5000_353553_POWLAW_4040737767143389431.txt (Time: 0.00s)
📦 COPIED from HDD: /media/HDD/Projects/ExpDFS/graph_5000_353553_POWLAW_6522163754831416203.txt -> /home/shahbazk/Projects/DFS_Semi_Streaming/input/random_graphs/graph_5000_353553_POWLAW_6522163754831416203.txt (Time: 0.00s)
📦 COPIED from HDD: /media/HDD/Projects/ExpDFS/graph_5000_353553_POWLAW_6938562734920028532.txt -> /home/shahbazk/Projects/DFS_Semi_Streaming/input/random_graphs/graph_5000_353553_POWLAW_6938562734920028532.txt (Time: 0.00s)
📦 COPIED from HDD: /media/HDD/Projects/ExpDFS/graph_5000_353553_POWLAW_5906957480796939447.txt -> /home/shahbazk/Projects/DFS_Semi_Streaming/input/random_graphs/graph_5000_353553_POWLAW_5906957480796939447.txt (Time: 0.00s)
📦 COPIED from HDD: /media/HDD/Projects/ExpDFS/graph_5000_353553_POWLAW_2429002973740178792.txt -> /home/shahbazk/Projects/DFS_Semi_Streaming/input/random_graphs/graph_5000_353553_POWLAW_2429002973740178792.txt (Time: 0.00s)
📦 COPIED from HDD: /media/HDD/Projects/ExpDFS/graph_5000_353553_POWLAW_3438400432146115956.txt -> /home/shahbazk/Projects/DFS_Semi_Streaming/input/random_graphs/graph_5000_353553_POWLAW_3438400432146115956.txt (Time: 0.00s)
📦 COPIED from HDD: /media/HDD/Projects/ExpDFS/graph_5000_353553_POWLAW_7146860528564146064.txt -> /home/shahbazk/Projects/DFS_Semi_Streaming/input/random_graphs/graph_5000_353553_POWLAW_7146860528564146064.txt (Time: 0.00s)
📦 COPIED from HDD: /media/HDD/Projects/ExpDFS/graph_5000_353553_POWLAW_1250773459040295677.txt -> /home/shahbazk/Projects/DFS_Semi_Streaming/input/random_graphs/graph_5000_353553_POWLAW_1250773459040295677.txt (Time: 0.00s)
📦 COPIED from HDD: /media/HDD/Projects/ExpDFS/graph_5000_353553_POWLAW_1070244953599069350.txt -> /home/shahbazk/Projects/DFS_Semi_Streaming/input/random_graphs/graph_5000_353553_POWLAW_1070244953599069350.txt (Time: 0.00s)
📦 COPIED from HDD: /media/HDD/Projects/ExpDFS/graph_5000_353553_POWLAW_7663871783842725848.txt -> /home/shahbazk/Projects/DFS_Semi_Streaming/input/random_graphs/graph_5000_353553_POWLAW_7663871783842725848.txt (Time: 0.00s)
📦 COPIED from HDD: /media/HDD/Projects/ExpDFS/graph_5000_353553_POWLAW_1309542850049879452.txt -> /home/shahbazk/Projects/DFS_Semi_Streaming/input/random_graphs/graph_5000_353553_POWLAW_1309542850049879452.txt (Time: 0.00s)
