Generating graphs for 35 (n,m) pairs with 100 iterations each
Total graphs to generate: 3500
Using 30 parallel processes
Graph type: UNIFORM
Sparsity: 3
✓ Generated graph n=10, m=31, seed=7663871783842725848, type=UNIFORM -> ./input/random_graphs/graph_10_31_UNIFORM_7663871783842725848.txt (Time: 0.00s)
✓ Generated graph n=10, m=31, seed=3881801951614183357, type=UNIFORM -> ./input/random_graphs/graph_10_31_UNIFORM_3881801951614183357.txt (Time: 0.00s)
✓ Generated graph n=10, m=31, seed=1353182403971399009, type=UNIFORM -> ./input/random_graphs/graph_10_31_UNIFORM_1353182403971399009.txt (Time: 0.01s)
✓ Generated graph n=10, m=31, seed=7871178979383552919, type=UNIFORM -> ./input/random_graphs/graph_10_31_UNIFORM_7871178979383552919.txt (Time: 0.00s)
✓ Generated graph n=10, m=31, seed=5739955973604961613, type=UNIFORM -> ./input/random_graphs/graph_10_31_UNIFORM_5739955973604961613.txt (Time: 0.01s)
✓ Generated graph n=10, m=31, seed=6938562734920028532, type=UNIFORM -> ./input/random_graphs/graph_10_31_UNIFORM_6938562734920028532.txt (Time: 0.01s)
✓ Generated graph n=10, m=31, seed=7599700178212337699, type=UNIFORM -> ./input/random_graphs/graph_10_31_UNIFORM_7599700178212337699.txt (Time: 0.01s)
✓ Generated graph n=10, m=31, seed=1309542850049879452, type=UNIFORM -> ./input/random_graphs/graph_10_31_UNIFORM_1309542850049879452.txt (Time: 0.00s)
✓ Generated graph n=10, m=31, seed=1250005700364523649, type=UNIFORM -> ./input/random_graphs/graph_10_31_UNIFORM_1250005700364523649.txt (Time: 0.01s)
✓ Generated graph n=10, m=31, seed=7032710160631691991, type=UNIFORM -> ./input/random_graphs/graph_10_31_UNIFORM_7032710160631691991.txt (Time: 0.01s)
✓ Generated graph n=10, m=31, seed=6230961512046992311, type=UNIFORM -> ./input/random_graphs/graph_10_31_UNIFORM_6230961512046992311.txt (Time: 0.00s)
✓ Generated graph n=10, m=31, seed=6522163754831416203, type=UNIFORM -> ./input/random_graphs/graph_10_31_UNIFORM_6522163754831416203.txt (Time: 0.01s)
✓ Generated graph n=10, m=31, seed=7146860528564146064, type=UNIFORM -> ./input/random_graphs/graph_10_31_UNIFORM_7146860528564146064.txt (Time: 0.00s)
✓ Generated graph n=10, m=31, seed=1070244953599069350, type=UNIFORM -> ./input/random_graphs/graph_10_31_UNIFORM_1070244953599069350.txt (Time: 0.01s)
✓ Generated graph n=10, m=31, seed=2429002973740178792, type=UNIFORM -> ./input/random_graphs/graph_10_31_UNIFORM_2429002973740178792.txt (Time: 0.01s)
✓ Generated graph n=10, m=31, seed=4040737767143389431, type=UNIFORM -> ./input/random_graphs/graph_10_31_UNIFORM_4040737767143389431.txt (Time: 0.01s)
✓ Generated graph n=10, m=31, seed=320375091487821987, type=UNIFORM -> ./input/random_graphs/graph_10_31_UNIFORM_320375091487821987.txt (Time: 0.01s)
✓ Generated graph n=10, m=31, seed=5906957480796939447, type=UNIFORM -> ./input/random_graphs/graph_10_31_UNIFORM_5906957480796939447.txt (Time: 0.01s)
✓ Generated graph n=10, m=31, seed=6002685213311538187, type=UNIFORM -> ./input/random_graphs/graph_10_31_UNIFORM_6002685213311538187.txt (Time: 0.00s)
✓ Generated graph n=10, m=31, seed=3438400432146115956, type=UNIFORM -> ./input/random_graphs/graph_10_31_UNIFORM_3438400432146115956.txt (Time: 0.01s)
✓ Generated graph n=10, m=31, seed=1731523882129807996, type=UNIFORM -> ./input/random_graphs/graph_10_31_UNIFORM_1731523882129807996.txt (Time: 0.00s)
✓ Generated graph n=10, m=31, seed=5139481885857321791, type=UNIFORM -> ./input/random_graphs/graph_10_31_UNIFORM_5139481885857321791.txt (Time: 0.01s)
✓ Generated graph n=10, m=31, seed=6785030173969523435, type=UNIFORM -> ./input/random_graphs/graph_10_31_UNIFORM_6785030173969523435.txt (Time: 0.00s)
✓ Generated graph n=10, m=31, seed=1647170069535670909, type=UNIFORM -> ./input/random_graphs/graph_10_31_UNIFORM_1647170069535670909.txt (Time: 0.00s)
✓ Generated graph n=10, m=31, seed=5258051056098597521, type=UNIFORM -> ./input/random_graphs/graph_10_31_UNIFORM_5258051056098597521.txt (Time: 0.00s)
✓ Generated graph n=10, m=31, seed=1250773459040295677, type=UNIFORM -> ./input/random_graphs/graph_10_31_UNIFORM_1250773459040295677.txt (Time: 0.01s)
✓ Generated graph n=10, m=31, seed=5529616217668449934, type=UNIFORM -> ./input/random_graphs/graph_10_31_UNIFORM_5529616217668449934.txt (Time: 0.00s)
✓ Generated graph n=10, m=31, seed=5708372698381010775, type=UNIFORM -> ./input/random_graphs/graph_10_31_UNIFORM_5708372698381010775.txt (Time: 0.01s)
✓ Generated graph n=10, m=31, seed=7029781962072644698, type=UNIFORM -> ./input/random_graphs/graph_10_31_UNIFORM_7029781962072644698.txt (Time: 0.00s)
✓ Generated graph n=10, m=31, seed=4122784633514911760, type=UNIFORM -> ./input/random_graphs/graph_10_31_UNIFORM_4122784633514911760.txt (Time: 0.00s)
✓ Generated graph n=10, m=31, seed=1853590723603270879, type=UNIFORM -> ./input/random_graphs/graph_10_31_UNIFORM_1853590723603270879.txt (Time: 0.01s)
✓ Generated graph n=10, m=31, seed=521787134863155063, type=UNIFORM -> ./input/random_graphs/graph_10_31_UNIFORM_521787134863155063.txt (Time: 0.01s)
✓ Generated graph n=10, m=31, seed=1024517563182776983, type=UNIFORM -> ./input/random_graphs/graph_10_31_UNIFORM_1024517563182776983.txt (Time: 0.00s)
✓ Generated graph n=10, m=31, seed=3010622984418968408, type=UNIFORM -> ./input/random_graphs/graph_10_31_UNIFORM_3010622984418968408.txt (Time: 0.01s)
✓ Generated graph n=10, m=31, seed=5142811650494845597, type=UNIFORM -> ./input/random_graphs/graph_10_31_UNIFORM_5142811650494845597.txt (Time: 0.01s)
✓ Generated graph n=10, m=31, seed=7473196763798409428, type=UNIFORM -> ./input/random_graphs/graph_10_31_UNIFORM_7473196763798409428.txt (Time: 0.01s)
✓ Generated graph n=10, m=31, seed=3224265581699847191, type=UNIFORM -> ./input/random_graphs/graph_10_31_UNIFORM_3224265581699847191.txt (Time: 0.00s)
✓ Generated graph n=10, m=31, seed=1632192924771168275, type=UNIFORM -> ./input/random_graphs/graph_10_31_UNIFORM_1632192924771168275.txt (Time: 0.00s)
✓ Generated graph n=10, m=31, seed=824387247617288499, type=UNIFORM -> ./input/random_graphs/graph_10_31_UNIFORM_824387247617288499.txt (Time: 0.00s)
✓ Generated graph n=10, m=31, seed=6143643868734370809, type=UNIFORM -> ./input/random_graphs/graph_10_31_UNIFORM_6143643868734370809.txt (Time: 0.00s)
✓ Generated graph n=10, m=31, seed=7706236040662210848, type=UNIFORM -> ./input/random_graphs/graph_10_31_UNIFORM_7706236040662210848.txt (Time: 0.00s)
✓ Generated graph n=10, m=31, seed=7161906730445628483, type=UNIFORM -> ./input/random_graphs/graph_10_31_UNIFORM_7161906730445628483.txt (Time: 0.00s)
✓ Generated graph n=10, m=31, seed=3272308573967577038, type=UNIFORM -> ./input/random_graphs/graph_10_31_UNIFORM_3272308573967577038.txt (Time: 0.00s)
✓ Generated graph n=10, m=31, seed=6802378520969450157, type=UNIFORM -> ./input/random_graphs/graph_10_31_UNIFORM_6802378520969450157.txt (Time: 0.00s)
✓ Generated graph n=10, m=31, seed=5636411189175451024, type=UNIFORM -> ./input/random_graphs/graph_10_31_UNIFORM_5636411189175451024.txt (Time: 0.00s)
✓ Generated graph n=10, m=31, seed=4552998297316576788, type=UNIFORM -> ./input/random_graphs/graph_10_31_UNIFORM_4552998297316576788.txt (Time: 0.00s)
✓ Generated graph n=10, m=31, seed=4445925461710302877, type=UNIFORM -> ./input/random_graphs/graph_10_31_UNIFORM_4445925461710302877.txt (Time: 0.00s)
✓ Generated graph n=10, m=31, seed=3865339568260874865, type=UNIFORM -> ./input/random_graphs/graph_10_31_UNIFORM_3865339568260874865.txt (Time: 0.00s)
✓ Generated graph n=10, m=31, seed=8031431416522537101, type=UNIFORM -> ./input/random_graphs/graph_10_31_UNIFORM_8031431416522537101.txt (Time: 0.01s)
✓ Generated graph n=10, m=31, seed=5349491008325879064, type=UNIFORM -> ./input/random_graphs/graph_10_31_UNIFORM_5349491008325879064.txt (Time: 0.00s)
✓ Generated graph n=10, m=31, seed=6614505080519948832, type=UNIFORM -> ./input/random_graphs/graph_10_31_UNIFORM_6614505080519948832.txt (Time: 0.00s)
✓ Generated graph n=10, m=31, seed=7938560551762094560, type=UNIFORM -> ./input/random_graphs/graph_10_31_UNIFORM_7938560551762094560.txt (Time: 0.00s)
✓ Generated graph n=10, m=31, seed=7917045922527545890, type=UNIFORM -> ./input/random_graphs/graph_10_31_UNIFORM_7917045922527545890.txt (Time: 0.00s)
✓ Generated graph n=10, m=31, seed=1128313391724783137, type=UNIFORM -> ./input/random_graphs/graph_10_31_UNIFORM_1128313391724783137.txt (Time: 0.00s)
✓ Generated graph n=10, m=31, seed=199422815561151340, type=UNIFORM -> ./input/random_graphs/graph_10_31_UNIFORM_199422815561151340.txt (Time: 0.00s)
✓ Generated graph n=10, m=31, seed=8718380604043999642, type=UNIFORM -> ./input/random_graphs/graph_10_31_UNIFORM_8718380604043999642.txt (Time: 0.00s)
✓ Generated graph n=10, m=31, seed=8446481348147407377, type=UNIFORM -> ./input/random_graphs/graph_10_31_UNIFORM_8446481348147407377.txt (Time: 0.00s)
✓ Generated graph n=10, m=31, seed=175493991617213850, type=UNIFORM -> ./input/random_graphs/graph_10_31_UNIFORM_175493991617213850.txt (Time: 0.00s)
✓ Generated graph n=10, m=31, seed=4997514996153925447, type=UNIFORM -> ./input/random_graphs/graph_10_31_UNIFORM_4997514996153925447.txt (Time: 0.00s)
✓ Generated graph n=10, m=31, seed=7921282862123281598, type=UNIFORM -> ./input/random_graphs/graph_10_31_UNIFORM_7921282862123281598.txt (Time: 0.01s)
✓ Generated graph n=10, m=31, seed=6224222471595207695, type=UNIFORM -> ./input/random_graphs/graph_10_31_UNIFORM_6224222471595207695.txt (Time: 0.01s)
✓ Generated graph n=10, m=31, seed=716820155901718944, type=UNIFORM -> ./input/random_graphs/graph_10_31_UNIFORM_716820155901718944.txt (Time: 0.01s)
✓ Generated graph n=10, m=31, seed=1170385908854608748, type=UNIFORM -> ./input/random_graphs/graph_10_31_UNIFORM_1170385908854608748.txt (Time: 0.00s)
✓ Generated graph n=10, m=31, seed=5063475852268941542, type=UNIFORM -> ./input/random_graphs/graph_10_31_UNIFORM_5063475852268941542.txt (Time: 0.01s)
✓ Generated graph n=10, m=31, seed=2909934787168262407, type=UNIFORM -> ./input/random_graphs/graph_10_31_UNIFORM_2909934787168262407.txt (Time: 0.00s)
✓ Generated graph n=10, m=31, seed=6022436717541034636, type=UNIFORM -> ./input/random_graphs/graph_10_31_UNIFORM_6022436717541034636.txt (Time: 0.00s)
✓ Generated graph n=10, m=31, seed=5108599054664628607, type=UNIFORM -> ./input/random_graphs/graph_10_31_UNIFORM_5108599054664628607.txt (Time: 0.00s)
✓ Generated graph n=10, m=31, seed=9060210648189963449, type=UNIFORM -> ./input/random_graphs/graph_10_31_UNIFORM_9060210648189963449.txt (Time: 0.00s)
✓ Generated graph n=10, m=31, seed=8794274795737982182, type=UNIFORM -> ./input/random_graphs/graph_10_31_UNIFORM_8794274795737982182.txt (Time: 0.00s)
✓ Generated graph n=10, m=31, seed=4250897495980125004, type=UNIFORM -> ./input/random_graphs/graph_10_31_UNIFORM_4250897495980125004.txt (Time: 0.00s)
✓ Generated graph n=10, m=31, seed=9130666990809746335, type=UNIFORM -> ./input/random_graphs/graph_10_31_UNIFORM_9130666990809746335.txt (Time: 0.00s)
✓ Generated graph n=10, m=31, seed=6529943913552561417, type=UNIFORM -> ./input/random_graphs/graph_10_31_UNIFORM_6529943913552561417.txt (Time: 0.01s)
✓ Generated graph n=10, m=31, seed=3713827327871807734, type=UNIFORM -> ./input/random_graphs/graph_10_31_UNIFORM_3713827327871807734.txt (Time: 0.01s)
✓ Generated graph n=10, m=31, seed=5497874167834979553, type=UNIFORM -> ./input/random_graphs/graph_10_31_UNIFORM_5497874167834979553.txt (Time: 0.00s)
✓ Generated graph n=10, m=31, seed=3817405844514670994, type=UNIFORM -> ./input/random_graphs/graph_10_31_UNIFORM_3817405844514670994.txt (Time: 0.01s)
✓ Generated graph n=10, m=31, seed=1458186392400727732, type=UNIFORM -> ./input/random_graphs/graph_10_31_UNIFORM_1458186392400727732.txt (Time: 0.00s)
✓ Generated graph n=10, m=31, seed=7644420139408884785, type=UNIFORM -> ./input/random_graphs/graph_10_31_UNIFORM_7644420139408884785.txt (Time: 0.00s)
✓ Generated graph n=10, m=31, seed=6764066939395682287, type=UNIFORM -> ./input/random_graphs/graph_10_31_UNIFORM_6764066939395682287.txt (Time: 0.00s)
✓ Generated graph n=10, m=31, seed=1392892770529522614, type=UNIFORM -> ./input/random_graphs/graph_10_31_UNIFORM_1392892770529522614.txt (Time: 0.00s)
✓ Generated graph n=10, m=31, seed=8448596294177070022, type=UNIFORM -> ./input/random_graphs/graph_10_31_UNIFORM_8448596294177070022.txt (Time: 0.00s)
✓ Generated graph n=10, m=31, seed=1722224698700348310, type=UNIFORM -> ./input/random_graphs/graph_10_31_UNIFORM_1722224698700348310.txt (Time: 0.00s)
✓ Generated graph n=10, m=31, seed=2089506265998900862, type=UNIFORM -> ./input/random_graphs/graph_10_31_UNIFORM_2089506265998900862.txt (Time: 0.00s)
✓ Generated graph n=10, m=31, seed=4795749165124911768, type=UNIFORM -> ./input/random_graphs/graph_10_31_UNIFORM_4795749165124911768.txt (Time: 0.00s)
✓ Generated graph n=10, m=31, seed=4934890601268679176, type=UNIFORM -> ./input/random_graphs/graph_10_31_UNIFORM_4934890601268679176.txt (Time: 0.00s)
✓ Generated graph n=10, m=31, seed=1332005502874566195, type=UNIFORM -> ./input/random_graphs/graph_10_31_UNIFORM_1332005502874566195.txt (Time: 0.00s)
✓ Generated graph n=10, m=31, seed=4060584409398689268, type=UNIFORM -> ./input/random_graphs/graph_10_31_UNIFORM_4060584409398689268.txt (Time: 0.00s)
✓ Generated graph n=10, m=31, seed=3221421291694197220, type=UNIFORM -> ./input/random_graphs/graph_10_31_UNIFORM_3221421291694197220.txt (Time: 0.00s)
✓ Generated graph n=10, m=31, seed=7905487461282246979, type=UNIFORM -> ./input/random_graphs/graph_10_31_UNIFORM_7905487461282246979.txt (Time: 0.00s)
✓ Generated graph n=10, m=31, seed=8626102704817790064, type=UNIFORM -> ./input/random_graphs/graph_10_31_UNIFORM_8626102704817790064.txt (Time: 0.00s)
✓ Generated graph n=10, m=31, seed=9059990922233379852, type=UNIFORM -> ./input/random_graphs/graph_10_31_UNIFORM_9059990922233379852.txt (Time: 0.00s)
✓ Generated graph n=10, m=31, seed=7449662661572224354, type=UNIFORM -> ./input/random_graphs/graph_10_31_UNIFORM_7449662661572224354.txt (Time: 0.00s)
✓ Generated graph n=10, m=31, seed=2718103348384927511, type=UNIFORM -> ./input/random_graphs/graph_10_31_UNIFORM_2718103348384927511.txt (Time: 0.00s)
✓ Generated graph n=10, m=31, seed=8867616339855336876, type=UNIFORM -> ./input/random_graphs/graph_10_31_UNIFORM_8867616339855336876.txt (Time: 0.00s)
✓ Generated graph n=10, m=31, seed=5894893360759659423, type=UNIFORM -> ./input/random_graphs/graph_10_31_UNIFORM_5894893360759659423.txt (Time: 0.00s)
✓ Generated graph n=10, m=31, seed=1992204328026194281, type=UNIFORM -> ./input/random_graphs/graph_10_31_UNIFORM_1992204328026194281.txt (Time: 0.00s)
✓ Generated graph n=10, m=31, seed=7118744415197196276, type=UNIFORM -> ./input/random_graphs/graph_10_31_UNIFORM_7118744415197196276.txt (Time: 0.00s)
✓ Generated graph n=10, m=31, seed=4940913311242578590, type=UNIFORM -> ./input/random_graphs/graph_10_31_UNIFORM_4940913311242578590.txt (Time: 0.00s)
✓ Generated graph n=10, m=31, seed=7983805977214098674, type=UNIFORM -> ./input/random_graphs/graph_10_31_UNIFORM_7983805977214098674.txt (Time: 0.00s)
✓ Generated graph n=10, m=31, seed=2264398621601381987, type=UNIFORM -> ./input/random_graphs/graph_10_31_UNIFORM_2264398621601381987.txt (Time: 0.01s)
✓ Generated graph n=20, m=89, seed=7599700178212337699, type=UNIFORM -> ./input/random_graphs/graph_20_89_UNIFORM_7599700178212337699.txt (Time: 0.00s)
✓ Generated graph n=20, m=89, seed=5739955973604961613, type=UNIFORM -> ./input/random_graphs/graph_20_89_UNIFORM_5739955973604961613.txt (Time: 0.00s)
✓ Generated graph n=20, m=89, seed=6230961512046992311, type=UNIFORM -> ./input/random_graphs/graph_20_89_UNIFORM_6230961512046992311.txt (Time: 0.00s)
✓ Generated graph n=10, m=31, seed=7632458674696225362, type=UNIFORM -> ./input/random_graphs/graph_10_31_UNIFORM_7632458674696225362.txt (Time: 0.00s)
✓ Generated graph n=20, m=89, seed=1070244953599069350, type=UNIFORM -> ./input/random_graphs/graph_20_89_UNIFORM_1070244953599069350.txt (Time: 0.00s)
✓ Generated graph n=20, m=89, seed=3881801951614183357, type=UNIFORM -> ./input/random_graphs/graph_20_89_UNIFORM_3881801951614183357.txt (Time: 0.01s)
✓ Generated graph n=20, m=89, seed=7871178979383552919, type=UNIFORM -> ./input/random_graphs/graph_20_89_UNIFORM_7871178979383552919.txt (Time: 0.01s)
✓ Generated graph n=20, m=89, seed=7032710160631691991, type=UNIFORM -> ./input/random_graphs/graph_20_89_UNIFORM_7032710160631691991.txt (Time: 0.01s)
✓ Generated graph n=20, m=89, seed=1353182403971399009, type=UNIFORM -> ./input/random_graphs/graph_20_89_UNIFORM_1353182403971399009.txt (Time: 0.01s)
✓ Generated graph n=20, m=89, seed=6522163754831416203, type=UNIFORM -> ./input/random_graphs/graph_20_89_UNIFORM_6522163754831416203.txt (Time: 0.00s)
✓ Generated graph n=20, m=89, seed=6938562734920028532, type=UNIFORM -> ./input/random_graphs/graph_20_89_UNIFORM_6938562734920028532.txt (Time: 0.00s)
✓ Generated graph n=20, m=89, seed=320375091487821987, type=UNIFORM -> ./input/random_graphs/graph_20_89_UNIFORM_320375091487821987.txt (Time: 0.00s)
✓ Generated graph n=20, m=89, seed=5906957480796939447, type=UNIFORM -> ./input/random_graphs/graph_20_89_UNIFORM_5906957480796939447.txt (Time: 0.00s)
✓ Generated graph n=20, m=89, seed=7146860528564146064, type=UNIFORM -> ./input/random_graphs/graph_20_89_UNIFORM_7146860528564146064.txt (Time: 0.00s)
✓ Generated graph n=20, m=89, seed=4040737767143389431, type=UNIFORM -> ./input/random_graphs/graph_20_89_UNIFORM_4040737767143389431.txt (Time: 0.00s)
✓ Generated graph n=20, m=89, seed=1309542850049879452, type=UNIFORM -> ./input/random_graphs/graph_20_89_UNIFORM_1309542850049879452.txt (Time: 0.00s)
✓ Generated graph n=20, m=89, seed=5142811650494845597, type=UNIFORM -> ./input/random_graphs/graph_20_89_UNIFORM_5142811650494845597.txt (Time: 0.00s)
✓ Generated graph n=20, m=89, seed=1024517563182776983, type=UNIFORM -> ./input/random_graphs/graph_20_89_UNIFORM_1024517563182776983.txt (Time: 0.00s)
✓ Generated graph n=20, m=89, seed=3438400432146115956, type=UNIFORM -> ./input/random_graphs/graph_20_89_UNIFORM_3438400432146115956.txt (Time: 0.00s)
✓ Generated graph n=20, m=89, seed=7473196763798409428, type=UNIFORM -> ./input/random_graphs/graph_20_89_UNIFORM_7473196763798409428.txt (Time: 0.00s)
✓ Generated graph n=20, m=89, seed=7663871783842725848, type=UNIFORM -> ./input/random_graphs/graph_20_89_UNIFORM_7663871783842725848.txt (Time: 0.00s)
✓ Generated graph n=20, m=89, seed=2429002973740178792, type=UNIFORM -> ./input/random_graphs/graph_20_89_UNIFORM_2429002973740178792.txt (Time: 0.01s)
✓ Generated graph n=20, m=89, seed=5529616217668449934, type=UNIFORM -> ./input/random_graphs/graph_20_89_UNIFORM_5529616217668449934.txt (Time: 0.00s)
✓ Generated graph n=20, m=89, seed=1731523882129807996, type=UNIFORM -> ./input/random_graphs/graph_20_89_UNIFORM_1731523882129807996.txt (Time: 0.00s)
✓ Generated graph n=20, m=89, seed=3224265581699847191, type=UNIFORM -> ./input/random_graphs/graph_20_89_UNIFORM_3224265581699847191.txt (Time: 0.00s)
✓ Generated graph n=20, m=89, seed=7029781962072644698, type=UNIFORM -> ./input/random_graphs/graph_20_89_UNIFORM_7029781962072644698.txt (Time: 0.00s)
✓ Generated graph n=20, m=89, seed=5708372698381010775, type=UNIFORM -> ./input/random_graphs/graph_20_89_UNIFORM_5708372698381010775.txt (Time: 0.00s)
✓ Generated graph n=20, m=89, seed=1250773459040295677, type=UNIFORM -> ./input/random_graphs/graph_20_89_UNIFORM_1250773459040295677.txt (Time: 0.01s)
✓ Generated graph n=20, m=89, seed=1853590723603270879, type=UNIFORM -> ./input/random_graphs/graph_20_89_UNIFORM_1853590723603270879.txt (Time: 0.00s)
✓ Generated graph n=20, m=89, seed=5258051056098597521, type=UNIFORM -> ./input/random_graphs/graph_20_89_UNIFORM_5258051056098597521.txt (Time: 0.00s)
✓ Generated graph n=20, m=89, seed=1647170069535670909, type=UNIFORM -> ./input/random_graphs/graph_20_89_UNIFORM_1647170069535670909.txt (Time: 0.00s)
✓ Generated graph n=20, m=89, seed=824387247617288499, type=UNIFORM -> ./input/random_graphs/graph_20_89_UNIFORM_824387247617288499.txt (Time: 0.00s)
✓ Generated graph n=20, m=89, seed=1250005700364523649, type=UNIFORM -> ./input/random_graphs/graph_20_89_UNIFORM_1250005700364523649.txt (Time: 0.01s)
✓ Generated graph n=20, m=89, seed=6002685213311538187, type=UNIFORM -> ./input/random_graphs/graph_20_89_UNIFORM_6002685213311538187.txt (Time: 0.01s)
✓ Generated graph n=20, m=89, seed=5139481885857321791, type=UNIFORM -> ./input/random_graphs/graph_20_89_UNIFORM_5139481885857321791.txt (Time: 0.01s)
✓ Generated graph n=20, m=89, seed=521787134863155063, type=UNIFORM -> ./input/random_graphs/graph_20_89_UNIFORM_521787134863155063.txt (Time: 0.01s)
✓ Generated graph n=20, m=89, seed=1632192924771168275, type=UNIFORM -> ./input/random_graphs/graph_20_89_UNIFORM_1632192924771168275.txt (Time: 0.00s)
✓ Generated graph n=20, m=89, seed=7706236040662210848, type=UNIFORM -> ./input/random_graphs/graph_20_89_UNIFORM_7706236040662210848.txt (Time: 0.00s)
✓ Generated graph n=20, m=89, seed=6785030173969523435, type=UNIFORM -> ./input/random_graphs/graph_20_89_UNIFORM_6785030173969523435.txt (Time: 0.00s)
✓ Generated graph n=20, m=89, seed=3010622984418968408, type=UNIFORM -> ./input/random_graphs/graph_20_89_UNIFORM_3010622984418968408.txt (Time: 0.01s)
✓ Generated graph n=20, m=89, seed=4122784633514911760, type=UNIFORM -> ./input/random_graphs/graph_20_89_UNIFORM_4122784633514911760.txt (Time: 0.00s)
✓ Generated graph n=20, m=89, seed=7161906730445628483, type=UNIFORM -> ./input/random_graphs/graph_20_89_UNIFORM_7161906730445628483.txt (Time: 0.00s)
✓ Generated graph n=20, m=89, seed=8031431416522537101, type=UNIFORM -> ./input/random_graphs/graph_20_89_UNIFORM_8031431416522537101.txt (Time: 0.00s)
✓ Generated graph n=20, m=89, seed=6802378520969450157, type=UNIFORM -> ./input/random_graphs/graph_20_89_UNIFORM_6802378520969450157.txt (Time: 0.00s)
✓ Generated graph n=20, m=89, seed=4445925461710302877, type=UNIFORM -> ./input/random_graphs/graph_20_89_UNIFORM_4445925461710302877.txt (Time: 0.00s)
✓ Generated graph n=20, m=89, seed=3272308573967577038, type=UNIFORM -> ./input/random_graphs/graph_20_89_UNIFORM_3272308573967577038.txt (Time: 0.00s)
✓ Generated graph n=20, m=89, seed=7917045922527545890, type=UNIFORM -> ./input/random_graphs/graph_20_89_UNIFORM_7917045922527545890.txt (Time: 0.00s)
✓ Generated graph n=20, m=89, seed=6614505080519948832, type=UNIFORM -> ./input/random_graphs/graph_20_89_UNIFORM_6614505080519948832.txt (Time: 0.00s)
✓ Generated graph n=20, m=89, seed=4552998297316576788, type=UNIFORM -> ./input/random_graphs/graph_20_89_UNIFORM_4552998297316576788.txt (Time: 0.00s)
✓ Generated graph n=20, m=89, seed=5349491008325879064, type=UNIFORM -> ./input/random_graphs/graph_20_89_UNIFORM_5349491008325879064.txt (Time: 0.00s)
✓ Generated graph n=20, m=89, seed=7921282862123281598, type=UNIFORM -> ./input/random_graphs/graph_20_89_UNIFORM_7921282862123281598.txt (Time: 0.00s)
✓ Generated graph n=20, m=89, seed=4997514996153925447, type=UNIFORM -> ./input/random_graphs/graph_20_89_UNIFORM_4997514996153925447.txt (Time: 0.00s)
✓ Generated graph n=20, m=89, seed=6529943913552561417, type=UNIFORM -> ./input/random_graphs/graph_20_89_UNIFORM_6529943913552561417.txt (Time: 0.00s)
✓ Generated graph n=20, m=89, seed=7938560551762094560, type=UNIFORM -> ./input/random_graphs/graph_20_89_UNIFORM_7938560551762094560.txt (Time: 0.00s)
✓ Generated graph n=20, m=89, seed=3865339568260874865, type=UNIFORM -> ./input/random_graphs/graph_20_89_UNIFORM_3865339568260874865.txt (Time: 0.00s)
✓ Generated graph n=20, m=89, seed=8446481348147407377, type=UNIFORM -> ./input/random_graphs/graph_20_89_UNIFORM_8446481348147407377.txt (Time: 0.00s)
✓ Generated graph n=20, m=89, seed=716820155901718944, type=UNIFORM -> ./input/random_graphs/graph_20_89_UNIFORM_716820155901718944.txt (Time: 0.00s)
✓ Generated graph n=20, m=89, seed=5063475852268941542, type=UNIFORM -> ./input/random_graphs/graph_20_89_UNIFORM_5063475852268941542.txt (Time: 0.00s)
✓ Generated graph n=20, m=89, seed=5636411189175451024, type=UNIFORM -> ./input/random_graphs/graph_20_89_UNIFORM_5636411189175451024.txt (Time: 0.00s)
✓ Generated graph n=20, m=89, seed=2909934787168262407, type=UNIFORM -> ./input/random_graphs/graph_20_89_UNIFORM_2909934787168262407.txt (Time: 0.00s)
✓ Generated graph n=20, m=89, seed=6143643868734370809, type=UNIFORM -> ./input/random_graphs/graph_20_89_UNIFORM_6143643868734370809.txt (Time: 0.01s)
✓ Generated graph n=20, m=89, seed=6022436717541034636, type=UNIFORM -> ./input/random_graphs/graph_20_89_UNIFORM_6022436717541034636.txt (Time: 0.00s)
✓ Generated graph n=20, m=89, seed=1170385908854608748, type=UNIFORM -> ./input/random_graphs/graph_20_89_UNIFORM_1170385908854608748.txt (Time: 0.00s)
✓ Generated graph n=20, m=89, seed=5108599054664628607, type=UNIFORM -> ./input/random_graphs/graph_20_89_UNIFORM_5108599054664628607.txt (Time: 0.00s)
✓ Generated graph n=20, m=89, seed=175493991617213850, type=UNIFORM -> ./input/random_graphs/graph_20_89_UNIFORM_175493991617213850.txt (Time: 0.00s)
✓ Generated graph n=20, m=89, seed=3817405844514670994, type=UNIFORM -> ./input/random_graphs/graph_20_89_UNIFORM_3817405844514670994.txt (Time: 0.00s)
✓ Generated graph n=20, m=89, seed=199422815561151340, type=UNIFORM -> ./input/random_graphs/graph_20_89_UNIFORM_199422815561151340.txt (Time: 0.00s)
✓ Generated graph n=20, m=89, seed=8718380604043999642, type=UNIFORM -> ./input/random_graphs/graph_20_89_UNIFORM_8718380604043999642.txt (Time: 0.01s)
✓ Generated graph n=20, m=89, seed=6224222471595207695, type=UNIFORM -> ./input/random_graphs/graph_20_89_UNIFORM_6224222471595207695.txt (Time: 0.01s)
✓ Generated graph n=20, m=89, seed=3713827327871807734, type=UNIFORM -> ./input/random_graphs/graph_20_89_UNIFORM_3713827327871807734.txt (Time: 0.00s)
✓ Generated graph n=20, m=89, seed=1128313391724783137, type=UNIFORM -> ./input/random_graphs/graph_20_89_UNIFORM_1128313391724783137.txt (Time: 0.01s)
✓ Generated graph n=20, m=89, seed=6764066939395682287, type=UNIFORM -> ./input/random_graphs/graph_20_89_UNIFORM_6764066939395682287.txt (Time: 0.00s)
✓ Generated graph n=20, m=89, seed=5497874167834979553, type=UNIFORM -> ./input/random_graphs/graph_20_89_UNIFORM_5497874167834979553.txt (Time: 0.00s)
✓ Generated graph n=20, m=89, seed=1458186392400727732, type=UNIFORM -> ./input/random_graphs/graph_20_89_UNIFORM_1458186392400727732.txt (Time: 0.00s)
✓ Generated graph n=20, m=89, seed=9060210648189963449, type=UNIFORM -> ./input/random_graphs/graph_20_89_UNIFORM_9060210648189963449.txt (Time: 0.00s)
✓ Generated graph n=20, m=89, seed=2089506265998900862, type=UNIFORM -> ./input/random_graphs/graph_20_89_UNIFORM_2089506265998900862.txt (Time: 0.00s)
✓ Generated graph n=20, m=89, seed=7644420139408884785, type=UNIFORM -> ./input/random_graphs/graph_20_89_UNIFORM_7644420139408884785.txt (Time: 0.00s)
✓ Generated graph n=20, m=89, seed=9130666990809746335, type=UNIFORM -> ./input/random_graphs/graph_20_89_UNIFORM_9130666990809746335.txt (Time: 0.00s)
✓ Generated graph n=20, m=89, seed=1392892770529522614, type=UNIFORM -> ./input/random_graphs/graph_20_89_UNIFORM_1392892770529522614.txt (Time: 0.00s)
✓ Generated graph n=20, m=89, seed=8794274795737982182, type=UNIFORM -> ./input/random_graphs/graph_20_89_UNIFORM_8794274795737982182.txt (Time: 0.00s)
✓ Generated graph n=20, m=89, seed=4250897495980125004, type=UNIFORM -> ./input/random_graphs/graph_20_89_UNIFORM_4250897495980125004.txt (Time: 0.00s)
✓ Generated graph n=20, m=89, seed=8448596294177070022, type=UNIFORM -> ./input/random_graphs/graph_20_89_UNIFORM_8448596294177070022.txt (Time: 0.00s)
✓ Generated graph n=20, m=89, seed=1722224698700348310, type=UNIFORM -> ./input/random_graphs/graph_20_89_UNIFORM_1722224698700348310.txt (Time: 0.00s)
✓ Generated graph n=20, m=89, seed=4060584409398689268, type=UNIFORM -> ./input/random_graphs/graph_20_89_UNIFORM_4060584409398689268.txt (Time: 0.00s)
✓ Generated graph n=20, m=89, seed=4795749165124911768, type=UNIFORM -> ./input/random_graphs/graph_20_89_UNIFORM_4795749165124911768.txt (Time: 0.00s)
✓ Generated graph n=20, m=89, seed=7118744415197196276, type=UNIFORM -> ./input/random_graphs/graph_20_89_UNIFORM_7118744415197196276.txt (Time: 0.00s)
✓ Generated graph n=20, m=89, seed=1332005502874566195, type=UNIFORM -> ./input/random_graphs/graph_20_89_UNIFORM_1332005502874566195.txt (Time: 0.00s)
✓ Generated graph n=20, m=89, seed=8626102704817790064, type=UNIFORM -> ./input/random_graphs/graph_20_89_UNIFORM_8626102704817790064.txt (Time: 0.00s)
✓ Generated graph n=20, m=89, seed=7983805977214098674, type=UNIFORM -> ./input/random_graphs/graph_20_89_UNIFORM_7983805977214098674.txt (Time: 0.00s)
✓ Generated graph n=20, m=89, seed=1992204328026194281, type=UNIFORM -> ./input/random_graphs/graph_20_89_UNIFORM_1992204328026194281.txt (Time: 0.00s)
✓ Generated graph n=20, m=89, seed=7449662661572224354, type=UNIFORM -> ./input/random_graphs/graph_20_89_UNIFORM_7449662661572224354.txt (Time: 0.00s)
✓ Generated graph n=20, m=89, seed=4934890601268679176, type=UNIFORM -> ./input/random_graphs/graph_20_89_UNIFORM_4934890601268679176.txt (Time: 0.00s)
✓ Generated graph n=20, m=89, seed=3221421291694197220, type=UNIFORM -> ./input/random_graphs/graph_20_89_UNIFORM_3221421291694197220.txt (Time: 0.00s)
✓ Generated graph n=20, m=89, seed=8867616339855336876, type=UNIFORM -> ./input/random_graphs/graph_20_89_UNIFORM_8867616339855336876.txt (Time: 0.00s)
✓ Generated graph n=20, m=89, seed=2264398621601381987, type=UNIFORM -> ./input/random_graphs/graph_20_89_UNIFORM_2264398621601381987.txt (Time: 0.00s)
✓ Generated graph n=30, m=164, seed=7032710160631691991, type=UNIFORM -> ./input/random_graphs/graph_30_164_UNIFORM_7032710160631691991.txt (Time: 0.00s)
✓ Generated graph n=20, m=89, seed=7905487461282246979, type=UNIFORM -> ./input/random_graphs/graph_20_89_UNIFORM_7905487461282246979.txt (Time: 0.00s)
✓ Generated graph n=30, m=164, seed=7871178979383552919, type=UNIFORM -> ./input/random_graphs/graph_30_164_UNIFORM_7871178979383552919.txt (Time: 0.00s)
✓ Generated graph n=30, m=164, seed=1070244953599069350, type=UNIFORM -> ./input/random_graphs/graph_30_164_UNIFORM_1070244953599069350.txt (Time: 0.00s)
✓ Generated graph n=20, m=89, seed=2718103348384927511, type=UNIFORM -> ./input/random_graphs/graph_20_89_UNIFORM_2718103348384927511.txt (Time: 0.01s)
✓ Generated graph n=20, m=89, seed=5894893360759659423, type=UNIFORM -> ./input/random_graphs/graph_20_89_UNIFORM_5894893360759659423.txt (Time: 0.00s)
✓ Generated graph n=20, m=89, seed=4940913311242578590, type=UNIFORM -> ./input/random_graphs/graph_20_89_UNIFORM_4940913311242578590.txt (Time: 0.00s)
✓ Generated graph n=30, m=164, seed=6938562734920028532, type=UNIFORM -> ./input/random_graphs/graph_30_164_UNIFORM_6938562734920028532.txt (Time: 0.00s)
✓ Generated graph n=30, m=164, seed=6230961512046992311, type=UNIFORM -> ./input/random_graphs/graph_30_164_UNIFORM_6230961512046992311.txt (Time: 0.00s)
✓ Generated graph n=30, m=164, seed=4040737767143389431, type=UNIFORM -> ./input/random_graphs/graph_30_164_UNIFORM_4040737767143389431.txt (Time: 0.00s)
✓ Generated graph n=20, m=89, seed=9059990922233379852, type=UNIFORM -> ./input/random_graphs/graph_20_89_UNIFORM_9059990922233379852.txt (Time: 0.01s)
✓ Generated graph n=20, m=89, seed=7632458674696225362, type=UNIFORM -> ./input/random_graphs/graph_20_89_UNIFORM_7632458674696225362.txt (Time: 0.01s)
✓ Generated graph n=30, m=164, seed=7599700178212337699, type=UNIFORM -> ./input/random_graphs/graph_30_164_UNIFORM_7599700178212337699.txt (Time: 0.00s)
✓ Generated graph n=30, m=164, seed=2429002973740178792, type=UNIFORM -> ./input/random_graphs/graph_30_164_UNIFORM_2429002973740178792.txt (Time: 0.00s)
✓ Generated graph n=30, m=164, seed=3881801951614183357, type=UNIFORM -> ./input/random_graphs/graph_30_164_UNIFORM_3881801951614183357.txt (Time: 0.00s)
✓ Generated graph n=30, m=164, seed=1250005700364523649, type=UNIFORM -> ./input/random_graphs/graph_30_164_UNIFORM_1250005700364523649.txt (Time: 0.00s)
✓ Generated graph n=30, m=164, seed=5739955973604961613, type=UNIFORM -> ./input/random_graphs/graph_30_164_UNIFORM_5739955973604961613.txt (Time: 0.00s)
✓ Generated graph n=30, m=164, seed=1309542850049879452, type=UNIFORM -> ./input/random_graphs/graph_30_164_UNIFORM_1309542850049879452.txt (Time: 0.00s)
✓ Generated graph n=30, m=164, seed=6522163754831416203, type=UNIFORM -> ./input/random_graphs/graph_30_164_UNIFORM_6522163754831416203.txt (Time: 0.00s)
✓ Generated graph n=30, m=164, seed=1353182403971399009, type=UNIFORM -> ./input/random_graphs/graph_30_164_UNIFORM_1353182403971399009.txt (Time: 0.00s)
✓ Generated graph n=30, m=164, seed=7146860528564146064, type=UNIFORM -> ./input/random_graphs/graph_30_164_UNIFORM_7146860528564146064.txt (Time: 0.00s)
✓ Generated graph n=30, m=164, seed=7663871783842725848, type=UNIFORM -> ./input/random_graphs/graph_30_164_UNIFORM_7663871783842725848.txt (Time: 0.00s)
✓ Generated graph n=30, m=164, seed=3438400432146115956, type=UNIFORM -> ./input/random_graphs/graph_30_164_UNIFORM_3438400432146115956.txt (Time: 0.00s)
✓ Generated graph n=30, m=164, seed=5142811650494845597, type=UNIFORM -> ./input/random_graphs/graph_30_164_UNIFORM_5142811650494845597.txt (Time: 0.00s)
✓ Generated graph n=30, m=164, seed=5906957480796939447, type=UNIFORM -> ./input/random_graphs/graph_30_164_UNIFORM_5906957480796939447.txt (Time: 0.00s)
✓ Generated graph n=30, m=164, seed=1731523882129807996, type=UNIFORM -> ./input/random_graphs/graph_30_164_UNIFORM_1731523882129807996.txt (Time: 0.00s)
✓ Generated graph n=30, m=164, seed=1853590723603270879, type=UNIFORM -> ./input/random_graphs/graph_30_164_UNIFORM_1853590723603270879.txt (Time: 0.00s)
✓ Generated graph n=30, m=164, seed=320375091487821987, type=UNIFORM -> ./input/random_graphs/graph_30_164_UNIFORM_320375091487821987.txt (Time: 0.00s)
✓ Generated graph n=30, m=164, seed=1250773459040295677, type=UNIFORM -> ./input/random_graphs/graph_30_164_UNIFORM_1250773459040295677.txt (Time: 0.00s)
✓ Generated graph n=30, m=164, seed=5529616217668449934, type=UNIFORM -> ./input/random_graphs/graph_30_164_UNIFORM_5529616217668449934.txt (Time: 0.00s)
✓ Generated graph n=30, m=164, seed=3010622984418968408, type=UNIFORM -> ./input/random_graphs/graph_30_164_UNIFORM_3010622984418968408.txt (Time: 0.00s)
✓ Generated graph n=30, m=164, seed=5139481885857321791, type=UNIFORM -> ./input/random_graphs/graph_30_164_UNIFORM_5139481885857321791.txt (Time: 0.00s)
✓ Generated graph n=30, m=164, seed=5708372698381010775, type=UNIFORM -> ./input/random_graphs/graph_30_164_UNIFORM_5708372698381010775.txt (Time: 0.00s)
✓ Generated graph n=30, m=164, seed=521787134863155063, type=UNIFORM -> ./input/random_graphs/graph_30_164_UNIFORM_521787134863155063.txt (Time: 0.00s)
✓ Generated graph n=30, m=164, seed=6002685213311538187, type=UNIFORM -> ./input/random_graphs/graph_30_164_UNIFORM_6002685213311538187.txt (Time: 0.00s)
✓ Generated graph n=30, m=164, seed=7473196763798409428, type=UNIFORM -> ./input/random_graphs/graph_30_164_UNIFORM_7473196763798409428.txt (Time: 0.00s)
✓ Generated graph n=30, m=164, seed=7029781962072644698, type=UNIFORM -> ./input/random_graphs/graph_30_164_UNIFORM_7029781962072644698.txt (Time: 0.00s)
✓ Generated graph n=30, m=164, seed=3224265581699847191, type=UNIFORM -> ./input/random_graphs/graph_30_164_UNIFORM_3224265581699847191.txt (Time: 0.00s)
✓ Generated graph n=30, m=164, seed=1024517563182776983, type=UNIFORM -> ./input/random_graphs/graph_30_164_UNIFORM_1024517563182776983.txt (Time: 0.00s)
✓ Generated graph n=30, m=164, seed=4122784633514911760, type=UNIFORM -> ./input/random_graphs/graph_30_164_UNIFORM_4122784633514911760.txt (Time: 0.00s)
✓ Generated graph n=30, m=164, seed=6785030173969523435, type=UNIFORM -> ./input/random_graphs/graph_30_164_UNIFORM_6785030173969523435.txt (Time: 0.00s)
✓ Generated graph n=30, m=164, seed=1647170069535670909, type=UNIFORM -> ./input/random_graphs/graph_30_164_UNIFORM_1647170069535670909.txt (Time: 0.00s)
✓ Generated graph n=30, m=164, seed=824387247617288499, type=UNIFORM -> ./input/random_graphs/graph_30_164_UNIFORM_824387247617288499.txt (Time: 0.00s)
✓ Generated graph n=30, m=164, seed=5258051056098597521, type=UNIFORM -> ./input/random_graphs/graph_30_164_UNIFORM_5258051056098597521.txt (Time: 0.00s)
✓ Generated graph n=30, m=164, seed=1632192924771168275, type=UNIFORM -> ./input/random_graphs/graph_30_164_UNIFORM_1632192924771168275.txt (Time: 0.00s)
✓ Generated graph n=30, m=164, seed=7706236040662210848, type=UNIFORM -> ./input/random_graphs/graph_30_164_UNIFORM_7706236040662210848.txt (Time: 0.00s)
✓ Generated graph n=30, m=164, seed=7917045922527545890, type=UNIFORM -> ./input/random_graphs/graph_30_164_UNIFORM_7917045922527545890.txt (Time: 0.00s)
✓ Generated graph n=30, m=164, seed=4552998297316576788, type=UNIFORM -> ./input/random_graphs/graph_30_164_UNIFORM_4552998297316576788.txt (Time: 0.00s)
✓ Generated graph n=30, m=164, seed=6614505080519948832, type=UNIFORM -> ./input/random_graphs/graph_30_164_UNIFORM_6614505080519948832.txt (Time: 0.00s)
✓ Generated graph n=30, m=164, seed=7161906730445628483, type=UNIFORM -> ./input/random_graphs/graph_30_164_UNIFORM_7161906730445628483.txt (Time: 0.00s)
✓ Generated graph n=30, m=164, seed=6802378520969450157, type=UNIFORM -> ./input/random_graphs/graph_30_164_UNIFORM_6802378520969450157.txt (Time: 0.00s)
✓ Generated graph n=30, m=164, seed=6143643868734370809, type=UNIFORM -> ./input/random_graphs/graph_30_164_UNIFORM_6143643868734370809.txt (Time: 0.00s)
✓ Generated graph n=30, m=164, seed=7921282862123281598, type=UNIFORM -> ./input/random_graphs/graph_30_164_UNIFORM_7921282862123281598.txt (Time: 0.00s)
✓ Generated graph n=30, m=164, seed=3272308573967577038, type=UNIFORM -> ./input/random_graphs/graph_30_164_UNIFORM_3272308573967577038.txt (Time: 0.00s)
✓ Generated graph n=30, m=164, seed=6224222471595207695, type=UNIFORM -> ./input/random_graphs/graph_30_164_UNIFORM_6224222471595207695.txt (Time: 0.00s)
✓ Generated graph n=30, m=164, seed=8031431416522537101, type=UNIFORM -> ./input/random_graphs/graph_30_164_UNIFORM_8031431416522537101.txt (Time: 0.00s)
✓ Generated graph n=30, m=164, seed=5349491008325879064, type=UNIFORM -> ./input/random_graphs/graph_30_164_UNIFORM_5349491008325879064.txt (Time: 0.00s)
✓ Generated graph n=30, m=164, seed=7938560551762094560, type=UNIFORM -> ./input/random_graphs/graph_30_164_UNIFORM_7938560551762094560.txt (Time: 0.00s)
✓ Generated graph n=30, m=164, seed=4997514996153925447, type=UNIFORM -> ./input/random_graphs/graph_30_164_UNIFORM_4997514996153925447.txt (Time: 0.00s)
✓ Generated graph n=30, m=164, seed=5636411189175451024, type=UNIFORM -> ./input/random_graphs/graph_30_164_UNIFORM_5636411189175451024.txt (Time: 0.00s)
✓ Generated graph n=30, m=164, seed=8446481348147407377, type=UNIFORM -> ./input/random_graphs/graph_30_164_UNIFORM_8446481348147407377.txt (Time: 0.00s)
✓ Generated graph n=30, m=164, seed=1128313391724783137, type=UNIFORM -> ./input/random_graphs/graph_30_164_UNIFORM_1128313391724783137.txt (Time: 0.00s)
✓ Generated graph n=30, m=164, seed=5063475852268941542, type=UNIFORM -> ./input/random_graphs/graph_30_164_UNIFORM_5063475852268941542.txt (Time: 0.00s)
✓ Generated graph n=30, m=164, seed=4445925461710302877, type=UNIFORM -> ./input/random_graphs/graph_30_164_UNIFORM_4445925461710302877.txt (Time: 0.00s)
✓ Generated graph n=30, m=164, seed=3865339568260874865, type=UNIFORM -> ./input/random_graphs/graph_30_164_UNIFORM_3865339568260874865.txt (Time: 0.00s)
✓ Generated graph n=30, m=164, seed=716820155901718944, type=UNIFORM -> ./input/random_graphs/graph_30_164_UNIFORM_716820155901718944.txt (Time: 0.00s)
✓ Generated graph n=30, m=164, seed=8718380604043999642, type=UNIFORM -> ./input/random_graphs/graph_30_164_UNIFORM_8718380604043999642.txt (Time: 0.00s)
✓ Generated graph n=30, m=164, seed=2909934787168262407, type=UNIFORM -> ./input/random_graphs/graph_30_164_UNIFORM_2909934787168262407.txt (Time: 0.00s)
✓ Generated graph n=30, m=164, seed=199422815561151340, type=UNIFORM -> ./input/random_graphs/graph_30_164_UNIFORM_199422815561151340.txt (Time: 0.00s)
✓ Generated graph n=30, m=164, seed=6529943913552561417, type=UNIFORM -> ./input/random_graphs/graph_30_164_UNIFORM_6529943913552561417.txt (Time: 0.00s)
✓ Generated graph n=30, m=164, seed=3817405844514670994, type=UNIFORM -> ./input/random_graphs/graph_30_164_UNIFORM_3817405844514670994.txt (Time: 0.00s)
✓ Generated graph n=30, m=164, seed=175493991617213850, type=UNIFORM -> ./input/random_graphs/graph_30_164_UNIFORM_175493991617213850.txt (Time: 0.00s)
✓ Generated graph n=30, m=164, seed=6764066939395682287, type=UNIFORM -> ./input/random_graphs/graph_30_164_UNIFORM_6764066939395682287.txt (Time: 0.00s)
✓ Generated graph n=30, m=164, seed=1458186392400727732, type=UNIFORM -> ./input/random_graphs/graph_30_164_UNIFORM_1458186392400727732.txt (Time: 0.00s)
✓ Generated graph n=30, m=164, seed=6022436717541034636, type=UNIFORM -> ./input/random_graphs/graph_30_164_UNIFORM_6022436717541034636.txt (Time: 0.00s)
✓ Generated graph n=30, m=164, seed=4250897495980125004, type=UNIFORM -> ./input/random_graphs/graph_30_164_UNIFORM_4250897495980125004.txt (Time: 0.00s)
✓ Generated graph n=30, m=164, seed=7644420139408884785, type=UNIFORM -> ./input/random_graphs/graph_30_164_UNIFORM_7644420139408884785.txt (Time: 0.00s)
✓ Generated graph n=30, m=164, seed=2089506265998900862, type=UNIFORM -> ./input/random_graphs/graph_30_164_UNIFORM_2089506265998900862.txt (Time: 0.00s)
✓ Generated graph n=30, m=164, seed=3713827327871807734, type=UNIFORM -> ./input/random_graphs/graph_30_164_UNIFORM_3713827327871807734.txt (Time: 0.00s)
✓ Generated graph n=30, m=164, seed=5108599054664628607, type=UNIFORM -> ./input/random_graphs/graph_30_164_UNIFORM_5108599054664628607.txt (Time: 0.00s)
✓ Generated graph n=30, m=164, seed=1170385908854608748, type=UNIFORM -> ./input/random_graphs/graph_30_164_UNIFORM_1170385908854608748.txt (Time: 0.00s)
✓ Generated graph n=30, m=164, seed=9130666990809746335, type=UNIFORM -> ./input/random_graphs/graph_30_164_UNIFORM_9130666990809746335.txt (Time: 0.00s)
✓ Generated graph n=30, m=164, seed=4060584409398689268, type=UNIFORM -> ./input/random_graphs/graph_30_164_UNIFORM_4060584409398689268.txt (Time: 0.00s)
✓ Generated graph n=30, m=164, seed=1332005502874566195, type=UNIFORM -> ./input/random_graphs/graph_30_164_UNIFORM_1332005502874566195.txt (Time: 0.00s)
✓ Generated graph n=30, m=164, seed=8794274795737982182, type=UNIFORM -> ./input/random_graphs/graph_30_164_UNIFORM_8794274795737982182.txt (Time: 0.00s)
✓ Generated graph n=30, m=164, seed=7905487461282246979, type=UNIFORM -> ./input/random_graphs/graph_30_164_UNIFORM_7905487461282246979.txt (Time: 0.00s)
✓ Generated graph n=30, m=164, seed=9060210648189963449, type=UNIFORM -> ./input/random_graphs/graph_30_164_UNIFORM_9060210648189963449.txt (Time: 0.00s)
✓ Generated graph n=30, m=164, seed=1392892770529522614, type=UNIFORM -> ./input/random_graphs/graph_30_164_UNIFORM_1392892770529522614.txt (Time: 0.00s)
✓ Generated graph n=30, m=164, seed=5497874167834979553, type=UNIFORM -> ./input/random_graphs/graph_30_164_UNIFORM_5497874167834979553.txt (Time: 0.00s)
✓ Generated graph n=30, m=164, seed=1722224698700348310, type=UNIFORM -> ./input/random_graphs/graph_30_164_UNIFORM_1722224698700348310.txt (Time: 0.00s)
✓ Generated graph n=30, m=164, seed=1992204328026194281, type=UNIFORM -> ./input/random_graphs/graph_30_164_UNIFORM_1992204328026194281.txt (Time: 0.00s)
✓ Generated graph n=30, m=164, seed=7118744415197196276, type=UNIFORM -> ./input/random_graphs/graph_30_164_UNIFORM_7118744415197196276.txt (Time: 0.00s)
✓ Generated graph n=30, m=164, seed=9059990922233379852, type=UNIFORM -> ./input/random_graphs/graph_30_164_UNIFORM_9059990922233379852.txt (Time: 0.00s)
✓ Generated graph n=30, m=164, seed=8626102704817790064, type=UNIFORM -> ./input/random_graphs/graph_30_164_UNIFORM_8626102704817790064.txt (Time: 0.00s)
✓ Generated graph n=30, m=164, seed=4934890601268679176, type=UNIFORM -> ./input/random_graphs/graph_30_164_UNIFORM_4934890601268679176.txt (Time: 0.00s)
✓ Generated graph n=30, m=164, seed=8448596294177070022, type=UNIFORM -> ./input/random_graphs/graph_30_164_UNIFORM_8448596294177070022.txt (Time: 0.00s)
✓ Generated graph n=30, m=164, seed=7449662661572224354, type=UNIFORM -> ./input/random_graphs/graph_30_164_UNIFORM_7449662661572224354.txt (Time: 0.00s)
✓ Generated graph n=30, m=164, seed=4795749165124911768, type=UNIFORM -> ./input/random_graphs/graph_30_164_UNIFORM_4795749165124911768.txt (Time: 0.00s)
✓ Generated graph n=30, m=164, seed=5894893360759659423, type=UNIFORM -> ./input/random_graphs/graph_30_164_UNIFORM_5894893360759659423.txt (Time: 0.00s)
✓ Generated graph n=30, m=164, seed=3221421291694197220, type=UNIFORM -> ./input/random_graphs/graph_30_164_UNIFORM_3221421291694197220.txt (Time: 0.00s)
✓ Generated graph n=30, m=164, seed=7632458674696225362, type=UNIFORM -> ./input/random_graphs/graph_30_164_UNIFORM_7632458674696225362.txt (Time: 0.00s)
✓ Generated graph n=30, m=164, seed=8867616339855336876, type=UNIFORM -> ./input/random_graphs/graph_30_164_UNIFORM_8867616339855336876.txt (Time: 0.00s)
✓ Generated graph n=40, m=252, seed=3881801951614183357, type=UNIFORM -> ./input/random_graphs/graph_40_252_UNIFORM_3881801951614183357.txt (Time: 0.00s)
✓ Generated graph n=40, m=252, seed=7871178979383552919, type=UNIFORM -> ./input/random_graphs/graph_40_252_UNIFORM_7871178979383552919.txt (Time: 0.00s)
✓ Generated graph n=40, m=252, seed=1353182403971399009, type=UNIFORM -> ./input/random_graphs/graph_40_252_UNIFORM_1353182403971399009.txt (Time: 0.00s)
✓ Generated graph n=30, m=164, seed=7983805977214098674, type=UNIFORM -> ./input/random_graphs/graph_30_164_UNIFORM_7983805977214098674.txt (Time: 0.00s)
✓ Generated graph n=30, m=164, seed=2264398621601381987, type=UNIFORM -> ./input/random_graphs/graph_30_164_UNIFORM_2264398621601381987.txt (Time: 0.00s)
✓ Generated graph n=30, m=164, seed=4940913311242578590, type=UNIFORM -> ./input/random_graphs/graph_30_164_UNIFORM_4940913311242578590.txt (Time: 0.00s)
✓ Generated graph n=30, m=164, seed=2718103348384927511, type=UNIFORM -> ./input/random_graphs/graph_30_164_UNIFORM_2718103348384927511.txt (Time: 0.00s)
✓ Generated graph n=40, m=252, seed=1070244953599069350, type=UNIFORM -> ./input/random_graphs/graph_40_252_UNIFORM_1070244953599069350.txt (Time: 0.00s)
✓ Generated graph n=40, m=252, seed=5739955973604961613, type=UNIFORM -> ./input/random_graphs/graph_40_252_UNIFORM_5739955973604961613.txt (Time: 0.00s)
✓ Generated graph n=40, m=252, seed=6230961512046992311, type=UNIFORM -> ./input/random_graphs/graph_40_252_UNIFORM_6230961512046992311.txt (Time: 0.00s)
✓ Generated graph n=40, m=252, seed=7032710160631691991, type=UNIFORM -> ./input/random_graphs/graph_40_252_UNIFORM_7032710160631691991.txt (Time: 0.00s)
✓ Generated graph n=40, m=252, seed=6522163754831416203, type=UNIFORM -> ./input/random_graphs/graph_40_252_UNIFORM_6522163754831416203.txt (Time: 0.00s)
✓ Generated graph n=40, m=252, seed=7599700178212337699, type=UNIFORM -> ./input/random_graphs/graph_40_252_UNIFORM_7599700178212337699.txt (Time: 0.00s)
✓ Generated graph n=40, m=252, seed=2429002973740178792, type=UNIFORM -> ./input/random_graphs/graph_40_252_UNIFORM_2429002973740178792.txt (Time: 0.00s)
✓ Generated graph n=40, m=252, seed=4040737767143389431, type=UNIFORM -> ./input/random_graphs/graph_40_252_UNIFORM_4040737767143389431.txt (Time: 0.00s)
✓ Generated graph n=40, m=252, seed=6938562734920028532, type=UNIFORM -> ./input/random_graphs/graph_40_252_UNIFORM_6938562734920028532.txt (Time: 0.00s)
✓ Generated graph n=40, m=252, seed=1309542850049879452, type=UNIFORM -> ./input/random_graphs/graph_40_252_UNIFORM_1309542850049879452.txt (Time: 0.00s)
✓ Generated graph n=40, m=252, seed=5142811650494845597, type=UNIFORM -> ./input/random_graphs/graph_40_252_UNIFORM_5142811650494845597.txt (Time: 0.00s)
✓ Generated graph n=40, m=252, seed=320375091487821987, type=UNIFORM -> ./input/random_graphs/graph_40_252_UNIFORM_320375091487821987.txt (Time: 0.00s)
✓ Generated graph n=40, m=252, seed=1250005700364523649, type=UNIFORM -> ./input/random_graphs/graph_40_252_UNIFORM_1250005700364523649.txt (Time: 0.00s)
✓ Generated graph n=40, m=252, seed=7663871783842725848, type=UNIFORM -> ./input/random_graphs/graph_40_252_UNIFORM_7663871783842725848.txt (Time: 0.00s)
✓ Generated graph n=40, m=252, seed=5906957480796939447, type=UNIFORM -> ./input/random_graphs/graph_40_252_UNIFORM_5906957480796939447.txt (Time: 0.00s)
✓ Generated graph n=40, m=252, seed=6002685213311538187, type=UNIFORM -> ./input/random_graphs/graph_40_252_UNIFORM_6002685213311538187.txt (Time: 0.00s)
✓ Generated graph n=40, m=252, seed=7473196763798409428, type=UNIFORM -> ./input/random_graphs/graph_40_252_UNIFORM_7473196763798409428.txt (Time: 0.00s)
✓ Generated graph n=40, m=252, seed=5708372698381010775, type=UNIFORM -> ./input/random_graphs/graph_40_252_UNIFORM_5708372698381010775.txt (Time: 0.00s)
✓ Generated graph n=40, m=252, seed=1250773459040295677, type=UNIFORM -> ./input/random_graphs/graph_40_252_UNIFORM_1250773459040295677.txt (Time: 0.00s)
✓ Generated graph n=40, m=252, seed=7146860528564146064, type=UNIFORM -> ./input/random_graphs/graph_40_252_UNIFORM_7146860528564146064.txt (Time: 0.00s)
✓ Generated graph n=40, m=252, seed=3438400432146115956, type=UNIFORM -> ./input/random_graphs/graph_40_252_UNIFORM_3438400432146115956.txt (Time: 0.00s)
✓ Generated graph n=40, m=252, seed=3010622984418968408, type=UNIFORM -> ./input/random_graphs/graph_40_252_UNIFORM_3010622984418968408.txt (Time: 0.00s)
✓ Generated graph n=40, m=252, seed=1731523882129807996, type=UNIFORM -> ./input/random_graphs/graph_40_252_UNIFORM_1731523882129807996.txt (Time: 0.00s)
✓ Generated graph n=40, m=252, seed=6785030173969523435, type=UNIFORM -> ./input/random_graphs/graph_40_252_UNIFORM_6785030173969523435.txt (Time: 0.00s)
✓ Generated graph n=40, m=252, seed=5139481885857321791, type=UNIFORM -> ./input/random_graphs/graph_40_252_UNIFORM_5139481885857321791.txt (Time: 0.00s)
✓ Generated graph n=40, m=252, seed=7029781962072644698, type=UNIFORM -> ./input/random_graphs/graph_40_252_UNIFORM_7029781962072644698.txt (Time: 0.00s)
✓ Generated graph n=40, m=252, seed=5529616217668449934, type=UNIFORM -> ./input/random_graphs/graph_40_252_UNIFORM_5529616217668449934.txt (Time: 0.00s)
✓ Generated graph n=40, m=252, seed=1024517563182776983, type=UNIFORM -> ./input/random_graphs/graph_40_252_UNIFORM_1024517563182776983.txt (Time: 0.00s)
✓ Generated graph n=40, m=252, seed=521787134863155063, type=UNIFORM -> ./input/random_graphs/graph_40_252_UNIFORM_521787134863155063.txt (Time: 0.00s)
✓ Generated graph n=40, m=252, seed=824387247617288499, type=UNIFORM -> ./input/random_graphs/graph_40_252_UNIFORM_824387247617288499.txt (Time: 0.00s)
✓ Generated graph n=40, m=252, seed=5258051056098597521, type=UNIFORM -> ./input/random_graphs/graph_40_252_UNIFORM_5258051056098597521.txt (Time: 0.00s)
✓ Generated graph n=40, m=252, seed=1632192924771168275, type=UNIFORM -> ./input/random_graphs/graph_40_252_UNIFORM_1632192924771168275.txt (Time: 0.00s)
✓ Generated graph n=40, m=252, seed=7706236040662210848, type=UNIFORM -> ./input/random_graphs/graph_40_252_UNIFORM_7706236040662210848.txt (Time: 0.00s)
✓ Generated graph n=40, m=252, seed=3224265581699847191, type=UNIFORM -> ./input/random_graphs/graph_40_252_UNIFORM_3224265581699847191.txt (Time: 0.00s)
✓ Generated graph n=40, m=252, seed=1853590723603270879, type=UNIFORM -> ./input/random_graphs/graph_40_252_UNIFORM_1853590723603270879.txt (Time: 0.00s)
✓ Generated graph n=40, m=252, seed=8031431416522537101, type=UNIFORM -> ./input/random_graphs/graph_40_252_UNIFORM_8031431416522537101.txt (Time: 0.00s)
✓ Generated graph n=40, m=252, seed=1647170069535670909, type=UNIFORM -> ./input/random_graphs/graph_40_252_UNIFORM_1647170069535670909.txt (Time: 0.00s)
✓ Generated graph n=40, m=252, seed=4122784633514911760, type=UNIFORM -> ./input/random_graphs/graph_40_252_UNIFORM_4122784633514911760.txt (Time: 0.00s)
✓ Generated graph n=40, m=252, seed=6802378520969450157, type=UNIFORM -> ./input/random_graphs/graph_40_252_UNIFORM_6802378520969450157.txt (Time: 0.00s)
✓ Generated graph n=40, m=252, seed=5636411189175451024, type=UNIFORM -> ./input/random_graphs/graph_40_252_UNIFORM_5636411189175451024.txt (Time: 0.00s)
✓ Generated graph n=40, m=252, seed=7938560551762094560, type=UNIFORM -> ./input/random_graphs/graph_40_252_UNIFORM_7938560551762094560.txt (Time: 0.00s)
✓ Generated graph n=40, m=252, seed=7161906730445628483, type=UNIFORM -> ./input/random_graphs/graph_40_252_UNIFORM_7161906730445628483.txt (Time: 0.00s)
✓ Generated graph n=40, m=252, seed=6143643868734370809, type=UNIFORM -> ./input/random_graphs/graph_40_252_UNIFORM_6143643868734370809.txt (Time: 0.00s)
✓ Generated graph n=40, m=252, seed=4552998297316576788, type=UNIFORM -> ./input/random_graphs/graph_40_252_UNIFORM_4552998297316576788.txt (Time: 0.00s)
✓ Generated graph n=40, m=252, seed=1128313391724783137, type=UNIFORM -> ./input/random_graphs/graph_40_252_UNIFORM_1128313391724783137.txt (Time: 0.00s)
✓ Generated graph n=40, m=252, seed=716820155901718944, type=UNIFORM -> ./input/random_graphs/graph_40_252_UNIFORM_716820155901718944.txt (Time: 0.00s)
✓ Generated graph n=40, m=252, seed=3272308573967577038, type=UNIFORM -> ./input/random_graphs/graph_40_252_UNIFORM_3272308573967577038.txt (Time: 0.00s)
✓ Generated graph n=40, m=252, seed=5349491008325879064, type=UNIFORM -> ./input/random_graphs/graph_40_252_UNIFORM_5349491008325879064.txt (Time: 0.00s)
✓ Generated graph n=40, m=252, seed=7917045922527545890, type=UNIFORM -> ./input/random_graphs/graph_40_252_UNIFORM_7917045922527545890.txt (Time: 0.00s)
✓ Generated graph n=40, m=252, seed=5063475852268941542, type=UNIFORM -> ./input/random_graphs/graph_40_252_UNIFORM_5063475852268941542.txt (Time: 0.00s)
✓ Generated graph n=40, m=252, seed=6614505080519948832, type=UNIFORM -> ./input/random_graphs/graph_40_252_UNIFORM_6614505080519948832.txt (Time: 0.00s)
✓ Generated graph n=40, m=252, seed=7921282862123281598, type=UNIFORM -> ./input/random_graphs/graph_40_252_UNIFORM_7921282862123281598.txt (Time: 0.00s)
✓ Generated graph n=40, m=252, seed=4445925461710302877, type=UNIFORM -> ./input/random_graphs/graph_40_252_UNIFORM_4445925461710302877.txt (Time: 0.00s)
✓ Generated graph n=40, m=252, seed=6529943913552561417, type=UNIFORM -> ./input/random_graphs/graph_40_252_UNIFORM_6529943913552561417.txt (Time: 0.00s)
✓ Generated graph n=40, m=252, seed=3865339568260874865, type=UNIFORM -> ./input/random_graphs/graph_40_252_UNIFORM_3865339568260874865.txt (Time: 0.00s)
✓ Generated graph n=40, m=252, seed=199422815561151340, type=UNIFORM -> ./input/random_graphs/graph_40_252_UNIFORM_199422815561151340.txt (Time: 0.00s)
✓ Generated graph n=40, m=252, seed=4997514996153925447, type=UNIFORM -> ./input/random_graphs/graph_40_252_UNIFORM_4997514996153925447.txt (Time: 0.00s)
✓ Generated graph n=40, m=252, seed=8718380604043999642, type=UNIFORM -> ./input/random_graphs/graph_40_252_UNIFORM_8718380604043999642.txt (Time: 0.00s)
✓ Generated graph n=40, m=252, seed=175493991617213850, type=UNIFORM -> ./input/random_graphs/graph_40_252_UNIFORM_175493991617213850.txt (Time: 0.00s)
✓ Generated graph n=40, m=252, seed=9130666990809746335, type=UNIFORM -> ./input/random_graphs/graph_40_252_UNIFORM_9130666990809746335.txt (Time: 0.00s)
✓ Generated graph n=40, m=252, seed=8446481348147407377, type=UNIFORM -> ./input/random_graphs/graph_40_252_UNIFORM_8446481348147407377.txt (Time: 0.00s)
✓ Generated graph n=40, m=252, seed=6224222471595207695, type=UNIFORM -> ./input/random_graphs/graph_40_252_UNIFORM_6224222471595207695.txt (Time: 0.00s)
✓ Generated graph n=40, m=252, seed=1170385908854608748, type=UNIFORM -> ./input/random_graphs/graph_40_252_UNIFORM_1170385908854608748.txt (Time: 0.00s)
✓ Generated graph n=40, m=252, seed=6022436717541034636, type=UNIFORM -> ./input/random_graphs/graph_40_252_UNIFORM_6022436717541034636.txt (Time: 0.00s)
✓ Generated graph n=40, m=252, seed=3713827327871807734, type=UNIFORM -> ./input/random_graphs/graph_40_252_UNIFORM_3713827327871807734.txt (Time: 0.00s)
✓ Generated graph n=40, m=252, seed=7644420139408884785, type=UNIFORM -> ./input/random_graphs/graph_40_252_UNIFORM_7644420139408884785.txt (Time: 0.00s)
✓ Generated graph n=40, m=252, seed=2909934787168262407, type=UNIFORM -> ./input/random_graphs/graph_40_252_UNIFORM_2909934787168262407.txt (Time: 0.00s)
✓ Generated graph n=40, m=252, seed=3817405844514670994, type=UNIFORM -> ./input/random_graphs/graph_40_252_UNIFORM_3817405844514670994.txt (Time: 0.00s)
✓ Generated graph n=40, m=252, seed=6764066939395682287, type=UNIFORM -> ./input/random_graphs/graph_40_252_UNIFORM_6764066939395682287.txt (Time: 0.00s)
✓ Generated graph n=40, m=252, seed=1392892770529522614, type=UNIFORM -> ./input/random_graphs/graph_40_252_UNIFORM_1392892770529522614.txt (Time: 0.00s)
✓ Generated graph n=40, m=252, seed=5108599054664628607, type=UNIFORM -> ./input/random_graphs/graph_40_252_UNIFORM_5108599054664628607.txt (Time: 0.00s)
✓ Generated graph n=40, m=252, seed=4250897495980125004, type=UNIFORM -> ./input/random_graphs/graph_40_252_UNIFORM_4250897495980125004.txt (Time: 0.00s)
✓ Generated graph n=40, m=252, seed=4060584409398689268, type=UNIFORM -> ./input/random_graphs/graph_40_252_UNIFORM_4060584409398689268.txt (Time: 0.00s)
✓ Generated graph n=40, m=252, seed=1458186392400727732, type=UNIFORM -> ./input/random_graphs/graph_40_252_UNIFORM_1458186392400727732.txt (Time: 0.00s)
✓ Generated graph n=40, m=252, seed=4795749165124911768, type=UNIFORM -> ./input/random_graphs/graph_40_252_UNIFORM_4795749165124911768.txt (Time: 0.00s)
✓ Generated graph n=40, m=252, seed=2089506265998900862, type=UNIFORM -> ./input/random_graphs/graph_40_252_UNIFORM_2089506265998900862.txt (Time: 0.00s)
✓ Generated graph n=40, m=252, seed=8794274795737982182, type=UNIFORM -> ./input/random_graphs/graph_40_252_UNIFORM_8794274795737982182.txt (Time: 0.00s)
✓ Generated graph n=40, m=252, seed=1722224698700348310, type=UNIFORM -> ./input/random_graphs/graph_40_252_UNIFORM_1722224698700348310.txt (Time: 0.00s)
✓ Generated graph n=40, m=252, seed=9060210648189963449, type=UNIFORM -> ./input/random_graphs/graph_40_252_UNIFORM_9060210648189963449.txt (Time: 0.00s)
✓ Generated graph n=40, m=252, seed=5497874167834979553, type=UNIFORM -> ./input/random_graphs/graph_40_252_UNIFORM_5497874167834979553.txt (Time: 0.00s)
✓ Generated graph n=40, m=252, seed=8448596294177070022, type=UNIFORM -> ./input/random_graphs/graph_40_252_UNIFORM_8448596294177070022.txt (Time: 0.00s)
✓ Generated graph n=40, m=252, seed=8626102704817790064, type=UNIFORM -> ./input/random_graphs/graph_40_252_UNIFORM_8626102704817790064.txt (Time: 0.00s)
✓ Generated graph n=40, m=252, seed=1332005502874566195, type=UNIFORM -> ./input/random_graphs/graph_40_252_UNIFORM_1332005502874566195.txt (Time: 0.00s)
✓ Generated graph n=40, m=252, seed=4934890601268679176, type=UNIFORM -> ./input/random_graphs/graph_40_252_UNIFORM_4934890601268679176.txt (Time: 0.00s)
✓ Generated graph n=40, m=252, seed=7905487461282246979, type=UNIFORM -> ./input/random_graphs/graph_40_252_UNIFORM_7905487461282246979.txt (Time: 0.00s)
✓ Generated graph n=40, m=252, seed=3221421291694197220, type=UNIFORM -> ./input/random_graphs/graph_40_252_UNIFORM_3221421291694197220.txt (Time: 0.00s)
✓ Generated graph n=40, m=252, seed=1992204328026194281, type=UNIFORM -> ./input/random_graphs/graph_40_252_UNIFORM_1992204328026194281.txt (Time: 0.00s)
✓ Generated graph n=40, m=252, seed=2264398621601381987, type=UNIFORM -> ./input/random_graphs/graph_40_252_UNIFORM_2264398621601381987.txt (Time: 0.00s)
✓ Generated graph n=40, m=252, seed=4940913311242578590, type=UNIFORM -> ./input/random_graphs/graph_40_252_UNIFORM_4940913311242578590.txt (Time: 0.00s)
✓ Generated graph n=40, m=252, seed=7118744415197196276, type=UNIFORM -> ./input/random_graphs/graph_40_252_UNIFORM_7118744415197196276.txt (Time: 0.00s)
✓ Generated graph n=40, m=252, seed=7983805977214098674, type=UNIFORM -> ./input/random_graphs/graph_40_252_UNIFORM_7983805977214098674.txt (Time: 0.00s)
✓ Generated graph n=40, m=252, seed=8867616339855336876, type=UNIFORM -> ./input/random_graphs/graph_40_252_UNIFORM_8867616339855336876.txt (Time: 0.00s)
✓ Generated graph n=50, m=353, seed=7032710160631691991, type=UNIFORM -> ./input/random_graphs/graph_50_353_UNIFORM_7032710160631691991.txt (Time: 0.00s)
✓ Generated graph n=40, m=252, seed=2718103348384927511, type=UNIFORM -> ./input/random_graphs/graph_40_252_UNIFORM_2718103348384927511.txt (Time: 0.00s)
✓ Generated graph n=40, m=252, seed=9059990922233379852, type=UNIFORM -> ./input/random_graphs/graph_40_252_UNIFORM_9059990922233379852.txt (Time: 0.00s)
✓ Generated graph n=50, m=353, seed=3881801951614183357, type=UNIFORM -> ./input/random_graphs/graph_50_353_UNIFORM_3881801951614183357.txt (Time: 0.00s)
✓ Generated graph n=50, m=353, seed=7871178979383552919, type=UNIFORM -> ./input/random_graphs/graph_50_353_UNIFORM_7871178979383552919.txt (Time: 0.00s)
✓ Generated graph n=40, m=252, seed=5894893360759659423, type=UNIFORM -> ./input/random_graphs/graph_40_252_UNIFORM_5894893360759659423.txt (Time: 0.00s)
✓ Generated graph n=40, m=252, seed=7449662661572224354, type=UNIFORM -> ./input/random_graphs/graph_40_252_UNIFORM_7449662661572224354.txt (Time: 0.00s)
✓ Generated graph n=50, m=353, seed=1070244953599069350, type=UNIFORM -> ./input/random_graphs/graph_50_353_UNIFORM_1070244953599069350.txt (Time: 0.00s)
✓ Generated graph n=40, m=252, seed=7632458674696225362, type=UNIFORM -> ./input/random_graphs/graph_40_252_UNIFORM_7632458674696225362.txt (Time: 0.00s)
✓ Generated graph n=50, m=353, seed=4040737767143389431, type=UNIFORM -> ./input/random_graphs/graph_50_353_UNIFORM_4040737767143389431.txt (Time: 0.00s)
✓ Generated graph n=50, m=353, seed=6522163754831416203, type=UNIFORM -> ./input/random_graphs/graph_50_353_UNIFORM_6522163754831416203.txt (Time: 0.00s)
✓ Generated graph n=50, m=353, seed=6230961512046992311, type=UNIFORM -> ./input/random_graphs/graph_50_353_UNIFORM_6230961512046992311.txt (Time: 0.00s)
✓ Generated graph n=50, m=353, seed=5739955973604961613, type=UNIFORM -> ./input/random_graphs/graph_50_353_UNIFORM_5739955973604961613.txt (Time: 0.00s)
✓ Generated graph n=50, m=353, seed=6938562734920028532, type=UNIFORM -> ./input/random_graphs/graph_50_353_UNIFORM_6938562734920028532.txt (Time: 0.00s)
✓ Generated graph n=50, m=353, seed=7599700178212337699, type=UNIFORM -> ./input/random_graphs/graph_50_353_UNIFORM_7599700178212337699.txt (Time: 0.00s)
✓ Generated graph n=50, m=353, seed=1353182403971399009, type=UNIFORM -> ./input/random_graphs/graph_50_353_UNIFORM_1353182403971399009.txt (Time: 0.00s)
✓ Generated graph n=50, m=353, seed=5906957480796939447, type=UNIFORM -> ./input/random_graphs/graph_50_353_UNIFORM_5906957480796939447.txt (Time: 0.00s)
✓ Generated graph n=50, m=353, seed=1250005700364523649, type=UNIFORM -> ./input/random_graphs/graph_50_353_UNIFORM_1250005700364523649.txt (Time: 0.00s)
✓ Generated graph n=50, m=353, seed=1250773459040295677, type=UNIFORM -> ./input/random_graphs/graph_50_353_UNIFORM_1250773459040295677.txt (Time: 0.00s)
✓ Generated graph n=50, m=353, seed=5139481885857321791, type=UNIFORM -> ./input/random_graphs/graph_50_353_UNIFORM_5139481885857321791.txt (Time: 0.00s)
✓ Generated graph n=50, m=353, seed=5708372698381010775, type=UNIFORM -> ./input/random_graphs/graph_50_353_UNIFORM_5708372698381010775.txt (Time: 0.00s)
✓ Generated graph n=50, m=353, seed=1309542850049879452, type=UNIFORM -> ./input/random_graphs/graph_50_353_UNIFORM_1309542850049879452.txt (Time: 0.00s)
✓ Generated graph n=50, m=353, seed=2429002973740178792, type=UNIFORM -> ./input/random_graphs/graph_50_353_UNIFORM_2429002973740178792.txt (Time: 0.00s)
✓ Generated graph n=50, m=353, seed=320375091487821987, type=UNIFORM -> ./input/random_graphs/graph_50_353_UNIFORM_320375091487821987.txt (Time: 0.00s)
✓ Generated graph n=50, m=353, seed=3010622984418968408, type=UNIFORM -> ./input/random_graphs/graph_50_353_UNIFORM_3010622984418968408.txt (Time: 0.00s)
✓ Generated graph n=50, m=353, seed=7663871783842725848, type=UNIFORM -> ./input/random_graphs/graph_50_353_UNIFORM_7663871783842725848.txt (Time: 0.00s)
✓ Generated graph n=50, m=353, seed=1731523882129807996, type=UNIFORM -> ./input/random_graphs/graph_50_353_UNIFORM_1731523882129807996.txt (Time: 0.00s)
✓ Generated graph n=50, m=353, seed=7146860528564146064, type=UNIFORM -> ./input/random_graphs/graph_50_353_UNIFORM_7146860528564146064.txt (Time: 0.00s)
✓ Generated graph n=50, m=353, seed=7029781962072644698, type=UNIFORM -> ./input/random_graphs/graph_50_353_UNIFORM_7029781962072644698.txt (Time: 0.00s)
✓ Generated graph n=50, m=353, seed=5142811650494845597, type=UNIFORM -> ./input/random_graphs/graph_50_353_UNIFORM_5142811650494845597.txt (Time: 0.00s)
✓ Generated graph n=50, m=353, seed=3438400432146115956, type=UNIFORM -> ./input/random_graphs/graph_50_353_UNIFORM_3438400432146115956.txt (Time: 0.00s)
✓ Generated graph n=50, m=353, seed=7473196763798409428, type=UNIFORM -> ./input/random_graphs/graph_50_353_UNIFORM_7473196763798409428.txt (Time: 0.00s)
✓ Generated graph n=50, m=353, seed=521787134863155063, type=UNIFORM -> ./input/random_graphs/graph_50_353_UNIFORM_521787134863155063.txt (Time: 0.00s)
✓ Generated graph n=50, m=353, seed=6785030173969523435, type=UNIFORM -> ./input/random_graphs/graph_50_353_UNIFORM_6785030173969523435.txt (Time: 0.00s)
✓ Generated graph n=50, m=353, seed=6002685213311538187, type=UNIFORM -> ./input/random_graphs/graph_50_353_UNIFORM_6002685213311538187.txt (Time: 0.00s)
✓ Generated graph n=50, m=353, seed=1647170069535670909, type=UNIFORM -> ./input/random_graphs/graph_50_353_UNIFORM_1647170069535670909.txt (Time: 0.00s)
✓ Generated graph n=50, m=353, seed=1853590723603270879, type=UNIFORM -> ./input/random_graphs/graph_50_353_UNIFORM_1853590723603270879.txt (Time: 0.00s)
✓ Generated graph n=50, m=353, seed=5258051056098597521, type=UNIFORM -> ./input/random_graphs/graph_50_353_UNIFORM_5258051056098597521.txt (Time: 0.00s)
✓ Generated graph n=50, m=353, seed=5529616217668449934, type=UNIFORM -> ./input/random_graphs/graph_50_353_UNIFORM_5529616217668449934.txt (Time: 0.00s)
✓ Generated graph n=50, m=353, seed=3224265581699847191, type=UNIFORM -> ./input/random_graphs/graph_50_353_UNIFORM_3224265581699847191.txt (Time: 0.00s)
✓ Generated graph n=50, m=353, seed=1632192924771168275, type=UNIFORM -> ./input/random_graphs/graph_50_353_UNIFORM_1632192924771168275.txt (Time: 0.00s)
✓ Generated graph n=50, m=353, seed=7706236040662210848, type=UNIFORM -> ./input/random_graphs/graph_50_353_UNIFORM_7706236040662210848.txt (Time: 0.00s)
✓ Generated graph n=50, m=353, seed=6143643868734370809, type=UNIFORM -> ./input/random_graphs/graph_50_353_UNIFORM_6143643868734370809.txt (Time: 0.00s)
✓ Generated graph n=50, m=353, seed=1024517563182776983, type=UNIFORM -> ./input/random_graphs/graph_50_353_UNIFORM_1024517563182776983.txt (Time: 0.00s)
✓ Generated graph n=50, m=353, seed=6802378520969450157, type=UNIFORM -> ./input/random_graphs/graph_50_353_UNIFORM_6802378520969450157.txt (Time: 0.00s)
✓ Generated graph n=50, m=353, seed=8031431416522537101, type=UNIFORM -> ./input/random_graphs/graph_50_353_UNIFORM_8031431416522537101.txt (Time: 0.00s)
✓ Generated graph n=50, m=353, seed=5349491008325879064, type=UNIFORM -> ./input/random_graphs/graph_50_353_UNIFORM_5349491008325879064.txt (Time: 0.00s)
✓ Generated graph n=50, m=353, seed=7161906730445628483, type=UNIFORM -> ./input/random_graphs/graph_50_353_UNIFORM_7161906730445628483.txt (Time: 0.00s)
✓ Generated graph n=50, m=353, seed=4122784633514911760, type=UNIFORM -> ./input/random_graphs/graph_50_353_UNIFORM_4122784633514911760.txt (Time: 0.00s)
✓ Generated graph n=50, m=353, seed=824387247617288499, type=UNIFORM -> ./input/random_graphs/graph_50_353_UNIFORM_824387247617288499.txt (Time: 0.00s)
✓ Generated graph n=50, m=353, seed=6614505080519948832, type=UNIFORM -> ./input/random_graphs/graph_50_353_UNIFORM_6614505080519948832.txt (Time: 0.00s)
✓ Generated graph n=50, m=353, seed=7917045922527545890, type=UNIFORM -> ./input/random_graphs/graph_50_353_UNIFORM_7917045922527545890.txt (Time: 0.00s)
✓ Generated graph n=50, m=353, seed=4552998297316576788, type=UNIFORM -> ./input/random_graphs/graph_50_353_UNIFORM_4552998297316576788.txt (Time: 0.00s)
✓ Generated graph n=50, m=353, seed=5636411189175451024, type=UNIFORM -> ./input/random_graphs/graph_50_353_UNIFORM_5636411189175451024.txt (Time: 0.00s)
✓ Generated graph n=50, m=353, seed=7938560551762094560, type=UNIFORM -> ./input/random_graphs/graph_50_353_UNIFORM_7938560551762094560.txt (Time: 0.00s)
✓ Generated graph n=50, m=353, seed=3272308573967577038, type=UNIFORM -> ./input/random_graphs/graph_50_353_UNIFORM_3272308573967577038.txt (Time: 0.00s)
✓ Generated graph n=50, m=353, seed=1128313391724783137, type=UNIFORM -> ./input/random_graphs/graph_50_353_UNIFORM_1128313391724783137.txt (Time: 0.00s)
✓ Generated graph n=50, m=353, seed=5063475852268941542, type=UNIFORM -> ./input/random_graphs/graph_50_353_UNIFORM_5063475852268941542.txt (Time: 0.00s)
✓ Generated graph n=50, m=353, seed=3713827327871807734, type=UNIFORM -> ./input/random_graphs/graph_50_353_UNIFORM_3713827327871807734.txt (Time: 0.00s)
✓ Generated graph n=50, m=353, seed=3865339568260874865, type=UNIFORM -> ./input/random_graphs/graph_50_353_UNIFORM_3865339568260874865.txt (Time: 0.00s)
✓ Generated graph n=50, m=353, seed=9130666990809746335, type=UNIFORM -> ./input/random_graphs/graph_50_353_UNIFORM_9130666990809746335.txt (Time: 0.00s)
✓ Generated graph n=50, m=353, seed=7921282862123281598, type=UNIFORM -> ./input/random_graphs/graph_50_353_UNIFORM_7921282862123281598.txt (Time: 0.00s)
✓ Generated graph n=50, m=353, seed=6224222471595207695, type=UNIFORM -> ./input/random_graphs/graph_50_353_UNIFORM_6224222471595207695.txt (Time: 0.00s)
✓ Generated graph n=50, m=353, seed=4997514996153925447, type=UNIFORM -> ./input/random_graphs/graph_50_353_UNIFORM_4997514996153925447.txt (Time: 0.00s)
✓ Generated graph n=50, m=353, seed=8718380604043999642, type=UNIFORM -> ./input/random_graphs/graph_50_353_UNIFORM_8718380604043999642.txt (Time: 0.00s)
✓ Generated graph n=50, m=353, seed=6022436717541034636, type=UNIFORM -> ./input/random_graphs/graph_50_353_UNIFORM_6022436717541034636.txt (Time: 0.00s)
✓ Generated graph n=50, m=353, seed=8446481348147407377, type=UNIFORM -> ./input/random_graphs/graph_50_353_UNIFORM_8446481348147407377.txt (Time: 0.00s)
✓ Generated graph n=50, m=353, seed=5108599054664628607, type=UNIFORM -> ./input/random_graphs/graph_50_353_UNIFORM_5108599054664628607.txt (Time: 0.00s)
✓ Generated graph n=50, m=353, seed=6764066939395682287, type=UNIFORM -> ./input/random_graphs/graph_50_353_UNIFORM_6764066939395682287.txt (Time: 0.00s)
✓ Generated graph n=50, m=353, seed=199422815561151340, type=UNIFORM -> ./input/random_graphs/graph_50_353_UNIFORM_199422815561151340.txt (Time: 0.00s)
✓ Generated graph n=50, m=353, seed=1458186392400727732, type=UNIFORM -> ./input/random_graphs/graph_50_353_UNIFORM_1458186392400727732.txt (Time: 0.00s)
✓ Generated graph n=50, m=353, seed=4445925461710302877, type=UNIFORM -> ./input/random_graphs/graph_50_353_UNIFORM_4445925461710302877.txt (Time: 0.00s)
✓ Generated graph n=50, m=353, seed=3817405844514670994, type=UNIFORM -> ./input/random_graphs/graph_50_353_UNIFORM_3817405844514670994.txt (Time: 0.00s)
✓ Generated graph n=50, m=353, seed=2909934787168262407, type=UNIFORM -> ./input/random_graphs/graph_50_353_UNIFORM_2909934787168262407.txt (Time: 0.00s)
✓ Generated graph n=50, m=353, seed=175493991617213850, type=UNIFORM -> ./input/random_graphs/graph_50_353_UNIFORM_175493991617213850.txt (Time: 0.00s)
✓ Generated graph n=50, m=353, seed=716820155901718944, type=UNIFORM -> ./input/random_graphs/graph_50_353_UNIFORM_716820155901718944.txt (Time: 0.00s)
✓ Generated graph n=50, m=353, seed=2718103348384927511, type=UNIFORM -> ./input/random_graphs/graph_50_353_UNIFORM_2718103348384927511.txt (Time: 0.00s)
✓ Generated graph n=50, m=353, seed=1170385908854608748, type=UNIFORM -> ./input/random_graphs/graph_50_353_UNIFORM_1170385908854608748.txt (Time: 0.00s)
✓ Generated graph n=50, m=353, seed=4250897495980125004, type=UNIFORM -> ./input/random_graphs/graph_50_353_UNIFORM_4250897495980125004.txt (Time: 0.00s)
✓ Generated graph n=50, m=353, seed=7644420139408884785, type=UNIFORM -> ./input/random_graphs/graph_50_353_UNIFORM_7644420139408884785.txt (Time: 0.00s)
✓ Generated graph n=50, m=353, seed=9059990922233379852, type=UNIFORM -> ./input/random_graphs/graph_50_353_UNIFORM_9059990922233379852.txt (Time: 0.00s)
✓ Generated graph n=50, m=353, seed=2089506265998900862, type=UNIFORM -> ./input/random_graphs/graph_50_353_UNIFORM_2089506265998900862.txt (Time: 0.00s)
✓ Generated graph n=50, m=353, seed=9060210648189963449, type=UNIFORM -> ./input/random_graphs/graph_50_353_UNIFORM_9060210648189963449.txt (Time: 0.00s)
✓ Generated graph n=50, m=353, seed=8794274795737982182, type=UNIFORM -> ./input/random_graphs/graph_50_353_UNIFORM_8794274795737982182.txt (Time: 0.00s)
✓ Generated graph n=50, m=353, seed=1392892770529522614, type=UNIFORM -> ./input/random_graphs/graph_50_353_UNIFORM_1392892770529522614.txt (Time: 0.00s)
✓ Generated graph n=50, m=353, seed=8448596294177070022, type=UNIFORM -> ./input/random_graphs/graph_50_353_UNIFORM_8448596294177070022.txt (Time: 0.00s)
✓ Generated graph n=50, m=353, seed=1332005502874566195, type=UNIFORM -> ./input/random_graphs/graph_50_353_UNIFORM_1332005502874566195.txt (Time: 0.00s)
✓ Generated graph n=50, m=353, seed=1722224698700348310, type=UNIFORM -> ./input/random_graphs/graph_50_353_UNIFORM_1722224698700348310.txt (Time: 0.00s)
✓ Generated graph n=50, m=353, seed=7905487461282246979, type=UNIFORM -> ./input/random_graphs/graph_50_353_UNIFORM_7905487461282246979.txt (Time: 0.00s)
✓ Generated graph n=50, m=353, seed=8626102704817790064, type=UNIFORM -> ./input/random_graphs/graph_50_353_UNIFORM_8626102704817790064.txt (Time: 0.00s)
✓ Generated graph n=50, m=353, seed=4934890601268679176, type=UNIFORM -> ./input/random_graphs/graph_50_353_UNIFORM_4934890601268679176.txt (Time: 0.00s)
✓ Generated graph n=50, m=353, seed=3221421291694197220, type=UNIFORM -> ./input/random_graphs/graph_50_353_UNIFORM_3221421291694197220.txt (Time: 0.00s)
✓ Generated graph n=50, m=353, seed=4795749165124911768, type=UNIFORM -> ./input/random_graphs/graph_50_353_UNIFORM_4795749165124911768.txt (Time: 0.00s)
✓ Generated graph n=50, m=353, seed=4060584409398689268, type=UNIFORM -> ./input/random_graphs/graph_50_353_UNIFORM_4060584409398689268.txt (Time: 0.00s)
✓ Generated graph n=50, m=353, seed=6529943913552561417, type=UNIFORM -> ./input/random_graphs/graph_50_353_UNIFORM_6529943913552561417.txt (Time: 0.00s)
✓ Generated graph n=50, m=353, seed=5497874167834979553, type=UNIFORM -> ./input/random_graphs/graph_50_353_UNIFORM_5497874167834979553.txt (Time: 0.00s)
✓ Generated graph n=60, m=464, seed=5739955973604961613, type=UNIFORM -> ./input/random_graphs/graph_60_464_UNIFORM_5739955973604961613.txt (Time: 0.00s)
✓ Generated graph n=50, m=353, seed=7449662661572224354, type=UNIFORM -> ./input/random_graphs/graph_50_353_UNIFORM_7449662661572224354.txt (Time: 0.00s)
✓ Generated graph n=50, m=353, seed=8867616339855336876, type=UNIFORM -> ./input/random_graphs/graph_50_353_UNIFORM_8867616339855336876.txt (Time: 0.00s)
✓ Generated graph n=50, m=353, seed=7118744415197196276, type=UNIFORM -> ./input/random_graphs/graph_50_353_UNIFORM_7118744415197196276.txt (Time: 0.00s)
✓ Generated graph n=50, m=353, seed=4940913311242578590, type=UNIFORM -> ./input/random_graphs/graph_50_353_UNIFORM_4940913311242578590.txt (Time: 0.00s)
✓ Generated graph n=50, m=353, seed=2264398621601381987, type=UNIFORM -> ./input/random_graphs/graph_50_353_UNIFORM_2264398621601381987.txt (Time: 0.00s)
✓ Generated graph n=50, m=353, seed=7983805977214098674, type=UNIFORM -> ./input/random_graphs/graph_50_353_UNIFORM_7983805977214098674.txt (Time: 0.00s)
✓ Generated graph n=50, m=353, seed=7632458674696225362, type=UNIFORM -> ./input/random_graphs/graph_50_353_UNIFORM_7632458674696225362.txt (Time: 0.00s)
✓ Generated graph n=60, m=464, seed=3881801951614183357, type=UNIFORM -> ./input/random_graphs/graph_60_464_UNIFORM_3881801951614183357.txt (Time: 0.00s)
✓ Generated graph n=60, m=464, seed=320375091487821987, type=UNIFORM -> ./input/random_graphs/graph_60_464_UNIFORM_320375091487821987.txt (Time: 0.00s)
✓ Generated graph n=60, m=464, seed=7871178979383552919, type=UNIFORM -> ./input/random_graphs/graph_60_464_UNIFORM_7871178979383552919.txt (Time: 0.00s)
✓ Generated graph n=60, m=464, seed=3010622984418968408, type=UNIFORM -> ./input/random_graphs/graph_60_464_UNIFORM_3010622984418968408.txt (Time: 0.00s)
✓ Generated graph n=60, m=464, seed=4040737767143389431, type=UNIFORM -> ./input/random_graphs/graph_60_464_UNIFORM_4040737767143389431.txt (Time: 0.00s)
✓ Generated graph n=50, m=353, seed=5894893360759659423, type=UNIFORM -> ./input/random_graphs/graph_50_353_UNIFORM_5894893360759659423.txt (Time: 0.00s)
✓ Generated graph n=60, m=464, seed=1070244953599069350, type=UNIFORM -> ./input/random_graphs/graph_60_464_UNIFORM_1070244953599069350.txt (Time: 0.00s)
✓ Generated graph n=60, m=464, seed=6230961512046992311, type=UNIFORM -> ./input/random_graphs/graph_60_464_UNIFORM_6230961512046992311.txt (Time: 0.00s)
✓ Generated graph n=60, m=464, seed=7032710160631691991, type=UNIFORM -> ./input/random_graphs/graph_60_464_UNIFORM_7032710160631691991.txt (Time: 0.00s)
✓ Generated graph n=60, m=464, seed=6522163754831416203, type=UNIFORM -> ./input/random_graphs/graph_60_464_UNIFORM_6522163754831416203.txt (Time: 0.00s)
✓ Generated graph n=60, m=464, seed=1353182403971399009, type=UNIFORM -> ./input/random_graphs/graph_60_464_UNIFORM_1353182403971399009.txt (Time: 0.00s)
✓ Generated graph n=60, m=464, seed=2429002973740178792, type=UNIFORM -> ./input/random_graphs/graph_60_464_UNIFORM_2429002973740178792.txt (Time: 0.00s)
✓ Generated graph n=60, m=464, seed=1250005700364523649, type=UNIFORM -> ./input/random_graphs/graph_60_464_UNIFORM_1250005700364523649.txt (Time: 0.00s)
✓ Generated graph n=60, m=464, seed=1024517563182776983, type=UNIFORM -> ./input/random_graphs/graph_60_464_UNIFORM_1024517563182776983.txt (Time: 0.00s)
✓ Generated graph n=60, m=464, seed=1647170069535670909, type=UNIFORM -> ./input/random_graphs/graph_60_464_UNIFORM_1647170069535670909.txt (Time: 0.00s)
✓ Generated graph n=50, m=353, seed=1992204328026194281, type=UNIFORM -> ./input/random_graphs/graph_50_353_UNIFORM_1992204328026194281.txt (Time: 0.00s)
✓ Generated graph n=60, m=464, seed=7473196763798409428, type=UNIFORM -> ./input/random_graphs/graph_60_464_UNIFORM_7473196763798409428.txt (Time: 0.00s)
✓ Generated graph n=60, m=464, seed=1309542850049879452, type=UNIFORM -> ./input/random_graphs/graph_60_464_UNIFORM_1309542850049879452.txt (Time: 0.00s)
✓ Generated graph n=60, m=464, seed=5258051056098597521, type=UNIFORM -> ./input/random_graphs/graph_60_464_UNIFORM_5258051056098597521.txt (Time: 0.00s)
✓ Generated graph n=60, m=464, seed=7663871783842725848, type=UNIFORM -> ./input/random_graphs/graph_60_464_UNIFORM_7663871783842725848.txt (Time: 0.00s)
✓ Generated graph n=60, m=464, seed=1853590723603270879, type=UNIFORM -> ./input/random_graphs/graph_60_464_UNIFORM_1853590723603270879.txt (Time: 0.00s)
✓ Generated graph n=60, m=464, seed=5139481885857321791, type=UNIFORM -> ./input/random_graphs/graph_60_464_UNIFORM_5139481885857321791.txt (Time: 0.00s)
✓ Generated graph n=60, m=464, seed=824387247617288499, type=UNIFORM -> ./input/random_graphs/graph_60_464_UNIFORM_824387247617288499.txt (Time: 0.00s)
✓ Generated graph n=60, m=464, seed=1250773459040295677, type=UNIFORM -> ./input/random_graphs/graph_60_464_UNIFORM_1250773459040295677.txt (Time: 0.00s)
✓ Generated graph n=60, m=464, seed=6002685213311538187, type=UNIFORM -> ./input/random_graphs/graph_60_464_UNIFORM_6002685213311538187.txt (Time: 0.00s)
✓ Generated graph n=60, m=464, seed=7146860528564146064, type=UNIFORM -> ./input/random_graphs/graph_60_464_UNIFORM_7146860528564146064.txt (Time: 0.00s)
✓ Generated graph n=60, m=464, seed=5708372698381010775, type=UNIFORM -> ./input/random_graphs/graph_60_464_UNIFORM_5708372698381010775.txt (Time: 0.00s)
✓ Generated graph n=60, m=464, seed=7029781962072644698, type=UNIFORM -> ./input/random_graphs/graph_60_464_UNIFORM_7029781962072644698.txt (Time: 0.00s)
✓ Generated graph n=60, m=464, seed=4122784633514911760, type=UNIFORM -> ./input/random_graphs/graph_60_464_UNIFORM_4122784633514911760.txt (Time: 0.00s)
✓ Generated graph n=60, m=464, seed=7599700178212337699, type=UNIFORM -> ./input/random_graphs/graph_60_464_UNIFORM_7599700178212337699.txt (Time: 0.00s)
✓ Generated graph n=60, m=464, seed=6614505080519948832, type=UNIFORM -> ./input/random_graphs/graph_60_464_UNIFORM_6614505080519948832.txt (Time: 0.00s)
✓ Generated graph n=60, m=464, seed=5906957480796939447, type=UNIFORM -> ./input/random_graphs/graph_60_464_UNIFORM_5906957480796939447.txt (Time: 0.00s)
✓ Generated graph n=60, m=464, seed=6938562734920028532, type=UNIFORM -> ./input/random_graphs/graph_60_464_UNIFORM_6938562734920028532.txt (Time: 0.00s)
✓ Generated graph n=60, m=464, seed=5142811650494845597, type=UNIFORM -> ./input/random_graphs/graph_60_464_UNIFORM_5142811650494845597.txt (Time: 0.00s)
✓ Generated graph n=60, m=464, seed=3438400432146115956, type=UNIFORM -> ./input/random_graphs/graph_60_464_UNIFORM_3438400432146115956.txt (Time: 0.00s)
✓ Generated graph n=60, m=464, seed=6785030173969523435, type=UNIFORM -> ./input/random_graphs/graph_60_464_UNIFORM_6785030173969523435.txt (Time: 0.00s)
✓ Generated graph n=60, m=464, seed=1731523882129807996, type=UNIFORM -> ./input/random_graphs/graph_60_464_UNIFORM_1731523882129807996.txt (Time: 0.00s)
✓ Generated graph n=60, m=464, seed=3224265581699847191, type=UNIFORM -> ./input/random_graphs/graph_60_464_UNIFORM_3224265581699847191.txt (Time: 0.00s)
✓ Generated graph n=60, m=464, seed=7921282862123281598, type=UNIFORM -> ./input/random_graphs/graph_60_464_UNIFORM_7921282862123281598.txt (Time: 0.00s)
✓ Generated graph n=60, m=464, seed=5529616217668449934, type=UNIFORM -> ./input/random_graphs/graph_60_464_UNIFORM_5529616217668449934.txt (Time: 0.00s)
✓ Generated graph n=60, m=464, seed=1632192924771168275, type=UNIFORM -> ./input/random_graphs/graph_60_464_UNIFORM_1632192924771168275.txt (Time: 0.00s)
✓ Generated graph n=60, m=464, seed=6802378520969450157, type=UNIFORM -> ./input/random_graphs/graph_60_464_UNIFORM_6802378520969450157.txt (Time: 0.00s)
✓ Generated graph n=60, m=464, seed=521787134863155063, type=UNIFORM -> ./input/random_graphs/graph_60_464_UNIFORM_521787134863155063.txt (Time: 0.00s)
✓ Generated graph n=60, m=464, seed=7161906730445628483, type=UNIFORM -> ./input/random_graphs/graph_60_464_UNIFORM_7161906730445628483.txt (Time: 0.00s)
✓ Generated graph n=60, m=464, seed=6143643868734370809, type=UNIFORM -> ./input/random_graphs/graph_60_464_UNIFORM_6143643868734370809.txt (Time: 0.00s)
✓ Generated graph n=60, m=464, seed=6224222471595207695, type=UNIFORM -> ./input/random_graphs/graph_60_464_UNIFORM_6224222471595207695.txt (Time: 0.00s)
✓ Generated graph n=60, m=464, seed=8031431416522537101, type=UNIFORM -> ./input/random_graphs/graph_60_464_UNIFORM_8031431416522537101.txt (Time: 0.00s)
✓ Generated graph n=60, m=464, seed=3272308573967577038, type=UNIFORM -> ./input/random_graphs/graph_60_464_UNIFORM_3272308573967577038.txt (Time: 0.00s)
✓ Generated graph n=60, m=464, seed=5636411189175451024, type=UNIFORM -> ./input/random_graphs/graph_60_464_UNIFORM_5636411189175451024.txt (Time: 0.00s)
✓ Generated graph n=60, m=464, seed=7917045922527545890, type=UNIFORM -> ./input/random_graphs/graph_60_464_UNIFORM_7917045922527545890.txt (Time: 0.00s)
✓ Generated graph n=60, m=464, seed=3817405844514670994, type=UNIFORM -> ./input/random_graphs/graph_60_464_UNIFORM_3817405844514670994.txt (Time: 0.00s)
✓ Generated graph n=60, m=464, seed=4552998297316576788, type=UNIFORM -> ./input/random_graphs/graph_60_464_UNIFORM_4552998297316576788.txt (Time: 0.00s)
✓ Generated graph n=60, m=464, seed=7938560551762094560, type=UNIFORM -> ./input/random_graphs/graph_60_464_UNIFORM_7938560551762094560.txt (Time: 0.00s)
✓ Generated graph n=60, m=464, seed=3865339568260874865, type=UNIFORM -> ./input/random_graphs/graph_60_464_UNIFORM_3865339568260874865.txt (Time: 0.00s)
✓ Generated graph n=60, m=464, seed=8718380604043999642, type=UNIFORM -> ./input/random_graphs/graph_60_464_UNIFORM_8718380604043999642.txt (Time: 0.00s)
✓ Generated graph n=60, m=464, seed=5349491008325879064, type=UNIFORM -> ./input/random_graphs/graph_60_464_UNIFORM_5349491008325879064.txt (Time: 0.00s)
✓ Generated graph n=60, m=464, seed=1128313391724783137, type=UNIFORM -> ./input/random_graphs/graph_60_464_UNIFORM_1128313391724783137.txt (Time: 0.00s)
✓ Generated graph n=60, m=464, seed=4445925461710302877, type=UNIFORM -> ./input/random_graphs/graph_60_464_UNIFORM_4445925461710302877.txt (Time: 0.00s)
✓ Generated graph n=60, m=464, seed=5063475852268941542, type=UNIFORM -> ./input/random_graphs/graph_60_464_UNIFORM_5063475852268941542.txt (Time: 0.00s)
✓ Generated graph n=60, m=464, seed=7706236040662210848, type=UNIFORM -> ./input/random_graphs/graph_60_464_UNIFORM_7706236040662210848.txt (Time: 0.00s)
✓ Generated graph n=60, m=464, seed=6529943913552561417, type=UNIFORM -> ./input/random_graphs/graph_60_464_UNIFORM_6529943913552561417.txt (Time: 0.00s)
✓ Generated graph n=60, m=464, seed=1170385908854608748, type=UNIFORM -> ./input/random_graphs/graph_60_464_UNIFORM_1170385908854608748.txt (Time: 0.00s)
✓ Generated graph n=60, m=464, seed=175493991617213850, type=UNIFORM -> ./input/random_graphs/graph_60_464_UNIFORM_175493991617213850.txt (Time: 0.00s)
✓ Generated graph n=60, m=464, seed=8446481348147407377, type=UNIFORM -> ./input/random_graphs/graph_60_464_UNIFORM_8446481348147407377.txt (Time: 0.00s)
✓ Generated graph n=60, m=464, seed=716820155901718944, type=UNIFORM -> ./input/random_graphs/graph_60_464_UNIFORM_716820155901718944.txt (Time: 0.00s)
✓ Generated graph n=60, m=464, seed=199422815561151340, type=UNIFORM -> ./input/random_graphs/graph_60_464_UNIFORM_199422815561151340.txt (Time: 0.00s)
✓ Generated graph n=60, m=464, seed=3713827327871807734, type=UNIFORM -> ./input/random_graphs/graph_60_464_UNIFORM_3713827327871807734.txt (Time: 0.00s)
✓ Generated graph n=60, m=464, seed=4997514996153925447, type=UNIFORM -> ./input/random_graphs/graph_60_464_UNIFORM_4997514996153925447.txt (Time: 0.00s)
✓ Generated graph n=60, m=464, seed=5497874167834979553, type=UNIFORM -> ./input/random_graphs/graph_60_464_UNIFORM_5497874167834979553.txt (Time: 0.00s)
✓ Generated graph n=60, m=464, seed=6022436717541034636, type=UNIFORM -> ./input/random_graphs/graph_60_464_UNIFORM_6022436717541034636.txt (Time: 0.00s)
✓ Generated graph n=60, m=464, seed=9130666990809746335, type=UNIFORM -> ./input/random_graphs/graph_60_464_UNIFORM_9130666990809746335.txt (Time: 0.00s)
✓ Generated graph n=60, m=464, seed=2909934787168262407, type=UNIFORM -> ./input/random_graphs/graph_60_464_UNIFORM_2909934787168262407.txt (Time: 0.00s)
✓ Generated graph n=60, m=464, seed=4795749165124911768, type=UNIFORM -> ./input/random_graphs/graph_60_464_UNIFORM_4795749165124911768.txt (Time: 0.00s)
✓ Generated graph n=60, m=464, seed=5108599054664628607, type=UNIFORM -> ./input/random_graphs/graph_60_464_UNIFORM_5108599054664628607.txt (Time: 0.00s)
✓ Generated graph n=60, m=464, seed=2089506265998900862, type=UNIFORM -> ./input/random_graphs/graph_60_464_UNIFORM_2089506265998900862.txt (Time: 0.00s)
✓ Generated graph n=60, m=464, seed=4940913311242578590, type=UNIFORM -> ./input/random_graphs/graph_60_464_UNIFORM_4940913311242578590.txt (Time: 0.00s)
✓ Generated graph n=60, m=464, seed=1392892770529522614, type=UNIFORM -> ./input/random_graphs/graph_60_464_UNIFORM_1392892770529522614.txt (Time: 0.00s)
✓ Generated graph n=60, m=464, seed=1458186392400727732, type=UNIFORM -> ./input/random_graphs/graph_60_464_UNIFORM_1458186392400727732.txt (Time: 0.00s)
✓ Generated graph n=60, m=464, seed=7644420139408884785, type=UNIFORM -> ./input/random_graphs/graph_60_464_UNIFORM_7644420139408884785.txt (Time: 0.00s)
✓ Generated graph n=60, m=464, seed=8794274795737982182, type=UNIFORM -> ./input/random_graphs/graph_60_464_UNIFORM_8794274795737982182.txt (Time: 0.00s)
✓ Generated graph n=60, m=464, seed=7905487461282246979, type=UNIFORM -> ./input/random_graphs/graph_60_464_UNIFORM_7905487461282246979.txt (Time: 0.00s)
✓ Generated graph n=60, m=464, seed=4250897495980125004, type=UNIFORM -> ./input/random_graphs/graph_60_464_UNIFORM_4250897495980125004.txt (Time: 0.00s)
✓ Generated graph n=60, m=464, seed=4934890601268679176, type=UNIFORM -> ./input/random_graphs/graph_60_464_UNIFORM_4934890601268679176.txt (Time: 0.00s)
✓ Generated graph n=60, m=464, seed=1332005502874566195, type=UNIFORM -> ./input/random_graphs/graph_60_464_UNIFORM_1332005502874566195.txt (Time: 0.00s)
✓ Generated graph n=60, m=464, seed=4060584409398689268, type=UNIFORM -> ./input/random_graphs/graph_60_464_UNIFORM_4060584409398689268.txt (Time: 0.00s)
✓ Generated graph n=60, m=464, seed=8626102704817790064, type=UNIFORM -> ./input/random_graphs/graph_60_464_UNIFORM_8626102704817790064.txt (Time: 0.00s)
✓ Generated graph n=60, m=464, seed=1992204328026194281, type=UNIFORM -> ./input/random_graphs/graph_60_464_UNIFORM_1992204328026194281.txt (Time: 0.00s)
✓ Generated graph n=60, m=464, seed=1722224698700348310, type=UNIFORM -> ./input/random_graphs/graph_60_464_UNIFORM_1722224698700348310.txt (Time: 0.00s)
✓ Generated graph n=60, m=464, seed=6764066939395682287, type=UNIFORM -> ./input/random_graphs/graph_60_464_UNIFORM_6764066939395682287.txt (Time: 0.00s)
✓ Generated graph n=60, m=464, seed=7983805977214098674, type=UNIFORM -> ./input/random_graphs/graph_60_464_UNIFORM_7983805977214098674.txt (Time: 0.00s)
✓ Generated graph n=60, m=464, seed=7449662661572224354, type=UNIFORM -> ./input/random_graphs/graph_60_464_UNIFORM_7449662661572224354.txt (Time: 0.00s)
✓ Generated graph n=60, m=464, seed=9060210648189963449, type=UNIFORM -> ./input/random_graphs/graph_60_464_UNIFORM_9060210648189963449.txt (Time: 0.00s)
✓ Generated graph n=60, m=464, seed=2718103348384927511, type=UNIFORM -> ./input/random_graphs/graph_60_464_UNIFORM_2718103348384927511.txt (Time: 0.00s)
✓ Generated graph n=60, m=464, seed=7118744415197196276, type=UNIFORM -> ./input/random_graphs/graph_60_464_UNIFORM_7118744415197196276.txt (Time: 0.00s)
✓ Generated graph n=60, m=464, seed=9059990922233379852, type=UNIFORM -> ./input/random_graphs/graph_60_464_UNIFORM_9059990922233379852.txt (Time: 0.00s)
✓ Generated graph n=60, m=464, seed=7632458674696225362, type=UNIFORM -> ./input/random_graphs/graph_60_464_UNIFORM_7632458674696225362.txt (Time: 0.00s)
✓ Generated graph n=60, m=464, seed=3221421291694197220, type=UNIFORM -> ./input/random_graphs/graph_60_464_UNIFORM_3221421291694197220.txt (Time: 0.00s)
✓ Generated graph n=60, m=464, seed=5894893360759659423, type=UNIFORM -> ./input/random_graphs/graph_60_464_UNIFORM_5894893360759659423.txt (Time: 0.00s)
✓ Generated graph n=60, m=464, seed=2264398621601381987, type=UNIFORM -> ./input/random_graphs/graph_60_464_UNIFORM_2264398621601381987.txt (Time: 0.00s)
✓ Generated graph n=70, m=585, seed=1070244953599069350, type=UNIFORM -> ./input/random_graphs/graph_70_585_UNIFORM_1070244953599069350.txt (Time: 0.00s)
✓ Generated graph n=60, m=464, seed=8867616339855336876, type=UNIFORM -> ./input/random_graphs/graph_60_464_UNIFORM_8867616339855336876.txt (Time: 0.00s)
✓ Generated graph n=70, m=585, seed=1353182403971399009, type=UNIFORM -> ./input/random_graphs/graph_70_585_UNIFORM_1353182403971399009.txt (Time: 0.00s)
✓ Generated graph n=60, m=464, seed=8448596294177070022, type=UNIFORM -> ./input/random_graphs/graph_60_464_UNIFORM_8448596294177070022.txt (Time: 0.00s)
✓ Generated graph n=70, m=585, seed=6522163754831416203, type=UNIFORM -> ./input/random_graphs/graph_70_585_UNIFORM_6522163754831416203.txt (Time: 0.00s)
✓ Generated graph n=70, m=585, seed=1250005700364523649, type=UNIFORM -> ./input/random_graphs/graph_70_585_UNIFORM_1250005700364523649.txt (Time: 0.00s)
✓ Generated graph n=70, m=585, seed=5739955973604961613, type=UNIFORM -> ./input/random_graphs/graph_70_585_UNIFORM_5739955973604961613.txt (Time: 0.00s)
✓ Generated graph n=70, m=585, seed=6938562734920028532, type=UNIFORM -> ./input/random_graphs/graph_70_585_UNIFORM_6938562734920028532.txt (Time: 0.00s)
✓ Generated graph n=70, m=585, seed=7032710160631691991, type=UNIFORM -> ./input/random_graphs/graph_70_585_UNIFORM_7032710160631691991.txt (Time: 0.00s)
✓ Generated graph n=70, m=585, seed=2429002973740178792, type=UNIFORM -> ./input/random_graphs/graph_70_585_UNIFORM_2429002973740178792.txt (Time: 0.00s)
✓ Generated graph n=70, m=585, seed=7871178979383552919, type=UNIFORM -> ./input/random_graphs/graph_70_585_UNIFORM_7871178979383552919.txt (Time: 0.00s)
✓ Generated graph n=70, m=585, seed=1309542850049879452, type=UNIFORM -> ./input/random_graphs/graph_70_585_UNIFORM_1309542850049879452.txt (Time: 0.00s)
✓ Generated graph n=70, m=585, seed=3881801951614183357, type=UNIFORM -> ./input/random_graphs/graph_70_585_UNIFORM_3881801951614183357.txt (Time: 0.00s)
✓ Generated graph n=70, m=585, seed=7663871783842725848, type=UNIFORM -> ./input/random_graphs/graph_70_585_UNIFORM_7663871783842725848.txt (Time: 0.00s)
✓ Generated graph n=70, m=585, seed=7599700178212337699, type=UNIFORM -> ./input/random_graphs/graph_70_585_UNIFORM_7599700178212337699.txt (Time: 0.00s)
✓ Generated graph n=70, m=585, seed=4040737767143389431, type=UNIFORM -> ./input/random_graphs/graph_70_585_UNIFORM_4040737767143389431.txt (Time: 0.00s)
✓ Generated graph n=70, m=585, seed=6230961512046992311, type=UNIFORM -> ./input/random_graphs/graph_70_585_UNIFORM_6230961512046992311.txt (Time: 0.00s)
✓ Generated graph n=70, m=585, seed=320375091487821987, type=UNIFORM -> ./input/random_graphs/graph_70_585_UNIFORM_320375091487821987.txt (Time: 0.00s)
✓ Generated graph n=70, m=585, seed=1647170069535670909, type=UNIFORM -> ./input/random_graphs/graph_70_585_UNIFORM_1647170069535670909.txt (Time: 0.00s)
✓ Generated graph n=70, m=585, seed=5529616217668449934, type=UNIFORM -> ./input/random_graphs/graph_70_585_UNIFORM_5529616217668449934.txt (Time: 0.00s)
✓ Generated graph n=70, m=585, seed=3438400432146115956, type=UNIFORM -> ./input/random_graphs/graph_70_585_UNIFORM_3438400432146115956.txt (Time: 0.00s)
✓ Generated graph n=70, m=585, seed=5906957480796939447, type=UNIFORM -> ./input/random_graphs/graph_70_585_UNIFORM_5906957480796939447.txt (Time: 0.00s)
✓ Generated graph n=70, m=585, seed=3224265581699847191, type=UNIFORM -> ./input/random_graphs/graph_70_585_UNIFORM_3224265581699847191.txt (Time: 0.00s)
✓ Generated graph n=70, m=585, seed=8031431416522537101, type=UNIFORM -> ./input/random_graphs/graph_70_585_UNIFORM_8031431416522537101.txt (Time: 0.00s)
✓ Generated graph n=70, m=585, seed=7029781962072644698, type=UNIFORM -> ./input/random_graphs/graph_70_585_UNIFORM_7029781962072644698.txt (Time: 0.00s)
✓ Generated graph n=70, m=585, seed=1250773459040295677, type=UNIFORM -> ./input/random_graphs/graph_70_585_UNIFORM_1250773459040295677.txt (Time: 0.00s)
✓ Generated graph n=70, m=585, seed=5708372698381010775, type=UNIFORM -> ./input/random_graphs/graph_70_585_UNIFORM_5708372698381010775.txt (Time: 0.00s)
✓ Generated graph n=70, m=585, seed=6002685213311538187, type=UNIFORM -> ./input/random_graphs/graph_70_585_UNIFORM_6002685213311538187.txt (Time: 0.00s)
✓ Generated graph n=70, m=585, seed=6785030173969523435, type=UNIFORM -> ./input/random_graphs/graph_70_585_UNIFORM_6785030173969523435.txt (Time: 0.00s)
✓ Generated graph n=70, m=585, seed=1024517563182776983, type=UNIFORM -> ./input/random_graphs/graph_70_585_UNIFORM_1024517563182776983.txt (Time: 0.00s)
✓ Generated graph n=70, m=585, seed=1731523882129807996, type=UNIFORM -> ./input/random_graphs/graph_70_585_UNIFORM_1731523882129807996.txt (Time: 0.00s)
✓ Generated graph n=70, m=585, seed=4122784633514911760, type=UNIFORM -> ./input/random_graphs/graph_70_585_UNIFORM_4122784633514911760.txt (Time: 0.00s)
✓ Generated graph n=70, m=585, seed=521787134863155063, type=UNIFORM -> ./input/random_graphs/graph_70_585_UNIFORM_521787134863155063.txt (Time: 0.00s)
✓ Generated graph n=70, m=585, seed=7146860528564146064, type=UNIFORM -> ./input/random_graphs/graph_70_585_UNIFORM_7146860528564146064.txt (Time: 0.00s)
✓ Generated graph n=70, m=585, seed=4445925461710302877, type=UNIFORM -> ./input/random_graphs/graph_70_585_UNIFORM_4445925461710302877.txt (Time: 0.00s)
✓ Generated graph n=70, m=585, seed=1853590723603270879, type=UNIFORM -> ./input/random_graphs/graph_70_585_UNIFORM_1853590723603270879.txt (Time: 0.00s)
✓ Generated graph n=70, m=585, seed=7473196763798409428, type=UNIFORM -> ./input/random_graphs/graph_70_585_UNIFORM_7473196763798409428.txt (Time: 0.00s)
✓ Generated graph n=70, m=585, seed=3010622984418968408, type=UNIFORM -> ./input/random_graphs/graph_70_585_UNIFORM_3010622984418968408.txt (Time: 0.00s)
✓ Generated graph n=70, m=585, seed=5142811650494845597, type=UNIFORM -> ./input/random_graphs/graph_70_585_UNIFORM_5142811650494845597.txt (Time: 0.00s)
✓ Generated graph n=70, m=585, seed=5139481885857321791, type=UNIFORM -> ./input/random_graphs/graph_70_585_UNIFORM_5139481885857321791.txt (Time: 0.00s)
✓ Generated graph n=70, m=585, seed=3865339568260874865, type=UNIFORM -> ./input/random_graphs/graph_70_585_UNIFORM_3865339568260874865.txt (Time: 0.00s)
✓ Generated graph n=70, m=585, seed=5258051056098597521, type=UNIFORM -> ./input/random_graphs/graph_70_585_UNIFORM_5258051056098597521.txt (Time: 0.00s)
✓ Generated graph n=70, m=585, seed=7161906730445628483, type=UNIFORM -> ./input/random_graphs/graph_70_585_UNIFORM_7161906730445628483.txt (Time: 0.00s)
✓ Generated graph n=70, m=585, seed=6143643868734370809, type=UNIFORM -> ./input/random_graphs/graph_70_585_UNIFORM_6143643868734370809.txt (Time: 0.00s)
✓ Generated graph n=70, m=585, seed=6802378520969450157, type=UNIFORM -> ./input/random_graphs/graph_70_585_UNIFORM_6802378520969450157.txt (Time: 0.00s)
✓ Generated graph n=70, m=585, seed=7706236040662210848, type=UNIFORM -> ./input/random_graphs/graph_70_585_UNIFORM_7706236040662210848.txt (Time: 0.00s)
✓ Generated graph n=70, m=585, seed=1632192924771168275, type=UNIFORM -> ./input/random_graphs/graph_70_585_UNIFORM_1632192924771168275.txt (Time: 0.01s)
✓ Generated graph n=70, m=585, seed=5636411189175451024, type=UNIFORM -> ./input/random_graphs/graph_70_585_UNIFORM_5636411189175451024.txt (Time: 0.00s)
✓ Generated graph n=70, m=585, seed=6614505080519948832, type=UNIFORM -> ./input/random_graphs/graph_70_585_UNIFORM_6614505080519948832.txt (Time: 0.00s)
✓ Generated graph n=70, m=585, seed=4552998297316576788, type=UNIFORM -> ./input/random_graphs/graph_70_585_UNIFORM_4552998297316576788.txt (Time: 0.00s)
✓ Generated graph n=70, m=585, seed=3272308573967577038, type=UNIFORM -> ./input/random_graphs/graph_70_585_UNIFORM_3272308573967577038.txt (Time: 0.00s)
✓ Generated graph n=70, m=585, seed=824387247617288499, type=UNIFORM -> ./input/random_graphs/graph_70_585_UNIFORM_824387247617288499.txt (Time: 0.00s)
✓ Generated graph n=70, m=585, seed=8718380604043999642, type=UNIFORM -> ./input/random_graphs/graph_70_585_UNIFORM_8718380604043999642.txt (Time: 0.00s)
✓ Generated graph n=70, m=585, seed=6529943913552561417, type=UNIFORM -> ./input/random_graphs/graph_70_585_UNIFORM_6529943913552561417.txt (Time: 0.00s)
✓ Generated graph n=70, m=585, seed=4997514996153925447, type=UNIFORM -> ./input/random_graphs/graph_70_585_UNIFORM_4997514996153925447.txt (Time: 0.00s)
✓ Generated graph n=70, m=585, seed=7917045922527545890, type=UNIFORM -> ./input/random_graphs/graph_70_585_UNIFORM_7917045922527545890.txt (Time: 0.00s)
✓ Generated graph n=70, m=585, seed=5349491008325879064, type=UNIFORM -> ./input/random_graphs/graph_70_585_UNIFORM_5349491008325879064.txt (Time: 0.00s)
✓ Generated graph n=70, m=585, seed=1128313391724783137, type=UNIFORM -> ./input/random_graphs/graph_70_585_UNIFORM_1128313391724783137.txt (Time: 0.00s)
✓ Generated graph n=70, m=585, seed=5063475852268941542, type=UNIFORM -> ./input/random_graphs/graph_70_585_UNIFORM_5063475852268941542.txt (Time: 0.00s)
✓ Generated graph n=70, m=585, seed=7938560551762094560, type=UNIFORM -> ./input/random_graphs/graph_70_585_UNIFORM_7938560551762094560.txt (Time: 0.00s)
✓ Generated graph n=70, m=585, seed=7921282862123281598, type=UNIFORM -> ./input/random_graphs/graph_70_585_UNIFORM_7921282862123281598.txt (Time: 0.00s)
✓ Generated graph n=70, m=585, seed=716820155901718944, type=UNIFORM -> ./input/random_graphs/graph_70_585_UNIFORM_716820155901718944.txt (Time: 0.00s)
✓ Generated graph n=70, m=585, seed=6224222471595207695, type=UNIFORM -> ./input/random_graphs/graph_70_585_UNIFORM_6224222471595207695.txt (Time: 0.00s)
✓ Generated graph n=70, m=585, seed=7644420139408884785, type=UNIFORM -> ./input/random_graphs/graph_70_585_UNIFORM_7644420139408884785.txt (Time: 0.00s)
✓ Generated graph n=70, m=585, seed=1170385908854608748, type=UNIFORM -> ./input/random_graphs/graph_70_585_UNIFORM_1170385908854608748.txt (Time: 0.00s)
✓ Generated graph n=70, m=585, seed=8446481348147407377, type=UNIFORM -> ./input/random_graphs/graph_70_585_UNIFORM_8446481348147407377.txt (Time: 0.00s)
✓ Generated graph n=70, m=585, seed=9130666990809746335, type=UNIFORM -> ./input/random_graphs/graph_70_585_UNIFORM_9130666990809746335.txt (Time: 0.00s)
✓ Generated graph n=70, m=585, seed=2909934787168262407, type=UNIFORM -> ./input/random_graphs/graph_70_585_UNIFORM_2909934787168262407.txt (Time: 0.00s)
✓ Generated graph n=70, m=585, seed=3713827327871807734, type=UNIFORM -> ./input/random_graphs/graph_70_585_UNIFORM_3713827327871807734.txt (Time: 0.00s)
✓ Generated graph n=70, m=585, seed=1458186392400727732, type=UNIFORM -> ./input/random_graphs/graph_70_585_UNIFORM_1458186392400727732.txt (Time: 0.00s)
✓ Generated graph n=70, m=585, seed=199422815561151340, type=UNIFORM -> ./input/random_graphs/graph_70_585_UNIFORM_199422815561151340.txt (Time: 0.00s)
✓ Generated graph n=70, m=585, seed=6764066939395682287, type=UNIFORM -> ./input/random_graphs/graph_70_585_UNIFORM_6764066939395682287.txt (Time: 0.00s)
✓ Generated graph n=70, m=585, seed=1392892770529522614, type=UNIFORM -> ./input/random_graphs/graph_70_585_UNIFORM_1392892770529522614.txt (Time: 0.00s)
✓ Generated graph n=70, m=585, seed=6022436717541034636, type=UNIFORM -> ./input/random_graphs/graph_70_585_UNIFORM_6022436717541034636.txt (Time: 0.00s)
✓ Generated graph n=70, m=585, seed=175493991617213850, type=UNIFORM -> ./input/random_graphs/graph_70_585_UNIFORM_175493991617213850.txt (Time: 0.00s)
✓ Generated graph n=70, m=585, seed=5108599054664628607, type=UNIFORM -> ./input/random_graphs/graph_70_585_UNIFORM_5108599054664628607.txt (Time: 0.00s)
✓ Generated graph n=70, m=585, seed=4060584409398689268, type=UNIFORM -> ./input/random_graphs/graph_70_585_UNIFORM_4060584409398689268.txt (Time: 0.00s)
✓ Generated graph n=70, m=585, seed=3817405844514670994, type=UNIFORM -> ./input/random_graphs/graph_70_585_UNIFORM_3817405844514670994.txt (Time: 0.00s)
✓ Generated graph n=70, m=585, seed=1332005502874566195, type=UNIFORM -> ./input/random_graphs/graph_70_585_UNIFORM_1332005502874566195.txt (Time: 0.00s)
✓ Generated graph n=70, m=585, seed=8626102704817790064, type=UNIFORM -> ./input/random_graphs/graph_70_585_UNIFORM_8626102704817790064.txt (Time: 0.00s)
✓ Generated graph n=70, m=585, seed=5497874167834979553, type=UNIFORM -> ./input/random_graphs/graph_70_585_UNIFORM_5497874167834979553.txt (Time: 0.00s)
✓ Generated graph n=70, m=585, seed=8794274795737982182, type=UNIFORM -> ./input/random_graphs/graph_70_585_UNIFORM_8794274795737982182.txt (Time: 0.00s)
✓ Generated graph n=70, m=585, seed=1722224698700348310, type=UNIFORM -> ./input/random_graphs/graph_70_585_UNIFORM_1722224698700348310.txt (Time: 0.00s)
✓ Generated graph n=70, m=585, seed=9060210648189963449, type=UNIFORM -> ./input/random_graphs/graph_70_585_UNIFORM_9060210648189963449.txt (Time: 0.00s)
✓ Generated graph n=70, m=585, seed=4250897495980125004, type=UNIFORM -> ./input/random_graphs/graph_70_585_UNIFORM_4250897495980125004.txt (Time: 0.00s)
✓ Generated graph n=70, m=585, seed=2089506265998900862, type=UNIFORM -> ./input/random_graphs/graph_70_585_UNIFORM_2089506265998900862.txt (Time: 0.00s)
✓ Generated graph n=70, m=585, seed=8448596294177070022, type=UNIFORM -> ./input/random_graphs/graph_70_585_UNIFORM_8448596294177070022.txt (Time: 0.00s)
✓ Generated graph n=70, m=585, seed=7905487461282246979, type=UNIFORM -> ./input/random_graphs/graph_70_585_UNIFORM_7905487461282246979.txt (Time: 0.00s)
✓ Generated graph n=70, m=585, seed=4795749165124911768, type=UNIFORM -> ./input/random_graphs/graph_70_585_UNIFORM_4795749165124911768.txt (Time: 0.00s)
✓ Generated graph n=70, m=585, seed=7449662661572224354, type=UNIFORM -> ./input/random_graphs/graph_70_585_UNIFORM_7449662661572224354.txt (Time: 0.00s)
✓ Generated graph n=70, m=585, seed=8867616339855336876, type=UNIFORM -> ./input/random_graphs/graph_70_585_UNIFORM_8867616339855336876.txt (Time: 0.00s)
✓ Generated graph n=70, m=585, seed=3221421291694197220, type=UNIFORM -> ./input/random_graphs/graph_70_585_UNIFORM_3221421291694197220.txt (Time: 0.00s)
✓ Generated graph n=70, m=585, seed=4940913311242578590, type=UNIFORM -> ./input/random_graphs/graph_70_585_UNIFORM_4940913311242578590.txt (Time: 0.00s)
✓ Generated graph n=70, m=585, seed=4934890601268679176, type=UNIFORM -> ./input/random_graphs/graph_70_585_UNIFORM_4934890601268679176.txt (Time: 0.00s)
✓ Generated graph n=70, m=585, seed=2718103348384927511, type=UNIFORM -> ./input/random_graphs/graph_70_585_UNIFORM_2718103348384927511.txt (Time: 0.00s)
✓ Generated graph n=80, m=715, seed=5739955973604961613, type=UNIFORM -> ./input/random_graphs/graph_80_715_UNIFORM_5739955973604961613.txt (Time: 0.00s)
✓ Generated graph n=80, m=715, seed=4040737767143389431, type=UNIFORM -> ./input/random_graphs/graph_80_715_UNIFORM_4040737767143389431.txt (Time: 0.00s)
✓ Generated graph n=80, m=715, seed=7599700178212337699, type=UNIFORM -> ./input/random_graphs/graph_80_715_UNIFORM_7599700178212337699.txt (Time: 0.00s)
✓ Generated graph n=80, m=715, seed=1250005700364523649, type=UNIFORM -> ./input/random_graphs/graph_80_715_UNIFORM_1250005700364523649.txt (Time: 0.00s)
✓ Generated graph n=70, m=585, seed=7983805977214098674, type=UNIFORM -> ./input/random_graphs/graph_70_585_UNIFORM_7983805977214098674.txt (Time: 0.00s)
✓ Generated graph n=80, m=715, seed=1353182403971399009, type=UNIFORM -> ./input/random_graphs/graph_80_715_UNIFORM_1353182403971399009.txt (Time: 0.00s)
✓ Generated graph n=80, m=715, seed=6230961512046992311, type=UNIFORM -> ./input/random_graphs/graph_80_715_UNIFORM_6230961512046992311.txt (Time: 0.00s)
✓ Generated graph n=70, m=585, seed=9059990922233379852, type=UNIFORM -> ./input/random_graphs/graph_70_585_UNIFORM_9059990922233379852.txt (Time: 0.01s)
✓ Generated graph n=70, m=585, seed=5894893360759659423, type=UNIFORM -> ./input/random_graphs/graph_70_585_UNIFORM_5894893360759659423.txt (Time: 0.00s)
✓ Generated graph n=70, m=585, seed=7118744415197196276, type=UNIFORM -> ./input/random_graphs/graph_70_585_UNIFORM_7118744415197196276.txt (Time: 0.01s)
✓ Generated graph n=80, m=715, seed=6522163754831416203, type=UNIFORM -> ./input/random_graphs/graph_80_715_UNIFORM_6522163754831416203.txt (Time: 0.00s)
✓ Generated graph n=70, m=585, seed=1992204328026194281, type=UNIFORM -> ./input/random_graphs/graph_70_585_UNIFORM_1992204328026194281.txt (Time: 0.01s)
✓ Generated graph n=80, m=715, seed=6938562734920028532, type=UNIFORM -> ./input/random_graphs/graph_80_715_UNIFORM_6938562734920028532.txt (Time: 0.00s)
✓ Generated graph n=80, m=715, seed=7032710160631691991, type=UNIFORM -> ./input/random_graphs/graph_80_715_UNIFORM_7032710160631691991.txt (Time: 0.00s)
✓ Generated graph n=80, m=715, seed=7871178979383552919, type=UNIFORM -> ./input/random_graphs/graph_80_715_UNIFORM_7871178979383552919.txt (Time: 0.01s)
✓ Generated graph n=70, m=585, seed=7632458674696225362, type=UNIFORM -> ./input/random_graphs/graph_70_585_UNIFORM_7632458674696225362.txt (Time: 0.01s)
✓ Generated graph n=80, m=715, seed=7146860528564146064, type=UNIFORM -> ./input/random_graphs/graph_80_715_UNIFORM_7146860528564146064.txt (Time: 0.00s)
✓ Generated graph n=80, m=715, seed=3881801951614183357, type=UNIFORM -> ./input/random_graphs/graph_80_715_UNIFORM_3881801951614183357.txt (Time: 0.01s)
✓ Generated graph n=80, m=715, seed=1070244953599069350, type=UNIFORM -> ./input/random_graphs/graph_80_715_UNIFORM_1070244953599069350.txt (Time: 0.01s)
✓ Generated graph n=80, m=715, seed=7473196763798409428, type=UNIFORM -> ./input/random_graphs/graph_80_715_UNIFORM_7473196763798409428.txt (Time: 0.00s)
✓ Generated graph n=80, m=715, seed=2429002973740178792, type=UNIFORM -> ./input/random_graphs/graph_80_715_UNIFORM_2429002973740178792.txt (Time: 0.01s)
✓ Generated graph n=80, m=715, seed=7663871783842725848, type=UNIFORM -> ./input/random_graphs/graph_80_715_UNIFORM_7663871783842725848.txt (Time: 0.00s)
✓ Generated graph n=80, m=715, seed=5906957480796939447, type=UNIFORM -> ./input/random_graphs/graph_80_715_UNIFORM_5906957480796939447.txt (Time: 0.00s)
✓ Generated graph n=80, m=715, seed=1309542850049879452, type=UNIFORM -> ./input/random_graphs/graph_80_715_UNIFORM_1309542850049879452.txt (Time: 0.01s)
✓ Generated graph n=80, m=715, seed=5139481885857321791, type=UNIFORM -> ./input/random_graphs/graph_80_715_UNIFORM_5139481885857321791.txt (Time: 0.00s)
✓ Generated graph n=70, m=585, seed=2264398621601381987, type=UNIFORM -> ./input/random_graphs/graph_70_585_UNIFORM_2264398621601381987.txt (Time: 0.01s)
✓ Generated graph n=80, m=715, seed=5142811650494845597, type=UNIFORM -> ./input/random_graphs/graph_80_715_UNIFORM_5142811650494845597.txt (Time: 0.00s)
✓ Generated graph n=80, m=715, seed=3010622984418968408, type=UNIFORM -> ./input/random_graphs/graph_80_715_UNIFORM_3010622984418968408.txt (Time: 0.00s)
✓ Generated graph n=80, m=715, seed=320375091487821987, type=UNIFORM -> ./input/random_graphs/graph_80_715_UNIFORM_320375091487821987.txt (Time: 0.01s)
✓ Generated graph n=80, m=715, seed=1250773459040295677, type=UNIFORM -> ./input/random_graphs/graph_80_715_UNIFORM_1250773459040295677.txt (Time: 0.00s)
✓ Generated graph n=80, m=715, seed=6002685213311538187, type=UNIFORM -> ./input/random_graphs/graph_80_715_UNIFORM_6002685213311538187.txt (Time: 0.00s)
✓ Generated graph n=80, m=715, seed=1731523882129807996, type=UNIFORM -> ./input/random_graphs/graph_80_715_UNIFORM_1731523882129807996.txt (Time: 0.00s)
✓ Generated graph n=80, m=715, seed=5708372698381010775, type=UNIFORM -> ./input/random_graphs/graph_80_715_UNIFORM_5708372698381010775.txt (Time: 0.00s)
✓ Generated graph n=80, m=715, seed=1853590723603270879, type=UNIFORM -> ./input/random_graphs/graph_80_715_UNIFORM_1853590723603270879.txt (Time: 0.00s)
✓ Generated graph n=80, m=715, seed=6785030173969523435, type=UNIFORM -> ./input/random_graphs/graph_80_715_UNIFORM_6785030173969523435.txt (Time: 0.00s)
✓ Generated graph n=80, m=715, seed=3224265581699847191, type=UNIFORM -> ./input/random_graphs/graph_80_715_UNIFORM_3224265581699847191.txt (Time: 0.00s)
✓ Generated graph n=80, m=715, seed=3438400432146115956, type=UNIFORM -> ./input/random_graphs/graph_80_715_UNIFORM_3438400432146115956.txt (Time: 0.00s)
✓ Generated graph n=80, m=715, seed=7029781962072644698, type=UNIFORM -> ./input/random_graphs/graph_80_715_UNIFORM_7029781962072644698.txt (Time: 0.00s)
✓ Generated graph n=80, m=715, seed=521787134863155063, type=UNIFORM -> ./input/random_graphs/graph_80_715_UNIFORM_521787134863155063.txt (Time: 0.00s)
✓ Generated graph n=80, m=715, seed=5529616217668449934, type=UNIFORM -> ./input/random_graphs/graph_80_715_UNIFORM_5529616217668449934.txt (Time: 0.00s)
✓ Generated graph n=80, m=715, seed=5258051056098597521, type=UNIFORM -> ./input/random_graphs/graph_80_715_UNIFORM_5258051056098597521.txt (Time: 0.00s)
✓ Generated graph n=80, m=715, seed=4552998297316576788, type=UNIFORM -> ./input/random_graphs/graph_80_715_UNIFORM_4552998297316576788.txt (Time: 0.00s)
✓ Generated graph n=80, m=715, seed=3272308573967577038, type=UNIFORM -> ./input/random_graphs/graph_80_715_UNIFORM_3272308573967577038.txt (Time: 0.00s)
✓ Generated graph n=80, m=715, seed=1024517563182776983, type=UNIFORM -> ./input/random_graphs/graph_80_715_UNIFORM_1024517563182776983.txt (Time: 0.00s)
✓ Generated graph n=80, m=715, seed=1647170069535670909, type=UNIFORM -> ./input/random_graphs/graph_80_715_UNIFORM_1647170069535670909.txt (Time: 0.00s)
✓ Generated graph n=80, m=715, seed=7161906730445628483, type=UNIFORM -> ./input/random_graphs/graph_80_715_UNIFORM_7161906730445628483.txt (Time: 0.00s)
✓ Generated graph n=80, m=715, seed=4122784633514911760, type=UNIFORM -> ./input/random_graphs/graph_80_715_UNIFORM_4122784633514911760.txt (Time: 0.00s)
✓ Generated graph n=80, m=715, seed=6802378520969450157, type=UNIFORM -> ./input/random_graphs/graph_80_715_UNIFORM_6802378520969450157.txt (Time: 0.00s)
✓ Generated graph n=80, m=715, seed=824387247617288499, type=UNIFORM -> ./input/random_graphs/graph_80_715_UNIFORM_824387247617288499.txt (Time: 0.00s)
✓ Generated graph n=80, m=715, seed=6143643868734370809, type=UNIFORM -> ./input/random_graphs/graph_80_715_UNIFORM_6143643868734370809.txt (Time: 0.00s)
✓ Generated graph n=80, m=715, seed=1632192924771168275, type=UNIFORM -> ./input/random_graphs/graph_80_715_UNIFORM_1632192924771168275.txt (Time: 0.00s)
✓ Generated graph n=80, m=715, seed=6614505080519948832, type=UNIFORM -> ./input/random_graphs/graph_80_715_UNIFORM_6614505080519948832.txt (Time: 0.00s)
✓ Generated graph n=80, m=715, seed=7921282862123281598, type=UNIFORM -> ./input/random_graphs/graph_80_715_UNIFORM_7921282862123281598.txt (Time: 0.00s)
✓ Generated graph n=80, m=715, seed=8031431416522537101, type=UNIFORM -> ./input/random_graphs/graph_80_715_UNIFORM_8031431416522537101.txt (Time: 0.00s)
✓ Generated graph n=80, m=715, seed=5636411189175451024, type=UNIFORM -> ./input/random_graphs/graph_80_715_UNIFORM_5636411189175451024.txt (Time: 0.00s)
✓ Generated graph n=80, m=715, seed=4445925461710302877, type=UNIFORM -> ./input/random_graphs/graph_80_715_UNIFORM_4445925461710302877.txt (Time: 0.00s)
✓ Generated graph n=80, m=715, seed=7706236040662210848, type=UNIFORM -> ./input/random_graphs/graph_80_715_UNIFORM_7706236040662210848.txt (Time: 0.00s)
✓ Generated graph n=80, m=715, seed=3865339568260874865, type=UNIFORM -> ./input/random_graphs/graph_80_715_UNIFORM_3865339568260874865.txt (Time: 0.00s)
✓ Generated graph n=80, m=715, seed=1128313391724783137, type=UNIFORM -> ./input/random_graphs/graph_80_715_UNIFORM_1128313391724783137.txt (Time: 0.00s)
✓ Generated graph n=80, m=715, seed=7938560551762094560, type=UNIFORM -> ./input/random_graphs/graph_80_715_UNIFORM_7938560551762094560.txt (Time: 0.00s)
✓ Generated graph n=80, m=715, seed=716820155901718944, type=UNIFORM -> ./input/random_graphs/graph_80_715_UNIFORM_716820155901718944.txt (Time: 0.00s)
✓ Generated graph n=80, m=715, seed=5349491008325879064, type=UNIFORM -> ./input/random_graphs/graph_80_715_UNIFORM_5349491008325879064.txt (Time: 0.00s)
✓ Generated graph n=80, m=715, seed=5063475852268941542, type=UNIFORM -> ./input/random_graphs/graph_80_715_UNIFORM_5063475852268941542.txt (Time: 0.00s)
✓ Generated graph n=80, m=715, seed=6224222471595207695, type=UNIFORM -> ./input/random_graphs/graph_80_715_UNIFORM_6224222471595207695.txt (Time: 0.00s)
✓ Generated graph n=80, m=715, seed=7917045922527545890, type=UNIFORM -> ./input/random_graphs/graph_80_715_UNIFORM_7917045922527545890.txt (Time: 0.00s)
✓ Generated graph n=80, m=715, seed=8446481348147407377, type=UNIFORM -> ./input/random_graphs/graph_80_715_UNIFORM_8446481348147407377.txt (Time: 0.00s)
✓ Generated graph n=80, m=715, seed=6529943913552561417, type=UNIFORM -> ./input/random_graphs/graph_80_715_UNIFORM_6529943913552561417.txt (Time: 0.00s)
✓ Generated graph n=80, m=715, seed=2909934787168262407, type=UNIFORM -> ./input/random_graphs/graph_80_715_UNIFORM_2909934787168262407.txt (Time: 0.00s)
✓ Generated graph n=80, m=715, seed=8718380604043999642, type=UNIFORM -> ./input/random_graphs/graph_80_715_UNIFORM_8718380604043999642.txt (Time: 0.00s)
✓ Generated graph n=80, m=715, seed=199422815561151340, type=UNIFORM -> ./input/random_graphs/graph_80_715_UNIFORM_199422815561151340.txt (Time: 0.00s)
✓ Generated graph n=80, m=715, seed=3817405844514670994, type=UNIFORM -> ./input/random_graphs/graph_80_715_UNIFORM_3817405844514670994.txt (Time: 0.00s)
✓ Generated graph n=80, m=715, seed=4997514996153925447, type=UNIFORM -> ./input/random_graphs/graph_80_715_UNIFORM_4997514996153925447.txt (Time: 0.00s)
✓ Generated graph n=80, m=715, seed=7644420139408884785, type=UNIFORM -> ./input/random_graphs/graph_80_715_UNIFORM_7644420139408884785.txt (Time: 0.00s)
✓ Generated graph n=80, m=715, seed=1392892770529522614, type=UNIFORM -> ./input/random_graphs/graph_80_715_UNIFORM_1392892770529522614.txt (Time: 0.00s)
✓ Generated graph n=80, m=715, seed=6764066939395682287, type=UNIFORM -> ./input/random_graphs/graph_80_715_UNIFORM_6764066939395682287.txt (Time: 0.00s)
✓ Generated graph n=80, m=715, seed=3713827327871807734, type=UNIFORM -> ./input/random_graphs/graph_80_715_UNIFORM_3713827327871807734.txt (Time: 0.00s)
✓ Generated graph n=80, m=715, seed=9060210648189963449, type=UNIFORM -> ./input/random_graphs/graph_80_715_UNIFORM_9060210648189963449.txt (Time: 0.00s)
✓ Generated graph n=80, m=715, seed=5108599054664628607, type=UNIFORM -> ./input/random_graphs/graph_80_715_UNIFORM_5108599054664628607.txt (Time: 0.00s)
✓ Generated graph n=80, m=715, seed=6022436717541034636, type=UNIFORM -> ./input/random_graphs/graph_80_715_UNIFORM_6022436717541034636.txt (Time: 0.00s)
✓ Generated graph n=80, m=715, seed=8794274795737982182, type=UNIFORM -> ./input/random_graphs/graph_80_715_UNIFORM_8794274795737982182.txt (Time: 0.00s)
✓ Generated graph n=80, m=715, seed=1332005502874566195, type=UNIFORM -> ./input/random_graphs/graph_80_715_UNIFORM_1332005502874566195.txt (Time: 0.00s)
✓ Generated graph n=80, m=715, seed=4060584409398689268, type=UNIFORM -> ./input/random_graphs/graph_80_715_UNIFORM_4060584409398689268.txt (Time: 0.00s)
✓ Generated graph n=80, m=715, seed=1458186392400727732, type=UNIFORM -> ./input/random_graphs/graph_80_715_UNIFORM_1458186392400727732.txt (Time: 0.00s)
✓ Generated graph n=80, m=715, seed=4250897495980125004, type=UNIFORM -> ./input/random_graphs/graph_80_715_UNIFORM_4250897495980125004.txt (Time: 0.00s)
✓ Generated graph n=80, m=715, seed=1170385908854608748, type=UNIFORM -> ./input/random_graphs/graph_80_715_UNIFORM_1170385908854608748.txt (Time: 0.00s)
✓ Generated graph n=80, m=715, seed=5497874167834979553, type=UNIFORM -> ./input/random_graphs/graph_80_715_UNIFORM_5497874167834979553.txt (Time: 0.00s)
✓ Generated graph n=80, m=715, seed=175493991617213850, type=UNIFORM -> ./input/random_graphs/graph_80_715_UNIFORM_175493991617213850.txt (Time: 0.00s)
✓ Generated graph n=80, m=715, seed=7905487461282246979, type=UNIFORM -> ./input/random_graphs/graph_80_715_UNIFORM_7905487461282246979.txt (Time: 0.00s)
✓ Generated graph n=80, m=715, seed=8448596294177070022, type=UNIFORM -> ./input/random_graphs/graph_80_715_UNIFORM_8448596294177070022.txt (Time: 0.00s)
✓ Generated graph n=80, m=715, seed=9130666990809746335, type=UNIFORM -> ./input/random_graphs/graph_80_715_UNIFORM_9130666990809746335.txt (Time: 0.00s)
✓ Generated graph n=80, m=715, seed=7118744415197196276, type=UNIFORM -> ./input/random_graphs/graph_80_715_UNIFORM_7118744415197196276.txt (Time: 0.00s)
✓ Generated graph n=80, m=715, seed=1722224698700348310, type=UNIFORM -> ./input/random_graphs/graph_80_715_UNIFORM_1722224698700348310.txt (Time: 0.00s)
✓ Generated graph n=80, m=715, seed=2089506265998900862, type=UNIFORM -> ./input/random_graphs/graph_80_715_UNIFORM_2089506265998900862.txt (Time: 0.00s)
✓ Generated graph n=80, m=715, seed=8626102704817790064, type=UNIFORM -> ./input/random_graphs/graph_80_715_UNIFORM_8626102704817790064.txt (Time: 0.00s)
✓ Generated graph n=80, m=715, seed=4795749165124911768, type=UNIFORM -> ./input/random_graphs/graph_80_715_UNIFORM_4795749165124911768.txt (Time: 0.00s)
✓ Generated graph n=80, m=715, seed=4934890601268679176, type=UNIFORM -> ./input/random_graphs/graph_80_715_UNIFORM_4934890601268679176.txt (Time: 0.00s)
✓ Generated graph n=80, m=715, seed=1992204328026194281, type=UNIFORM -> ./input/random_graphs/graph_80_715_UNIFORM_1992204328026194281.txt (Time: 0.00s)
✓ Generated graph n=80, m=715, seed=7449662661572224354, type=UNIFORM -> ./input/random_graphs/graph_80_715_UNIFORM_7449662661572224354.txt (Time: 0.00s)
✓ Generated graph n=80, m=715, seed=7983805977214098674, type=UNIFORM -> ./input/random_graphs/graph_80_715_UNIFORM_7983805977214098674.txt (Time: 0.00s)
✓ Generated graph n=80, m=715, seed=8867616339855336876, type=UNIFORM -> ./input/random_graphs/graph_80_715_UNIFORM_8867616339855336876.txt (Time: 0.00s)
✓ Generated graph n=80, m=715, seed=4940913311242578590, type=UNIFORM -> ./input/random_graphs/graph_80_715_UNIFORM_4940913311242578590.txt (Time: 0.00s)
✓ Generated graph n=80, m=715, seed=9059990922233379852, type=UNIFORM -> ./input/random_graphs/graph_80_715_UNIFORM_9059990922233379852.txt (Time: 0.00s)
✓ Generated graph n=80, m=715, seed=2718103348384927511, type=UNIFORM -> ./input/random_graphs/graph_80_715_UNIFORM_2718103348384927511.txt (Time: 0.00s)
✓ Generated graph n=90, m=853, seed=6230961512046992311, type=UNIFORM -> ./input/random_graphs/graph_90_853_UNIFORM_6230961512046992311.txt (Time: 0.00s)
✓ Generated graph n=90, m=853, seed=7032710160631691991, type=UNIFORM -> ./input/random_graphs/graph_90_853_UNIFORM_7032710160631691991.txt (Time: 0.00s)
✓ Generated graph n=80, m=715, seed=5894893360759659423, type=UNIFORM -> ./input/random_graphs/graph_80_715_UNIFORM_5894893360759659423.txt (Time: 0.00s)
✓ Generated graph n=90, m=853, seed=3881801951614183357, type=UNIFORM -> ./input/random_graphs/graph_90_853_UNIFORM_3881801951614183357.txt (Time: 0.00s)
✓ Generated graph n=80, m=715, seed=2264398621601381987, type=UNIFORM -> ./input/random_graphs/graph_80_715_UNIFORM_2264398621601381987.txt (Time: 0.00s)
✓ Generated graph n=80, m=715, seed=3221421291694197220, type=UNIFORM -> ./input/random_graphs/graph_80_715_UNIFORM_3221421291694197220.txt (Time: 0.00s)
✓ Generated graph n=90, m=853, seed=5739955973604961613, type=UNIFORM -> ./input/random_graphs/graph_90_853_UNIFORM_5739955973604961613.txt (Time: 0.00s)
✓ Generated graph n=90, m=853, seed=7599700178212337699, type=UNIFORM -> ./input/random_graphs/graph_90_853_UNIFORM_7599700178212337699.txt (Time: 0.00s)
✓ Generated graph n=80, m=715, seed=7632458674696225362, type=UNIFORM -> ./input/random_graphs/graph_80_715_UNIFORM_7632458674696225362.txt (Time: 0.00s)
✓ Generated graph n=90, m=853, seed=1353182403971399009, type=UNIFORM -> ./input/random_graphs/graph_90_853_UNIFORM_1353182403971399009.txt (Time: 0.00s)
✓ Generated graph n=90, m=853, seed=4040737767143389431, type=UNIFORM -> ./input/random_graphs/graph_90_853_UNIFORM_4040737767143389431.txt (Time: 0.00s)
✓ Generated graph n=90, m=853, seed=7871178979383552919, type=UNIFORM -> ./input/random_graphs/graph_90_853_UNIFORM_7871178979383552919.txt (Time: 0.00s)
✓ Generated graph n=90, m=853, seed=6938562734920028532, type=UNIFORM -> ./input/random_graphs/graph_90_853_UNIFORM_6938562734920028532.txt (Time: 0.00s)
✓ Generated graph n=90, m=853, seed=1070244953599069350, type=UNIFORM -> ./input/random_graphs/graph_90_853_UNIFORM_1070244953599069350.txt (Time: 0.00s)
✓ Generated graph n=90, m=853, seed=1250005700364523649, type=UNIFORM -> ./input/random_graphs/graph_90_853_UNIFORM_1250005700364523649.txt (Time: 0.00s)
✓ Generated graph n=90, m=853, seed=7663871783842725848, type=UNIFORM -> ./input/random_graphs/graph_90_853_UNIFORM_7663871783842725848.txt (Time: 0.00s)
✓ Generated graph n=90, m=853, seed=6522163754831416203, type=UNIFORM -> ./input/random_graphs/graph_90_853_UNIFORM_6522163754831416203.txt (Time: 0.00s)
✓ Generated graph n=90, m=853, seed=5906957480796939447, type=UNIFORM -> ./input/random_graphs/graph_90_853_UNIFORM_5906957480796939447.txt (Time: 0.00s)
✓ Generated graph n=90, m=853, seed=1309542850049879452, type=UNIFORM -> ./input/random_graphs/graph_90_853_UNIFORM_1309542850049879452.txt (Time: 0.00s)
✓ Generated graph n=90, m=853, seed=1250773459040295677, type=UNIFORM -> ./input/random_graphs/graph_90_853_UNIFORM_1250773459040295677.txt (Time: 0.00s)
✓ Generated graph n=90, m=853, seed=2429002973740178792, type=UNIFORM -> ./input/random_graphs/graph_90_853_UNIFORM_2429002973740178792.txt (Time: 0.00s)
✓ Generated graph n=90, m=853, seed=7146860528564146064, type=UNIFORM -> ./input/random_graphs/graph_90_853_UNIFORM_7146860528564146064.txt (Time: 0.00s)
✓ Generated graph n=90, m=853, seed=5142811650494845597, type=UNIFORM -> ./input/random_graphs/graph_90_853_UNIFORM_5142811650494845597.txt (Time: 0.00s)
✓ Generated graph n=90, m=853, seed=320375091487821987, type=UNIFORM -> ./input/random_graphs/graph_90_853_UNIFORM_320375091487821987.txt (Time: 0.00s)
✓ Generated graph n=90, m=853, seed=3438400432146115956, type=UNIFORM -> ./input/random_graphs/graph_90_853_UNIFORM_3438400432146115956.txt (Time: 0.00s)
✓ Generated graph n=90, m=853, seed=7473196763798409428, type=UNIFORM -> ./input/random_graphs/graph_90_853_UNIFORM_7473196763798409428.txt (Time: 0.00s)
✓ Generated graph n=90, m=853, seed=3010622984418968408, type=UNIFORM -> ./input/random_graphs/graph_90_853_UNIFORM_3010622984418968408.txt (Time: 0.00s)
✓ Generated graph n=90, m=853, seed=1731523882129807996, type=UNIFORM -> ./input/random_graphs/graph_90_853_UNIFORM_1731523882129807996.txt (Time: 0.00s)
✓ Generated graph n=90, m=853, seed=521787134863155063, type=UNIFORM -> ./input/random_graphs/graph_90_853_UNIFORM_521787134863155063.txt (Time: 0.00s)
✓ Generated graph n=90, m=853, seed=3224265581699847191, type=UNIFORM -> ./input/random_graphs/graph_90_853_UNIFORM_3224265581699847191.txt (Time: 0.00s)
✓ Generated graph n=90, m=853, seed=5258051056098597521, type=UNIFORM -> ./input/random_graphs/graph_90_853_UNIFORM_5258051056098597521.txt (Time: 0.00s)
✓ Generated graph n=90, m=853, seed=7029781962072644698, type=UNIFORM -> ./input/random_graphs/graph_90_853_UNIFORM_7029781962072644698.txt (Time: 0.00s)
✓ Generated graph n=90, m=853, seed=4552998297316576788, type=UNIFORM -> ./input/random_graphs/graph_90_853_UNIFORM_4552998297316576788.txt (Time: 0.00s)
✓ Generated graph n=90, m=853, seed=5708372698381010775, type=UNIFORM -> ./input/random_graphs/graph_90_853_UNIFORM_5708372698381010775.txt (Time: 0.00s)
✓ Generated graph n=90, m=853, seed=1853590723603270879, type=UNIFORM -> ./input/random_graphs/graph_90_853_UNIFORM_1853590723603270879.txt (Time: 0.00s)
✓ Generated graph n=90, m=853, seed=824387247617288499, type=UNIFORM -> ./input/random_graphs/graph_90_853_UNIFORM_824387247617288499.txt (Time: 0.00s)
✓ Generated graph n=90, m=853, seed=1024517563182776983, type=UNIFORM -> ./input/random_graphs/graph_90_853_UNIFORM_1024517563182776983.txt (Time: 0.00s)
✓ Generated graph n=90, m=853, seed=6002685213311538187, type=UNIFORM -> ./input/random_graphs/graph_90_853_UNIFORM_6002685213311538187.txt (Time: 0.00s)
✓ Generated graph n=90, m=853, seed=5529616217668449934, type=UNIFORM -> ./input/random_graphs/graph_90_853_UNIFORM_5529616217668449934.txt (Time: 0.00s)
✓ Generated graph n=90, m=853, seed=5139481885857321791, type=UNIFORM -> ./input/random_graphs/graph_90_853_UNIFORM_5139481885857321791.txt (Time: 0.00s)
✓ Generated graph n=90, m=853, seed=5636411189175451024, type=UNIFORM -> ./input/random_graphs/graph_90_853_UNIFORM_5636411189175451024.txt (Time: 0.00s)
✓ Generated graph n=90, m=853, seed=1632192924771168275, type=UNIFORM -> ./input/random_graphs/graph_90_853_UNIFORM_1632192924771168275.txt (Time: 0.00s)
✓ Generated graph n=90, m=853, seed=1647170069535670909, type=UNIFORM -> ./input/random_graphs/graph_90_853_UNIFORM_1647170069535670909.txt (Time: 0.00s)
✓ Generated graph n=90, m=853, seed=4122784633514911760, type=UNIFORM -> ./input/random_graphs/graph_90_853_UNIFORM_4122784633514911760.txt (Time: 0.00s)
✓ Generated graph n=90, m=853, seed=6143643868734370809, type=UNIFORM -> ./input/random_graphs/graph_90_853_UNIFORM_6143643868734370809.txt (Time: 0.00s)
✓ Generated graph n=90, m=853, seed=7706236040662210848, type=UNIFORM -> ./input/random_graphs/graph_90_853_UNIFORM_7706236040662210848.txt (Time: 0.00s)
✓ Generated graph n=90, m=853, seed=6785030173969523435, type=UNIFORM -> ./input/random_graphs/graph_90_853_UNIFORM_6785030173969523435.txt (Time: 0.00s)
✓ Generated graph n=90, m=853, seed=6802378520969450157, type=UNIFORM -> ./input/random_graphs/graph_90_853_UNIFORM_6802378520969450157.txt (Time: 0.00s)
✓ Generated graph n=90, m=853, seed=8031431416522537101, type=UNIFORM -> ./input/random_graphs/graph_90_853_UNIFORM_8031431416522537101.txt (Time: 0.00s)
✓ Generated graph n=90, m=853, seed=7161906730445628483, type=UNIFORM -> ./input/random_graphs/graph_90_853_UNIFORM_7161906730445628483.txt (Time: 0.00s)
✓ Generated graph n=90, m=853, seed=3272308573967577038, type=UNIFORM -> ./input/random_graphs/graph_90_853_UNIFORM_3272308573967577038.txt (Time: 0.00s)
✓ Generated graph n=90, m=853, seed=6614505080519948832, type=UNIFORM -> ./input/random_graphs/graph_90_853_UNIFORM_6614505080519948832.txt (Time: 0.00s)
✓ Generated graph n=90, m=853, seed=4445925461710302877, type=UNIFORM -> ./input/random_graphs/graph_90_853_UNIFORM_4445925461710302877.txt (Time: 0.00s)
✓ Generated graph n=90, m=853, seed=5349491008325879064, type=UNIFORM -> ./input/random_graphs/graph_90_853_UNIFORM_5349491008325879064.txt (Time: 0.00s)
✓ Generated graph n=90, m=853, seed=3865339568260874865, type=UNIFORM -> ./input/random_graphs/graph_90_853_UNIFORM_3865339568260874865.txt (Time: 0.00s)
✓ Generated graph n=90, m=853, seed=6224222471595207695, type=UNIFORM -> ./input/random_graphs/graph_90_853_UNIFORM_6224222471595207695.txt (Time: 0.00s)
✓ Generated graph n=90, m=853, seed=5063475852268941542, type=UNIFORM -> ./input/random_graphs/graph_90_853_UNIFORM_5063475852268941542.txt (Time: 0.00s)
✓ Generated graph n=90, m=853, seed=8446481348147407377, type=UNIFORM -> ./input/random_graphs/graph_90_853_UNIFORM_8446481348147407377.txt (Time: 0.00s)
✓ Generated graph n=90, m=853, seed=8718380604043999642, type=UNIFORM -> ./input/random_graphs/graph_90_853_UNIFORM_8718380604043999642.txt (Time: 0.00s)
✓ Generated graph n=90, m=853, seed=7938560551762094560, type=UNIFORM -> ./input/random_graphs/graph_90_853_UNIFORM_7938560551762094560.txt (Time: 0.00s)
✓ Generated graph n=90, m=853, seed=6529943913552561417, type=UNIFORM -> ./input/random_graphs/graph_90_853_UNIFORM_6529943913552561417.txt (Time: 0.00s)
✓ Generated graph n=90, m=853, seed=4997514996153925447, type=UNIFORM -> ./input/random_graphs/graph_90_853_UNIFORM_4997514996153925447.txt (Time: 0.00s)
✓ Generated graph n=90, m=853, seed=1128313391724783137, type=UNIFORM -> ./input/random_graphs/graph_90_853_UNIFORM_1128313391724783137.txt (Time: 0.00s)
✓ Generated graph n=90, m=853, seed=1392892770529522614, type=UNIFORM -> ./input/random_graphs/graph_90_853_UNIFORM_1392892770529522614.txt (Time: 0.00s)
✓ Generated graph n=90, m=853, seed=6022436717541034636, type=UNIFORM -> ./input/random_graphs/graph_90_853_UNIFORM_6022436717541034636.txt (Time: 0.00s)
✓ Generated graph n=90, m=853, seed=3817405844514670994, type=UNIFORM -> ./input/random_graphs/graph_90_853_UNIFORM_3817405844514670994.txt (Time: 0.00s)
✓ Generated graph n=90, m=853, seed=7917045922527545890, type=UNIFORM -> ./input/random_graphs/graph_90_853_UNIFORM_7917045922527545890.txt (Time: 0.00s)
✓ Generated graph n=90, m=853, seed=175493991617213850, type=UNIFORM -> ./input/random_graphs/graph_90_853_UNIFORM_175493991617213850.txt (Time: 0.00s)
✓ Generated graph n=90, m=853, seed=716820155901718944, type=UNIFORM -> ./input/random_graphs/graph_90_853_UNIFORM_716820155901718944.txt (Time: 0.00s)
✓ Generated graph n=90, m=853, seed=7921282862123281598, type=UNIFORM -> ./input/random_graphs/graph_90_853_UNIFORM_7921282862123281598.txt (Time: 0.00s)
✓ Generated graph n=90, m=853, seed=1170385908854608748, type=UNIFORM -> ./input/random_graphs/graph_90_853_UNIFORM_1170385908854608748.txt (Time: 0.00s)
✓ Generated graph n=90, m=853, seed=5108599054664628607, type=UNIFORM -> ./input/random_graphs/graph_90_853_UNIFORM_5108599054664628607.txt (Time: 0.00s)
✓ Generated graph n=90, m=853, seed=199422815561151340, type=UNIFORM -> ./input/random_graphs/graph_90_853_UNIFORM_199422815561151340.txt (Time: 0.00s)
✓ Generated graph n=90, m=853, seed=3713827327871807734, type=UNIFORM -> ./input/random_graphs/graph_90_853_UNIFORM_3713827327871807734.txt (Time: 0.00s)
✓ Generated graph n=90, m=853, seed=4250897495980125004, type=UNIFORM -> ./input/random_graphs/graph_90_853_UNIFORM_4250897495980125004.txt (Time: 0.00s)
✓ Generated graph n=90, m=853, seed=2909934787168262407, type=UNIFORM -> ./input/random_graphs/graph_90_853_UNIFORM_2909934787168262407.txt (Time: 0.00s)
✓ Generated graph n=90, m=853, seed=7644420139408884785, type=UNIFORM -> ./input/random_graphs/graph_90_853_UNIFORM_7644420139408884785.txt (Time: 0.00s)
✓ Generated graph n=90, m=853, seed=9060210648189963449, type=UNIFORM -> ./input/random_graphs/graph_90_853_UNIFORM_9060210648189963449.txt (Time: 0.00s)
✓ Generated graph n=90, m=853, seed=1458186392400727732, type=UNIFORM -> ./input/random_graphs/graph_90_853_UNIFORM_1458186392400727732.txt (Time: 0.00s)
✓ Generated graph n=90, m=853, seed=6764066939395682287, type=UNIFORM -> ./input/random_graphs/graph_90_853_UNIFORM_6764066939395682287.txt (Time: 0.00s)
✓ Generated graph n=90, m=853, seed=8794274795737982182, type=UNIFORM -> ./input/random_graphs/graph_90_853_UNIFORM_8794274795737982182.txt (Time: 0.00s)
✓ Generated graph n=90, m=853, seed=9130666990809746335, type=UNIFORM -> ./input/random_graphs/graph_90_853_UNIFORM_9130666990809746335.txt (Time: 0.00s)
✓ Generated graph n=90, m=853, seed=8626102704817790064, type=UNIFORM -> ./input/random_graphs/graph_90_853_UNIFORM_8626102704817790064.txt (Time: 0.00s)
✓ Generated graph n=90, m=853, seed=1722224698700348310, type=UNIFORM -> ./input/random_graphs/graph_90_853_UNIFORM_1722224698700348310.txt (Time: 0.00s)
✓ Generated graph n=90, m=853, seed=2089506265998900862, type=UNIFORM -> ./input/random_graphs/graph_90_853_UNIFORM_2089506265998900862.txt (Time: 0.00s)
✓ Generated graph n=90, m=853, seed=1332005502874566195, type=UNIFORM -> ./input/random_graphs/graph_90_853_UNIFORM_1332005502874566195.txt (Time: 0.00s)
✓ Generated graph n=90, m=853, seed=5497874167834979553, type=UNIFORM -> ./input/random_graphs/graph_90_853_UNIFORM_5497874167834979553.txt (Time: 0.00s)
✓ Generated graph n=90, m=853, seed=4060584409398689268, type=UNIFORM -> ./input/random_graphs/graph_90_853_UNIFORM_4060584409398689268.txt (Time: 0.00s)
✓ Generated graph n=90, m=853, seed=7118744415197196276, type=UNIFORM -> ./input/random_graphs/graph_90_853_UNIFORM_7118744415197196276.txt (Time: 0.00s)
✓ Generated graph n=90, m=853, seed=8448596294177070022, type=UNIFORM -> ./input/random_graphs/graph_90_853_UNIFORM_8448596294177070022.txt (Time: 0.00s)
✓ Generated graph n=90, m=853, seed=4795749165124911768, type=UNIFORM -> ./input/random_graphs/graph_90_853_UNIFORM_4795749165124911768.txt (Time: 0.00s)
✓ Generated graph n=90, m=853, seed=9059990922233379852, type=UNIFORM -> ./input/random_graphs/graph_90_853_UNIFORM_9059990922233379852.txt (Time: 0.00s)
✓ Generated graph n=90, m=853, seed=3221421291694197220, type=UNIFORM -> ./input/random_graphs/graph_90_853_UNIFORM_3221421291694197220.txt (Time: 0.00s)
✓ Generated graph n=90, m=853, seed=1992204328026194281, type=UNIFORM -> ./input/random_graphs/graph_90_853_UNIFORM_1992204328026194281.txt (Time: 0.00s)
✓ Generated graph n=90, m=853, seed=7983805977214098674, type=UNIFORM -> ./input/random_graphs/graph_90_853_UNIFORM_7983805977214098674.txt (Time: 0.00s)
✓ Generated graph n=90, m=853, seed=4934890601268679176, type=UNIFORM -> ./input/random_graphs/graph_90_853_UNIFORM_4934890601268679176.txt (Time: 0.00s)
✓ Generated graph n=100, m=1000, seed=1309542850049879452, type=UNIFORM -> ./input/random_graphs/graph_100_1000_UNIFORM_1309542850049879452.txt (Time: 0.00s)
✓ Generated graph n=90, m=853, seed=7449662661572224354, type=UNIFORM -> ./input/random_graphs/graph_90_853_UNIFORM_7449662661572224354.txt (Time: 0.00s)
✓ Generated graph n=100, m=1000, seed=6938562734920028532, type=UNIFORM -> ./input/random_graphs/graph_100_1000_UNIFORM_6938562734920028532.txt (Time: 0.00s)
✓ Generated graph n=90, m=853, seed=8867616339855336876, type=UNIFORM -> ./input/random_graphs/graph_90_853_UNIFORM_8867616339855336876.txt (Time: 0.00s)
✓ Generated graph n=90, m=853, seed=2718103348384927511, type=UNIFORM -> ./input/random_graphs/graph_90_853_UNIFORM_2718103348384927511.txt (Time: 0.00s)
✓ Generated graph n=90, m=853, seed=2264398621601381987, type=UNIFORM -> ./input/random_graphs/graph_90_853_UNIFORM_2264398621601381987.txt (Time: 0.00s)
✓ Generated graph n=90, m=853, seed=5894893360759659423, type=UNIFORM -> ./input/random_graphs/graph_90_853_UNIFORM_5894893360759659423.txt (Time: 0.00s)
✓ Generated graph n=90, m=853, seed=7632458674696225362, type=UNIFORM -> ./input/random_graphs/graph_90_853_UNIFORM_7632458674696225362.txt (Time: 0.00s)
✓ Generated graph n=100, m=1000, seed=5708372698381010775, type=UNIFORM -> ./input/random_graphs/graph_100_1000_UNIFORM_5708372698381010775.txt (Time: 0.00s)
✓ Generated graph n=100, m=1000, seed=3881801951614183357, type=UNIFORM -> ./input/random_graphs/graph_100_1000_UNIFORM_3881801951614183357.txt (Time: 0.00s)
✓ Generated graph n=90, m=853, seed=7905487461282246979, type=UNIFORM -> ./input/random_graphs/graph_90_853_UNIFORM_7905487461282246979.txt (Time: 0.00s)
✓ Generated graph n=100, m=1000, seed=4040737767143389431, type=UNIFORM -> ./input/random_graphs/graph_100_1000_UNIFORM_4040737767143389431.txt (Time: 0.00s)
✓ Generated graph n=100, m=1000, seed=6230961512046992311, type=UNIFORM -> ./input/random_graphs/graph_100_1000_UNIFORM_6230961512046992311.txt (Time: 0.00s)
✓ Generated graph n=100, m=1000, seed=1070244953599069350, type=UNIFORM -> ./input/random_graphs/graph_100_1000_UNIFORM_1070244953599069350.txt (Time: 0.00s)
✓ Generated graph n=100, m=1000, seed=5739955973604961613, type=UNIFORM -> ./input/random_graphs/graph_100_1000_UNIFORM_5739955973604961613.txt (Time: 0.00s)
✓ Generated graph n=100, m=1000, seed=1353182403971399009, type=UNIFORM -> ./input/random_graphs/graph_100_1000_UNIFORM_1353182403971399009.txt (Time: 0.00s)
✓ Generated graph n=100, m=1000, seed=7663871783842725848, type=UNIFORM -> ./input/random_graphs/graph_100_1000_UNIFORM_7663871783842725848.txt (Time: 0.00s)
✓ Generated graph n=100, m=1000, seed=7871178979383552919, type=UNIFORM -> ./input/random_graphs/graph_100_1000_UNIFORM_7871178979383552919.txt (Time: 0.00s)
✓ Generated graph n=100, m=1000, seed=7599700178212337699, type=UNIFORM -> ./input/random_graphs/graph_100_1000_UNIFORM_7599700178212337699.txt (Time: 0.00s)
✓ Generated graph n=100, m=1000, seed=521787134863155063, type=UNIFORM -> ./input/random_graphs/graph_100_1000_UNIFORM_521787134863155063.txt (Time: 0.00s)
✓ Generated graph n=100, m=1000, seed=2429002973740178792, type=UNIFORM -> ./input/random_graphs/graph_100_1000_UNIFORM_2429002973740178792.txt (Time: 0.00s)
✓ Generated graph n=100, m=1000, seed=1250005700364523649, type=UNIFORM -> ./input/random_graphs/graph_100_1000_UNIFORM_1250005700364523649.txt (Time: 0.00s)
✓ Generated graph n=100, m=1000, seed=6522163754831416203, type=UNIFORM -> ./input/random_graphs/graph_100_1000_UNIFORM_6522163754831416203.txt (Time: 0.00s)
✓ Generated graph n=100, m=1000, seed=320375091487821987, type=UNIFORM -> ./input/random_graphs/graph_100_1000_UNIFORM_320375091487821987.txt (Time: 0.00s)
✓ Generated graph n=100, m=1000, seed=3438400432146115956, type=UNIFORM -> ./input/random_graphs/graph_100_1000_UNIFORM_3438400432146115956.txt (Time: 0.00s)
✓ Generated graph n=100, m=1000, seed=5906957480796939447, type=UNIFORM -> ./input/random_graphs/graph_100_1000_UNIFORM_5906957480796939447.txt (Time: 0.00s)
✓ Generated graph n=100, m=1000, seed=6802378520969450157, type=UNIFORM -> ./input/random_graphs/graph_100_1000_UNIFORM_6802378520969450157.txt (Time: 0.00s)
✓ Generated graph n=100, m=1000, seed=1731523882129807996, type=UNIFORM -> ./input/random_graphs/graph_100_1000_UNIFORM_1731523882129807996.txt (Time: 0.00s)
✓ Generated graph n=100, m=1000, seed=5258051056098597521, type=UNIFORM -> ./input/random_graphs/graph_100_1000_UNIFORM_5258051056098597521.txt (Time: 0.00s)
✓ Generated graph n=100, m=1000, seed=7473196763798409428, type=UNIFORM -> ./input/random_graphs/graph_100_1000_UNIFORM_7473196763798409428.txt (Time: 0.00s)
✓ Generated graph n=100, m=1000, seed=7032710160631691991, type=UNIFORM -> ./input/random_graphs/graph_100_1000_UNIFORM_7032710160631691991.txt (Time: 0.00s)
✓ Generated graph n=100, m=1000, seed=3010622984418968408, type=UNIFORM -> ./input/random_graphs/graph_100_1000_UNIFORM_3010622984418968408.txt (Time: 0.00s)
✓ Generated graph n=100, m=1000, seed=1853590723603270879, type=UNIFORM -> ./input/random_graphs/graph_100_1000_UNIFORM_1853590723603270879.txt (Time: 0.00s)
✓ Generated graph n=100, m=1000, seed=1250773459040295677, type=UNIFORM -> ./input/random_graphs/graph_100_1000_UNIFORM_1250773459040295677.txt (Time: 0.00s)
✓ Generated graph n=100, m=1000, seed=7146860528564146064, type=UNIFORM -> ./input/random_graphs/graph_100_1000_UNIFORM_7146860528564146064.txt (Time: 0.00s)
✓ Generated graph n=100, m=1000, seed=6002685213311538187, type=UNIFORM -> ./input/random_graphs/graph_100_1000_UNIFORM_6002685213311538187.txt (Time: 0.00s)
✓ Generated graph n=100, m=1000, seed=5142811650494845597, type=UNIFORM -> ./input/random_graphs/graph_100_1000_UNIFORM_5142811650494845597.txt (Time: 0.00s)
✓ Generated graph n=100, m=1000, seed=7029781962072644698, type=UNIFORM -> ./input/random_graphs/graph_100_1000_UNIFORM_7029781962072644698.txt (Time: 0.00s)
✓ Generated graph n=100, m=1000, seed=5636411189175451024, type=UNIFORM -> ./input/random_graphs/graph_100_1000_UNIFORM_5636411189175451024.txt (Time: 0.00s)
✓ Generated graph n=100, m=1000, seed=8031431416522537101, type=UNIFORM -> ./input/random_graphs/graph_100_1000_UNIFORM_8031431416522537101.txt (Time: 0.00s)
✓ Generated graph n=100, m=1000, seed=1024517563182776983, type=UNIFORM -> ./input/random_graphs/graph_100_1000_UNIFORM_1024517563182776983.txt (Time: 0.00s)
✓ Generated graph n=100, m=1000, seed=4122784633514911760, type=UNIFORM -> ./input/random_graphs/graph_100_1000_UNIFORM_4122784633514911760.txt (Time: 0.00s)
✓ Generated graph n=100, m=1000, seed=5349491008325879064, type=UNIFORM -> ./input/random_graphs/graph_100_1000_UNIFORM_5349491008325879064.txt (Time: 0.00s)
✓ Generated graph n=100, m=1000, seed=6614505080519948832, type=UNIFORM -> ./input/random_graphs/graph_100_1000_UNIFORM_6614505080519948832.txt (Time: 0.00s)
✓ Generated graph n=100, m=1000, seed=1632192924771168275, type=UNIFORM -> ./input/random_graphs/graph_100_1000_UNIFORM_1632192924771168275.txt (Time: 0.00s)
✓ Generated graph n=100, m=1000, seed=4445925461710302877, type=UNIFORM -> ./input/random_graphs/graph_100_1000_UNIFORM_4445925461710302877.txt (Time: 0.00s)
✓ Generated graph n=100, m=1000, seed=5139481885857321791, type=UNIFORM -> ./input/random_graphs/graph_100_1000_UNIFORM_5139481885857321791.txt (Time: 0.00s)
✓ Generated graph n=100, m=1000, seed=7161906730445628483, type=UNIFORM -> ./input/random_graphs/graph_100_1000_UNIFORM_7161906730445628483.txt (Time: 0.00s)
✓ Generated graph n=100, m=1000, seed=4552998297316576788, type=UNIFORM -> ./input/random_graphs/graph_100_1000_UNIFORM_4552998297316576788.txt (Time: 0.00s)
✓ Generated graph n=100, m=1000, seed=6143643868734370809, type=UNIFORM -> ./input/random_graphs/graph_100_1000_UNIFORM_6143643868734370809.txt (Time: 0.00s)
✓ Generated graph n=100, m=1000, seed=8718380604043999642, type=UNIFORM -> ./input/random_graphs/graph_100_1000_UNIFORM_8718380604043999642.txt (Time: 0.00s)
✓ Generated graph n=100, m=1000, seed=3272308573967577038, type=UNIFORM -> ./input/random_graphs/graph_100_1000_UNIFORM_3272308573967577038.txt (Time: 0.00s)
✓ Generated graph n=100, m=1000, seed=6785030173969523435, type=UNIFORM -> ./input/random_graphs/graph_100_1000_UNIFORM_6785030173969523435.txt (Time: 0.00s)
✓ Generated graph n=100, m=1000, seed=3224265581699847191, type=UNIFORM -> ./input/random_graphs/graph_100_1000_UNIFORM_3224265581699847191.txt (Time: 0.00s)
✓ Generated graph n=100, m=1000, seed=1170385908854608748, type=UNIFORM -> ./input/random_graphs/graph_100_1000_UNIFORM_1170385908854608748.txt (Time: 0.00s)
✓ Generated graph n=100, m=1000, seed=824387247617288499, type=UNIFORM -> ./input/random_graphs/graph_100_1000_UNIFORM_824387247617288499.txt (Time: 0.00s)
✓ Generated graph n=100, m=1000, seed=6529943913552561417, type=UNIFORM -> ./input/random_graphs/graph_100_1000_UNIFORM_6529943913552561417.txt (Time: 0.00s)
✓ Generated graph n=90, m=853, seed=4940913311242578590, type=UNIFORM -> ./input/random_graphs/graph_90_853_UNIFORM_4940913311242578590.txt (Time: 0.00s)
✓ Generated graph n=100, m=1000, seed=1647170069535670909, type=UNIFORM -> ./input/random_graphs/graph_100_1000_UNIFORM_1647170069535670909.txt (Time: 0.00s)
✓ Generated graph n=100, m=1000, seed=7938560551762094560, type=UNIFORM -> ./input/random_graphs/graph_100_1000_UNIFORM_7938560551762094560.txt (Time: 0.00s)
✓ Generated graph n=100, m=1000, seed=716820155901718944, type=UNIFORM -> ./input/random_graphs/graph_100_1000_UNIFORM_716820155901718944.txt (Time: 0.00s)
✓ Generated graph n=100, m=1000, seed=1128313391724783137, type=UNIFORM -> ./input/random_graphs/graph_100_1000_UNIFORM_1128313391724783137.txt (Time: 0.00s)
✓ Generated graph n=100, m=1000, seed=6224222471595207695, type=UNIFORM -> ./input/random_graphs/graph_100_1000_UNIFORM_6224222471595207695.txt (Time: 0.00s)
✓ Generated graph n=100, m=1000, seed=3865339568260874865, type=UNIFORM -> ./input/random_graphs/graph_100_1000_UNIFORM_3865339568260874865.txt (Time: 0.00s)
✓ Generated graph n=100, m=1000, seed=7921282862123281598, type=UNIFORM -> ./input/random_graphs/graph_100_1000_UNIFORM_7921282862123281598.txt (Time: 0.00s)
✓ Generated graph n=100, m=1000, seed=5529616217668449934, type=UNIFORM -> ./input/random_graphs/graph_100_1000_UNIFORM_5529616217668449934.txt (Time: 0.00s)
✓ Generated graph n=100, m=1000, seed=6022436717541034636, type=UNIFORM -> ./input/random_graphs/graph_100_1000_UNIFORM_6022436717541034636.txt (Time: 0.00s)
✓ Generated graph n=100, m=1000, seed=7917045922527545890, type=UNIFORM -> ./input/random_graphs/graph_100_1000_UNIFORM_7917045922527545890.txt (Time: 0.00s)
✓ Generated graph n=100, m=1000, seed=7706236040662210848, type=UNIFORM -> ./input/random_graphs/graph_100_1000_UNIFORM_7706236040662210848.txt (Time: 0.00s)
✓ Generated graph n=100, m=1000, seed=9130666990809746335, type=UNIFORM -> ./input/random_graphs/graph_100_1000_UNIFORM_9130666990809746335.txt (Time: 0.00s)
✓ Generated graph n=100, m=1000, seed=2089506265998900862, type=UNIFORM -> ./input/random_graphs/graph_100_1000_UNIFORM_2089506265998900862.txt (Time: 0.00s)
✓ Generated graph n=100, m=1000, seed=175493991617213850, type=UNIFORM -> ./input/random_graphs/graph_100_1000_UNIFORM_175493991617213850.txt (Time: 0.00s)
✓ Generated graph n=100, m=1000, seed=2909934787168262407, type=UNIFORM -> ./input/random_graphs/graph_100_1000_UNIFORM_2909934787168262407.txt (Time: 0.00s)
✓ Generated graph n=100, m=1000, seed=3713827327871807734, type=UNIFORM -> ./input/random_graphs/graph_100_1000_UNIFORM_3713827327871807734.txt (Time: 0.00s)
✓ Generated graph n=100, m=1000, seed=6764066939395682287, type=UNIFORM -> ./input/random_graphs/graph_100_1000_UNIFORM_6764066939395682287.txt (Time: 0.00s)
✓ Generated graph n=100, m=1000, seed=4997514996153925447, type=UNIFORM -> ./input/random_graphs/graph_100_1000_UNIFORM_4997514996153925447.txt (Time: 0.00s)
✓ Generated graph n=100, m=1000, seed=8446481348147407377, type=UNIFORM -> ./input/random_graphs/graph_100_1000_UNIFORM_8446481348147407377.txt (Time: 0.00s)
✓ Generated graph n=100, m=1000, seed=5063475852268941542, type=UNIFORM -> ./input/random_graphs/graph_100_1000_UNIFORM_5063475852268941542.txt (Time: 0.00s)
✓ Generated graph n=100, m=1000, seed=5108599054664628607, type=UNIFORM -> ./input/random_graphs/graph_100_1000_UNIFORM_5108599054664628607.txt (Time: 0.00s)
✓ Generated graph n=100, m=1000, seed=7644420139408884785, type=UNIFORM -> ./input/random_graphs/graph_100_1000_UNIFORM_7644420139408884785.txt (Time: 0.00s)
✓ Generated graph n=100, m=1000, seed=4250897495980125004, type=UNIFORM -> ./input/random_graphs/graph_100_1000_UNIFORM_4250897495980125004.txt (Time: 0.00s)
✓ Generated graph n=100, m=1000, seed=1458186392400727732, type=UNIFORM -> ./input/random_graphs/graph_100_1000_UNIFORM_1458186392400727732.txt (Time: 0.00s)
✓ Generated graph n=100, m=1000, seed=8794274795737982182, type=UNIFORM -> ./input/random_graphs/graph_100_1000_UNIFORM_8794274795737982182.txt (Time: 0.00s)
✓ Generated graph n=100, m=1000, seed=199422815561151340, type=UNIFORM -> ./input/random_graphs/graph_100_1000_UNIFORM_199422815561151340.txt (Time: 0.00s)
✓ Generated graph n=100, m=1000, seed=1992204328026194281, type=UNIFORM -> ./input/random_graphs/graph_100_1000_UNIFORM_1992204328026194281.txt (Time: 0.00s)
✓ Generated graph n=100, m=1000, seed=1722224698700348310, type=UNIFORM -> ./input/random_graphs/graph_100_1000_UNIFORM_1722224698700348310.txt (Time: 0.00s)
✓ Generated graph n=100, m=1000, seed=4060584409398689268, type=UNIFORM -> ./input/random_graphs/graph_100_1000_UNIFORM_4060584409398689268.txt (Time: 0.00s)
✓ Generated graph n=100, m=1000, seed=9060210648189963449, type=UNIFORM -> ./input/random_graphs/graph_100_1000_UNIFORM_9060210648189963449.txt (Time: 0.00s)
✓ Generated graph n=100, m=1000, seed=8626102704817790064, type=UNIFORM -> ./input/random_graphs/graph_100_1000_UNIFORM_8626102704817790064.txt (Time: 0.00s)
✓ Generated graph n=100, m=1000, seed=1392892770529522614, type=UNIFORM -> ./input/random_graphs/graph_100_1000_UNIFORM_1392892770529522614.txt (Time: 0.00s)
✓ Generated graph n=100, m=1000, seed=4795749165124911768, type=UNIFORM -> ./input/random_graphs/graph_100_1000_UNIFORM_4795749165124911768.txt (Time: 0.00s)
✓ Generated graph n=100, m=1000, seed=5497874167834979553, type=UNIFORM -> ./input/random_graphs/graph_100_1000_UNIFORM_5497874167834979553.txt (Time: 0.00s)
✓ Generated graph n=100, m=1000, seed=7905487461282246979, type=UNIFORM -> ./input/random_graphs/graph_100_1000_UNIFORM_7905487461282246979.txt (Time: 0.00s)
✓ Generated graph n=100, m=1000, seed=7118744415197196276, type=UNIFORM -> ./input/random_graphs/graph_100_1000_UNIFORM_7118744415197196276.txt (Time: 0.00s)
✓ Generated graph n=100, m=1000, seed=4934890601268679176, type=UNIFORM -> ./input/random_graphs/graph_100_1000_UNIFORM_4934890601268679176.txt (Time: 0.00s)
✓ Generated graph n=100, m=1000, seed=3817405844514670994, type=UNIFORM -> ./input/random_graphs/graph_100_1000_UNIFORM_3817405844514670994.txt (Time: 0.00s)
✓ Generated graph n=100, m=1000, seed=8448596294177070022, type=UNIFORM -> ./input/random_graphs/graph_100_1000_UNIFORM_8448596294177070022.txt (Time: 0.00s)
✓ Generated graph n=100, m=1000, seed=1332005502874566195, type=UNIFORM -> ./input/random_graphs/graph_100_1000_UNIFORM_1332005502874566195.txt (Time: 0.00s)
✓ Generated graph n=100, m=1000, seed=3221421291694197220, type=UNIFORM -> ./input/random_graphs/graph_100_1000_UNIFORM_3221421291694197220.txt (Time: 0.00s)
✓ Generated graph n=100, m=1000, seed=7983805977214098674, type=UNIFORM -> ./input/random_graphs/graph_100_1000_UNIFORM_7983805977214098674.txt (Time: 0.00s)
✓ Generated graph n=100, m=1000, seed=4940913311242578590, type=UNIFORM -> ./input/random_graphs/graph_100_1000_UNIFORM_4940913311242578590.txt (Time: 0.00s)
✓ Generated graph n=100, m=1000, seed=9059990922233379852, type=UNIFORM -> ./input/random_graphs/graph_100_1000_UNIFORM_9059990922233379852.txt (Time: 0.00s)
✓ Generated graph n=100, m=1000, seed=2264398621601381987, type=UNIFORM -> ./input/random_graphs/graph_100_1000_UNIFORM_2264398621601381987.txt (Time: 0.00s)
✓ Generated graph n=100, m=1000, seed=5894893360759659423, type=UNIFORM -> ./input/random_graphs/graph_100_1000_UNIFORM_5894893360759659423.txt (Time: 0.00s)
✓ Generated graph n=200, m=2828, seed=3881801951614183357, type=UNIFORM -> ./input/random_graphs/graph_200_2828_UNIFORM_3881801951614183357.txt (Time: 0.00s)
✓ Generated graph n=100, m=1000, seed=7449662661572224354, type=UNIFORM -> ./input/random_graphs/graph_100_1000_UNIFORM_7449662661572224354.txt (Time: 0.00s)
✓ Generated graph n=100, m=1000, seed=2718103348384927511, type=UNIFORM -> ./input/random_graphs/graph_100_1000_UNIFORM_2718103348384927511.txt (Time: 0.00s)
✓ Generated graph n=200, m=2828, seed=6230961512046992311, type=UNIFORM -> ./input/random_graphs/graph_200_2828_UNIFORM_6230961512046992311.txt (Time: 0.00s)
✓ Generated graph n=100, m=1000, seed=8867616339855336876, type=UNIFORM -> ./input/random_graphs/graph_100_1000_UNIFORM_8867616339855336876.txt (Time: 0.00s)
✓ Generated graph n=200, m=2828, seed=7032710160631691991, type=UNIFORM -> ./input/random_graphs/graph_200_2828_UNIFORM_7032710160631691991.txt (Time: 0.00s)
✓ Generated graph n=200, m=2828, seed=1070244953599069350, type=UNIFORM -> ./input/random_graphs/graph_200_2828_UNIFORM_1070244953599069350.txt (Time: 0.00s)
✓ Generated graph n=200, m=2828, seed=7599700178212337699, type=UNIFORM -> ./input/random_graphs/graph_200_2828_UNIFORM_7599700178212337699.txt (Time: 0.00s)
✓ Generated graph n=200, m=2828, seed=6938562734920028532, type=UNIFORM -> ./input/random_graphs/graph_200_2828_UNIFORM_6938562734920028532.txt (Time: 0.00s)
✓ Generated graph n=200, m=2828, seed=1309542850049879452, type=UNIFORM -> ./input/random_graphs/graph_200_2828_UNIFORM_1309542850049879452.txt (Time: 0.00s)
✓ Generated graph n=200, m=2828, seed=7871178979383552919, type=UNIFORM -> ./input/random_graphs/graph_200_2828_UNIFORM_7871178979383552919.txt (Time: 0.00s)
✓ Generated graph n=200, m=2828, seed=6522163754831416203, type=UNIFORM -> ./input/random_graphs/graph_200_2828_UNIFORM_6522163754831416203.txt (Time: 0.00s)
✓ Generated graph n=200, m=2828, seed=5739955973604961613, type=UNIFORM -> ./input/random_graphs/graph_200_2828_UNIFORM_5739955973604961613.txt (Time: 0.00s)
✓ Generated graph n=200, m=2828, seed=4040737767143389431, type=UNIFORM -> ./input/random_graphs/graph_200_2828_UNIFORM_4040737767143389431.txt (Time: 0.00s)
✓ Generated graph n=200, m=2828, seed=5142811650494845597, type=UNIFORM -> ./input/random_graphs/graph_200_2828_UNIFORM_5142811650494845597.txt (Time: 0.00s)
✓ Generated graph n=100, m=1000, seed=7632458674696225362, type=UNIFORM -> ./input/random_graphs/graph_100_1000_UNIFORM_7632458674696225362.txt (Time: 0.00s)
✓ Generated graph n=200, m=2828, seed=2429002973740178792, type=UNIFORM -> ./input/random_graphs/graph_200_2828_UNIFORM_2429002973740178792.txt (Time: 0.00s)
✓ Generated graph n=200, m=2828, seed=3438400432146115956, type=UNIFORM -> ./input/random_graphs/graph_200_2828_UNIFORM_3438400432146115956.txt (Time: 0.00s)
✓ Generated graph n=200, m=2828, seed=1353182403971399009, type=UNIFORM -> ./input/random_graphs/graph_200_2828_UNIFORM_1353182403971399009.txt (Time: 0.00s)
✓ Generated graph n=200, m=2828, seed=7473196763798409428, type=UNIFORM -> ./input/random_graphs/graph_200_2828_UNIFORM_7473196763798409428.txt (Time: 0.00s)
✓ Generated graph n=200, m=2828, seed=1250773459040295677, type=UNIFORM -> ./input/random_graphs/graph_200_2828_UNIFORM_1250773459040295677.txt (Time: 0.00s)
✓ Generated graph n=200, m=2828, seed=320375091487821987, type=UNIFORM -> ./input/random_graphs/graph_200_2828_UNIFORM_320375091487821987.txt (Time: 0.00s)
✓ Generated graph n=200, m=2828, seed=6002685213311538187, type=UNIFORM -> ./input/random_graphs/graph_200_2828_UNIFORM_6002685213311538187.txt (Time: 0.00s)
✓ Generated graph n=200, m=2828, seed=5708372698381010775, type=UNIFORM -> ./input/random_graphs/graph_200_2828_UNIFORM_5708372698381010775.txt (Time: 0.00s)
✓ Generated graph n=200, m=2828, seed=3010622984418968408, type=UNIFORM -> ./input/random_graphs/graph_200_2828_UNIFORM_3010622984418968408.txt (Time: 0.00s)
✓ Generated graph n=200, m=2828, seed=7146860528564146064, type=UNIFORM -> ./input/random_graphs/graph_200_2828_UNIFORM_7146860528564146064.txt (Time: 0.00s)
✓ Generated graph n=200, m=2828, seed=7663871783842725848, type=UNIFORM -> ./input/random_graphs/graph_200_2828_UNIFORM_7663871783842725848.txt (Time: 0.00s)
✓ Generated graph n=200, m=2828, seed=5906957480796939447, type=UNIFORM -> ./input/random_graphs/graph_200_2828_UNIFORM_5906957480796939447.txt (Time: 0.00s)
✓ Generated graph n=200, m=2828, seed=6785030173969523435, type=UNIFORM -> ./input/random_graphs/graph_200_2828_UNIFORM_6785030173969523435.txt (Time: 0.00s)
✓ Generated graph n=200, m=2828, seed=521787134863155063, type=UNIFORM -> ./input/random_graphs/graph_200_2828_UNIFORM_521787134863155063.txt (Time: 0.00s)
✓ Generated graph n=200, m=2828, seed=5139481885857321791, type=UNIFORM -> ./input/random_graphs/graph_200_2828_UNIFORM_5139481885857321791.txt (Time: 0.00s)
✓ Generated graph n=200, m=2828, seed=1250005700364523649, type=UNIFORM -> ./input/random_graphs/graph_200_2828_UNIFORM_1250005700364523649.txt (Time: 0.00s)
✓ Generated graph n=200, m=2828, seed=5258051056098597521, type=UNIFORM -> ./input/random_graphs/graph_200_2828_UNIFORM_5258051056098597521.txt (Time: 0.00s)
✓ Generated graph n=200, m=2828, seed=7161906730445628483, type=UNIFORM -> ./input/random_graphs/graph_200_2828_UNIFORM_7161906730445628483.txt (Time: 0.00s)
✓ Generated graph n=200, m=2828, seed=7706236040662210848, type=UNIFORM -> ./input/random_graphs/graph_200_2828_UNIFORM_7706236040662210848.txt (Time: 0.00s)
✓ Generated graph n=200, m=2828, seed=824387247617288499, type=UNIFORM -> ./input/random_graphs/graph_200_2828_UNIFORM_824387247617288499.txt (Time: 0.00s)
✓ Generated graph n=200, m=2828, seed=5529616217668449934, type=UNIFORM -> ./input/random_graphs/graph_200_2828_UNIFORM_5529616217668449934.txt (Time: 0.00s)
✓ Generated graph n=200, m=2828, seed=1024517563182776983, type=UNIFORM -> ./input/random_graphs/graph_200_2828_UNIFORM_1024517563182776983.txt (Time: 0.00s)
✓ Generated graph n=200, m=2828, seed=4122784633514911760, type=UNIFORM -> ./input/random_graphs/graph_200_2828_UNIFORM_4122784633514911760.txt (Time: 0.00s)
✓ Generated graph n=200, m=2828, seed=1731523882129807996, type=UNIFORM -> ./input/random_graphs/graph_200_2828_UNIFORM_1731523882129807996.txt (Time: 0.00s)
✓ Generated graph n=200, m=2828, seed=1647170069535670909, type=UNIFORM -> ./input/random_graphs/graph_200_2828_UNIFORM_1647170069535670909.txt (Time: 0.00s)
✓ Generated graph n=200, m=2828, seed=7029781962072644698, type=UNIFORM -> ./input/random_graphs/graph_200_2828_UNIFORM_7029781962072644698.txt (Time: 0.00s)
✓ Generated graph n=200, m=2828, seed=1853590723603270879, type=UNIFORM -> ./input/random_graphs/graph_200_2828_UNIFORM_1853590723603270879.txt (Time: 0.00s)
✓ Generated graph n=200, m=2828, seed=6143643868734370809, type=UNIFORM -> ./input/random_graphs/graph_200_2828_UNIFORM_6143643868734370809.txt (Time: 0.00s)
✓ Generated graph n=200, m=2828, seed=1632192924771168275, type=UNIFORM -> ./input/random_graphs/graph_200_2828_UNIFORM_1632192924771168275.txt (Time: 0.00s)
✓ Generated graph n=200, m=2828, seed=8031431416522537101, type=UNIFORM -> ./input/random_graphs/graph_200_2828_UNIFORM_8031431416522537101.txt (Time: 0.00s)
✓ Generated graph n=200, m=2828, seed=3224265581699847191, type=UNIFORM -> ./input/random_graphs/graph_200_2828_UNIFORM_3224265581699847191.txt (Time: 0.00s)
✓ Generated graph n=200, m=2828, seed=7917045922527545890, type=UNIFORM -> ./input/random_graphs/graph_200_2828_UNIFORM_7917045922527545890.txt (Time: 0.00s)
✓ Generated graph n=200, m=2828, seed=4445925461710302877, type=UNIFORM -> ./input/random_graphs/graph_200_2828_UNIFORM_4445925461710302877.txt (Time: 0.00s)
✓ Generated graph n=200, m=2828, seed=6614505080519948832, type=UNIFORM -> ./input/random_graphs/graph_200_2828_UNIFORM_6614505080519948832.txt (Time: 0.00s)
✓ Generated graph n=200, m=2828, seed=4552998297316576788, type=UNIFORM -> ./input/random_graphs/graph_200_2828_UNIFORM_4552998297316576788.txt (Time: 0.00s)
✓ Generated graph n=200, m=2828, seed=7921282862123281598, type=UNIFORM -> ./input/random_graphs/graph_200_2828_UNIFORM_7921282862123281598.txt (Time: 0.00s)
✓ Generated graph n=200, m=2828, seed=3865339568260874865, type=UNIFORM -> ./input/random_graphs/graph_200_2828_UNIFORM_3865339568260874865.txt (Time: 0.00s)
✓ Generated graph n=200, m=2828, seed=7938560551762094560, type=UNIFORM -> ./input/random_graphs/graph_200_2828_UNIFORM_7938560551762094560.txt (Time: 0.00s)
✓ Generated graph n=200, m=2828, seed=5636411189175451024, type=UNIFORM -> ./input/random_graphs/graph_200_2828_UNIFORM_5636411189175451024.txt (Time: 0.00s)
✓ Generated graph n=200, m=2828, seed=3272308573967577038, type=UNIFORM -> ./input/random_graphs/graph_200_2828_UNIFORM_3272308573967577038.txt (Time: 0.00s)
✓ Generated graph n=200, m=2828, seed=6224222471595207695, type=UNIFORM -> ./input/random_graphs/graph_200_2828_UNIFORM_6224222471595207695.txt (Time: 0.00s)
✓ Generated graph n=200, m=2828, seed=6802378520969450157, type=UNIFORM -> ./input/random_graphs/graph_200_2828_UNIFORM_6802378520969450157.txt (Time: 0.00s)
✓ Generated graph n=200, m=2828, seed=5349491008325879064, type=UNIFORM -> ./input/random_graphs/graph_200_2828_UNIFORM_5349491008325879064.txt (Time: 0.00s)
✓ Generated graph n=200, m=2828, seed=8718380604043999642, type=UNIFORM -> ./input/random_graphs/graph_200_2828_UNIFORM_8718380604043999642.txt (Time: 0.00s)
✓ Generated graph n=200, m=2828, seed=1128313391724783137, type=UNIFORM -> ./input/random_graphs/graph_200_2828_UNIFORM_1128313391724783137.txt (Time: 0.00s)
✓ Generated graph n=200, m=2828, seed=5063475852268941542, type=UNIFORM -> ./input/random_graphs/graph_200_2828_UNIFORM_5063475852268941542.txt (Time: 0.00s)
✓ Generated graph n=200, m=2828, seed=716820155901718944, type=UNIFORM -> ./input/random_graphs/graph_200_2828_UNIFORM_716820155901718944.txt (Time: 0.00s)
✓ Generated graph n=200, m=2828, seed=2909934787168262407, type=UNIFORM -> ./input/random_graphs/graph_200_2828_UNIFORM_2909934787168262407.txt (Time: 0.00s)
✓ Generated graph n=200, m=2828, seed=3817405844514670994, type=UNIFORM -> ./input/random_graphs/graph_200_2828_UNIFORM_3817405844514670994.txt (Time: 0.00s)
✓ Generated graph n=200, m=2828, seed=6022436717541034636, type=UNIFORM -> ./input/random_graphs/graph_200_2828_UNIFORM_6022436717541034636.txt (Time: 0.00s)
✓ Generated graph n=200, m=2828, seed=199422815561151340, type=UNIFORM -> ./input/random_graphs/graph_200_2828_UNIFORM_199422815561151340.txt (Time: 0.00s)
✓ Generated graph n=200, m=2828, seed=1170385908854608748, type=UNIFORM -> ./input/random_graphs/graph_200_2828_UNIFORM_1170385908854608748.txt (Time: 0.00s)
✓ Generated graph n=200, m=2828, seed=6529943913552561417, type=UNIFORM -> ./input/random_graphs/graph_200_2828_UNIFORM_6529943913552561417.txt (Time: 0.00s)
✓ Generated graph n=200, m=2828, seed=8446481348147407377, type=UNIFORM -> ./input/random_graphs/graph_200_2828_UNIFORM_8446481348147407377.txt (Time: 0.00s)
✓ Generated graph n=200, m=2828, seed=4997514996153925447, type=UNIFORM -> ./input/random_graphs/graph_200_2828_UNIFORM_4997514996153925447.txt (Time: 0.00s)
✓ Generated graph n=200, m=2828, seed=3713827327871807734, type=UNIFORM -> ./input/random_graphs/graph_200_2828_UNIFORM_3713827327871807734.txt (Time: 0.00s)
✓ Generated graph n=200, m=2828, seed=9130666990809746335, type=UNIFORM -> ./input/random_graphs/graph_200_2828_UNIFORM_9130666990809746335.txt (Time: 0.00s)
✓ Generated graph n=200, m=2828, seed=175493991617213850, type=UNIFORM -> ./input/random_graphs/graph_200_2828_UNIFORM_175493991617213850.txt (Time: 0.00s)
✓ Generated graph n=200, m=2828, seed=7644420139408884785, type=UNIFORM -> ./input/random_graphs/graph_200_2828_UNIFORM_7644420139408884785.txt (Time: 0.00s)
✓ Generated graph n=200, m=2828, seed=6764066939395682287, type=UNIFORM -> ./input/random_graphs/graph_200_2828_UNIFORM_6764066939395682287.txt (Time: 0.00s)
✓ Generated graph n=200, m=2828, seed=9060210648189963449, type=UNIFORM -> ./input/random_graphs/graph_200_2828_UNIFORM_9060210648189963449.txt (Time: 0.00s)
✓ Generated graph n=200, m=2828, seed=2089506265998900862, type=UNIFORM -> ./input/random_graphs/graph_200_2828_UNIFORM_2089506265998900862.txt (Time: 0.00s)
✓ Generated graph n=200, m=2828, seed=8794274795737982182, type=UNIFORM -> ./input/random_graphs/graph_200_2828_UNIFORM_8794274795737982182.txt (Time: 0.00s)
✓ Generated graph n=200, m=2828, seed=4250897495980125004, type=UNIFORM -> ./input/random_graphs/graph_200_2828_UNIFORM_4250897495980125004.txt (Time: 0.00s)
✓ Generated graph n=200, m=2828, seed=5108599054664628607, type=UNIFORM -> ./input/random_graphs/graph_200_2828_UNIFORM_5108599054664628607.txt (Time: 0.00s)
✓ Generated graph n=200, m=2828, seed=5497874167834979553, type=UNIFORM -> ./input/random_graphs/graph_200_2828_UNIFORM_5497874167834979553.txt (Time: 0.00s)
✓ Generated graph n=200, m=2828, seed=1722224698700348310, type=UNIFORM -> ./input/random_graphs/graph_200_2828_UNIFORM_1722224698700348310.txt (Time: 0.00s)
✓ Generated graph n=200, m=2828, seed=4060584409398689268, type=UNIFORM -> ./input/random_graphs/graph_200_2828_UNIFORM_4060584409398689268.txt (Time: 0.00s)
✓ Generated graph n=200, m=2828, seed=1458186392400727732, type=UNIFORM -> ./input/random_graphs/graph_200_2828_UNIFORM_1458186392400727732.txt (Time: 0.00s)
✓ Generated graph n=200, m=2828, seed=1392892770529522614, type=UNIFORM -> ./input/random_graphs/graph_200_2828_UNIFORM_1392892770529522614.txt (Time: 0.00s)
✓ Generated graph n=200, m=2828, seed=7905487461282246979, type=UNIFORM -> ./input/random_graphs/graph_200_2828_UNIFORM_7905487461282246979.txt (Time: 0.00s)
✓ Generated graph n=200, m=2828, seed=8626102704817790064, type=UNIFORM -> ./input/random_graphs/graph_200_2828_UNIFORM_8626102704817790064.txt (Time: 0.00s)
✓ Generated graph n=200, m=2828, seed=4934890601268679176, type=UNIFORM -> ./input/random_graphs/graph_200_2828_UNIFORM_4934890601268679176.txt (Time: 0.00s)
✓ Generated graph n=200, m=2828, seed=1992204328026194281, type=UNIFORM -> ./input/random_graphs/graph_200_2828_UNIFORM_1992204328026194281.txt (Time: 0.00s)
✓ Generated graph n=200, m=2828, seed=1332005502874566195, type=UNIFORM -> ./input/random_graphs/graph_200_2828_UNIFORM_1332005502874566195.txt (Time: 0.00s)
✓ Generated graph n=200, m=2828, seed=8448596294177070022, type=UNIFORM -> ./input/random_graphs/graph_200_2828_UNIFORM_8448596294177070022.txt (Time: 0.00s)
✓ Generated graph n=200, m=2828, seed=4795749165124911768, type=UNIFORM -> ./input/random_graphs/graph_200_2828_UNIFORM_4795749165124911768.txt (Time: 0.00s)
✓ Generated graph n=200, m=2828, seed=9059990922233379852, type=UNIFORM -> ./input/random_graphs/graph_200_2828_UNIFORM_9059990922233379852.txt (Time: 0.00s)
✓ Generated graph n=200, m=2828, seed=2718103348384927511, type=UNIFORM -> ./input/random_graphs/graph_200_2828_UNIFORM_2718103348384927511.txt (Time: 0.00s)
✓ Generated graph n=200, m=2828, seed=3221421291694197220, type=UNIFORM -> ./input/random_graphs/graph_200_2828_UNIFORM_3221421291694197220.txt (Time: 0.00s)
✓ Generated graph n=200, m=2828, seed=8867616339855336876, type=UNIFORM -> ./input/random_graphs/graph_200_2828_UNIFORM_8867616339855336876.txt (Time: 0.00s)
✓ Generated graph n=200, m=2828, seed=7449662661572224354, type=UNIFORM -> ./input/random_graphs/graph_200_2828_UNIFORM_7449662661572224354.txt (Time: 0.00s)
✓ Generated graph n=200, m=2828, seed=7632458674696225362, type=UNIFORM -> ./input/random_graphs/graph_200_2828_UNIFORM_7632458674696225362.txt (Time: 0.00s)
✓ Generated graph n=200, m=2828, seed=7983805977214098674, type=UNIFORM -> ./input/random_graphs/graph_200_2828_UNIFORM_7983805977214098674.txt (Time: 0.00s)
✓ Generated graph n=300, m=5196, seed=6230961512046992311, type=UNIFORM -> ./input/random_graphs/graph_300_5196_UNIFORM_6230961512046992311.txt (Time: 0.00s)
✓ Generated graph n=200, m=2828, seed=5894893360759659423, type=UNIFORM -> ./input/random_graphs/graph_200_2828_UNIFORM_5894893360759659423.txt (Time: 0.00s)
✓ Generated graph n=200, m=2828, seed=7118744415197196276, type=UNIFORM -> ./input/random_graphs/graph_200_2828_UNIFORM_7118744415197196276.txt (Time: 0.00s)
✓ Generated graph n=200, m=2828, seed=4940913311242578590, type=UNIFORM -> ./input/random_graphs/graph_200_2828_UNIFORM_4940913311242578590.txt (Time: 0.00s)
✓ Generated graph n=300, m=5196, seed=3881801951614183357, type=UNIFORM -> ./input/random_graphs/graph_300_5196_UNIFORM_3881801951614183357.txt (Time: 0.00s)
✓ Generated graph n=200, m=2828, seed=2264398621601381987, type=UNIFORM -> ./input/random_graphs/graph_200_2828_UNIFORM_2264398621601381987.txt (Time: 0.00s)
✓ Generated graph n=300, m=5196, seed=5739955973604961613, type=UNIFORM -> ./input/random_graphs/graph_300_5196_UNIFORM_5739955973604961613.txt (Time: 0.00s)
✓ Generated graph n=300, m=5196, seed=7032710160631691991, type=UNIFORM -> ./input/random_graphs/graph_300_5196_UNIFORM_7032710160631691991.txt (Time: 0.00s)
✓ Generated graph n=300, m=5196, seed=1353182403971399009, type=UNIFORM -> ./input/random_graphs/graph_300_5196_UNIFORM_1353182403971399009.txt (Time: 0.00s)
✓ Generated graph n=300, m=5196, seed=7599700178212337699, type=UNIFORM -> ./input/random_graphs/graph_300_5196_UNIFORM_7599700178212337699.txt (Time: 0.00s)
✓ Generated graph n=300, m=5196, seed=1070244953599069350, type=UNIFORM -> ./input/random_graphs/graph_300_5196_UNIFORM_1070244953599069350.txt (Time: 0.00s)
✓ Generated graph n=300, m=5196, seed=7871178979383552919, type=UNIFORM -> ./input/random_graphs/graph_300_5196_UNIFORM_7871178979383552919.txt (Time: 0.01s)
✓ Generated graph n=300, m=5196, seed=6938562734920028532, type=UNIFORM -> ./input/random_graphs/graph_300_5196_UNIFORM_6938562734920028532.txt (Time: 0.00s)
✓ Generated graph n=300, m=5196, seed=320375091487821987, type=UNIFORM -> ./input/random_graphs/graph_300_5196_UNIFORM_320375091487821987.txt (Time: 0.00s)
✓ Generated graph n=300, m=5196, seed=1250773459040295677, type=UNIFORM -> ./input/random_graphs/graph_300_5196_UNIFORM_1250773459040295677.txt (Time: 0.00s)
✓ Generated graph n=300, m=5196, seed=5139481885857321791, type=UNIFORM -> ./input/random_graphs/graph_300_5196_UNIFORM_5139481885857321791.txt (Time: 0.00s)
✓ Generated graph n=300, m=5196, seed=7146860528564146064, type=UNIFORM -> ./input/random_graphs/graph_300_5196_UNIFORM_7146860528564146064.txt (Time: 0.00s)
✓ Generated graph n=300, m=5196, seed=3010622984418968408, type=UNIFORM -> ./input/random_graphs/graph_300_5196_UNIFORM_3010622984418968408.txt (Time: 0.00s)
✓ Generated graph n=300, m=5196, seed=4040737767143389431, type=UNIFORM -> ./input/random_graphs/graph_300_5196_UNIFORM_4040737767143389431.txt (Time: 0.00s)
✓ Generated graph n=300, m=5196, seed=2429002973740178792, type=UNIFORM -> ./input/random_graphs/graph_300_5196_UNIFORM_2429002973740178792.txt (Time: 0.00s)
✓ Generated graph n=300, m=5196, seed=5906957480796939447, type=UNIFORM -> ./input/random_graphs/graph_300_5196_UNIFORM_5906957480796939447.txt (Time: 0.00s)
✓ Generated graph n=300, m=5196, seed=7473196763798409428, type=UNIFORM -> ./input/random_graphs/graph_300_5196_UNIFORM_7473196763798409428.txt (Time: 0.00s)
✓ Generated graph n=300, m=5196, seed=5142811650494845597, type=UNIFORM -> ./input/random_graphs/graph_300_5196_UNIFORM_5142811650494845597.txt (Time: 0.00s)
✓ Generated graph n=300, m=5196, seed=6002685213311538187, type=UNIFORM -> ./input/random_graphs/graph_300_5196_UNIFORM_6002685213311538187.txt (Time: 0.00s)
✓ Generated graph n=300, m=5196, seed=6522163754831416203, type=UNIFORM -> ./input/random_graphs/graph_300_5196_UNIFORM_6522163754831416203.txt (Time: 0.01s)
✓ Generated graph n=300, m=5196, seed=1309542850049879452, type=UNIFORM -> ./input/random_graphs/graph_300_5196_UNIFORM_1309542850049879452.txt (Time: 0.01s)
✓ Generated graph n=300, m=5196, seed=3438400432146115956, type=UNIFORM -> ./input/random_graphs/graph_300_5196_UNIFORM_3438400432146115956.txt (Time: 0.00s)
✓ Generated graph n=300, m=5196, seed=5708372698381010775, type=UNIFORM -> ./input/random_graphs/graph_300_5196_UNIFORM_5708372698381010775.txt (Time: 0.00s)
✓ Generated graph n=300, m=5196, seed=5258051056098597521, type=UNIFORM -> ./input/random_graphs/graph_300_5196_UNIFORM_5258051056098597521.txt (Time: 0.00s)
✓ Generated graph n=300, m=5196, seed=7663871783842725848, type=UNIFORM -> ./input/random_graphs/graph_300_5196_UNIFORM_7663871783842725848.txt (Time: 0.01s)
✓ Generated graph n=300, m=5196, seed=1250005700364523649, type=UNIFORM -> ./input/random_graphs/graph_300_5196_UNIFORM_1250005700364523649.txt (Time: 0.01s)
✓ Generated graph n=300, m=5196, seed=3224265581699847191, type=UNIFORM -> ./input/random_graphs/graph_300_5196_UNIFORM_3224265581699847191.txt (Time: 0.00s)
✓ Generated graph n=300, m=5196, seed=5529616217668449934, type=UNIFORM -> ./input/random_graphs/graph_300_5196_UNIFORM_5529616217668449934.txt (Time: 0.00s)
✓ Generated graph n=300, m=5196, seed=521787134863155063, type=UNIFORM -> ./input/random_graphs/graph_300_5196_UNIFORM_521787134863155063.txt (Time: 0.00s)
✓ Generated graph n=300, m=5196, seed=6785030173969523435, type=UNIFORM -> ./input/random_graphs/graph_300_5196_UNIFORM_6785030173969523435.txt (Time: 0.00s)
✓ Generated graph n=300, m=5196, seed=7706236040662210848, type=UNIFORM -> ./input/random_graphs/graph_300_5196_UNIFORM_7706236040662210848.txt (Time: 0.00s)
✓ Generated graph n=300, m=5196, seed=1731523882129807996, type=UNIFORM -> ./input/random_graphs/graph_300_5196_UNIFORM_1731523882129807996.txt (Time: 0.01s)
✓ Generated graph n=300, m=5196, seed=8031431416522537101, type=UNIFORM -> ./input/random_graphs/graph_300_5196_UNIFORM_8031431416522537101.txt (Time: 0.00s)
✓ Generated graph n=300, m=5196, seed=1632192924771168275, type=UNIFORM -> ./input/random_graphs/graph_300_5196_UNIFORM_1632192924771168275.txt (Time: 0.00s)
✓ Generated graph n=300, m=5196, seed=1853590723603270879, type=UNIFORM -> ./input/random_graphs/graph_300_5196_UNIFORM_1853590723603270879.txt (Time: 0.00s)
✓ Generated graph n=300, m=5196, seed=1647170069535670909, type=UNIFORM -> ./input/random_graphs/graph_300_5196_UNIFORM_1647170069535670909.txt (Time: 0.00s)
✓ Generated graph n=300, m=5196, seed=1024517563182776983, type=UNIFORM -> ./input/random_graphs/graph_300_5196_UNIFORM_1024517563182776983.txt (Time: 0.00s)
✓ Generated graph n=300, m=5196, seed=7029781962072644698, type=UNIFORM -> ./input/random_graphs/graph_300_5196_UNIFORM_7029781962072644698.txt (Time: 0.00s)
✓ Generated graph n=300, m=5196, seed=4122784633514911760, type=UNIFORM -> ./input/random_graphs/graph_300_5196_UNIFORM_4122784633514911760.txt (Time: 0.00s)
✓ Generated graph n=300, m=5196, seed=824387247617288499, type=UNIFORM -> ./input/random_graphs/graph_300_5196_UNIFORM_824387247617288499.txt (Time: 0.00s)
✓ Generated graph n=300, m=5196, seed=7161906730445628483, type=UNIFORM -> ./input/random_graphs/graph_300_5196_UNIFORM_7161906730445628483.txt (Time: 0.00s)
✓ Generated graph n=300, m=5196, seed=6802378520969450157, type=UNIFORM -> ./input/random_graphs/graph_300_5196_UNIFORM_6802378520969450157.txt (Time: 0.00s)
✓ Generated graph n=300, m=5196, seed=5349491008325879064, type=UNIFORM -> ./input/random_graphs/graph_300_5196_UNIFORM_5349491008325879064.txt (Time: 0.00s)
✓ Generated graph n=300, m=5196, seed=7938560551762094560, type=UNIFORM -> ./input/random_graphs/graph_300_5196_UNIFORM_7938560551762094560.txt (Time: 0.00s)
✓ Generated graph n=300, m=5196, seed=3865339568260874865, type=UNIFORM -> ./input/random_graphs/graph_300_5196_UNIFORM_3865339568260874865.txt (Time: 0.00s)
✓ Generated graph n=300, m=5196, seed=6614505080519948832, type=UNIFORM -> ./input/random_graphs/graph_300_5196_UNIFORM_6614505080519948832.txt (Time: 0.00s)
✓ Generated graph n=300, m=5196, seed=4445925461710302877, type=UNIFORM -> ./input/random_graphs/graph_300_5196_UNIFORM_4445925461710302877.txt (Time: 0.00s)
✓ Generated graph n=300, m=5196, seed=5636411189175451024, type=UNIFORM -> ./input/random_graphs/graph_300_5196_UNIFORM_5636411189175451024.txt (Time: 0.00s)
✓ Generated graph n=300, m=5196, seed=7917045922527545890, type=UNIFORM -> ./input/random_graphs/graph_300_5196_UNIFORM_7917045922527545890.txt (Time: 0.00s)
✓ Generated graph n=300, m=5196, seed=4552998297316576788, type=UNIFORM -> ./input/random_graphs/graph_300_5196_UNIFORM_4552998297316576788.txt (Time: 0.00s)
✓ Generated graph n=300, m=5196, seed=6143643868734370809, type=UNIFORM -> ./input/random_graphs/graph_300_5196_UNIFORM_6143643868734370809.txt (Time: 0.00s)
✓ Generated graph n=300, m=5196, seed=3272308573967577038, type=UNIFORM -> ./input/random_graphs/graph_300_5196_UNIFORM_3272308573967577038.txt (Time: 0.00s)
✓ Generated graph n=300, m=5196, seed=6224222471595207695, type=UNIFORM -> ./input/random_graphs/graph_300_5196_UNIFORM_6224222471595207695.txt (Time: 0.00s)
✓ Generated graph n=300, m=5196, seed=1128313391724783137, type=UNIFORM -> ./input/random_graphs/graph_300_5196_UNIFORM_1128313391724783137.txt (Time: 0.00s)
✓ Generated graph n=300, m=5196, seed=7921282862123281598, type=UNIFORM -> ./input/random_graphs/graph_300_5196_UNIFORM_7921282862123281598.txt (Time: 0.00s)
✓ Generated graph n=300, m=5196, seed=5063475852268941542, type=UNIFORM -> ./input/random_graphs/graph_300_5196_UNIFORM_5063475852268941542.txt (Time: 0.00s)
✓ Generated graph n=300, m=5196, seed=2909934787168262407, type=UNIFORM -> ./input/random_graphs/graph_300_5196_UNIFORM_2909934787168262407.txt (Time: 0.00s)
✓ Generated graph n=300, m=5196, seed=6529943913552561417, type=UNIFORM -> ./input/random_graphs/graph_300_5196_UNIFORM_6529943913552561417.txt (Time: 0.00s)
✓ Generated graph n=300, m=5196, seed=3817405844514670994, type=UNIFORM -> ./input/random_graphs/graph_300_5196_UNIFORM_3817405844514670994.txt (Time: 0.00s)
✓ Generated graph n=300, m=5196, seed=1170385908854608748, type=UNIFORM -> ./input/random_graphs/graph_300_5196_UNIFORM_1170385908854608748.txt (Time: 0.00s)
✓ Generated graph n=300, m=5196, seed=6022436717541034636, type=UNIFORM -> ./input/random_graphs/graph_300_5196_UNIFORM_6022436717541034636.txt (Time: 0.00s)
✓ Generated graph n=300, m=5196, seed=8446481348147407377, type=UNIFORM -> ./input/random_graphs/graph_300_5196_UNIFORM_8446481348147407377.txt (Time: 0.00s)
✓ Generated graph n=300, m=5196, seed=8718380604043999642, type=UNIFORM -> ./input/random_graphs/graph_300_5196_UNIFORM_8718380604043999642.txt (Time: 0.00s)
✓ Generated graph n=300, m=5196, seed=1392892770529522614, type=UNIFORM -> ./input/random_graphs/graph_300_5196_UNIFORM_1392892770529522614.txt (Time: 0.00s)
✓ Generated graph n=300, m=5196, seed=3713827327871807734, type=UNIFORM -> ./input/random_graphs/graph_300_5196_UNIFORM_3713827327871807734.txt (Time: 0.00s)
✓ Generated graph n=300, m=5196, seed=199422815561151340, type=UNIFORM -> ./input/random_graphs/graph_300_5196_UNIFORM_199422815561151340.txt (Time: 0.00s)
✓ Generated graph n=300, m=5196, seed=716820155901718944, type=UNIFORM -> ./input/random_graphs/graph_300_5196_UNIFORM_716820155901718944.txt (Time: 0.01s)
✓ Generated graph n=300, m=5196, seed=4997514996153925447, type=UNIFORM -> ./input/random_graphs/graph_300_5196_UNIFORM_4997514996153925447.txt (Time: 0.01s)
✓ Generated graph n=300, m=5196, seed=1458186392400727732, type=UNIFORM -> ./input/random_graphs/graph_300_5196_UNIFORM_1458186392400727732.txt (Time: 0.00s)
✓ Generated graph n=300, m=5196, seed=9060210648189963449, type=UNIFORM -> ./input/random_graphs/graph_300_5196_UNIFORM_9060210648189963449.txt (Time: 0.00s)
✓ Generated graph n=300, m=5196, seed=5497874167834979553, type=UNIFORM -> ./input/random_graphs/graph_300_5196_UNIFORM_5497874167834979553.txt (Time: 0.00s)
✓ Generated graph n=300, m=5196, seed=175493991617213850, type=UNIFORM -> ./input/random_graphs/graph_300_5196_UNIFORM_175493991617213850.txt (Time: 0.00s)
✓ Generated graph n=300, m=5196, seed=9130666990809746335, type=UNIFORM -> ./input/random_graphs/graph_300_5196_UNIFORM_9130666990809746335.txt (Time: 0.00s)
✓ Generated graph n=300, m=5196, seed=7644420139408884785, type=UNIFORM -> ./input/random_graphs/graph_300_5196_UNIFORM_7644420139408884785.txt (Time: 0.00s)
✓ Generated graph n=300, m=5196, seed=2089506265998900862, type=UNIFORM -> ./input/random_graphs/graph_300_5196_UNIFORM_2089506265998900862.txt (Time: 0.00s)
✓ Generated graph n=300, m=5196, seed=4060584409398689268, type=UNIFORM -> ./input/random_graphs/graph_300_5196_UNIFORM_4060584409398689268.txt (Time: 0.00s)
✓ Generated graph n=300, m=5196, seed=6764066939395682287, type=UNIFORM -> ./input/random_graphs/graph_300_5196_UNIFORM_6764066939395682287.txt (Time: 0.00s)
✓ Generated graph n=300, m=5196, seed=2718103348384927511, type=UNIFORM -> ./input/random_graphs/graph_300_5196_UNIFORM_2718103348384927511.txt (Time: 0.00s)
✓ Generated graph n=300, m=5196, seed=4250897495980125004, type=UNIFORM -> ./input/random_graphs/graph_300_5196_UNIFORM_4250897495980125004.txt (Time: 0.01s)
✓ Generated graph n=300, m=5196, seed=7449662661572224354, type=UNIFORM -> ./input/random_graphs/graph_300_5196_UNIFORM_7449662661572224354.txt (Time: 0.00s)
✓ Generated graph n=300, m=5196, seed=7905487461282246979, type=UNIFORM -> ./input/random_graphs/graph_300_5196_UNIFORM_7905487461282246979.txt (Time: 0.00s)
✓ Generated graph n=300, m=5196, seed=5108599054664628607, type=UNIFORM -> ./input/random_graphs/graph_300_5196_UNIFORM_5108599054664628607.txt (Time: 0.00s)
✓ Generated graph n=300, m=5196, seed=8867616339855336876, type=UNIFORM -> ./input/random_graphs/graph_300_5196_UNIFORM_8867616339855336876.txt (Time: 0.00s)
✓ Generated graph n=300, m=5196, seed=9059990922233379852, type=UNIFORM -> ./input/random_graphs/graph_300_5196_UNIFORM_9059990922233379852.txt (Time: 0.00s)
✓ Generated graph n=300, m=5196, seed=1332005502874566195, type=UNIFORM -> ./input/random_graphs/graph_300_5196_UNIFORM_1332005502874566195.txt (Time: 0.00s)
✓ Generated graph n=300, m=5196, seed=4934890601268679176, type=UNIFORM -> ./input/random_graphs/graph_300_5196_UNIFORM_4934890601268679176.txt (Time: 0.00s)
✓ Generated graph n=300, m=5196, seed=8626102704817790064, type=UNIFORM -> ./input/random_graphs/graph_300_5196_UNIFORM_8626102704817790064.txt (Time: 0.00s)
✓ Generated graph n=300, m=5196, seed=7118744415197196276, type=UNIFORM -> ./input/random_graphs/graph_300_5196_UNIFORM_7118744415197196276.txt (Time: 0.00s)
✓ Generated graph n=300, m=5196, seed=3221421291694197220, type=UNIFORM -> ./input/random_graphs/graph_300_5196_UNIFORM_3221421291694197220.txt (Time: 0.00s)
✓ Generated graph n=300, m=5196, seed=4795749165124911768, type=UNIFORM -> ./input/random_graphs/graph_300_5196_UNIFORM_4795749165124911768.txt (Time: 0.00s)
✓ Generated graph n=300, m=5196, seed=1992204328026194281, type=UNIFORM -> ./input/random_graphs/graph_300_5196_UNIFORM_1992204328026194281.txt (Time: 0.00s)
✓ Generated graph n=300, m=5196, seed=8794274795737982182, type=UNIFORM -> ./input/random_graphs/graph_300_5196_UNIFORM_8794274795737982182.txt (Time: 0.00s)
✓ Generated graph n=300, m=5196, seed=8448596294177070022, type=UNIFORM -> ./input/random_graphs/graph_300_5196_UNIFORM_8448596294177070022.txt (Time: 0.01s)
✓ Generated graph n=300, m=5196, seed=5894893360759659423, type=UNIFORM -> ./input/random_graphs/graph_300_5196_UNIFORM_5894893360759659423.txt (Time: 0.00s)
✓ Generated graph n=300, m=5196, seed=1722224698700348310, type=UNIFORM -> ./input/random_graphs/graph_300_5196_UNIFORM_1722224698700348310.txt (Time: 0.01s)
✓ Generated graph n=300, m=5196, seed=4940913311242578590, type=UNIFORM -> ./input/random_graphs/graph_300_5196_UNIFORM_4940913311242578590.txt (Time: 0.00s)
✓ Generated graph n=300, m=5196, seed=7632458674696225362, type=UNIFORM -> ./input/random_graphs/graph_300_5196_UNIFORM_7632458674696225362.txt (Time: 0.00s)
✓ Generated graph n=300, m=5196, seed=7983805977214098674, type=UNIFORM -> ./input/random_graphs/graph_300_5196_UNIFORM_7983805977214098674.txt (Time: 0.00s)
✓ Generated graph n=300, m=5196, seed=2264398621601381987, type=UNIFORM -> ./input/random_graphs/graph_300_5196_UNIFORM_2264398621601381987.txt (Time: 0.00s)
✓ Generated graph n=400, m=8000, seed=1353182403971399009, type=UNIFORM -> ./input/random_graphs/graph_400_8000_UNIFORM_1353182403971399009.txt (Time: 0.00s)
✓ Generated graph n=400, m=8000, seed=5739955973604961613, type=UNIFORM -> ./input/random_graphs/graph_400_8000_UNIFORM_5739955973604961613.txt (Time: 0.00s)
✓ Generated graph n=400, m=8000, seed=7599700178212337699, type=UNIFORM -> ./input/random_graphs/graph_400_8000_UNIFORM_7599700178212337699.txt (Time: 0.00s)
✓ Generated graph n=400, m=8000, seed=7032710160631691991, type=UNIFORM -> ./input/random_graphs/graph_400_8000_UNIFORM_7032710160631691991.txt (Time: 0.00s)
✓ Generated graph n=400, m=8000, seed=7871178979383552919, type=UNIFORM -> ./input/random_graphs/graph_400_8000_UNIFORM_7871178979383552919.txt (Time: 0.00s)
✓ Generated graph n=400, m=8000, seed=1070244953599069350, type=UNIFORM -> ./input/random_graphs/graph_400_8000_UNIFORM_1070244953599069350.txt (Time: 0.00s)
✓ Generated graph n=400, m=8000, seed=6230961512046992311, type=UNIFORM -> ./input/random_graphs/graph_400_8000_UNIFORM_6230961512046992311.txt (Time: 0.00s)
✓ Generated graph n=400, m=8000, seed=4040737767143389431, type=UNIFORM -> ./input/random_graphs/graph_400_8000_UNIFORM_4040737767143389431.txt (Time: 0.00s)
✓ Generated graph n=400, m=8000, seed=3881801951614183357, type=UNIFORM -> ./input/random_graphs/graph_400_8000_UNIFORM_3881801951614183357.txt (Time: 0.01s)
✓ Generated graph n=400, m=8000, seed=6522163754831416203, type=UNIFORM -> ./input/random_graphs/graph_400_8000_UNIFORM_6522163754831416203.txt (Time: 0.01s)
✓ Generated graph n=400, m=8000, seed=5139481885857321791, type=UNIFORM -> ./input/random_graphs/graph_400_8000_UNIFORM_5139481885857321791.txt (Time: 0.00s)
✓ Generated graph n=400, m=8000, seed=5142811650494845597, type=UNIFORM -> ./input/random_graphs/graph_400_8000_UNIFORM_5142811650494845597.txt (Time: 0.00s)
✓ Generated graph n=400, m=8000, seed=7146860528564146064, type=UNIFORM -> ./input/random_graphs/graph_400_8000_UNIFORM_7146860528564146064.txt (Time: 0.00s)
✓ Generated graph n=400, m=8000, seed=1250773459040295677, type=UNIFORM -> ./input/random_graphs/graph_400_8000_UNIFORM_1250773459040295677.txt (Time: 0.00s)
✓ Generated graph n=400, m=8000, seed=320375091487821987, type=UNIFORM -> ./input/random_graphs/graph_400_8000_UNIFORM_320375091487821987.txt (Time: 0.00s)
✓ Generated graph n=400, m=8000, seed=6938562734920028532, type=UNIFORM -> ./input/random_graphs/graph_400_8000_UNIFORM_6938562734920028532.txt (Time: 0.00s)
✓ Generated graph n=400, m=8000, seed=7473196763798409428, type=UNIFORM -> ./input/random_graphs/graph_400_8000_UNIFORM_7473196763798409428.txt (Time: 0.00s)
✓ Generated graph n=400, m=8000, seed=7663871783842725848, type=UNIFORM -> ./input/random_graphs/graph_400_8000_UNIFORM_7663871783842725848.txt (Time: 0.00s)
✓ Generated graph n=400, m=8000, seed=5906957480796939447, type=UNIFORM -> ./input/random_graphs/graph_400_8000_UNIFORM_5906957480796939447.txt (Time: 0.00s)
✓ Generated graph n=400, m=8000, seed=3438400432146115956, type=UNIFORM -> ./input/random_graphs/graph_400_8000_UNIFORM_3438400432146115956.txt (Time: 0.00s)
✓ Generated graph n=400, m=8000, seed=1309542850049879452, type=UNIFORM -> ./input/random_graphs/graph_400_8000_UNIFORM_1309542850049879452.txt (Time: 0.00s)
✓ Generated graph n=400, m=8000, seed=2429002973740178792, type=UNIFORM -> ./input/random_graphs/graph_400_8000_UNIFORM_2429002973740178792.txt (Time: 0.00s)
✓ Generated graph n=400, m=8000, seed=3224265581699847191, type=UNIFORM -> ./input/random_graphs/graph_400_8000_UNIFORM_3224265581699847191.txt (Time: 0.00s)
✓ Generated graph n=400, m=8000, seed=1250005700364523649, type=UNIFORM -> ./input/random_graphs/graph_400_8000_UNIFORM_1250005700364523649.txt (Time: 0.01s)
✓ Generated graph n=400, m=8000, seed=3010622984418968408, type=UNIFORM -> ./input/random_graphs/graph_400_8000_UNIFORM_3010622984418968408.txt (Time: 0.00s)
✓ Generated graph n=400, m=8000, seed=5529616217668449934, type=UNIFORM -> ./input/random_graphs/graph_400_8000_UNIFORM_5529616217668449934.txt (Time: 0.00s)
✓ Generated graph n=400, m=8000, seed=1731523882129807996, type=UNIFORM -> ./input/random_graphs/graph_400_8000_UNIFORM_1731523882129807996.txt (Time: 0.00s)
✓ Generated graph n=400, m=8000, seed=1853590723603270879, type=UNIFORM -> ./input/random_graphs/graph_400_8000_UNIFORM_1853590723603270879.txt (Time: 0.00s)
✓ Generated graph n=400, m=8000, seed=521787134863155063, type=UNIFORM -> ./input/random_graphs/graph_400_8000_UNIFORM_521787134863155063.txt (Time: 0.00s)
✓ Generated graph n=400, m=8000, seed=6785030173969523435, type=UNIFORM -> ./input/random_graphs/graph_400_8000_UNIFORM_6785030173969523435.txt (Time: 0.00s)
✓ Generated graph n=400, m=8000, seed=1024517563182776983, type=UNIFORM -> ./input/random_graphs/graph_400_8000_UNIFORM_1024517563182776983.txt (Time: 0.00s)
✓ Generated graph n=400, m=8000, seed=5258051056098597521, type=UNIFORM -> ./input/random_graphs/graph_400_8000_UNIFORM_5258051056098597521.txt (Time: 0.00s)
✓ Generated graph n=400, m=8000, seed=7706236040662210848, type=UNIFORM -> ./input/random_graphs/graph_400_8000_UNIFORM_7706236040662210848.txt (Time: 0.00s)
✓ Generated graph n=400, m=8000, seed=4552998297316576788, type=UNIFORM -> ./input/random_graphs/graph_400_8000_UNIFORM_4552998297316576788.txt (Time: 0.00s)
✓ Generated graph n=400, m=8000, seed=6002685213311538187, type=UNIFORM -> ./input/random_graphs/graph_400_8000_UNIFORM_6002685213311538187.txt (Time: 0.01s)
✓ Generated graph n=400, m=8000, seed=7029781962072644698, type=UNIFORM -> ./input/random_graphs/graph_400_8000_UNIFORM_7029781962072644698.txt (Time: 0.01s)
✓ Generated graph n=400, m=8000, seed=7917045922527545890, type=UNIFORM -> ./input/random_graphs/graph_400_8000_UNIFORM_7917045922527545890.txt (Time: 0.00s)
✓ Generated graph n=400, m=8000, seed=5349491008325879064, type=UNIFORM -> ./input/random_graphs/graph_400_8000_UNIFORM_5349491008325879064.txt (Time: 0.00s)
✓ Generated graph n=400, m=8000, seed=7938560551762094560, type=UNIFORM -> ./input/random_graphs/graph_400_8000_UNIFORM_7938560551762094560.txt (Time: 0.00s)
✓ Generated graph n=400, m=8000, seed=6802378520969450157, type=UNIFORM -> ./input/random_graphs/graph_400_8000_UNIFORM_6802378520969450157.txt (Time: 0.00s)
✓ Generated graph n=400, m=8000, seed=824387247617288499, type=UNIFORM -> ./input/random_graphs/graph_400_8000_UNIFORM_824387247617288499.txt (Time: 0.00s)
✓ Generated graph n=400, m=8000, seed=1632192924771168275, type=UNIFORM -> ./input/random_graphs/graph_400_8000_UNIFORM_1632192924771168275.txt (Time: 0.00s)
✓ Generated graph n=400, m=8000, seed=8031431416522537101, type=UNIFORM -> ./input/random_graphs/graph_400_8000_UNIFORM_8031431416522537101.txt (Time: 0.00s)
✓ Generated graph n=400, m=8000, seed=1647170069535670909, type=UNIFORM -> ./input/random_graphs/graph_400_8000_UNIFORM_1647170069535670909.txt (Time: 0.01s)
✓ Generated graph n=400, m=8000, seed=6614505080519948832, type=UNIFORM -> ./input/random_graphs/graph_400_8000_UNIFORM_6614505080519948832.txt (Time: 0.00s)
✓ Generated graph n=400, m=8000, seed=5636411189175451024, type=UNIFORM -> ./input/random_graphs/graph_400_8000_UNIFORM_5636411189175451024.txt (Time: 0.00s)
✓ Generated graph n=400, m=8000, seed=4122784633514911760, type=UNIFORM -> ./input/random_graphs/graph_400_8000_UNIFORM_4122784633514911760.txt (Time: 0.01s)
✓ Generated graph n=400, m=8000, seed=5708372698381010775, type=UNIFORM -> ./input/random_graphs/graph_400_8000_UNIFORM_5708372698381010775.txt (Time: 0.01s)
✓ Generated graph n=400, m=8000, seed=7161906730445628483, type=UNIFORM -> ./input/random_graphs/graph_400_8000_UNIFORM_7161906730445628483.txt (Time: 0.00s)
✓ Generated graph n=400, m=8000, seed=6143643868734370809, type=UNIFORM -> ./input/random_graphs/graph_400_8000_UNIFORM_6143643868734370809.txt (Time: 0.00s)
✓ Generated graph n=400, m=8000, seed=3865339568260874865, type=UNIFORM -> ./input/random_graphs/graph_400_8000_UNIFORM_3865339568260874865.txt (Time: 0.00s)
✓ Generated graph n=400, m=8000, seed=1170385908854608748, type=UNIFORM -> ./input/random_graphs/graph_400_8000_UNIFORM_1170385908854608748.txt (Time: 0.00s)
✓ Generated graph n=400, m=8000, seed=716820155901718944, type=UNIFORM -> ./input/random_graphs/graph_400_8000_UNIFORM_716820155901718944.txt (Time: 0.00s)
✓ Generated graph n=400, m=8000, seed=8718380604043999642, type=UNIFORM -> ./input/random_graphs/graph_400_8000_UNIFORM_8718380604043999642.txt (Time: 0.00s)
✓ Generated graph n=400, m=8000, seed=3272308573967577038, type=UNIFORM -> ./input/random_graphs/graph_400_8000_UNIFORM_3272308573967577038.txt (Time: 0.01s)
✓ Generated graph n=400, m=8000, seed=5063475852268941542, type=UNIFORM -> ./input/random_graphs/graph_400_8000_UNIFORM_5063475852268941542.txt (Time: 0.00s)
✓ Generated graph n=400, m=8000, seed=7921282862123281598, type=UNIFORM -> ./input/random_graphs/graph_400_8000_UNIFORM_7921282862123281598.txt (Time: 0.00s)
✓ Generated graph n=400, m=8000, seed=1128313391724783137, type=UNIFORM -> ./input/random_graphs/graph_400_8000_UNIFORM_1128313391724783137.txt (Time: 0.00s)
✓ Generated graph n=400, m=8000, seed=6529943913552561417, type=UNIFORM -> ./input/random_graphs/graph_400_8000_UNIFORM_6529943913552561417.txt (Time: 0.00s)
✓ Generated graph n=400, m=8000, seed=4445925461710302877, type=UNIFORM -> ./input/random_graphs/graph_400_8000_UNIFORM_4445925461710302877.txt (Time: 0.00s)
✓ Generated graph n=400, m=8000, seed=8446481348147407377, type=UNIFORM -> ./input/random_graphs/graph_400_8000_UNIFORM_8446481348147407377.txt (Time: 0.00s)
✓ Generated graph n=400, m=8000, seed=4997514996153925447, type=UNIFORM -> ./input/random_graphs/graph_400_8000_UNIFORM_4997514996153925447.txt (Time: 0.00s)
✓ Generated graph n=400, m=8000, seed=3817405844514670994, type=UNIFORM -> ./input/random_graphs/graph_400_8000_UNIFORM_3817405844514670994.txt (Time: 0.00s)
✓ Generated graph n=400, m=8000, seed=2909934787168262407, type=UNIFORM -> ./input/random_graphs/graph_400_8000_UNIFORM_2909934787168262407.txt (Time: 0.00s)
✓ Generated graph n=400, m=8000, seed=6224222471595207695, type=UNIFORM -> ./input/random_graphs/graph_400_8000_UNIFORM_6224222471595207695.txt (Time: 0.00s)
✓ Generated graph n=400, m=8000, seed=199422815561151340, type=UNIFORM -> ./input/random_graphs/graph_400_8000_UNIFORM_199422815561151340.txt (Time: 0.00s)
✓ Generated graph n=400, m=8000, seed=3713827327871807734, type=UNIFORM -> ./input/random_graphs/graph_400_8000_UNIFORM_3713827327871807734.txt (Time: 0.01s)
✓ Generated graph n=400, m=8000, seed=6764066939395682287, type=UNIFORM -> ./input/random_graphs/graph_400_8000_UNIFORM_6764066939395682287.txt (Time: 0.00s)
✓ Generated graph n=400, m=8000, seed=6022436717541034636, type=UNIFORM -> ./input/random_graphs/graph_400_8000_UNIFORM_6022436717541034636.txt (Time: 0.00s)
✓ Generated graph n=400, m=8000, seed=5108599054664628607, type=UNIFORM -> ./input/random_graphs/graph_400_8000_UNIFORM_5108599054664628607.txt (Time: 0.00s)
✓ Generated graph n=400, m=8000, seed=1392892770529522614, type=UNIFORM -> ./input/random_graphs/graph_400_8000_UNIFORM_1392892770529522614.txt (Time: 0.00s)
✓ Generated graph n=400, m=8000, seed=1458186392400727732, type=UNIFORM -> ./input/random_graphs/graph_400_8000_UNIFORM_1458186392400727732.txt (Time: 0.00s)
✓ Generated graph n=400, m=8000, seed=9060210648189963449, type=UNIFORM -> ./input/random_graphs/graph_400_8000_UNIFORM_9060210648189963449.txt (Time: 0.00s)
✓ Generated graph n=400, m=8000, seed=7644420139408884785, type=UNIFORM -> ./input/random_graphs/graph_400_8000_UNIFORM_7644420139408884785.txt (Time: 0.00s)
✓ Generated graph n=400, m=8000, seed=8794274795737982182, type=UNIFORM -> ./input/random_graphs/graph_400_8000_UNIFORM_8794274795737982182.txt (Time: 0.00s)
✓ Generated graph n=400, m=8000, seed=4250897495980125004, type=UNIFORM -> ./input/random_graphs/graph_400_8000_UNIFORM_4250897495980125004.txt (Time: 0.00s)
✓ Generated graph n=400, m=8000, seed=9130666990809746335, type=UNIFORM -> ./input/random_graphs/graph_400_8000_UNIFORM_9130666990809746335.txt (Time: 0.00s)
✓ Generated graph n=400, m=8000, seed=5497874167834979553, type=UNIFORM -> ./input/random_graphs/graph_400_8000_UNIFORM_5497874167834979553.txt (Time: 0.00s)
✓ Generated graph n=400, m=8000, seed=175493991617213850, type=UNIFORM -> ./input/random_graphs/graph_400_8000_UNIFORM_175493991617213850.txt (Time: 0.01s)
✓ Generated graph n=400, m=8000, seed=1332005502874566195, type=UNIFORM -> ./input/random_graphs/graph_400_8000_UNIFORM_1332005502874566195.txt (Time: 0.00s)
✓ Generated graph n=400, m=8000, seed=7118744415197196276, type=UNIFORM -> ./input/random_graphs/graph_400_8000_UNIFORM_7118744415197196276.txt (Time: 0.00s)
✓ Generated graph n=400, m=8000, seed=8626102704817790064, type=UNIFORM -> ./input/random_graphs/graph_400_8000_UNIFORM_8626102704817790064.txt (Time: 0.00s)
✓ Generated graph n=400, m=8000, seed=4060584409398689268, type=UNIFORM -> ./input/random_graphs/graph_400_8000_UNIFORM_4060584409398689268.txt (Time: 0.00s)
✓ Generated graph n=400, m=8000, seed=1992204328026194281, type=UNIFORM -> ./input/random_graphs/graph_400_8000_UNIFORM_1992204328026194281.txt (Time: 0.00s)
✓ Generated graph n=400, m=8000, seed=8448596294177070022, type=UNIFORM -> ./input/random_graphs/graph_400_8000_UNIFORM_8448596294177070022.txt (Time: 0.00s)
✓ Generated graph n=400, m=8000, seed=7905487461282246979, type=UNIFORM -> ./input/random_graphs/graph_400_8000_UNIFORM_7905487461282246979.txt (Time: 0.00s)
✓ Generated graph n=400, m=8000, seed=4934890601268679176, type=UNIFORM -> ./input/random_graphs/graph_400_8000_UNIFORM_4934890601268679176.txt (Time: 0.00s)
✓ Generated graph n=400, m=8000, seed=2089506265998900862, type=UNIFORM -> ./input/random_graphs/graph_400_8000_UNIFORM_2089506265998900862.txt (Time: 0.01s)
✓ Generated graph n=400, m=8000, seed=2718103348384927511, type=UNIFORM -> ./input/random_graphs/graph_400_8000_UNIFORM_2718103348384927511.txt (Time: 0.00s)
✓ Generated graph n=400, m=8000, seed=9059990922233379852, type=UNIFORM -> ./input/random_graphs/graph_400_8000_UNIFORM_9059990922233379852.txt (Time: 0.00s)
✓ Generated graph n=400, m=8000, seed=7449662661572224354, type=UNIFORM -> ./input/random_graphs/graph_400_8000_UNIFORM_7449662661572224354.txt (Time: 0.00s)
✓ Generated graph n=400, m=8000, seed=1722224698700348310, type=UNIFORM -> ./input/random_graphs/graph_400_8000_UNIFORM_1722224698700348310.txt (Time: 0.00s)
✓ Generated graph n=400, m=8000, seed=4940913311242578590, type=UNIFORM -> ./input/random_graphs/graph_400_8000_UNIFORM_4940913311242578590.txt (Time: 0.00s)
✓ Generated graph n=400, m=8000, seed=4795749165124911768, type=UNIFORM -> ./input/random_graphs/graph_400_8000_UNIFORM_4795749165124911768.txt (Time: 0.01s)
✓ Generated graph n=400, m=8000, seed=5894893360759659423, type=UNIFORM -> ./input/random_graphs/graph_400_8000_UNIFORM_5894893360759659423.txt (Time: 0.00s)
✓ Generated graph n=500, m=11180, seed=6230961512046992311, type=UNIFORM -> ./input/random_graphs/graph_500_11180_UNIFORM_6230961512046992311.txt (Time: 0.00s)
✓ Generated graph n=400, m=8000, seed=2264398621601381987, type=UNIFORM -> ./input/random_graphs/graph_400_8000_UNIFORM_2264398621601381987.txt (Time: 0.00s)
✓ Generated graph n=400, m=8000, seed=7632458674696225362, type=UNIFORM -> ./input/random_graphs/graph_400_8000_UNIFORM_7632458674696225362.txt (Time: 0.00s)
✓ Generated graph n=500, m=11180, seed=5739955973604961613, type=UNIFORM -> ./input/random_graphs/graph_500_11180_UNIFORM_5739955973604961613.txt (Time: 0.00s)
✓ Generated graph n=500, m=11180, seed=3881801951614183357, type=UNIFORM -> ./input/random_graphs/graph_500_11180_UNIFORM_3881801951614183357.txt (Time: 0.00s)
✓ Generated graph n=400, m=8000, seed=3221421291694197220, type=UNIFORM -> ./input/random_graphs/graph_400_8000_UNIFORM_3221421291694197220.txt (Time: 0.00s)
✓ Generated graph n=500, m=11180, seed=7599700178212337699, type=UNIFORM -> ./input/random_graphs/graph_500_11180_UNIFORM_7599700178212337699.txt (Time: 0.00s)
✓ Generated graph n=500, m=11180, seed=1353182403971399009, type=UNIFORM -> ./input/random_graphs/graph_500_11180_UNIFORM_1353182403971399009.txt (Time: 0.00s)
✓ Generated graph n=400, m=8000, seed=7983805977214098674, type=UNIFORM -> ./input/random_graphs/graph_400_8000_UNIFORM_7983805977214098674.txt (Time: 0.00s)
✓ Generated graph n=400, m=8000, seed=8867616339855336876, type=UNIFORM -> ./input/random_graphs/graph_400_8000_UNIFORM_8867616339855336876.txt (Time: 0.01s)
✓ Generated graph n=500, m=11180, seed=1070244953599069350, type=UNIFORM -> ./input/random_graphs/graph_500_11180_UNIFORM_1070244953599069350.txt (Time: 0.00s)
✓ Generated graph n=500, m=11180, seed=6522163754831416203, type=UNIFORM -> ./input/random_graphs/graph_500_11180_UNIFORM_6522163754831416203.txt (Time: 0.00s)
✓ Generated graph n=500, m=11180, seed=4040737767143389431, type=UNIFORM -> ./input/random_graphs/graph_500_11180_UNIFORM_4040737767143389431.txt (Time: 0.00s)
✓ Generated graph n=500, m=11180, seed=6938562734920028532, type=UNIFORM -> ./input/random_graphs/graph_500_11180_UNIFORM_6938562734920028532.txt (Time: 0.00s)
✓ Generated graph n=500, m=11180, seed=1250005700364523649, type=UNIFORM -> ./input/random_graphs/graph_500_11180_UNIFORM_1250005700364523649.txt (Time: 0.00s)
✓ Generated graph n=500, m=11180, seed=1250773459040295677, type=UNIFORM -> ./input/random_graphs/graph_500_11180_UNIFORM_1250773459040295677.txt (Time: 0.00s)
✓ Generated graph n=500, m=11180, seed=1309542850049879452, type=UNIFORM -> ./input/random_graphs/graph_500_11180_UNIFORM_1309542850049879452.txt (Time: 0.00s)
✓ Generated graph n=500, m=11180, seed=320375091487821987, type=UNIFORM -> ./input/random_graphs/graph_500_11180_UNIFORM_320375091487821987.txt (Time: 0.00s)
✓ Generated graph n=500, m=11180, seed=7663871783842725848, type=UNIFORM -> ./input/random_graphs/graph_500_11180_UNIFORM_7663871783842725848.txt (Time: 0.00s)
✓ Generated graph n=500, m=11180, seed=2429002973740178792, type=UNIFORM -> ./input/random_graphs/graph_500_11180_UNIFORM_2429002973740178792.txt (Time: 0.00s)
✓ Generated graph n=500, m=11180, seed=7146860528564146064, type=UNIFORM -> ./input/random_graphs/graph_500_11180_UNIFORM_7146860528564146064.txt (Time: 0.00s)
✓ Generated graph n=500, m=11180, seed=7473196763798409428, type=UNIFORM -> ./input/random_graphs/graph_500_11180_UNIFORM_7473196763798409428.txt (Time: 0.00s)
✓ Generated graph n=500, m=11180, seed=3438400432146115956, type=UNIFORM -> ./input/random_graphs/graph_500_11180_UNIFORM_3438400432146115956.txt (Time: 0.00s)
✓ Generated graph n=500, m=11180, seed=7871178979383552919, type=UNIFORM -> ./input/random_graphs/graph_500_11180_UNIFORM_7871178979383552919.txt (Time: 0.01s)
✓ Generated graph n=500, m=11180, seed=7032710160631691991, type=UNIFORM -> ./input/random_graphs/graph_500_11180_UNIFORM_7032710160631691991.txt (Time: 0.01s)
✓ Generated graph n=500, m=11180, seed=5142811650494845597, type=UNIFORM -> ./input/random_graphs/graph_500_11180_UNIFORM_5142811650494845597.txt (Time: 0.00s)
✓ Generated graph n=500, m=11180, seed=5139481885857321791, type=UNIFORM -> ./input/random_graphs/graph_500_11180_UNIFORM_5139481885857321791.txt (Time: 0.00s)
✓ Generated graph n=500, m=11180, seed=521787134863155063, type=UNIFORM -> ./input/random_graphs/graph_500_11180_UNIFORM_521787134863155063.txt (Time: 0.00s)
✓ Generated graph n=500, m=11180, seed=5906957480796939447, type=UNIFORM -> ./input/random_graphs/graph_500_11180_UNIFORM_5906957480796939447.txt (Time: 0.01s)
✓ Generated graph n=500, m=11180, seed=6002685213311538187, type=UNIFORM -> ./input/random_graphs/graph_500_11180_UNIFORM_6002685213311538187.txt (Time: 0.00s)
✓ Generated graph n=500, m=11180, seed=1853590723603270879, type=UNIFORM -> ./input/random_graphs/graph_500_11180_UNIFORM_1853590723603270879.txt (Time: 0.00s)
✓ Generated graph n=500, m=11180, seed=6785030173969523435, type=UNIFORM -> ./input/random_graphs/graph_500_11180_UNIFORM_6785030173969523435.txt (Time: 0.00s)
✓ Generated graph n=500, m=11180, seed=5708372698381010775, type=UNIFORM -> ./input/random_graphs/graph_500_11180_UNIFORM_5708372698381010775.txt (Time: 0.00s)
✓ Generated graph n=500, m=11180, seed=7029781962072644698, type=UNIFORM -> ./input/random_graphs/graph_500_11180_UNIFORM_7029781962072644698.txt (Time: 0.00s)
✓ Generated graph n=500, m=11180, seed=3224265581699847191, type=UNIFORM -> ./input/random_graphs/graph_500_11180_UNIFORM_3224265581699847191.txt (Time: 0.00s)
✓ Generated graph n=500, m=11180, seed=1024517563182776983, type=UNIFORM -> ./input/random_graphs/graph_500_11180_UNIFORM_1024517563182776983.txt (Time: 0.00s)
✓ Generated graph n=500, m=11180, seed=5529616217668449934, type=UNIFORM -> ./input/random_graphs/graph_500_11180_UNIFORM_5529616217668449934.txt (Time: 0.00s)
✓ Generated graph n=500, m=11180, seed=5258051056098597521, type=UNIFORM -> ./input/random_graphs/graph_500_11180_UNIFORM_5258051056098597521.txt (Time: 0.00s)
✓ Generated graph n=500, m=11180, seed=3010622984418968408, type=UNIFORM -> ./input/random_graphs/graph_500_11180_UNIFORM_3010622984418968408.txt (Time: 0.01s)
✓ Generated graph n=500, m=11180, seed=1647170069535670909, type=UNIFORM -> ./input/random_graphs/graph_500_11180_UNIFORM_1647170069535670909.txt (Time: 0.00s)
✓ Generated graph n=500, m=11180, seed=824387247617288499, type=UNIFORM -> ./input/random_graphs/graph_500_11180_UNIFORM_824387247617288499.txt (Time: 0.00s)
✓ Generated graph n=500, m=11180, seed=4122784633514911760, type=UNIFORM -> ./input/random_graphs/graph_500_11180_UNIFORM_4122784633514911760.txt (Time: 0.00s)
✓ Generated graph n=500, m=11180, seed=1731523882129807996, type=UNIFORM -> ./input/random_graphs/graph_500_11180_UNIFORM_1731523882129807996.txt (Time: 0.01s)
✓ Generated graph n=500, m=11180, seed=7161906730445628483, type=UNIFORM -> ./input/random_graphs/graph_500_11180_UNIFORM_7161906730445628483.txt (Time: 0.00s)
✓ Generated graph n=500, m=11180, seed=6802378520969450157, type=UNIFORM -> ./input/random_graphs/graph_500_11180_UNIFORM_6802378520969450157.txt (Time: 0.00s)
✓ Generated graph n=500, m=11180, seed=4552998297316576788, type=UNIFORM -> ./input/random_graphs/graph_500_11180_UNIFORM_4552998297316576788.txt (Time: 0.00s)
✓ Generated graph n=500, m=11180, seed=1632192924771168275, type=UNIFORM -> ./input/random_graphs/graph_500_11180_UNIFORM_1632192924771168275.txt (Time: 0.00s)
✓ Generated graph n=500, m=11180, seed=3272308573967577038, type=UNIFORM -> ./input/random_graphs/graph_500_11180_UNIFORM_3272308573967577038.txt (Time: 0.00s)
✓ Generated graph n=500, m=11180, seed=6614505080519948832, type=UNIFORM -> ./input/random_graphs/graph_500_11180_UNIFORM_6614505080519948832.txt (Time: 0.00s)
✓ Generated graph n=500, m=11180, seed=5636411189175451024, type=UNIFORM -> ./input/random_graphs/graph_500_11180_UNIFORM_5636411189175451024.txt (Time: 0.00s)
✓ Generated graph n=500, m=11180, seed=6143643868734370809, type=UNIFORM -> ./input/random_graphs/graph_500_11180_UNIFORM_6143643868734370809.txt (Time: 0.00s)
✓ Generated graph n=500, m=11180, seed=8031431416522537101, type=UNIFORM -> ./input/random_graphs/graph_500_11180_UNIFORM_8031431416522537101.txt (Time: 0.00s)
✓ Generated graph n=500, m=11180, seed=5349491008325879064, type=UNIFORM -> ./input/random_graphs/graph_500_11180_UNIFORM_5349491008325879064.txt (Time: 0.00s)
✓ Generated graph n=500, m=11180, seed=8718380604043999642, type=UNIFORM -> ./input/random_graphs/graph_500_11180_UNIFORM_8718380604043999642.txt (Time: 0.00s)
✓ Generated graph n=500, m=11180, seed=6224222471595207695, type=UNIFORM -> ./input/random_graphs/graph_500_11180_UNIFORM_6224222471595207695.txt (Time: 0.00s)
✓ Generated graph n=500, m=11180, seed=7706236040662210848, type=UNIFORM -> ./input/random_graphs/graph_500_11180_UNIFORM_7706236040662210848.txt (Time: 0.01s)
✓ Generated graph n=500, m=11180, seed=7938560551762094560, type=UNIFORM -> ./input/random_graphs/graph_500_11180_UNIFORM_7938560551762094560.txt (Time: 0.00s)
✓ Generated graph n=500, m=11180, seed=3865339568260874865, type=UNIFORM -> ./input/random_graphs/graph_500_11180_UNIFORM_3865339568260874865.txt (Time: 0.00s)
✓ Generated graph n=500, m=11180, seed=5063475852268941542, type=UNIFORM -> ./input/random_graphs/graph_500_11180_UNIFORM_5063475852268941542.txt (Time: 0.00s)
✓ Generated graph n=500, m=11180, seed=8446481348147407377, type=UNIFORM -> ./input/random_graphs/graph_500_11180_UNIFORM_8446481348147407377.txt (Time: 0.00s)
✓ Generated graph n=500, m=11180, seed=6529943913552561417, type=UNIFORM -> ./input/random_graphs/graph_500_11180_UNIFORM_6529943913552561417.txt (Time: 0.00s)
✓ Generated graph n=500, m=11180, seed=1128313391724783137, type=UNIFORM -> ./input/random_graphs/graph_500_11180_UNIFORM_1128313391724783137.txt (Time: 0.00s)
✓ Generated graph n=500, m=11180, seed=716820155901718944, type=UNIFORM -> ./input/random_graphs/graph_500_11180_UNIFORM_716820155901718944.txt (Time: 0.00s)
✓ Generated graph n=500, m=11180, seed=4997514996153925447, type=UNIFORM -> ./input/random_graphs/graph_500_11180_UNIFORM_4997514996153925447.txt (Time: 0.00s)
✓ Generated graph n=500, m=11180, seed=7921282862123281598, type=UNIFORM -> ./input/random_graphs/graph_500_11180_UNIFORM_7921282862123281598.txt (Time: 0.00s)
✓ Generated graph n=500, m=11180, seed=4445925461710302877, type=UNIFORM -> ./input/random_graphs/graph_500_11180_UNIFORM_4445925461710302877.txt (Time: 0.00s)
✓ Generated graph n=500, m=11180, seed=7917045922527545890, type=UNIFORM -> ./input/random_graphs/graph_500_11180_UNIFORM_7917045922527545890.txt (Time: 0.00s)
✓ Generated graph n=500, m=11180, seed=3817405844514670994, type=UNIFORM -> ./input/random_graphs/graph_500_11180_UNIFORM_3817405844514670994.txt (Time: 0.01s)
✓ Generated graph n=500, m=11180, seed=1170385908854608748, type=UNIFORM -> ./input/random_graphs/graph_500_11180_UNIFORM_1170385908854608748.txt (Time: 0.00s)
✓ Generated graph n=500, m=11180, seed=2909934787168262407, type=UNIFORM -> ./input/random_graphs/graph_500_11180_UNIFORM_2909934787168262407.txt (Time: 0.00s)
✓ Generated graph n=500, m=11180, seed=199422815561151340, type=UNIFORM -> ./input/random_graphs/graph_500_11180_UNIFORM_199422815561151340.txt (Time: 0.00s)
✓ Generated graph n=500, m=11180, seed=175493991617213850, type=UNIFORM -> ./input/random_graphs/graph_500_11180_UNIFORM_175493991617213850.txt (Time: 0.00s)
✓ Generated graph n=500, m=11180, seed=5108599054664628607, type=UNIFORM -> ./input/random_graphs/graph_500_11180_UNIFORM_5108599054664628607.txt (Time: 0.00s)
✓ Generated graph n=500, m=11180, seed=6764066939395682287, type=UNIFORM -> ./input/random_graphs/graph_500_11180_UNIFORM_6764066939395682287.txt (Time: 0.00s)
✓ Generated graph n=500, m=11180, seed=3713827327871807734, type=UNIFORM -> ./input/random_graphs/graph_500_11180_UNIFORM_3713827327871807734.txt (Time: 0.00s)
✓ Generated graph n=500, m=11180, seed=1392892770529522614, type=UNIFORM -> ./input/random_graphs/graph_500_11180_UNIFORM_1392892770529522614.txt (Time: 0.00s)
✓ Generated graph n=500, m=11180, seed=7644420139408884785, type=UNIFORM -> ./input/random_graphs/graph_500_11180_UNIFORM_7644420139408884785.txt (Time: 0.00s)
✓ Generated graph n=500, m=11180, seed=4250897495980125004, type=UNIFORM -> ./input/random_graphs/graph_500_11180_UNIFORM_4250897495980125004.txt (Time: 0.00s)
✓ Generated graph n=500, m=11180, seed=9060210648189963449, type=UNIFORM -> ./input/random_graphs/graph_500_11180_UNIFORM_9060210648189963449.txt (Time: 0.00s)
✓ Generated graph n=500, m=11180, seed=1458186392400727732, type=UNIFORM -> ./input/random_graphs/graph_500_11180_UNIFORM_1458186392400727732.txt (Time: 0.00s)
✓ Generated graph n=500, m=11180, seed=6022436717541034636, type=UNIFORM -> ./input/random_graphs/graph_500_11180_UNIFORM_6022436717541034636.txt (Time: 0.00s)
✓ Generated graph n=500, m=11180, seed=9130666990809746335, type=UNIFORM -> ./input/random_graphs/graph_500_11180_UNIFORM_9130666990809746335.txt (Time: 0.01s)
✓ Generated graph n=500, m=11180, seed=8794274795737982182, type=UNIFORM -> ./input/random_graphs/graph_500_11180_UNIFORM_8794274795737982182.txt (Time: 0.00s)
✓ Generated graph n=500, m=11180, seed=1332005502874566195, type=UNIFORM -> ./input/random_graphs/graph_500_11180_UNIFORM_1332005502874566195.txt (Time: 0.00s)
✓ Generated graph n=500, m=11180, seed=8626102704817790064, type=UNIFORM -> ./input/random_graphs/graph_500_11180_UNIFORM_8626102704817790064.txt (Time: 0.00s)
✓ Generated graph n=500, m=11180, seed=2718103348384927511, type=UNIFORM -> ./input/random_graphs/graph_500_11180_UNIFORM_2718103348384927511.txt (Time: 0.00s)
✓ Generated graph n=500, m=11180, seed=5497874167834979553, type=UNIFORM -> ./input/random_graphs/graph_500_11180_UNIFORM_5497874167834979553.txt (Time: 0.00s)
✓ Generated graph n=500, m=11180, seed=4795749165124911768, type=UNIFORM -> ./input/random_graphs/graph_500_11180_UNIFORM_4795749165124911768.txt (Time: 0.00s)
✓ Generated graph n=500, m=11180, seed=4934890601268679176, type=UNIFORM -> ./input/random_graphs/graph_500_11180_UNIFORM_4934890601268679176.txt (Time: 0.00s)
✓ Generated graph n=500, m=11180, seed=1722224698700348310, type=UNIFORM -> ./input/random_graphs/graph_500_11180_UNIFORM_1722224698700348310.txt (Time: 0.00s)
✓ Generated graph n=500, m=11180, seed=4060584409398689268, type=UNIFORM -> ./input/random_graphs/graph_500_11180_UNIFORM_4060584409398689268.txt (Time: 0.00s)
✓ Generated graph n=500, m=11180, seed=7905487461282246979, type=UNIFORM -> ./input/random_graphs/graph_500_11180_UNIFORM_7905487461282246979.txt (Time: 0.00s)
✓ Generated graph n=500, m=11180, seed=1992204328026194281, type=UNIFORM -> ./input/random_graphs/graph_500_11180_UNIFORM_1992204328026194281.txt (Time: 0.00s)
✓ Generated graph n=500, m=11180, seed=2089506265998900862, type=UNIFORM -> ./input/random_graphs/graph_500_11180_UNIFORM_2089506265998900862.txt (Time: 0.00s)
✓ Generated graph n=500, m=11180, seed=7118744415197196276, type=UNIFORM -> ./input/random_graphs/graph_500_11180_UNIFORM_7118744415197196276.txt (Time: 0.01s)
✓ Generated graph n=500, m=11180, seed=3221421291694197220, type=UNIFORM -> ./input/random_graphs/graph_500_11180_UNIFORM_3221421291694197220.txt (Time: 0.00s)
✓ Generated graph n=500, m=11180, seed=7449662661572224354, type=UNIFORM -> ./input/random_graphs/graph_500_11180_UNIFORM_7449662661572224354.txt (Time: 0.00s)
✓ Generated graph n=500, m=11180, seed=2264398621601381987, type=UNIFORM -> ./input/random_graphs/graph_500_11180_UNIFORM_2264398621601381987.txt (Time: 0.00s)
✓ Generated graph n=500, m=11180, seed=7983805977214098674, type=UNIFORM -> ./input/random_graphs/graph_500_11180_UNIFORM_7983805977214098674.txt (Time: 0.00s)
✓ Generated graph n=500, m=11180, seed=8867616339855336876, type=UNIFORM -> ./input/random_graphs/graph_500_11180_UNIFORM_8867616339855336876.txt (Time: 0.00s)
✓ Generated graph n=500, m=11180, seed=9059990922233379852, type=UNIFORM -> ./input/random_graphs/graph_500_11180_UNIFORM_9059990922233379852.txt (Time: 0.00s)
✓ Generated graph n=500, m=11180, seed=8448596294177070022, type=UNIFORM -> ./input/random_graphs/graph_500_11180_UNIFORM_8448596294177070022.txt (Time: 0.01s)
✓ Generated graph n=600, m=14696, seed=3881801951614183357, type=UNIFORM -> ./input/random_graphs/graph_600_14696_UNIFORM_3881801951614183357.txt (Time: 0.00s)
✓ Generated graph n=600, m=14696, seed=5739955973604961613, type=UNIFORM -> ./input/random_graphs/graph_600_14696_UNIFORM_5739955973604961613.txt (Time: 0.00s)
✓ Generated graph n=500, m=11180, seed=5894893360759659423, type=UNIFORM -> ./input/random_graphs/graph_500_11180_UNIFORM_5894893360759659423.txt (Time: 0.01s)
✓ Generated graph n=600, m=14696, seed=6230961512046992311, type=UNIFORM -> ./input/random_graphs/graph_600_14696_UNIFORM_6230961512046992311.txt (Time: 0.01s)
✓ Generated graph n=600, m=14696, seed=7032710160631691991, type=UNIFORM -> ./input/random_graphs/graph_600_14696_UNIFORM_7032710160631691991.txt (Time: 0.01s)
✓ Generated graph n=500, m=11180, seed=7632458674696225362, type=UNIFORM -> ./input/random_graphs/graph_500_11180_UNIFORM_7632458674696225362.txt (Time: 0.01s)
✓ Generated graph n=600, m=14696, seed=7871178979383552919, type=UNIFORM -> ./input/random_graphs/graph_600_14696_UNIFORM_7871178979383552919.txt (Time: 0.01s)
✓ Generated graph n=500, m=11180, seed=4940913311242578590, type=UNIFORM -> ./input/random_graphs/graph_500_11180_UNIFORM_4940913311242578590.txt (Time: 0.01s)
✓ Generated graph n=600, m=14696, seed=6938562734920028532, type=UNIFORM -> ./input/random_graphs/graph_600_14696_UNIFORM_6938562734920028532.txt (Time: 0.00s)
✓ Generated graph n=600, m=14696, seed=1250005700364523649, type=UNIFORM -> ./input/random_graphs/graph_600_14696_UNIFORM_1250005700364523649.txt (Time: 0.00s)
✓ Generated graph n=600, m=14696, seed=1353182403971399009, type=UNIFORM -> ./input/random_graphs/graph_600_14696_UNIFORM_1353182403971399009.txt (Time: 0.00s)
✓ Generated graph n=600, m=14696, seed=1250773459040295677, type=UNIFORM -> ./input/random_graphs/graph_600_14696_UNIFORM_1250773459040295677.txt (Time: 0.00s)
✓ Generated graph n=600, m=14696, seed=2429002973740178792, type=UNIFORM -> ./input/random_graphs/graph_600_14696_UNIFORM_2429002973740178792.txt (Time: 0.00s)
✓ Generated graph n=600, m=14696, seed=7663871783842725848, type=UNIFORM -> ./input/random_graphs/graph_600_14696_UNIFORM_7663871783842725848.txt (Time: 0.00s)
✓ Generated graph n=600, m=14696, seed=7599700178212337699, type=UNIFORM -> ./input/random_graphs/graph_600_14696_UNIFORM_7599700178212337699.txt (Time: 0.00s)
✓ Generated graph n=600, m=14696, seed=7146860528564146064, type=UNIFORM -> ./input/random_graphs/graph_600_14696_UNIFORM_7146860528564146064.txt (Time: 0.00s)
✓ Generated graph n=600, m=14696, seed=320375091487821987, type=UNIFORM -> ./input/random_graphs/graph_600_14696_UNIFORM_320375091487821987.txt (Time: 0.00s)
✓ Generated graph n=600, m=14696, seed=1309542850049879452, type=UNIFORM -> ./input/random_graphs/graph_600_14696_UNIFORM_1309542850049879452.txt (Time: 0.00s)
✓ Generated graph n=600, m=14696, seed=6522163754831416203, type=UNIFORM -> ./input/random_graphs/graph_600_14696_UNIFORM_6522163754831416203.txt (Time: 0.00s)
✓ Generated graph n=600, m=14696, seed=1070244953599069350, type=UNIFORM -> ./input/random_graphs/graph_600_14696_UNIFORM_1070244953599069350.txt (Time: 0.01s)
✓ Generated graph n=600, m=14696, seed=5906957480796939447, type=UNIFORM -> ./input/random_graphs/graph_600_14696_UNIFORM_5906957480796939447.txt (Time: 0.01s)
✓ Generated graph n=600, m=14696, seed=3010622984418968408, type=UNIFORM -> ./input/random_graphs/graph_600_14696_UNIFORM_3010622984418968408.txt (Time: 0.00s)
✓ Generated graph n=600, m=14696, seed=5139481885857321791, type=UNIFORM -> ./input/random_graphs/graph_600_14696_UNIFORM_5139481885857321791.txt (Time: 0.00s)
✓ Generated graph n=600, m=14696, seed=7473196763798409428, type=UNIFORM -> ./input/random_graphs/graph_600_14696_UNIFORM_7473196763798409428.txt (Time: 0.00s)
✓ Generated graph n=600, m=14696, seed=6002685213311538187, type=UNIFORM -> ./input/random_graphs/graph_600_14696_UNIFORM_6002685213311538187.txt (Time: 0.00s)
✓ Generated graph n=600, m=14696, seed=5708372698381010775, type=UNIFORM -> ./input/random_graphs/graph_600_14696_UNIFORM_5708372698381010775.txt (Time: 0.00s)
✓ Generated graph n=600, m=14696, seed=1853590723603270879, type=UNIFORM -> ./input/random_graphs/graph_600_14696_UNIFORM_1853590723603270879.txt (Time: 0.00s)
✓ Generated graph n=600, m=14696, seed=4040737767143389431, type=UNIFORM -> ./input/random_graphs/graph_600_14696_UNIFORM_4040737767143389431.txt (Time: 0.01s)
✓ Generated graph n=600, m=14696, seed=6785030173969523435, type=UNIFORM -> ./input/random_graphs/graph_600_14696_UNIFORM_6785030173969523435.txt (Time: 0.00s)
✓ Generated graph n=600, m=14696, seed=521787134863155063, type=UNIFORM -> ./input/random_graphs/graph_600_14696_UNIFORM_521787134863155063.txt (Time: 0.00s)
✓ Generated graph n=600, m=14696, seed=7029781962072644698, type=UNIFORM -> ./input/random_graphs/graph_600_14696_UNIFORM_7029781962072644698.txt (Time: 0.00s)
✓ Generated graph n=600, m=14696, seed=3438400432146115956, type=UNIFORM -> ./input/random_graphs/graph_600_14696_UNIFORM_3438400432146115956.txt (Time: 0.00s)
✓ Generated graph n=600, m=14696, seed=5529616217668449934, type=UNIFORM -> ./input/random_graphs/graph_600_14696_UNIFORM_5529616217668449934.txt (Time: 0.00s)
✓ Generated graph n=600, m=14696, seed=5142811650494845597, type=UNIFORM -> ./input/random_graphs/graph_600_14696_UNIFORM_5142811650494845597.txt (Time: 0.00s)
✓ Generated graph n=600, m=14696, seed=1731523882129807996, type=UNIFORM -> ./input/random_graphs/graph_600_14696_UNIFORM_1731523882129807996.txt (Time: 0.00s)
✓ Generated graph n=600, m=14696, seed=1024517563182776983, type=UNIFORM -> ./input/random_graphs/graph_600_14696_UNIFORM_1024517563182776983.txt (Time: 0.00s)
✓ Generated graph n=600, m=14696, seed=1647170069535670909, type=UNIFORM -> ./input/random_graphs/graph_600_14696_UNIFORM_1647170069535670909.txt (Time: 0.00s)
✓ Generated graph n=600, m=14696, seed=7706236040662210848, type=UNIFORM -> ./input/random_graphs/graph_600_14696_UNIFORM_7706236040662210848.txt (Time: 0.00s)
✓ Generated graph n=600, m=14696, seed=8031431416522537101, type=UNIFORM -> ./input/random_graphs/graph_600_14696_UNIFORM_8031431416522537101.txt (Time: 0.00s)
✓ Generated graph n=600, m=14696, seed=3224265581699847191, type=UNIFORM -> ./input/random_graphs/graph_600_14696_UNIFORM_3224265581699847191.txt (Time: 0.00s)
✓ Generated graph n=600, m=14696, seed=824387247617288499, type=UNIFORM -> ./input/random_graphs/graph_600_14696_UNIFORM_824387247617288499.txt (Time: 0.00s)
✓ Generated graph n=600, m=14696, seed=6802378520969450157, type=UNIFORM -> ./input/random_graphs/graph_600_14696_UNIFORM_6802378520969450157.txt (Time: 0.00s)
✓ Generated graph n=600, m=14696, seed=4552998297316576788, type=UNIFORM -> ./input/random_graphs/graph_600_14696_UNIFORM_4552998297316576788.txt (Time: 0.00s)
✓ Generated graph n=600, m=14696, seed=1632192924771168275, type=UNIFORM -> ./input/random_graphs/graph_600_14696_UNIFORM_1632192924771168275.txt (Time: 0.00s)
✓ Generated graph n=600, m=14696, seed=5636411189175451024, type=UNIFORM -> ./input/random_graphs/graph_600_14696_UNIFORM_5636411189175451024.txt (Time: 0.00s)
✓ Generated graph n=600, m=14696, seed=3272308573967577038, type=UNIFORM -> ./input/random_graphs/graph_600_14696_UNIFORM_3272308573967577038.txt (Time: 0.00s)
✓ Generated graph n=600, m=14696, seed=4122784633514911760, type=UNIFORM -> ./input/random_graphs/graph_600_14696_UNIFORM_4122784633514911760.txt (Time: 0.01s)
✓ Generated graph n=600, m=14696, seed=5258051056098597521, type=UNIFORM -> ./input/random_graphs/graph_600_14696_UNIFORM_5258051056098597521.txt (Time: 0.01s)
✓ Generated graph n=600, m=14696, seed=6143643868734370809, type=UNIFORM -> ./input/random_graphs/graph_600_14696_UNIFORM_6143643868734370809.txt (Time: 0.01s)
✓ Generated graph n=600, m=14696, seed=7161906730445628483, type=UNIFORM -> ./input/random_graphs/graph_600_14696_UNIFORM_7161906730445628483.txt (Time: 0.01s)
✓ Generated graph n=600, m=14696, seed=5349491008325879064, type=UNIFORM -> ./input/random_graphs/graph_600_14696_UNIFORM_5349491008325879064.txt (Time: 0.00s)
✓ Generated graph n=600, m=14696, seed=7938560551762094560, type=UNIFORM -> ./input/random_graphs/graph_600_14696_UNIFORM_7938560551762094560.txt (Time: 0.00s)
✓ Generated graph n=600, m=14696, seed=7921282862123281598, type=UNIFORM -> ./input/random_graphs/graph_600_14696_UNIFORM_7921282862123281598.txt (Time: 0.00s)
✓ Generated graph n=600, m=14696, seed=6614505080519948832, type=UNIFORM -> ./input/random_graphs/graph_600_14696_UNIFORM_6614505080519948832.txt (Time: 0.00s)
✓ Generated graph n=600, m=14696, seed=7917045922527545890, type=UNIFORM -> ./input/random_graphs/graph_600_14696_UNIFORM_7917045922527545890.txt (Time: 0.00s)
✓ Generated graph n=600, m=14696, seed=716820155901718944, type=UNIFORM -> ./input/random_graphs/graph_600_14696_UNIFORM_716820155901718944.txt (Time: 0.00s)
✓ Generated graph n=600, m=14696, seed=1128313391724783137, type=UNIFORM -> ./input/random_graphs/graph_600_14696_UNIFORM_1128313391724783137.txt (Time: 0.00s)
✓ Generated graph n=600, m=14696, seed=4997514996153925447, type=UNIFORM -> ./input/random_graphs/graph_600_14696_UNIFORM_4997514996153925447.txt (Time: 0.00s)
✓ Generated graph n=600, m=14696, seed=3865339568260874865, type=UNIFORM -> ./input/random_graphs/graph_600_14696_UNIFORM_3865339568260874865.txt (Time: 0.00s)
✓ Generated graph n=600, m=14696, seed=4445925461710302877, type=UNIFORM -> ./input/random_graphs/graph_600_14696_UNIFORM_4445925461710302877.txt (Time: 0.01s)
✓ Generated graph n=600, m=14696, seed=5063475852268941542, type=UNIFORM -> ./input/random_graphs/graph_600_14696_UNIFORM_5063475852268941542.txt (Time: 0.00s)
✓ Generated graph n=600, m=14696, seed=6224222471595207695, type=UNIFORM -> ./input/random_graphs/graph_600_14696_UNIFORM_6224222471595207695.txt (Time: 0.00s)
✓ Generated graph n=600, m=14696, seed=8446481348147407377, type=UNIFORM -> ./input/random_graphs/graph_600_14696_UNIFORM_8446481348147407377.txt (Time: 0.01s)
✓ Generated graph n=600, m=14696, seed=3817405844514670994, type=UNIFORM -> ./input/random_graphs/graph_600_14696_UNIFORM_3817405844514670994.txt (Time: 0.01s)
✓ Generated graph n=600, m=14696, seed=6022436717541034636, type=UNIFORM -> ./input/random_graphs/graph_600_14696_UNIFORM_6022436717541034636.txt (Time: 0.00s)
✓ Generated graph n=600, m=14696, seed=1170385908854608748, type=UNIFORM -> ./input/random_graphs/graph_600_14696_UNIFORM_1170385908854608748.txt (Time: 0.00s)
✓ Generated graph n=600, m=14696, seed=5108599054664628607, type=UNIFORM -> ./input/random_graphs/graph_600_14696_UNIFORM_5108599054664628607.txt (Time: 0.00s)
✓ Generated graph n=600, m=14696, seed=175493991617213850, type=UNIFORM -> ./input/random_graphs/graph_600_14696_UNIFORM_175493991617213850.txt (Time: 0.00s)
✓ Generated graph n=600, m=14696, seed=8718380604043999642, type=UNIFORM -> ./input/random_graphs/graph_600_14696_UNIFORM_8718380604043999642.txt (Time: 0.01s)
✓ Generated graph n=600, m=14696, seed=1458186392400727732, type=UNIFORM -> ./input/random_graphs/graph_600_14696_UNIFORM_1458186392400727732.txt (Time: 0.00s)
✓ Generated graph n=600, m=14696, seed=1392892770529522614, type=UNIFORM -> ./input/random_graphs/graph_600_14696_UNIFORM_1392892770529522614.txt (Time: 0.00s)
✓ Generated graph n=600, m=14696, seed=2909934787168262407, type=UNIFORM -> ./input/random_graphs/graph_600_14696_UNIFORM_2909934787168262407.txt (Time: 0.00s)
✓ Generated graph n=600, m=14696, seed=6529943913552561417, type=UNIFORM -> ./input/random_graphs/graph_600_14696_UNIFORM_6529943913552561417.txt (Time: 0.01s)
✓ Generated graph n=600, m=14696, seed=3713827327871807734, type=UNIFORM -> ./input/random_graphs/graph_600_14696_UNIFORM_3713827327871807734.txt (Time: 0.01s)
✓ Generated graph n=600, m=14696, seed=199422815561151340, type=UNIFORM -> ./input/random_graphs/graph_600_14696_UNIFORM_199422815561151340.txt (Time: 0.01s)
✓ Generated graph n=600, m=14696, seed=9130666990809746335, type=UNIFORM -> ./input/random_graphs/graph_600_14696_UNIFORM_9130666990809746335.txt (Time: 0.01s)
✓ Generated graph n=600, m=14696, seed=6764066939395682287, type=UNIFORM -> ./input/random_graphs/graph_600_14696_UNIFORM_6764066939395682287.txt (Time: 0.01s)
✓ Generated graph n=600, m=14696, seed=7644420139408884785, type=UNIFORM -> ./input/random_graphs/graph_600_14696_UNIFORM_7644420139408884785.txt (Time: 0.01s)
✓ Generated graph n=600, m=14696, seed=9060210648189963449, type=UNIFORM -> ./input/random_graphs/graph_600_14696_UNIFORM_9060210648189963449.txt (Time: 0.00s)
✓ Generated graph n=600, m=14696, seed=8794274795737982182, type=UNIFORM -> ./input/random_graphs/graph_600_14696_UNIFORM_8794274795737982182.txt (Time: 0.00s)
✓ Generated graph n=600, m=14696, seed=2089506265998900862, type=UNIFORM -> ./input/random_graphs/graph_600_14696_UNIFORM_2089506265998900862.txt (Time: 0.00s)
✓ Generated graph n=600, m=14696, seed=4250897495980125004, type=UNIFORM -> ./input/random_graphs/graph_600_14696_UNIFORM_4250897495980125004.txt (Time: 0.00s)
✓ Generated graph n=600, m=14696, seed=1722224698700348310, type=UNIFORM -> ./input/random_graphs/graph_600_14696_UNIFORM_1722224698700348310.txt (Time: 0.00s)
✓ Generated graph n=600, m=14696, seed=5497874167834979553, type=UNIFORM -> ./input/random_graphs/graph_600_14696_UNIFORM_5497874167834979553.txt (Time: 0.00s)
✓ Generated graph n=600, m=14696, seed=4060584409398689268, type=UNIFORM -> ./input/random_graphs/graph_600_14696_UNIFORM_4060584409398689268.txt (Time: 0.00s)
✓ Generated graph n=600, m=14696, seed=8626102704817790064, type=UNIFORM -> ./input/random_graphs/graph_600_14696_UNIFORM_8626102704817790064.txt (Time: 0.01s)
✓ Generated graph n=600, m=14696, seed=4934890601268679176, type=UNIFORM -> ./input/random_graphs/graph_600_14696_UNIFORM_4934890601268679176.txt (Time: 0.00s)
✓ Generated graph n=600, m=14696, seed=1992204328026194281, type=UNIFORM -> ./input/random_graphs/graph_600_14696_UNIFORM_1992204328026194281.txt (Time: 0.00s)
✓ Generated graph n=600, m=14696, seed=7905487461282246979, type=UNIFORM -> ./input/random_graphs/graph_600_14696_UNIFORM_7905487461282246979.txt (Time: 0.01s)
✓ Generated graph n=600, m=14696, seed=4795749165124911768, type=UNIFORM -> ./input/random_graphs/graph_600_14696_UNIFORM_4795749165124911768.txt (Time: 0.01s)
✓ Generated graph n=600, m=14696, seed=9059990922233379852, type=UNIFORM -> ./input/random_graphs/graph_600_14696_UNIFORM_9059990922233379852.txt (Time: 0.00s)
✓ Generated graph n=600, m=14696, seed=3221421291694197220, type=UNIFORM -> ./input/random_graphs/graph_600_14696_UNIFORM_3221421291694197220.txt (Time: 0.00s)
✓ Generated graph n=600, m=14696, seed=7449662661572224354, type=UNIFORM -> ./input/random_graphs/graph_600_14696_UNIFORM_7449662661572224354.txt (Time: 0.00s)
✓ Generated graph n=600, m=14696, seed=8448596294177070022, type=UNIFORM -> ./input/random_graphs/graph_600_14696_UNIFORM_8448596294177070022.txt (Time: 0.01s)
✓ Generated graph n=700, m=18520, seed=5739955973604961613, type=UNIFORM -> ./input/random_graphs/graph_700_18520_UNIFORM_5739955973604961613.txt (Time: 0.00s)
✓ Generated graph n=600, m=14696, seed=8867616339855336876, type=UNIFORM -> ./input/random_graphs/graph_600_14696_UNIFORM_8867616339855336876.txt (Time: 0.00s)
✓ Generated graph n=600, m=14696, seed=4940913311242578590, type=UNIFORM -> ./input/random_graphs/graph_600_14696_UNIFORM_4940913311242578590.txt (Time: 0.00s)
✓ Generated graph n=600, m=14696, seed=5894893360759659423, type=UNIFORM -> ./input/random_graphs/graph_600_14696_UNIFORM_5894893360759659423.txt (Time: 0.00s)
✓ Generated graph n=600, m=14696, seed=7118744415197196276, type=UNIFORM -> ./input/random_graphs/graph_600_14696_UNIFORM_7118744415197196276.txt (Time: 0.00s)
✓ Generated graph n=600, m=14696, seed=2264398621601381987, type=UNIFORM -> ./input/random_graphs/graph_600_14696_UNIFORM_2264398621601381987.txt (Time: 0.00s)
✓ Generated graph n=700, m=18520, seed=6230961512046992311, type=UNIFORM -> ./input/random_graphs/graph_700_18520_UNIFORM_6230961512046992311.txt (Time: 0.00s)
✓ Generated graph n=600, m=14696, seed=7632458674696225362, type=UNIFORM -> ./input/random_graphs/graph_600_14696_UNIFORM_7632458674696225362.txt (Time: 0.00s)
✓ Generated graph n=700, m=18520, seed=7871178979383552919, type=UNIFORM -> ./input/random_graphs/graph_700_18520_UNIFORM_7871178979383552919.txt (Time: 0.00s)
✓ Generated graph n=600, m=14696, seed=1332005502874566195, type=UNIFORM -> ./input/random_graphs/graph_600_14696_UNIFORM_1332005502874566195.txt (Time: 0.01s)
✓ Generated graph n=600, m=14696, seed=2718103348384927511, type=UNIFORM -> ./input/random_graphs/graph_600_14696_UNIFORM_2718103348384927511.txt (Time: 0.00s)
✓ Generated graph n=600, m=14696, seed=7983805977214098674, type=UNIFORM -> ./input/random_graphs/graph_600_14696_UNIFORM_7983805977214098674.txt (Time: 0.01s)
✓ Generated graph n=700, m=18520, seed=7599700178212337699, type=UNIFORM -> ./input/random_graphs/graph_700_18520_UNIFORM_7599700178212337699.txt (Time: 0.00s)
✓ Generated graph n=700, m=18520, seed=1309542850049879452, type=UNIFORM -> ./input/random_graphs/graph_700_18520_UNIFORM_1309542850049879452.txt (Time: 0.00s)
✓ Generated graph n=700, m=18520, seed=3881801951614183357, type=UNIFORM -> ./input/random_graphs/graph_700_18520_UNIFORM_3881801951614183357.txt (Time: 0.00s)
✓ Generated graph n=700, m=18520, seed=7032710160631691991, type=UNIFORM -> ./input/random_graphs/graph_700_18520_UNIFORM_7032710160631691991.txt (Time: 0.00s)
✓ Generated graph n=700, m=18520, seed=1070244953599069350, type=UNIFORM -> ./input/random_graphs/graph_700_18520_UNIFORM_1070244953599069350.txt (Time: 0.00s)
✓ Generated graph n=700, m=18520, seed=2429002973740178792, type=UNIFORM -> ./input/random_graphs/graph_700_18520_UNIFORM_2429002973740178792.txt (Time: 0.00s)
✓ Generated graph n=700, m=18520, seed=1353182403971399009, type=UNIFORM -> ./input/random_graphs/graph_700_18520_UNIFORM_1353182403971399009.txt (Time: 0.00s)
✓ Generated graph n=700, m=18520, seed=4040737767143389431, type=UNIFORM -> ./input/random_graphs/graph_700_18520_UNIFORM_4040737767143389431.txt (Time: 0.00s)
✓ Generated graph n=700, m=18520, seed=5906957480796939447, type=UNIFORM -> ./input/random_graphs/graph_700_18520_UNIFORM_5906957480796939447.txt (Time: 0.00s)
✓ Generated graph n=700, m=18520, seed=7663871783842725848, type=UNIFORM -> ./input/random_graphs/graph_700_18520_UNIFORM_7663871783842725848.txt (Time: 0.00s)
✓ Generated graph n=700, m=18520, seed=320375091487821987, type=UNIFORM -> ./input/random_graphs/graph_700_18520_UNIFORM_320375091487821987.txt (Time: 0.00s)
✓ Generated graph n=700, m=18520, seed=1250005700364523649, type=UNIFORM -> ./input/random_graphs/graph_700_18520_UNIFORM_1250005700364523649.txt (Time: 0.01s)
✓ Generated graph n=700, m=18520, seed=6938562734920028532, type=UNIFORM -> ./input/random_graphs/graph_700_18520_UNIFORM_6938562734920028532.txt (Time: 0.01s)
✓ Generated graph n=700, m=18520, seed=1250773459040295677, type=UNIFORM -> ./input/random_graphs/graph_700_18520_UNIFORM_1250773459040295677.txt (Time: 0.00s)
✓ Generated graph n=700, m=18520, seed=6522163754831416203, type=UNIFORM -> ./input/random_graphs/graph_700_18520_UNIFORM_6522163754831416203.txt (Time: 0.01s)
✓ Generated graph n=700, m=18520, seed=7146860528564146064, type=UNIFORM -> ./input/random_graphs/graph_700_18520_UNIFORM_7146860528564146064.txt (Time: 0.00s)
✓ Generated graph n=700, m=18520, seed=3438400432146115956, type=UNIFORM -> ./input/random_graphs/graph_700_18520_UNIFORM_3438400432146115956.txt (Time: 0.00s)
✓ Generated graph n=700, m=18520, seed=1853590723603270879, type=UNIFORM -> ./input/random_graphs/graph_700_18520_UNIFORM_1853590723603270879.txt (Time: 0.01s)
✓ Generated graph n=700, m=18520, seed=5708372698381010775, type=UNIFORM -> ./input/random_graphs/graph_700_18520_UNIFORM_5708372698381010775.txt (Time: 0.00s)
✓ Generated graph n=700, m=18520, seed=6785030173969523435, type=UNIFORM -> ./input/random_graphs/graph_700_18520_UNIFORM_6785030173969523435.txt (Time: 0.00s)
✓ Generated graph n=700, m=18520, seed=7473196763798409428, type=UNIFORM -> ./input/random_graphs/graph_700_18520_UNIFORM_7473196763798409428.txt (Time: 0.00s)
✓ Generated graph n=700, m=18520, seed=521787134863155063, type=UNIFORM -> ./input/random_graphs/graph_700_18520_UNIFORM_521787134863155063.txt (Time: 0.00s)
✓ Generated graph n=700, m=18520, seed=5139481885857321791, type=UNIFORM -> ./input/random_graphs/graph_700_18520_UNIFORM_5139481885857321791.txt (Time: 0.01s)
✓ Generated graph n=700, m=18520, seed=3010622984418968408, type=UNIFORM -> ./input/random_graphs/graph_700_18520_UNIFORM_3010622984418968408.txt (Time: 0.01s)
✓ Generated graph n=700, m=18520, seed=6002685213311538187, type=UNIFORM -> ./input/random_graphs/graph_700_18520_UNIFORM_6002685213311538187.txt (Time: 0.00s)
✓ Generated graph n=700, m=18520, seed=5142811650494845597, type=UNIFORM -> ./input/random_graphs/graph_700_18520_UNIFORM_5142811650494845597.txt (Time: 0.00s)
✓ Generated graph n=700, m=18520, seed=1731523882129807996, type=UNIFORM -> ./input/random_graphs/graph_700_18520_UNIFORM_1731523882129807996.txt (Time: 0.01s)
✓ Generated graph n=700, m=18520, seed=4122784633514911760, type=UNIFORM -> ./input/random_graphs/graph_700_18520_UNIFORM_4122784633514911760.txt (Time: 0.01s)
✓ Generated graph n=700, m=18520, seed=3224265581699847191, type=UNIFORM -> ./input/random_graphs/graph_700_18520_UNIFORM_3224265581699847191.txt (Time: 0.00s)
✓ Generated graph n=700, m=18520, seed=1632192924771168275, type=UNIFORM -> ./input/random_graphs/graph_700_18520_UNIFORM_1632192924771168275.txt (Time: 0.00s)
✓ Generated graph n=700, m=18520, seed=1024517563182776983, type=UNIFORM -> ./input/random_graphs/graph_700_18520_UNIFORM_1024517563182776983.txt (Time: 0.00s)
✓ Generated graph n=700, m=18520, seed=7029781962072644698, type=UNIFORM -> ./input/random_graphs/graph_700_18520_UNIFORM_7029781962072644698.txt (Time: 0.01s)
✓ Generated graph n=700, m=18520, seed=824387247617288499, type=UNIFORM -> ./input/random_graphs/graph_700_18520_UNIFORM_824387247617288499.txt (Time: 0.00s)
✓ Generated graph n=700, m=18520, seed=5529616217668449934, type=UNIFORM -> ./input/random_graphs/graph_700_18520_UNIFORM_5529616217668449934.txt (Time: 0.00s)
✓ Generated graph n=700, m=18520, seed=5258051056098597521, type=UNIFORM -> ./input/random_graphs/graph_700_18520_UNIFORM_5258051056098597521.txt (Time: 0.00s)
✓ Generated graph n=700, m=18520, seed=4552998297316576788, type=UNIFORM -> ./input/random_graphs/graph_700_18520_UNIFORM_4552998297316576788.txt (Time: 0.00s)
✓ Generated graph n=700, m=18520, seed=8031431416522537101, type=UNIFORM -> ./input/random_graphs/graph_700_18520_UNIFORM_8031431416522537101.txt (Time: 0.00s)
✓ Generated graph n=700, m=18520, seed=6143643868734370809, type=UNIFORM -> ./input/random_graphs/graph_700_18520_UNIFORM_6143643868734370809.txt (Time: 0.00s)
✓ Generated graph n=700, m=18520, seed=6802378520969450157, type=UNIFORM -> ./input/random_graphs/graph_700_18520_UNIFORM_6802378520969450157.txt (Time: 0.01s)
✓ Generated graph n=700, m=18520, seed=7706236040662210848, type=UNIFORM -> ./input/random_graphs/graph_700_18520_UNIFORM_7706236040662210848.txt (Time: 0.01s)
✓ Generated graph n=700, m=18520, seed=7161906730445628483, type=UNIFORM -> ./input/random_graphs/graph_700_18520_UNIFORM_7161906730445628483.txt (Time: 0.01s)
✓ Generated graph n=700, m=18520, seed=6224222471595207695, type=UNIFORM -> ./input/random_graphs/graph_700_18520_UNIFORM_6224222471595207695.txt (Time: 0.00s)
✓ Generated graph n=700, m=18520, seed=5636411189175451024, type=UNIFORM -> ./input/random_graphs/graph_700_18520_UNIFORM_5636411189175451024.txt (Time: 0.00s)
✓ Generated graph n=700, m=18520, seed=7921282862123281598, type=UNIFORM -> ./input/random_graphs/graph_700_18520_UNIFORM_7921282862123281598.txt (Time: 0.00s)
✓ Generated graph n=700, m=18520, seed=6614505080519948832, type=UNIFORM -> ./input/random_graphs/graph_700_18520_UNIFORM_6614505080519948832.txt (Time: 0.00s)
✓ Generated graph n=700, m=18520, seed=1647170069535670909, type=UNIFORM -> ./input/random_graphs/graph_700_18520_UNIFORM_1647170069535670909.txt (Time: 0.01s)
✓ Generated graph n=700, m=18520, seed=3272308573967577038, type=UNIFORM -> ./input/random_graphs/graph_700_18520_UNIFORM_3272308573967577038.txt (Time: 0.00s)
✓ Generated graph n=700, m=18520, seed=8718380604043999642, type=UNIFORM -> ./input/random_graphs/graph_700_18520_UNIFORM_8718380604043999642.txt (Time: 0.00s)
✓ Generated graph n=700, m=18520, seed=7917045922527545890, type=UNIFORM -> ./input/random_graphs/graph_700_18520_UNIFORM_7917045922527545890.txt (Time: 0.00s)
✓ Generated graph n=700, m=18520, seed=7938560551762094560, type=UNIFORM -> ./input/random_graphs/graph_700_18520_UNIFORM_7938560551762094560.txt (Time: 0.00s)
✓ Generated graph n=700, m=18520, seed=5063475852268941542, type=UNIFORM -> ./input/random_graphs/graph_700_18520_UNIFORM_5063475852268941542.txt (Time: 0.00s)
✓ Generated graph n=700, m=18520, seed=4445925461710302877, type=UNIFORM -> ./input/random_graphs/graph_700_18520_UNIFORM_4445925461710302877.txt (Time: 0.01s)
✓ Generated graph n=700, m=18520, seed=716820155901718944, type=UNIFORM -> ./input/random_graphs/graph_700_18520_UNIFORM_716820155901718944.txt (Time: 0.01s)
✓ Generated graph n=700, m=18520, seed=1128313391724783137, type=UNIFORM -> ./input/random_graphs/graph_700_18520_UNIFORM_1128313391724783137.txt (Time: 0.01s)
✓ Generated graph n=700, m=18520, seed=5349491008325879064, type=UNIFORM -> ./input/random_graphs/graph_700_18520_UNIFORM_5349491008325879064.txt (Time: 0.01s)
✓ Generated graph n=700, m=18520, seed=8446481348147407377, type=UNIFORM -> ./input/random_graphs/graph_700_18520_UNIFORM_8446481348147407377.txt (Time: 0.00s)
✓ Generated graph n=700, m=18520, seed=6529943913552561417, type=UNIFORM -> ./input/random_graphs/graph_700_18520_UNIFORM_6529943913552561417.txt (Time: 0.00s)
✓ Generated graph n=700, m=18520, seed=3817405844514670994, type=UNIFORM -> ./input/random_graphs/graph_700_18520_UNIFORM_3817405844514670994.txt (Time: 0.00s)
✓ Generated graph n=700, m=18520, seed=3865339568260874865, type=UNIFORM -> ./input/random_graphs/graph_700_18520_UNIFORM_3865339568260874865.txt (Time: 0.01s)
✓ Generated graph n=700, m=18520, seed=4997514996153925447, type=UNIFORM -> ./input/random_graphs/graph_700_18520_UNIFORM_4997514996153925447.txt (Time: 0.00s)
✓ Generated graph n=700, m=18520, seed=2909934787168262407, type=UNIFORM -> ./input/random_graphs/graph_700_18520_UNIFORM_2909934787168262407.txt (Time: 0.00s)
✓ Generated graph n=700, m=18520, seed=6764066939395682287, type=UNIFORM -> ./input/random_graphs/graph_700_18520_UNIFORM_6764066939395682287.txt (Time: 0.00s)
✓ Generated graph n=700, m=18520, seed=5108599054664628607, type=UNIFORM -> ./input/random_graphs/graph_700_18520_UNIFORM_5108599054664628607.txt (Time: 0.00s)
✓ Generated graph n=700, m=18520, seed=9130666990809746335, type=UNIFORM -> ./input/random_graphs/graph_700_18520_UNIFORM_9130666990809746335.txt (Time: 0.00s)
✓ Generated graph n=700, m=18520, seed=1170385908854608748, type=UNIFORM -> ./input/random_graphs/graph_700_18520_UNIFORM_1170385908854608748.txt (Time: 0.00s)
✓ Generated graph n=700, m=18520, seed=6022436717541034636, type=UNIFORM -> ./input/random_graphs/graph_700_18520_UNIFORM_6022436717541034636.txt (Time: 0.01s)
✓ Generated graph n=700, m=18520, seed=7644420139408884785, type=UNIFORM -> ./input/random_graphs/graph_700_18520_UNIFORM_7644420139408884785.txt (Time: 0.00s)
✓ Generated graph n=700, m=18520, seed=175493991617213850, type=UNIFORM -> ./input/random_graphs/graph_700_18520_UNIFORM_175493991617213850.txt (Time: 0.01s)
✓ Generated graph n=700, m=18520, seed=1392892770529522614, type=UNIFORM -> ./input/random_graphs/graph_700_18520_UNIFORM_1392892770529522614.txt (Time: 0.00s)
✓ Generated graph n=700, m=18520, seed=3713827327871807734, type=UNIFORM -> ./input/random_graphs/graph_700_18520_UNIFORM_3713827327871807734.txt (Time: 0.01s)
✓ Generated graph n=700, m=18520, seed=9060210648189963449, type=UNIFORM -> ./input/random_graphs/graph_700_18520_UNIFORM_9060210648189963449.txt (Time: 0.00s)
✓ Generated graph n=700, m=18520, seed=4250897495980125004, type=UNIFORM -> ./input/random_graphs/graph_700_18520_UNIFORM_4250897495980125004.txt (Time: 0.00s)
✓ Generated graph n=700, m=18520, seed=1458186392400727732, type=UNIFORM -> ./input/random_graphs/graph_700_18520_UNIFORM_1458186392400727732.txt (Time: 0.00s)
✓ Generated graph n=700, m=18520, seed=199422815561151340, type=UNIFORM -> ./input/random_graphs/graph_700_18520_UNIFORM_199422815561151340.txt (Time: 0.01s)
✓ Generated graph n=700, m=18520, seed=8794274795737982182, type=UNIFORM -> ./input/random_graphs/graph_700_18520_UNIFORM_8794274795737982182.txt (Time: 0.00s)
✓ Generated graph n=700, m=18520, seed=4060584409398689268, type=UNIFORM -> ./input/random_graphs/graph_700_18520_UNIFORM_4060584409398689268.txt (Time: 0.00s)
✓ Generated graph n=700, m=18520, seed=2089506265998900862, type=UNIFORM -> ./input/random_graphs/graph_700_18520_UNIFORM_2089506265998900862.txt (Time: 0.00s)
✓ Generated graph n=700, m=18520, seed=5497874167834979553, type=UNIFORM -> ./input/random_graphs/graph_700_18520_UNIFORM_5497874167834979553.txt (Time: 0.00s)
✓ Generated graph n=700, m=18520, seed=1332005502874566195, type=UNIFORM -> ./input/random_graphs/graph_700_18520_UNIFORM_1332005502874566195.txt (Time: 0.00s)
✓ Generated graph n=700, m=18520, seed=1722224698700348310, type=UNIFORM -> ./input/random_graphs/graph_700_18520_UNIFORM_1722224698700348310.txt (Time: 0.00s)
✓ Generated graph n=700, m=18520, seed=9059990922233379852, type=UNIFORM -> ./input/random_graphs/graph_700_18520_UNIFORM_9059990922233379852.txt (Time: 0.00s)
✓ Generated graph n=700, m=18520, seed=7449662661572224354, type=UNIFORM -> ./input/random_graphs/graph_700_18520_UNIFORM_7449662661572224354.txt (Time: 0.00s)
✓ Generated graph n=700, m=18520, seed=7118744415197196276, type=UNIFORM -> ./input/random_graphs/graph_700_18520_UNIFORM_7118744415197196276.txt (Time: 0.00s)
✓ Generated graph n=700, m=18520, seed=8626102704817790064, type=UNIFORM -> ./input/random_graphs/graph_700_18520_UNIFORM_8626102704817790064.txt (Time: 0.01s)
✓ Generated graph n=700, m=18520, seed=7905487461282246979, type=UNIFORM -> ./input/random_graphs/graph_700_18520_UNIFORM_7905487461282246979.txt (Time: 0.01s)
✓ Generated graph n=700, m=18520, seed=5894893360759659423, type=UNIFORM -> ./input/random_graphs/graph_700_18520_UNIFORM_5894893360759659423.txt (Time: 0.00s)
✓ Generated graph n=700, m=18520, seed=7983805977214098674, type=UNIFORM -> ./input/random_graphs/graph_700_18520_UNIFORM_7983805977214098674.txt (Time: 0.00s)
✓ Generated graph n=700, m=18520, seed=2718103348384927511, type=UNIFORM -> ./input/random_graphs/graph_700_18520_UNIFORM_2718103348384927511.txt (Time: 0.01s)
✓ Generated graph n=700, m=18520, seed=8448596294177070022, type=UNIFORM -> ./input/random_graphs/graph_700_18520_UNIFORM_8448596294177070022.txt (Time: 0.01s)
✓ Generated graph n=700, m=18520, seed=4934890601268679176, type=UNIFORM -> ./input/random_graphs/graph_700_18520_UNIFORM_4934890601268679176.txt (Time: 0.01s)
✓ Generated graph n=700, m=18520, seed=3221421291694197220, type=UNIFORM -> ./input/random_graphs/graph_700_18520_UNIFORM_3221421291694197220.txt (Time: 0.01s)
✓ Generated graph n=700, m=18520, seed=1992204328026194281, type=UNIFORM -> ./input/random_graphs/graph_700_18520_UNIFORM_1992204328026194281.txt (Time: 0.01s)
✓ Generated graph n=700, m=18520, seed=2264398621601381987, type=UNIFORM -> ./input/random_graphs/graph_700_18520_UNIFORM_2264398621601381987.txt (Time: 0.01s)
✓ Generated graph n=700, m=18520, seed=4940913311242578590, type=UNIFORM -> ./input/random_graphs/graph_700_18520_UNIFORM_4940913311242578590.txt (Time: 0.01s)
✓ Generated graph n=700, m=18520, seed=4795749165124911768, type=UNIFORM -> ./input/random_graphs/graph_700_18520_UNIFORM_4795749165124911768.txt (Time: 0.01s)
✓ Generated graph n=700, m=18520, seed=8867616339855336876, type=UNIFORM -> ./input/random_graphs/graph_700_18520_UNIFORM_8867616339855336876.txt (Time: 0.01s)
✓ Generated graph n=700, m=18520, seed=7632458674696225362, type=UNIFORM -> ./input/random_graphs/graph_700_18520_UNIFORM_7632458674696225362.txt (Time: 0.00s)
✓ Generated graph n=800, m=22627, seed=7871178979383552919, type=UNIFORM -> ./input/random_graphs/graph_800_22627_UNIFORM_7871178979383552919.txt (Time: 0.00s)
✓ Generated graph n=800, m=22627, seed=5739955973604961613, type=UNIFORM -> ./input/random_graphs/graph_800_22627_UNIFORM_5739955973604961613.txt (Time: 0.00s)
✓ Generated graph n=800, m=22627, seed=1353182403971399009, type=UNIFORM -> ./input/random_graphs/graph_800_22627_UNIFORM_1353182403971399009.txt (Time: 0.00s)
✓ Generated graph n=800, m=22627, seed=6938562734920028532, type=UNIFORM -> ./input/random_graphs/graph_800_22627_UNIFORM_6938562734920028532.txt (Time: 0.00s)
✓ Generated graph n=800, m=22627, seed=2429002973740178792, type=UNIFORM -> ./input/random_graphs/graph_800_22627_UNIFORM_2429002973740178792.txt (Time: 0.00s)
✓ Generated graph n=800, m=22627, seed=7599700178212337699, type=UNIFORM -> ./input/random_graphs/graph_800_22627_UNIFORM_7599700178212337699.txt (Time: 0.01s)
✓ Generated graph n=800, m=22627, seed=320375091487821987, type=UNIFORM -> ./input/random_graphs/graph_800_22627_UNIFORM_320375091487821987.txt (Time: 0.00s)
✓ Generated graph n=800, m=22627, seed=7663871783842725848, type=UNIFORM -> ./input/random_graphs/graph_800_22627_UNIFORM_7663871783842725848.txt (Time: 0.00s)
✓ Generated graph n=800, m=22627, seed=3881801951614183357, type=UNIFORM -> ./input/random_graphs/graph_800_22627_UNIFORM_3881801951614183357.txt (Time: 0.01s)
✓ Generated graph n=800, m=22627, seed=6230961512046992311, type=UNIFORM -> ./input/random_graphs/graph_800_22627_UNIFORM_6230961512046992311.txt (Time: 0.01s)
✓ Generated graph n=800, m=22627, seed=1070244953599069350, type=UNIFORM -> ./input/random_graphs/graph_800_22627_UNIFORM_1070244953599069350.txt (Time: 0.01s)
✓ Generated graph n=800, m=22627, seed=7146860528564146064, type=UNIFORM -> ./input/random_graphs/graph_800_22627_UNIFORM_7146860528564146064.txt (Time: 0.01s)
✓ Generated graph n=800, m=22627, seed=5906957480796939447, type=UNIFORM -> ./input/random_graphs/graph_800_22627_UNIFORM_5906957480796939447.txt (Time: 0.01s)
✓ Generated graph n=800, m=22627, seed=1309542850049879452, type=UNIFORM -> ./input/random_graphs/graph_800_22627_UNIFORM_1309542850049879452.txt (Time: 0.01s)
✓ Generated graph n=800, m=22627, seed=7032710160631691991, type=UNIFORM -> ./input/random_graphs/graph_800_22627_UNIFORM_7032710160631691991.txt (Time: 0.01s)
✓ Generated graph n=800, m=22627, seed=3010622984418968408, type=UNIFORM -> ./input/random_graphs/graph_800_22627_UNIFORM_3010622984418968408.txt (Time: 0.01s)
✓ Generated graph n=800, m=22627, seed=5708372698381010775, type=UNIFORM -> ./input/random_graphs/graph_800_22627_UNIFORM_5708372698381010775.txt (Time: 0.01s)
✓ Generated graph n=800, m=22627, seed=6002685213311538187, type=UNIFORM -> ./input/random_graphs/graph_800_22627_UNIFORM_6002685213311538187.txt (Time: 0.01s)
✓ Generated graph n=800, m=22627, seed=5142811650494845597, type=UNIFORM -> ./input/random_graphs/graph_800_22627_UNIFORM_5142811650494845597.txt (Time: 0.01s)
✓ Generated graph n=800, m=22627, seed=1250773459040295677, type=UNIFORM -> ./input/random_graphs/graph_800_22627_UNIFORM_1250773459040295677.txt (Time: 0.01s)
✓ Generated graph n=800, m=22627, seed=6522163754831416203, type=UNIFORM -> ./input/random_graphs/graph_800_22627_UNIFORM_6522163754831416203.txt (Time: 0.01s)
✓ Generated graph n=800, m=22627, seed=4040737767143389431, type=UNIFORM -> ./input/random_graphs/graph_800_22627_UNIFORM_4040737767143389431.txt (Time: 0.01s)
✓ Generated graph n=800, m=22627, seed=521787134863155063, type=UNIFORM -> ./input/random_graphs/graph_800_22627_UNIFORM_521787134863155063.txt (Time: 0.01s)
✓ Generated graph n=800, m=22627, seed=3438400432146115956, type=UNIFORM -> ./input/random_graphs/graph_800_22627_UNIFORM_3438400432146115956.txt (Time: 0.01s)
✓ Generated graph n=800, m=22627, seed=5139481885857321791, type=UNIFORM -> ./input/random_graphs/graph_800_22627_UNIFORM_5139481885857321791.txt (Time: 0.01s)
✓ Generated graph n=800, m=22627, seed=1250005700364523649, type=UNIFORM -> ./input/random_graphs/graph_800_22627_UNIFORM_1250005700364523649.txt (Time: 0.01s)
✓ Generated graph n=800, m=22627, seed=7473196763798409428, type=UNIFORM -> ./input/random_graphs/graph_800_22627_UNIFORM_7473196763798409428.txt (Time: 0.01s)
✓ Generated graph n=800, m=22627, seed=7029781962072644698, type=UNIFORM -> ./input/random_graphs/graph_800_22627_UNIFORM_7029781962072644698.txt (Time: 0.00s)
✓ Generated graph n=800, m=22627, seed=6785030173969523435, type=UNIFORM -> ./input/random_graphs/graph_800_22627_UNIFORM_6785030173969523435.txt (Time: 0.00s)
✓ Generated graph n=800, m=22627, seed=1024517563182776983, type=UNIFORM -> ./input/random_graphs/graph_800_22627_UNIFORM_1024517563182776983.txt (Time: 0.00s)
✓ Generated graph n=800, m=22627, seed=1731523882129807996, type=UNIFORM -> ./input/random_graphs/graph_800_22627_UNIFORM_1731523882129807996.txt (Time: 0.01s)
✓ Generated graph n=800, m=22627, seed=3224265581699847191, type=UNIFORM -> ./input/random_graphs/graph_800_22627_UNIFORM_3224265581699847191.txt (Time: 0.00s)
✓ Generated graph n=800, m=22627, seed=1853590723603270879, type=UNIFORM -> ./input/random_graphs/graph_800_22627_UNIFORM_1853590723603270879.txt (Time: 0.01s)
✓ Generated graph n=800, m=22627, seed=5258051056098597521, type=UNIFORM -> ./input/random_graphs/graph_800_22627_UNIFORM_5258051056098597521.txt (Time: 0.00s)
✓ Generated graph n=800, m=22627, seed=5529616217668449934, type=UNIFORM -> ./input/random_graphs/graph_800_22627_UNIFORM_5529616217668449934.txt (Time: 0.01s)
✓ Generated graph n=800, m=22627, seed=7706236040662210848, type=UNIFORM -> ./input/random_graphs/graph_800_22627_UNIFORM_7706236040662210848.txt (Time: 0.00s)
✓ Generated graph n=800, m=22627, seed=1632192924771168275, type=UNIFORM -> ./input/random_graphs/graph_800_22627_UNIFORM_1632192924771168275.txt (Time: 0.00s)
✓ Generated graph n=800, m=22627, seed=824387247617288499, type=UNIFORM -> ./input/random_graphs/graph_800_22627_UNIFORM_824387247617288499.txt (Time: 0.01s)
✓ Generated graph n=800, m=22627, seed=6802378520969450157, type=UNIFORM -> ./input/random_graphs/graph_800_22627_UNIFORM_6802378520969450157.txt (Time: 0.00s)
✓ Generated graph n=800, m=22627, seed=7161906730445628483, type=UNIFORM -> ./input/random_graphs/graph_800_22627_UNIFORM_7161906730445628483.txt (Time: 0.01s)
✓ Generated graph n=800, m=22627, seed=8031431416522537101, type=UNIFORM -> ./input/random_graphs/graph_800_22627_UNIFORM_8031431416522537101.txt (Time: 0.00s)
✓ Generated graph n=800, m=22627, seed=4122784633514911760, type=UNIFORM -> ./input/random_graphs/graph_800_22627_UNIFORM_4122784633514911760.txt (Time: 0.01s)
✓ Generated graph n=800, m=22627, seed=6143643868734370809, type=UNIFORM -> ./input/random_graphs/graph_800_22627_UNIFORM_6143643868734370809.txt (Time: 0.00s)
✓ Generated graph n=800, m=22627, seed=3272308573967577038, type=UNIFORM -> ./input/random_graphs/graph_800_22627_UNIFORM_3272308573967577038.txt (Time: 0.00s)
✓ Generated graph n=800, m=22627, seed=5636411189175451024, type=UNIFORM -> ./input/random_graphs/graph_800_22627_UNIFORM_5636411189175451024.txt (Time: 0.00s)
✓ Generated graph n=800, m=22627, seed=4552998297316576788, type=UNIFORM -> ./input/random_graphs/graph_800_22627_UNIFORM_4552998297316576788.txt (Time: 0.01s)
✓ Generated graph n=800, m=22627, seed=5349491008325879064, type=UNIFORM -> ./input/random_graphs/graph_800_22627_UNIFORM_5349491008325879064.txt (Time: 0.00s)
✓ Generated graph n=800, m=22627, seed=1647170069535670909, type=UNIFORM -> ./input/random_graphs/graph_800_22627_UNIFORM_1647170069535670909.txt (Time: 0.01s)
✓ Generated graph n=800, m=22627, seed=7938560551762094560, type=UNIFORM -> ./input/random_graphs/graph_800_22627_UNIFORM_7938560551762094560.txt (Time: 0.00s)
✓ Generated graph n=800, m=22627, seed=6614505080519948832, type=UNIFORM -> ./input/random_graphs/graph_800_22627_UNIFORM_6614505080519948832.txt (Time: 0.00s)
✓ Generated graph n=800, m=22627, seed=7917045922527545890, type=UNIFORM -> ./input/random_graphs/graph_800_22627_UNIFORM_7917045922527545890.txt (Time: 0.01s)
✓ Generated graph n=800, m=22627, seed=3865339568260874865, type=UNIFORM -> ./input/random_graphs/graph_800_22627_UNIFORM_3865339568260874865.txt (Time: 0.00s)
✓ Generated graph n=800, m=22627, seed=4445925461710302877, type=UNIFORM -> ./input/random_graphs/graph_800_22627_UNIFORM_4445925461710302877.txt (Time: 0.00s)
✓ Generated graph n=800, m=22627, seed=1128313391724783137, type=UNIFORM -> ./input/random_graphs/graph_800_22627_UNIFORM_1128313391724783137.txt (Time: 0.00s)
✓ Generated graph n=800, m=22627, seed=716820155901718944, type=UNIFORM -> ./input/random_graphs/graph_800_22627_UNIFORM_716820155901718944.txt (Time: 0.00s)
✓ Generated graph n=800, m=22627, seed=6224222471595207695, type=UNIFORM -> ./input/random_graphs/graph_800_22627_UNIFORM_6224222471595207695.txt (Time: 0.00s)
✓ Generated graph n=800, m=22627, seed=8718380604043999642, type=UNIFORM -> ./input/random_graphs/graph_800_22627_UNIFORM_8718380604043999642.txt (Time: 0.00s)
✓ Generated graph n=800, m=22627, seed=7921282862123281598, type=UNIFORM -> ./input/random_graphs/graph_800_22627_UNIFORM_7921282862123281598.txt (Time: 0.01s)
✓ Generated graph n=800, m=22627, seed=5063475852268941542, type=UNIFORM -> ./input/random_graphs/graph_800_22627_UNIFORM_5063475852268941542.txt (Time: 0.00s)
✓ Generated graph n=800, m=22627, seed=4997514996153925447, type=UNIFORM -> ./input/random_graphs/graph_800_22627_UNIFORM_4997514996153925447.txt (Time: 0.00s)
✓ Generated graph n=800, m=22627, seed=2909934787168262407, type=UNIFORM -> ./input/random_graphs/graph_800_22627_UNIFORM_2909934787168262407.txt (Time: 0.00s)
✓ Generated graph n=800, m=22627, seed=8446481348147407377, type=UNIFORM -> ./input/random_graphs/graph_800_22627_UNIFORM_8446481348147407377.txt (Time: 0.00s)
✓ Generated graph n=800, m=22627, seed=9130666990809746335, type=UNIFORM -> ./input/random_graphs/graph_800_22627_UNIFORM_9130666990809746335.txt (Time: 0.00s)
✓ Generated graph n=800, m=22627, seed=3817405844514670994, type=UNIFORM -> ./input/random_graphs/graph_800_22627_UNIFORM_3817405844514670994.txt (Time: 0.01s)
✓ Generated graph n=800, m=22627, seed=1392892770529522614, type=UNIFORM -> ./input/random_graphs/graph_800_22627_UNIFORM_1392892770529522614.txt (Time: 0.00s)
✓ Generated graph n=800, m=22627, seed=199422815561151340, type=UNIFORM -> ./input/random_graphs/graph_800_22627_UNIFORM_199422815561151340.txt (Time: 0.01s)
✓ Generated graph n=800, m=22627, seed=6022436717541034636, type=UNIFORM -> ./input/random_graphs/graph_800_22627_UNIFORM_6022436717541034636.txt (Time: 0.01s)
✓ Generated graph n=800, m=22627, seed=5108599054664628607, type=UNIFORM -> ./input/random_graphs/graph_800_22627_UNIFORM_5108599054664628607.txt (Time: 0.01s)
✓ Generated graph n=800, m=22627, seed=3713827327871807734, type=UNIFORM -> ./input/random_graphs/graph_800_22627_UNIFORM_3713827327871807734.txt (Time: 0.01s)
✓ Generated graph n=800, m=22627, seed=1170385908854608748, type=UNIFORM -> ./input/random_graphs/graph_800_22627_UNIFORM_1170385908854608748.txt (Time: 0.01s)
✓ Generated graph n=800, m=22627, seed=7644420139408884785, type=UNIFORM -> ./input/random_graphs/graph_800_22627_UNIFORM_7644420139408884785.txt (Time: 0.01s)
✓ Generated graph n=800, m=22627, seed=1458186392400727732, type=UNIFORM -> ./input/random_graphs/graph_800_22627_UNIFORM_1458186392400727732.txt (Time: 0.01s)
✓ Generated graph n=800, m=22627, seed=6764066939395682287, type=UNIFORM -> ./input/random_graphs/graph_800_22627_UNIFORM_6764066939395682287.txt (Time: 0.01s)
✓ Generated graph n=800, m=22627, seed=175493991617213850, type=UNIFORM -> ./input/random_graphs/graph_800_22627_UNIFORM_175493991617213850.txt (Time: 0.01s)
✓ Generated graph n=800, m=22627, seed=6529943913552561417, type=UNIFORM -> ./input/random_graphs/graph_800_22627_UNIFORM_6529943913552561417.txt (Time: 0.01s)
✓ Generated graph n=800, m=22627, seed=2089506265998900862, type=UNIFORM -> ./input/random_graphs/graph_800_22627_UNIFORM_2089506265998900862.txt (Time: 0.00s)
✓ Generated graph n=800, m=22627, seed=5497874167834979553, type=UNIFORM -> ./input/random_graphs/graph_800_22627_UNIFORM_5497874167834979553.txt (Time: 0.00s)
✓ Generated graph n=800, m=22627, seed=8794274795737982182, type=UNIFORM -> ./input/random_graphs/graph_800_22627_UNIFORM_8794274795737982182.txt (Time: 0.00s)
✓ Generated graph n=800, m=22627, seed=4250897495980125004, type=UNIFORM -> ./input/random_graphs/graph_800_22627_UNIFORM_4250897495980125004.txt (Time: 0.00s)
✓ Generated graph n=800, m=22627, seed=1332005502874566195, type=UNIFORM -> ./input/random_graphs/graph_800_22627_UNIFORM_1332005502874566195.txt (Time: 0.00s)
✓ Generated graph n=800, m=22627, seed=1722224698700348310, type=UNIFORM -> ./input/random_graphs/graph_800_22627_UNIFORM_1722224698700348310.txt (Time: 0.00s)
✓ Generated graph n=800, m=22627, seed=9060210648189963449, type=UNIFORM -> ./input/random_graphs/graph_800_22627_UNIFORM_9060210648189963449.txt (Time: 0.01s)
✓ Generated graph n=800, m=22627, seed=7905487461282246979, type=UNIFORM -> ./input/random_graphs/graph_800_22627_UNIFORM_7905487461282246979.txt (Time: 0.00s)
✓ Generated graph n=800, m=22627, seed=8626102704817790064, type=UNIFORM -> ./input/random_graphs/graph_800_22627_UNIFORM_8626102704817790064.txt (Time: 0.00s)
✓ Generated graph n=800, m=22627, seed=4060584409398689268, type=UNIFORM -> ./input/random_graphs/graph_800_22627_UNIFORM_4060584409398689268.txt (Time: 0.01s)
✓ Generated graph n=800, m=22627, seed=8448596294177070022, type=UNIFORM -> ./input/random_graphs/graph_800_22627_UNIFORM_8448596294177070022.txt (Time: 0.00s)
✓ Generated graph n=800, m=22627, seed=4795749165124911768, type=UNIFORM -> ./input/random_graphs/graph_800_22627_UNIFORM_4795749165124911768.txt (Time: 0.00s)
✓ Generated graph n=800, m=22627, seed=7118744415197196276, type=UNIFORM -> ./input/random_graphs/graph_800_22627_UNIFORM_7118744415197196276.txt (Time: 0.00s)
✓ Generated graph n=800, m=22627, seed=1992204328026194281, type=UNIFORM -> ./input/random_graphs/graph_800_22627_UNIFORM_1992204328026194281.txt (Time: 0.00s)
✓ Generated graph n=800, m=22627, seed=4934890601268679176, type=UNIFORM -> ./input/random_graphs/graph_800_22627_UNIFORM_4934890601268679176.txt (Time: 0.00s)
✓ Generated graph n=800, m=22627, seed=2718103348384927511, type=UNIFORM -> ./input/random_graphs/graph_800_22627_UNIFORM_2718103348384927511.txt (Time: 0.00s)
✓ Generated graph n=800, m=22627, seed=9059990922233379852, type=UNIFORM -> ./input/random_graphs/graph_800_22627_UNIFORM_9059990922233379852.txt (Time: 0.00s)
✓ Generated graph n=800, m=22627, seed=7449662661572224354, type=UNIFORM -> ./input/random_graphs/graph_800_22627_UNIFORM_7449662661572224354.txt (Time: 0.00s)
✓ Generated graph n=800, m=22627, seed=3221421291694197220, type=UNIFORM -> ./input/random_graphs/graph_800_22627_UNIFORM_3221421291694197220.txt (Time: 0.00s)
✓ Generated graph n=800, m=22627, seed=8867616339855336876, type=UNIFORM -> ./input/random_graphs/graph_800_22627_UNIFORM_8867616339855336876.txt (Time: 0.00s)
✓ Generated graph n=800, m=22627, seed=5894893360759659423, type=UNIFORM -> ./input/random_graphs/graph_800_22627_UNIFORM_5894893360759659423.txt (Time: 0.00s)
✓ Generated graph n=800, m=22627, seed=4940913311242578590, type=UNIFORM -> ./input/random_graphs/graph_800_22627_UNIFORM_4940913311242578590.txt (Time: 0.01s)
✓ Generated graph n=900, m=27000, seed=5739955973604961613, type=UNIFORM -> ./input/random_graphs/graph_900_27000_UNIFORM_5739955973604961613.txt (Time: 0.01s)
✓ Generated graph n=800, m=22627, seed=2264398621601381987, type=UNIFORM -> ./input/random_graphs/graph_800_22627_UNIFORM_2264398621601381987.txt (Time: 0.01s)
✓ Generated graph n=800, m=22627, seed=7983805977214098674, type=UNIFORM -> ./input/random_graphs/graph_800_22627_UNIFORM_7983805977214098674.txt (Time: 0.01s)
✓ Generated graph n=900, m=27000, seed=6230961512046992311, type=UNIFORM -> ./input/random_graphs/graph_900_27000_UNIFORM_6230961512046992311.txt (Time: 0.01s)
✓ Generated graph n=800, m=22627, seed=7632458674696225362, type=UNIFORM -> ./input/random_graphs/graph_800_22627_UNIFORM_7632458674696225362.txt (Time: 0.01s)
✓ Generated graph n=900, m=27000, seed=7871178979383552919, type=UNIFORM -> ./input/random_graphs/graph_900_27000_UNIFORM_7871178979383552919.txt (Time: 0.01s)
✓ Generated graph n=900, m=27000, seed=7599700178212337699, type=UNIFORM -> ./input/random_graphs/graph_900_27000_UNIFORM_7599700178212337699.txt (Time: 0.01s)
✓ Generated graph n=900, m=27000, seed=7032710160631691991, type=UNIFORM -> ./input/random_graphs/graph_900_27000_UNIFORM_7032710160631691991.txt (Time: 0.01s)
✓ Generated graph n=900, m=27000, seed=3881801951614183357, type=UNIFORM -> ./input/random_graphs/graph_900_27000_UNIFORM_3881801951614183357.txt (Time: 0.01s)
✓ Generated graph n=900, m=27000, seed=1070244953599069350, type=UNIFORM -> ./input/random_graphs/graph_900_27000_UNIFORM_1070244953599069350.txt (Time: 0.00s)
✓ Generated graph n=900, m=27000, seed=1353182403971399009, type=UNIFORM -> ./input/random_graphs/graph_900_27000_UNIFORM_1353182403971399009.txt (Time: 0.01s)
✓ Generated graph n=900, m=27000, seed=2429002973740178792, type=UNIFORM -> ./input/random_graphs/graph_900_27000_UNIFORM_2429002973740178792.txt (Time: 0.01s)
✓ Generated graph n=900, m=27000, seed=1250005700364523649, type=UNIFORM -> ./input/random_graphs/graph_900_27000_UNIFORM_1250005700364523649.txt (Time: 0.01s)
✓ Generated graph n=900, m=27000, seed=4040737767143389431, type=UNIFORM -> ./input/random_graphs/graph_900_27000_UNIFORM_4040737767143389431.txt (Time: 0.01s)
✓ Generated graph n=900, m=27000, seed=6522163754831416203, type=UNIFORM -> ./input/random_graphs/graph_900_27000_UNIFORM_6522163754831416203.txt (Time: 0.01s)
✓ Generated graph n=900, m=27000, seed=5906957480796939447, type=UNIFORM -> ./input/random_graphs/graph_900_27000_UNIFORM_5906957480796939447.txt (Time: 0.01s)
✓ Generated graph n=900, m=27000, seed=7663871783842725848, type=UNIFORM -> ./input/random_graphs/graph_900_27000_UNIFORM_7663871783842725848.txt (Time: 0.01s)
✓ Generated graph n=900, m=27000, seed=3010622984418968408, type=UNIFORM -> ./input/random_graphs/graph_900_27000_UNIFORM_3010622984418968408.txt (Time: 0.01s)
✓ Generated graph n=900, m=27000, seed=3438400432146115956, type=UNIFORM -> ./input/random_graphs/graph_900_27000_UNIFORM_3438400432146115956.txt (Time: 0.01s)
✓ Generated graph n=900, m=27000, seed=6938562734920028532, type=UNIFORM -> ./input/random_graphs/graph_900_27000_UNIFORM_6938562734920028532.txt (Time: 0.01s)
✓ Generated graph n=900, m=27000, seed=5142811650494845597, type=UNIFORM -> ./input/random_graphs/graph_900_27000_UNIFORM_5142811650494845597.txt (Time: 0.01s)
✓ Generated graph n=900, m=27000, seed=7473196763798409428, type=UNIFORM -> ./input/random_graphs/graph_900_27000_UNIFORM_7473196763798409428.txt (Time: 0.01s)
✓ Generated graph n=900, m=27000, seed=5139481885857321791, type=UNIFORM -> ./input/random_graphs/graph_900_27000_UNIFORM_5139481885857321791.txt (Time: 0.01s)
✓ Generated graph n=900, m=27000, seed=5708372698381010775, type=UNIFORM -> ./input/random_graphs/graph_900_27000_UNIFORM_5708372698381010775.txt (Time: 0.01s)
✓ Generated graph n=900, m=27000, seed=1731523882129807996, type=UNIFORM -> ./input/random_graphs/graph_900_27000_UNIFORM_1731523882129807996.txt (Time: 0.01s)
✓ Generated graph n=900, m=27000, seed=1309542850049879452, type=UNIFORM -> ./input/random_graphs/graph_900_27000_UNIFORM_1309542850049879452.txt (Time: 0.01s)
✓ Generated graph n=900, m=27000, seed=521787134863155063, type=UNIFORM -> ./input/random_graphs/graph_900_27000_UNIFORM_521787134863155063.txt (Time: 0.01s)
✓ Generated graph n=900, m=27000, seed=6785030173969523435, type=UNIFORM -> ./input/random_graphs/graph_900_27000_UNIFORM_6785030173969523435.txt (Time: 0.01s)
✓ Generated graph n=900, m=27000, seed=5529616217668449934, type=UNIFORM -> ./input/random_graphs/graph_900_27000_UNIFORM_5529616217668449934.txt (Time: 0.01s)
✓ Generated graph n=900, m=27000, seed=1853590723603270879, type=UNIFORM -> ./input/random_graphs/graph_900_27000_UNIFORM_1853590723603270879.txt (Time: 0.01s)
✓ Generated graph n=900, m=27000, seed=7146860528564146064, type=UNIFORM -> ./input/random_graphs/graph_900_27000_UNIFORM_7146860528564146064.txt (Time: 0.01s)
✓ Generated graph n=900, m=27000, seed=1250773459040295677, type=UNIFORM -> ./input/random_graphs/graph_900_27000_UNIFORM_1250773459040295677.txt (Time: 0.01s)
✓ Generated graph n=900, m=27000, seed=1024517563182776983, type=UNIFORM -> ./input/random_graphs/graph_900_27000_UNIFORM_1024517563182776983.txt (Time: 0.01s)
✓ Generated graph n=900, m=27000, seed=3224265581699847191, type=UNIFORM -> ./input/random_graphs/graph_900_27000_UNIFORM_3224265581699847191.txt (Time: 0.01s)
✓ Generated graph n=900, m=27000, seed=320375091487821987, type=UNIFORM -> ./input/random_graphs/graph_900_27000_UNIFORM_320375091487821987.txt (Time: 0.01s)
✓ Generated graph n=900, m=27000, seed=6002685213311538187, type=UNIFORM -> ./input/random_graphs/graph_900_27000_UNIFORM_6002685213311538187.txt (Time: 0.01s)
✓ Generated graph n=900, m=27000, seed=4122784633514911760, type=UNIFORM -> ./input/random_graphs/graph_900_27000_UNIFORM_4122784633514911760.txt (Time: 0.01s)
✓ Generated graph n=900, m=27000, seed=7029781962072644698, type=UNIFORM -> ./input/random_graphs/graph_900_27000_UNIFORM_7029781962072644698.txt (Time: 0.01s)
✓ Generated graph n=900, m=27000, seed=824387247617288499, type=UNIFORM -> ./input/random_graphs/graph_900_27000_UNIFORM_824387247617288499.txt (Time: 0.00s)
✓ Generated graph n=900, m=27000, seed=1632192924771168275, type=UNIFORM -> ./input/random_graphs/graph_900_27000_UNIFORM_1632192924771168275.txt (Time: 0.00s)
✓ Generated graph n=900, m=27000, seed=1647170069535670909, type=UNIFORM -> ./input/random_graphs/graph_900_27000_UNIFORM_1647170069535670909.txt (Time: 0.01s)
✓ Generated graph n=900, m=27000, seed=6802378520969450157, type=UNIFORM -> ./input/random_graphs/graph_900_27000_UNIFORM_6802378520969450157.txt (Time: 0.01s)
✓ Generated graph n=900, m=27000, seed=4552998297316576788, type=UNIFORM -> ./input/random_graphs/graph_900_27000_UNIFORM_4552998297316576788.txt (Time: 0.01s)
✓ Generated graph n=900, m=27000, seed=8031431416522537101, type=UNIFORM -> ./input/random_graphs/graph_900_27000_UNIFORM_8031431416522537101.txt (Time: 0.01s)
✓ Generated graph n=900, m=27000, seed=3272308573967577038, type=UNIFORM -> ./input/random_graphs/graph_900_27000_UNIFORM_3272308573967577038.txt (Time: 0.01s)
✓ Generated graph n=900, m=27000, seed=7706236040662210848, type=UNIFORM -> ./input/random_graphs/graph_900_27000_UNIFORM_7706236040662210848.txt (Time: 0.01s)
✓ Generated graph n=900, m=27000, seed=7161906730445628483, type=UNIFORM -> ./input/random_graphs/graph_900_27000_UNIFORM_7161906730445628483.txt (Time: 0.01s)
✓ Generated graph n=900, m=27000, seed=5258051056098597521, type=UNIFORM -> ./input/random_graphs/graph_900_27000_UNIFORM_5258051056098597521.txt (Time: 0.01s)
✓ Generated graph n=900, m=27000, seed=3865339568260874865, type=UNIFORM -> ./input/random_graphs/graph_900_27000_UNIFORM_3865339568260874865.txt (Time: 0.00s)
✓ Generated graph n=900, m=27000, seed=6614505080519948832, type=UNIFORM -> ./input/random_graphs/graph_900_27000_UNIFORM_6614505080519948832.txt (Time: 0.01s)
✓ Generated graph n=900, m=27000, seed=7917045922527545890, type=UNIFORM -> ./input/random_graphs/graph_900_27000_UNIFORM_7917045922527545890.txt (Time: 0.01s)
✓ Generated graph n=900, m=27000, seed=6143643868734370809, type=UNIFORM -> ./input/random_graphs/graph_900_27000_UNIFORM_6143643868734370809.txt (Time: 0.01s)
✓ Generated graph n=900, m=27000, seed=4445925461710302877, type=UNIFORM -> ./input/random_graphs/graph_900_27000_UNIFORM_4445925461710302877.txt (Time: 0.01s)
✓ Generated graph n=900, m=27000, seed=5636411189175451024, type=UNIFORM -> ./input/random_graphs/graph_900_27000_UNIFORM_5636411189175451024.txt (Time: 0.01s)
✓ Generated graph n=900, m=27000, seed=7938560551762094560, type=UNIFORM -> ./input/random_graphs/graph_900_27000_UNIFORM_7938560551762094560.txt (Time: 0.01s)
✓ Generated graph n=900, m=27000, seed=5349491008325879064, type=UNIFORM -> ./input/random_graphs/graph_900_27000_UNIFORM_5349491008325879064.txt (Time: 0.01s)
✓ Generated graph n=900, m=27000, seed=7921282862123281598, type=UNIFORM -> ./input/random_graphs/graph_900_27000_UNIFORM_7921282862123281598.txt (Time: 0.01s)
✓ Generated graph n=900, m=27000, seed=6224222471595207695, type=UNIFORM -> ./input/random_graphs/graph_900_27000_UNIFORM_6224222471595207695.txt (Time: 0.01s)
✓ Generated graph n=900, m=27000, seed=1128313391724783137, type=UNIFORM -> ./input/random_graphs/graph_900_27000_UNIFORM_1128313391724783137.txt (Time: 0.01s)
✓ Generated graph n=900, m=27000, seed=5063475852268941542, type=UNIFORM -> ./input/random_graphs/graph_900_27000_UNIFORM_5063475852268941542.txt (Time: 0.01s)
✓ Generated graph n=900, m=27000, seed=716820155901718944, type=UNIFORM -> ./input/random_graphs/graph_900_27000_UNIFORM_716820155901718944.txt (Time: 0.01s)
✓ Generated graph n=900, m=27000, seed=4997514996153925447, type=UNIFORM -> ./input/random_graphs/graph_900_27000_UNIFORM_4997514996153925447.txt (Time: 0.01s)
✓ Generated graph n=900, m=27000, seed=8446481348147407377, type=UNIFORM -> ./input/random_graphs/graph_900_27000_UNIFORM_8446481348147407377.txt (Time: 0.01s)
✓ Generated graph n=900, m=27000, seed=1170385908854608748, type=UNIFORM -> ./input/random_graphs/graph_900_27000_UNIFORM_1170385908854608748.txt (Time: 0.01s)
✓ Generated graph n=900, m=27000, seed=3817405844514670994, type=UNIFORM -> ./input/random_graphs/graph_900_27000_UNIFORM_3817405844514670994.txt (Time: 0.01s)
✓ Generated graph n=900, m=27000, seed=6529943913552561417, type=UNIFORM -> ./input/random_graphs/graph_900_27000_UNIFORM_6529943913552561417.txt (Time: 0.01s)
✓ Generated graph n=900, m=27000, seed=6022436717541034636, type=UNIFORM -> ./input/random_graphs/graph_900_27000_UNIFORM_6022436717541034636.txt (Time: 0.01s)
✓ Generated graph n=900, m=27000, seed=8718380604043999642, type=UNIFORM -> ./input/random_graphs/graph_900_27000_UNIFORM_8718380604043999642.txt (Time: 0.01s)
✓ Generated graph n=900, m=27000, seed=175493991617213850, type=UNIFORM -> ./input/random_graphs/graph_900_27000_UNIFORM_175493991617213850.txt (Time: 0.01s)
✓ Generated graph n=900, m=27000, seed=3713827327871807734, type=UNIFORM -> ./input/random_graphs/graph_900_27000_UNIFORM_3713827327871807734.txt (Time: 0.01s)
✓ Generated graph n=900, m=27000, seed=199422815561151340, type=UNIFORM -> ./input/random_graphs/graph_900_27000_UNIFORM_199422815561151340.txt (Time: 0.01s)
✓ Generated graph n=900, m=27000, seed=7644420139408884785, type=UNIFORM -> ./input/random_graphs/graph_900_27000_UNIFORM_7644420139408884785.txt (Time: 0.01s)
✓ Generated graph n=900, m=27000, seed=6764066939395682287, type=UNIFORM -> ./input/random_graphs/graph_900_27000_UNIFORM_6764066939395682287.txt (Time: 0.01s)
✓ Generated graph n=900, m=27000, seed=9130666990809746335, type=UNIFORM -> ./input/random_graphs/graph_900_27000_UNIFORM_9130666990809746335.txt (Time: 0.01s)
✓ Generated graph n=900, m=27000, seed=4250897495980125004, type=UNIFORM -> ./input/random_graphs/graph_900_27000_UNIFORM_4250897495980125004.txt (Time: 0.01s)
✓ Generated graph n=900, m=27000, seed=1392892770529522614, type=UNIFORM -> ./input/random_graphs/graph_900_27000_UNIFORM_1392892770529522614.txt (Time: 0.01s)
✓ Generated graph n=900, m=27000, seed=5497874167834979553, type=UNIFORM -> ./input/random_graphs/graph_900_27000_UNIFORM_5497874167834979553.txt (Time: 0.01s)
✓ Generated graph n=900, m=27000, seed=2089506265998900862, type=UNIFORM -> ./input/random_graphs/graph_900_27000_UNIFORM_2089506265998900862.txt (Time: 0.01s)
✓ Generated graph n=900, m=27000, seed=4060584409398689268, type=UNIFORM -> ./input/random_graphs/graph_900_27000_UNIFORM_4060584409398689268.txt (Time: 0.00s)
✓ Generated graph n=900, m=27000, seed=1332005502874566195, type=UNIFORM -> ./input/random_graphs/graph_900_27000_UNIFORM_1332005502874566195.txt (Time: 0.01s)
✓ Generated graph n=900, m=27000, seed=2909934787168262407, type=UNIFORM -> ./input/random_graphs/graph_900_27000_UNIFORM_2909934787168262407.txt (Time: 0.01s)
✓ Generated graph n=900, m=27000, seed=8626102704817790064, type=UNIFORM -> ./input/random_graphs/graph_900_27000_UNIFORM_8626102704817790064.txt (Time: 0.01s)
✓ Generated graph n=900, m=27000, seed=7905487461282246979, type=UNIFORM -> ./input/random_graphs/graph_900_27000_UNIFORM_7905487461282246979.txt (Time: 0.01s)
✓ Generated graph n=900, m=27000, seed=1722224698700348310, type=UNIFORM -> ./input/random_graphs/graph_900_27000_UNIFORM_1722224698700348310.txt (Time: 0.01s)
✓ Generated graph n=900, m=27000, seed=4795749165124911768, type=UNIFORM -> ./input/random_graphs/graph_900_27000_UNIFORM_4795749165124911768.txt (Time: 0.01s)
✓ Generated graph n=900, m=27000, seed=8448596294177070022, type=UNIFORM -> ./input/random_graphs/graph_900_27000_UNIFORM_8448596294177070022.txt (Time: 0.01s)
✓ Generated graph n=900, m=27000, seed=4934890601268679176, type=UNIFORM -> ./input/random_graphs/graph_900_27000_UNIFORM_4934890601268679176.txt (Time: 0.01s)
✓ Generated graph n=900, m=27000, seed=9060210648189963449, type=UNIFORM -> ./input/random_graphs/graph_900_27000_UNIFORM_9060210648189963449.txt (Time: 0.01s)
✓ Generated graph n=900, m=27000, seed=5108599054664628607, type=UNIFORM -> ./input/random_graphs/graph_900_27000_UNIFORM_5108599054664628607.txt (Time: 0.01s)
✓ Generated graph n=900, m=27000, seed=1992204328026194281, type=UNIFORM -> ./input/random_graphs/graph_900_27000_UNIFORM_1992204328026194281.txt (Time: 0.01s)
✓ Generated graph n=900, m=27000, seed=8794274795737982182, type=UNIFORM -> ./input/random_graphs/graph_900_27000_UNIFORM_8794274795737982182.txt (Time: 0.01s)
✓ Generated graph n=900, m=27000, seed=2718103348384927511, type=UNIFORM -> ./input/random_graphs/graph_900_27000_UNIFORM_2718103348384927511.txt (Time: 0.01s)
✓ Generated graph n=900, m=27000, seed=7118744415197196276, type=UNIFORM -> ./input/random_graphs/graph_900_27000_UNIFORM_7118744415197196276.txt (Time: 0.01s)
✓ Generated graph n=900, m=27000, seed=1458186392400727732, type=UNIFORM -> ./input/random_graphs/graph_900_27000_UNIFORM_1458186392400727732.txt (Time: 0.01s)
✓ Generated graph n=900, m=27000, seed=7449662661572224354, type=UNIFORM -> ./input/random_graphs/graph_900_27000_UNIFORM_7449662661572224354.txt (Time: 0.01s)
✓ Generated graph n=900, m=27000, seed=8867616339855336876, type=UNIFORM -> ./input/random_graphs/graph_900_27000_UNIFORM_8867616339855336876.txt (Time: 0.01s)
✓ Generated graph n=900, m=27000, seed=2264398621601381987, type=UNIFORM -> ./input/random_graphs/graph_900_27000_UNIFORM_2264398621601381987.txt (Time: 0.01s)
✓ Generated graph n=900, m=27000, seed=9059990922233379852, type=UNIFORM -> ./input/random_graphs/graph_900_27000_UNIFORM_9059990922233379852.txt (Time: 0.01s)
✓ Generated graph n=1000, m=31622, seed=6230961512046992311, type=UNIFORM -> ./input/random_graphs/graph_1000_31622_UNIFORM_6230961512046992311.txt (Time: 0.01s)
✓ Generated graph n=900, m=27000, seed=3221421291694197220, type=UNIFORM -> ./input/random_graphs/graph_900_27000_UNIFORM_3221421291694197220.txt (Time: 0.01s)
✓ Generated graph n=1000, m=31622, seed=7032710160631691991, type=UNIFORM -> ./input/random_graphs/graph_1000_31622_UNIFORM_7032710160631691991.txt (Time: 0.01s)
✓ Generated graph n=1000, m=31622, seed=3881801951614183357, type=UNIFORM -> ./input/random_graphs/graph_1000_31622_UNIFORM_3881801951614183357.txt (Time: 0.01s)
✓ Generated graph n=1000, m=31622, seed=7871178979383552919, type=UNIFORM -> ./input/random_graphs/graph_1000_31622_UNIFORM_7871178979383552919.txt (Time: 0.01s)
✓ Generated graph n=1000, m=31622, seed=7599700178212337699, type=UNIFORM -> ./input/random_graphs/graph_1000_31622_UNIFORM_7599700178212337699.txt (Time: 0.01s)
✓ Generated graph n=1000, m=31622, seed=1353182403971399009, type=UNIFORM -> ./input/random_graphs/graph_1000_31622_UNIFORM_1353182403971399009.txt (Time: 0.01s)
✓ Generated graph n=900, m=27000, seed=7632458674696225362, type=UNIFORM -> ./input/random_graphs/graph_900_27000_UNIFORM_7632458674696225362.txt (Time: 0.01s)
✓ Generated graph n=900, m=27000, seed=5894893360759659423, type=UNIFORM -> ./input/random_graphs/graph_900_27000_UNIFORM_5894893360759659423.txt (Time: 0.01s)
✓ Generated graph n=1000, m=31622, seed=5739955973604961613, type=UNIFORM -> ./input/random_graphs/graph_1000_31622_UNIFORM_5739955973604961613.txt (Time: 0.01s)
✓ Generated graph n=1000, m=31622, seed=6938562734920028532, type=UNIFORM -> ./input/random_graphs/graph_1000_31622_UNIFORM_6938562734920028532.txt (Time: 0.01s)
✓ Generated graph n=900, m=27000, seed=7983805977214098674, type=UNIFORM -> ./input/random_graphs/graph_900_27000_UNIFORM_7983805977214098674.txt (Time: 0.01s)
✓ Generated graph n=1000, m=31622, seed=1070244953599069350, type=UNIFORM -> ./input/random_graphs/graph_1000_31622_UNIFORM_1070244953599069350.txt (Time: 0.01s)
✓ Generated graph n=1000, m=31622, seed=6522163754831416203, type=UNIFORM -> ./input/random_graphs/graph_1000_31622_UNIFORM_6522163754831416203.txt (Time: 0.01s)
✓ Generated graph n=1000, m=31622, seed=4040737767143389431, type=UNIFORM -> ./input/random_graphs/graph_1000_31622_UNIFORM_4040737767143389431.txt (Time: 0.01s)
✓ Generated graph n=900, m=27000, seed=4940913311242578590, type=UNIFORM -> ./input/random_graphs/graph_900_27000_UNIFORM_4940913311242578590.txt (Time: 0.01s)
✓ Generated graph n=1000, m=31622, seed=1309542850049879452, type=UNIFORM -> ./input/random_graphs/graph_1000_31622_UNIFORM_1309542850049879452.txt (Time: 0.01s)
✓ Generated graph n=1000, m=31622, seed=7663871783842725848, type=UNIFORM -> ./input/random_graphs/graph_1000_31622_UNIFORM_7663871783842725848.txt (Time: 0.01s)
✓ Generated graph n=1000, m=31622, seed=1250773459040295677, type=UNIFORM -> ./input/random_graphs/graph_1000_31622_UNIFORM_1250773459040295677.txt (Time: 0.01s)
✓ Generated graph n=1000, m=31622, seed=2429002973740178792, type=UNIFORM -> ./input/random_graphs/graph_1000_31622_UNIFORM_2429002973740178792.txt (Time: 0.01s)
✓ Generated graph n=1000, m=31622, seed=7146860528564146064, type=UNIFORM -> ./input/random_graphs/graph_1000_31622_UNIFORM_7146860528564146064.txt (Time: 0.01s)
✓ Generated graph n=1000, m=31622, seed=7473196763798409428, type=UNIFORM -> ./input/random_graphs/graph_1000_31622_UNIFORM_7473196763798409428.txt (Time: 0.01s)
✓ Generated graph n=1000, m=31622, seed=5139481885857321791, type=UNIFORM -> ./input/random_graphs/graph_1000_31622_UNIFORM_5139481885857321791.txt (Time: 0.01s)
✓ Generated graph n=1000, m=31622, seed=5142811650494845597, type=UNIFORM -> ./input/random_graphs/graph_1000_31622_UNIFORM_5142811650494845597.txt (Time: 0.01s)
✓ Generated graph n=1000, m=31622, seed=3010622984418968408, type=UNIFORM -> ./input/random_graphs/graph_1000_31622_UNIFORM_3010622984418968408.txt (Time: 0.01s)
✓ Generated graph n=1000, m=31622, seed=6002685213311538187, type=UNIFORM -> ./input/random_graphs/graph_1000_31622_UNIFORM_6002685213311538187.txt (Time: 0.01s)
✓ Generated graph n=1000, m=31622, seed=3438400432146115956, type=UNIFORM -> ./input/random_graphs/graph_1000_31622_UNIFORM_3438400432146115956.txt (Time: 0.01s)
✓ Generated graph n=1000, m=31622, seed=521787134863155063, type=UNIFORM -> ./input/random_graphs/graph_1000_31622_UNIFORM_521787134863155063.txt (Time: 0.01s)
✓ Generated graph n=1000, m=31622, seed=6785030173969523435, type=UNIFORM -> ./input/random_graphs/graph_1000_31622_UNIFORM_6785030173969523435.txt (Time: 0.01s)
✓ Generated graph n=1000, m=31622, seed=1250005700364523649, type=UNIFORM -> ./input/random_graphs/graph_1000_31622_UNIFORM_1250005700364523649.txt (Time: 0.01s)
✓ Generated graph n=1000, m=31622, seed=320375091487821987, type=UNIFORM -> ./input/random_graphs/graph_1000_31622_UNIFORM_320375091487821987.txt (Time: 0.01s)
✓ Generated graph n=1000, m=31622, seed=5529616217668449934, type=UNIFORM -> ./input/random_graphs/graph_1000_31622_UNIFORM_5529616217668449934.txt (Time: 0.01s)
✓ Generated graph n=1000, m=31622, seed=5906957480796939447, type=UNIFORM -> ./input/random_graphs/graph_1000_31622_UNIFORM_5906957480796939447.txt (Time: 0.01s)
✓ Generated graph n=1000, m=31622, seed=1731523882129807996, type=UNIFORM -> ./input/random_graphs/graph_1000_31622_UNIFORM_1731523882129807996.txt (Time: 0.01s)
✓ Generated graph n=1000, m=31622, seed=1853590723603270879, type=UNIFORM -> ./input/random_graphs/graph_1000_31622_UNIFORM_1853590723603270879.txt (Time: 0.01s)
✓ Generated graph n=1000, m=31622, seed=3224265581699847191, type=UNIFORM -> ./input/random_graphs/graph_1000_31622_UNIFORM_3224265581699847191.txt (Time: 0.01s)
✓ Generated graph n=1000, m=31622, seed=7706236040662210848, type=UNIFORM -> ./input/random_graphs/graph_1000_31622_UNIFORM_7706236040662210848.txt (Time: 0.01s)
✓ Generated graph n=1000, m=31622, seed=5258051056098597521, type=UNIFORM -> ./input/random_graphs/graph_1000_31622_UNIFORM_5258051056098597521.txt (Time: 0.01s)
✓ Generated graph n=1000, m=31622, seed=1024517563182776983, type=UNIFORM -> ./input/random_graphs/graph_1000_31622_UNIFORM_1024517563182776983.txt (Time: 0.01s)
✓ Generated graph n=1000, m=31622, seed=5708372698381010775, type=UNIFORM -> ./input/random_graphs/graph_1000_31622_UNIFORM_5708372698381010775.txt (Time: 0.01s)
✓ Generated graph n=1000, m=31622, seed=7161906730445628483, type=UNIFORM -> ./input/random_graphs/graph_1000_31622_UNIFORM_7161906730445628483.txt (Time: 0.01s)
✓ Generated graph n=1000, m=31622, seed=824387247617288499, type=UNIFORM -> ./input/random_graphs/graph_1000_31622_UNIFORM_824387247617288499.txt (Time: 0.01s)
✓ Generated graph n=1000, m=31622, seed=4122784633514911760, type=UNIFORM -> ./input/random_graphs/graph_1000_31622_UNIFORM_4122784633514911760.txt (Time: 0.01s)
✓ Generated graph n=1000, m=31622, seed=6802378520969450157, type=UNIFORM -> ./input/random_graphs/graph_1000_31622_UNIFORM_6802378520969450157.txt (Time: 0.01s)
✓ Generated graph n=1000, m=31622, seed=4552998297316576788, type=UNIFORM -> ./input/random_graphs/graph_1000_31622_UNIFORM_4552998297316576788.txt (Time: 0.01s)
✓ Generated graph n=1000, m=31622, seed=1647170069535670909, type=UNIFORM -> ./input/random_graphs/graph_1000_31622_UNIFORM_1647170069535670909.txt (Time: 0.01s)
✓ Generated graph n=1000, m=31622, seed=8031431416522537101, type=UNIFORM -> ./input/random_graphs/graph_1000_31622_UNIFORM_8031431416522537101.txt (Time: 0.01s)
✓ Generated graph n=1000, m=31622, seed=6143643868734370809, type=UNIFORM -> ./input/random_graphs/graph_1000_31622_UNIFORM_6143643868734370809.txt (Time: 0.01s)
✓ Generated graph n=1000, m=31622, seed=3272308573967577038, type=UNIFORM -> ./input/random_graphs/graph_1000_31622_UNIFORM_3272308573967577038.txt (Time: 0.01s)
✓ Generated graph n=1000, m=31622, seed=5636411189175451024, type=UNIFORM -> ./input/random_graphs/graph_1000_31622_UNIFORM_5636411189175451024.txt (Time: 0.01s)
✓ Generated graph n=1000, m=31622, seed=5349491008325879064, type=UNIFORM -> ./input/random_graphs/graph_1000_31622_UNIFORM_5349491008325879064.txt (Time: 0.01s)
✓ Generated graph n=1000, m=31622, seed=7029781962072644698, type=UNIFORM -> ./input/random_graphs/graph_1000_31622_UNIFORM_7029781962072644698.txt (Time: 0.01s)
✓ Generated graph n=1000, m=31622, seed=6614505080519948832, type=UNIFORM -> ./input/random_graphs/graph_1000_31622_UNIFORM_6614505080519948832.txt (Time: 0.01s)
✓ Generated graph n=1000, m=31622, seed=7917045922527545890, type=UNIFORM -> ./input/random_graphs/graph_1000_31622_UNIFORM_7917045922527545890.txt (Time: 0.01s)
✓ Generated graph n=1000, m=31622, seed=7938560551762094560, type=UNIFORM -> ./input/random_graphs/graph_1000_31622_UNIFORM_7938560551762094560.txt (Time: 0.01s)
✓ Generated graph n=1000, m=31622, seed=1632192924771168275, type=UNIFORM -> ./input/random_graphs/graph_1000_31622_UNIFORM_1632192924771168275.txt (Time: 0.01s)
✓ Generated graph n=1000, m=31622, seed=4445925461710302877, type=UNIFORM -> ./input/random_graphs/graph_1000_31622_UNIFORM_4445925461710302877.txt (Time: 0.01s)
✓ Generated graph n=1000, m=31622, seed=1128313391724783137, type=UNIFORM -> ./input/random_graphs/graph_1000_31622_UNIFORM_1128313391724783137.txt (Time: 0.01s)
✓ Generated graph n=1000, m=31622, seed=6224222471595207695, type=UNIFORM -> ./input/random_graphs/graph_1000_31622_UNIFORM_6224222471595207695.txt (Time: 0.01s)
✓ Generated graph n=1000, m=31622, seed=3865339568260874865, type=UNIFORM -> ./input/random_graphs/graph_1000_31622_UNIFORM_3865339568260874865.txt (Time: 0.01s)
✓ Generated graph n=1000, m=31622, seed=7921282862123281598, type=UNIFORM -> ./input/random_graphs/graph_1000_31622_UNIFORM_7921282862123281598.txt (Time: 0.01s)
✓ Generated graph n=1000, m=31622, seed=3817405844514670994, type=UNIFORM -> ./input/random_graphs/graph_1000_31622_UNIFORM_3817405844514670994.txt (Time: 0.01s)
✓ Generated graph n=1000, m=31622, seed=4997514996153925447, type=UNIFORM -> ./input/random_graphs/graph_1000_31622_UNIFORM_4997514996153925447.txt (Time: 0.01s)
✓ Generated graph n=1000, m=31622, seed=6529943913552561417, type=UNIFORM -> ./input/random_graphs/graph_1000_31622_UNIFORM_6529943913552561417.txt (Time: 0.01s)
✓ Generated graph n=1000, m=31622, seed=8446481348147407377, type=UNIFORM -> ./input/random_graphs/graph_1000_31622_UNIFORM_8446481348147407377.txt (Time: 0.01s)
✓ Generated graph n=1000, m=31622, seed=6022436717541034636, type=UNIFORM -> ./input/random_graphs/graph_1000_31622_UNIFORM_6022436717541034636.txt (Time: 0.01s)
✓ Generated graph n=1000, m=31622, seed=1170385908854608748, type=UNIFORM -> ./input/random_graphs/graph_1000_31622_UNIFORM_1170385908854608748.txt (Time: 0.01s)
✓ Generated graph n=1000, m=31622, seed=2909934787168262407, type=UNIFORM -> ./input/random_graphs/graph_1000_31622_UNIFORM_2909934787168262407.txt (Time: 0.01s)
✓ Generated graph n=1000, m=31622, seed=3713827327871807734, type=UNIFORM -> ./input/random_graphs/graph_1000_31622_UNIFORM_3713827327871807734.txt (Time: 0.01s)
✓ Generated graph n=1000, m=31622, seed=199422815561151340, type=UNIFORM -> ./input/random_graphs/graph_1000_31622_UNIFORM_199422815561151340.txt (Time: 0.01s)
✓ Generated graph n=1000, m=31622, seed=9130666990809746335, type=UNIFORM -> ./input/random_graphs/graph_1000_31622_UNIFORM_9130666990809746335.txt (Time: 0.01s)
✓ Generated graph n=1000, m=31622, seed=6764066939395682287, type=UNIFORM -> ./input/random_graphs/graph_1000_31622_UNIFORM_6764066939395682287.txt (Time: 0.01s)
✓ Generated graph n=1000, m=31622, seed=5108599054664628607, type=UNIFORM -> ./input/random_graphs/graph_1000_31622_UNIFORM_5108599054664628607.txt (Time: 0.01s)
✓ Generated graph n=1000, m=31622, seed=7644420139408884785, type=UNIFORM -> ./input/random_graphs/graph_1000_31622_UNIFORM_7644420139408884785.txt (Time: 0.01s)
✓ Generated graph n=1000, m=31622, seed=1392892770529522614, type=UNIFORM -> ./input/random_graphs/graph_1000_31622_UNIFORM_1392892770529522614.txt (Time: 0.01s)
✓ Generated graph n=1000, m=31622, seed=175493991617213850, type=UNIFORM -> ./input/random_graphs/graph_1000_31622_UNIFORM_175493991617213850.txt (Time: 0.01s)
✓ Generated graph n=1000, m=31622, seed=1458186392400727732, type=UNIFORM -> ./input/random_graphs/graph_1000_31622_UNIFORM_1458186392400727732.txt (Time: 0.01s)
✓ Generated graph n=1000, m=31622, seed=9060210648189963449, type=UNIFORM -> ./input/random_graphs/graph_1000_31622_UNIFORM_9060210648189963449.txt (Time: 0.01s)
✓ Generated graph n=1000, m=31622, seed=716820155901718944, type=UNIFORM -> ./input/random_graphs/graph_1000_31622_UNIFORM_716820155901718944.txt (Time: 0.01s)
✓ Generated graph n=1000, m=31622, seed=5497874167834979553, type=UNIFORM -> ./input/random_graphs/graph_1000_31622_UNIFORM_5497874167834979553.txt (Time: 0.01s)
✓ Generated graph n=1000, m=31622, seed=8794274795737982182, type=UNIFORM -> ./input/random_graphs/graph_1000_31622_UNIFORM_8794274795737982182.txt (Time: 0.01s)
✓ Generated graph n=1000, m=31622, seed=8718380604043999642, type=UNIFORM -> ./input/random_graphs/graph_1000_31622_UNIFORM_8718380604043999642.txt (Time: 0.01s)
✓ Generated graph n=1000, m=31622, seed=4250897495980125004, type=UNIFORM -> ./input/random_graphs/graph_1000_31622_UNIFORM_4250897495980125004.txt (Time: 0.01s)
✓ Generated graph n=1000, m=31622, seed=5063475852268941542, type=UNIFORM -> ./input/random_graphs/graph_1000_31622_UNIFORM_5063475852268941542.txt (Time: 0.01s)
✓ Generated graph n=1000, m=31622, seed=4060584409398689268, type=UNIFORM -> ./input/random_graphs/graph_1000_31622_UNIFORM_4060584409398689268.txt (Time: 0.01s)
✓ Generated graph n=1000, m=31622, seed=1722224698700348310, type=UNIFORM -> ./input/random_graphs/graph_1000_31622_UNIFORM_1722224698700348310.txt (Time: 0.01s)
✓ Generated graph n=1000, m=31622, seed=7905487461282246979, type=UNIFORM -> ./input/random_graphs/graph_1000_31622_UNIFORM_7905487461282246979.txt (Time: 0.01s)
✓ Generated graph n=1000, m=31622, seed=8448596294177070022, type=UNIFORM -> ./input/random_graphs/graph_1000_31622_UNIFORM_8448596294177070022.txt (Time: 0.01s)
✓ Generated graph n=1000, m=31622, seed=8626102704817790064, type=UNIFORM -> ./input/random_graphs/graph_1000_31622_UNIFORM_8626102704817790064.txt (Time: 0.01s)
✓ Generated graph n=1000, m=31622, seed=4934890601268679176, type=UNIFORM -> ./input/random_graphs/graph_1000_31622_UNIFORM_4934890601268679176.txt (Time: 0.01s)
✓ Generated graph n=1000, m=31622, seed=1992204328026194281, type=UNIFORM -> ./input/random_graphs/graph_1000_31622_UNIFORM_1992204328026194281.txt (Time: 0.01s)
✓ Generated graph n=1000, m=31622, seed=7118744415197196276, type=UNIFORM -> ./input/random_graphs/graph_1000_31622_UNIFORM_7118744415197196276.txt (Time: 0.01s)
✓ Generated graph n=1000, m=31622, seed=2089506265998900862, type=UNIFORM -> ./input/random_graphs/graph_1000_31622_UNIFORM_2089506265998900862.txt (Time: 0.01s)
✓ Generated graph n=1000, m=31622, seed=9059990922233379852, type=UNIFORM -> ./input/random_graphs/graph_1000_31622_UNIFORM_9059990922233379852.txt (Time: 0.01s)
✓ Generated graph n=1000, m=31622, seed=7449662661572224354, type=UNIFORM -> ./input/random_graphs/graph_1000_31622_UNIFORM_7449662661572224354.txt (Time: 0.01s)
✓ Generated graph n=1000, m=31622, seed=4795749165124911768, type=UNIFORM -> ./input/random_graphs/graph_1000_31622_UNIFORM_4795749165124911768.txt (Time: 0.01s)
✓ Generated graph n=1000, m=31622, seed=1332005502874566195, type=UNIFORM -> ./input/random_graphs/graph_1000_31622_UNIFORM_1332005502874566195.txt (Time: 0.01s)
✓ Generated graph n=1000, m=31622, seed=5894893360759659423, type=UNIFORM -> ./input/random_graphs/graph_1000_31622_UNIFORM_5894893360759659423.txt (Time: 0.01s)
✓ Generated graph n=1000, m=31622, seed=3221421291694197220, type=UNIFORM -> ./input/random_graphs/graph_1000_31622_UNIFORM_3221421291694197220.txt (Time: 0.01s)
✓ Generated graph n=1000, m=31622, seed=2264398621601381987, type=UNIFORM -> ./input/random_graphs/graph_1000_31622_UNIFORM_2264398621601381987.txt (Time: 0.01s)
✓ Generated graph n=1000, m=31622, seed=4940913311242578590, type=UNIFORM -> ./input/random_graphs/graph_1000_31622_UNIFORM_4940913311242578590.txt (Time: 0.01s)
✓ Generated graph n=1000, m=31622, seed=8867616339855336876, type=UNIFORM -> ./input/random_graphs/graph_1000_31622_UNIFORM_8867616339855336876.txt (Time: 0.01s)
✓ Generated graph n=1000, m=31622, seed=7632458674696225362, type=UNIFORM -> ./input/random_graphs/graph_1000_31622_UNIFORM_7632458674696225362.txt (Time: 0.01s)
✓ Generated graph n=1000, m=31622, seed=2718103348384927511, type=UNIFORM -> ./input/random_graphs/graph_1000_31622_UNIFORM_2718103348384927511.txt (Time: 0.01s)
✓ Generated graph n=1000, m=31622, seed=7983805977214098674, type=UNIFORM -> ./input/random_graphs/graph_1000_31622_UNIFORM_7983805977214098674.txt (Time: 0.01s)
✓ Generated graph n=1250, m=44194, seed=5739955973604961613, type=UNIFORM -> ./input/random_graphs/graph_1250_44194_UNIFORM_5739955973604961613.txt (Time: 0.06s)
✓ Generated graph n=1250, m=44194, seed=7871178979383552919, type=UNIFORM -> ./input/random_graphs/graph_1250_44194_UNIFORM_7871178979383552919.txt (Time: 0.06s)
✓ Generated graph n=1250, m=44194, seed=3881801951614183357, type=UNIFORM -> ./input/random_graphs/graph_1250_44194_UNIFORM_3881801951614183357.txt (Time: 0.06s)
✓ Generated graph n=1250, m=44194, seed=1353182403971399009, type=UNIFORM -> ./input/random_graphs/graph_1250_44194_UNIFORM_1353182403971399009.txt (Time: 0.06s)
✓ Generated graph n=1250, m=44194, seed=7599700178212337699, type=UNIFORM -> ./input/random_graphs/graph_1250_44194_UNIFORM_7599700178212337699.txt (Time: 0.06s)
✓ Generated graph n=1250, m=44194, seed=6230961512046992311, type=UNIFORM -> ./input/random_graphs/graph_1250_44194_UNIFORM_6230961512046992311.txt (Time: 0.06s)
✓ Generated graph n=1250, m=44194, seed=1070244953599069350, type=UNIFORM -> ./input/random_graphs/graph_1250_44194_UNIFORM_1070244953599069350.txt (Time: 0.06s)
✓ Generated graph n=1250, m=44194, seed=6522163754831416203, type=UNIFORM -> ./input/random_graphs/graph_1250_44194_UNIFORM_6522163754831416203.txt (Time: 0.06s)
✓ Generated graph n=1250, m=44194, seed=7032710160631691991, type=UNIFORM -> ./input/random_graphs/graph_1250_44194_UNIFORM_7032710160631691991.txt (Time: 0.06s)
✓ Generated graph n=1250, m=44194, seed=1250773459040295677, type=UNIFORM -> ./input/random_graphs/graph_1250_44194_UNIFORM_1250773459040295677.txt (Time: 0.06s)
✓ Generated graph n=1250, m=44194, seed=3010622984418968408, type=UNIFORM -> ./input/random_graphs/graph_1250_44194_UNIFORM_3010622984418968408.txt (Time: 0.06s)
✓ Generated graph n=1250, m=44194, seed=7146860528564146064, type=UNIFORM -> ./input/random_graphs/graph_1250_44194_UNIFORM_7146860528564146064.txt (Time: 0.06s)
✓ Generated graph n=1250, m=44194, seed=4040737767143389431, type=UNIFORM -> ./input/random_graphs/graph_1250_44194_UNIFORM_4040737767143389431.txt (Time: 0.07s)
✓ Generated graph n=1250, m=44194, seed=6938562734920028532, type=UNIFORM -> ./input/random_graphs/graph_1250_44194_UNIFORM_6938562734920028532.txt (Time: 0.07s)
✓ Generated graph n=1250, m=44194, seed=1309542850049879452, type=UNIFORM -> ./input/random_graphs/graph_1250_44194_UNIFORM_1309542850049879452.txt (Time: 0.07s)
✓ Generated graph n=1250, m=44194, seed=1731523882129807996, type=UNIFORM -> ./input/random_graphs/graph_1250_44194_UNIFORM_1731523882129807996.txt (Time: 0.06s)
✓ Generated graph n=1250, m=44194, seed=5139481885857321791, type=UNIFORM -> ./input/random_graphs/graph_1250_44194_UNIFORM_5139481885857321791.txt (Time: 0.06s)
✓ Generated graph n=1250, m=44194, seed=2429002973740178792, type=UNIFORM -> ./input/random_graphs/graph_1250_44194_UNIFORM_2429002973740178792.txt (Time: 0.07s)
✓ Generated graph n=1250, m=44194, seed=521787134863155063, type=UNIFORM -> ./input/random_graphs/graph_1250_44194_UNIFORM_521787134863155063.txt (Time: 0.06s)
✓ Generated graph n=1250, m=44194, seed=320375091487821987, type=UNIFORM -> ./input/random_graphs/graph_1250_44194_UNIFORM_320375091487821987.txt (Time: 0.07s)
✓ Generated graph n=1250, m=44194, seed=3438400432146115956, type=UNIFORM -> ./input/random_graphs/graph_1250_44194_UNIFORM_3438400432146115956.txt (Time: 0.07s)
✓ Generated graph n=1250, m=44194, seed=1250005700364523649, type=UNIFORM -> ./input/random_graphs/graph_1250_44194_UNIFORM_1250005700364523649.txt (Time: 0.07s)
✓ Generated graph n=1250, m=44194, seed=5142811650494845597, type=UNIFORM -> ./input/random_graphs/graph_1250_44194_UNIFORM_5142811650494845597.txt (Time: 0.07s)
✓ Generated graph n=1250, m=44194, seed=7663871783842725848, type=UNIFORM -> ./input/random_graphs/graph_1250_44194_UNIFORM_7663871783842725848.txt (Time: 0.07s)
✓ Generated graph n=1250, m=44194, seed=5708372698381010775, type=UNIFORM -> ./input/random_graphs/graph_1250_44194_UNIFORM_5708372698381010775.txt (Time: 0.07s)
✓ Generated graph n=1250, m=44194, seed=7029781962072644698, type=UNIFORM -> ./input/random_graphs/graph_1250_44194_UNIFORM_7029781962072644698.txt (Time: 0.07s)
✓ Generated graph n=1250, m=44194, seed=1853590723603270879, type=UNIFORM -> ./input/random_graphs/graph_1250_44194_UNIFORM_1853590723603270879.txt (Time: 0.07s)
✓ Generated graph n=1250, m=44194, seed=7473196763798409428, type=UNIFORM -> ./input/random_graphs/graph_1250_44194_UNIFORM_7473196763798409428.txt (Time: 0.07s)
✓ Generated graph n=1250, m=44194, seed=6002685213311538187, type=UNIFORM -> ./input/random_graphs/graph_1250_44194_UNIFORM_6002685213311538187.txt (Time: 0.07s)
✓ Generated graph n=1250, m=44194, seed=5906957480796939447, type=UNIFORM -> ./input/random_graphs/graph_1250_44194_UNIFORM_5906957480796939447.txt (Time: 0.07s)
✓ Generated graph n=1250, m=44194, seed=6785030173969523435, type=UNIFORM -> ./input/random_graphs/graph_1250_44194_UNIFORM_6785030173969523435.txt (Time: 0.07s)
✓ Generated graph n=1250, m=44194, seed=5529616217668449934, type=UNIFORM -> ./input/random_graphs/graph_1250_44194_UNIFORM_5529616217668449934.txt (Time: 0.07s)
✓ Generated graph n=1250, m=44194, seed=3224265581699847191, type=UNIFORM -> ./input/random_graphs/graph_1250_44194_UNIFORM_3224265581699847191.txt (Time: 0.06s)
✓ Generated graph n=1250, m=44194, seed=1024517563182776983, type=UNIFORM -> ./input/random_graphs/graph_1250_44194_UNIFORM_1024517563182776983.txt (Time: 0.07s)
✓ Generated graph n=1250, m=44194, seed=4122784633514911760, type=UNIFORM -> ./input/random_graphs/graph_1250_44194_UNIFORM_4122784633514911760.txt (Time: 0.06s)
✓ Generated graph n=1250, m=44194, seed=5258051056098597521, type=UNIFORM -> ./input/random_graphs/graph_1250_44194_UNIFORM_5258051056098597521.txt (Time: 0.07s)
✓ Generated graph n=1250, m=44194, seed=7706236040662210848, type=UNIFORM -> ./input/random_graphs/graph_1250_44194_UNIFORM_7706236040662210848.txt (Time: 0.07s)
✓ Generated graph n=1250, m=44194, seed=1647170069535670909, type=UNIFORM -> ./input/random_graphs/graph_1250_44194_UNIFORM_1647170069535670909.txt (Time: 0.07s)
✓ Generated graph n=1250, m=44194, seed=1632192924771168275, type=UNIFORM -> ./input/random_graphs/graph_1250_44194_UNIFORM_1632192924771168275.txt (Time: 0.06s)
✓ Generated graph n=1250, m=44194, seed=824387247617288499, type=UNIFORM -> ./input/random_graphs/graph_1250_44194_UNIFORM_824387247617288499.txt (Time: 0.07s)
✓ Generated graph n=1250, m=44194, seed=7161906730445628483, type=UNIFORM -> ./input/random_graphs/graph_1250_44194_UNIFORM_7161906730445628483.txt (Time: 0.07s)
✓ Generated graph n=1250, m=44194, seed=8031431416522537101, type=UNIFORM -> ./input/random_graphs/graph_1250_44194_UNIFORM_8031431416522537101.txt (Time: 0.07s)
✓ Generated graph n=1250, m=44194, seed=6802378520969450157, type=UNIFORM -> ./input/random_graphs/graph_1250_44194_UNIFORM_6802378520969450157.txt (Time: 0.07s)
✓ Generated graph n=1250, m=44194, seed=5349491008325879064, type=UNIFORM -> ./input/random_graphs/graph_1250_44194_UNIFORM_5349491008325879064.txt (Time: 0.07s)
✓ Generated graph n=1250, m=44194, seed=4552998297316576788, type=UNIFORM -> ./input/random_graphs/graph_1250_44194_UNIFORM_4552998297316576788.txt (Time: 0.07s)
✓ Generated graph n=1250, m=44194, seed=716820155901718944, type=UNIFORM -> ./input/random_graphs/graph_1250_44194_UNIFORM_716820155901718944.txt (Time: 0.07s)
✓ Generated graph n=1250, m=44194, seed=6224222471595207695, type=UNIFORM -> ./input/random_graphs/graph_1250_44194_UNIFORM_6224222471595207695.txt (Time: 0.07s)
✓ Generated graph n=1250, m=44194, seed=7917045922527545890, type=UNIFORM -> ./input/random_graphs/graph_1250_44194_UNIFORM_7917045922527545890.txt (Time: 0.07s)
✓ Generated graph n=1250, m=44194, seed=5063475852268941542, type=UNIFORM -> ./input/random_graphs/graph_1250_44194_UNIFORM_5063475852268941542.txt (Time: 0.07s)
✓ Generated graph n=1250, m=44194, seed=4445925461710302877, type=UNIFORM -> ./input/random_graphs/graph_1250_44194_UNIFORM_4445925461710302877.txt (Time: 0.07s)
✓ Generated graph n=1250, m=44194, seed=6143643868734370809, type=UNIFORM -> ./input/random_graphs/graph_1250_44194_UNIFORM_6143643868734370809.txt (Time: 0.08s)
✓ Generated graph n=1250, m=44194, seed=1128313391724783137, type=UNIFORM -> ./input/random_graphs/graph_1250_44194_UNIFORM_1128313391724783137.txt (Time: 0.07s)
✓ Generated graph n=1250, m=44194, seed=6614505080519948832, type=UNIFORM -> ./input/random_graphs/graph_1250_44194_UNIFORM_6614505080519948832.txt (Time: 0.08s)
✓ Generated graph n=1250, m=44194, seed=3272308573967577038, type=UNIFORM -> ./input/random_graphs/graph_1250_44194_UNIFORM_3272308573967577038.txt (Time: 0.08s)
✓ Generated graph n=1250, m=44194, seed=7938560551762094560, type=UNIFORM -> ./input/random_graphs/graph_1250_44194_UNIFORM_7938560551762094560.txt (Time: 0.07s)
✓ Generated graph n=1250, m=44194, seed=3865339568260874865, type=UNIFORM -> ./input/random_graphs/graph_1250_44194_UNIFORM_3865339568260874865.txt (Time: 0.07s)
✓ Generated graph n=1250, m=44194, seed=4997514996153925447, type=UNIFORM -> ./input/random_graphs/graph_1250_44194_UNIFORM_4997514996153925447.txt (Time: 0.07s)
✓ Generated graph n=1250, m=44194, seed=7921282862123281598, type=UNIFORM -> ./input/random_graphs/graph_1250_44194_UNIFORM_7921282862123281598.txt (Time: 0.07s)
✓ Generated graph n=1250, m=44194, seed=8718380604043999642, type=UNIFORM -> ./input/random_graphs/graph_1250_44194_UNIFORM_8718380604043999642.txt (Time: 0.07s)
✓ Generated graph n=1250, m=44194, seed=5636411189175451024, type=UNIFORM -> ./input/random_graphs/graph_1250_44194_UNIFORM_5636411189175451024.txt (Time: 0.08s)
✓ Generated graph n=1250, m=44194, seed=8446481348147407377, type=UNIFORM -> ./input/random_graphs/graph_1250_44194_UNIFORM_8446481348147407377.txt (Time: 0.07s)
✓ Generated graph n=1250, m=44194, seed=3817405844514670994, type=UNIFORM -> ./input/random_graphs/graph_1250_44194_UNIFORM_3817405844514670994.txt (Time: 0.07s)
✓ Generated graph n=1250, m=44194, seed=6022436717541034636, type=UNIFORM -> ./input/random_graphs/graph_1250_44194_UNIFORM_6022436717541034636.txt (Time: 0.07s)
✓ Generated graph n=1250, m=44194, seed=1170385908854608748, type=UNIFORM -> ./input/random_graphs/graph_1250_44194_UNIFORM_1170385908854608748.txt (Time: 0.07s)
✓ Generated graph n=1250, m=44194, seed=2909934787168262407, type=UNIFORM -> ./input/random_graphs/graph_1250_44194_UNIFORM_2909934787168262407.txt (Time: 0.07s)
✓ Generated graph n=1250, m=44194, seed=6529943913552561417, type=UNIFORM -> ./input/random_graphs/graph_1250_44194_UNIFORM_6529943913552561417.txt (Time: 0.07s)
✓ Generated graph n=1250, m=44194, seed=199422815561151340, type=UNIFORM -> ./input/random_graphs/graph_1250_44194_UNIFORM_199422815561151340.txt (Time: 0.07s)
✓ Generated graph n=1250, m=44194, seed=3713827327871807734, type=UNIFORM -> ./input/random_graphs/graph_1250_44194_UNIFORM_3713827327871807734.txt (Time: 0.07s)
✓ Generated graph n=1250, m=44194, seed=5108599054664628607, type=UNIFORM -> ./input/random_graphs/graph_1250_44194_UNIFORM_5108599054664628607.txt (Time: 0.07s)
✓ Generated graph n=1250, m=44194, seed=175493991617213850, type=UNIFORM -> ./input/random_graphs/graph_1250_44194_UNIFORM_175493991617213850.txt (Time: 0.07s)
✓ Generated graph n=1250, m=44194, seed=7644420139408884785, type=UNIFORM -> ./input/random_graphs/graph_1250_44194_UNIFORM_7644420139408884785.txt (Time: 0.06s)
✓ Generated graph n=1250, m=44194, seed=9130666990809746335, type=UNIFORM -> ./input/random_graphs/graph_1250_44194_UNIFORM_9130666990809746335.txt (Time: 0.07s)
✓ Generated graph n=1250, m=44194, seed=6764066939395682287, type=UNIFORM -> ./input/random_graphs/graph_1250_44194_UNIFORM_6764066939395682287.txt (Time: 0.07s)
✓ Generated graph n=1250, m=44194, seed=1458186392400727732, type=UNIFORM -> ./input/random_graphs/graph_1250_44194_UNIFORM_1458186392400727732.txt (Time: 0.07s)
✓ Generated graph n=1250, m=44194, seed=9060210648189963449, type=UNIFORM -> ./input/random_graphs/graph_1250_44194_UNIFORM_9060210648189963449.txt (Time: 0.07s)
✓ Generated graph n=1250, m=44194, seed=1392892770529522614, type=UNIFORM -> ./input/random_graphs/graph_1250_44194_UNIFORM_1392892770529522614.txt (Time: 0.07s)
✓ Generated graph n=1250, m=44194, seed=4250897495980125004, type=UNIFORM -> ./input/random_graphs/graph_1250_44194_UNIFORM_4250897495980125004.txt (Time: 0.07s)
✓ Generated graph n=1250, m=44194, seed=5497874167834979553, type=UNIFORM -> ./input/random_graphs/graph_1250_44194_UNIFORM_5497874167834979553.txt (Time: 0.07s)
✓ Generated graph n=1250, m=44194, seed=8794274795737982182, type=UNIFORM -> ./input/random_graphs/graph_1250_44194_UNIFORM_8794274795737982182.txt (Time: 0.07s)
✓ Generated graph n=1250, m=44194, seed=8626102704817790064, type=UNIFORM -> ./input/random_graphs/graph_1250_44194_UNIFORM_8626102704817790064.txt (Time: 0.07s)
✓ Generated graph n=1250, m=44194, seed=4060584409398689268, type=UNIFORM -> ./input/random_graphs/graph_1250_44194_UNIFORM_4060584409398689268.txt (Time: 0.07s)
✓ Generated graph n=1250, m=44194, seed=8448596294177070022, type=UNIFORM -> ./input/random_graphs/graph_1250_44194_UNIFORM_8448596294177070022.txt (Time: 0.07s)
✓ Generated graph n=1250, m=44194, seed=2089506265998900862, type=UNIFORM -> ./input/random_graphs/graph_1250_44194_UNIFORM_2089506265998900862.txt (Time: 0.07s)
✓ Generated graph n=1250, m=44194, seed=4795749165124911768, type=UNIFORM -> ./input/random_graphs/graph_1250_44194_UNIFORM_4795749165124911768.txt (Time: 0.07s)
✓ Generated graph n=1250, m=44194, seed=7905487461282246979, type=UNIFORM -> ./input/random_graphs/graph_1250_44194_UNIFORM_7905487461282246979.txt (Time: 0.08s)
✓ Generated graph n=1250, m=44194, seed=4934890601268679176, type=UNIFORM -> ./input/random_graphs/graph_1250_44194_UNIFORM_4934890601268679176.txt (Time: 0.08s)
✓ Generated graph n=1250, m=44194, seed=1992204328026194281, type=UNIFORM -> ./input/random_graphs/graph_1250_44194_UNIFORM_1992204328026194281.txt (Time: 0.08s)
✓ Generated graph n=1250, m=44194, seed=7118744415197196276, type=UNIFORM -> ./input/random_graphs/graph_1250_44194_UNIFORM_7118744415197196276.txt (Time: 0.07s)
✓ Generated graph n=1250, m=44194, seed=1722224698700348310, type=UNIFORM -> ./input/random_graphs/graph_1250_44194_UNIFORM_1722224698700348310.txt (Time: 0.09s)
✓ Generated graph n=1250, m=44194, seed=1332005502874566195, type=UNIFORM -> ./input/random_graphs/graph_1250_44194_UNIFORM_1332005502874566195.txt (Time: 0.09s)
✓ Generated graph n=1250, m=44194, seed=9059990922233379852, type=UNIFORM -> ./input/random_graphs/graph_1250_44194_UNIFORM_9059990922233379852.txt (Time: 0.07s)
✓ Generated graph n=1250, m=44194, seed=2718103348384927511, type=UNIFORM -> ./input/random_graphs/graph_1250_44194_UNIFORM_2718103348384927511.txt (Time: 0.07s)
✓ Generated graph n=1250, m=44194, seed=4940913311242578590, type=UNIFORM -> ./input/random_graphs/graph_1250_44194_UNIFORM_4940913311242578590.txt (Time: 0.07s)
✓ Generated graph n=1250, m=44194, seed=5894893360759659423, type=UNIFORM -> ./input/random_graphs/graph_1250_44194_UNIFORM_5894893360759659423.txt (Time: 0.07s)
✓ Generated graph n=1250, m=44194, seed=8867616339855336876, type=UNIFORM -> ./input/random_graphs/graph_1250_44194_UNIFORM_8867616339855336876.txt (Time: 0.07s)
✓ Generated graph n=1250, m=44194, seed=7632458674696225362, type=UNIFORM -> ./input/random_graphs/graph_1250_44194_UNIFORM_7632458674696225362.txt (Time: 0.07s)
✓ Generated graph n=1250, m=44194, seed=2264398621601381987, type=UNIFORM -> ./input/random_graphs/graph_1250_44194_UNIFORM_2264398621601381987.txt (Time: 0.07s)
✓ Generated graph n=1250, m=44194, seed=3221421291694197220, type=UNIFORM -> ./input/random_graphs/graph_1250_44194_UNIFORM_3221421291694197220.txt (Time: 0.07s)
✓ Generated graph n=1250, m=44194, seed=7449662661572224354, type=UNIFORM -> ./input/random_graphs/graph_1250_44194_UNIFORM_7449662661572224354.txt (Time: 0.07s)
✓ Generated graph n=1250, m=44194, seed=7983805977214098674, type=UNIFORM -> ./input/random_graphs/graph_1250_44194_UNIFORM_7983805977214098674.txt (Time: 0.07s)
✓ Generated graph n=1500, m=58094, seed=6230961512046992311, type=UNIFORM -> ./input/random_graphs/graph_1500_58094_UNIFORM_6230961512046992311.txt (Time: 0.10s)
✓ Generated graph n=1500, m=58094, seed=7871178979383552919, type=UNIFORM -> ./input/random_graphs/graph_1500_58094_UNIFORM_7871178979383552919.txt (Time: 0.11s)
✓ Generated graph n=1500, m=58094, seed=3881801951614183357, type=UNIFORM -> ./input/random_graphs/graph_1500_58094_UNIFORM_3881801951614183357.txt (Time: 0.11s)
✓ Generated graph n=1500, m=58094, seed=7032710160631691991, type=UNIFORM -> ./input/random_graphs/graph_1500_58094_UNIFORM_7032710160631691991.txt (Time: 0.11s)
✓ Generated graph n=1500, m=58094, seed=5739955973604961613, type=UNIFORM -> ./input/random_graphs/graph_1500_58094_UNIFORM_5739955973604961613.txt (Time: 0.12s)
✓ Generated graph n=1500, m=58094, seed=1070244953599069350, type=UNIFORM -> ./input/random_graphs/graph_1500_58094_UNIFORM_1070244953599069350.txt (Time: 0.11s)
✓ Generated graph n=1500, m=58094, seed=7599700178212337699, type=UNIFORM -> ./input/random_graphs/graph_1500_58094_UNIFORM_7599700178212337699.txt (Time: 0.12s)
✓ Generated graph n=1500, m=58094, seed=1353182403971399009, type=UNIFORM -> ./input/random_graphs/graph_1500_58094_UNIFORM_1353182403971399009.txt (Time: 0.12s)
✓ Generated graph n=1500, m=58094, seed=6938562734920028532, type=UNIFORM -> ./input/random_graphs/graph_1500_58094_UNIFORM_6938562734920028532.txt (Time: 0.11s)
✓ Generated graph n=1500, m=58094, seed=6522163754831416203, type=UNIFORM -> ./input/random_graphs/graph_1500_58094_UNIFORM_6522163754831416203.txt (Time: 0.12s)
✓ Generated graph n=1500, m=58094, seed=4040737767143389431, type=UNIFORM -> ./input/random_graphs/graph_1500_58094_UNIFORM_4040737767143389431.txt (Time: 0.12s)
✓ Generated graph n=1500, m=58094, seed=7663871783842725848, type=UNIFORM -> ./input/random_graphs/graph_1500_58094_UNIFORM_7663871783842725848.txt (Time: 0.11s)
✓ Generated graph n=1500, m=58094, seed=2429002973740178792, type=UNIFORM -> ./input/random_graphs/graph_1500_58094_UNIFORM_2429002973740178792.txt (Time: 0.12s)
✓ Generated graph n=1500, m=58094, seed=1250005700364523649, type=UNIFORM -> ./input/random_graphs/graph_1500_58094_UNIFORM_1250005700364523649.txt (Time: 0.12s)
✓ Generated graph n=1500, m=58094, seed=1250773459040295677, type=UNIFORM -> ./input/random_graphs/graph_1500_58094_UNIFORM_1250773459040295677.txt (Time: 0.12s)
✓ Generated graph n=1500, m=58094, seed=3438400432146115956, type=UNIFORM -> ./input/random_graphs/graph_1500_58094_UNIFORM_3438400432146115956.txt (Time: 0.11s)
✓ Generated graph n=1500, m=58094, seed=5906957480796939447, type=UNIFORM -> ./input/random_graphs/graph_1500_58094_UNIFORM_5906957480796939447.txt (Time: 0.13s)
✓ Generated graph n=1500, m=58094, seed=1309542850049879452, type=UNIFORM -> ./input/random_graphs/graph_1500_58094_UNIFORM_1309542850049879452.txt (Time: 0.13s)
✓ Generated graph n=1500, m=58094, seed=320375091487821987, type=UNIFORM -> ./input/random_graphs/graph_1500_58094_UNIFORM_320375091487821987.txt (Time: 0.13s)
✓ Generated graph n=1500, m=58094, seed=7146860528564146064, type=UNIFORM -> ./input/random_graphs/graph_1500_58094_UNIFORM_7146860528564146064.txt (Time: 0.12s)
✓ Generated graph n=1500, m=58094, seed=7473196763798409428, type=UNIFORM -> ./input/random_graphs/graph_1500_58094_UNIFORM_7473196763798409428.txt (Time: 0.10s)
✓ Generated graph n=1500, m=58094, seed=5139481885857321791, type=UNIFORM -> ./input/random_graphs/graph_1500_58094_UNIFORM_5139481885857321791.txt (Time: 0.11s)
✓ Generated graph n=1500, m=58094, seed=5708372698381010775, type=UNIFORM -> ./input/random_graphs/graph_1500_58094_UNIFORM_5708372698381010775.txt (Time: 0.10s)
✓ Generated graph n=1500, m=58094, seed=521787134863155063, type=UNIFORM -> ./input/random_graphs/graph_1500_58094_UNIFORM_521787134863155063.txt (Time: 0.11s)
✓ Generated graph n=1500, m=58094, seed=7029781962072644698, type=UNIFORM -> ./input/random_graphs/graph_1500_58094_UNIFORM_7029781962072644698.txt (Time: 0.11s)
✓ Generated graph n=1500, m=58094, seed=1853590723603270879, type=UNIFORM -> ./input/random_graphs/graph_1500_58094_UNIFORM_1853590723603270879.txt (Time: 0.12s)
✓ Generated graph n=1500, m=58094, seed=1731523882129807996, type=UNIFORM -> ./input/random_graphs/graph_1500_58094_UNIFORM_1731523882129807996.txt (Time: 0.12s)
✓ Generated graph n=1500, m=58094, seed=3010622984418968408, type=UNIFORM -> ./input/random_graphs/graph_1500_58094_UNIFORM_3010622984418968408.txt (Time: 0.12s)
✓ Generated graph n=1500, m=58094, seed=6002685213311538187, type=UNIFORM -> ./input/random_graphs/graph_1500_58094_UNIFORM_6002685213311538187.txt (Time: 0.12s)
✓ Generated graph n=1500, m=58094, seed=5142811650494845597, type=UNIFORM -> ./input/random_graphs/graph_1500_58094_UNIFORM_5142811650494845597.txt (Time: 0.12s)
✓ Generated graph n=1500, m=58094, seed=5529616217668449934, type=UNIFORM -> ./input/random_graphs/graph_1500_58094_UNIFORM_5529616217668449934.txt (Time: 0.11s)
✓ Generated graph n=1500, m=58094, seed=1024517563182776983, type=UNIFORM -> ./input/random_graphs/graph_1500_58094_UNIFORM_1024517563182776983.txt (Time: 0.11s)
✓ Generated graph n=1500, m=58094, seed=3224265581699847191, type=UNIFORM -> ./input/random_graphs/graph_1500_58094_UNIFORM_3224265581699847191.txt (Time: 0.11s)
✓ Generated graph n=1500, m=58094, seed=6785030173969523435, type=UNIFORM -> ./input/random_graphs/graph_1500_58094_UNIFORM_6785030173969523435.txt (Time: 0.12s)
✓ Generated graph n=1500, m=58094, seed=1647170069535670909, type=UNIFORM -> ./input/random_graphs/graph_1500_58094_UNIFORM_1647170069535670909.txt (Time: 0.11s)
✓ Generated graph n=1500, m=58094, seed=824387247617288499, type=UNIFORM -> ./input/random_graphs/graph_1500_58094_UNIFORM_824387247617288499.txt (Time: 0.11s)
✓ Generated graph n=1500, m=58094, seed=6802378520969450157, type=UNIFORM -> ./input/random_graphs/graph_1500_58094_UNIFORM_6802378520969450157.txt (Time: 0.11s)
✓ Generated graph n=1500, m=58094, seed=7161906730445628483, type=UNIFORM -> ./input/random_graphs/graph_1500_58094_UNIFORM_7161906730445628483.txt (Time: 0.11s)
✓ Generated graph n=1500, m=58094, seed=5258051056098597521, type=UNIFORM -> ./input/random_graphs/graph_1500_58094_UNIFORM_5258051056098597521.txt (Time: 0.12s)
✓ Generated graph n=1500, m=58094, seed=4552998297316576788, type=UNIFORM -> ./input/random_graphs/graph_1500_58094_UNIFORM_4552998297316576788.txt (Time: 0.11s)
✓ Generated graph n=1500, m=58094, seed=8031431416522537101, type=UNIFORM -> ./input/random_graphs/graph_1500_58094_UNIFORM_8031431416522537101.txt (Time: 0.12s)
✓ Generated graph n=1500, m=58094, seed=5349491008325879064, type=UNIFORM -> ./input/random_graphs/graph_1500_58094_UNIFORM_5349491008325879064.txt (Time: 0.11s)
✓ Generated graph n=1500, m=58094, seed=7706236040662210848, type=UNIFORM -> ./input/random_graphs/graph_1500_58094_UNIFORM_7706236040662210848.txt (Time: 0.14s)
✓ Generated graph n=1500, m=58094, seed=6143643868734370809, type=UNIFORM -> ./input/random_graphs/graph_1500_58094_UNIFORM_6143643868734370809.txt (Time: 0.12s)
✓ Generated graph n=1500, m=58094, seed=1632192924771168275, type=UNIFORM -> ./input/random_graphs/graph_1500_58094_UNIFORM_1632192924771168275.txt (Time: 0.14s)
✓ Generated graph n=1500, m=58094, seed=3272308573967577038, type=UNIFORM -> ./input/random_graphs/graph_1500_58094_UNIFORM_3272308573967577038.txt (Time: 0.12s)
✓ Generated graph n=1500, m=58094, seed=4445925461710302877, type=UNIFORM -> ./input/random_graphs/graph_1500_58094_UNIFORM_4445925461710302877.txt (Time: 0.11s)
✓ Generated graph n=1500, m=58094, seed=5636411189175451024, type=UNIFORM -> ./input/random_graphs/graph_1500_58094_UNIFORM_5636411189175451024.txt (Time: 0.13s)
✓ Generated graph n=1500, m=58094, seed=3865339568260874865, type=UNIFORM -> ./input/random_graphs/graph_1500_58094_UNIFORM_3865339568260874865.txt (Time: 0.11s)
✓ Generated graph n=1500, m=58094, seed=7917045922527545890, type=UNIFORM -> ./input/random_graphs/graph_1500_58094_UNIFORM_7917045922527545890.txt (Time: 0.12s)
✓ Generated graph n=1500, m=58094, seed=7921282862123281598, type=UNIFORM -> ./input/random_graphs/graph_1500_58094_UNIFORM_7921282862123281598.txt (Time: 0.11s)
✓ Generated graph n=1500, m=58094, seed=6614505080519948832, type=UNIFORM -> ./input/random_graphs/graph_1500_58094_UNIFORM_6614505080519948832.txt (Time: 0.13s)
✓ Generated graph n=1500, m=58094, seed=7938560551762094560, type=UNIFORM -> ./input/random_graphs/graph_1500_58094_UNIFORM_7938560551762094560.txt (Time: 0.13s)
✓ Generated graph n=1500, m=58094, seed=6224222471595207695, type=UNIFORM -> ./input/random_graphs/graph_1500_58094_UNIFORM_6224222471595207695.txt (Time: 0.11s)
✓ Generated graph n=1500, m=58094, seed=4122784633514911760, type=UNIFORM -> ./input/random_graphs/graph_1500_58094_UNIFORM_4122784633514911760.txt (Time: 0.17s)
✓ Generated graph n=1500, m=58094, seed=1128313391724783137, type=UNIFORM -> ./input/random_graphs/graph_1500_58094_UNIFORM_1128313391724783137.txt (Time: 0.11s)
✓ Generated graph n=1500, m=58094, seed=8718380604043999642, type=UNIFORM -> ./input/random_graphs/graph_1500_58094_UNIFORM_8718380604043999642.txt (Time: 0.12s)
✓ Generated graph n=1500, m=58094, seed=4997514996153925447, type=UNIFORM -> ./input/random_graphs/graph_1500_58094_UNIFORM_4997514996153925447.txt (Time: 0.12s)
✓ Generated graph n=1500, m=58094, seed=5063475852268941542, type=UNIFORM -> ./input/random_graphs/graph_1500_58094_UNIFORM_5063475852268941542.txt (Time: 0.12s)
✓ Generated graph n=1500, m=58094, seed=716820155901718944, type=UNIFORM -> ./input/random_graphs/graph_1500_58094_UNIFORM_716820155901718944.txt (Time: 0.14s)
✓ Generated graph n=1500, m=58094, seed=6529943913552561417, type=UNIFORM -> ./input/random_graphs/graph_1500_58094_UNIFORM_6529943913552561417.txt (Time: 0.11s)
✓ Generated graph n=1500, m=58094, seed=8446481348147407377, type=UNIFORM -> ./input/random_graphs/graph_1500_58094_UNIFORM_8446481348147407377.txt (Time: 0.12s)
✓ Generated graph n=1500, m=58094, seed=3817405844514670994, type=UNIFORM -> ./input/random_graphs/graph_1500_58094_UNIFORM_3817405844514670994.txt (Time: 0.12s)
✓ Generated graph n=1500, m=58094, seed=1170385908854608748, type=UNIFORM -> ./input/random_graphs/graph_1500_58094_UNIFORM_1170385908854608748.txt (Time: 0.11s)
✓ Generated graph n=1500, m=58094, seed=2909934787168262407, type=UNIFORM -> ./input/random_graphs/graph_1500_58094_UNIFORM_2909934787168262407.txt (Time: 0.12s)
✓ Generated graph n=1500, m=58094, seed=6022436717541034636, type=UNIFORM -> ./input/random_graphs/graph_1500_58094_UNIFORM_6022436717541034636.txt (Time: 0.12s)
✓ Generated graph n=1500, m=58094, seed=199422815561151340, type=UNIFORM -> ./input/random_graphs/graph_1500_58094_UNIFORM_199422815561151340.txt (Time: 0.12s)
✓ Generated graph n=1500, m=58094, seed=3713827327871807734, type=UNIFORM -> ./input/random_graphs/graph_1500_58094_UNIFORM_3713827327871807734.txt (Time: 0.12s)
✓ Generated graph n=1500, m=58094, seed=5108599054664628607, type=UNIFORM -> ./input/random_graphs/graph_1500_58094_UNIFORM_5108599054664628607.txt (Time: 0.12s)
✓ Generated graph n=1500, m=58094, seed=175493991617213850, type=UNIFORM -> ./input/random_graphs/graph_1500_58094_UNIFORM_175493991617213850.txt (Time: 0.12s)
✓ Generated graph n=1500, m=58094, seed=7644420139408884785, type=UNIFORM -> ./input/random_graphs/graph_1500_58094_UNIFORM_7644420139408884785.txt (Time: 0.12s)
✓ Generated graph n=1500, m=58094, seed=6764066939395682287, type=UNIFORM -> ./input/random_graphs/graph_1500_58094_UNIFORM_6764066939395682287.txt (Time: 0.12s)
✓ Generated graph n=1500, m=58094, seed=9130666990809746335, type=UNIFORM -> ./input/random_graphs/graph_1500_58094_UNIFORM_9130666990809746335.txt (Time: 0.12s)
✓ Generated graph n=1500, m=58094, seed=1458186392400727732, type=UNIFORM -> ./input/random_graphs/graph_1500_58094_UNIFORM_1458186392400727732.txt (Time: 0.12s)
✓ Generated graph n=1500, m=58094, seed=4250897495980125004, type=UNIFORM -> ./input/random_graphs/graph_1500_58094_UNIFORM_4250897495980125004.txt (Time: 0.12s)
✓ Generated graph n=1500, m=58094, seed=1392892770529522614, type=UNIFORM -> ./input/random_graphs/graph_1500_58094_UNIFORM_1392892770529522614.txt (Time: 0.13s)
✓ Generated graph n=1500, m=58094, seed=9060210648189963449, type=UNIFORM -> ./input/random_graphs/graph_1500_58094_UNIFORM_9060210648189963449.txt (Time: 0.13s)
✓ Generated graph n=1500, m=58094, seed=8794274795737982182, type=UNIFORM -> ./input/random_graphs/graph_1500_58094_UNIFORM_8794274795737982182.txt (Time: 0.12s)
✓ Generated graph n=1500, m=58094, seed=2089506265998900862, type=UNIFORM -> ./input/random_graphs/graph_1500_58094_UNIFORM_2089506265998900862.txt (Time: 0.12s)
✓ Generated graph n=1500, m=58094, seed=1332005502874566195, type=UNIFORM -> ./input/random_graphs/graph_1500_58094_UNIFORM_1332005502874566195.txt (Time: 0.12s)
✓ Generated graph n=1500, m=58094, seed=5497874167834979553, type=UNIFORM -> ./input/random_graphs/graph_1500_58094_UNIFORM_5497874167834979553.txt (Time: 0.13s)
✓ Generated graph n=1500, m=58094, seed=4060584409398689268, type=UNIFORM -> ./input/random_graphs/graph_1500_58094_UNIFORM_4060584409398689268.txt (Time: 0.13s)
✓ Generated graph n=1500, m=58094, seed=8626102704817790064, type=UNIFORM -> ./input/random_graphs/graph_1500_58094_UNIFORM_8626102704817790064.txt (Time: 0.12s)
✓ Generated graph n=1500, m=58094, seed=8448596294177070022, type=UNIFORM -> ./input/random_graphs/graph_1500_58094_UNIFORM_8448596294177070022.txt (Time: 0.12s)
✓ Generated graph n=1500, m=58094, seed=1722224698700348310, type=UNIFORM -> ./input/random_graphs/graph_1500_58094_UNIFORM_1722224698700348310.txt (Time: 0.13s)
✓ Generated graph n=1500, m=58094, seed=7905487461282246979, type=UNIFORM -> ./input/random_graphs/graph_1500_58094_UNIFORM_7905487461282246979.txt (Time: 0.14s)
✓ Generated graph n=1500, m=58094, seed=4795749165124911768, type=UNIFORM -> ./input/random_graphs/graph_1500_58094_UNIFORM_4795749165124911768.txt (Time: 0.12s)
✓ Generated graph n=1500, m=58094, seed=4934890601268679176, type=UNIFORM -> ./input/random_graphs/graph_1500_58094_UNIFORM_4934890601268679176.txt (Time: 0.13s)
✓ Generated graph n=1500, m=58094, seed=1992204328026194281, type=UNIFORM -> ./input/random_graphs/graph_1500_58094_UNIFORM_1992204328026194281.txt (Time: 0.12s)
✓ Generated graph n=1500, m=58094, seed=7118744415197196276, type=UNIFORM -> ./input/random_graphs/graph_1500_58094_UNIFORM_7118744415197196276.txt (Time: 0.12s)
✓ Generated graph n=1500, m=58094, seed=2718103348384927511, type=UNIFORM -> ./input/random_graphs/graph_1500_58094_UNIFORM_2718103348384927511.txt (Time: 0.12s)
✓ Generated graph n=1500, m=58094, seed=9059990922233379852, type=UNIFORM -> ./input/random_graphs/graph_1500_58094_UNIFORM_9059990922233379852.txt (Time: 0.13s)
✓ Generated graph n=1500, m=58094, seed=3221421291694197220, type=UNIFORM -> ./input/random_graphs/graph_1500_58094_UNIFORM_3221421291694197220.txt (Time: 0.12s)
✓ Generated graph n=1500, m=58094, seed=7449662661572224354, type=UNIFORM -> ./input/random_graphs/graph_1500_58094_UNIFORM_7449662661572224354.txt (Time: 0.13s)
✓ Generated graph n=1500, m=58094, seed=8867616339855336876, type=UNIFORM -> ./input/random_graphs/graph_1500_58094_UNIFORM_8867616339855336876.txt (Time: 0.13s)
✓ Generated graph n=1500, m=58094, seed=7983805977214098674, type=UNIFORM -> ./input/random_graphs/graph_1500_58094_UNIFORM_7983805977214098674.txt (Time: 0.12s)
✓ Generated graph n=1500, m=58094, seed=5894893360759659423, type=UNIFORM -> ./input/random_graphs/graph_1500_58094_UNIFORM_5894893360759659423.txt (Time: 0.13s)
✓ Generated graph n=1500, m=58094, seed=2264398621601381987, type=UNIFORM -> ./input/random_graphs/graph_1500_58094_UNIFORM_2264398621601381987.txt (Time: 0.13s)
✓ Generated graph n=1500, m=58094, seed=4940913311242578590, type=UNIFORM -> ./input/random_graphs/graph_1500_58094_UNIFORM_4940913311242578590.txt (Time: 0.14s)
✓ Generated graph n=1500, m=58094, seed=7632458674696225362, type=UNIFORM -> ./input/random_graphs/graph_1500_58094_UNIFORM_7632458674696225362.txt (Time: 0.14s)
✓ Generated graph n=1750, m=73207, seed=3881801951614183357, type=UNIFORM -> ./input/random_graphs/graph_1750_73207_UNIFORM_3881801951614183357.txt (Time: 0.13s)
✓ Generated graph n=1750, m=73207, seed=7871178979383552919, type=UNIFORM -> ./input/random_graphs/graph_1750_73207_UNIFORM_7871178979383552919.txt (Time: 0.15s)
✓ Generated graph n=1750, m=73207, seed=7599700178212337699, type=UNIFORM -> ./input/random_graphs/graph_1750_73207_UNIFORM_7599700178212337699.txt (Time: 0.13s)
✓ Generated graph n=1750, m=73207, seed=1070244953599069350, type=UNIFORM -> ./input/random_graphs/graph_1750_73207_UNIFORM_1070244953599069350.txt (Time: 0.13s)
✓ Generated graph n=1750, m=73207, seed=6230961512046992311, type=UNIFORM -> ./input/random_graphs/graph_1750_73207_UNIFORM_6230961512046992311.txt (Time: 0.17s)
✓ Generated graph n=1750, m=73207, seed=5739955973604961613, type=UNIFORM -> ./input/random_graphs/graph_1750_73207_UNIFORM_5739955973604961613.txt (Time: 0.17s)
✓ Generated graph n=1750, m=73207, seed=6522163754831416203, type=UNIFORM -> ./input/random_graphs/graph_1750_73207_UNIFORM_6522163754831416203.txt (Time: 0.15s)
✓ Generated graph n=1750, m=73207, seed=6938562734920028532, type=UNIFORM -> ./input/random_graphs/graph_1750_73207_UNIFORM_6938562734920028532.txt (Time: 0.14s)
✓ Generated graph n=1750, m=73207, seed=1250005700364523649, type=UNIFORM -> ./input/random_graphs/graph_1750_73207_UNIFORM_1250005700364523649.txt (Time: 0.15s)
✓ Generated graph n=1750, m=73207, seed=1353182403971399009, type=UNIFORM -> ./input/random_graphs/graph_1750_73207_UNIFORM_1353182403971399009.txt (Time: 0.16s)
✓ Generated graph n=1750, m=73207, seed=7032710160631691991, type=UNIFORM -> ./input/random_graphs/graph_1750_73207_UNIFORM_7032710160631691991.txt (Time: 0.17s)
✓ Generated graph n=1750, m=73207, seed=4040737767143389431, type=UNIFORM -> ./input/random_graphs/graph_1750_73207_UNIFORM_4040737767143389431.txt (Time: 0.15s)
✓ Generated graph n=1750, m=73207, seed=7663871783842725848, type=UNIFORM -> ./input/random_graphs/graph_1750_73207_UNIFORM_7663871783842725848.txt (Time: 0.15s)
✓ Generated graph n=1750, m=73207, seed=320375091487821987, type=UNIFORM -> ./input/random_graphs/graph_1750_73207_UNIFORM_320375091487821987.txt (Time: 0.15s)
✓ Generated graph n=1750, m=73207, seed=3438400432146115956, type=UNIFORM -> ./input/random_graphs/graph_1750_73207_UNIFORM_3438400432146115956.txt (Time: 0.14s)
✓ Generated graph n=1750, m=73207, seed=1309542850049879452, type=UNIFORM -> ./input/random_graphs/graph_1750_73207_UNIFORM_1309542850049879452.txt (Time: 0.16s)
✓ Generated graph n=1750, m=73207, seed=2429002973740178792, type=UNIFORM -> ./input/random_graphs/graph_1750_73207_UNIFORM_2429002973740178792.txt (Time: 0.16s)
✓ Generated graph n=1750, m=73207, seed=1250773459040295677, type=UNIFORM -> ./input/random_graphs/graph_1750_73207_UNIFORM_1250773459040295677.txt (Time: 0.15s)
✓ Generated graph n=1750, m=73207, seed=7473196763798409428, type=UNIFORM -> ./input/random_graphs/graph_1750_73207_UNIFORM_7473196763798409428.txt (Time: 0.13s)
✓ Generated graph n=1750, m=73207, seed=5142811650494845597, type=UNIFORM -> ./input/random_graphs/graph_1750_73207_UNIFORM_5142811650494845597.txt (Time: 0.13s)
✓ Generated graph n=1750, m=73207, seed=5906957480796939447, type=UNIFORM -> ./input/random_graphs/graph_1750_73207_UNIFORM_5906957480796939447.txt (Time: 0.17s)
✓ Generated graph n=1750, m=73207, seed=6002685213311538187, type=UNIFORM -> ./input/random_graphs/graph_1750_73207_UNIFORM_6002685213311538187.txt (Time: 0.12s)
✓ Generated graph n=1750, m=73207, seed=7146860528564146064, type=UNIFORM -> ./input/random_graphs/graph_1750_73207_UNIFORM_7146860528564146064.txt (Time: 0.17s)
✓ Generated graph n=1750, m=73207, seed=5139481885857321791, type=UNIFORM -> ./input/random_graphs/graph_1750_73207_UNIFORM_5139481885857321791.txt (Time: 0.16s)
✓ Generated graph n=1750, m=73207, seed=1731523882129807996, type=UNIFORM -> ./input/random_graphs/graph_1750_73207_UNIFORM_1731523882129807996.txt (Time: 0.12s)
✓ Generated graph n=1750, m=73207, seed=3010622984418968408, type=UNIFORM -> ./input/random_graphs/graph_1750_73207_UNIFORM_3010622984418968408.txt (Time: 0.16s)
✓ Generated graph n=1750, m=73207, seed=5708372698381010775, type=UNIFORM -> ./input/random_graphs/graph_1750_73207_UNIFORM_5708372698381010775.txt (Time: 0.17s)
✓ Generated graph n=1750, m=73207, seed=521787134863155063, type=UNIFORM -> ./input/random_graphs/graph_1750_73207_UNIFORM_521787134863155063.txt (Time: 0.17s)
✓ Generated graph n=1750, m=73207, seed=5529616217668449934, type=UNIFORM -> ./input/random_graphs/graph_1750_73207_UNIFORM_5529616217668449934.txt (Time: 0.13s)
✓ Generated graph n=1750, m=73207, seed=6785030173969523435, type=UNIFORM -> ./input/random_graphs/graph_1750_73207_UNIFORM_6785030173969523435.txt (Time: 0.13s)
✓ Generated graph n=1750, m=73207, seed=1024517563182776983, type=UNIFORM -> ./input/random_graphs/graph_1750_73207_UNIFORM_1024517563182776983.txt (Time: 0.13s)
✓ Generated graph n=1750, m=73207, seed=1853590723603270879, type=UNIFORM -> ./input/random_graphs/graph_1750_73207_UNIFORM_1853590723603270879.txt (Time: 0.16s)
✓ Generated graph n=1750, m=73207, seed=5258051056098597521, type=UNIFORM -> ./input/random_graphs/graph_1750_73207_UNIFORM_5258051056098597521.txt (Time: 0.12s)
✓ Generated graph n=1750, m=73207, seed=7029781962072644698, type=UNIFORM -> ./input/random_graphs/graph_1750_73207_UNIFORM_7029781962072644698.txt (Time: 0.17s)
✓ Generated graph n=1750, m=73207, seed=824387247617288499, type=UNIFORM -> ./input/random_graphs/graph_1750_73207_UNIFORM_824387247617288499.txt (Time: 0.13s)
✓ Generated graph n=1750, m=73207, seed=7706236040662210848, type=UNIFORM -> ./input/random_graphs/graph_1750_73207_UNIFORM_7706236040662210848.txt (Time: 0.14s)
✓ Generated graph n=1750, m=73207, seed=7161906730445628483, type=UNIFORM -> ./input/random_graphs/graph_1750_73207_UNIFORM_7161906730445628483.txt (Time: 0.13s)
✓ Generated graph n=1750, m=73207, seed=3224265581699847191, type=UNIFORM -> ./input/random_graphs/graph_1750_73207_UNIFORM_3224265581699847191.txt (Time: 0.17s)
✓ Generated graph n=1750, m=73207, seed=4552998297316576788, type=UNIFORM -> ./input/random_graphs/graph_1750_73207_UNIFORM_4552998297316576788.txt (Time: 0.14s)
✓ Generated graph n=1750, m=73207, seed=3272308573967577038, type=UNIFORM -> ./input/random_graphs/graph_1750_73207_UNIFORM_3272308573967577038.txt (Time: 0.13s)
✓ Generated graph n=1750, m=73207, seed=8031431416522537101, type=UNIFORM -> ./input/random_graphs/graph_1750_73207_UNIFORM_8031431416522537101.txt (Time: 0.14s)
✓ Generated graph n=1750, m=73207, seed=4122784633514911760, type=UNIFORM -> ./input/random_graphs/graph_1750_73207_UNIFORM_4122784633514911760.txt (Time: 0.17s)
✓ Generated graph n=1750, m=73207, seed=1647170069535670909, type=UNIFORM -> ./input/random_graphs/graph_1750_73207_UNIFORM_1647170069535670909.txt (Time: 0.17s)
✓ Generated graph n=1750, m=73207, seed=1632192924771168275, type=UNIFORM -> ./input/random_graphs/graph_1750_73207_UNIFORM_1632192924771168275.txt (Time: 0.16s)
✓ Generated graph n=1750, m=73207, seed=6143643868734370809, type=UNIFORM -> ./input/random_graphs/graph_1750_73207_UNIFORM_6143643868734370809.txt (Time: 0.15s)
✓ Generated graph n=1750, m=73207, seed=5349491008325879064, type=UNIFORM -> ./input/random_graphs/graph_1750_73207_UNIFORM_5349491008325879064.txt (Time: 0.15s)
✓ Generated graph n=1750, m=73207, seed=7938560551762094560, type=UNIFORM -> ./input/random_graphs/graph_1750_73207_UNIFORM_7938560551762094560.txt (Time: 0.14s)
✓ Generated graph n=1750, m=73207, seed=6802378520969450157, type=UNIFORM -> ./input/random_graphs/graph_1750_73207_UNIFORM_6802378520969450157.txt (Time: 0.17s)
✓ Generated graph n=1750, m=73207, seed=7917045922527545890, type=UNIFORM -> ./input/random_graphs/graph_1750_73207_UNIFORM_7917045922527545890.txt (Time: 0.14s)
✓ Generated graph n=1750, m=73207, seed=3865339568260874865, type=UNIFORM -> ./input/random_graphs/graph_1750_73207_UNIFORM_3865339568260874865.txt (Time: 0.13s)
✓ Generated graph n=1750, m=73207, seed=5636411189175451024, type=UNIFORM -> ./input/random_graphs/graph_1750_73207_UNIFORM_5636411189175451024.txt (Time: 0.16s)
✓ Generated graph n=1750, m=73207, seed=6614505080519948832, type=UNIFORM -> ./input/random_graphs/graph_1750_73207_UNIFORM_6614505080519948832.txt (Time: 0.16s)
✓ Generated graph n=1750, m=73207, seed=1128313391724783137, type=UNIFORM -> ./input/random_graphs/graph_1750_73207_UNIFORM_1128313391724783137.txt (Time: 0.13s)
✓ Generated graph n=1750, m=73207, seed=4445925461710302877, type=UNIFORM -> ./input/random_graphs/graph_1750_73207_UNIFORM_4445925461710302877.txt (Time: 0.16s)
✓ Generated graph n=1750, m=73207, seed=6224222471595207695, type=UNIFORM -> ./input/random_graphs/graph_1750_73207_UNIFORM_6224222471595207695.txt (Time: 0.16s)
✓ Generated graph n=1750, m=73207, seed=5063475852268941542, type=UNIFORM -> ./input/random_graphs/graph_1750_73207_UNIFORM_5063475852268941542.txt (Time: 0.13s)
✓ Generated graph n=1750, m=73207, seed=7921282862123281598, type=UNIFORM -> ./input/random_graphs/graph_1750_73207_UNIFORM_7921282862123281598.txt (Time: 0.17s)
✓ Generated graph n=1750, m=73207, seed=8446481348147407377, type=UNIFORM -> ./input/random_graphs/graph_1750_73207_UNIFORM_8446481348147407377.txt (Time: 0.14s)
✓ Generated graph n=1750, m=73207, seed=3817405844514670994, type=UNIFORM -> ./input/random_graphs/graph_1750_73207_UNIFORM_3817405844514670994.txt (Time: 0.13s)
✓ Generated graph n=1750, m=73207, seed=716820155901718944, type=UNIFORM -> ./input/random_graphs/graph_1750_73207_UNIFORM_716820155901718944.txt (Time: 0.16s)
✓ Generated graph n=1750, m=73207, seed=8718380604043999642, type=UNIFORM -> ./input/random_graphs/graph_1750_73207_UNIFORM_8718380604043999642.txt (Time: 0.16s)
✓ Generated graph n=1750, m=73207, seed=6022436717541034636, type=UNIFORM -> ./input/random_graphs/graph_1750_73207_UNIFORM_6022436717541034636.txt (Time: 0.12s)
✓ Generated graph n=1750, m=73207, seed=4997514996153925447, type=UNIFORM -> ./input/random_graphs/graph_1750_73207_UNIFORM_4997514996153925447.txt (Time: 0.16s)
✓ Generated graph n=1750, m=73207, seed=199422815561151340, type=UNIFORM -> ./input/random_graphs/graph_1750_73207_UNIFORM_199422815561151340.txt (Time: 0.13s)
✓ Generated graph n=1750, m=73207, seed=1170385908854608748, type=UNIFORM -> ./input/random_graphs/graph_1750_73207_UNIFORM_1170385908854608748.txt (Time: 0.14s)
✓ Generated graph n=1750, m=73207, seed=6529943913552561417, type=UNIFORM -> ./input/random_graphs/graph_1750_73207_UNIFORM_6529943913552561417.txt (Time: 0.16s)
✓ Generated graph n=1750, m=73207, seed=2909934787168262407, type=UNIFORM -> ./input/random_graphs/graph_1750_73207_UNIFORM_2909934787168262407.txt (Time: 0.16s)
✓ Generated graph n=1750, m=73207, seed=3713827327871807734, type=UNIFORM -> ./input/random_graphs/graph_1750_73207_UNIFORM_3713827327871807734.txt (Time: 0.14s)
✓ Generated graph n=1750, m=73207, seed=6764066939395682287, type=UNIFORM -> ./input/random_graphs/graph_1750_73207_UNIFORM_6764066939395682287.txt (Time: 0.13s)
✓ Generated graph n=1750, m=73207, seed=175493991617213850, type=UNIFORM -> ./input/random_graphs/graph_1750_73207_UNIFORM_175493991617213850.txt (Time: 0.14s)
✓ Generated graph n=1750, m=73207, seed=5108599054664628607, type=UNIFORM -> ./input/random_graphs/graph_1750_73207_UNIFORM_5108599054664628607.txt (Time: 0.14s)
✓ Generated graph n=1750, m=73207, seed=1458186392400727732, type=UNIFORM -> ./input/random_graphs/graph_1750_73207_UNIFORM_1458186392400727732.txt (Time: 0.14s)
✓ Generated graph n=1750, m=73207, seed=4250897495980125004, type=UNIFORM -> ./input/random_graphs/graph_1750_73207_UNIFORM_4250897495980125004.txt (Time: 0.14s)
✓ Generated graph n=1750, m=73207, seed=9060210648189963449, type=UNIFORM -> ./input/random_graphs/graph_1750_73207_UNIFORM_9060210648189963449.txt (Time: 0.14s)
✓ Generated graph n=1750, m=73207, seed=7644420139408884785, type=UNIFORM -> ./input/random_graphs/graph_1750_73207_UNIFORM_7644420139408884785.txt (Time: 0.15s)
✓ Generated graph n=1750, m=73207, seed=5497874167834979553, type=UNIFORM -> ./input/random_graphs/graph_1750_73207_UNIFORM_5497874167834979553.txt (Time: 0.14s)
✓ Generated graph n=1750, m=73207, seed=9130666990809746335, type=UNIFORM -> ./input/random_graphs/graph_1750_73207_UNIFORM_9130666990809746335.txt (Time: 0.16s)
✓ Generated graph n=1750, m=73207, seed=1392892770529522614, type=UNIFORM -> ./input/random_graphs/graph_1750_73207_UNIFORM_1392892770529522614.txt (Time: 0.16s)
✓ Generated graph n=1750, m=73207, seed=1722224698700348310, type=UNIFORM -> ./input/random_graphs/graph_1750_73207_UNIFORM_1722224698700348310.txt (Time: 0.13s)
✓ Generated graph n=1750, m=73207, seed=8794274795737982182, type=UNIFORM -> ./input/random_graphs/graph_1750_73207_UNIFORM_8794274795737982182.txt (Time: 0.16s)
✓ Generated graph n=1750, m=73207, seed=2089506265998900862, type=UNIFORM -> ./input/random_graphs/graph_1750_73207_UNIFORM_2089506265998900862.txt (Time: 0.16s)
✓ Generated graph n=1750, m=73207, seed=1332005502874566195, type=UNIFORM -> ./input/random_graphs/graph_1750_73207_UNIFORM_1332005502874566195.txt (Time: 0.15s)
✓ Generated graph n=1750, m=73207, seed=7905487461282246979, type=UNIFORM -> ./input/random_graphs/graph_1750_73207_UNIFORM_7905487461282246979.txt (Time: 0.12s)
✓ Generated graph n=1750, m=73207, seed=4060584409398689268, type=UNIFORM -> ./input/random_graphs/graph_1750_73207_UNIFORM_4060584409398689268.txt (Time: 0.16s)
✓ Generated graph n=1750, m=73207, seed=8626102704817790064, type=UNIFORM -> ./input/random_graphs/graph_1750_73207_UNIFORM_8626102704817790064.txt (Time: 0.15s)
✓ Generated graph n=1750, m=73207, seed=1992204328026194281, type=UNIFORM -> ./input/random_graphs/graph_1750_73207_UNIFORM_1992204328026194281.txt (Time: 0.12s)
✓ Generated graph n=1750, m=73207, seed=9059990922233379852, type=UNIFORM -> ./input/random_graphs/graph_1750_73207_UNIFORM_9059990922233379852.txt (Time: 0.12s)
✓ Generated graph n=1750, m=73207, seed=8448596294177070022, type=UNIFORM -> ./input/random_graphs/graph_1750_73207_UNIFORM_8448596294177070022.txt (Time: 0.15s)
✓ Generated graph n=1750, m=73207, seed=7118744415197196276, type=UNIFORM -> ./input/random_graphs/graph_1750_73207_UNIFORM_7118744415197196276.txt (Time: 0.13s)
✓ Generated graph n=1750, m=73207, seed=4795749165124911768, type=UNIFORM -> ./input/random_graphs/graph_1750_73207_UNIFORM_4795749165124911768.txt (Time: 0.16s)
✓ Generated graph n=1750, m=73207, seed=4934890601268679176, type=UNIFORM -> ./input/random_graphs/graph_1750_73207_UNIFORM_4934890601268679176.txt (Time: 0.16s)
✓ Generated graph n=1750, m=73207, seed=8867616339855336876, type=UNIFORM -> ./input/random_graphs/graph_1750_73207_UNIFORM_8867616339855336876.txt (Time: 0.13s)
✓ Generated graph n=1750, m=73207, seed=3221421291694197220, type=UNIFORM -> ./input/random_graphs/graph_1750_73207_UNIFORM_3221421291694197220.txt (Time: 0.13s)
✓ Generated graph n=1750, m=73207, seed=2718103348384927511, type=UNIFORM -> ./input/random_graphs/graph_1750_73207_UNIFORM_2718103348384927511.txt (Time: 0.15s)
✓ Generated graph n=1750, m=73207, seed=2264398621601381987, type=UNIFORM -> ./input/random_graphs/graph_1750_73207_UNIFORM_2264398621601381987.txt (Time: 0.13s)
✓ Generated graph n=1750, m=73207, seed=7449662661572224354, type=UNIFORM -> ./input/random_graphs/graph_1750_73207_UNIFORM_7449662661572224354.txt (Time: 0.15s)
✓ Generated graph n=1750, m=73207, seed=7632458674696225362, type=UNIFORM -> ./input/random_graphs/graph_1750_73207_UNIFORM_7632458674696225362.txt (Time: 0.12s)
✓ Generated graph n=1750, m=73207, seed=4940913311242578590, type=UNIFORM -> ./input/random_graphs/graph_1750_73207_UNIFORM_4940913311242578590.txt (Time: 0.15s)
✓ Generated graph n=1750, m=73207, seed=5894893360759659423, type=UNIFORM -> ./input/random_graphs/graph_1750_73207_UNIFORM_5894893360759659423.txt (Time: 0.15s)
✓ Generated graph n=1750, m=73207, seed=7983805977214098674, type=UNIFORM -> ./input/random_graphs/graph_1750_73207_UNIFORM_7983805977214098674.txt (Time: 0.15s)
✓ Generated graph n=2000, m=89442, seed=6230961512046992311, type=UNIFORM -> ./input/random_graphs/graph_2000_89442_UNIFORM_6230961512046992311.txt (Time: 0.15s)
✓ Generated graph n=2000, m=89442, seed=7871178979383552919, type=UNIFORM -> ./input/random_graphs/graph_2000_89442_UNIFORM_7871178979383552919.txt (Time: 0.16s)
✓ Generated graph n=2000, m=89442, seed=7032710160631691991, type=UNIFORM -> ./input/random_graphs/graph_2000_89442_UNIFORM_7032710160631691991.txt (Time: 0.16s)
✓ Generated graph n=2000, m=89442, seed=3881801951614183357, type=UNIFORM -> ./input/random_graphs/graph_2000_89442_UNIFORM_3881801951614183357.txt (Time: 0.17s)
✓ Generated graph n=2000, m=89442, seed=5739955973604961613, type=UNIFORM -> ./input/random_graphs/graph_2000_89442_UNIFORM_5739955973604961613.txt (Time: 0.17s)
✓ Generated graph n=2000, m=89442, seed=7599700178212337699, type=UNIFORM -> ./input/random_graphs/graph_2000_89442_UNIFORM_7599700178212337699.txt (Time: 0.17s)
✓ Generated graph n=2000, m=89442, seed=6938562734920028532, type=UNIFORM -> ./input/random_graphs/graph_2000_89442_UNIFORM_6938562734920028532.txt (Time: 0.15s)
✓ Generated graph n=2000, m=89442, seed=1353182403971399009, type=UNIFORM -> ./input/random_graphs/graph_2000_89442_UNIFORM_1353182403971399009.txt (Time: 0.17s)
✓ Generated graph n=2000, m=89442, seed=1309542850049879452, type=UNIFORM -> ./input/random_graphs/graph_2000_89442_UNIFORM_1309542850049879452.txt (Time: 0.15s)
✓ Generated graph n=2000, m=89442, seed=5906957480796939447, type=UNIFORM -> ./input/random_graphs/graph_2000_89442_UNIFORM_5906957480796939447.txt (Time: 0.13s)
✓ Generated graph n=2000, m=89442, seed=6522163754831416203, type=UNIFORM -> ./input/random_graphs/graph_2000_89442_UNIFORM_6522163754831416203.txt (Time: 0.17s)
✓ Generated graph n=2000, m=89442, seed=320375091487821987, type=UNIFORM -> ./input/random_graphs/graph_2000_89442_UNIFORM_320375091487821987.txt (Time: 0.14s)
✓ Generated graph n=2000, m=89442, seed=4040737767143389431, type=UNIFORM -> ./input/random_graphs/graph_2000_89442_UNIFORM_4040737767143389431.txt (Time: 0.18s)
✓ Generated graph n=2000, m=89442, seed=7146860528564146064, type=UNIFORM -> ./input/random_graphs/graph_2000_89442_UNIFORM_7146860528564146064.txt (Time: 0.14s)
✓ Generated graph n=2000, m=89442, seed=1070244953599069350, type=UNIFORM -> ./input/random_graphs/graph_2000_89442_UNIFORM_1070244953599069350.txt (Time: 0.19s)
✓ Generated graph n=2000, m=89442, seed=2429002973740178792, type=UNIFORM -> ./input/random_graphs/graph_2000_89442_UNIFORM_2429002973740178792.txt (Time: 0.18s)
✓ Generated graph n=2000, m=89442, seed=1250005700364523649, type=UNIFORM -> ./input/random_graphs/graph_2000_89442_UNIFORM_1250005700364523649.txt (Time: 0.18s)
✓ Generated graph n=2000, m=89442, seed=7663871783842725848, type=UNIFORM -> ./input/random_graphs/graph_2000_89442_UNIFORM_7663871783842725848.txt (Time: 0.17s)
✓ Generated graph n=2000, m=89442, seed=5139481885857321791, type=UNIFORM -> ./input/random_graphs/graph_2000_89442_UNIFORM_5139481885857321791.txt (Time: 0.14s)
✓ Generated graph n=2000, m=89442, seed=5142811650494845597, type=UNIFORM -> ./input/random_graphs/graph_2000_89442_UNIFORM_5142811650494845597.txt (Time: 0.15s)
✓ Generated graph n=2000, m=89442, seed=6002685213311538187, type=UNIFORM -> ./input/random_graphs/graph_2000_89442_UNIFORM_6002685213311538187.txt (Time: 0.14s)
✓ Generated graph n=2000, m=89442, seed=1250773459040295677, type=UNIFORM -> ./input/random_graphs/graph_2000_89442_UNIFORM_1250773459040295677.txt (Time: 0.18s)
✓ Generated graph n=2000, m=89442, seed=3438400432146115956, type=UNIFORM -> ./input/random_graphs/graph_2000_89442_UNIFORM_3438400432146115956.txt (Time: 0.17s)
✓ Generated graph n=2000, m=89442, seed=521787134863155063, type=UNIFORM -> ./input/random_graphs/graph_2000_89442_UNIFORM_521787134863155063.txt (Time: 0.14s)
✓ Generated graph n=2000, m=89442, seed=7473196763798409428, type=UNIFORM -> ./input/random_graphs/graph_2000_89442_UNIFORM_7473196763798409428.txt (Time: 0.18s)
✓ Generated graph n=2000, m=89442, seed=5708372698381010775, type=UNIFORM -> ./input/random_graphs/graph_2000_89442_UNIFORM_5708372698381010775.txt (Time: 0.17s)
✓ Generated graph n=2000, m=89442, seed=3010622984418968408, type=UNIFORM -> ./input/random_graphs/graph_2000_89442_UNIFORM_3010622984418968408.txt (Time: 0.18s)
✓ Generated graph n=2000, m=89442, seed=1731523882129807996, type=UNIFORM -> ./input/random_graphs/graph_2000_89442_UNIFORM_1731523882129807996.txt (Time: 0.17s)
✓ Generated graph n=2000, m=89442, seed=6785030173969523435, type=UNIFORM -> ./input/random_graphs/graph_2000_89442_UNIFORM_6785030173969523435.txt (Time: 0.15s)
✓ Generated graph n=2000, m=89442, seed=7029781962072644698, type=UNIFORM -> ./input/random_graphs/graph_2000_89442_UNIFORM_7029781962072644698.txt (Time: 0.18s)
✓ Generated graph n=2000, m=89442, seed=1853590723603270879, type=UNIFORM -> ./input/random_graphs/graph_2000_89442_UNIFORM_1853590723603270879.txt (Time: 0.18s)
✓ Generated graph n=2000, m=89442, seed=5529616217668449934, type=UNIFORM -> ./input/random_graphs/graph_2000_89442_UNIFORM_5529616217668449934.txt (Time: 0.15s)
✓ Generated graph n=2000, m=89442, seed=3224265581699847191, type=UNIFORM -> ./input/random_graphs/graph_2000_89442_UNIFORM_3224265581699847191.txt (Time: 0.15s)
✓ Generated graph n=2000, m=89442, seed=1647170069535670909, type=UNIFORM -> ./input/random_graphs/graph_2000_89442_UNIFORM_1647170069535670909.txt (Time: 0.15s)
✓ Generated graph n=2000, m=89442, seed=7161906730445628483, type=UNIFORM -> ./input/random_graphs/graph_2000_89442_UNIFORM_7161906730445628483.txt (Time: 0.13s)
✓ Generated graph n=2000, m=89442, seed=824387247617288499, type=UNIFORM -> ./input/random_graphs/graph_2000_89442_UNIFORM_824387247617288499.txt (Time: 0.15s)
✓ Generated graph n=2000, m=89442, seed=5258051056098597521, type=UNIFORM -> ./input/random_graphs/graph_2000_89442_UNIFORM_5258051056098597521.txt (Time: 0.16s)
✓ Generated graph n=2000, m=89442, seed=1024517563182776983, type=UNIFORM -> ./input/random_graphs/graph_2000_89442_UNIFORM_1024517563182776983.txt (Time: 0.16s)
✓ Generated graph n=2000, m=89442, seed=7706236040662210848, type=UNIFORM -> ./input/random_graphs/graph_2000_89442_UNIFORM_7706236040662210848.txt (Time: 0.16s)
✓ Generated graph n=2000, m=89442, seed=4122784633514911760, type=UNIFORM -> ./input/random_graphs/graph_2000_89442_UNIFORM_4122784633514911760.txt (Time: 0.16s)
✓ Generated graph n=2000, m=89442, seed=1632192924771168275, type=UNIFORM -> ./input/random_graphs/graph_2000_89442_UNIFORM_1632192924771168275.txt (Time: 0.15s)
✓ Generated graph n=2000, m=89442, seed=8031431416522537101, type=UNIFORM -> ./input/random_graphs/graph_2000_89442_UNIFORM_8031431416522537101.txt (Time: 0.14s)
✓ Generated graph n=2000, m=89442, seed=6143643868734370809, type=UNIFORM -> ./input/random_graphs/graph_2000_89442_UNIFORM_6143643868734370809.txt (Time: 0.14s)
✓ Generated graph n=2000, m=89442, seed=6802378520969450157, type=UNIFORM -> ./input/random_graphs/graph_2000_89442_UNIFORM_6802378520969450157.txt (Time: 0.17s)
✓ Generated graph n=2000, m=89442, seed=6614505080519948832, type=UNIFORM -> ./input/random_graphs/graph_2000_89442_UNIFORM_6614505080519948832.txt (Time: 0.14s)
✓ Generated graph n=2000, m=89442, seed=4552998297316576788, type=UNIFORM -> ./input/random_graphs/graph_2000_89442_UNIFORM_4552998297316576788.txt (Time: 0.17s)
✓ Generated graph n=2000, m=89442, seed=7921282862123281598, type=UNIFORM -> ./input/random_graphs/graph_2000_89442_UNIFORM_7921282862123281598.txt (Time: 0.13s)
✓ Generated graph n=2000, m=89442, seed=7917045922527545890, type=UNIFORM -> ./input/random_graphs/graph_2000_89442_UNIFORM_7917045922527545890.txt (Time: 0.14s)
✓ Generated graph n=2000, m=89442, seed=3272308573967577038, type=UNIFORM -> ./input/random_graphs/graph_2000_89442_UNIFORM_3272308573967577038.txt (Time: 0.18s)
✓ Generated graph n=2000, m=89442, seed=5636411189175451024, type=UNIFORM -> ./input/random_graphs/graph_2000_89442_UNIFORM_5636411189175451024.txt (Time: 0.18s)
✓ Generated graph n=2000, m=89442, seed=5349491008325879064, type=UNIFORM -> ./input/random_graphs/graph_2000_89442_UNIFORM_5349491008325879064.txt (Time: 0.18s)
✓ Generated graph n=2000, m=89442, seed=1128313391724783137, type=UNIFORM -> ./input/random_graphs/graph_2000_89442_UNIFORM_1128313391724783137.txt (Time: 0.14s)
✓ Generated graph n=2000, m=89442, seed=4445925461710302877, type=UNIFORM -> ./input/random_graphs/graph_2000_89442_UNIFORM_4445925461710302877.txt (Time: 0.17s)
✓ Generated graph n=2000, m=89442, seed=7938560551762094560, type=UNIFORM -> ./input/random_graphs/graph_2000_89442_UNIFORM_7938560551762094560.txt (Time: 0.18s)
✓ Generated graph n=2000, m=89442, seed=3865339568260874865, type=UNIFORM -> ./input/random_graphs/graph_2000_89442_UNIFORM_3865339568260874865.txt (Time: 0.17s)
✓ Generated graph n=2000, m=89442, seed=6224222471595207695, type=UNIFORM -> ./input/random_graphs/graph_2000_89442_UNIFORM_6224222471595207695.txt (Time: 0.17s)
✓ Generated graph n=2000, m=89442, seed=3817405844514670994, type=UNIFORM -> ./input/random_graphs/graph_2000_89442_UNIFORM_3817405844514670994.txt (Time: 0.14s)
✓ Generated graph n=2000, m=89442, seed=716820155901718944, type=UNIFORM -> ./input/random_graphs/graph_2000_89442_UNIFORM_716820155901718944.txt (Time: 0.18s)
✓ Generated graph n=2000, m=89442, seed=8446481348147407377, type=UNIFORM -> ./input/random_graphs/graph_2000_89442_UNIFORM_8446481348147407377.txt (Time: 0.17s)
✓ Generated graph n=2000, m=89442, seed=6529943913552561417, type=UNIFORM -> ./input/random_graphs/graph_2000_89442_UNIFORM_6529943913552561417.txt (Time: 0.14s)
✓ Generated graph n=2000, m=89442, seed=1170385908854608748, type=UNIFORM -> ./input/random_graphs/graph_2000_89442_UNIFORM_1170385908854608748.txt (Time: 0.14s)
✓ Generated graph n=2000, m=89442, seed=8718380604043999642, type=UNIFORM -> ./input/random_graphs/graph_2000_89442_UNIFORM_8718380604043999642.txt (Time: 0.19s)
✓ Generated graph n=2000, m=89442, seed=4997514996153925447, type=UNIFORM -> ./input/random_graphs/graph_2000_89442_UNIFORM_4997514996153925447.txt (Time: 0.18s)
✓ Generated graph n=2000, m=89442, seed=2909934787168262407, type=UNIFORM -> ./input/random_graphs/graph_2000_89442_UNIFORM_2909934787168262407.txt (Time: 0.15s)
✓ Generated graph n=2000, m=89442, seed=199422815561151340, type=UNIFORM -> ./input/random_graphs/graph_2000_89442_UNIFORM_199422815561151340.txt (Time: 0.14s)
✓ Generated graph n=2000, m=89442, seed=7644420139408884785, type=UNIFORM -> ./input/random_graphs/graph_2000_89442_UNIFORM_7644420139408884785.txt (Time: 0.13s)
✓ Generated graph n=2000, m=89442, seed=5063475852268941542, type=UNIFORM -> ./input/random_graphs/graph_2000_89442_UNIFORM_5063475852268941542.txt (Time: 0.19s)
✓ Generated graph n=2000, m=89442, seed=6764066939395682287, type=UNIFORM -> ./input/random_graphs/graph_2000_89442_UNIFORM_6764066939395682287.txt (Time: 0.15s)
✓ Generated graph n=2000, m=89442, seed=3713827327871807734, type=UNIFORM -> ./input/random_graphs/graph_2000_89442_UNIFORM_3713827327871807734.txt (Time: 0.16s)
✓ Generated graph n=2000, m=89442, seed=175493991617213850, type=UNIFORM -> ./input/random_graphs/graph_2000_89442_UNIFORM_175493991617213850.txt (Time: 0.15s)
✓ Generated graph n=2000, m=89442, seed=6022436717541034636, type=UNIFORM -> ./input/random_graphs/graph_2000_89442_UNIFORM_6022436717541034636.txt (Time: 0.17s)
✓ Generated graph n=2000, m=89442, seed=9130666990809746335, type=UNIFORM -> ./input/random_graphs/graph_2000_89442_UNIFORM_9130666990809746335.txt (Time: 0.16s)
✓ Generated graph n=2000, m=89442, seed=5108599054664628607, type=UNIFORM -> ./input/random_graphs/graph_2000_89442_UNIFORM_5108599054664628607.txt (Time: 0.16s)
✓ Generated graph n=2000, m=89442, seed=1392892770529522614, type=UNIFORM -> ./input/random_graphs/graph_2000_89442_UNIFORM_1392892770529522614.txt (Time: 0.13s)
✓ Generated graph n=2000, m=89442, seed=4250897495980125004, type=UNIFORM -> ./input/random_graphs/graph_2000_89442_UNIFORM_4250897495980125004.txt (Time: 0.13s)
✓ Generated graph n=2000, m=89442, seed=8794274795737982182, type=UNIFORM -> ./input/random_graphs/graph_2000_89442_UNIFORM_8794274795737982182.txt (Time: 0.14s)
✓ Generated graph n=2000, m=89442, seed=1332005502874566195, type=UNIFORM -> ./input/random_graphs/graph_2000_89442_UNIFORM_1332005502874566195.txt (Time: 0.13s)
✓ Generated graph n=2000, m=89442, seed=1458186392400727732, type=UNIFORM -> ./input/random_graphs/graph_2000_89442_UNIFORM_1458186392400727732.txt (Time: 0.18s)
✓ Generated graph n=2000, m=89442, seed=9060210648189963449, type=UNIFORM -> ./input/random_graphs/graph_2000_89442_UNIFORM_9060210648189963449.txt (Time: 0.18s)
✓ Generated graph n=2000, m=89442, seed=2089506265998900862, type=UNIFORM -> ./input/random_graphs/graph_2000_89442_UNIFORM_2089506265998900862.txt (Time: 0.17s)
✓ Generated graph n=2000, m=89442, seed=4795749165124911768, type=UNIFORM -> ./input/random_graphs/graph_2000_89442_UNIFORM_4795749165124911768.txt (Time: 0.12s)
✓ Generated graph n=2000, m=89442, seed=4060584409398689268, type=UNIFORM -> ./input/random_graphs/graph_2000_89442_UNIFORM_4060584409398689268.txt (Time: 0.18s)
✓ Generated graph n=2000, m=89442, seed=5497874167834979553, type=UNIFORM -> ./input/random_graphs/graph_2000_89442_UNIFORM_5497874167834979553.txt (Time: 0.18s)
✓ Generated graph n=2000, m=89442, seed=1722224698700348310, type=UNIFORM -> ./input/random_graphs/graph_2000_89442_UNIFORM_1722224698700348310.txt (Time: 0.17s)
✓ Generated graph n=2000, m=89442, seed=8626102704817790064, type=UNIFORM -> ./input/random_graphs/graph_2000_89442_UNIFORM_8626102704817790064.txt (Time: 0.17s)
✓ Generated graph n=2000, m=89442, seed=7905487461282246979, type=UNIFORM -> ./input/random_graphs/graph_2000_89442_UNIFORM_7905487461282246979.txt (Time: 0.18s)
✓ Generated graph n=2000, m=89442, seed=8448596294177070022, type=UNIFORM -> ./input/random_graphs/graph_2000_89442_UNIFORM_8448596294177070022.txt (Time: 0.17s)
✓ Generated graph n=2000, m=89442, seed=2718103348384927511, type=UNIFORM -> ./input/random_graphs/graph_2000_89442_UNIFORM_2718103348384927511.txt (Time: 0.14s)
✓ Generated graph n=2000, m=89442, seed=3221421291694197220, type=UNIFORM -> ./input/random_graphs/graph_2000_89442_UNIFORM_3221421291694197220.txt (Time: 0.13s)
✓ Generated graph n=2000, m=89442, seed=1992204328026194281, type=UNIFORM -> ./input/random_graphs/graph_2000_89442_UNIFORM_1992204328026194281.txt (Time: 0.15s)
✓ Generated graph n=2000, m=89442, seed=4934890601268679176, type=UNIFORM -> ./input/random_graphs/graph_2000_89442_UNIFORM_4934890601268679176.txt (Time: 0.17s)
✓ Generated graph n=2000, m=89442, seed=4940913311242578590, type=UNIFORM -> ./input/random_graphs/graph_2000_89442_UNIFORM_4940913311242578590.txt (Time: 0.13s)
✓ Generated graph n=2000, m=89442, seed=5894893360759659423, type=UNIFORM -> ./input/random_graphs/graph_2000_89442_UNIFORM_5894893360759659423.txt (Time: 0.14s)
✓ Generated graph n=2000, m=89442, seed=7118744415197196276, type=UNIFORM -> ./input/random_graphs/graph_2000_89442_UNIFORM_7118744415197196276.txt (Time: 0.16s)
✓ Generated graph n=2000, m=89442, seed=8867616339855336876, type=UNIFORM -> ./input/random_graphs/graph_2000_89442_UNIFORM_8867616339855336876.txt (Time: 0.15s)
✓ Generated graph n=2000, m=89442, seed=7983805977214098674, type=UNIFORM -> ./input/random_graphs/graph_2000_89442_UNIFORM_7983805977214098674.txt (Time: 0.16s)
✓ Generated graph n=2000, m=89442, seed=2264398621601381987, type=UNIFORM -> ./input/random_graphs/graph_2000_89442_UNIFORM_2264398621601381987.txt (Time: 0.15s)
✓ Generated graph n=2000, m=89442, seed=7632458674696225362, type=UNIFORM -> ./input/random_graphs/graph_2000_89442_UNIFORM_7632458674696225362.txt (Time: 0.15s)
✓ Generated graph n=2000, m=89442, seed=9059990922233379852, type=UNIFORM -> ./input/random_graphs/graph_2000_89442_UNIFORM_9059990922233379852.txt (Time: 0.18s)
✓ Generated graph n=2000, m=89442, seed=7449662661572224354, type=UNIFORM -> ./input/random_graphs/graph_2000_89442_UNIFORM_7449662661572224354.txt (Time: 0.18s)
✓ Generated graph n=2250, m=106726, seed=7871178979383552919, type=UNIFORM -> ./input/random_graphs/graph_2250_106726_UNIFORM_7871178979383552919.txt (Time: 0.20s)
✓ Generated graph n=2250, m=106726, seed=5739955973604961613, type=UNIFORM -> ./input/random_graphs/graph_2250_106726_UNIFORM_5739955973604961613.txt (Time: 0.21s)
✓ Generated graph n=2250, m=106726, seed=3881801951614183357, type=UNIFORM -> ./input/random_graphs/graph_2250_106726_UNIFORM_3881801951614183357.txt (Time: 0.21s)
✓ Generated graph n=2250, m=106726, seed=7032710160631691991, type=UNIFORM -> ./input/random_graphs/graph_2250_106726_UNIFORM_7032710160631691991.txt (Time: 0.22s)
✓ Generated graph n=2250, m=106726, seed=7599700178212337699, type=UNIFORM -> ./input/random_graphs/graph_2250_106726_UNIFORM_7599700178212337699.txt (Time: 0.21s)
✓ Generated graph n=2250, m=106726, seed=6230961512046992311, type=UNIFORM -> ./input/random_graphs/graph_2250_106726_UNIFORM_6230961512046992311.txt (Time: 0.24s)
✓ Generated graph n=2250, m=106726, seed=1353182403971399009, type=UNIFORM -> ./input/random_graphs/graph_2250_106726_UNIFORM_1353182403971399009.txt (Time: 0.21s)
✓ Generated graph n=2250, m=106726, seed=6938562734920028532, type=UNIFORM -> ./input/random_graphs/graph_2250_106726_UNIFORM_6938562734920028532.txt (Time: 0.22s)
✓ Generated graph n=2250, m=106726, seed=1070244953599069350, type=UNIFORM -> ./input/random_graphs/graph_2250_106726_UNIFORM_1070244953599069350.txt (Time: 0.24s)
✓ Generated graph n=2250, m=106726, seed=6522163754831416203, type=UNIFORM -> ./input/random_graphs/graph_2250_106726_UNIFORM_6522163754831416203.txt (Time: 0.24s)
✓ Generated graph n=2250, m=106726, seed=1250005700364523649, type=UNIFORM -> ./input/random_graphs/graph_2250_106726_UNIFORM_1250005700364523649.txt (Time: 0.25s)
✓ Generated graph n=2250, m=106726, seed=4040737767143389431, type=UNIFORM -> ./input/random_graphs/graph_2250_106726_UNIFORM_4040737767143389431.txt (Time: 0.25s)
✓ Generated graph n=2250, m=106726, seed=5906957480796939447, type=UNIFORM -> ./input/random_graphs/graph_2250_106726_UNIFORM_5906957480796939447.txt (Time: 0.22s)
✓ Generated graph n=2250, m=106726, seed=1309542850049879452, type=UNIFORM -> ./input/random_graphs/graph_2250_106726_UNIFORM_1309542850049879452.txt (Time: 0.25s)
✓ Generated graph n=2250, m=106726, seed=3438400432146115956, type=UNIFORM -> ./input/random_graphs/graph_2250_106726_UNIFORM_3438400432146115956.txt (Time: 0.22s)
✓ Generated graph n=2250, m=106726, seed=5142811650494845597, type=UNIFORM -> ./input/random_graphs/graph_2250_106726_UNIFORM_5142811650494845597.txt (Time: 0.21s)
✓ Generated graph n=2250, m=106726, seed=7663871783842725848, type=UNIFORM -> ./input/random_graphs/graph_2250_106726_UNIFORM_7663871783842725848.txt (Time: 0.25s)
✓ Generated graph n=2250, m=106726, seed=2429002973740178792, type=UNIFORM -> ./input/random_graphs/graph_2250_106726_UNIFORM_2429002973740178792.txt (Time: 0.26s)
✓ Generated graph n=2250, m=106726, seed=7146860528564146064, type=UNIFORM -> ./input/random_graphs/graph_2250_106726_UNIFORM_7146860528564146064.txt (Time: 0.23s)
✓ Generated graph n=2250, m=106726, seed=320375091487821987, type=UNIFORM -> ./input/random_graphs/graph_2250_106726_UNIFORM_320375091487821987.txt (Time: 0.24s)
✓ Generated graph n=2250, m=106726, seed=1250773459040295677, type=UNIFORM -> ./input/random_graphs/graph_2250_106726_UNIFORM_1250773459040295677.txt (Time: 0.24s)
✓ Generated graph n=2250, m=106726, seed=5139481885857321791, type=UNIFORM -> ./input/random_graphs/graph_2250_106726_UNIFORM_5139481885857321791.txt (Time: 0.23s)
✓ Generated graph n=2250, m=106726, seed=6002685213311538187, type=UNIFORM -> ./input/random_graphs/graph_2250_106726_UNIFORM_6002685213311538187.txt (Time: 0.22s)
✓ Generated graph n=2250, m=106726, seed=7473196763798409428, type=UNIFORM -> ./input/random_graphs/graph_2250_106726_UNIFORM_7473196763798409428.txt (Time: 0.25s)
✓ Generated graph n=2250, m=106726, seed=5708372698381010775, type=UNIFORM -> ./input/random_graphs/graph_2250_106726_UNIFORM_5708372698381010775.txt (Time: 0.23s)
✓ Generated graph n=2250, m=106726, seed=3010622984418968408, type=UNIFORM -> ./input/random_graphs/graph_2250_106726_UNIFORM_3010622984418968408.txt (Time: 0.25s)
✓ Generated graph n=2250, m=106726, seed=1731523882129807996, type=UNIFORM -> ./input/random_graphs/graph_2250_106726_UNIFORM_1731523882129807996.txt (Time: 0.23s)
✓ Generated graph n=2250, m=106726, seed=1853590723603270879, type=UNIFORM -> ./input/random_graphs/graph_2250_106726_UNIFORM_1853590723603270879.txt (Time: 0.24s)
✓ Generated graph n=2250, m=106726, seed=521787134863155063, type=UNIFORM -> ./input/random_graphs/graph_2250_106726_UNIFORM_521787134863155063.txt (Time: 0.25s)
✓ Generated graph n=2250, m=106726, seed=7029781962072644698, type=UNIFORM -> ./input/random_graphs/graph_2250_106726_UNIFORM_7029781962072644698.txt (Time: 0.24s)
✓ Generated graph n=2250, m=106726, seed=6785030173969523435, type=UNIFORM -> ./input/random_graphs/graph_2250_106726_UNIFORM_6785030173969523435.txt (Time: 0.20s)
✓ Generated graph n=2250, m=106726, seed=1024517563182776983, type=UNIFORM -> ./input/random_graphs/graph_2250_106726_UNIFORM_1024517563182776983.txt (Time: 0.22s)
✓ Generated graph n=2250, m=106726, seed=5529616217668449934, type=UNIFORM -> ./input/random_graphs/graph_2250_106726_UNIFORM_5529616217668449934.txt (Time: 0.22s)
✓ Generated graph n=2250, m=106726, seed=3224265581699847191, type=UNIFORM -> ./input/random_graphs/graph_2250_106726_UNIFORM_3224265581699847191.txt (Time: 0.20s)
✓ Generated graph n=2250, m=106726, seed=5258051056098597521, type=UNIFORM -> ./input/random_graphs/graph_2250_106726_UNIFORM_5258051056098597521.txt (Time: 0.20s)
✓ Generated graph n=2250, m=106726, seed=1647170069535670909, type=UNIFORM -> ./input/random_graphs/graph_2250_106726_UNIFORM_1647170069535670909.txt (Time: 0.21s)
✓ Generated graph n=2250, m=106726, seed=4122784633514911760, type=UNIFORM -> ./input/random_graphs/graph_2250_106726_UNIFORM_4122784633514911760.txt (Time: 0.20s)
✓ Generated graph n=2250, m=106726, seed=7706236040662210848, type=UNIFORM -> ./input/random_graphs/graph_2250_106726_UNIFORM_7706236040662210848.txt (Time: 0.20s)
✓ Generated graph n=2250, m=106726, seed=824387247617288499, type=UNIFORM -> ./input/random_graphs/graph_2250_106726_UNIFORM_824387247617288499.txt (Time: 0.24s)
✓ Generated graph n=2250, m=106726, seed=6614505080519948832, type=UNIFORM -> ./input/random_graphs/graph_2250_106726_UNIFORM_6614505080519948832.txt (Time: 0.19s)
✓ Generated graph n=2250, m=106726, seed=7161906730445628483, type=UNIFORM -> ./input/random_graphs/graph_2250_106726_UNIFORM_7161906730445628483.txt (Time: 0.21s)
✓ Generated graph n=2250, m=106726, seed=5636411189175451024, type=UNIFORM -> ./input/random_graphs/graph_2250_106726_UNIFORM_5636411189175451024.txt (Time: 0.20s)
✓ Generated graph n=2250, m=106726, seed=8031431416522537101, type=UNIFORM -> ./input/random_graphs/graph_2250_106726_UNIFORM_8031431416522537101.txt (Time: 0.21s)
✓ Generated graph n=2250, m=106726, seed=1632192924771168275, type=UNIFORM -> ./input/random_graphs/graph_2250_106726_UNIFORM_1632192924771168275.txt (Time: 0.24s)
✓ Generated graph n=2250, m=106726, seed=4445925461710302877, type=UNIFORM -> ./input/random_graphs/graph_2250_106726_UNIFORM_4445925461710302877.txt (Time: 0.22s)
✓ Generated graph n=2250, m=106726, seed=7917045922527545890, type=UNIFORM -> ./input/random_graphs/graph_2250_106726_UNIFORM_7917045922527545890.txt (Time: 0.22s)
✓ Generated graph n=2250, m=106726, seed=6802378520969450157, type=UNIFORM -> ./input/random_graphs/graph_2250_106726_UNIFORM_6802378520969450157.txt (Time: 0.25s)
✓ Generated graph n=2250, m=106726, seed=6143643868734370809, type=UNIFORM -> ./input/random_graphs/graph_2250_106726_UNIFORM_6143643868734370809.txt (Time: 0.25s)
✓ Generated graph n=2250, m=106726, seed=3865339568260874865, type=UNIFORM -> ./input/random_graphs/graph_2250_106726_UNIFORM_3865339568260874865.txt (Time: 0.22s)
✓ Generated graph n=2250, m=106726, seed=3272308573967577038, type=UNIFORM -> ./input/random_graphs/graph_2250_106726_UNIFORM_3272308573967577038.txt (Time: 0.25s)
✓ Generated graph n=2250, m=106726, seed=6224222471595207695, type=UNIFORM -> ./input/random_graphs/graph_2250_106726_UNIFORM_6224222471595207695.txt (Time: 0.21s)
✓ Generated graph n=2250, m=106726, seed=4552998297316576788, type=UNIFORM -> ./input/random_graphs/graph_2250_106726_UNIFORM_4552998297316576788.txt (Time: 0.26s)
✓ Generated graph n=2250, m=106726, seed=5349491008325879064, type=UNIFORM -> ./input/random_graphs/graph_2250_106726_UNIFORM_5349491008325879064.txt (Time: 0.25s)
✓ Generated graph n=2250, m=106726, seed=716820155901718944, type=UNIFORM -> ./input/random_graphs/graph_2250_106726_UNIFORM_716820155901718944.txt (Time: 0.22s)
✓ Generated graph n=2250, m=106726, seed=8446481348147407377, type=UNIFORM -> ./input/random_graphs/graph_2250_106726_UNIFORM_8446481348147407377.txt (Time: 0.20s)
✓ Generated graph n=2250, m=106726, seed=7938560551762094560, type=UNIFORM -> ./input/random_graphs/graph_2250_106726_UNIFORM_7938560551762094560.txt (Time: 0.26s)
✓ Generated graph n=2250, m=106726, seed=7921282862123281598, type=UNIFORM -> ./input/random_graphs/graph_2250_106726_UNIFORM_7921282862123281598.txt (Time: 0.25s)
✓ Generated graph n=2250, m=106726, seed=1128313391724783137, type=UNIFORM -> ./input/random_graphs/graph_2250_106726_UNIFORM_1128313391724783137.txt (Time: 0.26s)
✓ Generated graph n=2250, m=106726, seed=4997514996153925447, type=UNIFORM -> ./input/random_graphs/graph_2250_106726_UNIFORM_4997514996153925447.txt (Time: 0.24s)
✓ Generated graph n=2250, m=106726, seed=5063475852268941542, type=UNIFORM -> ./input/random_graphs/graph_2250_106726_UNIFORM_5063475852268941542.txt (Time: 0.25s)
✓ Generated graph n=2250, m=106726, seed=8718380604043999642, type=UNIFORM -> ./input/random_graphs/graph_2250_106726_UNIFORM_8718380604043999642.txt (Time: 0.25s)
✓ Generated graph n=2250, m=106726, seed=3817405844514670994, type=UNIFORM -> ./input/random_graphs/graph_2250_106726_UNIFORM_3817405844514670994.txt (Time: 0.21s)
✓ Generated graph n=2250, m=106726, seed=2909934787168262407, type=UNIFORM -> ./input/random_graphs/graph_2250_106726_UNIFORM_2909934787168262407.txt (Time: 0.21s)
✓ Generated graph n=2250, m=106726, seed=199422815561151340, type=UNIFORM -> ./input/random_graphs/graph_2250_106726_UNIFORM_199422815561151340.txt (Time: 0.20s)
✓ Generated graph n=2250, m=106726, seed=6529943913552561417, type=UNIFORM -> ./input/random_graphs/graph_2250_106726_UNIFORM_6529943913552561417.txt (Time: 0.22s)
✓ Generated graph n=2250, m=106726, seed=1170385908854608748, type=UNIFORM -> ./input/random_graphs/graph_2250_106726_UNIFORM_1170385908854608748.txt (Time: 0.21s)
✓ Generated graph n=2250, m=106726, seed=6022436717541034636, type=UNIFORM -> ./input/random_graphs/graph_2250_106726_UNIFORM_6022436717541034636.txt (Time: 0.22s)
✓ Generated graph n=2250, m=106726, seed=3713827327871807734, type=UNIFORM -> ./input/random_graphs/graph_2250_106726_UNIFORM_3713827327871807734.txt (Time: 0.21s)
✓ Generated graph n=2250, m=106726, seed=175493991617213850, type=UNIFORM -> ./input/random_graphs/graph_2250_106726_UNIFORM_175493991617213850.txt (Time: 0.22s)
✓ Generated graph n=2250, m=106726, seed=5108599054664628607, type=UNIFORM -> ./input/random_graphs/graph_2250_106726_UNIFORM_5108599054664628607.txt (Time: 0.21s)
✓ Generated graph n=2250, m=106726, seed=6764066939395682287, type=UNIFORM -> ./input/random_graphs/graph_2250_106726_UNIFORM_6764066939395682287.txt (Time: 0.22s)
✓ Generated graph n=2250, m=106726, seed=9130666990809746335, type=UNIFORM -> ./input/random_graphs/graph_2250_106726_UNIFORM_9130666990809746335.txt (Time: 0.21s)
✓ Generated graph n=2250, m=106726, seed=7644420139408884785, type=UNIFORM -> ./input/random_graphs/graph_2250_106726_UNIFORM_7644420139408884785.txt (Time: 0.21s)
✓ Generated graph n=2250, m=106726, seed=1458186392400727732, type=UNIFORM -> ./input/random_graphs/graph_2250_106726_UNIFORM_1458186392400727732.txt (Time: 0.21s)
✓ Generated graph n=2250, m=106726, seed=8794274795737982182, type=UNIFORM -> ./input/random_graphs/graph_2250_106726_UNIFORM_8794274795737982182.txt (Time: 0.22s)
✓ Generated graph n=2250, m=106726, seed=9060210648189963449, type=UNIFORM -> ./input/random_graphs/graph_2250_106726_UNIFORM_9060210648189963449.txt (Time: 0.23s)
✓ Generated graph n=2250, m=106726, seed=4250897495980125004, type=UNIFORM -> ./input/random_graphs/graph_2250_106726_UNIFORM_4250897495980125004.txt (Time: 0.23s)
✓ Generated graph n=2250, m=106726, seed=5497874167834979553, type=UNIFORM -> ./input/random_graphs/graph_2250_106726_UNIFORM_5497874167834979553.txt (Time: 0.23s)
✓ Generated graph n=2250, m=106726, seed=1722224698700348310, type=UNIFORM -> ./input/random_graphs/graph_2250_106726_UNIFORM_1722224698700348310.txt (Time: 0.22s)
✓ Generated graph n=2250, m=106726, seed=1332005502874566195, type=UNIFORM -> ./input/random_graphs/graph_2250_106726_UNIFORM_1332005502874566195.txt (Time: 0.23s)
✓ Generated graph n=2250, m=106726, seed=1392892770529522614, type=UNIFORM -> ./input/random_graphs/graph_2250_106726_UNIFORM_1392892770529522614.txt (Time: 0.25s)
✓ Generated graph n=2250, m=106726, seed=4060584409398689268, type=UNIFORM -> ./input/random_graphs/graph_2250_106726_UNIFORM_4060584409398689268.txt (Time: 0.25s)
✓ Generated graph n=2250, m=106726, seed=2089506265998900862, type=UNIFORM -> ./input/random_graphs/graph_2250_106726_UNIFORM_2089506265998900862.txt (Time: 0.25s)
✓ Generated graph n=2250, m=106726, seed=8448596294177070022, type=UNIFORM -> ./input/random_graphs/graph_2250_106726_UNIFORM_8448596294177070022.txt (Time: 0.24s)
✓ Generated graph n=2250, m=106726, seed=8626102704817790064, type=UNIFORM -> ./input/random_graphs/graph_2250_106726_UNIFORM_8626102704817790064.txt (Time: 0.26s)
✓ Generated graph n=2250, m=106726, seed=4934890601268679176, type=UNIFORM -> ./input/random_graphs/graph_2250_106726_UNIFORM_4934890601268679176.txt (Time: 0.23s)
✓ Generated graph n=2250, m=106726, seed=1992204328026194281, type=UNIFORM -> ./input/random_graphs/graph_2250_106726_UNIFORM_1992204328026194281.txt (Time: 0.23s)
✓ Generated graph n=2250, m=106726, seed=4795749165124911768, type=UNIFORM -> ./input/random_graphs/graph_2250_106726_UNIFORM_4795749165124911768.txt (Time: 0.25s)
✓ Generated graph n=2250, m=106726, seed=7118744415197196276, type=UNIFORM -> ./input/random_graphs/graph_2250_106726_UNIFORM_7118744415197196276.txt (Time: 0.24s)
✓ Generated graph n=2250, m=106726, seed=3221421291694197220, type=UNIFORM -> ./input/random_graphs/graph_2250_106726_UNIFORM_3221421291694197220.txt (Time: 0.24s)
✓ Generated graph n=2250, m=106726, seed=2718103348384927511, type=UNIFORM -> ./input/random_graphs/graph_2250_106726_UNIFORM_2718103348384927511.txt (Time: 0.26s)
✓ Generated graph n=2250, m=106726, seed=7449662661572224354, type=UNIFORM -> ./input/random_graphs/graph_2250_106726_UNIFORM_7449662661572224354.txt (Time: 0.25s)
✓ Generated graph n=2250, m=106726, seed=8867616339855336876, type=UNIFORM -> ./input/random_graphs/graph_2250_106726_UNIFORM_8867616339855336876.txt (Time: 0.25s)
✓ Generated graph n=2250, m=106726, seed=7983805977214098674, type=UNIFORM -> ./input/random_graphs/graph_2250_106726_UNIFORM_7983805977214098674.txt (Time: 0.25s)
✓ Generated graph n=2250, m=106726, seed=7905487461282246979, type=UNIFORM -> ./input/random_graphs/graph_2250_106726_UNIFORM_7905487461282246979.txt (Time: 0.32s)
✓ Generated graph n=2250, m=106726, seed=4940913311242578590, type=UNIFORM -> ./input/random_graphs/graph_2250_106726_UNIFORM_4940913311242578590.txt (Time: 0.26s)
✓ Generated graph n=2250, m=106726, seed=2264398621601381987, type=UNIFORM -> ./input/random_graphs/graph_2250_106726_UNIFORM_2264398621601381987.txt (Time: 0.23s)
✓ Generated graph n=2250, m=106726, seed=9059990922233379852, type=UNIFORM -> ./input/random_graphs/graph_2250_106726_UNIFORM_9059990922233379852.txt (Time: 0.34s)
✓ Generated graph n=2500, m=125000, seed=5739955973604961613, type=UNIFORM -> ./input/random_graphs/graph_2500_125000_UNIFORM_5739955973604961613.txt (Time: 0.24s)
✓ Generated graph n=2250, m=106726, seed=7632458674696225362, type=UNIFORM -> ./input/random_graphs/graph_2250_106726_UNIFORM_7632458674696225362.txt (Time: 0.25s)
✓ Generated graph n=2500, m=125000, seed=6230961512046992311, type=UNIFORM -> ./input/random_graphs/graph_2500_125000_UNIFORM_6230961512046992311.txt (Time: 0.25s)
✓ Generated graph n=2250, m=106726, seed=5894893360759659423, type=UNIFORM -> ./input/random_graphs/graph_2250_106726_UNIFORM_5894893360759659423.txt (Time: 0.34s)
✓ Generated graph n=2500, m=125000, seed=7871178979383552919, type=UNIFORM -> ./input/random_graphs/graph_2500_125000_UNIFORM_7871178979383552919.txt (Time: 0.36s)
✓ Generated graph n=2500, m=125000, seed=3881801951614183357, type=UNIFORM -> ./input/random_graphs/graph_2500_125000_UNIFORM_3881801951614183357.txt (Time: 0.35s)
✓ Generated graph n=2500, m=125000, seed=5708372698381010775, type=UNIFORM -> ./input/random_graphs/graph_2500_125000_UNIFORM_5708372698381010775.txt (Time: 0.19s)
✓ Generated graph n=2500, m=125000, seed=1853590723603270879, type=UNIFORM -> ./input/random_graphs/graph_2500_125000_UNIFORM_1853590723603270879.txt (Time: 0.27s)
✓ Generated graph n=2500, m=125000, seed=6785030173969523435, type=UNIFORM -> ./input/random_graphs/graph_2500_125000_UNIFORM_6785030173969523435.txt (Time: 0.26s)
✓ Generated graph n=2500, m=125000, seed=1731523882129807996, type=UNIFORM -> ./input/random_graphs/graph_2500_125000_UNIFORM_1731523882129807996.txt (Time: 0.27s)
✓ Generated graph n=2500, m=125000, seed=521787134863155063, type=UNIFORM -> ./input/random_graphs/graph_2500_125000_UNIFORM_521787134863155063.txt (Time: 0.28s)
✓ Generated graph n=2500, m=125000, seed=7029781962072644698, type=UNIFORM -> ./input/random_graphs/graph_2500_125000_UNIFORM_7029781962072644698.txt (Time: 0.26s)
✓ Generated graph n=2500, m=125000, seed=5529616217668449934, type=UNIFORM -> ./input/random_graphs/graph_2500_125000_UNIFORM_5529616217668449934.txt (Time: 0.26s)
✓ Generated graph n=2500, m=125000, seed=6938562734920028532, type=UNIFORM -> ./input/random_graphs/graph_2500_125000_UNIFORM_6938562734920028532.txt (Time: 0.46s)
✓ Generated graph n=2500, m=125000, seed=1309542850049879452, type=UNIFORM -> ./input/random_graphs/graph_2500_125000_UNIFORM_1309542850049879452.txt (Time: 0.45s)
✓ Generated graph n=2500, m=125000, seed=6522163754831416203, type=UNIFORM -> ./input/random_graphs/graph_2500_125000_UNIFORM_6522163754831416203.txt (Time: 0.47s)
✓ Generated graph n=2500, m=125000, seed=1353182403971399009, type=UNIFORM -> ./input/random_graphs/graph_2500_125000_UNIFORM_1353182403971399009.txt (Time: 0.48s)
✓ Generated graph n=2500, m=125000, seed=7663871783842725848, type=UNIFORM -> ./input/random_graphs/graph_2500_125000_UNIFORM_7663871783842725848.txt (Time: 0.43s)
✓ Generated graph n=2500, m=125000, seed=7473196763798409428, type=UNIFORM -> ./input/random_graphs/graph_2500_125000_UNIFORM_7473196763798409428.txt (Time: 0.39s)
✓ Generated graph n=2500, m=125000, seed=3010622984418968408, type=UNIFORM -> ./input/random_graphs/graph_2500_125000_UNIFORM_3010622984418968408.txt (Time: 0.37s)
✓ Generated graph n=2500, m=125000, seed=7599700178212337699, type=UNIFORM -> ./input/random_graphs/graph_2500_125000_UNIFORM_7599700178212337699.txt (Time: 0.49s)
✓ Generated graph n=2500, m=125000, seed=4040737767143389431, type=UNIFORM -> ./input/random_graphs/graph_2500_125000_UNIFORM_4040737767143389431.txt (Time: 0.48s)
✓ Generated graph n=2500, m=125000, seed=320375091487821987, type=UNIFORM -> ./input/random_graphs/graph_2500_125000_UNIFORM_320375091487821987.txt (Time: 0.43s)
✓ Generated graph n=2500, m=125000, seed=1070244953599069350, type=UNIFORM -> ./input/random_graphs/graph_2500_125000_UNIFORM_1070244953599069350.txt (Time: 0.49s)
✓ Generated graph n=2500, m=125000, seed=7032710160631691991, type=UNIFORM -> ./input/random_graphs/graph_2500_125000_UNIFORM_7032710160631691991.txt (Time: 0.50s)
✓ Generated graph n=2500, m=125000, seed=1250005700364523649, type=UNIFORM -> ./input/random_graphs/graph_2500_125000_UNIFORM_1250005700364523649.txt (Time: 0.47s)
✓ Generated graph n=2500, m=125000, seed=2429002973740178792, type=UNIFORM -> ./input/random_graphs/graph_2500_125000_UNIFORM_2429002973740178792.txt (Time: 0.44s)
✓ Generated graph n=2500, m=125000, seed=3438400432146115956, type=UNIFORM -> ./input/random_graphs/graph_2500_125000_UNIFORM_3438400432146115956.txt (Time: 0.42s)
✓ Generated graph n=2500, m=125000, seed=3224265581699847191, type=UNIFORM -> ./input/random_graphs/graph_2500_125000_UNIFORM_3224265581699847191.txt (Time: 0.21s)
✓ Generated graph n=2500, m=125000, seed=1024517563182776983, type=UNIFORM -> ./input/random_graphs/graph_2500_125000_UNIFORM_1024517563182776983.txt (Time: 0.23s)
✓ Generated graph n=2500, m=125000, seed=5139481885857321791, type=UNIFORM -> ./input/random_graphs/graph_2500_125000_UNIFORM_5139481885857321791.txt (Time: 0.43s)
✓ Generated graph n=2500, m=125000, seed=5906957480796939447, type=UNIFORM -> ./input/random_graphs/graph_2500_125000_UNIFORM_5906957480796939447.txt (Time: 0.48s)
✓ Generated graph n=2500, m=125000, seed=1250773459040295677, type=UNIFORM -> ./input/random_graphs/graph_2500_125000_UNIFORM_1250773459040295677.txt (Time: 0.49s)
✓ Generated graph n=2500, m=125000, seed=6002685213311538187, type=UNIFORM -> ./input/random_graphs/graph_2500_125000_UNIFORM_6002685213311538187.txt (Time: 0.44s)
✓ Generated graph n=2500, m=125000, seed=7146860528564146064, type=UNIFORM -> ./input/random_graphs/graph_2500_125000_UNIFORM_7146860528564146064.txt (Time: 0.49s)
✓ Generated graph n=2500, m=125000, seed=5142811650494845597, type=UNIFORM -> ./input/random_graphs/graph_2500_125000_UNIFORM_5142811650494845597.txt (Time: 0.48s)
✓ Generated graph n=2500, m=125000, seed=5258051056098597521, type=UNIFORM -> ./input/random_graphs/graph_2500_125000_UNIFORM_5258051056098597521.txt (Time: 0.31s)
✓ Generated graph n=2500, m=125000, seed=1647170069535670909, type=UNIFORM -> ./input/random_graphs/graph_2500_125000_UNIFORM_1647170069535670909.txt (Time: 0.28s)
✓ Generated graph n=2500, m=125000, seed=824387247617288499, type=UNIFORM -> ./input/random_graphs/graph_2500_125000_UNIFORM_824387247617288499.txt (Time: 0.28s)
✓ Generated graph n=2500, m=125000, seed=7706236040662210848, type=UNIFORM -> ./input/random_graphs/graph_2500_125000_UNIFORM_7706236040662210848.txt (Time: 0.29s)
✓ Generated graph n=2500, m=125000, seed=1632192924771168275, type=UNIFORM -> ./input/random_graphs/graph_2500_125000_UNIFORM_1632192924771168275.txt (Time: 0.29s)
✓ Generated graph n=2500, m=125000, seed=4122784633514911760, type=UNIFORM -> ./input/random_graphs/graph_2500_125000_UNIFORM_4122784633514911760.txt (Time: 0.29s)
✓ Generated graph n=2500, m=125000, seed=7161906730445628483, type=UNIFORM -> ./input/random_graphs/graph_2500_125000_UNIFORM_7161906730445628483.txt (Time: 0.29s)
✓ Generated graph n=2500, m=125000, seed=6802378520969450157, type=UNIFORM -> ./input/random_graphs/graph_2500_125000_UNIFORM_6802378520969450157.txt (Time: 0.31s)
✓ Generated graph n=2500, m=125000, seed=4445925461710302877, type=UNIFORM -> ./input/random_graphs/graph_2500_125000_UNIFORM_4445925461710302877.txt (Time: 0.29s)
✓ Generated graph n=2500, m=125000, seed=4552998297316576788, type=UNIFORM -> ./input/random_graphs/graph_2500_125000_UNIFORM_4552998297316576788.txt (Time: 0.32s)
✓ Generated graph n=2500, m=125000, seed=6143643868734370809, type=UNIFORM -> ./input/random_graphs/graph_2500_125000_UNIFORM_6143643868734370809.txt (Time: 0.32s)
✓ Generated graph n=2500, m=125000, seed=8031431416522537101, type=UNIFORM -> ./input/random_graphs/graph_2500_125000_UNIFORM_8031431416522537101.txt (Time: 0.32s)
✓ Generated graph n=2500, m=125000, seed=3272308573967577038, type=UNIFORM -> ./input/random_graphs/graph_2500_125000_UNIFORM_3272308573967577038.txt (Time: 0.32s)
✓ Generated graph n=2500, m=125000, seed=7938560551762094560, type=UNIFORM -> ./input/random_graphs/graph_2500_125000_UNIFORM_7938560551762094560.txt (Time: 0.31s)
✓ Generated graph n=2500, m=125000, seed=1128313391724783137, type=UNIFORM -> ./input/random_graphs/graph_2500_125000_UNIFORM_1128313391724783137.txt (Time: 0.30s)
✓ Generated graph n=2500, m=125000, seed=5636411189175451024, type=UNIFORM -> ./input/random_graphs/graph_2500_125000_UNIFORM_5636411189175451024.txt (Time: 0.33s)
✓ Generated graph n=2500, m=125000, seed=7917045922527545890, type=UNIFORM -> ./input/random_graphs/graph_2500_125000_UNIFORM_7917045922527545890.txt (Time: 0.33s)
✓ Generated graph n=2500, m=125000, seed=3865339568260874865, type=UNIFORM -> ./input/random_graphs/graph_2500_125000_UNIFORM_3865339568260874865.txt (Time: 0.33s)
✓ Generated graph n=2500, m=125000, seed=6614505080519948832, type=UNIFORM -> ./input/random_graphs/graph_2500_125000_UNIFORM_6614505080519948832.txt (Time: 0.33s)
✓ Generated graph n=2500, m=125000, seed=6224222471595207695, type=UNIFORM -> ./input/random_graphs/graph_2500_125000_UNIFORM_6224222471595207695.txt (Time: 0.33s)
✓ Generated graph n=2500, m=125000, seed=8718380604043999642, type=UNIFORM -> ./input/random_graphs/graph_2500_125000_UNIFORM_8718380604043999642.txt (Time: 0.30s)
✓ Generated graph n=2500, m=125000, seed=5349491008325879064, type=UNIFORM -> ./input/random_graphs/graph_2500_125000_UNIFORM_5349491008325879064.txt (Time: 0.34s)
✓ Generated graph n=2500, m=125000, seed=7921282862123281598, type=UNIFORM -> ./input/random_graphs/graph_2500_125000_UNIFORM_7921282862123281598.txt (Time: 0.34s)
✓ Generated graph n=2500, m=125000, seed=5063475852268941542, type=UNIFORM -> ./input/random_graphs/graph_2500_125000_UNIFORM_5063475852268941542.txt (Time: 0.31s)
✓ Generated graph n=2500, m=125000, seed=716820155901718944, type=UNIFORM -> ./input/random_graphs/graph_2500_125000_UNIFORM_716820155901718944.txt (Time: 0.33s)
✓ Generated graph n=2500, m=125000, seed=4997514996153925447, type=UNIFORM -> ./input/random_graphs/graph_2500_125000_UNIFORM_4997514996153925447.txt (Time: 0.31s)
✓ Generated graph n=2500, m=125000, seed=3817405844514670994, type=UNIFORM -> ./input/random_graphs/graph_2500_125000_UNIFORM_3817405844514670994.txt (Time: 0.29s)
✓ Generated graph n=2500, m=125000, seed=8446481348147407377, type=UNIFORM -> ./input/random_graphs/graph_2500_125000_UNIFORM_8446481348147407377.txt (Time: 0.31s)
✓ Generated graph n=2500, m=125000, seed=6529943913552561417, type=UNIFORM -> ./input/random_graphs/graph_2500_125000_UNIFORM_6529943913552561417.txt (Time: 0.31s)
✓ Generated graph n=2500, m=125000, seed=2909934787168262407, type=UNIFORM -> ./input/random_graphs/graph_2500_125000_UNIFORM_2909934787168262407.txt (Time: 0.32s)
✓ Generated graph n=2500, m=125000, seed=1170385908854608748, type=UNIFORM -> ./input/random_graphs/graph_2500_125000_UNIFORM_1170385908854608748.txt (Time: 0.30s)
✓ Generated graph n=2500, m=125000, seed=6022436717541034636, type=UNIFORM -> ./input/random_graphs/graph_2500_125000_UNIFORM_6022436717541034636.txt (Time: 0.29s)
✓ Generated graph n=2500, m=125000, seed=6764066939395682287, type=UNIFORM -> ./input/random_graphs/graph_2500_125000_UNIFORM_6764066939395682287.txt (Time: 0.29s)
✓ Generated graph n=2500, m=125000, seed=199422815561151340, type=UNIFORM -> ./input/random_graphs/graph_2500_125000_UNIFORM_199422815561151340.txt (Time: 0.30s)
✓ Generated graph n=2500, m=125000, seed=5108599054664628607, type=UNIFORM -> ./input/random_graphs/graph_2500_125000_UNIFORM_5108599054664628607.txt (Time: 0.29s)
✓ Generated graph n=2500, m=125000, seed=3713827327871807734, type=UNIFORM -> ./input/random_graphs/graph_2500_125000_UNIFORM_3713827327871807734.txt (Time: 0.30s)
✓ Generated graph n=2500, m=125000, seed=175493991617213850, type=UNIFORM -> ./input/random_graphs/graph_2500_125000_UNIFORM_175493991617213850.txt (Time: 0.30s)
✓ Generated graph n=2500, m=125000, seed=7644420139408884785, type=UNIFORM -> ./input/random_graphs/graph_2500_125000_UNIFORM_7644420139408884785.txt (Time: 0.29s)
✓ Generated graph n=2500, m=125000, seed=1458186392400727732, type=UNIFORM -> ./input/random_graphs/graph_2500_125000_UNIFORM_1458186392400727732.txt (Time: 0.30s)
✓ Generated graph n=2500, m=125000, seed=9060210648189963449, type=UNIFORM -> ./input/random_graphs/graph_2500_125000_UNIFORM_9060210648189963449.txt (Time: 0.30s)
✓ Generated graph n=2500, m=125000, seed=8794274795737982182, type=UNIFORM -> ./input/random_graphs/graph_2500_125000_UNIFORM_8794274795737982182.txt (Time: 0.31s)
✓ Generated graph n=2500, m=125000, seed=4250897495980125004, type=UNIFORM -> ./input/random_graphs/graph_2500_125000_UNIFORM_4250897495980125004.txt (Time: 0.31s)
✓ Generated graph n=2500, m=125000, seed=2089506265998900862, type=UNIFORM -> ./input/random_graphs/graph_2500_125000_UNIFORM_2089506265998900862.txt (Time: 0.31s)
✓ Generated graph n=2500, m=125000, seed=5497874167834979553, type=UNIFORM -> ./input/random_graphs/graph_2500_125000_UNIFORM_5497874167834979553.txt (Time: 0.32s)
✓ Generated graph n=2500, m=125000, seed=1722224698700348310, type=UNIFORM -> ./input/random_graphs/graph_2500_125000_UNIFORM_1722224698700348310.txt (Time: 0.31s)
✓ Generated graph n=2500, m=125000, seed=8626102704817790064, type=UNIFORM -> ./input/random_graphs/graph_2500_125000_UNIFORM_8626102704817790064.txt (Time: 0.31s)
✓ Generated graph n=2500, m=125000, seed=7905487461282246979, type=UNIFORM -> ./input/random_graphs/graph_2500_125000_UNIFORM_7905487461282246979.txt (Time: 0.31s)
✓ Generated graph n=2500, m=125000, seed=4060584409398689268, type=UNIFORM -> ./input/random_graphs/graph_2500_125000_UNIFORM_4060584409398689268.txt (Time: 0.32s)
✓ Generated graph n=2500, m=125000, seed=4795749165124911768, type=UNIFORM -> ./input/random_graphs/graph_2500_125000_UNIFORM_4795749165124911768.txt (Time: 0.31s)
✓ Generated graph n=2500, m=125000, seed=2718103348384927511, type=UNIFORM -> ./input/random_graphs/graph_2500_125000_UNIFORM_2718103348384927511.txt (Time: 0.30s)
✓ Generated graph n=2500, m=125000, seed=9130666990809746335, type=UNIFORM -> ./input/random_graphs/graph_2500_125000_UNIFORM_9130666990809746335.txt (Time: 0.37s)
✓ Generated graph n=2500, m=125000, seed=8448596294177070022, type=UNIFORM -> ./input/random_graphs/graph_2500_125000_UNIFORM_8448596294177070022.txt (Time: 0.32s)
✓ Generated graph n=2500, m=125000, seed=4934890601268679176, type=UNIFORM -> ./input/random_graphs/graph_2500_125000_UNIFORM_4934890601268679176.txt (Time: 0.32s)
✓ Generated graph n=2500, m=125000, seed=1392892770529522614, type=UNIFORM -> ./input/random_graphs/graph_2500_125000_UNIFORM_1392892770529522614.txt (Time: 0.36s)
✓ Generated graph n=2500, m=125000, seed=7118744415197196276, type=UNIFORM -> ./input/random_graphs/graph_2500_125000_UNIFORM_7118744415197196276.txt (Time: 0.32s)
✓ Generated graph n=2500, m=125000, seed=9059990922233379852, type=UNIFORM -> ./input/random_graphs/graph_2500_125000_UNIFORM_9059990922233379852.txt (Time: 0.32s)
✓ Generated graph n=2500, m=125000, seed=7449662661572224354, type=UNIFORM -> ./input/random_graphs/graph_2500_125000_UNIFORM_7449662661572224354.txt (Time: 0.33s)
✓ Generated graph n=2500, m=125000, seed=3221421291694197220, type=UNIFORM -> ./input/random_graphs/graph_2500_125000_UNIFORM_3221421291694197220.txt (Time: 0.31s)
✓ Generated graph n=2500, m=125000, seed=1332005502874566195, type=UNIFORM -> ./input/random_graphs/graph_2500_125000_UNIFORM_1332005502874566195.txt (Time: 0.39s)
✓ Generated graph n=2500, m=125000, seed=1992204328026194281, type=UNIFORM -> ./input/random_graphs/graph_2500_125000_UNIFORM_1992204328026194281.txt (Time: 0.38s)
✓ Generated graph n=2500, m=125000, seed=8867616339855336876, type=UNIFORM -> ./input/random_graphs/graph_2500_125000_UNIFORM_8867616339855336876.txt (Time: 0.29s)
✓ Generated graph n=2500, m=125000, seed=5894893360759659423, type=UNIFORM -> ./input/random_graphs/graph_2500_125000_UNIFORM_5894893360759659423.txt (Time: 0.28s)
✓ Generated graph n=2500, m=125000, seed=7983805977214098674, type=UNIFORM -> ./input/random_graphs/graph_2500_125000_UNIFORM_7983805977214098674.txt (Time: 0.29s)
✓ Generated graph n=2500, m=125000, seed=2264398621601381987, type=UNIFORM -> ./input/random_graphs/graph_2500_125000_UNIFORM_2264398621601381987.txt (Time: 0.29s)
✓ Generated graph n=2500, m=125000, seed=7632458674696225362, type=UNIFORM -> ./input/random_graphs/graph_2500_125000_UNIFORM_7632458674696225362.txt (Time: 0.30s)
✓ Generated graph n=2500, m=125000, seed=4940913311242578590, type=UNIFORM -> ./input/random_graphs/graph_2500_125000_UNIFORM_4940913311242578590.txt (Time: 0.38s)
✓ Generated graph n=3000, m=164316, seed=6230961512046992311, type=UNIFORM -> ./input/random_graphs/graph_3000_164316_UNIFORM_6230961512046992311.txt (Time: 0.48s)
✓ Generated graph n=3000, m=164316, seed=7871178979383552919, type=UNIFORM -> ./input/random_graphs/graph_3000_164316_UNIFORM_7871178979383552919.txt (Time: 0.51s)
✓ Generated graph n=3000, m=164316, seed=5739955973604961613, type=UNIFORM -> ./input/random_graphs/graph_3000_164316_UNIFORM_5739955973604961613.txt (Time: 0.52s)
✓ Generated graph n=3000, m=164316, seed=7032710160631691991, type=UNIFORM -> ./input/random_graphs/graph_3000_164316_UNIFORM_7032710160631691991.txt (Time: 0.51s)
✓ Generated graph n=3000, m=164316, seed=1353182403971399009, type=UNIFORM -> ./input/random_graphs/graph_3000_164316_UNIFORM_1353182403971399009.txt (Time: 0.52s)
✓ Generated graph n=3000, m=164316, seed=3881801951614183357, type=UNIFORM -> ./input/random_graphs/graph_3000_164316_UNIFORM_3881801951614183357.txt (Time: 0.53s)
✓ Generated graph n=3000, m=164316, seed=6522163754831416203, type=UNIFORM -> ./input/random_graphs/graph_3000_164316_UNIFORM_6522163754831416203.txt (Time: 0.52s)
✓ Generated graph n=3000, m=164316, seed=320375091487821987, type=UNIFORM -> ./input/random_graphs/graph_3000_164316_UNIFORM_320375091487821987.txt (Time: 0.49s)
✓ Generated graph n=3000, m=164316, seed=7599700178212337699, type=UNIFORM -> ./input/random_graphs/graph_3000_164316_UNIFORM_7599700178212337699.txt (Time: 0.54s)
✓ Generated graph n=3000, m=164316, seed=1070244953599069350, type=UNIFORM -> ./input/random_graphs/graph_3000_164316_UNIFORM_1070244953599069350.txt (Time: 0.54s)
✓ Generated graph n=3000, m=164316, seed=3438400432146115956, type=UNIFORM -> ./input/random_graphs/graph_3000_164316_UNIFORM_3438400432146115956.txt (Time: 0.49s)
✓ Generated graph n=3000, m=164316, seed=4040737767143389431, type=UNIFORM -> ./input/random_graphs/graph_3000_164316_UNIFORM_4040737767143389431.txt (Time: 0.54s)
✓ Generated graph n=3000, m=164316, seed=1250005700364523649, type=UNIFORM -> ./input/random_graphs/graph_3000_164316_UNIFORM_1250005700364523649.txt (Time: 0.55s)
✓ Generated graph n=3000, m=164316, seed=7146860528564146064, type=UNIFORM -> ./input/random_graphs/graph_3000_164316_UNIFORM_7146860528564146064.txt (Time: 0.51s)
✓ Generated graph n=3000, m=164316, seed=6938562734920028532, type=UNIFORM -> ./input/random_graphs/graph_3000_164316_UNIFORM_6938562734920028532.txt (Time: 0.56s)
✓ Generated graph n=3000, m=164316, seed=5906957480796939447, type=UNIFORM -> ./input/random_graphs/graph_3000_164316_UNIFORM_5906957480796939447.txt (Time: 0.53s)
✓ Generated graph n=3000, m=164316, seed=7663871783842725848, type=UNIFORM -> ./input/random_graphs/graph_3000_164316_UNIFORM_7663871783842725848.txt (Time: 0.54s)
✓ Generated graph n=3000, m=164316, seed=1309542850049879452, type=UNIFORM -> ./input/random_graphs/graph_3000_164316_UNIFORM_1309542850049879452.txt (Time: 0.56s)
✓ Generated graph n=3000, m=164316, seed=2429002973740178792, type=UNIFORM -> ./input/random_graphs/graph_3000_164316_UNIFORM_2429002973740178792.txt (Time: 0.55s)
✓ Generated graph n=3000, m=164316, seed=1250773459040295677, type=UNIFORM -> ./input/random_graphs/graph_3000_164316_UNIFORM_1250773459040295677.txt (Time: 0.54s)
✓ Generated graph n=3000, m=164316, seed=7473196763798409428, type=UNIFORM -> ./input/random_graphs/graph_3000_164316_UNIFORM_7473196763798409428.txt (Time: 0.50s)
✓ Generated graph n=3000, m=164316, seed=5142811650494845597, type=UNIFORM -> ./input/random_graphs/graph_3000_164316_UNIFORM_5142811650494845597.txt (Time: 0.50s)
✓ Generated graph n=3000, m=164316, seed=5139481885857321791, type=UNIFORM -> ./input/random_graphs/graph_3000_164316_UNIFORM_5139481885857321791.txt (Time: 0.51s)
✓ Generated graph n=3000, m=164316, seed=6002685213311538187, type=UNIFORM -> ./input/random_graphs/graph_3000_164316_UNIFORM_6002685213311538187.txt (Time: 0.49s)
✓ Generated graph n=3000, m=164316, seed=3010622984418968408, type=UNIFORM -> ./input/random_graphs/graph_3000_164316_UNIFORM_3010622984418968408.txt (Time: 0.51s)
✓ Generated graph n=3000, m=164316, seed=5708372698381010775, type=UNIFORM -> ./input/random_graphs/graph_3000_164316_UNIFORM_5708372698381010775.txt (Time: 0.46s)
✓ Generated graph n=3000, m=164316, seed=521787134863155063, type=UNIFORM -> ./input/random_graphs/graph_3000_164316_UNIFORM_521787134863155063.txt (Time: 0.47s)
✓ Generated graph n=3000, m=164316, seed=1731523882129807996, type=UNIFORM -> ./input/random_graphs/graph_3000_164316_UNIFORM_1731523882129807996.txt (Time: 0.47s)
✓ Generated graph n=3000, m=164316, seed=1853590723603270879, type=UNIFORM -> ./input/random_graphs/graph_3000_164316_UNIFORM_1853590723603270879.txt (Time: 0.47s)
✓ Generated graph n=3000, m=164316, seed=7029781962072644698, type=UNIFORM -> ./input/random_graphs/graph_3000_164316_UNIFORM_7029781962072644698.txt (Time: 0.42s)
✓ Generated graph n=3000, m=164316, seed=6785030173969523435, type=UNIFORM -> ./input/random_graphs/graph_3000_164316_UNIFORM_6785030173969523435.txt (Time: 0.48s)
✓ Generated graph n=3000, m=164316, seed=5529616217668449934, type=UNIFORM -> ./input/random_graphs/graph_3000_164316_UNIFORM_5529616217668449934.txt (Time: 0.49s)
✓ Generated graph n=3000, m=164316, seed=1024517563182776983, type=UNIFORM -> ./input/random_graphs/graph_3000_164316_UNIFORM_1024517563182776983.txt (Time: 0.52s)
✓ Generated graph n=3000, m=164316, seed=7706236040662210848, type=UNIFORM -> ./input/random_graphs/graph_3000_164316_UNIFORM_7706236040662210848.txt (Time: 0.48s)
✓ Generated graph n=3000, m=164316, seed=1647170069535670909, type=UNIFORM -> ./input/random_graphs/graph_3000_164316_UNIFORM_1647170069535670909.txt (Time: 0.50s)
✓ Generated graph n=3000, m=164316, seed=5258051056098597521, type=UNIFORM -> ./input/random_graphs/graph_3000_164316_UNIFORM_5258051056098597521.txt (Time: 0.51s)
✓ Generated graph n=3000, m=164316, seed=824387247617288499, type=UNIFORM -> ./input/random_graphs/graph_3000_164316_UNIFORM_824387247617288499.txt (Time: 0.50s)
✓ Generated graph n=3000, m=164316, seed=4122784633514911760, type=UNIFORM -> ./input/random_graphs/graph_3000_164316_UNIFORM_4122784633514911760.txt (Time: 0.53s)
✓ Generated graph n=3000, m=164316, seed=8031431416522537101, type=UNIFORM -> ./input/random_graphs/graph_3000_164316_UNIFORM_8031431416522537101.txt (Time: 0.49s)
✓ Generated graph n=3000, m=164316, seed=6143643868734370809, type=UNIFORM -> ./input/random_graphs/graph_3000_164316_UNIFORM_6143643868734370809.txt (Time: 0.52s)
✓ Generated graph n=3000, m=164316, seed=4445925461710302877, type=UNIFORM -> ./input/random_graphs/graph_3000_164316_UNIFORM_4445925461710302877.txt (Time: 0.50s)
✓ Generated graph n=3000, m=164316, seed=1632192924771168275, type=UNIFORM -> ./input/random_graphs/graph_3000_164316_UNIFORM_1632192924771168275.txt (Time: 0.55s)
✓ Generated graph n=3000, m=164316, seed=7161906730445628483, type=UNIFORM -> ./input/random_graphs/graph_3000_164316_UNIFORM_7161906730445628483.txt (Time: 0.55s)
✓ Generated graph n=3000, m=164316, seed=6224222471595207695, type=UNIFORM -> ./input/random_graphs/graph_3000_164316_UNIFORM_6224222471595207695.txt (Time: 0.50s)
✓ Generated graph n=3000, m=164316, seed=3865339568260874865, type=UNIFORM -> ./input/random_graphs/graph_3000_164316_UNIFORM_3865339568260874865.txt (Time: 0.51s)
✓ Generated graph n=3000, m=164316, seed=7921282862123281598, type=UNIFORM -> ./input/random_graphs/graph_3000_164316_UNIFORM_7921282862123281598.txt (Time: 0.52s)
✓ Generated graph n=3000, m=164316, seed=3224265581699847191, type=UNIFORM -> ./input/random_graphs/graph_3000_164316_UNIFORM_3224265581699847191.txt (Time: 0.62s)
✓ Generated graph n=3000, m=164316, seed=6802378520969450157, type=UNIFORM -> ./input/random_graphs/graph_3000_164316_UNIFORM_6802378520969450157.txt (Time: 0.57s)
✓ Generated graph n=3000, m=164316, seed=5636411189175451024, type=UNIFORM -> ./input/random_graphs/graph_3000_164316_UNIFORM_5636411189175451024.txt (Time: 0.56s)
✓ Generated graph n=3000, m=164316, seed=1128313391724783137, type=UNIFORM -> ./input/random_graphs/graph_3000_164316_UNIFORM_1128313391724783137.txt (Time: 0.50s)
✓ Generated graph n=3000, m=164316, seed=4552998297316576788, type=UNIFORM -> ./input/random_graphs/graph_3000_164316_UNIFORM_4552998297316576788.txt (Time: 0.57s)
✓ Generated graph n=3000, m=164316, seed=5349491008325879064, type=UNIFORM -> ./input/random_graphs/graph_3000_164316_UNIFORM_5349491008325879064.txt (Time: 0.57s)
✓ Generated graph n=3000, m=164316, seed=8718380604043999642, type=UNIFORM -> ./input/random_graphs/graph_3000_164316_UNIFORM_8718380604043999642.txt (Time: 0.47s)
✓ Generated graph n=3000, m=164316, seed=3272308573967577038, type=UNIFORM -> ./input/random_graphs/graph_3000_164316_UNIFORM_3272308573967577038.txt (Time: 0.58s)
✓ Generated graph n=3000, m=164316, seed=7938560551762094560, type=UNIFORM -> ./input/random_graphs/graph_3000_164316_UNIFORM_7938560551762094560.txt (Time: 0.57s)
✓ Generated graph n=3000, m=164316, seed=7917045922527545890, type=UNIFORM -> ./input/random_graphs/graph_3000_164316_UNIFORM_7917045922527545890.txt (Time: 0.57s)
✓ Generated graph n=3000, m=164316, seed=6614505080519948832, type=UNIFORM -> ./input/random_graphs/graph_3000_164316_UNIFORM_6614505080519948832.txt (Time: 0.58s)
✓ Generated graph n=3000, m=164316, seed=716820155901718944, type=UNIFORM -> ./input/random_graphs/graph_3000_164316_UNIFORM_716820155901718944.txt (Time: 0.53s)
✓ Generated graph n=3000, m=164316, seed=5063475852268941542, type=UNIFORM -> ./input/random_graphs/graph_3000_164316_UNIFORM_5063475852268941542.txt (Time: 0.53s)
✓ Generated graph n=3000, m=164316, seed=4997514996153925447, type=UNIFORM -> ./input/random_graphs/graph_3000_164316_UNIFORM_4997514996153925447.txt (Time: 0.52s)
✓ Generated graph n=3000, m=164316, seed=8446481348147407377, type=UNIFORM -> ./input/random_graphs/graph_3000_164316_UNIFORM_8446481348147407377.txt (Time: 0.45s)
✓ Generated graph n=3000, m=164316, seed=3817405844514670994, type=UNIFORM -> ./input/random_graphs/graph_3000_164316_UNIFORM_3817405844514670994.txt (Time: 0.41s)
✓ Generated graph n=3000, m=164316, seed=1170385908854608748, type=UNIFORM -> ./input/random_graphs/graph_3000_164316_UNIFORM_1170385908854608748.txt (Time: 0.41s)
✓ Generated graph n=3000, m=164316, seed=6529943913552561417, type=UNIFORM -> ./input/random_graphs/graph_3000_164316_UNIFORM_6529943913552561417.txt (Time: 0.44s)
✓ Generated graph n=3000, m=164316, seed=6022436717541034636, type=UNIFORM -> ./input/random_graphs/graph_3000_164316_UNIFORM_6022436717541034636.txt (Time: 0.44s)
✓ Generated graph n=3000, m=164316, seed=199422815561151340, type=UNIFORM -> ./input/random_graphs/graph_3000_164316_UNIFORM_199422815561151340.txt (Time: 0.43s)
✓ Generated graph n=3000, m=164316, seed=2909934787168262407, type=UNIFORM -> ./input/random_graphs/graph_3000_164316_UNIFORM_2909934787168262407.txt (Time: 0.47s)
✓ Generated graph n=3000, m=164316, seed=3713827327871807734, type=UNIFORM -> ./input/random_graphs/graph_3000_164316_UNIFORM_3713827327871807734.txt (Time: 0.43s)
✓ Generated graph n=3000, m=164316, seed=5108599054664628607, type=UNIFORM -> ./input/random_graphs/graph_3000_164316_UNIFORM_5108599054664628607.txt (Time: 0.42s)
✓ Generated graph n=3000, m=164316, seed=9060210648189963449, type=UNIFORM -> ./input/random_graphs/graph_3000_164316_UNIFORM_9060210648189963449.txt (Time: 0.41s)
✓ Generated graph n=3000, m=164316, seed=1392892770529522614, type=UNIFORM -> ./input/random_graphs/graph_3000_164316_UNIFORM_1392892770529522614.txt (Time: 0.42s)
✓ Generated graph n=3000, m=164316, seed=6764066939395682287, type=UNIFORM -> ./input/random_graphs/graph_3000_164316_UNIFORM_6764066939395682287.txt (Time: 0.44s)
✓ Generated graph n=3000, m=164316, seed=175493991617213850, type=UNIFORM -> ./input/random_graphs/graph_3000_164316_UNIFORM_175493991617213850.txt (Time: 0.48s)
✓ Generated graph n=3000, m=164316, seed=1458186392400727732, type=UNIFORM -> ./input/random_graphs/graph_3000_164316_UNIFORM_1458186392400727732.txt (Time: 0.43s)
✓ Generated graph n=3000, m=164316, seed=4795749165124911768, type=UNIFORM -> ./input/random_graphs/graph_3000_164316_UNIFORM_4795749165124911768.txt (Time: 0.41s)
✓ Generated graph n=3000, m=164316, seed=9130666990809746335, type=UNIFORM -> ./input/random_graphs/graph_3000_164316_UNIFORM_9130666990809746335.txt (Time: 0.48s)
✓ Generated graph n=3000, m=164316, seed=5497874167834979553, type=UNIFORM -> ./input/random_graphs/graph_3000_164316_UNIFORM_5497874167834979553.txt (Time: 0.46s)
✓ Generated graph n=3000, m=164316, seed=7644420139408884785, type=UNIFORM -> ./input/random_graphs/graph_3000_164316_UNIFORM_7644420139408884785.txt (Time: 0.49s)
✓ Generated graph n=3000, m=164316, seed=1722224698700348310, type=UNIFORM -> ./input/random_graphs/graph_3000_164316_UNIFORM_1722224698700348310.txt (Time: 0.46s)
✓ Generated graph n=3000, m=164316, seed=2089506265998900862, type=UNIFORM -> ./input/random_graphs/graph_3000_164316_UNIFORM_2089506265998900862.txt (Time: 0.49s)
✓ Generated graph n=3000, m=164316, seed=8794274795737982182, type=UNIFORM -> ./input/random_graphs/graph_3000_164316_UNIFORM_8794274795737982182.txt (Time: 0.51s)
✓ Generated graph n=3000, m=164316, seed=4250897495980125004, type=UNIFORM -> ./input/random_graphs/graph_3000_164316_UNIFORM_4250897495980125004.txt (Time: 0.52s)
✓ Generated graph n=3000, m=164316, seed=7905487461282246979, type=UNIFORM -> ./input/random_graphs/graph_3000_164316_UNIFORM_7905487461282246979.txt (Time: 0.50s)
✓ Generated graph n=3000, m=164316, seed=4060584409398689268, type=UNIFORM -> ./input/random_graphs/graph_3000_164316_UNIFORM_4060584409398689268.txt (Time: 0.51s)
✓ Generated graph n=3000, m=164316, seed=1332005502874566195, type=UNIFORM -> ./input/random_graphs/graph_3000_164316_UNIFORM_1332005502874566195.txt (Time: 0.51s)
✓ Generated graph n=3000, m=164316, seed=8626102704817790064, type=UNIFORM -> ./input/random_graphs/graph_3000_164316_UNIFORM_8626102704817790064.txt (Time: 0.51s)
✓ Generated graph n=3000, m=164316, seed=8448596294177070022, type=UNIFORM -> ./input/random_graphs/graph_3000_164316_UNIFORM_8448596294177070022.txt (Time: 0.51s)
✓ Generated graph n=3000, m=164316, seed=4934890601268679176, type=UNIFORM -> ./input/random_graphs/graph_3000_164316_UNIFORM_4934890601268679176.txt (Time: 0.48s)
✓ Generated graph n=3000, m=164316, seed=1992204328026194281, type=UNIFORM -> ./input/random_graphs/graph_3000_164316_UNIFORM_1992204328026194281.txt (Time: 0.48s)
✓ Generated graph n=3000, m=164316, seed=7118744415197196276, type=UNIFORM -> ./input/random_graphs/graph_3000_164316_UNIFORM_7118744415197196276.txt (Time: 0.47s)
✓ Generated graph n=3000, m=164316, seed=2718103348384927511, type=UNIFORM -> ./input/random_graphs/graph_3000_164316_UNIFORM_2718103348384927511.txt (Time: 0.44s)
✓ Generated graph n=3000, m=164316, seed=9059990922233379852, type=UNIFORM -> ./input/random_graphs/graph_3000_164316_UNIFORM_9059990922233379852.txt (Time: 0.43s)
✓ Generated graph n=3000, m=164316, seed=7449662661572224354, type=UNIFORM -> ./input/random_graphs/graph_3000_164316_UNIFORM_7449662661572224354.txt (Time: 0.40s)
✓ Generated graph n=3000, m=164316, seed=3221421291694197220, type=UNIFORM -> ./input/random_graphs/graph_3000_164316_UNIFORM_3221421291694197220.txt (Time: 0.39s)
✓ Generated graph n=3000, m=164316, seed=8867616339855336876, type=UNIFORM -> ./input/random_graphs/graph_3000_164316_UNIFORM_8867616339855336876.txt (Time: 0.41s)
✓ Generated graph n=3000, m=164316, seed=5894893360759659423, type=UNIFORM -> ./input/random_graphs/graph_3000_164316_UNIFORM_5894893360759659423.txt (Time: 0.41s)
✓ Generated graph n=3000, m=164316, seed=7983805977214098674, type=UNIFORM -> ./input/random_graphs/graph_3000_164316_UNIFORM_7983805977214098674.txt (Time: 0.41s)
✓ Generated graph n=3000, m=164316, seed=4940913311242578590, type=UNIFORM -> ./input/random_graphs/graph_3000_164316_UNIFORM_4940913311242578590.txt (Time: 0.42s)
✓ Generated graph n=3000, m=164316, seed=2264398621601381987, type=UNIFORM -> ./input/random_graphs/graph_3000_164316_UNIFORM_2264398621601381987.txt (Time: 0.40s)
✓ Generated graph n=3000, m=164316, seed=7632458674696225362, type=UNIFORM -> ./input/random_graphs/graph_3000_164316_UNIFORM_7632458674696225362.txt (Time: 0.43s)
✓ Generated graph n=3500, m=207062, seed=3881801951614183357, type=UNIFORM -> ./input/random_graphs/graph_3500_207062_UNIFORM_3881801951614183357.txt (Time: 0.52s)
✓ Generated graph n=3500, m=207062, seed=7871178979383552919, type=UNIFORM -> ./input/random_graphs/graph_3500_207062_UNIFORM_7871178979383552919.txt (Time: 0.55s)
✓ Generated graph n=3500, m=207062, seed=6230961512046992311, type=UNIFORM -> ./input/random_graphs/graph_3500_207062_UNIFORM_6230961512046992311.txt (Time: 0.55s)
✓ Generated graph n=3500, m=207062, seed=5739955973604961613, type=UNIFORM -> ./input/random_graphs/graph_3500_207062_UNIFORM_5739955973604961613.txt (Time: 0.54s)
✓ Generated graph n=3500, m=207062, seed=7032710160631691991, type=UNIFORM -> ./input/random_graphs/graph_3500_207062_UNIFORM_7032710160631691991.txt (Time: 0.53s)
✓ Generated graph n=3500, m=207062, seed=1353182403971399009, type=UNIFORM -> ./input/random_graphs/graph_3500_207062_UNIFORM_1353182403971399009.txt (Time: 0.54s)
✓ Generated graph n=3500, m=207062, seed=6522163754831416203, type=UNIFORM -> ./input/random_graphs/graph_3500_207062_UNIFORM_6522163754831416203.txt (Time: 0.52s)
✓ Generated graph n=3500, m=207062, seed=7599700178212337699, type=UNIFORM -> ./input/random_graphs/graph_3500_207062_UNIFORM_7599700178212337699.txt (Time: 0.57s)
✓ Generated graph n=3500, m=207062, seed=4040737767143389431, type=UNIFORM -> ./input/random_graphs/graph_3500_207062_UNIFORM_4040737767143389431.txt (Time: 0.52s)
✓ Generated graph n=3500, m=207062, seed=1070244953599069350, type=UNIFORM -> ./input/random_graphs/graph_3500_207062_UNIFORM_1070244953599069350.txt (Time: 0.56s)
✓ Generated graph n=3500, m=207062, seed=6938562734920028532, type=UNIFORM -> ./input/random_graphs/graph_3500_207062_UNIFORM_6938562734920028532.txt (Time: 0.56s)
✓ Generated graph n=3500, m=207062, seed=320375091487821987, type=UNIFORM -> ./input/random_graphs/graph_3500_207062_UNIFORM_320375091487821987.txt (Time: 0.55s)
✓ Generated graph n=3500, m=207062, seed=2429002973740178792, type=UNIFORM -> ./input/random_graphs/graph_3500_207062_UNIFORM_2429002973740178792.txt (Time: 0.57s)
✓ Generated graph n=3500, m=207062, seed=1309542850049879452, type=UNIFORM -> ./input/random_graphs/graph_3500_207062_UNIFORM_1309542850049879452.txt (Time: 0.58s)
✓ Generated graph n=3500, m=207062, seed=1250005700364523649, type=UNIFORM -> ./input/random_graphs/graph_3500_207062_UNIFORM_1250005700364523649.txt (Time: 0.58s)
✓ Generated graph n=3500, m=207062, seed=7663871783842725848, type=UNIFORM -> ./input/random_graphs/graph_3500_207062_UNIFORM_7663871783842725848.txt (Time: 0.58s)
✓ Generated graph n=3500, m=207062, seed=5906957480796939447, type=UNIFORM -> ./input/random_graphs/graph_3500_207062_UNIFORM_5906957480796939447.txt (Time: 0.58s)
✓ Generated graph n=3500, m=207062, seed=1250773459040295677, type=UNIFORM -> ./input/random_graphs/graph_3500_207062_UNIFORM_1250773459040295677.txt (Time: 0.57s)
✓ Generated graph n=3500, m=207062, seed=7146860528564146064, type=UNIFORM -> ./input/random_graphs/graph_3500_207062_UNIFORM_7146860528564146064.txt (Time: 0.56s)
✓ Generated graph n=3500, m=207062, seed=3438400432146115956, type=UNIFORM -> ./input/random_graphs/graph_3500_207062_UNIFORM_3438400432146115956.txt (Time: 0.56s)
✓ Generated graph n=3500, m=207062, seed=5142811650494845597, type=UNIFORM -> ./input/random_graphs/graph_3500_207062_UNIFORM_5142811650494845597.txt (Time: 0.50s)
✓ Generated graph n=3500, m=207062, seed=7473196763798409428, type=UNIFORM -> ./input/random_graphs/graph_3500_207062_UNIFORM_7473196763798409428.txt (Time: 0.56s)
✓ Generated graph n=3500, m=207062, seed=3010622984418968408, type=UNIFORM -> ./input/random_graphs/graph_3500_207062_UNIFORM_3010622984418968408.txt (Time: 0.50s)
✓ Generated graph n=3500, m=207062, seed=5139481885857321791, type=UNIFORM -> ./input/random_graphs/graph_3500_207062_UNIFORM_5139481885857321791.txt (Time: 0.56s)
✓ Generated graph n=3500, m=207062, seed=6002685213311538187, type=UNIFORM -> ./input/random_graphs/graph_3500_207062_UNIFORM_6002685213311538187.txt (Time: 0.48s)
✓ Generated graph n=3500, m=207062, seed=5708372698381010775, type=UNIFORM -> ./input/random_graphs/graph_3500_207062_UNIFORM_5708372698381010775.txt (Time: 0.50s)
✓ Generated graph n=3500, m=207062, seed=521787134863155063, type=UNIFORM -> ./input/random_graphs/graph_3500_207062_UNIFORM_521787134863155063.txt (Time: 0.51s)
✓ Generated graph n=3500, m=207062, seed=1731523882129807996, type=UNIFORM -> ./input/random_graphs/graph_3500_207062_UNIFORM_1731523882129807996.txt (Time: 0.50s)
✓ Generated graph n=3500, m=207062, seed=1853590723603270879, type=UNIFORM -> ./input/random_graphs/graph_3500_207062_UNIFORM_1853590723603270879.txt (Time: 0.50s)
✓ Generated graph n=3500, m=207062, seed=7029781962072644698, type=UNIFORM -> ./input/random_graphs/graph_3500_207062_UNIFORM_7029781962072644698.txt (Time: 0.50s)
✓ Generated graph n=3500, m=207062, seed=5529616217668449934, type=UNIFORM -> ./input/random_graphs/graph_3500_207062_UNIFORM_5529616217668449934.txt (Time: 0.47s)
✓ Generated graph n=3500, m=207062, seed=6785030173969523435, type=UNIFORM -> ./input/random_graphs/graph_3500_207062_UNIFORM_6785030173969523435.txt (Time: 0.55s)
✓ Generated graph n=3500, m=207062, seed=1024517563182776983, type=UNIFORM -> ./input/random_graphs/graph_3500_207062_UNIFORM_1024517563182776983.txt (Time: 0.54s)
✓ Generated graph n=3500, m=207062, seed=3224265581699847191, type=UNIFORM -> ./input/random_graphs/graph_3500_207062_UNIFORM_3224265581699847191.txt (Time: 0.55s)
✓ Generated graph n=3500, m=207062, seed=5258051056098597521, type=UNIFORM -> ./input/random_graphs/graph_3500_207062_UNIFORM_5258051056098597521.txt (Time: 0.55s)
✓ Generated graph n=3500, m=207062, seed=7706236040662210848, type=UNIFORM -> ./input/random_graphs/graph_3500_207062_UNIFORM_7706236040662210848.txt (Time: 0.51s)
✓ Generated graph n=3500, m=207062, seed=1632192924771168275, type=UNIFORM -> ./input/random_graphs/graph_3500_207062_UNIFORM_1632192924771168275.txt (Time: 0.53s)
✓ Generated graph n=3500, m=207062, seed=4122784633514911760, type=UNIFORM -> ./input/random_graphs/graph_3500_207062_UNIFORM_4122784633514911760.txt (Time: 0.59s)
✓ Generated graph n=3500, m=207062, seed=1647170069535670909, type=UNIFORM -> ./input/random_graphs/graph_3500_207062_UNIFORM_1647170069535670909.txt (Time: 0.60s)
✓ Generated graph n=3500, m=207062, seed=824387247617288499, type=UNIFORM -> ./input/random_graphs/graph_3500_207062_UNIFORM_824387247617288499.txt (Time: 0.58s)
✓ Generated graph n=3500, m=207062, seed=7161906730445628483, type=UNIFORM -> ./input/random_graphs/graph_3500_207062_UNIFORM_7161906730445628483.txt (Time: 0.57s)
✓ Generated graph n=3500, m=207062, seed=6802378520969450157, type=UNIFORM -> ./input/random_graphs/graph_3500_207062_UNIFORM_6802378520969450157.txt (Time: 0.55s)
✓ Generated graph n=3500, m=207062, seed=4552998297316576788, type=UNIFORM -> ./input/random_graphs/graph_3500_207062_UNIFORM_4552998297316576788.txt (Time: 0.55s)
✓ Generated graph n=3500, m=207062, seed=6143643868734370809, type=UNIFORM -> ./input/random_graphs/graph_3500_207062_UNIFORM_6143643868734370809.txt (Time: 0.57s)
✓ Generated graph n=3500, m=207062, seed=8031431416522537101, type=UNIFORM -> ./input/random_graphs/graph_3500_207062_UNIFORM_8031431416522537101.txt (Time: 0.57s)
✓ Generated graph n=3500, m=207062, seed=5349491008325879064, type=UNIFORM -> ./input/random_graphs/graph_3500_207062_UNIFORM_5349491008325879064.txt (Time: 0.56s)
✓ Generated graph n=3500, m=207062, seed=3272308573967577038, type=UNIFORM -> ./input/random_graphs/graph_3500_207062_UNIFORM_3272308573967577038.txt (Time: 0.58s)
✓ Generated graph n=3500, m=207062, seed=5636411189175451024, type=UNIFORM -> ./input/random_graphs/graph_3500_207062_UNIFORM_5636411189175451024.txt (Time: 0.58s)
✓ Generated graph n=3500, m=207062, seed=6614505080519948832, type=UNIFORM -> ./input/random_graphs/graph_3500_207062_UNIFORM_6614505080519948832.txt (Time: 0.57s)
✓ Generated graph n=3500, m=207062, seed=7938560551762094560, type=UNIFORM -> ./input/random_graphs/graph_3500_207062_UNIFORM_7938560551762094560.txt (Time: 0.57s)
✓ Generated graph n=3500, m=207062, seed=6224222471595207695, type=UNIFORM -> ./input/random_graphs/graph_3500_207062_UNIFORM_6224222471595207695.txt (Time: 0.56s)
✓ Generated graph n=3500, m=207062, seed=7917045922527545890, type=UNIFORM -> ./input/random_graphs/graph_3500_207062_UNIFORM_7917045922527545890.txt (Time: 0.60s)
✓ Generated graph n=3500, m=207062, seed=3865339568260874865, type=UNIFORM -> ./input/random_graphs/graph_3500_207062_UNIFORM_3865339568260874865.txt (Time: 0.59s)
✓ Generated graph n=3500, m=207062, seed=4445925461710302877, type=UNIFORM -> ./input/random_graphs/graph_3500_207062_UNIFORM_4445925461710302877.txt (Time: 0.61s)
✓ Generated graph n=3500, m=207062, seed=7921282862123281598, type=UNIFORM -> ./input/random_graphs/graph_3500_207062_UNIFORM_7921282862123281598.txt (Time: 0.63s)
✓ Generated graph n=3500, m=207062, seed=1128313391724783137, type=UNIFORM -> ./input/random_graphs/graph_3500_207062_UNIFORM_1128313391724783137.txt (Time: 0.62s)
✓ Generated graph n=3500, m=207062, seed=716820155901718944, type=UNIFORM -> ./input/random_graphs/graph_3500_207062_UNIFORM_716820155901718944.txt (Time: 0.62s)
✓ Generated graph n=3500, m=207062, seed=5063475852268941542, type=UNIFORM -> ./input/random_graphs/graph_3500_207062_UNIFORM_5063475852268941542.txt (Time: 0.61s)
✓ Generated graph n=3500, m=207062, seed=8718380604043999642, type=UNIFORM -> ./input/random_graphs/graph_3500_207062_UNIFORM_8718380604043999642.txt (Time: 0.62s)
✓ Generated graph n=3500, m=207062, seed=4997514996153925447, type=UNIFORM -> ./input/random_graphs/graph_3500_207062_UNIFORM_4997514996153925447.txt (Time: 0.63s)
✓ Generated graph n=3500, m=207062, seed=8446481348147407377, type=UNIFORM -> ./input/random_graphs/graph_3500_207062_UNIFORM_8446481348147407377.txt (Time: 0.60s)
✓ Generated graph n=3500, m=207062, seed=6529943913552561417, type=UNIFORM -> ./input/random_graphs/graph_3500_207062_UNIFORM_6529943913552561417.txt (Time: 0.60s)
✓ Generated graph n=3500, m=207062, seed=1170385908854608748, type=UNIFORM -> ./input/random_graphs/graph_3500_207062_UNIFORM_1170385908854608748.txt (Time: 0.56s)
✓ Generated graph n=3500, m=207062, seed=3817405844514670994, type=UNIFORM -> ./input/random_graphs/graph_3500_207062_UNIFORM_3817405844514670994.txt (Time: 0.62s)
✓ Generated graph n=3500, m=207062, seed=2909934787168262407, type=UNIFORM -> ./input/random_graphs/graph_3500_207062_UNIFORM_2909934787168262407.txt (Time: 0.61s)
✓ Generated graph n=3500, m=207062, seed=6022436717541034636, type=UNIFORM -> ./input/random_graphs/graph_3500_207062_UNIFORM_6022436717541034636.txt (Time: 0.61s)
✓ Generated graph n=3500, m=207062, seed=3713827327871807734, type=UNIFORM -> ./input/random_graphs/graph_3500_207062_UNIFORM_3713827327871807734.txt (Time: 0.55s)
✓ Generated graph n=3500, m=207062, seed=199422815561151340, type=UNIFORM -> ./input/random_graphs/graph_3500_207062_UNIFORM_199422815561151340.txt (Time: 0.61s)
✓ Generated graph n=3500, m=207062, seed=175493991617213850, type=UNIFORM -> ./input/random_graphs/graph_3500_207062_UNIFORM_175493991617213850.txt (Time: 0.61s)
✓ Generated graph n=3500, m=207062, seed=7644420139408884785, type=UNIFORM -> ./input/random_graphs/graph_3500_207062_UNIFORM_7644420139408884785.txt (Time: 0.59s)
✓ Generated graph n=3500, m=207062, seed=6764066939395682287, type=UNIFORM -> ./input/random_graphs/graph_3500_207062_UNIFORM_6764066939395682287.txt (Time: 0.61s)
✓ Generated graph n=3500, m=207062, seed=5108599054664628607, type=UNIFORM -> ./input/random_graphs/graph_3500_207062_UNIFORM_5108599054664628607.txt (Time: 0.63s)
✓ Generated graph n=3500, m=207062, seed=9130666990809746335, type=UNIFORM -> ./input/random_graphs/graph_3500_207062_UNIFORM_9130666990809746335.txt (Time: 0.62s)
✓ Generated graph n=3500, m=207062, seed=1458186392400727732, type=UNIFORM -> ./input/random_graphs/graph_3500_207062_UNIFORM_1458186392400727732.txt (Time: 0.60s)
✓ Generated graph n=3500, m=207062, seed=1392892770529522614, type=UNIFORM -> ./input/random_graphs/graph_3500_207062_UNIFORM_1392892770529522614.txt (Time: 0.61s)
✓ Generated graph n=3500, m=207062, seed=9060210648189963449, type=UNIFORM -> ./input/random_graphs/graph_3500_207062_UNIFORM_9060210648189963449.txt (Time: 0.63s)
✓ Generated graph n=3500, m=207062, seed=4250897495980125004, type=UNIFORM -> ./input/random_graphs/graph_3500_207062_UNIFORM_4250897495980125004.txt (Time: 0.63s)
✓ Generated graph n=3500, m=207062, seed=2089506265998900862, type=UNIFORM -> ./input/random_graphs/graph_3500_207062_UNIFORM_2089506265998900862.txt (Time: 0.64s)
✓ Generated graph n=3500, m=207062, seed=5497874167834979553, type=UNIFORM -> ./input/random_graphs/graph_3500_207062_UNIFORM_5497874167834979553.txt (Time: 0.63s)
✓ Generated graph n=3500, m=207062, seed=8794274795737982182, type=UNIFORM -> ./input/random_graphs/graph_3500_207062_UNIFORM_8794274795737982182.txt (Time: 0.68s)
✓ Generated graph n=3500, m=207062, seed=1722224698700348310, type=UNIFORM -> ./input/random_graphs/graph_3500_207062_UNIFORM_1722224698700348310.txt (Time: 0.61s)
✓ Generated graph n=3500, m=207062, seed=8626102704817790064, type=UNIFORM -> ./input/random_graphs/graph_3500_207062_UNIFORM_8626102704817790064.txt (Time: 0.64s)
✓ Generated graph n=3500, m=207062, seed=1332005502874566195, type=UNIFORM -> ./input/random_graphs/graph_3500_207062_UNIFORM_1332005502874566195.txt (Time: 0.66s)
✓ Generated graph n=3500, m=207062, seed=4060584409398689268, type=UNIFORM -> ./input/random_graphs/graph_3500_207062_UNIFORM_4060584409398689268.txt (Time: 0.67s)
✓ Generated graph n=3500, m=207062, seed=8448596294177070022, type=UNIFORM -> ./input/random_graphs/graph_3500_207062_UNIFORM_8448596294177070022.txt (Time: 0.62s)
✓ Generated graph n=3500, m=207062, seed=7905487461282246979, type=UNIFORM -> ./input/random_graphs/graph_3500_207062_UNIFORM_7905487461282246979.txt (Time: 0.65s)
✓ Generated graph n=3500, m=207062, seed=4934890601268679176, type=UNIFORM -> ./input/random_graphs/graph_3500_207062_UNIFORM_4934890601268679176.txt (Time: 0.64s)
✓ Generated graph n=3500, m=207062, seed=7118744415197196276, type=UNIFORM -> ./input/random_graphs/graph_3500_207062_UNIFORM_7118744415197196276.txt (Time: 0.61s)
✓ Generated graph n=3500, m=207062, seed=7449662661572224354, type=UNIFORM -> ./input/random_graphs/graph_3500_207062_UNIFORM_7449662661572224354.txt (Time: 0.52s)
✓ Generated graph n=3500, m=207062, seed=4795749165124911768, type=UNIFORM -> ./input/random_graphs/graph_3500_207062_UNIFORM_4795749165124911768.txt (Time: 0.72s)
✓ Generated graph n=3500, m=207062, seed=7983805977214098674, type=UNIFORM -> ./input/random_graphs/graph_3500_207062_UNIFORM_7983805977214098674.txt (Time: 0.48s)
✓ Generated graph n=3500, m=207062, seed=2718103348384927511, type=UNIFORM -> ./input/random_graphs/graph_3500_207062_UNIFORM_2718103348384927511.txt (Time: 0.63s)
✓ Generated graph n=3500, m=207062, seed=1992204328026194281, type=UNIFORM -> ./input/random_graphs/graph_3500_207062_UNIFORM_1992204328026194281.txt (Time: 0.79s)
✓ Generated graph n=3500, m=207062, seed=9059990922233379852, type=UNIFORM -> ./input/random_graphs/graph_3500_207062_UNIFORM_9059990922233379852.txt (Time: 0.66s)
✓ Generated graph n=3500, m=207062, seed=8867616339855336876, type=UNIFORM -> ./input/random_graphs/graph_3500_207062_UNIFORM_8867616339855336876.txt (Time: 0.68s)
✓ Generated graph n=3500, m=207062, seed=4940913311242578590, type=UNIFORM -> ./input/random_graphs/graph_3500_207062_UNIFORM_4940913311242578590.txt (Time: 0.70s)
✓ Generated graph n=3500, m=207062, seed=3221421291694197220, type=UNIFORM -> ./input/random_graphs/graph_3500_207062_UNIFORM_3221421291694197220.txt (Time: 0.77s)
✓ Generated graph n=3500, m=207062, seed=5894893360759659423, type=UNIFORM -> ./input/random_graphs/graph_3500_207062_UNIFORM_5894893360759659423.txt (Time: 0.74s)
✓ Generated graph n=3500, m=207062, seed=7632458674696225362, type=UNIFORM -> ./input/random_graphs/graph_3500_207062_UNIFORM_7632458674696225362.txt (Time: 0.69s)
✓ Generated graph n=4000, m=252982, seed=1353182403971399009, type=UNIFORM -> ./input/random_graphs/graph_4000_252982_UNIFORM_1353182403971399009.txt (Time: 0.60s)
✓ Generated graph n=4000, m=252982, seed=1070244953599069350, type=UNIFORM -> ./input/random_graphs/graph_4000_252982_UNIFORM_1070244953599069350.txt (Time: 0.62s)
✓ Generated graph n=3500, m=207062, seed=2264398621601381987, type=UNIFORM -> ./input/random_graphs/graph_3500_207062_UNIFORM_2264398621601381987.txt (Time: 0.76s)
✓ Generated graph n=4000, m=252982, seed=6522163754831416203, type=UNIFORM -> ./input/random_graphs/graph_4000_252982_UNIFORM_6522163754831416203.txt (Time: 0.63s)
✓ Generated graph n=4000, m=252982, seed=6938562734920028532, type=UNIFORM -> ./input/random_graphs/graph_4000_252982_UNIFORM_6938562734920028532.txt (Time: 0.66s)
✓ Generated graph n=4000, m=252982, seed=6230961512046992311, type=UNIFORM -> ./input/random_graphs/graph_4000_252982_UNIFORM_6230961512046992311.txt (Time: 0.85s)
✓ Generated graph n=4000, m=252982, seed=4040737767143389431, type=UNIFORM -> ./input/random_graphs/graph_4000_252982_UNIFORM_4040737767143389431.txt (Time: 0.67s)
✓ Generated graph n=4000, m=252982, seed=7871178979383552919, type=UNIFORM -> ./input/random_graphs/graph_4000_252982_UNIFORM_7871178979383552919.txt (Time: 0.84s)
✓ Generated graph n=4000, m=252982, seed=5739955973604961613, type=UNIFORM -> ./input/random_graphs/graph_4000_252982_UNIFORM_5739955973604961613.txt (Time: 0.84s)
✓ Generated graph n=4000, m=252982, seed=3881801951614183357, type=UNIFORM -> ./input/random_graphs/graph_4000_252982_UNIFORM_3881801951614183357.txt (Time: 0.84s)
✓ Generated graph n=4000, m=252982, seed=7599700178212337699, type=UNIFORM -> ./input/random_graphs/graph_4000_252982_UNIFORM_7599700178212337699.txt (Time: 0.78s)
✓ Generated graph n=4000, m=252982, seed=7032710160631691991, type=UNIFORM -> ./input/random_graphs/graph_4000_252982_UNIFORM_7032710160631691991.txt (Time: 0.84s)
✓ Generated graph n=4000, m=252982, seed=1250005700364523649, type=UNIFORM -> ./input/random_graphs/graph_4000_252982_UNIFORM_1250005700364523649.txt (Time: 0.71s)
✓ Generated graph n=4000, m=252982, seed=2429002973740178792, type=UNIFORM -> ./input/random_graphs/graph_4000_252982_UNIFORM_2429002973740178792.txt (Time: 0.73s)
✓ Generated graph n=4000, m=252982, seed=1309542850049879452, type=UNIFORM -> ./input/random_graphs/graph_4000_252982_UNIFORM_1309542850049879452.txt (Time: 0.73s)
✓ Generated graph n=4000, m=252982, seed=7663871783842725848, type=UNIFORM -> ./input/random_graphs/graph_4000_252982_UNIFORM_7663871783842725848.txt (Time: 0.72s)
✓ Generated graph n=4000, m=252982, seed=320375091487821987, type=UNIFORM -> ./input/random_graphs/graph_4000_252982_UNIFORM_320375091487821987.txt (Time: 0.73s)
✓ Generated graph n=4000, m=252982, seed=5906957480796939447, type=UNIFORM -> ./input/random_graphs/graph_4000_252982_UNIFORM_5906957480796939447.txt (Time: 0.72s)
✓ Generated graph n=4000, m=252982, seed=5142811650494845597, type=UNIFORM -> ./input/random_graphs/graph_4000_252982_UNIFORM_5142811650494845597.txt (Time: 0.58s)
✓ Generated graph n=4000, m=252982, seed=1250773459040295677, type=UNIFORM -> ./input/random_graphs/graph_4000_252982_UNIFORM_1250773459040295677.txt (Time: 0.72s)
✓ Generated graph n=4000, m=252982, seed=7146860528564146064, type=UNIFORM -> ./input/random_graphs/graph_4000_252982_UNIFORM_7146860528564146064.txt (Time: 0.70s)
✓ Generated graph n=4000, m=252982, seed=3438400432146115956, type=UNIFORM -> ./input/random_graphs/graph_4000_252982_UNIFORM_3438400432146115956.txt (Time: 0.73s)
✓ Generated graph n=4000, m=252982, seed=7473196763798409428, type=UNIFORM -> ./input/random_graphs/graph_4000_252982_UNIFORM_7473196763798409428.txt (Time: 0.73s)
✓ Generated graph n=4000, m=252982, seed=5139481885857321791, type=UNIFORM -> ./input/random_graphs/graph_4000_252982_UNIFORM_5139481885857321791.txt (Time: 0.71s)
✓ Generated graph n=4000, m=252982, seed=6002685213311538187, type=UNIFORM -> ./input/random_graphs/graph_4000_252982_UNIFORM_6002685213311538187.txt (Time: 0.57s)
✓ Generated graph n=4000, m=252982, seed=3010622984418968408, type=UNIFORM -> ./input/random_graphs/graph_4000_252982_UNIFORM_3010622984418968408.txt (Time: 0.65s)
✓ Generated graph n=4000, m=252982, seed=5708372698381010775, type=UNIFORM -> ./input/random_graphs/graph_4000_252982_UNIFORM_5708372698381010775.txt (Time: 0.62s)
✓ Generated graph n=4000, m=252982, seed=521787134863155063, type=UNIFORM -> ./input/random_graphs/graph_4000_252982_UNIFORM_521787134863155063.txt (Time: 0.62s)
✓ Generated graph n=4000, m=252982, seed=1731523882129807996, type=UNIFORM -> ./input/random_graphs/graph_4000_252982_UNIFORM_1731523882129807996.txt (Time: 0.61s)
✓ Generated graph n=4000, m=252982, seed=7029781962072644698, type=UNIFORM -> ./input/random_graphs/graph_4000_252982_UNIFORM_7029781962072644698.txt (Time: 0.60s)
✓ Generated graph n=4000, m=252982, seed=6785030173969523435, type=UNIFORM -> ./input/random_graphs/graph_4000_252982_UNIFORM_6785030173969523435.txt (Time: 0.60s)
✓ Generated graph n=4000, m=252982, seed=1853590723603270879, type=UNIFORM -> ./input/random_graphs/graph_4000_252982_UNIFORM_1853590723603270879.txt (Time: 0.63s)
✓ Generated graph n=4000, m=252982, seed=1024517563182776983, type=UNIFORM -> ./input/random_graphs/graph_4000_252982_UNIFORM_1024517563182776983.txt (Time: 0.62s)
✓ Generated graph n=4000, m=252982, seed=5529616217668449934, type=UNIFORM -> ./input/random_graphs/graph_4000_252982_UNIFORM_5529616217668449934.txt (Time: 0.62s)
✓ Generated graph n=4000, m=252982, seed=3224265581699847191, type=UNIFORM -> ./input/random_graphs/graph_4000_252982_UNIFORM_3224265581699847191.txt (Time: 0.63s)
✓ Generated graph n=4000, m=252982, seed=1647170069535670909, type=UNIFORM -> ./input/random_graphs/graph_4000_252982_UNIFORM_1647170069535670909.txt (Time: 0.60s)
✓ Generated graph n=4000, m=252982, seed=4122784633514911760, type=UNIFORM -> ./input/random_graphs/graph_4000_252982_UNIFORM_4122784633514911760.txt (Time: 0.62s)
✓ Generated graph n=4000, m=252982, seed=1632192924771168275, type=UNIFORM -> ./input/random_graphs/graph_4000_252982_UNIFORM_1632192924771168275.txt (Time: 0.61s)
✓ Generated graph n=4000, m=252982, seed=5258051056098597521, type=UNIFORM -> ./input/random_graphs/graph_4000_252982_UNIFORM_5258051056098597521.txt (Time: 0.63s)
✓ Generated graph n=4000, m=252982, seed=824387247617288499, type=UNIFORM -> ./input/random_graphs/graph_4000_252982_UNIFORM_824387247617288499.txt (Time: 0.62s)
✓ Generated graph n=4000, m=252982, seed=7161906730445628483, type=UNIFORM -> ./input/random_graphs/graph_4000_252982_UNIFORM_7161906730445628483.txt (Time: 0.61s)
✓ Generated graph n=4000, m=252982, seed=7706236040662210848, type=UNIFORM -> ./input/random_graphs/graph_4000_252982_UNIFORM_7706236040662210848.txt (Time: 0.66s)
✓ Generated graph n=4000, m=252982, seed=6143643868734370809, type=UNIFORM -> ./input/random_graphs/graph_4000_252982_UNIFORM_6143643868734370809.txt (Time: 0.60s)
✓ Generated graph n=4000, m=252982, seed=6802378520969450157, type=UNIFORM -> ./input/random_graphs/graph_4000_252982_UNIFORM_6802378520969450157.txt (Time: 0.66s)
✓ Generated graph n=4000, m=252982, seed=5349491008325879064, type=UNIFORM -> ./input/random_graphs/graph_4000_252982_UNIFORM_5349491008325879064.txt (Time: 0.59s)
✓ Generated graph n=4000, m=252982, seed=8031431416522537101, type=UNIFORM -> ./input/random_graphs/graph_4000_252982_UNIFORM_8031431416522537101.txt (Time: 0.68s)
✓ Generated graph n=4000, m=252982, seed=4552998297316576788, type=UNIFORM -> ./input/random_graphs/graph_4000_252982_UNIFORM_4552998297316576788.txt (Time: 0.68s)
✓ Generated graph n=4000, m=252982, seed=3272308573967577038, type=UNIFORM -> ./input/random_graphs/graph_4000_252982_UNIFORM_3272308573967577038.txt (Time: 0.66s)
✓ Generated graph n=4000, m=252982, seed=7938560551762094560, type=UNIFORM -> ./input/random_graphs/graph_4000_252982_UNIFORM_7938560551762094560.txt (Time: 0.58s)
✓ Generated graph n=4000, m=252982, seed=3865339568260874865, type=UNIFORM -> ./input/random_graphs/graph_4000_252982_UNIFORM_3865339568260874865.txt (Time: 0.58s)
✓ Generated graph n=4000, m=252982, seed=5636411189175451024, type=UNIFORM -> ./input/random_graphs/graph_4000_252982_UNIFORM_5636411189175451024.txt (Time: 0.70s)
✓ Generated graph n=4000, m=252982, seed=6614505080519948832, type=UNIFORM -> ./input/random_graphs/graph_4000_252982_UNIFORM_6614505080519948832.txt (Time: 0.68s)
✓ Generated graph n=4000, m=252982, seed=6224222471595207695, type=UNIFORM -> ./input/random_graphs/graph_4000_252982_UNIFORM_6224222471595207695.txt (Time: 0.58s)
✓ Generated graph n=4000, m=252982, seed=4445925461710302877, type=UNIFORM -> ./input/random_graphs/graph_4000_252982_UNIFORM_4445925461710302877.txt (Time: 0.65s)
✓ Generated graph n=4000, m=252982, seed=7917045922527545890, type=UNIFORM -> ./input/random_graphs/graph_4000_252982_UNIFORM_7917045922527545890.txt (Time: 0.67s)
✓ Generated graph n=4000, m=252982, seed=7921282862123281598, type=UNIFORM -> ./input/random_graphs/graph_4000_252982_UNIFORM_7921282862123281598.txt (Time: 0.66s)
✓ Generated graph n=4000, m=252982, seed=716820155901718944, type=UNIFORM -> ./input/random_graphs/graph_4000_252982_UNIFORM_716820155901718944.txt (Time: 0.59s)
✓ Generated graph n=4000, m=252982, seed=8718380604043999642, type=UNIFORM -> ./input/random_graphs/graph_4000_252982_UNIFORM_8718380604043999642.txt (Time: 0.59s)
✓ Generated graph n=4000, m=252982, seed=5063475852268941542, type=UNIFORM -> ./input/random_graphs/graph_4000_252982_UNIFORM_5063475852268941542.txt (Time: 0.57s)
✓ Generated graph n=4000, m=252982, seed=1128313391724783137, type=UNIFORM -> ./input/random_graphs/graph_4000_252982_UNIFORM_1128313391724783137.txt (Time: 0.65s)
✓ Generated graph n=4000, m=252982, seed=8446481348147407377, type=UNIFORM -> ./input/random_graphs/graph_4000_252982_UNIFORM_8446481348147407377.txt (Time: 0.59s)
✓ Generated graph n=4000, m=252982, seed=4997514996153925447, type=UNIFORM -> ./input/random_graphs/graph_4000_252982_UNIFORM_4997514996153925447.txt (Time: 0.63s)
✓ Generated graph n=4000, m=252982, seed=3817405844514670994, type=UNIFORM -> ./input/random_graphs/graph_4000_252982_UNIFORM_3817405844514670994.txt (Time: 0.60s)
✓ Generated graph n=4000, m=252982, seed=6529943913552561417, type=UNIFORM -> ./input/random_graphs/graph_4000_252982_UNIFORM_6529943913552561417.txt (Time: 0.60s)
✓ Generated graph n=4000, m=252982, seed=2909934787168262407, type=UNIFORM -> ./input/random_graphs/graph_4000_252982_UNIFORM_2909934787168262407.txt (Time: 0.60s)
✓ Generated graph n=4000, m=252982, seed=1170385908854608748, type=UNIFORM -> ./input/random_graphs/graph_4000_252982_UNIFORM_1170385908854608748.txt (Time: 0.64s)
✓ Generated graph n=4000, m=252982, seed=5108599054664628607, type=UNIFORM -> ./input/random_graphs/graph_4000_252982_UNIFORM_5108599054664628607.txt (Time: 0.60s)
✓ Generated graph n=4000, m=252982, seed=6022436717541034636, type=UNIFORM -> ./input/random_graphs/graph_4000_252982_UNIFORM_6022436717541034636.txt (Time: 0.63s)
✓ Generated graph n=4000, m=252982, seed=199422815561151340, type=UNIFORM -> ./input/random_graphs/graph_4000_252982_UNIFORM_199422815561151340.txt (Time: 0.64s)
✓ Generated graph n=4000, m=252982, seed=175493991617213850, type=UNIFORM -> ./input/random_graphs/graph_4000_252982_UNIFORM_175493991617213850.txt (Time: 0.64s)
✓ Generated graph n=4000, m=252982, seed=6764066939395682287, type=UNIFORM -> ./input/random_graphs/graph_4000_252982_UNIFORM_6764066939395682287.txt (Time: 0.61s)
✓ Generated graph n=4000, m=252982, seed=3713827327871807734, type=UNIFORM -> ./input/random_graphs/graph_4000_252982_UNIFORM_3713827327871807734.txt (Time: 0.66s)
✓ Generated graph n=4000, m=252982, seed=9130666990809746335, type=UNIFORM -> ./input/random_graphs/graph_4000_252982_UNIFORM_9130666990809746335.txt (Time: 0.60s)
✓ Generated graph n=4000, m=252982, seed=7644420139408884785, type=UNIFORM -> ./input/random_graphs/graph_4000_252982_UNIFORM_7644420139408884785.txt (Time: 0.60s)
✓ Generated graph n=4000, m=252982, seed=1392892770529522614, type=UNIFORM -> ./input/random_graphs/graph_4000_252982_UNIFORM_1392892770529522614.txt (Time: 0.62s)
✓ Generated graph n=4000, m=252982, seed=1458186392400727732, type=UNIFORM -> ./input/random_graphs/graph_4000_252982_UNIFORM_1458186392400727732.txt (Time: 0.66s)
✓ Generated graph n=4000, m=252982, seed=9060210648189963449, type=UNIFORM -> ./input/random_graphs/graph_4000_252982_UNIFORM_9060210648189963449.txt (Time: 0.66s)
✓ Generated graph n=4000, m=252982, seed=8794274795737982182, type=UNIFORM -> ./input/random_graphs/graph_4000_252982_UNIFORM_8794274795737982182.txt (Time: 0.66s)
✓ Generated graph n=4000, m=252982, seed=5497874167834979553, type=UNIFORM -> ./input/random_graphs/graph_4000_252982_UNIFORM_5497874167834979553.txt (Time: 0.62s)
✓ Generated graph n=4000, m=252982, seed=4250897495980125004, type=UNIFORM -> ./input/random_graphs/graph_4000_252982_UNIFORM_4250897495980125004.txt (Time: 0.69s)
✓ Generated graph n=4000, m=252982, seed=2089506265998900862, type=UNIFORM -> ./input/random_graphs/graph_4000_252982_UNIFORM_2089506265998900862.txt (Time: 0.67s)
✓ Generated graph n=4000, m=252982, seed=7905487461282246979, type=UNIFORM -> ./input/random_graphs/graph_4000_252982_UNIFORM_7905487461282246979.txt (Time: 0.61s)
✓ Generated graph n=4000, m=252982, seed=4060584409398689268, type=UNIFORM -> ./input/random_graphs/graph_4000_252982_UNIFORM_4060584409398689268.txt (Time: 0.67s)
✓ Generated graph n=4000, m=252982, seed=1332005502874566195, type=UNIFORM -> ./input/random_graphs/graph_4000_252982_UNIFORM_1332005502874566195.txt (Time: 0.67s)
✓ Generated graph n=4000, m=252982, seed=1722224698700348310, type=UNIFORM -> ./input/random_graphs/graph_4000_252982_UNIFORM_1722224698700348310.txt (Time: 0.67s)
✓ Generated graph n=4000, m=252982, seed=8626102704817790064, type=UNIFORM -> ./input/random_graphs/graph_4000_252982_UNIFORM_8626102704817790064.txt (Time: 0.66s)
✓ Generated graph n=4000, m=252982, seed=4795749165124911768, type=UNIFORM -> ./input/random_graphs/graph_4000_252982_UNIFORM_4795749165124911768.txt (Time: 0.66s)
✓ Generated graph n=4000, m=252982, seed=4934890601268679176, type=UNIFORM -> ./input/random_graphs/graph_4000_252982_UNIFORM_4934890601268679176.txt (Time: 0.65s)
✓ Generated graph n=4000, m=252982, seed=1992204328026194281, type=UNIFORM -> ./input/random_graphs/graph_4000_252982_UNIFORM_1992204328026194281.txt (Time: 0.63s)
✓ Generated graph n=4000, m=252982, seed=8448596294177070022, type=UNIFORM -> ./input/random_graphs/graph_4000_252982_UNIFORM_8448596294177070022.txt (Time: 0.68s)
✓ Generated graph n=4000, m=252982, seed=7118744415197196276, type=UNIFORM -> ./input/random_graphs/graph_4000_252982_UNIFORM_7118744415197196276.txt (Time: 0.68s)
✓ Generated graph n=4000, m=252982, seed=9059990922233379852, type=UNIFORM -> ./input/random_graphs/graph_4000_252982_UNIFORM_9059990922233379852.txt (Time: 0.66s)
✓ Generated graph n=4000, m=252982, seed=2718103348384927511, type=UNIFORM -> ./input/random_graphs/graph_4000_252982_UNIFORM_2718103348384927511.txt (Time: 0.69s)
✓ Generated graph n=4000, m=252982, seed=7449662661572224354, type=UNIFORM -> ./input/random_graphs/graph_4000_252982_UNIFORM_7449662661572224354.txt (Time: 0.71s)
✓ Generated graph n=4000, m=252982, seed=3221421291694197220, type=UNIFORM -> ./input/random_graphs/graph_4000_252982_UNIFORM_3221421291694197220.txt (Time: 0.68s)
✓ Generated graph n=4000, m=252982, seed=7983805977214098674, type=UNIFORM -> ./input/random_graphs/graph_4000_252982_UNIFORM_7983805977214098674.txt (Time: 0.66s)
✓ Generated graph n=4000, m=252982, seed=2264398621601381987, type=UNIFORM -> ./input/random_graphs/graph_4000_252982_UNIFORM_2264398621601381987.txt (Time: 0.67s)
✓ Generated graph n=4000, m=252982, seed=5894893360759659423, type=UNIFORM -> ./input/random_graphs/graph_4000_252982_UNIFORM_5894893360759659423.txt (Time: 0.72s)
✓ Generated graph n=4000, m=252982, seed=8867616339855336876, type=UNIFORM -> ./input/random_graphs/graph_4000_252982_UNIFORM_8867616339855336876.txt (Time: 0.74s)
✓ Generated graph n=4000, m=252982, seed=4940913311242578590, type=UNIFORM -> ./input/random_graphs/graph_4000_252982_UNIFORM_4940913311242578590.txt (Time: 0.71s)
✓ Generated graph n=4000, m=252982, seed=7632458674696225362, type=UNIFORM -> ./input/random_graphs/graph_4000_252982_UNIFORM_7632458674696225362.txt (Time: 0.74s)
✓ Generated graph n=4500, m=301869, seed=6230961512046992311, type=UNIFORM -> ./input/random_graphs/graph_4500_301869_UNIFORM_6230961512046992311.txt (Time: 0.96s)
✓ Generated graph n=4500, m=301869, seed=7871178979383552919, type=UNIFORM -> ./input/random_graphs/graph_4500_301869_UNIFORM_7871178979383552919.txt (Time: 1.10s)
✓ Generated graph n=4500, m=301869, seed=7599700178212337699, type=UNIFORM -> ./input/random_graphs/graph_4500_301869_UNIFORM_7599700178212337699.txt (Time: 1.01s)
✓ Generated graph n=4500, m=301869, seed=5739955973604961613, type=UNIFORM -> ./input/random_graphs/graph_4500_301869_UNIFORM_5739955973604961613.txt (Time: 1.14s)
✓ Generated graph n=4500, m=301869, seed=3881801951614183357, type=UNIFORM -> ./input/random_graphs/graph_4500_301869_UNIFORM_3881801951614183357.txt (Time: 1.13s)
✓ Generated graph n=4500, m=301869, seed=1353182403971399009, type=UNIFORM -> ./input/random_graphs/graph_4500_301869_UNIFORM_1353182403971399009.txt (Time: 1.08s)
✓ Generated graph n=4500, m=301869, seed=7032710160631691991, type=UNIFORM -> ./input/random_graphs/graph_4500_301869_UNIFORM_7032710160631691991.txt (Time: 1.13s)
✓ Generated graph n=4500, m=301869, seed=1070244953599069350, type=UNIFORM -> ./input/random_graphs/graph_4500_301869_UNIFORM_1070244953599069350.txt (Time: 1.06s)
✓ Generated graph n=4500, m=301869, seed=6522163754831416203, type=UNIFORM -> ./input/random_graphs/graph_4500_301869_UNIFORM_6522163754831416203.txt (Time: 1.09s)
✓ Generated graph n=4500, m=301869, seed=4040737767143389431, type=UNIFORM -> ./input/random_graphs/graph_4500_301869_UNIFORM_4040737767143389431.txt (Time: 1.10s)
✓ Generated graph n=4500, m=301869, seed=6938562734920028532, type=UNIFORM -> ./input/random_graphs/graph_4500_301869_UNIFORM_6938562734920028532.txt (Time: 1.13s)
✓ Generated graph n=4500, m=301869, seed=1250005700364523649, type=UNIFORM -> ./input/random_graphs/graph_4500_301869_UNIFORM_1250005700364523649.txt (Time: 1.11s)
✓ Generated graph n=4500, m=301869, seed=1309542850049879452, type=UNIFORM -> ./input/random_graphs/graph_4500_301869_UNIFORM_1309542850049879452.txt (Time: 1.10s)
✓ Generated graph n=4500, m=301869, seed=2429002973740178792, type=UNIFORM -> ./input/random_graphs/graph_4500_301869_UNIFORM_2429002973740178792.txt (Time: 1.14s)
✓ Generated graph n=4500, m=301869, seed=7663871783842725848, type=UNIFORM -> ./input/random_graphs/graph_4500_301869_UNIFORM_7663871783842725848.txt (Time: 1.14s)
✓ Generated graph n=4500, m=301869, seed=7146860528564146064, type=UNIFORM -> ./input/random_graphs/graph_4500_301869_UNIFORM_7146860528564146064.txt (Time: 1.11s)
✓ Generated graph n=4500, m=301869, seed=1250773459040295677, type=UNIFORM -> ./input/random_graphs/graph_4500_301869_UNIFORM_1250773459040295677.txt (Time: 1.13s)
✓ Generated graph n=4500, m=301869, seed=5906957480796939447, type=UNIFORM -> ./input/random_graphs/graph_4500_301869_UNIFORM_5906957480796939447.txt (Time: 1.14s)
✓ Generated graph n=4500, m=301869, seed=320375091487821987, type=UNIFORM -> ./input/random_graphs/graph_4500_301869_UNIFORM_320375091487821987.txt (Time: 1.15s)
✓ Generated graph n=4500, m=301869, seed=3438400432146115956, type=UNIFORM -> ./input/random_graphs/graph_4500_301869_UNIFORM_3438400432146115956.txt (Time: 1.13s)
✓ Generated graph n=4500, m=301869, seed=7473196763798409428, type=UNIFORM -> ./input/random_graphs/graph_4500_301869_UNIFORM_7473196763798409428.txt (Time: 1.12s)
✓ Generated graph n=4500, m=301869, seed=5139481885857321791, type=UNIFORM -> ./input/random_graphs/graph_4500_301869_UNIFORM_5139481885857321791.txt (Time: 1.11s)
✓ Generated graph n=4500, m=301869, seed=5142811650494845597, type=UNIFORM -> ./input/random_graphs/graph_4500_301869_UNIFORM_5142811650494845597.txt (Time: 1.12s)
✓ Generated graph n=4500, m=301869, seed=3010622984418968408, type=UNIFORM -> ./input/random_graphs/graph_4500_301869_UNIFORM_3010622984418968408.txt (Time: 1.11s)
✓ Generated graph n=4500, m=301869, seed=6002685213311538187, type=UNIFORM -> ./input/random_graphs/graph_4500_301869_UNIFORM_6002685213311538187.txt (Time: 1.08s)
✓ Generated graph n=4500, m=301869, seed=5708372698381010775, type=UNIFORM -> ./input/random_graphs/graph_4500_301869_UNIFORM_5708372698381010775.txt (Time: 1.07s)
✓ Generated graph n=4500, m=301869, seed=1731523882129807996, type=UNIFORM -> ./input/random_graphs/graph_4500_301869_UNIFORM_1731523882129807996.txt (Time: 1.06s)
✓ Generated graph n=4500, m=301869, seed=521787134863155063, type=UNIFORM -> ./input/random_graphs/graph_4500_301869_UNIFORM_521787134863155063.txt (Time: 1.07s)
✓ Generated graph n=4500, m=301869, seed=1853590723603270879, type=UNIFORM -> ./input/random_graphs/graph_4500_301869_UNIFORM_1853590723603270879.txt (Time: 1.07s)
✓ Generated graph n=4500, m=301869, seed=7029781962072644698, type=UNIFORM -> ./input/random_graphs/graph_4500_301869_UNIFORM_7029781962072644698.txt (Time: 1.04s)
✓ Generated graph n=4500, m=301869, seed=6785030173969523435, type=UNIFORM -> ./input/random_graphs/graph_4500_301869_UNIFORM_6785030173969523435.txt (Time: 1.03s)
✓ Generated graph n=4500, m=301869, seed=5529616217668449934, type=UNIFORM -> ./input/random_graphs/graph_4500_301869_UNIFORM_5529616217668449934.txt (Time: 0.89s)
✓ Generated graph n=4500, m=301869, seed=1024517563182776983, type=UNIFORM -> ./input/random_graphs/graph_4500_301869_UNIFORM_1024517563182776983.txt (Time: 0.91s)
✓ Generated graph n=4500, m=301869, seed=5258051056098597521, type=UNIFORM -> ./input/random_graphs/graph_4500_301869_UNIFORM_5258051056098597521.txt (Time: 0.88s)
✓ Generated graph n=4500, m=301869, seed=4122784633514911760, type=UNIFORM -> ./input/random_graphs/graph_4500_301869_UNIFORM_4122784633514911760.txt (Time: 0.88s)
✓ Generated graph n=4500, m=301869, seed=824387247617288499, type=UNIFORM -> ./input/random_graphs/graph_4500_301869_UNIFORM_824387247617288499.txt (Time: 0.90s)
✓ Generated graph n=4500, m=301869, seed=3224265581699847191, type=UNIFORM -> ./input/random_graphs/graph_4500_301869_UNIFORM_3224265581699847191.txt (Time: 1.05s)
✓ Generated graph n=4500, m=301869, seed=4552998297316576788, type=UNIFORM -> ./input/random_graphs/graph_4500_301869_UNIFORM_4552998297316576788.txt (Time: 0.90s)
✓ Generated graph n=4500, m=301869, seed=6802378520969450157, type=UNIFORM -> ./input/random_graphs/graph_4500_301869_UNIFORM_6802378520969450157.txt (Time: 0.91s)
✓ Generated graph n=4500, m=301869, seed=1647170069535670909, type=UNIFORM -> ./input/random_graphs/graph_4500_301869_UNIFORM_1647170069535670909.txt (Time: 1.05s)
✓ Generated graph n=4500, m=301869, seed=7706236040662210848, type=UNIFORM -> ./input/random_graphs/graph_4500_301869_UNIFORM_7706236040662210848.txt (Time: 1.04s)
✓ Generated graph n=4500, m=301869, seed=1632192924771168275, type=UNIFORM -> ./input/random_graphs/graph_4500_301869_UNIFORM_1632192924771168275.txt (Time: 1.07s)
✓ Generated graph n=4500, m=301869, seed=7161906730445628483, type=UNIFORM -> ./input/random_graphs/graph_4500_301869_UNIFORM_7161906730445628483.txt (Time: 1.06s)
✓ Generated graph n=4500, m=301869, seed=5349491008325879064, type=UNIFORM -> ./input/random_graphs/graph_4500_301869_UNIFORM_5349491008325879064.txt (Time: 0.92s)
✓ Generated graph n=4500, m=301869, seed=6614505080519948832, type=UNIFORM -> ./input/random_graphs/graph_4500_301869_UNIFORM_6614505080519948832.txt (Time: 0.92s)
✓ Generated graph n=4500, m=301869, seed=7917045922527545890, type=UNIFORM -> ./input/random_graphs/graph_4500_301869_UNIFORM_7917045922527545890.txt (Time: 0.90s)
✓ Generated graph n=4500, m=301869, seed=7938560551762094560, type=UNIFORM -> ./input/random_graphs/graph_4500_301869_UNIFORM_7938560551762094560.txt (Time: 0.91s)
✓ Generated graph n=4500, m=301869, seed=8031431416522537101, type=UNIFORM -> ./input/random_graphs/graph_4500_301869_UNIFORM_8031431416522537101.txt (Time: 1.08s)
✓ Generated graph n=4500, m=301869, seed=6143643868734370809, type=UNIFORM -> ./input/random_graphs/graph_4500_301869_UNIFORM_6143643868734370809.txt (Time: 1.08s)
✓ Generated graph n=4500, m=301869, seed=3865339568260874865, type=UNIFORM -> ./input/random_graphs/graph_4500_301869_UNIFORM_3865339568260874865.txt (Time: 0.90s)
✓ Generated graph n=4500, m=301869, seed=3272308573967577038, type=UNIFORM -> ./input/random_graphs/graph_4500_301869_UNIFORM_3272308573967577038.txt (Time: 1.04s)
✓ Generated graph n=4500, m=301869, seed=5636411189175451024, type=UNIFORM -> ./input/random_graphs/graph_4500_301869_UNIFORM_5636411189175451024.txt (Time: 1.04s)
✓ Generated graph n=4500, m=301869, seed=7921282862123281598, type=UNIFORM -> ./input/random_graphs/graph_4500_301869_UNIFORM_7921282862123281598.txt (Time: 0.90s)
✓ Generated graph n=4500, m=301869, seed=4445925461710302877, type=UNIFORM -> ./input/random_graphs/graph_4500_301869_UNIFORM_4445925461710302877.txt (Time: 1.02s)
✓ Generated graph n=4500, m=301869, seed=6224222471595207695, type=UNIFORM -> ./input/random_graphs/graph_4500_301869_UNIFORM_6224222471595207695.txt (Time: 0.92s)
✓ Generated graph n=4500, m=301869, seed=716820155901718944, type=UNIFORM -> ./input/random_graphs/graph_4500_301869_UNIFORM_716820155901718944.txt (Time: 0.90s)
✓ Generated graph n=4500, m=301869, seed=1128313391724783137, type=UNIFORM -> ./input/random_graphs/graph_4500_301869_UNIFORM_1128313391724783137.txt (Time: 1.00s)
✓ Generated graph n=4500, m=301869, seed=8718380604043999642, type=UNIFORM -> ./input/random_graphs/graph_4500_301869_UNIFORM_8718380604043999642.txt (Time: 0.99s)
✓ Generated graph n=4500, m=301869, seed=5063475852268941542, type=UNIFORM -> ./input/random_graphs/graph_4500_301869_UNIFORM_5063475852268941542.txt (Time: 1.00s)
✓ Generated graph n=4500, m=301869, seed=4997514996153925447, type=UNIFORM -> ./input/random_graphs/graph_4500_301869_UNIFORM_4997514996153925447.txt (Time: 0.99s)
✓ Generated graph n=4500, m=301869, seed=8446481348147407377, type=UNIFORM -> ./input/random_graphs/graph_4500_301869_UNIFORM_8446481348147407377.txt (Time: 0.90s)
✓ Generated graph n=4500, m=301869, seed=3817405844514670994, type=UNIFORM -> ./input/random_graphs/graph_4500_301869_UNIFORM_3817405844514670994.txt (Time: 0.89s)
✓ Generated graph n=4500, m=301869, seed=6529943913552561417, type=UNIFORM -> ./input/random_graphs/graph_4500_301869_UNIFORM_6529943913552561417.txt (Time: 0.89s)
✓ Generated graph n=4500, m=301869, seed=2909934787168262407, type=UNIFORM -> ./input/random_graphs/graph_4500_301869_UNIFORM_2909934787168262407.txt (Time: 0.90s)
✓ Generated graph n=4500, m=301869, seed=1170385908854608748, type=UNIFORM -> ./input/random_graphs/graph_4500_301869_UNIFORM_1170385908854608748.txt (Time: 0.89s)
✓ Generated graph n=4500, m=301869, seed=6022436717541034636, type=UNIFORM -> ./input/random_graphs/graph_4500_301869_UNIFORM_6022436717541034636.txt (Time: 0.90s)
✓ Generated graph n=4500, m=301869, seed=199422815561151340, type=UNIFORM -> ./input/random_graphs/graph_4500_301869_UNIFORM_199422815561151340.txt (Time: 0.92s)
✓ Generated graph n=4500, m=301869, seed=3713827327871807734, type=UNIFORM -> ./input/random_graphs/graph_4500_301869_UNIFORM_3713827327871807734.txt (Time: 0.91s)
✓ Generated graph n=4500, m=301869, seed=5108599054664628607, type=UNIFORM -> ./input/random_graphs/graph_4500_301869_UNIFORM_5108599054664628607.txt (Time: 0.92s)
✓ Generated graph n=4500, m=301869, seed=175493991617213850, type=UNIFORM -> ./input/random_graphs/graph_4500_301869_UNIFORM_175493991617213850.txt (Time: 0.93s)
✓ Generated graph n=4500, m=301869, seed=6764066939395682287, type=UNIFORM -> ./input/random_graphs/graph_4500_301869_UNIFORM_6764066939395682287.txt (Time: 0.94s)
✓ Generated graph n=4500, m=301869, seed=9130666990809746335, type=UNIFORM -> ./input/random_graphs/graph_4500_301869_UNIFORM_9130666990809746335.txt (Time: 0.95s)
✓ Generated graph n=4500, m=301869, seed=1458186392400727732, type=UNIFORM -> ./input/random_graphs/graph_4500_301869_UNIFORM_1458186392400727732.txt (Time: 0.93s)
✓ Generated graph n=4500, m=301869, seed=7644420139408884785, type=UNIFORM -> ./input/random_graphs/graph_4500_301869_UNIFORM_7644420139408884785.txt (Time: 0.96s)
✓ Generated graph n=4500, m=301869, seed=2089506265998900862, type=UNIFORM -> ./input/random_graphs/graph_4500_301869_UNIFORM_2089506265998900862.txt (Time: 0.92s)
✓ Generated graph n=4500, m=301869, seed=1392892770529522614, type=UNIFORM -> ./input/random_graphs/graph_4500_301869_UNIFORM_1392892770529522614.txt (Time: 1.02s)
✓ Generated graph n=4500, m=301869, seed=4060584409398689268, type=UNIFORM -> ./input/random_graphs/graph_4500_301869_UNIFORM_4060584409398689268.txt (Time: 0.95s)
✓ Generated graph n=4500, m=301869, seed=9060210648189963449, type=UNIFORM -> ./input/random_graphs/graph_4500_301869_UNIFORM_9060210648189963449.txt (Time: 1.04s)
✓ Generated graph n=4500, m=301869, seed=1722224698700348310, type=UNIFORM -> ./input/random_graphs/graph_4500_301869_UNIFORM_1722224698700348310.txt (Time: 0.95s)
✓ Generated graph n=4500, m=301869, seed=4250897495980125004, type=UNIFORM -> ./input/random_graphs/graph_4500_301869_UNIFORM_4250897495980125004.txt (Time: 1.05s)
✓ Generated graph n=4500, m=301869, seed=1332005502874566195, type=UNIFORM -> ./input/random_graphs/graph_4500_301869_UNIFORM_1332005502874566195.txt (Time: 0.97s)
✓ Generated graph n=4500, m=301869, seed=8794274795737982182, type=UNIFORM -> ./input/random_graphs/graph_4500_301869_UNIFORM_8794274795737982182.txt (Time: 1.05s)
✓ Generated graph n=4500, m=301869, seed=8626102704817790064, type=UNIFORM -> ./input/random_graphs/graph_4500_301869_UNIFORM_8626102704817790064.txt (Time: 0.98s)
✓ Generated graph n=4500, m=301869, seed=5497874167834979553, type=UNIFORM -> ./input/random_graphs/graph_4500_301869_UNIFORM_5497874167834979553.txt (Time: 1.06s)
✓ Generated graph n=4500, m=301869, seed=7905487461282246979, type=UNIFORM -> ./input/random_graphs/graph_4500_301869_UNIFORM_7905487461282246979.txt (Time: 1.04s)
✓ Generated graph n=4500, m=301869, seed=8448596294177070022, type=UNIFORM -> ./input/random_graphs/graph_4500_301869_UNIFORM_8448596294177070022.txt (Time: 1.06s)
✓ Generated graph n=4500, m=301869, seed=4795749165124911768, type=UNIFORM -> ./input/random_graphs/graph_4500_301869_UNIFORM_4795749165124911768.txt (Time: 0.98s)
✓ Generated graph n=4500, m=301869, seed=4934890601268679176, type=UNIFORM -> ./input/random_graphs/graph_4500_301869_UNIFORM_4934890601268679176.txt (Time: 1.08s)
✓ Generated graph n=4500, m=301869, seed=7118744415197196276, type=UNIFORM -> ./input/random_graphs/graph_4500_301869_UNIFORM_7118744415197196276.txt (Time: 1.06s)
✓ Generated graph n=4500, m=301869, seed=1992204328026194281, type=UNIFORM -> ./input/random_graphs/graph_4500_301869_UNIFORM_1992204328026194281.txt (Time: 1.15s)
✓ Generated graph n=4500, m=301869, seed=2718103348384927511, type=UNIFORM -> ./input/random_graphs/graph_4500_301869_UNIFORM_2718103348384927511.txt (Time: 1.06s)
✓ Generated graph n=4500, m=301869, seed=9059990922233379852, type=UNIFORM -> ./input/random_graphs/graph_4500_301869_UNIFORM_9059990922233379852.txt (Time: 1.12s)
✓ Generated graph n=4500, m=301869, seed=7449662661572224354, type=UNIFORM -> ./input/random_graphs/graph_4500_301869_UNIFORM_7449662661572224354.txt (Time: 1.10s)
✓ Generated graph n=4500, m=301869, seed=3221421291694197220, type=UNIFORM -> ./input/random_graphs/graph_4500_301869_UNIFORM_3221421291694197220.txt (Time: 1.12s)
✓ Generated graph n=4500, m=301869, seed=8867616339855336876, type=UNIFORM -> ./input/random_graphs/graph_4500_301869_UNIFORM_8867616339855336876.txt (Time: 1.12s)
✓ Generated graph n=4500, m=301869, seed=4940913311242578590, type=UNIFORM -> ./input/random_graphs/graph_4500_301869_UNIFORM_4940913311242578590.txt (Time: 0.96s)
✓ Generated graph n=4500, m=301869, seed=2264398621601381987, type=UNIFORM -> ./input/random_graphs/graph_4500_301869_UNIFORM_2264398621601381987.txt (Time: 0.99s)
✓ Generated graph n=4500, m=301869, seed=5894893360759659423, type=UNIFORM -> ./input/random_graphs/graph_4500_301869_UNIFORM_5894893360759659423.txt (Time: 1.13s)
✓ Generated graph n=4500, m=301869, seed=7983805977214098674, type=UNIFORM -> ./input/random_graphs/graph_4500_301869_UNIFORM_7983805977214098674.txt (Time: 1.13s)
✓ Generated graph n=4500, m=301869, seed=7632458674696225362, type=UNIFORM -> ./input/random_graphs/graph_4500_301869_UNIFORM_7632458674696225362.txt (Time: 1.14s)
✓ Generated graph n=5000, m=353553, seed=6230961512046992311, type=UNIFORM -> ./input/random_graphs/graph_5000_353553_UNIFORM_6230961512046992311.txt (Time: 1.26s)
✓ Generated graph n=5000, m=353553, seed=7871178979383552919, type=UNIFORM -> ./input/random_graphs/graph_5000_353553_UNIFORM_7871178979383552919.txt (Time: 1.25s)
✓ Generated graph n=5000, m=353553, seed=5739955973604961613, type=UNIFORM -> ./input/random_graphs/graph_5000_353553_UNIFORM_5739955973604961613.txt (Time: 1.27s)
✓ Generated graph n=5000, m=353553, seed=3881801951614183357, type=UNIFORM -> ./input/random_graphs/graph_5000_353553_UNIFORM_3881801951614183357.txt (Time: 1.30s)
✓ Generated graph n=5000, m=353553, seed=7032710160631691991, type=UNIFORM -> ./input/random_graphs/graph_5000_353553_UNIFORM_7032710160631691991.txt (Time: 1.31s)
✓ Generated graph n=5000, m=353553, seed=7599700178212337699, type=UNIFORM -> ./input/random_graphs/graph_5000_353553_UNIFORM_7599700178212337699.txt (Time: 1.29s)
✓ Generated graph n=5000, m=353553, seed=1353182403971399009, type=UNIFORM -> ./input/random_graphs/graph_5000_353553_UNIFORM_1353182403971399009.txt (Time: 1.27s)
✓ Generated graph n=5000, m=353553, seed=6522163754831416203, type=UNIFORM -> ./input/random_graphs/graph_5000_353553_UNIFORM_6522163754831416203.txt (Time: 1.26s)
✓ Generated graph n=5000, m=353553, seed=1250005700364523649, type=UNIFORM -> ./input/random_graphs/graph_5000_353553_UNIFORM_1250005700364523649.txt (Time: 1.27s)
✓ Generated graph n=5000, m=353553, seed=6938562734920028532, type=UNIFORM -> ./input/random_graphs/graph_5000_353553_UNIFORM_6938562734920028532.txt (Time: 1.32s)
✓ Generated graph n=5000, m=353553, seed=1070244953599069350, type=UNIFORM -> ./input/random_graphs/graph_5000_353553_UNIFORM_1070244953599069350.txt (Time: 1.34s)
✓ Generated graph n=5000, m=353553, seed=4040737767143389431, type=UNIFORM -> ./input/random_graphs/graph_5000_353553_UNIFORM_4040737767143389431.txt (Time: 1.34s)
✓ Generated graph n=5000, m=353553, seed=2429002973740178792, type=UNIFORM -> ./input/random_graphs/graph_5000_353553_UNIFORM_2429002973740178792.txt (Time: 1.29s)
✓ Generated graph n=5000, m=353553, seed=1309542850049879452, type=UNIFORM -> ./input/random_graphs/graph_5000_353553_UNIFORM_1309542850049879452.txt (Time: 1.32s)
✓ Generated graph n=5000, m=353553, seed=7663871783842725848, type=UNIFORM -> ./input/random_graphs/graph_5000_353553_UNIFORM_7663871783842725848.txt (Time: 1.30s)
✓ Generated graph n=5000, m=353553, seed=320375091487821987, type=UNIFORM -> ./input/random_graphs/graph_5000_353553_UNIFORM_320375091487821987.txt (Time: 1.31s)
✓ Generated graph n=5000, m=353553, seed=5906957480796939447, type=UNIFORM -> ./input/random_graphs/graph_5000_353553_UNIFORM_5906957480796939447.txt (Time: 1.32s)
✓ Generated graph n=5000, m=353553, seed=1250773459040295677, type=UNIFORM -> ./input/random_graphs/graph_5000_353553_UNIFORM_1250773459040295677.txt (Time: 1.25s)
✓ Generated graph n=5000, m=353553, seed=7146860528564146064, type=UNIFORM -> ./input/random_graphs/graph_5000_353553_UNIFORM_7146860528564146064.txt (Time: 1.26s)
✓ Generated graph n=5000, m=353553, seed=3438400432146115956, type=UNIFORM -> ./input/random_graphs/graph_5000_353553_UNIFORM_3438400432146115956.txt (Time: 1.30s)
✓ Generated graph n=5000, m=353553, seed=7473196763798409428, type=UNIFORM -> ./input/random_graphs/graph_5000_353553_UNIFORM_7473196763798409428.txt (Time: 1.28s)
✓ Generated graph n=5000, m=353553, seed=5139481885857321791, type=UNIFORM -> ./input/random_graphs/graph_5000_353553_UNIFORM_5139481885857321791.txt (Time: 1.25s)
✓ Generated graph n=5000, m=353553, seed=5142811650494845597, type=UNIFORM -> ./input/random_graphs/graph_5000_353553_UNIFORM_5142811650494845597.txt (Time: 1.29s)
✓ Generated graph n=5000, m=353553, seed=5708372698381010775, type=UNIFORM -> ./input/random_graphs/graph_5000_353553_UNIFORM_5708372698381010775.txt (Time: 1.21s)
✓ Generated graph n=5000, m=353553, seed=6002685213311538187, type=UNIFORM -> ./input/random_graphs/graph_5000_353553_UNIFORM_6002685213311538187.txt (Time: 1.27s)
✓ Generated graph n=5000, m=353553, seed=3010622984418968408, type=UNIFORM -> ./input/random_graphs/graph_5000_353553_UNIFORM_3010622984418968408.txt (Time: 1.29s)
✓ Generated graph n=5000, m=353553, seed=521787134863155063, type=UNIFORM -> ./input/random_graphs/graph_5000_353553_UNIFORM_521787134863155063.txt (Time: 1.22s)
✓ Generated graph n=5000, m=353553, seed=1731523882129807996, type=UNIFORM -> ./input/random_graphs/graph_5000_353553_UNIFORM_1731523882129807996.txt (Time: 1.25s)
✓ Generated graph n=5000, m=353553, seed=1853590723603270879, type=UNIFORM -> ./input/random_graphs/graph_5000_353553_UNIFORM_1853590723603270879.txt (Time: 1.19s)
✓ Generated graph n=5000, m=353553, seed=7029781962072644698, type=UNIFORM -> ./input/random_graphs/graph_5000_353553_UNIFORM_7029781962072644698.txt (Time: 1.20s)
✓ Generated graph n=5000, m=353553, seed=6785030173969523435, type=UNIFORM -> ./input/random_graphs/graph_5000_353553_UNIFORM_6785030173969523435.txt (Time: 1.16s)
✓ Generated graph n=5000, m=353553, seed=5529616217668449934, type=UNIFORM -> ./input/random_graphs/graph_5000_353553_UNIFORM_5529616217668449934.txt (Time: 1.19s)
✓ Generated graph n=5000, m=353553, seed=3224265581699847191, type=UNIFORM -> ./input/random_graphs/graph_5000_353553_UNIFORM_3224265581699847191.txt (Time: 1.21s)
✓ Generated graph n=5000, m=353553, seed=1024517563182776983, type=UNIFORM -> ./input/random_graphs/graph_5000_353553_UNIFORM_1024517563182776983.txt (Time: 1.27s)
✓ Generated graph n=5000, m=353553, seed=5258051056098597521, type=UNIFORM -> ./input/random_graphs/graph_5000_353553_UNIFORM_5258051056098597521.txt (Time: 1.23s)
✓ Generated graph n=5000, m=353553, seed=1647170069535670909, type=UNIFORM -> ./input/random_graphs/graph_5000_353553_UNIFORM_1647170069535670909.txt (Time: 1.28s)
✓ Generated graph n=5000, m=353553, seed=4122784633514911760, type=UNIFORM -> ./input/random_graphs/graph_5000_353553_UNIFORM_4122784633514911760.txt (Time: 1.29s)
✓ Generated graph n=5000, m=353553, seed=7706236040662210848, type=UNIFORM -> ./input/random_graphs/graph_5000_353553_UNIFORM_7706236040662210848.txt (Time: 1.28s)
✓ Generated graph n=5000, m=353553, seed=824387247617288499, type=UNIFORM -> ./input/random_graphs/graph_5000_353553_UNIFORM_824387247617288499.txt (Time: 1.28s)
✓ Generated graph n=5000, m=353553, seed=1632192924771168275, type=UNIFORM -> ./input/random_graphs/graph_5000_353553_UNIFORM_1632192924771168275.txt (Time: 1.30s)
✓ Generated graph n=5000, m=353553, seed=7161906730445628483, type=UNIFORM -> ./input/random_graphs/graph_5000_353553_UNIFORM_7161906730445628483.txt (Time: 1.30s)
✓ Generated graph n=5000, m=353553, seed=6802378520969450157, type=UNIFORM -> ./input/random_graphs/graph_5000_353553_UNIFORM_6802378520969450157.txt (Time: 1.31s)
✓ Generated graph n=5000, m=353553, seed=4552998297316576788, type=UNIFORM -> ./input/random_graphs/graph_5000_353553_UNIFORM_4552998297316576788.txt (Time: 1.34s)
✓ Generated graph n=5000, m=353553, seed=6143643868734370809, type=UNIFORM -> ./input/random_graphs/graph_5000_353553_UNIFORM_6143643868734370809.txt (Time: 1.28s)
✓ Generated graph n=5000, m=353553, seed=8031431416522537101, type=UNIFORM -> ./input/random_graphs/graph_5000_353553_UNIFORM_8031431416522537101.txt (Time: 1.36s)
✓ Generated graph n=5000, m=353553, seed=5349491008325879064, type=UNIFORM -> ./input/random_graphs/graph_5000_353553_UNIFORM_5349491008325879064.txt (Time: 1.27s)
✓ Generated graph n=5000, m=353553, seed=5636411189175451024, type=UNIFORM -> ./input/random_graphs/graph_5000_353553_UNIFORM_5636411189175451024.txt (Time: 1.33s)
✓ Generated graph n=5000, m=353553, seed=3272308573967577038, type=UNIFORM -> ./input/random_graphs/graph_5000_353553_UNIFORM_3272308573967577038.txt (Time: 1.35s)
✓ Generated graph n=5000, m=353553, seed=6614505080519948832, type=UNIFORM -> ./input/random_graphs/graph_5000_353553_UNIFORM_6614505080519948832.txt (Time: 1.31s)
✓ Generated graph n=5000, m=353553, seed=7938560551762094560, type=UNIFORM -> ./input/random_graphs/graph_5000_353553_UNIFORM_7938560551762094560.txt (Time: 1.26s)
✓ Generated graph n=5000, m=353553, seed=7917045922527545890, type=UNIFORM -> ./input/random_graphs/graph_5000_353553_UNIFORM_7917045922527545890.txt (Time: 1.25s)
✓ Generated graph n=5000, m=353553, seed=4445925461710302877, type=UNIFORM -> ./input/random_graphs/graph_5000_353553_UNIFORM_4445925461710302877.txt (Time: 1.22s)
✓ Generated graph n=5000, m=353553, seed=716820155901718944, type=UNIFORM -> ./input/random_graphs/graph_5000_353553_UNIFORM_716820155901718944.txt (Time: 1.13s)
✓ Generated graph n=5000, m=353553, seed=3865339568260874865, type=UNIFORM -> ./input/random_graphs/graph_5000_353553_UNIFORM_3865339568260874865.txt (Time: 1.22s)
✓ Generated graph n=5000, m=353553, seed=1128313391724783137, type=UNIFORM -> ./input/random_graphs/graph_5000_353553_UNIFORM_1128313391724783137.txt (Time: 1.17s)
✓ Generated graph n=5000, m=353553, seed=8718380604043999642, type=UNIFORM -> ./input/random_graphs/graph_5000_353553_UNIFORM_8718380604043999642.txt (Time: 1.13s)
✓ Generated graph n=5000, m=353553, seed=7921282862123281598, type=UNIFORM -> ./input/random_graphs/graph_5000_353553_UNIFORM_7921282862123281598.txt (Time: 1.23s)
✓ Generated graph n=5000, m=353553, seed=5063475852268941542, type=UNIFORM -> ./input/random_graphs/graph_5000_353553_UNIFORM_5063475852268941542.txt (Time: 1.11s)
✓ Generated graph n=5000, m=353553, seed=6224222471595207695, type=UNIFORM -> ./input/random_graphs/graph_5000_353553_UNIFORM_6224222471595207695.txt (Time: 1.24s)
✓ Generated graph n=5000, m=353553, seed=4997514996153925447, type=UNIFORM -> ./input/random_graphs/graph_5000_353553_UNIFORM_4997514996153925447.txt (Time: 1.18s)
✓ Generated graph n=5000, m=353553, seed=8446481348147407377, type=UNIFORM -> ./input/random_graphs/graph_5000_353553_UNIFORM_8446481348147407377.txt (Time: 1.16s)
✓ Generated graph n=5000, m=353553, seed=6529943913552561417, type=UNIFORM -> ./input/random_graphs/graph_5000_353553_UNIFORM_6529943913552561417.txt (Time: 1.03s)
✓ Generated graph n=5000, m=353553, seed=3817405844514670994, type=UNIFORM -> ./input/random_graphs/graph_5000_353553_UNIFORM_3817405844514670994.txt (Time: 1.12s)
✓ Generated graph n=5000, m=353553, seed=2909934787168262407, type=UNIFORM -> ./input/random_graphs/graph_5000_353553_UNIFORM_2909934787168262407.txt (Time: 1.09s)
✓ Generated graph n=5000, m=353553, seed=1170385908854608748, type=UNIFORM -> ./input/random_graphs/graph_5000_353553_UNIFORM_1170385908854608748.txt (Time: 1.12s)
✓ Generated graph n=5000, m=353553, seed=3713827327871807734, type=UNIFORM -> ./input/random_graphs/graph_5000_353553_UNIFORM_3713827327871807734.txt (Time: 1.04s)
✓ Generated graph n=5000, m=353553, seed=6022436717541034636, type=UNIFORM -> ./input/random_graphs/graph_5000_353553_UNIFORM_6022436717541034636.txt (Time: 1.11s)
✓ Generated graph n=5000, m=353553, seed=6764066939395682287, type=UNIFORM -> ./input/random_graphs/graph_5000_353553_UNIFORM_6764066939395682287.txt (Time: 1.04s)
✓ Generated graph n=5000, m=353553, seed=199422815561151340, type=UNIFORM -> ./input/random_graphs/graph_5000_353553_UNIFORM_199422815561151340.txt (Time: 1.17s)
✓ Generated graph n=5000, m=353553, seed=9130666990809746335, type=UNIFORM -> ./input/random_graphs/graph_5000_353553_UNIFORM_9130666990809746335.txt (Time: 1.05s)
✓ Generated graph n=5000, m=353553, seed=175493991617213850, type=UNIFORM -> ./input/random_graphs/graph_5000_353553_UNIFORM_175493991617213850.txt (Time: 1.15s)
✓ Generated graph n=5000, m=353553, seed=1392892770529522614, type=UNIFORM -> ./input/random_graphs/graph_5000_353553_UNIFORM_1392892770529522614.txt (Time: 1.01s)
✓ Generated graph n=5000, m=353553, seed=5108599054664628607, type=UNIFORM -> ./input/random_graphs/graph_5000_353553_UNIFORM_5108599054664628607.txt (Time: 1.15s)
✓ Generated graph n=5000, m=353553, seed=4250897495980125004, type=UNIFORM -> ./input/random_graphs/graph_5000_353553_UNIFORM_4250897495980125004.txt (Time: 1.04s)
✓ Generated graph n=5000, m=353553, seed=7644420139408884785, type=UNIFORM -> ./input/random_graphs/graph_5000_353553_UNIFORM_7644420139408884785.txt (Time: 1.18s)
✓ Generated graph n=5000, m=353553, seed=1458186392400727732, type=UNIFORM -> ./input/random_graphs/graph_5000_353553_UNIFORM_1458186392400727732.txt (Time: 1.19s)
✓ Generated graph n=5000, m=353553, seed=5497874167834979553, type=UNIFORM -> ./input/random_graphs/graph_5000_353553_UNIFORM_5497874167834979553.txt (Time: 1.00s)
✓ Generated graph n=5000, m=353553, seed=9060210648189963449, type=UNIFORM -> ./input/random_graphs/graph_5000_353553_UNIFORM_9060210648189963449.txt (Time: 1.20s)
✓ Generated graph n=5000, m=353553, seed=8794274795737982182, type=UNIFORM -> ./input/random_graphs/graph_5000_353553_UNIFORM_8794274795737982182.txt (Time: 1.21s)
✓ Generated graph n=5000, m=353553, seed=2089506265998900862, type=UNIFORM -> ./input/random_graphs/graph_5000_353553_UNIFORM_2089506265998900862.txt (Time: 1.21s)
✓ Generated graph n=5000, m=353553, seed=4934890601268679176, type=UNIFORM -> ./input/random_graphs/graph_5000_353553_UNIFORM_4934890601268679176.txt (Time: 1.03s)
✓ Generated graph n=5000, m=353553, seed=4060584409398689268, type=UNIFORM -> ./input/random_graphs/graph_5000_353553_UNIFORM_4060584409398689268.txt (Time: 1.18s)
✓ Generated graph n=5000, m=353553, seed=1332005502874566195, type=UNIFORM -> ./input/random_graphs/graph_5000_353553_UNIFORM_1332005502874566195.txt (Time: 1.16s)
✓ Generated graph n=5000, m=353553, seed=7118744415197196276, type=UNIFORM -> ./input/random_graphs/graph_5000_353553_UNIFORM_7118744415197196276.txt (Time: 0.97s)
✓ Generated graph n=5000, m=353553, seed=1722224698700348310, type=UNIFORM -> ./input/random_graphs/graph_5000_353553_UNIFORM_1722224698700348310.txt (Time: 1.16s)
✓ Generated graph n=5000, m=353553, seed=8626102704817790064, type=UNIFORM -> ./input/random_graphs/graph_5000_353553_UNIFORM_8626102704817790064.txt (Time: 1.16s)
✓ Generated graph n=5000, m=353553, seed=7905487461282246979, type=UNIFORM -> ./input/random_graphs/graph_5000_353553_UNIFORM_7905487461282246979.txt (Time: 1.18s)
✓ Generated graph n=5000, m=353553, seed=4795749165124911768, type=UNIFORM -> ./input/random_graphs/graph_5000_353553_UNIFORM_4795749165124911768.txt (Time: 1.18s)
✓ Generated graph n=5000, m=353553, seed=8448596294177070022, type=UNIFORM -> ./input/random_graphs/graph_5000_353553_UNIFORM_8448596294177070022.txt (Time: 1.19s)
✓ Generated graph n=5000, m=353553, seed=1992204328026194281, type=UNIFORM -> ./input/random_graphs/graph_5000_353553_UNIFORM_1992204328026194281.txt (Time: 1.16s)
✓ Generated graph n=5000, m=353553, seed=2718103348384927511, type=UNIFORM -> ./input/random_graphs/graph_5000_353553_UNIFORM_2718103348384927511.txt (Time: 1.01s)
✓ Generated graph n=5000, m=353553, seed=9059990922233379852, type=UNIFORM -> ./input/random_graphs/graph_5000_353553_UNIFORM_9059990922233379852.txt (Time: 1.05s)
✓ Generated graph n=5000, m=353553, seed=7449662661572224354, type=UNIFORM -> ./input/random_graphs/graph_5000_353553_UNIFORM_7449662661572224354.txt (Time: 1.08s)
✓ Generated graph n=5000, m=353553, seed=3221421291694197220, type=UNIFORM -> ./input/random_graphs/graph_5000_353553_UNIFORM_3221421291694197220.txt (Time: 1.08s)
✓ Generated graph n=5000, m=353553, seed=7983805977214098674, type=UNIFORM -> ./input/random_graphs/graph_5000_353553_UNIFORM_7983805977214098674.txt (Time: 1.06s)
✓ Generated graph n=5000, m=353553, seed=8867616339855336876, type=UNIFORM -> ./input/random_graphs/graph_5000_353553_UNIFORM_8867616339855336876.txt (Time: 1.10s)
✓ Generated graph n=5000, m=353553, seed=5894893360759659423, type=UNIFORM -> ./input/random_graphs/graph_5000_353553_UNIFORM_5894893360759659423.txt (Time: 1.18s)
✓ Generated graph n=5000, m=353553, seed=2264398621601381987, type=UNIFORM -> ./input/random_graphs/graph_5000_353553_UNIFORM_2264398621601381987.txt (Time: 1.08s)
✓ Generated graph n=5000, m=353553, seed=7632458674696225362, type=UNIFORM -> ./input/random_graphs/graph_5000_353553_UNIFORM_7632458674696225362.txt (Time: 1.07s)
✓ Generated graph n=5000, m=353553, seed=4940913311242578590, type=UNIFORM -> ./input/random_graphs/graph_5000_353553_UNIFORM_4940913311242578590.txt (Time: 1.19s)
✓ Generated graph n=6000, m=464758, seed=7871178979383552919, type=UNIFORM -> ./input/random_graphs/graph_6000_464758_UNIFORM_7871178979383552919.txt (Time: 1.79s)
✓ Generated graph n=6000, m=464758, seed=5739955973604961613, type=UNIFORM -> ./input/random_graphs/graph_6000_464758_UNIFORM_5739955973604961613.txt (Time: 1.79s)
✓ Generated graph n=6000, m=464758, seed=3881801951614183357, type=UNIFORM -> ./input/random_graphs/graph_6000_464758_UNIFORM_3881801951614183357.txt (Time: 1.78s)
✓ Generated graph n=6000, m=464758, seed=6230961512046992311, type=UNIFORM -> ./input/random_graphs/graph_6000_464758_UNIFORM_6230961512046992311.txt (Time: 2.04s)
✓ Generated graph n=6000, m=464758, seed=1070244953599069350, type=UNIFORM -> ./input/random_graphs/graph_6000_464758_UNIFORM_1070244953599069350.txt (Time: 1.85s)
✓ Generated graph n=6000, m=464758, seed=7032710160631691991, type=UNIFORM -> ./input/random_graphs/graph_6000_464758_UNIFORM_7032710160631691991.txt (Time: 2.15s)
✓ Generated graph n=6000, m=464758, seed=1250005700364523649, type=UNIFORM -> ./input/random_graphs/graph_6000_464758_UNIFORM_1250005700364523649.txt (Time: 1.98s)
✓ Generated graph n=6000, m=464758, seed=1353182403971399009, type=UNIFORM -> ./input/random_graphs/graph_6000_464758_UNIFORM_1353182403971399009.txt (Time: 2.20s)
✓ Generated graph n=6000, m=464758, seed=7599700178212337699, type=UNIFORM -> ./input/random_graphs/graph_6000_464758_UNIFORM_7599700178212337699.txt (Time: 2.22s)
✓ Generated graph n=6000, m=464758, seed=2429002973740178792, type=UNIFORM -> ./input/random_graphs/graph_6000_464758_UNIFORM_2429002973740178792.txt (Time: 1.95s)
✓ Generated graph n=6000, m=464758, seed=6522163754831416203, type=UNIFORM -> ./input/random_graphs/graph_6000_464758_UNIFORM_6522163754831416203.txt (Time: 2.18s)
✓ Generated graph n=6000, m=464758, seed=6938562734920028532, type=UNIFORM -> ./input/random_graphs/graph_6000_464758_UNIFORM_6938562734920028532.txt (Time: 2.20s)
✓ Generated graph n=6000, m=464758, seed=4040737767143389431, type=UNIFORM -> ./input/random_graphs/graph_6000_464758_UNIFORM_4040737767143389431.txt (Time: 2.20s)
✓ Generated graph n=6000, m=464758, seed=1309542850049879452, type=UNIFORM -> ./input/random_graphs/graph_6000_464758_UNIFORM_1309542850049879452.txt (Time: 2.29s)
✓ Generated graph n=6000, m=464758, seed=320375091487821987, type=UNIFORM -> ./input/random_graphs/graph_6000_464758_UNIFORM_320375091487821987.txt (Time: 2.25s)
✓ Generated graph n=6000, m=464758, seed=7663871783842725848, type=UNIFORM -> ./input/random_graphs/graph_6000_464758_UNIFORM_7663871783842725848.txt (Time: 2.29s)
✓ Generated graph n=6000, m=464758, seed=5139481885857321791, type=UNIFORM -> ./input/random_graphs/graph_6000_464758_UNIFORM_5139481885857321791.txt (Time: 2.11s)
✓ Generated graph n=6000, m=464758, seed=7146860528564146064, type=UNIFORM -> ./input/random_graphs/graph_6000_464758_UNIFORM_7146860528564146064.txt (Time: 2.31s)
✓ Generated graph n=6000, m=464758, seed=1250773459040295677, type=UNIFORM -> ./input/random_graphs/graph_6000_464758_UNIFORM_1250773459040295677.txt (Time: 2.33s)
✓ Generated graph n=6000, m=464758, seed=3438400432146115956, type=UNIFORM -> ./input/random_graphs/graph_6000_464758_UNIFORM_3438400432146115956.txt (Time: 2.31s)
✓ Generated graph n=6000, m=464758, seed=7473196763798409428, type=UNIFORM -> ./input/random_graphs/graph_6000_464758_UNIFORM_7473196763798409428.txt (Time: 2.29s)
✓ Generated graph n=6000, m=464758, seed=5906957480796939447, type=UNIFORM -> ./input/random_graphs/graph_6000_464758_UNIFORM_5906957480796939447.txt (Time: 2.35s)
✓ Generated graph n=6000, m=464758, seed=3010622984418968408, type=UNIFORM -> ./input/random_graphs/graph_6000_464758_UNIFORM_3010622984418968408.txt (Time: 2.17s)
✓ Generated graph n=6000, m=464758, seed=5142811650494845597, type=UNIFORM -> ./input/random_graphs/graph_6000_464758_UNIFORM_5142811650494845597.txt (Time: 2.26s)
✓ Generated graph n=6000, m=464758, seed=6002685213311538187, type=UNIFORM -> ./input/random_graphs/graph_6000_464758_UNIFORM_6002685213311538187.txt (Time: 2.20s)
✓ Generated graph n=6000, m=464758, seed=5708372698381010775, type=UNIFORM -> ./input/random_graphs/graph_6000_464758_UNIFORM_5708372698381010775.txt (Time: 2.20s)
✓ Generated graph n=6000, m=464758, seed=1731523882129807996, type=UNIFORM -> ./input/random_graphs/graph_6000_464758_UNIFORM_1731523882129807996.txt (Time: 2.19s)
✓ Generated graph n=6000, m=464758, seed=1853590723603270879, type=UNIFORM -> ./input/random_graphs/graph_6000_464758_UNIFORM_1853590723603270879.txt (Time: 2.25s)
✓ Generated graph n=6000, m=464758, seed=521787134863155063, type=UNIFORM -> ./input/random_graphs/graph_6000_464758_UNIFORM_521787134863155063.txt (Time: 2.27s)
✓ Generated graph n=6000, m=464758, seed=7029781962072644698, type=UNIFORM -> ./input/random_graphs/graph_6000_464758_UNIFORM_7029781962072644698.txt (Time: 2.24s)
✓ Generated graph n=6000, m=464758, seed=6785030173969523435, type=UNIFORM -> ./input/random_graphs/graph_6000_464758_UNIFORM_6785030173969523435.txt (Time: 2.08s)
✓ Generated graph n=6000, m=464758, seed=5529616217668449934, type=UNIFORM -> ./input/random_graphs/graph_6000_464758_UNIFORM_5529616217668449934.txt (Time: 2.06s)
✓ Generated graph n=6000, m=464758, seed=1024517563182776983, type=UNIFORM -> ./input/random_graphs/graph_6000_464758_UNIFORM_1024517563182776983.txt (Time: 2.05s)
✓ Generated graph n=6000, m=464758, seed=3224265581699847191, type=UNIFORM -> ./input/random_graphs/graph_6000_464758_UNIFORM_3224265581699847191.txt (Time: 1.90s)
✓ Generated graph n=6000, m=464758, seed=5258051056098597521, type=UNIFORM -> ./input/random_graphs/graph_6000_464758_UNIFORM_5258051056098597521.txt (Time: 1.88s)
✓ Generated graph n=6000, m=464758, seed=1647170069535670909, type=UNIFORM -> ./input/random_graphs/graph_6000_464758_UNIFORM_1647170069535670909.txt (Time: 1.94s)
✓ Generated graph n=6000, m=464758, seed=4122784633514911760, type=UNIFORM -> ./input/random_graphs/graph_6000_464758_UNIFORM_4122784633514911760.txt (Time: 2.01s)
✓ Generated graph n=6000, m=464758, seed=1632192924771168275, type=UNIFORM -> ./input/random_graphs/graph_6000_464758_UNIFORM_1632192924771168275.txt (Time: 2.02s)
✓ Generated graph n=6000, m=464758, seed=7706236040662210848, type=UNIFORM -> ./input/random_graphs/graph_6000_464758_UNIFORM_7706236040662210848.txt (Time: 2.03s)
✓ Generated graph n=6000, m=464758, seed=824387247617288499, type=UNIFORM -> ./input/random_graphs/graph_6000_464758_UNIFORM_824387247617288499.txt (Time: 2.03s)
✓ Generated graph n=6000, m=464758, seed=7161906730445628483, type=UNIFORM -> ./input/random_graphs/graph_6000_464758_UNIFORM_7161906730445628483.txt (Time: 1.99s)
✓ Generated graph n=6000, m=464758, seed=6802378520969450157, type=UNIFORM -> ./input/random_graphs/graph_6000_464758_UNIFORM_6802378520969450157.txt (Time: 2.04s)
✓ Generated graph n=6000, m=464758, seed=4552998297316576788, type=UNIFORM -> ./input/random_graphs/graph_6000_464758_UNIFORM_4552998297316576788.txt (Time: 2.02s)
✓ Generated graph n=6000, m=464758, seed=5349491008325879064, type=UNIFORM -> ./input/random_graphs/graph_6000_464758_UNIFORM_5349491008325879064.txt (Time: 1.93s)
✓ Generated graph n=6000, m=464758, seed=3272308573967577038, type=UNIFORM -> ./input/random_graphs/graph_6000_464758_UNIFORM_3272308573967577038.txt (Time: 2.05s)
✓ Generated graph n=6000, m=464758, seed=6143643868734370809, type=UNIFORM -> ./input/random_graphs/graph_6000_464758_UNIFORM_6143643868734370809.txt (Time: 2.09s)
✓ Generated graph n=6000, m=464758, seed=8031431416522537101, type=UNIFORM -> ./input/random_graphs/graph_6000_464758_UNIFORM_8031431416522537101.txt (Time: 2.13s)
✓ Generated graph n=6000, m=464758, seed=7921282862123281598, type=UNIFORM -> ./input/random_graphs/graph_6000_464758_UNIFORM_7921282862123281598.txt (Time: 1.87s)
✓ Generated graph n=6000, m=464758, seed=5636411189175451024, type=UNIFORM -> ./input/random_graphs/graph_6000_464758_UNIFORM_5636411189175451024.txt (Time: 2.10s)
✓ Generated graph n=6000, m=464758, seed=6614505080519948832, type=UNIFORM -> ./input/random_graphs/graph_6000_464758_UNIFORM_6614505080519948832.txt (Time: 2.09s)
✓ Generated graph n=6000, m=464758, seed=4445925461710302877, type=UNIFORM -> ./input/random_graphs/graph_6000_464758_UNIFORM_4445925461710302877.txt (Time: 2.08s)
✓ Generated graph n=6000, m=464758, seed=7938560551762094560, type=UNIFORM -> ./input/random_graphs/graph_6000_464758_UNIFORM_7938560551762094560.txt (Time: 2.11s)
✓ Generated graph n=6000, m=464758, seed=7917045922527545890, type=UNIFORM -> ./input/random_graphs/graph_6000_464758_UNIFORM_7917045922527545890.txt (Time: 2.10s)
✓ Generated graph n=6000, m=464758, seed=3865339568260874865, type=UNIFORM -> ./input/random_graphs/graph_6000_464758_UNIFORM_3865339568260874865.txt (Time: 1.99s)
✓ Generated graph n=6000, m=464758, seed=1128313391724783137, type=UNIFORM -> ./input/random_graphs/graph_6000_464758_UNIFORM_1128313391724783137.txt (Time: 1.88s)
✓ Generated graph n=6000, m=464758, seed=6224222471595207695, type=UNIFORM -> ./input/random_graphs/graph_6000_464758_UNIFORM_6224222471595207695.txt (Time: 1.92s)
✓ Generated graph n=6000, m=464758, seed=5063475852268941542, type=UNIFORM -> ./input/random_graphs/graph_6000_464758_UNIFORM_5063475852268941542.txt (Time: 1.81s)
✓ Generated graph n=6000, m=464758, seed=716820155901718944, type=UNIFORM -> ./input/random_graphs/graph_6000_464758_UNIFORM_716820155901718944.txt (Time: 1.89s)
✓ Generated graph n=6000, m=464758, seed=8718380604043999642, type=UNIFORM -> ./input/random_graphs/graph_6000_464758_UNIFORM_8718380604043999642.txt (Time: 1.92s)
✓ Generated graph n=6000, m=464758, seed=4997514996153925447, type=UNIFORM -> ./input/random_graphs/graph_6000_464758_UNIFORM_4997514996153925447.txt (Time: 1.84s)
✓ Generated graph n=6000, m=464758, seed=3817405844514670994, type=UNIFORM -> ./input/random_graphs/graph_6000_464758_UNIFORM_3817405844514670994.txt (Time: 1.74s)
✓ Generated graph n=6000, m=464758, seed=8446481348147407377, type=UNIFORM -> ./input/random_graphs/graph_6000_464758_UNIFORM_8446481348147407377.txt (Time: 1.78s)
✓ Generated graph n=6000, m=464758, seed=2909934787168262407, type=UNIFORM -> ./input/random_graphs/graph_6000_464758_UNIFORM_2909934787168262407.txt (Time: 1.82s)
✓ Generated graph n=6000, m=464758, seed=1170385908854608748, type=UNIFORM -> ./input/random_graphs/graph_6000_464758_UNIFORM_1170385908854608748.txt (Time: 1.92s)
✓ Generated graph n=6000, m=464758, seed=3713827327871807734, type=UNIFORM -> ./input/random_graphs/graph_6000_464758_UNIFORM_3713827327871807734.txt (Time: 1.69s)
✓ Generated graph n=6000, m=464758, seed=6764066939395682287, type=UNIFORM -> ./input/random_graphs/graph_6000_464758_UNIFORM_6764066939395682287.txt (Time: 1.65s)
✓ Generated graph n=6000, m=464758, seed=6022436717541034636, type=UNIFORM -> ./input/random_graphs/graph_6000_464758_UNIFORM_6022436717541034636.txt (Time: 1.99s)
✓ Generated graph n=6000, m=464758, seed=6529943913552561417, type=UNIFORM -> ./input/random_graphs/graph_6000_464758_UNIFORM_6529943913552561417.txt (Time: 2.34s)
✓ Generated graph n=6000, m=464758, seed=1392892770529522614, type=UNIFORM -> ./input/random_graphs/graph_6000_464758_UNIFORM_1392892770529522614.txt (Time: 1.70s)
✓ Generated graph n=6000, m=464758, seed=5108599054664628607, type=UNIFORM -> ./input/random_graphs/graph_6000_464758_UNIFORM_5108599054664628607.txt (Time: 2.15s)
✓ Generated graph n=6000, m=464758, seed=199422815561151340, type=UNIFORM -> ./input/random_graphs/graph_6000_464758_UNIFORM_199422815561151340.txt (Time: 2.31s)
✓ Generated graph n=6000, m=464758, seed=9130666990809746335, type=UNIFORM -> ./input/random_graphs/graph_6000_464758_UNIFORM_9130666990809746335.txt (Time: 2.24s)
✓ Generated graph n=6000, m=464758, seed=175493991617213850, type=UNIFORM -> ./input/random_graphs/graph_6000_464758_UNIFORM_175493991617213850.txt (Time: 2.42s)
✓ Generated graph n=6000, m=464758, seed=7644420139408884785, type=UNIFORM -> ./input/random_graphs/graph_6000_464758_UNIFORM_7644420139408884785.txt (Time: 2.28s)
✓ Generated graph n=6000, m=464758, seed=1458186392400727732, type=UNIFORM -> ./input/random_graphs/graph_6000_464758_UNIFORM_1458186392400727732.txt (Time: 2.15s)
✓ Generated graph n=6000, m=464758, seed=1992204328026194281, type=UNIFORM -> ./input/random_graphs/graph_6000_464758_UNIFORM_1992204328026194281.txt (Time: 1.86s)
✓ Generated graph n=6000, m=464758, seed=7118744415197196276, type=UNIFORM -> ./input/random_graphs/graph_6000_464758_UNIFORM_7118744415197196276.txt (Time: 1.90s)
✓ Generated graph n=6000, m=464758, seed=9060210648189963449, type=UNIFORM -> ./input/random_graphs/graph_6000_464758_UNIFORM_9060210648189963449.txt (Time: 2.35s)
✓ Generated graph n=6000, m=464758, seed=4250897495980125004, type=UNIFORM -> ./input/random_graphs/graph_6000_464758_UNIFORM_4250897495980125004.txt (Time: 2.36s)
✓ Generated graph n=6000, m=464758, seed=8794274795737982182, type=UNIFORM -> ./input/random_graphs/graph_6000_464758_UNIFORM_8794274795737982182.txt (Time: 2.34s)
✓ Generated graph n=6000, m=464758, seed=2089506265998900862, type=UNIFORM -> ./input/random_graphs/graph_6000_464758_UNIFORM_2089506265998900862.txt (Time: 2.35s)
✓ Generated graph n=6000, m=464758, seed=5497874167834979553, type=UNIFORM -> ./input/random_graphs/graph_6000_464758_UNIFORM_5497874167834979553.txt (Time: 2.42s)
✓ Generated graph n=6000, m=464758, seed=4060584409398689268, type=UNIFORM -> ./input/random_graphs/graph_6000_464758_UNIFORM_4060584409398689268.txt (Time: 2.43s)
✓ Generated graph n=6000, m=464758, seed=1332005502874566195, type=UNIFORM -> ./input/random_graphs/graph_6000_464758_UNIFORM_1332005502874566195.txt (Time: 2.43s)
✓ Generated graph n=6000, m=464758, seed=8626102704817790064, type=UNIFORM -> ./input/random_graphs/graph_6000_464758_UNIFORM_8626102704817790064.txt (Time: 2.44s)
✓ Generated graph n=6000, m=464758, seed=1722224698700348310, type=UNIFORM -> ./input/random_graphs/graph_6000_464758_UNIFORM_1722224698700348310.txt (Time: 2.46s)
✓ Generated graph n=6000, m=464758, seed=4795749165124911768, type=UNIFORM -> ./input/random_graphs/graph_6000_464758_UNIFORM_4795749165124911768.txt (Time: 2.36s)
✓ Generated graph n=6000, m=464758, seed=4934890601268679176, type=UNIFORM -> ./input/random_graphs/graph_6000_464758_UNIFORM_4934890601268679176.txt (Time: 2.35s)
✓ Generated graph n=6000, m=464758, seed=7905487461282246979, type=UNIFORM -> ./input/random_graphs/graph_6000_464758_UNIFORM_7905487461282246979.txt (Time: 2.46s)
✓ Generated graph n=6000, m=464758, seed=8448596294177070022, type=UNIFORM -> ./input/random_graphs/graph_6000_464758_UNIFORM_8448596294177070022.txt (Time: 2.50s)
✓ Generated graph n=6000, m=464758, seed=2718103348384927511, type=UNIFORM -> ./input/random_graphs/graph_6000_464758_UNIFORM_2718103348384927511.txt (Time: 2.09s)
✓ Generated graph n=6000, m=464758, seed=9059990922233379852, type=UNIFORM -> ./input/random_graphs/graph_6000_464758_UNIFORM_9059990922233379852.txt (Time: 2.19s)
✓ Generated graph n=6000, m=464758, seed=7449662661572224354, type=UNIFORM -> ./input/random_graphs/graph_6000_464758_UNIFORM_7449662661572224354.txt (Time: 2.21s)
✓ Generated graph n=6000, m=464758, seed=3221421291694197220, type=UNIFORM -> ./input/random_graphs/graph_6000_464758_UNIFORM_3221421291694197220.txt (Time: 2.18s)
✓ Generated graph n=6000, m=464758, seed=2264398621601381987, type=UNIFORM -> ./input/random_graphs/graph_6000_464758_UNIFORM_2264398621601381987.txt (Time: 1.61s)
✓ Generated graph n=6000, m=464758, seed=7632458674696225362, type=UNIFORM -> ./input/random_graphs/graph_6000_464758_UNIFORM_7632458674696225362.txt (Time: 1.56s)
✓ Generated graph n=6000, m=464758, seed=8867616339855336876, type=UNIFORM -> ./input/random_graphs/graph_6000_464758_UNIFORM_8867616339855336876.txt (Time: 2.25s)
✓ Generated graph n=6000, m=464758, seed=5894893360759659423, type=UNIFORM -> ./input/random_graphs/graph_6000_464758_UNIFORM_5894893360759659423.txt (Time: 2.27s)
✓ Generated graph n=6000, m=464758, seed=7983805977214098674, type=UNIFORM -> ./input/random_graphs/graph_6000_464758_UNIFORM_7983805977214098674.txt (Time: 2.26s)
✓ Generated graph n=6000, m=464758, seed=4940913311242578590, type=UNIFORM -> ./input/random_graphs/graph_6000_464758_UNIFORM_4940913311242578590.txt (Time: 2.23s)
✓ Generated graph n=7000, m=585662, seed=6230961512046992311, type=UNIFORM -> ./input/random_graphs/graph_7000_585662_UNIFORM_6230961512046992311.txt (Time: 2.08s)
✓ Generated graph n=7000, m=585662, seed=5739955973604961613, type=UNIFORM -> ./input/random_graphs/graph_7000_585662_UNIFORM_5739955973604961613.txt (Time: 2.16s)
✓ Generated graph n=7000, m=585662, seed=7871178979383552919, type=UNIFORM -> ./input/random_graphs/graph_7000_585662_UNIFORM_7871178979383552919.txt (Time: 2.30s)
✓ Generated graph n=7000, m=585662, seed=3881801951614183357, type=UNIFORM -> ./input/random_graphs/graph_7000_585662_UNIFORM_3881801951614183357.txt (Time: 2.23s)
✓ Generated graph n=7000, m=585662, seed=7032710160631691991, type=UNIFORM -> ./input/random_graphs/graph_7000_585662_UNIFORM_7032710160631691991.txt (Time: 2.20s)
✓ Generated graph n=7000, m=585662, seed=7599700178212337699, type=UNIFORM -> ./input/random_graphs/graph_7000_585662_UNIFORM_7599700178212337699.txt (Time: 2.23s)
✓ Generated graph n=7000, m=585662, seed=1353182403971399009, type=UNIFORM -> ./input/random_graphs/graph_7000_585662_UNIFORM_1353182403971399009.txt (Time: 2.25s)
✓ Generated graph n=7000, m=585662, seed=6522163754831416203, type=UNIFORM -> ./input/random_graphs/graph_7000_585662_UNIFORM_6522163754831416203.txt (Time: 2.24s)
✓ Generated graph n=7000, m=585662, seed=1250005700364523649, type=UNIFORM -> ./input/random_graphs/graph_7000_585662_UNIFORM_1250005700364523649.txt (Time: 2.27s)
✓ Generated graph n=7000, m=585662, seed=1070244953599069350, type=UNIFORM -> ./input/random_graphs/graph_7000_585662_UNIFORM_1070244953599069350.txt (Time: 2.55s)
✓ Generated graph n=7000, m=585662, seed=1309542850049879452, type=UNIFORM -> ./input/random_graphs/graph_7000_585662_UNIFORM_1309542850049879452.txt (Time: 2.36s)
✓ Generated graph n=7000, m=585662, seed=7663871783842725848, type=UNIFORM -> ./input/random_graphs/graph_7000_585662_UNIFORM_7663871783842725848.txt (Time: 2.33s)
✓ Generated graph n=7000, m=585662, seed=2429002973740178792, type=UNIFORM -> ./input/random_graphs/graph_7000_585662_UNIFORM_2429002973740178792.txt (Time: 2.36s)
✓ Generated graph n=7000, m=585662, seed=7146860528564146064, type=UNIFORM -> ./input/random_graphs/graph_7000_585662_UNIFORM_7146860528564146064.txt (Time: 2.31s)
✓ Generated graph n=7000, m=585662, seed=6938562734920028532, type=UNIFORM -> ./input/random_graphs/graph_7000_585662_UNIFORM_6938562734920028532.txt (Time: 2.56s)
✓ Generated graph n=7000, m=585662, seed=320375091487821987, type=UNIFORM -> ./input/random_graphs/graph_7000_585662_UNIFORM_320375091487821987.txt (Time: 2.38s)
✓ Generated graph n=7000, m=585662, seed=4040737767143389431, type=UNIFORM -> ./input/random_graphs/graph_7000_585662_UNIFORM_4040737767143389431.txt (Time: 2.56s)
✓ Generated graph n=7000, m=585662, seed=5906957480796939447, type=UNIFORM -> ./input/random_graphs/graph_7000_585662_UNIFORM_5906957480796939447.txt (Time: 2.36s)
✓ Generated graph n=7000, m=585662, seed=1250773459040295677, type=UNIFORM -> ./input/random_graphs/graph_7000_585662_UNIFORM_1250773459040295677.txt (Time: 2.36s)
✓ Generated graph n=7000, m=585662, seed=7473196763798409428, type=UNIFORM -> ./input/random_graphs/graph_7000_585662_UNIFORM_7473196763798409428.txt (Time: 2.24s)
✓ Generated graph n=7000, m=585662, seed=3438400432146115956, type=UNIFORM -> ./input/random_graphs/graph_7000_585662_UNIFORM_3438400432146115956.txt (Time: 2.53s)
✓ Generated graph n=7000, m=585662, seed=5139481885857321791, type=UNIFORM -> ./input/random_graphs/graph_7000_585662_UNIFORM_5139481885857321791.txt (Time: 2.25s)
✓ Generated graph n=7000, m=585662, seed=5708372698381010775, type=UNIFORM -> ./input/random_graphs/graph_7000_585662_UNIFORM_5708372698381010775.txt (Time: 2.23s)
✓ Generated graph n=7000, m=585662, seed=5142811650494845597, type=UNIFORM -> ./input/random_graphs/graph_7000_585662_UNIFORM_5142811650494845597.txt (Time: 2.44s)
✓ Generated graph n=7000, m=585662, seed=6002685213311538187, type=UNIFORM -> ./input/random_graphs/graph_7000_585662_UNIFORM_6002685213311538187.txt (Time: 2.43s)
✓ Generated graph n=7000, m=585662, seed=521787134863155063, type=UNIFORM -> ./input/random_graphs/graph_7000_585662_UNIFORM_521787134863155063.txt (Time: 2.18s)
✓ Generated graph n=7000, m=585662, seed=3010622984418968408, type=UNIFORM -> ./input/random_graphs/graph_7000_585662_UNIFORM_3010622984418968408.txt (Time: 2.44s)
✓ Generated graph n=7000, m=585662, seed=1731523882129807996, type=UNIFORM -> ./input/random_graphs/graph_7000_585662_UNIFORM_1731523882129807996.txt (Time: 2.35s)
✓ Generated graph n=7000, m=585662, seed=1853590723603270879, type=UNIFORM -> ./input/random_graphs/graph_7000_585662_UNIFORM_1853590723603270879.txt (Time: 2.32s)
✓ Generated graph n=7000, m=585662, seed=7029781962072644698, type=UNIFORM -> ./input/random_graphs/graph_7000_585662_UNIFORM_7029781962072644698.txt (Time: 2.31s)
✓ Generated graph n=7000, m=585662, seed=6785030173969523435, type=UNIFORM -> ./input/random_graphs/graph_7000_585662_UNIFORM_6785030173969523435.txt (Time: 2.35s)
✓ Generated graph n=7000, m=585662, seed=5529616217668449934, type=UNIFORM -> ./input/random_graphs/graph_7000_585662_UNIFORM_5529616217668449934.txt (Time: 2.29s)
✓ Generated graph n=7000, m=585662, seed=3224265581699847191, type=UNIFORM -> ./input/random_graphs/graph_7000_585662_UNIFORM_3224265581699847191.txt (Time: 2.53s)
✓ Generated graph n=7000, m=585662, seed=1024517563182776983, type=UNIFORM -> ./input/random_graphs/graph_7000_585662_UNIFORM_1024517563182776983.txt (Time: 2.61s)
✓ Generated graph n=7000, m=585662, seed=5258051056098597521, type=UNIFORM -> ./input/random_graphs/graph_7000_585662_UNIFORM_5258051056098597521.txt (Time: 2.71s)
✓ Generated graph n=7000, m=585662, seed=8031431416522537101, type=UNIFORM -> ./input/random_graphs/graph_7000_585662_UNIFORM_8031431416522537101.txt (Time: 2.19s)
✓ Generated graph n=7000, m=585662, seed=4122784633514911760, type=UNIFORM -> ./input/random_graphs/graph_7000_585662_UNIFORM_4122784633514911760.txt (Time: 2.67s)
✓ Generated graph n=7000, m=585662, seed=7706236040662210848, type=UNIFORM -> ./input/random_graphs/graph_7000_585662_UNIFORM_7706236040662210848.txt (Time: 2.72s)
✓ Generated graph n=7000, m=585662, seed=5636411189175451024, type=UNIFORM -> ./input/random_graphs/graph_7000_585662_UNIFORM_5636411189175451024.txt (Time: 2.32s)
✓ Generated graph n=7000, m=585662, seed=824387247617288499, type=UNIFORM -> ./input/random_graphs/graph_7000_585662_UNIFORM_824387247617288499.txt (Time: 2.62s)
✓ Generated graph n=7000, m=585662, seed=1647170069535670909, type=UNIFORM -> ./input/random_graphs/graph_7000_585662_UNIFORM_1647170069535670909.txt (Time: 2.99s)
✓ Generated graph n=7000, m=585662, seed=6143643868734370809, type=UNIFORM -> ./input/random_graphs/graph_7000_585662_UNIFORM_6143643868734370809.txt (Time: 2.55s)
✓ Generated graph n=7000, m=585662, seed=1632192924771168275, type=UNIFORM -> ./input/random_graphs/graph_7000_585662_UNIFORM_1632192924771168275.txt (Time: 2.65s)
✓ Generated graph n=7000, m=585662, seed=6802378520969450157, type=UNIFORM -> ./input/random_graphs/graph_7000_585662_UNIFORM_6802378520969450157.txt (Time: 2.66s)
✓ Generated graph n=7000, m=585662, seed=4445925461710302877, type=UNIFORM -> ./input/random_graphs/graph_7000_585662_UNIFORM_4445925461710302877.txt (Time: 2.32s)
✓ Generated graph n=7000, m=585662, seed=4552998297316576788, type=UNIFORM -> ./input/random_graphs/graph_7000_585662_UNIFORM_4552998297316576788.txt (Time: 2.68s)
✓ Generated graph n=7000, m=585662, seed=7161906730445628483, type=UNIFORM -> ./input/random_graphs/graph_7000_585662_UNIFORM_7161906730445628483.txt (Time: 2.70s)
✓ Generated graph n=7000, m=585662, seed=6614505080519948832, type=UNIFORM -> ./input/random_graphs/graph_7000_585662_UNIFORM_6614505080519948832.txt (Time: 2.64s)
✓ Generated graph n=7000, m=585662, seed=7938560551762094560, type=UNIFORM -> ./input/random_graphs/graph_7000_585662_UNIFORM_7938560551762094560.txt (Time: 2.58s)
✓ Generated graph n=7000, m=585662, seed=5349491008325879064, type=UNIFORM -> ./input/random_graphs/graph_7000_585662_UNIFORM_5349491008325879064.txt (Time: 2.77s)
✓ Generated graph n=7000, m=585662, seed=7917045922527545890, type=UNIFORM -> ./input/random_graphs/graph_7000_585662_UNIFORM_7917045922527545890.txt (Time: 2.54s)
✓ Generated graph n=7000, m=585662, seed=3272308573967577038, type=UNIFORM -> ./input/random_graphs/graph_7000_585662_UNIFORM_3272308573967577038.txt (Time: 2.96s)
✓ Generated graph n=7000, m=585662, seed=3865339568260874865, type=UNIFORM -> ./input/random_graphs/graph_7000_585662_UNIFORM_3865339568260874865.txt (Time: 2.46s)
✓ Generated graph n=7000, m=585662, seed=7921282862123281598, type=UNIFORM -> ./input/random_graphs/graph_7000_585662_UNIFORM_7921282862123281598.txt (Time: 2.50s)
✓ Generated graph n=7000, m=585662, seed=6224222471595207695, type=UNIFORM -> ./input/random_graphs/graph_7000_585662_UNIFORM_6224222471595207695.txt (Time: 2.57s)
✓ Generated graph n=7000, m=585662, seed=1128313391724783137, type=UNIFORM -> ./input/random_graphs/graph_7000_585662_UNIFORM_1128313391724783137.txt (Time: 2.57s)
✓ Generated graph n=7000, m=585662, seed=716820155901718944, type=UNIFORM -> ./input/random_graphs/graph_7000_585662_UNIFORM_716820155901718944.txt (Time: 2.59s)
✓ Generated graph n=7000, m=585662, seed=8718380604043999642, type=UNIFORM -> ./input/random_graphs/graph_7000_585662_UNIFORM_8718380604043999642.txt (Time: 2.59s)
✓ Generated graph n=7000, m=585662, seed=4997514996153925447, type=UNIFORM -> ./input/random_graphs/graph_7000_585662_UNIFORM_4997514996153925447.txt (Time: 2.60s)
✓ Generated graph n=7000, m=585662, seed=5063475852268941542, type=UNIFORM -> ./input/random_graphs/graph_7000_585662_UNIFORM_5063475852268941542.txt (Time: 2.62s)
✓ Generated graph n=7000, m=585662, seed=8446481348147407377, type=UNIFORM -> ./input/random_graphs/graph_7000_585662_UNIFORM_8446481348147407377.txt (Time: 2.53s)
✓ Generated graph n=7000, m=585662, seed=2909934787168262407, type=UNIFORM -> ./input/random_graphs/graph_7000_585662_UNIFORM_2909934787168262407.txt (Time: 1.98s)
✓ Generated graph n=7000, m=585662, seed=3817405844514670994, type=UNIFORM -> ./input/random_graphs/graph_7000_585662_UNIFORM_3817405844514670994.txt (Time: 2.56s)
✓ Generated graph n=7000, m=585662, seed=6529943913552561417, type=UNIFORM -> ./input/random_graphs/graph_7000_585662_UNIFORM_6529943913552561417.txt (Time: 2.53s)
✓ Generated graph n=7000, m=585662, seed=6022436717541034636, type=UNIFORM -> ./input/random_graphs/graph_7000_585662_UNIFORM_6022436717541034636.txt (Time: 2.33s)
✓ Generated graph n=7000, m=585662, seed=1170385908854608748, type=UNIFORM -> ./input/random_graphs/graph_7000_585662_UNIFORM_1170385908854608748.txt (Time: 2.50s)
✓ Generated graph n=7000, m=585662, seed=3713827327871807734, type=UNIFORM -> ./input/random_graphs/graph_7000_585662_UNIFORM_3713827327871807734.txt (Time: 2.33s)
✓ Generated graph n=7000, m=585662, seed=5108599054664628607, type=UNIFORM -> ./input/random_graphs/graph_7000_585662_UNIFORM_5108599054664628607.txt (Time: 2.34s)
✓ Generated graph n=7000, m=585662, seed=199422815561151340, type=UNIFORM -> ./input/random_graphs/graph_7000_585662_UNIFORM_199422815561151340.txt (Time: 2.59s)
✓ Generated graph n=7000, m=585662, seed=175493991617213850, type=UNIFORM -> ./input/random_graphs/graph_7000_585662_UNIFORM_175493991617213850.txt (Time: 2.50s)
✓ Generated graph n=7000, m=585662, seed=6764066939395682287, type=UNIFORM -> ./input/random_graphs/graph_7000_585662_UNIFORM_6764066939395682287.txt (Time: 2.40s)
✓ Generated graph n=7000, m=585662, seed=7644420139408884785, type=UNIFORM -> ./input/random_graphs/graph_7000_585662_UNIFORM_7644420139408884785.txt (Time: 2.44s)
✓ Generated graph n=7000, m=585662, seed=9130666990809746335, type=UNIFORM -> ./input/random_graphs/graph_7000_585662_UNIFORM_9130666990809746335.txt (Time: 2.50s)
✓ Generated graph n=7000, m=585662, seed=1458186392400727732, type=UNIFORM -> ./input/random_graphs/graph_7000_585662_UNIFORM_1458186392400727732.txt (Time: 2.45s)
✓ Generated graph n=7000, m=585662, seed=1392892770529522614, type=UNIFORM -> ./input/random_graphs/graph_7000_585662_UNIFORM_1392892770529522614.txt (Time: 2.47s)
✓ Generated graph n=7000, m=585662, seed=4250897495980125004, type=UNIFORM -> ./input/random_graphs/graph_7000_585662_UNIFORM_4250897495980125004.txt (Time: 2.47s)
✓ Generated graph n=7000, m=585662, seed=9060210648189963449, type=UNIFORM -> ./input/random_graphs/graph_7000_585662_UNIFORM_9060210648189963449.txt (Time: 2.50s)
✓ Generated graph n=7000, m=585662, seed=8794274795737982182, type=UNIFORM -> ./input/random_graphs/graph_7000_585662_UNIFORM_8794274795737982182.txt (Time: 2.49s)
✓ Generated graph n=7000, m=585662, seed=2089506265998900862, type=UNIFORM -> ./input/random_graphs/graph_7000_585662_UNIFORM_2089506265998900862.txt (Time: 2.50s)
✓ Generated graph n=7000, m=585662, seed=5497874167834979553, type=UNIFORM -> ./input/random_graphs/graph_7000_585662_UNIFORM_5497874167834979553.txt (Time: 2.44s)
✓ Generated graph n=7000, m=585662, seed=4060584409398689268, type=UNIFORM -> ./input/random_graphs/graph_7000_585662_UNIFORM_4060584409398689268.txt (Time: 2.47s)
✓ Generated graph n=7000, m=585662, seed=1722224698700348310, type=UNIFORM -> ./input/random_graphs/graph_7000_585662_UNIFORM_1722224698700348310.txt (Time: 2.42s)
✓ Generated graph n=7000, m=585662, seed=1332005502874566195, type=UNIFORM -> ./input/random_graphs/graph_7000_585662_UNIFORM_1332005502874566195.txt (Time: 2.48s)
✓ Generated graph n=7000, m=585662, seed=8626102704817790064, type=UNIFORM -> ./input/random_graphs/graph_7000_585662_UNIFORM_8626102704817790064.txt (Time: 2.36s)
✓ Generated graph n=7000, m=585662, seed=4795749165124911768, type=UNIFORM -> ./input/random_graphs/graph_7000_585662_UNIFORM_4795749165124911768.txt (Time: 2.23s)
✓ Generated graph n=7000, m=585662, seed=7905487461282246979, type=UNIFORM -> ./input/random_graphs/graph_7000_585662_UNIFORM_7905487461282246979.txt (Time: 2.28s)
✓ Generated graph n=7000, m=585662, seed=8448596294177070022, type=UNIFORM -> ./input/random_graphs/graph_7000_585662_UNIFORM_8448596294177070022.txt (Time: 2.34s)
✓ Generated graph n=7000, m=585662, seed=7118744415197196276, type=UNIFORM -> ./input/random_graphs/graph_7000_585662_UNIFORM_7118744415197196276.txt (Time: 2.15s)
✓ Generated graph n=7000, m=585662, seed=4934890601268679176, type=UNIFORM -> ./input/random_graphs/graph_7000_585662_UNIFORM_4934890601268679176.txt (Time: 2.30s)
✓ Generated graph n=7000, m=585662, seed=1992204328026194281, type=UNIFORM -> ./input/random_graphs/graph_7000_585662_UNIFORM_1992204328026194281.txt (Time: 2.28s)
✓ Generated graph n=7000, m=585662, seed=9059990922233379852, type=UNIFORM -> ./input/random_graphs/graph_7000_585662_UNIFORM_9059990922233379852.txt (Time: 2.05s)
✓ Generated graph n=7000, m=585662, seed=2718103348384927511, type=UNIFORM -> ./input/random_graphs/graph_7000_585662_UNIFORM_2718103348384927511.txt (Time: 2.32s)
✓ Generated graph n=7000, m=585662, seed=7449662661572224354, type=UNIFORM -> ./input/random_graphs/graph_7000_585662_UNIFORM_7449662661572224354.txt (Time: 2.27s)
✓ Generated graph n=7000, m=585662, seed=3221421291694197220, type=UNIFORM -> ./input/random_graphs/graph_7000_585662_UNIFORM_3221421291694197220.txt (Time: 2.22s)
✓ Generated graph n=7000, m=585662, seed=8867616339855336876, type=UNIFORM -> ./input/random_graphs/graph_7000_585662_UNIFORM_8867616339855336876.txt (Time: 2.08s)
✓ Generated graph n=7000, m=585662, seed=5894893360759659423, type=UNIFORM -> ./input/random_graphs/graph_7000_585662_UNIFORM_5894893360759659423.txt (Time: 2.09s)
✓ Generated graph n=7000, m=585662, seed=7983805977214098674, type=UNIFORM -> ./input/random_graphs/graph_7000_585662_UNIFORM_7983805977214098674.txt (Time: 2.19s)
✓ Generated graph n=7000, m=585662, seed=7632458674696225362, type=UNIFORM -> ./input/random_graphs/graph_7000_585662_UNIFORM_7632458674696225362.txt (Time: 2.16s)
✓ Generated graph n=7000, m=585662, seed=4940913311242578590, type=UNIFORM -> ./input/random_graphs/graph_7000_585662_UNIFORM_4940913311242578590.txt (Time: 2.23s)
✓ Generated graph n=7000, m=585662, seed=2264398621601381987, type=UNIFORM -> ./input/random_graphs/graph_7000_585662_UNIFORM_2264398621601381987.txt (Time: 2.29s)
✓ Generated graph n=8000, m=715541, seed=6230961512046992311, type=UNIFORM -> ./input/random_graphs/graph_8000_715541_UNIFORM_6230961512046992311.txt (Time: 2.84s)
✓ Generated graph n=8000, m=715541, seed=5739955973604961613, type=UNIFORM -> ./input/random_graphs/graph_8000_715541_UNIFORM_5739955973604961613.txt (Time: 2.70s)
✓ Generated graph n=8000, m=715541, seed=7871178979383552919, type=UNIFORM -> ./input/random_graphs/graph_8000_715541_UNIFORM_7871178979383552919.txt (Time: 2.78s)
✓ Generated graph n=8000, m=715541, seed=7599700178212337699, type=UNIFORM -> ./input/random_graphs/graph_8000_715541_UNIFORM_7599700178212337699.txt (Time: 2.78s)
✓ Generated graph n=8000, m=715541, seed=3881801951614183357, type=UNIFORM -> ./input/random_graphs/graph_8000_715541_UNIFORM_3881801951614183357.txt (Time: 2.91s)
✓ Generated graph n=8000, m=715541, seed=1353182403971399009, type=UNIFORM -> ./input/random_graphs/graph_8000_715541_UNIFORM_1353182403971399009.txt (Time: 2.90s)
✓ Generated graph n=8000, m=715541, seed=6938562734920028532, type=UNIFORM -> ./input/random_graphs/graph_8000_715541_UNIFORM_6938562734920028532.txt (Time: 2.84s)
✓ Generated graph n=8000, m=715541, seed=6522163754831416203, type=UNIFORM -> ./input/random_graphs/graph_8000_715541_UNIFORM_6522163754831416203.txt (Time: 2.86s)
✓ Generated graph n=8000, m=715541, seed=4040737767143389431, type=UNIFORM -> ./input/random_graphs/graph_8000_715541_UNIFORM_4040737767143389431.txt (Time: 2.84s)
✓ Generated graph n=8000, m=715541, seed=1070244953599069350, type=UNIFORM -> ./input/random_graphs/graph_8000_715541_UNIFORM_1070244953599069350.txt (Time: 2.97s)
✓ Generated graph n=8000, m=715541, seed=7032710160631691991, type=UNIFORM -> ./input/random_graphs/graph_8000_715541_UNIFORM_7032710160631691991.txt (Time: 3.23s)
✓ Generated graph n=8000, m=715541, seed=320375091487821987, type=UNIFORM -> ./input/random_graphs/graph_8000_715541_UNIFORM_320375091487821987.txt (Time: 2.77s)
✓ Generated graph n=8000, m=715541, seed=1250773459040295677, type=UNIFORM -> ./input/random_graphs/graph_8000_715541_UNIFORM_1250773459040295677.txt (Time: 2.57s)
✓ Generated graph n=8000, m=715541, seed=1309542850049879452, type=UNIFORM -> ./input/random_graphs/graph_8000_715541_UNIFORM_1309542850049879452.txt (Time: 3.13s)
✓ Generated graph n=8000, m=715541, seed=2429002973740178792, type=UNIFORM -> ./input/random_graphs/graph_8000_715541_UNIFORM_2429002973740178792.txt (Time: 3.11s)
✓ Generated graph n=8000, m=715541, seed=7146860528564146064, type=UNIFORM -> ./input/random_graphs/graph_8000_715541_UNIFORM_7146860528564146064.txt (Time: 3.12s)
✓ Generated graph n=8000, m=715541, seed=7473196763798409428, type=UNIFORM -> ./input/random_graphs/graph_8000_715541_UNIFORM_7473196763798409428.txt (Time: 3.17s)
✓ Generated graph n=8000, m=715541, seed=5139481885857321791, type=UNIFORM -> ./input/random_graphs/graph_8000_715541_UNIFORM_5139481885857321791.txt (Time: 3.09s)
✓ Generated graph n=8000, m=715541, seed=5708372698381010775, type=UNIFORM -> ./input/random_graphs/graph_8000_715541_UNIFORM_5708372698381010775.txt (Time: 2.69s)
✓ Generated graph n=8000, m=715541, seed=5142811650494845597, type=UNIFORM -> ./input/random_graphs/graph_8000_715541_UNIFORM_5142811650494845597.txt (Time: 3.00s)
✓ Generated graph n=8000, m=715541, seed=3010622984418968408, type=UNIFORM -> ./input/random_graphs/graph_8000_715541_UNIFORM_3010622984418968408.txt (Time: 2.86s)
✓ Generated graph n=8000, m=715541, seed=521787134863155063, type=UNIFORM -> ./input/random_graphs/graph_8000_715541_UNIFORM_521787134863155063.txt (Time: 2.69s)
✓ Generated graph n=8000, m=715541, seed=1731523882129807996, type=UNIFORM -> ./input/random_graphs/graph_8000_715541_UNIFORM_1731523882129807996.txt (Time: 2.65s)
✓ Generated graph n=8000, m=715541, seed=7029781962072644698, type=UNIFORM -> ./input/random_graphs/graph_8000_715541_UNIFORM_7029781962072644698.txt (Time: 2.66s)
✓ Generated graph n=8000, m=715541, seed=1853590723603270879, type=UNIFORM -> ./input/random_graphs/graph_8000_715541_UNIFORM_1853590723603270879.txt (Time: 2.74s)
✓ Generated graph n=8000, m=715541, seed=7663871783842725848, type=UNIFORM -> ./input/random_graphs/graph_8000_715541_UNIFORM_7663871783842725848.txt (Time: 4.64s)
✓ Generated graph n=8000, m=715541, seed=5529616217668449934, type=UNIFORM -> ./input/random_graphs/graph_8000_715541_UNIFORM_5529616217668449934.txt (Time: 2.89s)
✓ Generated graph n=8000, m=715541, seed=6785030173969523435, type=UNIFORM -> ./input/random_graphs/graph_8000_715541_UNIFORM_6785030173969523435.txt (Time: 2.95s)
✓ Generated graph n=8000, m=715541, seed=1024517563182776983, type=UNIFORM -> ./input/random_graphs/graph_8000_715541_UNIFORM_1024517563182776983.txt (Time: 2.93s)
✓ Generated graph n=8000, m=715541, seed=824387247617288499, type=UNIFORM -> ./input/random_graphs/graph_8000_715541_UNIFORM_824387247617288499.txt (Time: 2.69s)
✓ Generated graph n=8000, m=715541, seed=1632192924771168275, type=UNIFORM -> ./input/random_graphs/graph_8000_715541_UNIFORM_1632192924771168275.txt (Time: 2.74s)
✓ Generated graph n=8000, m=715541, seed=3224265581699847191, type=UNIFORM -> ./input/random_graphs/graph_8000_715541_UNIFORM_3224265581699847191.txt (Time: 3.00s)
✓ Generated graph n=8000, m=715541, seed=5258051056098597521, type=UNIFORM -> ./input/random_graphs/graph_8000_715541_UNIFORM_5258051056098597521.txt (Time: 3.08s)
✓ Generated graph n=8000, m=715541, seed=6802378520969450157, type=UNIFORM -> ./input/random_graphs/graph_8000_715541_UNIFORM_6802378520969450157.txt (Time: 2.76s)
✓ Generated graph n=8000, m=715541, seed=4552998297316576788, type=UNIFORM -> ./input/random_graphs/graph_8000_715541_UNIFORM_4552998297316576788.txt (Time: 2.77s)
✓ Generated graph n=8000, m=715541, seed=1647170069535670909, type=UNIFORM -> ./input/random_graphs/graph_8000_715541_UNIFORM_1647170069535670909.txt (Time: 3.11s)
✓ Generated graph n=8000, m=715541, seed=4122784633514911760, type=UNIFORM -> ./input/random_graphs/graph_8000_715541_UNIFORM_4122784633514911760.txt (Time: 3.07s)
✓ Generated graph n=8000, m=715541, seed=7161906730445628483, type=UNIFORM -> ./input/random_graphs/graph_8000_715541_UNIFORM_7161906730445628483.txt (Time: 2.83s)
✓ Generated graph n=8000, m=715541, seed=7706236040662210848, type=UNIFORM -> ./input/random_graphs/graph_8000_715541_UNIFORM_7706236040662210848.txt (Time: 3.09s)
✓ Generated graph n=8000, m=715541, seed=8031431416522537101, type=UNIFORM -> ./input/random_graphs/graph_8000_715541_UNIFORM_8031431416522537101.txt (Time: 2.87s)
✓ Generated graph n=8000, m=715541, seed=6143643868734370809, type=UNIFORM -> ./input/random_graphs/graph_8000_715541_UNIFORM_6143643868734370809.txt (Time: 2.99s)
✓ Generated graph n=8000, m=715541, seed=3272308573967577038, type=UNIFORM -> ./input/random_graphs/graph_8000_715541_UNIFORM_3272308573967577038.txt (Time: 2.77s)
✓ Generated graph n=8000, m=715541, seed=6002685213311538187, type=UNIFORM -> ./input/random_graphs/graph_8000_715541_UNIFORM_6002685213311538187.txt (Time: 5.19s)
✓ Generated graph n=8000, m=715541, seed=5636411189175451024, type=UNIFORM -> ./input/random_graphs/graph_8000_715541_UNIFORM_5636411189175451024.txt (Time: 2.70s)
✓ Generated graph n=8000, m=715541, seed=7938560551762094560, type=UNIFORM -> ./input/random_graphs/graph_8000_715541_UNIFORM_7938560551762094560.txt (Time: 2.68s)
✓ Generated graph n=8000, m=715541, seed=6614505080519948832, type=UNIFORM -> ./input/random_graphs/graph_8000_715541_UNIFORM_6614505080519948832.txt (Time: 2.72s)
✓ Generated graph n=8000, m=715541, seed=5349491008325879064, type=UNIFORM -> ./input/random_graphs/graph_8000_715541_UNIFORM_5349491008325879064.txt (Time: 2.81s)
✓ Generated graph n=8000, m=715541, seed=7917045922527545890, type=UNIFORM -> ./input/random_graphs/graph_8000_715541_UNIFORM_7917045922527545890.txt (Time: 2.78s)
✓ Generated graph n=8000, m=715541, seed=4445925461710302877, type=UNIFORM -> ./input/random_graphs/graph_8000_715541_UNIFORM_4445925461710302877.txt (Time: 2.69s)
✓ Generated graph n=8000, m=715541, seed=3865339568260874865, type=UNIFORM -> ./input/random_graphs/graph_8000_715541_UNIFORM_3865339568260874865.txt (Time: 2.60s)
✓ Generated graph n=8000, m=715541, seed=7921282862123281598, type=UNIFORM -> ./input/random_graphs/graph_8000_715541_UNIFORM_7921282862123281598.txt (Time: 2.60s)
✓ Generated graph n=8000, m=715541, seed=6224222471595207695, type=UNIFORM -> ./input/random_graphs/graph_8000_715541_UNIFORM_6224222471595207695.txt (Time: 2.72s)
✓ Generated graph n=8000, m=715541, seed=1128313391724783137, type=UNIFORM -> ./input/random_graphs/graph_8000_715541_UNIFORM_1128313391724783137.txt (Time: 2.72s)
✓ Generated graph n=8000, m=715541, seed=1250005700364523649, type=UNIFORM -> ./input/random_graphs/graph_8000_715541_UNIFORM_1250005700364523649.txt (Time: 7.49s)
✓ Generated graph n=8000, m=715541, seed=5906957480796939447, type=UNIFORM -> ./input/random_graphs/graph_8000_715541_UNIFORM_5906957480796939447.txt (Time: 7.38s)
✓ Generated graph n=8000, m=715541, seed=716820155901718944, type=UNIFORM -> ./input/random_graphs/graph_8000_715541_UNIFORM_716820155901718944.txt (Time: 2.58s)
✓ Generated graph n=8000, m=715541, seed=3438400432146115956, type=UNIFORM -> ./input/random_graphs/graph_8000_715541_UNIFORM_3438400432146115956.txt (Time: 7.35s)
✓ Generated graph n=8000, m=715541, seed=8446481348147407377, type=UNIFORM -> ./input/random_graphs/graph_8000_715541_UNIFORM_8446481348147407377.txt (Time: 2.45s)
✓ Generated graph n=8000, m=715541, seed=6529943913552561417, type=UNIFORM -> ./input/random_graphs/graph_8000_715541_UNIFORM_6529943913552561417.txt (Time: 2.46s)
✓ Generated graph n=8000, m=715541, seed=175493991617213850, type=UNIFORM -> ./input/random_graphs/graph_8000_715541_UNIFORM_175493991617213850.txt (Time: 2.46s)
✓ Generated graph n=8000, m=715541, seed=3713827327871807734, type=UNIFORM -> ./input/random_graphs/graph_8000_715541_UNIFORM_3713827327871807734.txt (Time: 2.50s)
✓ Generated graph n=8000, m=715541, seed=5063475852268941542, type=UNIFORM -> ./input/random_graphs/graph_8000_715541_UNIFORM_5063475852268941542.txt (Time: 2.97s)
✓ Generated graph n=8000, m=715541, seed=8718380604043999642, type=UNIFORM -> ./input/random_graphs/graph_8000_715541_UNIFORM_8718380604043999642.txt (Time: 3.01s)
✓ Generated graph n=8000, m=715541, seed=4997514996153925447, type=UNIFORM -> ./input/random_graphs/graph_8000_715541_UNIFORM_4997514996153925447.txt (Time: 3.04s)
✓ Generated graph n=8000, m=715541, seed=5108599054664628607, type=UNIFORM -> ./input/random_graphs/graph_8000_715541_UNIFORM_5108599054664628607.txt (Time: 2.54s)
✓ Generated graph n=8000, m=715541, seed=6022436717541034636, type=UNIFORM -> ./input/random_graphs/graph_8000_715541_UNIFORM_6022436717541034636.txt (Time: 2.92s)
✓ Generated graph n=8000, m=715541, seed=2909934787168262407, type=UNIFORM -> ./input/random_graphs/graph_8000_715541_UNIFORM_2909934787168262407.txt (Time: 2.98s)
✓ Generated graph n=8000, m=715541, seed=1170385908854608748, type=UNIFORM -> ./input/random_graphs/graph_8000_715541_UNIFORM_1170385908854608748.txt (Time: 3.02s)
✓ Generated graph n=8000, m=715541, seed=9130666990809746335, type=UNIFORM -> ./input/random_graphs/graph_8000_715541_UNIFORM_9130666990809746335.txt (Time: 2.77s)
✓ Generated graph n=8000, m=715541, seed=7644420139408884785, type=UNIFORM -> ./input/random_graphs/graph_8000_715541_UNIFORM_7644420139408884785.txt (Time: 2.74s)
✓ Generated graph n=8000, m=715541, seed=1458186392400727732, type=UNIFORM -> ./input/random_graphs/graph_8000_715541_UNIFORM_1458186392400727732.txt (Time: 2.74s)
✓ Generated graph n=8000, m=715541, seed=1392892770529522614, type=UNIFORM -> ./input/random_graphs/graph_8000_715541_UNIFORM_1392892770529522614.txt (Time: 2.70s)
✓ Generated graph n=8000, m=715541, seed=6764066939395682287, type=UNIFORM -> ./input/random_graphs/graph_8000_715541_UNIFORM_6764066939395682287.txt (Time: 3.17s)
✓ Generated graph n=8000, m=715541, seed=9060210648189963449, type=UNIFORM -> ./input/random_graphs/graph_8000_715541_UNIFORM_9060210648189963449.txt (Time: 2.75s)
✓ Generated graph n=8000, m=715541, seed=4250897495980125004, type=UNIFORM -> ./input/random_graphs/graph_8000_715541_UNIFORM_4250897495980125004.txt (Time: 2.73s)
✓ Generated graph n=8000, m=715541, seed=8794274795737982182, type=UNIFORM -> ./input/random_graphs/graph_8000_715541_UNIFORM_8794274795737982182.txt (Time: 2.68s)
✓ Generated graph n=8000, m=715541, seed=2089506265998900862, type=UNIFORM -> ./input/random_graphs/graph_8000_715541_UNIFORM_2089506265998900862.txt (Time: 2.85s)
✓ Generated graph n=8000, m=715541, seed=5497874167834979553, type=UNIFORM -> ./input/random_graphs/graph_8000_715541_UNIFORM_5497874167834979553.txt (Time: 2.92s)
✓ Generated graph n=8000, m=715541, seed=4060584409398689268, type=UNIFORM -> ./input/random_graphs/graph_8000_715541_UNIFORM_4060584409398689268.txt (Time: 2.89s)
✓ Generated graph n=8000, m=715541, seed=1332005502874566195, type=UNIFORM -> ./input/random_graphs/graph_8000_715541_UNIFORM_1332005502874566195.txt (Time: 2.90s)
✓ Generated graph n=8000, m=715541, seed=4934890601268679176, type=UNIFORM -> ./input/random_graphs/graph_8000_715541_UNIFORM_4934890601268679176.txt (Time: 2.43s)
✓ Generated graph n=8000, m=715541, seed=1722224698700348310, type=UNIFORM -> ./input/random_graphs/graph_8000_715541_UNIFORM_1722224698700348310.txt (Time: 3.09s)
✓ Generated graph n=8000, m=715541, seed=1992204328026194281, type=UNIFORM -> ./input/random_graphs/graph_8000_715541_UNIFORM_1992204328026194281.txt (Time: 2.50s)
✓ Generated graph n=8000, m=715541, seed=8626102704817790064, type=UNIFORM -> ./input/random_graphs/graph_8000_715541_UNIFORM_8626102704817790064.txt (Time: 3.13s)
✓ Generated graph n=8000, m=715541, seed=7905487461282246979, type=UNIFORM -> ./input/random_graphs/graph_8000_715541_UNIFORM_7905487461282246979.txt (Time: 3.12s)
✓ Generated graph n=8000, m=715541, seed=9059990922233379852, type=UNIFORM -> ./input/random_graphs/graph_8000_715541_UNIFORM_9059990922233379852.txt (Time: 2.51s)
✓ Generated graph n=8000, m=715541, seed=7118744415197196276, type=UNIFORM -> ./input/random_graphs/graph_8000_715541_UNIFORM_7118744415197196276.txt (Time: 2.58s)
✓ Generated graph n=8000, m=715541, seed=2718103348384927511, type=UNIFORM -> ./input/random_graphs/graph_8000_715541_UNIFORM_2718103348384927511.txt (Time: 2.58s)
✓ Generated graph n=8000, m=715541, seed=8448596294177070022, type=UNIFORM -> ./input/random_graphs/graph_8000_715541_UNIFORM_8448596294177070022.txt (Time: 3.22s)
✓ Generated graph n=8000, m=715541, seed=4795749165124911768, type=UNIFORM -> ./input/random_graphs/graph_8000_715541_UNIFORM_4795749165124911768.txt (Time: 3.25s)
✓ Generated graph n=8000, m=715541, seed=8867616339855336876, type=UNIFORM -> ./input/random_graphs/graph_8000_715541_UNIFORM_8867616339855336876.txt (Time: 2.55s)
✓ Generated graph n=8000, m=715541, seed=5894893360759659423, type=UNIFORM -> ./input/random_graphs/graph_8000_715541_UNIFORM_5894893360759659423.txt (Time: 2.57s)
✓ Generated graph n=8000, m=715541, seed=7449662661572224354, type=UNIFORM -> ./input/random_graphs/graph_8000_715541_UNIFORM_7449662661572224354.txt (Time: 3.17s)
✓ Generated graph n=8000, m=715541, seed=2264398621601381987, type=UNIFORM -> ./input/random_graphs/graph_8000_715541_UNIFORM_2264398621601381987.txt (Time: 2.46s)
✓ Generated graph n=8000, m=715541, seed=3221421291694197220, type=UNIFORM -> ./input/random_graphs/graph_8000_715541_UNIFORM_3221421291694197220.txt (Time: 3.10s)
✓ Generated graph n=8000, m=715541, seed=7983805977214098674, type=UNIFORM -> ./input/random_graphs/graph_8000_715541_UNIFORM_7983805977214098674.txt (Time: 3.14s)
✓ Generated graph n=8000, m=715541, seed=4940913311242578590, type=UNIFORM -> ./input/random_graphs/graph_8000_715541_UNIFORM_4940913311242578590.txt (Time: 3.12s)
✓ Generated graph n=8000, m=715541, seed=7632458674696225362, type=UNIFORM -> ./input/random_graphs/graph_8000_715541_UNIFORM_7632458674696225362.txt (Time: 2.97s)
✓ Generated graph n=9000, m=853814, seed=6230961512046992311, type=UNIFORM -> ./input/random_graphs/graph_9000_853814_UNIFORM_6230961512046992311.txt (Time: 3.62s)
✓ Generated graph n=9000, m=853814, seed=5739955973604961613, type=UNIFORM -> ./input/random_graphs/graph_9000_853814_UNIFORM_5739955973604961613.txt (Time: 3.49s)
✓ Generated graph n=9000, m=853814, seed=7871178979383552919, type=UNIFORM -> ./input/random_graphs/graph_9000_853814_UNIFORM_7871178979383552919.txt (Time: 3.55s)
✓ Generated graph n=9000, m=853814, seed=1070244953599069350, type=UNIFORM -> ./input/random_graphs/graph_9000_853814_UNIFORM_1070244953599069350.txt (Time: 3.48s)
✓ Generated graph n=9000, m=853814, seed=6522163754831416203, type=UNIFORM -> ./input/random_graphs/graph_9000_853814_UNIFORM_6522163754831416203.txt (Time: 3.49s)
✓ Generated graph n=9000, m=853814, seed=1353182403971399009, type=UNIFORM -> ./input/random_graphs/graph_9000_853814_UNIFORM_1353182403971399009.txt (Time: 3.69s)
✓ Generated graph n=8000, m=715541, seed=3817405844514670994, type=UNIFORM -> ./input/random_graphs/graph_8000_715541_UNIFORM_3817405844514670994.txt (Time: 7.97s)
✓ Generated graph n=9000, m=853814, seed=7032710160631691991, type=UNIFORM -> ./input/random_graphs/graph_9000_853814_UNIFORM_7032710160631691991.txt (Time: 4.11s)
✓ Generated graph n=9000, m=853814, seed=7599700178212337699, type=UNIFORM -> ./input/random_graphs/graph_9000_853814_UNIFORM_7599700178212337699.txt (Time: 4.08s)
✓ Generated graph n=8000, m=715541, seed=199422815561151340, type=UNIFORM -> ./input/random_graphs/graph_8000_715541_UNIFORM_199422815561151340.txt (Time: 7.84s)
✓ Generated graph n=9000, m=853814, seed=6938562734920028532, type=UNIFORM -> ./input/random_graphs/graph_9000_853814_UNIFORM_6938562734920028532.txt (Time: 3.97s)
✓ Generated graph n=9000, m=853814, seed=4040737767143389431, type=UNIFORM -> ./input/random_graphs/graph_9000_853814_UNIFORM_4040737767143389431.txt (Time: 3.70s)
✓ Generated graph n=9000, m=853814, seed=1250005700364523649, type=UNIFORM -> ./input/random_graphs/graph_9000_853814_UNIFORM_1250005700364523649.txt (Time: 3.69s)
✓ Generated graph n=9000, m=853814, seed=7663871783842725848, type=UNIFORM -> ./input/random_graphs/graph_9000_853814_UNIFORM_7663871783842725848.txt (Time: 3.85s)
✓ Generated graph n=9000, m=853814, seed=1309542850049879452, type=UNIFORM -> ./input/random_graphs/graph_9000_853814_UNIFORM_1309542850049879452.txt (Time: 4.03s)
✓ Generated graph n=9000, m=853814, seed=2429002973740178792, type=UNIFORM -> ./input/random_graphs/graph_9000_853814_UNIFORM_2429002973740178792.txt (Time: 4.07s)
✓ Generated graph n=9000, m=853814, seed=1250773459040295677, type=UNIFORM -> ./input/random_graphs/graph_9000_853814_UNIFORM_1250773459040295677.txt (Time: 3.95s)
✓ Generated graph n=9000, m=853814, seed=7146860528564146064, type=UNIFORM -> ./input/random_graphs/graph_9000_853814_UNIFORM_7146860528564146064.txt (Time: 3.84s)
✓ Generated graph n=9000, m=853814, seed=5906957480796939447, type=UNIFORM -> ./input/random_graphs/graph_9000_853814_UNIFORM_5906957480796939447.txt (Time: 4.07s)
✓ Generated graph n=9000, m=853814, seed=5139481885857321791, type=UNIFORM -> ./input/random_graphs/graph_9000_853814_UNIFORM_5139481885857321791.txt (Time: 3.72s)
✓ Generated graph n=9000, m=853814, seed=7473196763798409428, type=UNIFORM -> ./input/random_graphs/graph_9000_853814_UNIFORM_7473196763798409428.txt (Time: 3.82s)
✓ Generated graph n=9000, m=853814, seed=3881801951614183357, type=UNIFORM -> ./input/random_graphs/graph_9000_853814_UNIFORM_3881801951614183357.txt (Time: 5.65s)
✓ Generated graph n=9000, m=853814, seed=3438400432146115956, type=UNIFORM -> ./input/random_graphs/graph_9000_853814_UNIFORM_3438400432146115956.txt (Time: 3.96s)
✓ Generated graph n=9000, m=853814, seed=3010622984418968408, type=UNIFORM -> ./input/random_graphs/graph_9000_853814_UNIFORM_3010622984418968408.txt (Time: 3.63s)
✓ Generated graph n=9000, m=853814, seed=5142811650494845597, type=UNIFORM -> ./input/random_graphs/graph_9000_853814_UNIFORM_5142811650494845597.txt (Time: 3.85s)
✓ Generated graph n=9000, m=853814, seed=5708372698381010775, type=UNIFORM -> ./input/random_graphs/graph_9000_853814_UNIFORM_5708372698381010775.txt (Time: 3.58s)
✓ Generated graph n=9000, m=853814, seed=6002685213311538187, type=UNIFORM -> ./input/random_graphs/graph_9000_853814_UNIFORM_6002685213311538187.txt (Time: 3.87s)
✓ Generated graph n=9000, m=853814, seed=1731523882129807996, type=UNIFORM -> ./input/random_graphs/graph_9000_853814_UNIFORM_1731523882129807996.txt (Time: 3.55s)
✓ Generated graph n=9000, m=853814, seed=521787134863155063, type=UNIFORM -> ./input/random_graphs/graph_9000_853814_UNIFORM_521787134863155063.txt (Time: 3.78s)
✓ Generated graph n=9000, m=853814, seed=1853590723603270879, type=UNIFORM -> ./input/random_graphs/graph_9000_853814_UNIFORM_1853590723603270879.txt (Time: 3.46s)
✓ Generated graph n=9000, m=853814, seed=320375091487821987, type=UNIFORM -> ./input/random_graphs/graph_9000_853814_UNIFORM_320375091487821987.txt (Time: 5.47s)
✓ Generated graph n=9000, m=853814, seed=6785030173969523435, type=UNIFORM -> ./input/random_graphs/graph_9000_853814_UNIFORM_6785030173969523435.txt (Time: 3.43s)
✓ Generated graph n=9000, m=853814, seed=1647170069535670909, type=UNIFORM -> ./input/random_graphs/graph_9000_853814_UNIFORM_1647170069535670909.txt (Time: 3.12s)
✓ Generated graph n=9000, m=853814, seed=5529616217668449934, type=UNIFORM -> ./input/random_graphs/graph_9000_853814_UNIFORM_5529616217668449934.txt (Time: 3.41s)
✓ Generated graph n=9000, m=853814, seed=1024517563182776983, type=UNIFORM -> ./input/random_graphs/graph_9000_853814_UNIFORM_1024517563182776983.txt (Time: 3.35s)
✓ Generated graph n=9000, m=853814, seed=3224265581699847191, type=UNIFORM -> ./input/random_graphs/graph_9000_853814_UNIFORM_3224265581699847191.txt (Time: 3.45s)
✓ Generated graph n=9000, m=853814, seed=5258051056098597521, type=UNIFORM -> ./input/random_graphs/graph_9000_853814_UNIFORM_5258051056098597521.txt (Time: 3.43s)
✓ Generated graph n=9000, m=853814, seed=7706236040662210848, type=UNIFORM -> ./input/random_graphs/graph_9000_853814_UNIFORM_7706236040662210848.txt (Time: 3.36s)
✓ Generated graph n=9000, m=853814, seed=4122784633514911760, type=UNIFORM -> ./input/random_graphs/graph_9000_853814_UNIFORM_4122784633514911760.txt (Time: 3.37s)
✓ Generated graph n=9000, m=853814, seed=1632192924771168275, type=UNIFORM -> ./input/random_graphs/graph_9000_853814_UNIFORM_1632192924771168275.txt (Time: 3.24s)
✓ Generated graph n=9000, m=853814, seed=824387247617288499, type=UNIFORM -> ./input/random_graphs/graph_9000_853814_UNIFORM_824387247617288499.txt (Time: 3.35s)
✓ Generated graph n=9000, m=853814, seed=7161906730445628483, type=UNIFORM -> ./input/random_graphs/graph_9000_853814_UNIFORM_7161906730445628483.txt (Time: 3.27s)
✓ Generated graph n=9000, m=853814, seed=6802378520969450157, type=UNIFORM -> ./input/random_graphs/graph_9000_853814_UNIFORM_6802378520969450157.txt (Time: 3.28s)
✓ Generated graph n=9000, m=853814, seed=4552998297316576788, type=UNIFORM -> ./input/random_graphs/graph_9000_853814_UNIFORM_4552998297316576788.txt (Time: 3.24s)
✓ Generated graph n=9000, m=853814, seed=7029781962072644698, type=UNIFORM -> ./input/random_graphs/graph_9000_853814_UNIFORM_7029781962072644698.txt (Time: 5.13s)
✓ Generated graph n=9000, m=853814, seed=6143643868734370809, type=UNIFORM -> ./input/random_graphs/graph_9000_853814_UNIFORM_6143643868734370809.txt (Time: 3.22s)
✓ Generated graph n=9000, m=853814, seed=5636411189175451024, type=UNIFORM -> ./input/random_graphs/graph_9000_853814_UNIFORM_5636411189175451024.txt (Time: 3.17s)
✓ Generated graph n=9000, m=853814, seed=3272308573967577038, type=UNIFORM -> ./input/random_graphs/graph_9000_853814_UNIFORM_3272308573967577038.txt (Time: 3.22s)
✓ Generated graph n=9000, m=853814, seed=6614505080519948832, type=UNIFORM -> ./input/random_graphs/graph_9000_853814_UNIFORM_6614505080519948832.txt (Time: 3.21s)
✓ Generated graph n=9000, m=853814, seed=5349491008325879064, type=UNIFORM -> ./input/random_graphs/graph_9000_853814_UNIFORM_5349491008325879064.txt (Time: 3.27s)
✓ Generated graph n=9000, m=853814, seed=7938560551762094560, type=UNIFORM -> ./input/random_graphs/graph_9000_853814_UNIFORM_7938560551762094560.txt (Time: 3.23s)
✓ Generated graph n=9000, m=853814, seed=7917045922527545890, type=UNIFORM -> ./input/random_graphs/graph_9000_853814_UNIFORM_7917045922527545890.txt (Time: 3.25s)
✓ Generated graph n=9000, m=853814, seed=4445925461710302877, type=UNIFORM -> ./input/random_graphs/graph_9000_853814_UNIFORM_4445925461710302877.txt (Time: 3.15s)
✓ Generated graph n=9000, m=853814, seed=3865339568260874865, type=UNIFORM -> ./input/random_graphs/graph_9000_853814_UNIFORM_3865339568260874865.txt (Time: 3.20s)
✓ Generated graph n=9000, m=853814, seed=7921282862123281598, type=UNIFORM -> ./input/random_graphs/graph_9000_853814_UNIFORM_7921282862123281598.txt (Time: 3.16s)
✓ Generated graph n=9000, m=853814, seed=6224222471595207695, type=UNIFORM -> ./input/random_graphs/graph_9000_853814_UNIFORM_6224222471595207695.txt (Time: 3.20s)
✓ Generated graph n=9000, m=853814, seed=1128313391724783137, type=UNIFORM -> ./input/random_graphs/graph_9000_853814_UNIFORM_1128313391724783137.txt (Time: 3.12s)
✓ Generated graph n=9000, m=853814, seed=716820155901718944, type=UNIFORM -> ./input/random_graphs/graph_9000_853814_UNIFORM_716820155901718944.txt (Time: 3.12s)
✓ Generated graph n=9000, m=853814, seed=8718380604043999642, type=UNIFORM -> ./input/random_graphs/graph_9000_853814_UNIFORM_8718380604043999642.txt (Time: 3.03s)
✓ Generated graph n=9000, m=853814, seed=5063475852268941542, type=UNIFORM -> ./input/random_graphs/graph_9000_853814_UNIFORM_5063475852268941542.txt (Time: 3.07s)
✓ Generated graph n=9000, m=853814, seed=4997514996153925447, type=UNIFORM -> ./input/random_graphs/graph_9000_853814_UNIFORM_4997514996153925447.txt (Time: 3.11s)
✓ Generated graph n=9000, m=853814, seed=8031431416522537101, type=UNIFORM -> ./input/random_graphs/graph_9000_853814_UNIFORM_8031431416522537101.txt (Time: 4.70s)
✓ Generated graph n=9000, m=853814, seed=8446481348147407377, type=UNIFORM -> ./input/random_graphs/graph_9000_853814_UNIFORM_8446481348147407377.txt (Time: 3.08s)
✓ Generated graph n=9000, m=853814, seed=6529943913552561417, type=UNIFORM -> ./input/random_graphs/graph_9000_853814_UNIFORM_6529943913552561417.txt (Time: 3.08s)
✓ Generated graph n=9000, m=853814, seed=3817405844514670994, type=UNIFORM -> ./input/random_graphs/graph_9000_853814_UNIFORM_3817405844514670994.txt (Time: 3.09s)
✓ Generated graph n=9000, m=853814, seed=2909934787168262407, type=UNIFORM -> ./input/random_graphs/graph_9000_853814_UNIFORM_2909934787168262407.txt (Time: 3.04s)
✓ Generated graph n=9000, m=853814, seed=1170385908854608748, type=UNIFORM -> ./input/random_graphs/graph_9000_853814_UNIFORM_1170385908854608748.txt (Time: 3.08s)
✓ Generated graph n=9000, m=853814, seed=6022436717541034636, type=UNIFORM -> ./input/random_graphs/graph_9000_853814_UNIFORM_6022436717541034636.txt (Time: 3.12s)
✓ Generated graph n=9000, m=853814, seed=199422815561151340, type=UNIFORM -> ./input/random_graphs/graph_9000_853814_UNIFORM_199422815561151340.txt (Time: 3.11s)
✓ Generated graph n=9000, m=853814, seed=3713827327871807734, type=UNIFORM -> ./input/random_graphs/graph_9000_853814_UNIFORM_3713827327871807734.txt (Time: 3.16s)
✓ Generated graph n=9000, m=853814, seed=175493991617213850, type=UNIFORM -> ./input/random_graphs/graph_9000_853814_UNIFORM_175493991617213850.txt (Time: 3.16s)
✓ Generated graph n=9000, m=853814, seed=5108599054664628607, type=UNIFORM -> ./input/random_graphs/graph_9000_853814_UNIFORM_5108599054664628607.txt (Time: 3.17s)
✓ Generated graph n=9000, m=853814, seed=9130666990809746335, type=UNIFORM -> ./input/random_graphs/graph_9000_853814_UNIFORM_9130666990809746335.txt (Time: 3.23s)
✓ Generated graph n=9000, m=853814, seed=6764066939395682287, type=UNIFORM -> ./input/random_graphs/graph_9000_853814_UNIFORM_6764066939395682287.txt (Time: 3.31s)
✓ Generated graph n=9000, m=853814, seed=7644420139408884785, type=UNIFORM -> ./input/random_graphs/graph_9000_853814_UNIFORM_7644420139408884785.txt (Time: 3.24s)
✓ Generated graph n=9000, m=853814, seed=1458186392400727732, type=UNIFORM -> ./input/random_graphs/graph_9000_853814_UNIFORM_1458186392400727732.txt (Time: 3.27s)
✓ Generated graph n=9000, m=853814, seed=4250897495980125004, type=UNIFORM -> ./input/random_graphs/graph_9000_853814_UNIFORM_4250897495980125004.txt (Time: 3.12s)
✓ Generated graph n=9000, m=853814, seed=9060210648189963449, type=UNIFORM -> ./input/random_graphs/graph_9000_853814_UNIFORM_9060210648189963449.txt (Time: 3.23s)
✓ Generated graph n=9000, m=853814, seed=1392892770529522614, type=UNIFORM -> ./input/random_graphs/graph_9000_853814_UNIFORM_1392892770529522614.txt (Time: 3.24s)
✓ Generated graph n=9000, m=853814, seed=2089506265998900862, type=UNIFORM -> ./input/random_graphs/graph_9000_853814_UNIFORM_2089506265998900862.txt (Time: 3.13s)
✓ Generated graph n=9000, m=853814, seed=8794274795737982182, type=UNIFORM -> ./input/random_graphs/graph_9000_853814_UNIFORM_8794274795737982182.txt (Time: 3.18s)
✓ Generated graph n=9000, m=853814, seed=5497874167834979553, type=UNIFORM -> ./input/random_graphs/graph_9000_853814_UNIFORM_5497874167834979553.txt (Time: 3.11s)
✓ Generated graph n=9000, m=853814, seed=4060584409398689268, type=UNIFORM -> ./input/random_graphs/graph_9000_853814_UNIFORM_4060584409398689268.txt (Time: 3.23s)
✓ Generated graph n=9000, m=853814, seed=1332005502874566195, type=UNIFORM -> ./input/random_graphs/graph_9000_853814_UNIFORM_1332005502874566195.txt (Time: 3.16s)
✓ Generated graph n=9000, m=853814, seed=1722224698700348310, type=UNIFORM -> ./input/random_graphs/graph_9000_853814_UNIFORM_1722224698700348310.txt (Time: 3.09s)
✓ Generated graph n=9000, m=853814, seed=8626102704817790064, type=UNIFORM -> ./input/random_graphs/graph_9000_853814_UNIFORM_8626102704817790064.txt (Time: 3.13s)
✓ Generated graph n=9000, m=853814, seed=8448596294177070022, type=UNIFORM -> ./input/random_graphs/graph_9000_853814_UNIFORM_8448596294177070022.txt (Time: 3.15s)
✓ Generated graph n=9000, m=853814, seed=7905487461282246979, type=UNIFORM -> ./input/random_graphs/graph_9000_853814_UNIFORM_7905487461282246979.txt (Time: 3.20s)
✓ Generated graph n=9000, m=853814, seed=4795749165124911768, type=UNIFORM -> ./input/random_graphs/graph_9000_853814_UNIFORM_4795749165124911768.txt (Time: 3.11s)
✓ Generated graph n=9000, m=853814, seed=4934890601268679176, type=UNIFORM -> ./input/random_graphs/graph_9000_853814_UNIFORM_4934890601268679176.txt (Time: 3.13s)
✓ Generated graph n=9000, m=853814, seed=1992204328026194281, type=UNIFORM -> ./input/random_graphs/graph_9000_853814_UNIFORM_1992204328026194281.txt (Time: 3.14s)
✓ Generated graph n=9000, m=853814, seed=7118744415197196276, type=UNIFORM -> ./input/random_graphs/graph_9000_853814_UNIFORM_7118744415197196276.txt (Time: 3.17s)
✓ Generated graph n=9000, m=853814, seed=2718103348384927511, type=UNIFORM -> ./input/random_graphs/graph_9000_853814_UNIFORM_2718103348384927511.txt (Time: 3.07s)
✓ Generated graph n=9000, m=853814, seed=9059990922233379852, type=UNIFORM -> ./input/random_graphs/graph_9000_853814_UNIFORM_9059990922233379852.txt (Time: 3.12s)
✓ Generated graph n=9000, m=853814, seed=7449662661572224354, type=UNIFORM -> ./input/random_graphs/graph_9000_853814_UNIFORM_7449662661572224354.txt (Time: 3.14s)
✓ Generated graph n=9000, m=853814, seed=3221421291694197220, type=UNIFORM -> ./input/random_graphs/graph_9000_853814_UNIFORM_3221421291694197220.txt (Time: 3.12s)
✓ Generated graph n=9000, m=853814, seed=8867616339855336876, type=UNIFORM -> ./input/random_graphs/graph_9000_853814_UNIFORM_8867616339855336876.txt (Time: 3.11s)
✓ Generated graph n=9000, m=853814, seed=5894893360759659423, type=UNIFORM -> ./input/random_graphs/graph_9000_853814_UNIFORM_5894893360759659423.txt (Time: 3.11s)
✓ Generated graph n=9000, m=853814, seed=7983805977214098674, type=UNIFORM -> ./input/random_graphs/graph_9000_853814_UNIFORM_7983805977214098674.txt (Time: 3.14s)
✓ Generated graph n=9000, m=853814, seed=2264398621601381987, type=UNIFORM -> ./input/random_graphs/graph_9000_853814_UNIFORM_2264398621601381987.txt (Time: 3.08s)
✓ Generated graph n=9000, m=853814, seed=7632458674696225362, type=UNIFORM -> ./input/random_graphs/graph_9000_853814_UNIFORM_7632458674696225362.txt (Time: 3.10s)
✓ Generated graph n=10000, m=1000000, seed=6230961512046992311, type=UNIFORM -> ./input/random_graphs/graph_10000_1000000_UNIFORM_6230961512046992311.txt (Time: 3.59s)
✓ Generated graph n=9000, m=853814, seed=4940913311242578590, type=UNIFORM -> ./input/random_graphs/graph_9000_853814_UNIFORM_4940913311242578590.txt (Time: 4.46s)
✓ Generated graph n=10000, m=1000000, seed=7871178979383552919, type=UNIFORM -> ./input/random_graphs/graph_10000_1000000_UNIFORM_7871178979383552919.txt (Time: 3.75s)
✓ Generated graph n=10000, m=1000000, seed=5739955973604961613, type=UNIFORM -> ./input/random_graphs/graph_10000_1000000_UNIFORM_5739955973604961613.txt (Time: 3.76s)
✓ Generated graph n=10000, m=1000000, seed=6522163754831416203, type=UNIFORM -> ./input/random_graphs/graph_10000_1000000_UNIFORM_6522163754831416203.txt (Time: 3.65s)
✓ Generated graph n=10000, m=1000000, seed=3881801951614183357, type=UNIFORM -> ./input/random_graphs/graph_10000_1000000_UNIFORM_3881801951614183357.txt (Time: 3.78s)
✓ Generated graph n=10000, m=1000000, seed=1070244953599069350, type=UNIFORM -> ./input/random_graphs/graph_10000_1000000_UNIFORM_1070244953599069350.txt (Time: 3.69s)
✓ Generated graph n=10000, m=1000000, seed=7032710160631691991, type=UNIFORM -> ./input/random_graphs/graph_10000_1000000_UNIFORM_7032710160631691991.txt (Time: 3.80s)
✓ Generated graph n=10000, m=1000000, seed=7599700178212337699, type=UNIFORM -> ./input/random_graphs/graph_10000_1000000_UNIFORM_7599700178212337699.txt (Time: 3.81s)
✓ Generated graph n=10000, m=1000000, seed=1353182403971399009, type=UNIFORM -> ./input/random_graphs/graph_10000_1000000_UNIFORM_1353182403971399009.txt (Time: 3.81s)
✓ Generated graph n=10000, m=1000000, seed=6938562734920028532, type=UNIFORM -> ./input/random_graphs/graph_10000_1000000_UNIFORM_6938562734920028532.txt (Time: 3.77s)
✓ Generated graph n=10000, m=1000000, seed=4040737767143389431, type=UNIFORM -> ./input/random_graphs/graph_10000_1000000_UNIFORM_4040737767143389431.txt (Time: 3.66s)
✓ Generated graph n=10000, m=1000000, seed=1250005700364523649, type=UNIFORM -> ./input/random_graphs/graph_10000_1000000_UNIFORM_1250005700364523649.txt (Time: 3.75s)
✓ Generated graph n=10000, m=1000000, seed=1309542850049879452, type=UNIFORM -> ./input/random_graphs/graph_10000_1000000_UNIFORM_1309542850049879452.txt (Time: 3.77s)
✓ Generated graph n=10000, m=1000000, seed=2429002973740178792, type=UNIFORM -> ./input/random_graphs/graph_10000_1000000_UNIFORM_2429002973740178792.txt (Time: 3.75s)
✓ Generated graph n=10000, m=1000000, seed=7663871783842725848, type=UNIFORM -> ./input/random_graphs/graph_10000_1000000_UNIFORM_7663871783842725848.txt (Time: 3.73s)
✓ Generated graph n=10000, m=1000000, seed=320375091487821987, type=UNIFORM -> ./input/random_graphs/graph_10000_1000000_UNIFORM_320375091487821987.txt (Time: 3.71s)
✓ Generated graph n=10000, m=1000000, seed=5906957480796939447, type=UNIFORM -> ./input/random_graphs/graph_10000_1000000_UNIFORM_5906957480796939447.txt (Time: 3.75s)
✓ Generated graph n=10000, m=1000000, seed=1250773459040295677, type=UNIFORM -> ./input/random_graphs/graph_10000_1000000_UNIFORM_1250773459040295677.txt (Time: 3.68s)
✓ Generated graph n=10000, m=1000000, seed=7146860528564146064, type=UNIFORM -> ./input/random_graphs/graph_10000_1000000_UNIFORM_7146860528564146064.txt (Time: 3.68s)
✓ Generated graph n=10000, m=1000000, seed=3438400432146115956, type=UNIFORM -> ./input/random_graphs/graph_10000_1000000_UNIFORM_3438400432146115956.txt (Time: 3.61s)
✓ Generated graph n=10000, m=1000000, seed=7473196763798409428, type=UNIFORM -> ./input/random_graphs/graph_10000_1000000_UNIFORM_7473196763798409428.txt (Time: 3.71s)
✓ Generated graph n=10000, m=1000000, seed=5139481885857321791, type=UNIFORM -> ./input/random_graphs/graph_10000_1000000_UNIFORM_5139481885857321791.txt (Time: 3.71s)
✓ Generated graph n=10000, m=1000000, seed=5142811650494845597, type=UNIFORM -> ./input/random_graphs/graph_10000_1000000_UNIFORM_5142811650494845597.txt (Time: 3.69s)
✓ Generated graph n=10000, m=1000000, seed=3010622984418968408, type=UNIFORM -> ./input/random_graphs/graph_10000_1000000_UNIFORM_3010622984418968408.txt (Time: 3.68s)
✓ Generated graph n=10000, m=1000000, seed=6002685213311538187, type=UNIFORM -> ./input/random_graphs/graph_10000_1000000_UNIFORM_6002685213311538187.txt (Time: 3.73s)
✓ Generated graph n=10000, m=1000000, seed=5708372698381010775, type=UNIFORM -> ./input/random_graphs/graph_10000_1000000_UNIFORM_5708372698381010775.txt (Time: 3.64s)
✓ Generated graph n=10000, m=1000000, seed=521787134863155063, type=UNIFORM -> ./input/random_graphs/graph_10000_1000000_UNIFORM_521787134863155063.txt (Time: 3.64s)
✓ Generated graph n=10000, m=1000000, seed=1731523882129807996, type=UNIFORM -> ./input/random_graphs/graph_10000_1000000_UNIFORM_1731523882129807996.txt (Time: 3.48s)
✓ Generated graph n=10000, m=1000000, seed=1853590723603270879, type=UNIFORM -> ./input/random_graphs/graph_10000_1000000_UNIFORM_1853590723603270879.txt (Time: 3.53s)
✓ Generated graph n=10000, m=1000000, seed=7029781962072644698, type=UNIFORM -> ./input/random_graphs/graph_10000_1000000_UNIFORM_7029781962072644698.txt (Time: 3.81s)
✓ Generated graph n=10000, m=1000000, seed=5529616217668449934, type=UNIFORM -> ./input/random_graphs/graph_10000_1000000_UNIFORM_5529616217668449934.txt (Time: 3.62s)
✓ Generated graph n=10000, m=1000000, seed=6785030173969523435, type=UNIFORM -> ./input/random_graphs/graph_10000_1000000_UNIFORM_6785030173969523435.txt (Time: 3.65s)
✓ Generated graph n=10000, m=1000000, seed=3224265581699847191, type=UNIFORM -> ./input/random_graphs/graph_10000_1000000_UNIFORM_3224265581699847191.txt (Time: 3.64s)
✓ Generated graph n=10000, m=1000000, seed=1647170069535670909, type=UNIFORM -> ./input/random_graphs/graph_10000_1000000_UNIFORM_1647170069535670909.txt (Time: 3.63s)
✓ Generated graph n=10000, m=1000000, seed=1024517563182776983, type=UNIFORM -> ./input/random_graphs/graph_10000_1000000_UNIFORM_1024517563182776983.txt (Time: 3.83s)
✓ Generated graph n=10000, m=1000000, seed=5258051056098597521, type=UNIFORM -> ./input/random_graphs/graph_10000_1000000_UNIFORM_5258051056098597521.txt (Time: 3.82s)
✓ Generated graph n=10000, m=1000000, seed=4122784633514911760, type=UNIFORM -> ./input/random_graphs/graph_10000_1000000_UNIFORM_4122784633514911760.txt (Time: 3.82s)
✓ Generated graph n=10000, m=1000000, seed=824387247617288499, type=UNIFORM -> ./input/random_graphs/graph_10000_1000000_UNIFORM_824387247617288499.txt (Time: 3.84s)
✓ Generated graph n=10000, m=1000000, seed=7706236040662210848, type=UNIFORM -> ./input/random_graphs/graph_10000_1000000_UNIFORM_7706236040662210848.txt (Time: 3.84s)
✓ Generated graph n=10000, m=1000000, seed=7161906730445628483, type=UNIFORM -> ./input/random_graphs/graph_10000_1000000_UNIFORM_7161906730445628483.txt (Time: 3.75s)
✓ Generated graph n=10000, m=1000000, seed=1632192924771168275, type=UNIFORM -> ./input/random_graphs/graph_10000_1000000_UNIFORM_1632192924771168275.txt (Time: 3.80s)
✓ Generated graph n=10000, m=1000000, seed=6802378520969450157, type=UNIFORM -> ./input/random_graphs/graph_10000_1000000_UNIFORM_6802378520969450157.txt (Time: 3.72s)
✓ Generated graph n=10000, m=1000000, seed=4552998297316576788, type=UNIFORM -> ./input/random_graphs/graph_10000_1000000_UNIFORM_4552998297316576788.txt (Time: 3.75s)
✓ Generated graph n=10000, m=1000000, seed=8031431416522537101, type=UNIFORM -> ./input/random_graphs/graph_10000_1000000_UNIFORM_8031431416522537101.txt (Time: 3.70s)
✓ Generated graph n=10000, m=1000000, seed=6143643868734370809, type=UNIFORM -> ./input/random_graphs/graph_10000_1000000_UNIFORM_6143643868734370809.txt (Time: 3.75s)
✓ Generated graph n=10000, m=1000000, seed=3272308573967577038, type=UNIFORM -> ./input/random_graphs/graph_10000_1000000_UNIFORM_3272308573967577038.txt (Time: 3.78s)
✓ Generated graph n=10000, m=1000000, seed=5636411189175451024, type=UNIFORM -> ./input/random_graphs/graph_10000_1000000_UNIFORM_5636411189175451024.txt (Time: 3.72s)
✓ Generated graph n=10000, m=1000000, seed=6614505080519948832, type=UNIFORM -> ./input/random_graphs/graph_10000_1000000_UNIFORM_6614505080519948832.txt (Time: 3.71s)
✓ Generated graph n=10000, m=1000000, seed=5349491008325879064, type=UNIFORM -> ./input/random_graphs/graph_10000_1000000_UNIFORM_5349491008325879064.txt (Time: 3.78s)
✓ Generated graph n=10000, m=1000000, seed=7938560551762094560, type=UNIFORM -> ./input/random_graphs/graph_10000_1000000_UNIFORM_7938560551762094560.txt (Time: 3.70s)
✓ Generated graph n=10000, m=1000000, seed=7917045922527545890, type=UNIFORM -> ./input/random_graphs/graph_10000_1000000_UNIFORM_7917045922527545890.txt (Time: 3.73s)
✓ Generated graph n=10000, m=1000000, seed=4445925461710302877, type=UNIFORM -> ./input/random_graphs/graph_10000_1000000_UNIFORM_4445925461710302877.txt (Time: 3.69s)
✓ Generated graph n=10000, m=1000000, seed=7921282862123281598, type=UNIFORM -> ./input/random_graphs/graph_10000_1000000_UNIFORM_7921282862123281598.txt (Time: 3.70s)
✓ Generated graph n=10000, m=1000000, seed=3865339568260874865, type=UNIFORM -> ./input/random_graphs/graph_10000_1000000_UNIFORM_3865339568260874865.txt (Time: 3.81s)
✓ Generated graph n=10000, m=1000000, seed=1128313391724783137, type=UNIFORM -> ./input/random_graphs/graph_10000_1000000_UNIFORM_1128313391724783137.txt (Time: 3.75s)
✓ Generated graph n=10000, m=1000000, seed=8718380604043999642, type=UNIFORM -> ./input/random_graphs/graph_10000_1000000_UNIFORM_8718380604043999642.txt (Time: 3.54s)
✓ Generated graph n=10000, m=1000000, seed=6224222471595207695, type=UNIFORM -> ./input/random_graphs/graph_10000_1000000_UNIFORM_6224222471595207695.txt (Time: 3.76s)
✓ Generated graph n=10000, m=1000000, seed=716820155901718944, type=UNIFORM -> ./input/random_graphs/graph_10000_1000000_UNIFORM_716820155901718944.txt (Time: 3.73s)
✓ Generated graph n=10000, m=1000000, seed=5063475852268941542, type=UNIFORM -> ./input/random_graphs/graph_10000_1000000_UNIFORM_5063475852268941542.txt (Time: 3.57s)
✓ Generated graph n=10000, m=1000000, seed=3817405844514670994, type=UNIFORM -> ./input/random_graphs/graph_10000_1000000_UNIFORM_3817405844514670994.txt (Time: 3.58s)
✓ Generated graph n=10000, m=1000000, seed=6529943913552561417, type=UNIFORM -> ./input/random_graphs/graph_10000_1000000_UNIFORM_6529943913552561417.txt (Time: 3.59s)
✓ Generated graph n=10000, m=1000000, seed=2909934787168262407, type=UNIFORM -> ./input/random_graphs/graph_10000_1000000_UNIFORM_2909934787168262407.txt (Time: 3.58s)
✓ Generated graph n=10000, m=1000000, seed=4997514996153925447, type=UNIFORM -> ./input/random_graphs/graph_10000_1000000_UNIFORM_4997514996153925447.txt (Time: 3.82s)
✓ Generated graph n=10000, m=1000000, seed=8446481348147407377, type=UNIFORM -> ./input/random_graphs/graph_10000_1000000_UNIFORM_8446481348147407377.txt (Time: 3.79s)
✓ Generated graph n=10000, m=1000000, seed=5108599054664628607, type=UNIFORM -> ./input/random_graphs/graph_10000_1000000_UNIFORM_5108599054664628607.txt (Time: 3.62s)
✓ Generated graph n=10000, m=1000000, seed=1170385908854608748, type=UNIFORM -> ./input/random_graphs/graph_10000_1000000_UNIFORM_1170385908854608748.txt (Time: 3.81s)
✓ Generated graph n=10000, m=1000000, seed=6022436717541034636, type=UNIFORM -> ./input/random_graphs/graph_10000_1000000_UNIFORM_6022436717541034636.txt (Time: 3.81s)
✓ Generated graph n=10000, m=1000000, seed=199422815561151340, type=UNIFORM -> ./input/random_graphs/graph_10000_1000000_UNIFORM_199422815561151340.txt (Time: 3.86s)
✓ Generated graph n=10000, m=1000000, seed=3713827327871807734, type=UNIFORM -> ./input/random_graphs/graph_10000_1000000_UNIFORM_3713827327871807734.txt (Time: 3.85s)
✓ Generated graph n=10000, m=1000000, seed=6764066939395682287, type=UNIFORM -> ./input/random_graphs/graph_10000_1000000_UNIFORM_6764066939395682287.txt (Time: 3.86s)
✓ Generated graph n=10000, m=1000000, seed=7644420139408884785, type=UNIFORM -> ./input/random_graphs/graph_10000_1000000_UNIFORM_7644420139408884785.txt (Time: 3.69s)
✓ Generated graph n=10000, m=1000000, seed=9130666990809746335, type=UNIFORM -> ./input/random_graphs/graph_10000_1000000_UNIFORM_9130666990809746335.txt (Time: 3.77s)
✓ Generated graph n=10000, m=1000000, seed=1458186392400727732, type=UNIFORM -> ./input/random_graphs/graph_10000_1000000_UNIFORM_1458186392400727732.txt (Time: 3.77s)
✓ Generated graph n=10000, m=1000000, seed=9060210648189963449, type=UNIFORM -> ./input/random_graphs/graph_10000_1000000_UNIFORM_9060210648189963449.txt (Time: 3.71s)
✓ Generated graph n=10000, m=1000000, seed=1392892770529522614, type=UNIFORM -> ./input/random_graphs/graph_10000_1000000_UNIFORM_1392892770529522614.txt (Time: 3.79s)
✓ Generated graph n=10000, m=1000000, seed=4250897495980125004, type=UNIFORM -> ./input/random_graphs/graph_10000_1000000_UNIFORM_4250897495980125004.txt (Time: 3.69s)
✓ Generated graph n=10000, m=1000000, seed=2089506265998900862, type=UNIFORM -> ./input/random_graphs/graph_10000_1000000_UNIFORM_2089506265998900862.txt (Time: 3.69s)
✓ Generated graph n=10000, m=1000000, seed=5497874167834979553, type=UNIFORM -> ./input/random_graphs/graph_10000_1000000_UNIFORM_5497874167834979553.txt (Time: 3.70s)
✓ Generated graph n=10000, m=1000000, seed=8794274795737982182, type=UNIFORM -> ./input/random_graphs/graph_10000_1000000_UNIFORM_8794274795737982182.txt (Time: 3.74s)
✓ Generated graph n=10000, m=1000000, seed=4060584409398689268, type=UNIFORM -> ./input/random_graphs/graph_10000_1000000_UNIFORM_4060584409398689268.txt (Time: 3.61s)
✓ Generated graph n=10000, m=1000000, seed=175493991617213850, type=UNIFORM -> ./input/random_graphs/graph_10000_1000000_UNIFORM_175493991617213850.txt (Time: 4.88s)
✓ Generated graph n=10000, m=1000000, seed=1332005502874566195, type=UNIFORM -> ./input/random_graphs/graph_10000_1000000_UNIFORM_1332005502874566195.txt (Time: 3.57s)
✓ Generated graph n=10000, m=1000000, seed=1722224698700348310, type=UNIFORM -> ./input/random_graphs/graph_10000_1000000_UNIFORM_1722224698700348310.txt (Time: 3.58s)
✓ Generated graph n=10000, m=1000000, seed=8626102704817790064, type=UNIFORM -> ./input/random_graphs/graph_10000_1000000_UNIFORM_8626102704817790064.txt (Time: 3.57s)
✓ Generated graph n=10000, m=1000000, seed=8448596294177070022, type=UNIFORM -> ./input/random_graphs/graph_10000_1000000_UNIFORM_8448596294177070022.txt (Time: 3.49s)
✓ Generated graph n=10000, m=1000000, seed=7905487461282246979, type=UNIFORM -> ./input/random_graphs/graph_10000_1000000_UNIFORM_7905487461282246979.txt (Time: 3.55s)
✓ Generated graph n=10000, m=1000000, seed=4795749165124911768, type=UNIFORM -> ./input/random_graphs/graph_10000_1000000_UNIFORM_4795749165124911768.txt (Time: 3.57s)
✓ Generated graph n=10000, m=1000000, seed=4934890601268679176, type=UNIFORM -> ./input/random_graphs/graph_10000_1000000_UNIFORM_4934890601268679176.txt (Time: 3.57s)
✓ Generated graph n=10000, m=1000000, seed=1992204328026194281, type=UNIFORM -> ./input/random_graphs/graph_10000_1000000_UNIFORM_1992204328026194281.txt (Time: 3.49s)
✓ Generated graph n=10000, m=1000000, seed=7118744415197196276, type=UNIFORM -> ./input/random_graphs/graph_10000_1000000_UNIFORM_7118744415197196276.txt (Time: 3.34s)
✓ Generated graph n=10000, m=1000000, seed=9059990922233379852, type=UNIFORM -> ./input/random_graphs/graph_10000_1000000_UNIFORM_9059990922233379852.txt (Time: 3.34s)
✓ Generated graph n=10000, m=1000000, seed=2718103348384927511, type=UNIFORM -> ./input/random_graphs/graph_10000_1000000_UNIFORM_2718103348384927511.txt (Time: 3.34s)
✓ Generated graph n=10000, m=1000000, seed=7449662661572224354, type=UNIFORM -> ./input/random_graphs/graph_10000_1000000_UNIFORM_7449662661572224354.txt (Time: 3.35s)
✓ Generated graph n=10000, m=1000000, seed=3221421291694197220, type=UNIFORM -> ./input/random_graphs/graph_10000_1000000_UNIFORM_3221421291694197220.txt (Time: 3.35s)
✓ Generated graph n=10000, m=1000000, seed=5894893360759659423, type=UNIFORM -> ./input/random_graphs/graph_10000_1000000_UNIFORM_5894893360759659423.txt (Time: 3.28s)
✓ Generated graph n=10000, m=1000000, seed=8867616339855336876, type=UNIFORM -> ./input/random_graphs/graph_10000_1000000_UNIFORM_8867616339855336876.txt (Time: 3.36s)
✓ Generated graph n=10000, m=1000000, seed=7983805977214098674, type=UNIFORM -> ./input/random_graphs/graph_10000_1000000_UNIFORM_7983805977214098674.txt (Time: 3.35s)
✓ Generated graph n=10000, m=1000000, seed=2264398621601381987, type=UNIFORM -> ./input/random_graphs/graph_10000_1000000_UNIFORM_2264398621601381987.txt (Time: 3.36s)
✓ Generated graph n=10000, m=1000000, seed=4940913311242578590, type=UNIFORM -> ./input/random_graphs/graph_10000_1000000_UNIFORM_4940913311242578590.txt (Time: 3.40s)
✓ Generated graph n=10000, m=1000000, seed=7632458674696225362, type=UNIFORM -> ./input/random_graphs/graph_10000_1000000_UNIFORM_7632458674696225362.txt (Time: 3.34s)

Graph generation completed in 68.21 seconds
Successful: 3500
Failed: 0
Total: 3500
