Processing graphs for 35 (n,m) pairs with 100 iterations each
Total graphs to process: 3500
Using 25 parallel processes
Graph type: UNIFORM
Sparsity: 4
HDD cache location: /media/HDD/Projects/ExpDFS/
Working directory: /home/shahbazk/Projects/DFS_Semi_Streaming/input/random_graphs
Validation failures will be logged to: /media/HDD/Projects/ExpDFS/validation_failures.log

📦 COPIED from HDD: /media/HDD/Projects/ExpDFS/graph_10_45_UNIFORM_3881801951614183357.txt -> /home/shahbazk/Projects/DFS_Semi_Streaming/input/random_graphs/graph_10_45_UNIFORM_3881801951614183357.txt (Time: 0.00s)
📦 COPIED from HDD: /media/HDD/Projects/ExpDFS/graph_10_45_UNIFORM_5739955973604961613.txt -> /home/shahbazk/Projects/DFS_Semi_Streaming/input/random_graphs/graph_10_45_UNIFORM_5739955973604961613.txt (Time: 0.00s)
📦 COPIED from HDD: /media/HDD/Projects/ExpDFS/graph_10_45_UNIFORM_7871178979383552919.txt -> /home/shahbazk/Projects/DFS_Semi_Streaming/input/random_graphs/graph_10_45_UNIFORM_7871178979383552919.txt (Time: 0.00s)
📦 COPIED from HDD: /media/HDD/Projects/ExpDFS/graph_10_45_UNIFORM_6230961512046992311.txt -> /home/shahbazk/Projects/DFS_Semi_Streaming/input/random_graphs/graph_10_45_UNIFORM_6230961512046992311.txt (Time: 0.00s)
📦 COPIED from HDD: /media/HDD/Projects/ExpDFS/graph_10_45_UNIFORM_521787134863155063.txt -> /home/shahbazk/Projects/DFS_Semi_Streaming/input/random_graphs/graph_10_45_UNIFORM_521787134863155063.txt (Time: 0.00s)
📦 COPIED from HDD: /media/HDD/Projects/ExpDFS/graph_10_45_UNIFORM_1731523882129807996.txt -> /home/shahbazk/Projects/DFS_Semi_Streaming/input/random_graphs/graph_10_45_UNIFORM_1731523882129807996.txt (Time: 0.00s)
📦 COPIED from HDD: /media/HDD/Projects/ExpDFS/graph_10_45_UNIFORM_1853590723603270879.txt -> /home/shahbazk/Projects/DFS_Semi_Streaming/input/random_graphs/graph_10_45_UNIFORM_1853590723603270879.txt (Time: 0.00s)
📦 COPIED from HDD: /media/HDD/Projects/ExpDFS/graph_10_45_UNIFORM_7146860528564146064.txt -> /home/shahbazk/Projects/DFS_Semi_Streaming/input/random_graphs/graph_10_45_UNIFORM_7146860528564146064.txt (Time: 0.00s)
📦 COPIED from HDD: /media/HDD/Projects/ExpDFS/graph_10_45_UNIFORM_7473196763798409428.txt -> /home/shahbazk/Projects/DFS_Semi_Streaming/input/random_graphs/graph_10_45_UNIFORM_7473196763798409428.txt (Time: 0.00s)
📦 COPIED from HDD: /media/HDD/Projects/ExpDFS/graph_10_45_UNIFORM_1070244953599069350.txt -> /home/shahbazk/Projects/DFS_Semi_Streaming/input/random_graphs/graph_10_45_UNIFORM_1070244953599069350.txt (Time: 0.00s)
📦 COPIED from HDD: /media/HDD/Projects/ExpDFS/graph_10_45_UNIFORM_7032710160631691991.txt -> /home/shahbazk/Projects/DFS_Semi_Streaming/input/random_graphs/graph_10_45_UNIFORM_7032710160631691991.txt (Time: 0.00s)
📦 COPIED from HDD: /media/HDD/Projects/ExpDFS/graph_10_45_UNIFORM_6522163754831416203.txt -> /home/shahbazk/Projects/DFS_Semi_Streaming/input/random_graphs/graph_10_45_UNIFORM_6522163754831416203.txt (Time: 0.00s)
📦 COPIED from HDD: /media/HDD/Projects/ExpDFS/graph_10_45_UNIFORM_5708372698381010775.txt -> /home/shahbazk/Projects/DFS_Semi_Streaming/input/random_graphs/graph_10_45_UNIFORM_5708372698381010775.txt (Time: 0.00s)
📦 COPIED from HDD: /media/HDD/Projects/ExpDFS/graph_10_45_UNIFORM_5142811650494845597.txt -> /home/shahbazk/Projects/DFS_Semi_Streaming/input/random_graphs/graph_10_45_UNIFORM_5142811650494845597.txt (Time: 0.00s)
📦 COPIED from HDD: /media/HDD/Projects/ExpDFS/graph_10_45_UNIFORM_7599700178212337699.txt -> /home/shahbazk/Projects/DFS_Semi_Streaming/input/random_graphs/graph_10_45_UNIFORM_7599700178212337699.txt (Time: 0.00s)
📦 COPIED from HDD: /media/HDD/Projects/ExpDFS/graph_10_45_UNIFORM_1353182403971399009.txt -> /home/shahbazk/Projects/DFS_Semi_Streaming/input/random_graphs/graph_10_45_UNIFORM_1353182403971399009.txt (Time: 0.00s)
📦 COPIED from HDD: /media/HDD/Projects/ExpDFS/graph_10_45_UNIFORM_3010622984418968408.txt -> /home/shahbazk/Projects/DFS_Semi_Streaming/input/random_graphs/graph_10_45_UNIFORM_3010622984418968408.txt (Time: 0.00s)
📦 COPIED from HDD: /media/HDD/Projects/ExpDFS/graph_10_45_UNIFORM_6938562734920028532.txt -> /home/shahbazk/Projects/DFS_Semi_Streaming/input/random_graphs/graph_10_45_UNIFORM_6938562734920028532.txt (Time: 0.00s)
📦 COPIED from HDD: /media/HDD/Projects/ExpDFS/graph_10_45_UNIFORM_5906957480796939447.txt -> /home/shahbazk/Projects/DFS_Semi_Streaming/input/random_graphs/graph_10_45_UNIFORM_5906957480796939447.txt (Time: 0.00s)
📦 COPIED from HDD: /media/HDD/Projects/ExpDFS/graph_10_45_UNIFORM_1250773459040295677.txt -> /home/shahbazk/Projects/DFS_Semi_Streaming/input/random_graphs/graph_10_45_UNIFORM_1250773459040295677.txt (Time: 0.00s)
📦 COPIED from HDD: /media/HDD/Projects/ExpDFS/graph_10_45_UNIFORM_7663871783842725848.txt -> /home/shahbazk/Projects/DFS_Semi_Streaming/input/random_graphs/graph_10_45_UNIFORM_7663871783842725848.txt (Time: 0.00s)
📦 COPIED from HDD: /media/HDD/Projects/ExpDFS/graph_10_45_UNIFORM_1250005700364523649.txt -> /home/shahbazk/Projects/DFS_Semi_Streaming/input/random_graphs/graph_10_45_UNIFORM_1250005700364523649.txt (Time: 0.00s)
📦 COPIED from HDD: /media/HDD/Projects/ExpDFS/graph_10_45_UNIFORM_4040737767143389431.txt -> /home/shahbazk/Projects/DFS_Semi_Streaming/input/random_graphs/graph_10_45_UNIFORM_4040737767143389431.txt (Time: 0.00s)
📦 COPIED from HDD: /media/HDD/Projects/ExpDFS/graph_10_45_UNIFORM_1309542850049879452.txt -> /home/shahbazk/Projects/DFS_Semi_Streaming/input/random_graphs/graph_10_45_UNIFORM_1309542850049879452.txt (Time: 0.00s)
📦 COPIED from HDD: /media/HDD/Projects/ExpDFS/graph_10_45_UNIFORM_6002685213311538187.txt -> /home/shahbazk/Projects/DFS_Semi_Streaming/input/random_graphs/graph_10_45_UNIFORM_6002685213311538187.txt (Time: 0.00s)
📦 COPIED from HDD: /media/HDD/Projects/ExpDFS/graph_10_45_UNIFORM_5139481885857321791.txt -> /home/shahbazk/Projects/DFS_Semi_Streaming/input/random_graphs/graph_10_45_UNIFORM_5139481885857321791.txt (Time: 0.00s)
📦 COPIED from HDD: /media/HDD/Projects/ExpDFS/graph_10_45_UNIFORM_2429002973740178792.txt -> /home/shahbazk/Projects/DFS_Semi_Streaming/input/random_graphs/graph_10_45_UNIFORM_2429002973740178792.txt (Time: 0.00s)
📦 COPIED from HDD: /media/HDD/Projects/ExpDFS/graph_10_45_UNIFORM_6785030173969523435.txt -> /home/shahbazk/Projects/DFS_Semi_Streaming/input/random_graphs/graph_10_45_UNIFORM_6785030173969523435.txt (Time: 0.00s)
📦 COPIED from HDD: /media/HDD/Projects/ExpDFS/graph_10_45_UNIFORM_5529616217668449934.txt -> /home/shahbazk/Projects/DFS_Semi_Streaming/input/random_graphs/graph_10_45_UNIFORM_5529616217668449934.txt (Time: 0.00s)
📦 COPIED from HDD: /media/HDD/Projects/ExpDFS/graph_10_45_UNIFORM_1024517563182776983.txt -> /home/shahbazk/Projects/DFS_Semi_Streaming/input/random_graphs/graph_10_45_UNIFORM_1024517563182776983.txt (Time: 0.00s)
📦 COPIED from HDD: /media/HDD/Projects/ExpDFS/graph_10_45_UNIFORM_7029781962072644698.txt -> /home/shahbazk/Projects/DFS_Semi_Streaming/input/random_graphs/graph_10_45_UNIFORM_7029781962072644698.txt (Time: 0.00s)
📦 COPIED from HDD: /media/HDD/Projects/ExpDFS/graph_10_45_UNIFORM_3438400432146115956.txt -> /home/shahbazk/Projects/DFS_Semi_Streaming/input/random_graphs/graph_10_45_UNIFORM_3438400432146115956.txt (Time: 0.00s)
📦 COPIED from HDD: /media/HDD/Projects/ExpDFS/graph_10_45_UNIFORM_320375091487821987.txt -> /home/shahbazk/Projects/DFS_Semi_Streaming/input/random_graphs/graph_10_45_UNIFORM_320375091487821987.txt (Time: 0.00s)
📦 COPIED from HDD: /media/HDD/Projects/ExpDFS/graph_10_45_UNIFORM_3224265581699847191.txt -> /home/shahbazk/Projects/DFS_Semi_Streaming/input/random_graphs/graph_10_45_UNIFORM_3224265581699847191.txt (Time: 0.00s)
📦 COPIED from HDD: /media/HDD/Projects/ExpDFS/graph_10_45_UNIFORM_5258051056098597521.txt -> /home/shahbazk/Projects/DFS_Semi_Streaming/input/random_graphs/graph_10_45_UNIFORM_5258051056098597521.txt (Time: 0.00s)
📦 COPIED from HDD: /media/HDD/Projects/ExpDFS/graph_10_45_UNIFORM_1647170069535670909.txt -> /home/shahbazk/Projects/DFS_Semi_Streaming/input/random_graphs/graph_10_45_UNIFORM_1647170069535670909.txt (Time: 0.00s)
📦 COPIED from HDD: /media/HDD/Projects/ExpDFS/graph_10_45_UNIFORM_8031431416522537101.txt -> /home/shahbazk/Projects/DFS_Semi_Streaming/input/random_graphs/graph_10_45_UNIFORM_8031431416522537101.txt (Time: 0.00s)
📦 COPIED from HDD: /media/HDD/Projects/ExpDFS/graph_10_45_UNIFORM_6802378520969450157.txt -> /home/shahbazk/Projects/DFS_Semi_Streaming/input/random_graphs/graph_10_45_UNIFORM_6802378520969450157.txt (Time: 0.00s)
📦 COPIED from HDD: /media/HDD/Projects/ExpDFS/graph_10_45_UNIFORM_1632192924771168275.txt -> /home/shahbazk/Projects/DFS_Semi_Streaming/input/random_graphs/graph_10_45_UNIFORM_1632192924771168275.txt (Time: 0.00s)
📦 COPIED from HDD: /media/HDD/Projects/ExpDFS/graph_10_45_UNIFORM_4122784633514911760.txt -> /home/shahbazk/Projects/DFS_Semi_Streaming/input/random_graphs/graph_10_45_UNIFORM_4122784633514911760.txt (Time: 0.00s)
📦 COPIED from HDD: /media/HDD/Projects/ExpDFS/graph_10_45_UNIFORM_824387247617288499.txt -> /home/shahbazk/Projects/DFS_Semi_Streaming/input/random_graphs/graph_10_45_UNIFORM_824387247617288499.txt (Time: 0.00s)
📦 COPIED from HDD: /media/HDD/Projects/ExpDFS/graph_10_45_UNIFORM_4552998297316576788.txt -> /home/shahbazk/Projects/DFS_Semi_Streaming/input/random_graphs/graph_10_45_UNIFORM_4552998297316576788.txt (Time: 0.00s)
📦 COPIED from HDD: /media/HDD/Projects/ExpDFS/graph_10_45_UNIFORM_7706236040662210848.txt -> /home/shahbazk/Projects/DFS_Semi_Streaming/input/random_graphs/graph_10_45_UNIFORM_7706236040662210848.txt (Time: 0.00s)
📦 COPIED from HDD: /media/HDD/Projects/ExpDFS/graph_10_45_UNIFORM_7161906730445628483.txt -> /home/shahbazk/Projects/DFS_Semi_Streaming/input/random_graphs/graph_10_45_UNIFORM_7161906730445628483.txt (Time: 0.00s)
📦 COPIED from HDD: /media/HDD/Projects/ExpDFS/graph_10_45_UNIFORM_3865339568260874865.txt -> /home/shahbazk/Projects/DFS_Semi_Streaming/input/random_graphs/graph_10_45_UNIFORM_3865339568260874865.txt (Time: 0.00s)
📦 COPIED from HDD: /media/HDD/Projects/ExpDFS/graph_10_45_UNIFORM_5349491008325879064.txt -> /home/shahbazk/Projects/DFS_Semi_Streaming/input/random_graphs/graph_10_45_UNIFORM_5349491008325879064.txt (Time: 0.00s)
📦 COPIED from HDD: /media/HDD/Projects/ExpDFS/graph_10_45_UNIFORM_3272308573967577038.txt -> /home/shahbazk/Projects/DFS_Semi_Streaming/input/random_graphs/graph_10_45_UNIFORM_3272308573967577038.txt (Time: 0.00s)
📦 COPIED from HDD: /media/HDD/Projects/ExpDFS/graph_10_45_UNIFORM_6614505080519948832.txt -> /home/shahbazk/Projects/DFS_Semi_Streaming/input/random_graphs/graph_10_45_UNIFORM_6614505080519948832.txt (Time: 0.00s)
📦 COPIED from HDD: /media/HDD/Projects/ExpDFS/graph_10_45_UNIFORM_5636411189175451024.txt -> /home/shahbazk/Projects/DFS_Semi_Streaming/input/random_graphs/graph_10_45_UNIFORM_5636411189175451024.txt (Time: 0.00s)
📦 COPIED from HDD: /media/HDD/Projects/ExpDFS/graph_10_45_UNIFORM_7917045922527545890.txt -> /home/shahbazk/Projects/DFS_Semi_Streaming/input/random_graphs/graph_10_45_UNIFORM_7917045922527545890.txt (Time: 0.00s)
📦 COPIED from HDD: /media/HDD/Projects/ExpDFS/graph_10_45_UNIFORM_4445925461710302877.txt -> /home/shahbazk/Projects/DFS_Semi_Streaming/input/random_graphs/graph_10_45_UNIFORM_4445925461710302877.txt (Time: 0.00s)
📦 COPIED from HDD: /media/HDD/Projects/ExpDFS/graph_10_45_UNIFORM_6143643868734370809.txt -> /home/shahbazk/Projects/DFS_Semi_Streaming/input/random_graphs/graph_10_45_UNIFORM_6143643868734370809.txt (Time: 0.00s)
📦 COPIED from HDD: /media/HDD/Projects/ExpDFS/graph_10_45_UNIFORM_7938560551762094560.txt -> /home/shahbazk/Projects/DFS_Semi_Streaming/input/random_graphs/graph_10_45_UNIFORM_7938560551762094560.txt (Time: 0.00s)
📦 COPIED from HDD: /media/HDD/Projects/ExpDFS/graph_10_45_UNIFORM_716820155901718944.txt -> /home/shahbazk/Projects/DFS_Semi_Streaming/input/random_graphs/graph_10_45_UNIFORM_716820155901718944.txt (Time: 0.00s)
📦 COPIED from HDD: /media/HDD/Projects/ExpDFS/graph_10_45_UNIFORM_6224222471595207695.txt -> /home/shahbazk/Projects/DFS_Semi_Streaming/input/random_graphs/graph_10_45_UNIFORM_6224222471595207695.txt (Time: 0.00s)
📦 COPIED from HDD: /media/HDD/Projects/ExpDFS/graph_10_45_UNIFORM_7921282862123281598.txt -> /home/shahbazk/Projects/DFS_Semi_Streaming/input/random_graphs/graph_10_45_UNIFORM_7921282862123281598.txt (Time: 0.00s)
📦 COPIED from HDD: /media/HDD/Projects/ExpDFS/graph_10_45_UNIFORM_8446481348147407377.txt -> /home/shahbazk/Projects/DFS_Semi_Streaming/input/random_graphs/graph_10_45_UNIFORM_8446481348147407377.txt (Time: 0.00s)
📦 COPIED from HDD: /media/HDD/Projects/ExpDFS/graph_10_45_UNIFORM_6529943913552561417.txt -> /home/shahbazk/Projects/DFS_Semi_Streaming/input/random_graphs/graph_10_45_UNIFORM_6529943913552561417.txt (Time: 0.00s)
📦 COPIED from HDD: /media/HDD/Projects/ExpDFS/graph_10_45_UNIFORM_1128313391724783137.txt -> /home/shahbazk/Projects/DFS_Semi_Streaming/input/random_graphs/graph_10_45_UNIFORM_1128313391724783137.txt (Time: 0.00s)
📦 COPIED from HDD: /media/HDD/Projects/ExpDFS/graph_10_45_UNIFORM_4997514996153925447.txt -> /home/shahbazk/Projects/DFS_Semi_Streaming/input/random_graphs/graph_10_45_UNIFORM_4997514996153925447.txt (Time: 0.00s)
📦 COPIED from HDD: /media/HDD/Projects/ExpDFS/graph_10_45_UNIFORM_175493991617213850.txt -> /home/shahbazk/Projects/DFS_Semi_Streaming/input/random_graphs/graph_10_45_UNIFORM_175493991617213850.txt (Time: 0.00s)
📦 COPIED from HDD: /media/HDD/Projects/ExpDFS/graph_10_45_UNIFORM_1392892770529522614.txt -> /home/shahbazk/Projects/DFS_Semi_Streaming/input/random_graphs/graph_10_45_UNIFORM_1392892770529522614.txt (Time: 0.00s)
📦 COPIED from HDD: /media/HDD/Projects/ExpDFS/graph_10_45_UNIFORM_199422815561151340.txt -> /home/shahbazk/Projects/DFS_Semi_Streaming/input/random_graphs/graph_10_45_UNIFORM_199422815561151340.txt (Time: 0.00s)
📦 COPIED from HDD: /media/HDD/Projects/ExpDFS/graph_10_45_UNIFORM_9060210648189963449.txt -> /home/shahbazk/Projects/DFS_Semi_Streaming/input/random_graphs/graph_10_45_UNIFORM_9060210648189963449.txt (Time: 0.00s)
📦 COPIED from HDD: /media/HDD/Projects/ExpDFS/graph_10_45_UNIFORM_4250897495980125004.txt -> /home/shahbazk/Projects/DFS_Semi_Streaming/input/random_graphs/graph_10_45_UNIFORM_4250897495980125004.txt (Time: 0.00s)
📦 COPIED from HDD: /media/HDD/Projects/ExpDFS/graph_10_45_UNIFORM_6764066939395682287.txt -> /home/shahbazk/Projects/DFS_Semi_Streaming/input/random_graphs/graph_10_45_UNIFORM_6764066939395682287.txt (Time: 0.00s)
📦 COPIED from HDD: /media/HDD/Projects/ExpDFS/graph_10_45_UNIFORM_2089506265998900862.txt -> /home/shahbazk/Projects/DFS_Semi_Streaming/input/random_graphs/graph_10_45_UNIFORM_2089506265998900862.txt (Time: 0.00s)
📦 COPIED from HDD: /media/HDD/Projects/ExpDFS/graph_10_45_UNIFORM_5497874167834979553.txt -> /home/shahbazk/Projects/DFS_Semi_Streaming/input/random_graphs/graph_10_45_UNIFORM_5497874167834979553.txt (Time: 0.00s)
📦 COPIED from HDD: /media/HDD/Projects/ExpDFS/graph_10_45_UNIFORM_5063475852268941542.txt -> /home/shahbazk/Projects/DFS_Semi_Streaming/input/random_graphs/graph_10_45_UNIFORM_5063475852268941542.txt (Time: 0.00s)
📦 COPIED from HDD: /media/HDD/Projects/ExpDFS/graph_10_45_UNIFORM_1722224698700348310.txt -> /home/shahbazk/Projects/DFS_Semi_Streaming/input/random_graphs/graph_10_45_UNIFORM_1722224698700348310.txt (Time: 0.00s)
📦 COPIED from HDD: /media/HDD/Projects/ExpDFS/graph_10_45_UNIFORM_1458186392400727732.txt -> /home/shahbazk/Projects/DFS_Semi_Streaming/input/random_graphs/graph_10_45_UNIFORM_1458186392400727732.txt (Time: 0.00s)
📦 COPIED from HDD: /media/HDD/Projects/ExpDFS/graph_10_45_UNIFORM_8626102704817790064.txt -> /home/shahbazk/Projects/DFS_Semi_Streaming/input/random_graphs/graph_10_45_UNIFORM_8626102704817790064.txt (Time: 0.00s)
📦 COPIED from HDD: /media/HDD/Projects/ExpDFS/graph_10_45_UNIFORM_3817405844514670994.txt -> /home/shahbazk/Projects/DFS_Semi_Streaming/input/random_graphs/graph_10_45_UNIFORM_3817405844514670994.txt (Time: 0.00s)
📦 COPIED from HDD: /media/HDD/Projects/ExpDFS/graph_10_45_UNIFORM_1170385908854608748.txt -> /home/shahbazk/Projects/DFS_Semi_Streaming/input/random_graphs/graph_10_45_UNIFORM_1170385908854608748.txt (Time: 0.00s)
📦 COPIED from HDD: /media/HDD/Projects/ExpDFS/graph_10_45_UNIFORM_4934890601268679176.txt -> /home/shahbazk/Projects/DFS_Semi_Streaming/input/random_graphs/graph_10_45_UNIFORM_4934890601268679176.txt (Time: 0.00s)
📦 COPIED from HDD: /media/HDD/Projects/ExpDFS/graph_10_45_UNIFORM_1992204328026194281.txt -> /home/shahbazk/Projects/DFS_Semi_Streaming/input/random_graphs/graph_10_45_UNIFORM_1992204328026194281.txt (Time: 0.00s)
📦 COPIED from HDD: /media/HDD/Projects/ExpDFS/graph_10_45_UNIFORM_6022436717541034636.txt -> /home/shahbazk/Projects/DFS_Semi_Streaming/input/random_graphs/graph_10_45_UNIFORM_6022436717541034636.txt (Time: 0.00s)
📦 COPIED from HDD: /media/HDD/Projects/ExpDFS/graph_10_45_UNIFORM_4060584409398689268.txt -> /home/shahbazk/Projects/DFS_Semi_Streaming/input/random_graphs/graph_10_45_UNIFORM_4060584409398689268.txt (Time: 0.00s)
📦 COPIED from HDD: /media/HDD/Projects/ExpDFS/graph_10_45_UNIFORM_2909934787168262407.txt -> /home/shahbazk/Projects/DFS_Semi_Streaming/input/random_graphs/graph_10_45_UNIFORM_2909934787168262407.txt (Time: 0.00s)
📦 COPIED from HDD: /media/HDD/Projects/ExpDFS/graph_10_45_UNIFORM_8718380604043999642.txt -> /home/shahbazk/Projects/DFS_Semi_Streaming/input/random_graphs/graph_10_45_UNIFORM_8718380604043999642.txt (Time: 0.00s)
📦 COPIED from HDD: /media/HDD/Projects/ExpDFS/graph_10_45_UNIFORM_5108599054664628607.txt -> /home/shahbazk/Projects/DFS_Semi_Streaming/input/random_graphs/graph_10_45_UNIFORM_5108599054664628607.txt (Time: 0.00s)
📦 COPIED from HDD: /media/HDD/Projects/ExpDFS/graph_10_45_UNIFORM_9130666990809746335.txt -> /home/shahbazk/Projects/DFS_Semi_Streaming/input/random_graphs/graph_10_45_UNIFORM_9130666990809746335.txt (Time: 0.00s)
📦 COPIED from HDD: /media/HDD/Projects/ExpDFS/graph_10_45_UNIFORM_5894893360759659423.txt -> /home/shahbazk/Projects/DFS_Semi_Streaming/input/random_graphs/graph_10_45_UNIFORM_5894893360759659423.txt (Time: 0.00s)
📦 COPIED from HDD: /media/HDD/Projects/ExpDFS/graph_10_45_UNIFORM_1332005502874566195.txt -> /home/shahbazk/Projects/DFS_Semi_Streaming/input/random_graphs/graph_10_45_UNIFORM_1332005502874566195.txt (Time: 0.00s)
📦 COPIED from HDD: /media/HDD/Projects/ExpDFS/graph_10_45_UNIFORM_4940913311242578590.txt -> /home/shahbazk/Projects/DFS_Semi_Streaming/input/random_graphs/graph_10_45_UNIFORM_4940913311242578590.txt (Time: 0.00s)
📦 COPIED from HDD: /media/HDD/Projects/ExpDFS/graph_10_45_UNIFORM_3713827327871807734.txt -> /home/shahbazk/Projects/DFS_Semi_Streaming/input/random_graphs/graph_10_45_UNIFORM_3713827327871807734.txt (Time: 0.00s)
📦 COPIED from HDD: /media/HDD/Projects/ExpDFS/graph_10_45_UNIFORM_2264398621601381987.txt -> /home/shahbazk/Projects/DFS_Semi_Streaming/input/random_graphs/graph_10_45_UNIFORM_2264398621601381987.txt (Time: 0.00s)
📦 COPIED from HDD: /media/HDD/Projects/ExpDFS/graph_10_45_UNIFORM_7644420139408884785.txt -> /home/shahbazk/Projects/DFS_Semi_Streaming/input/random_graphs/graph_10_45_UNIFORM_7644420139408884785.txt (Time: 0.00s)
📦 COPIED from HDD: /media/HDD/Projects/ExpDFS/graph_10_45_UNIFORM_8794274795737982182.txt -> /home/shahbazk/Projects/DFS_Semi_Streaming/input/random_graphs/graph_10_45_UNIFORM_8794274795737982182.txt (Time: 0.00s)
📦 COPIED from HDD: /media/HDD/Projects/ExpDFS/graph_10_45_UNIFORM_4795749165124911768.txt -> /home/shahbazk/Projects/DFS_Semi_Streaming/input/random_graphs/graph_10_45_UNIFORM_4795749165124911768.txt (Time: 0.00s)
📦 COPIED from HDD: /media/HDD/Projects/ExpDFS/graph_10_45_UNIFORM_8448596294177070022.txt -> /home/shahbazk/Projects/DFS_Semi_Streaming/input/random_graphs/graph_10_45_UNIFORM_8448596294177070022.txt (Time: 0.00s)
📦 COPIED from HDD: /media/HDD/Projects/ExpDFS/graph_10_45_UNIFORM_7905487461282246979.txt -> /home/shahbazk/Projects/DFS_Semi_Streaming/input/random_graphs/graph_10_45_UNIFORM_7905487461282246979.txt (Time: 0.00s)
📦 COPIED from HDD: /media/HDD/Projects/ExpDFS/graph_10_45_UNIFORM_7118744415197196276.txt -> /home/shahbazk/Projects/DFS_Semi_Streaming/input/random_graphs/graph_10_45_UNIFORM_7118744415197196276.txt (Time: 0.00s)
📦 COPIED from HDD: /media/HDD/Projects/ExpDFS/graph_10_45_UNIFORM_2718103348384927511.txt -> /home/shahbazk/Projects/DFS_Semi_Streaming/input/random_graphs/graph_10_45_UNIFORM_2718103348384927511.txt (Time: 0.00s)
📦 COPIED from HDD: /media/HDD/Projects/ExpDFS/graph_10_45_UNIFORM_9059990922233379852.txt -> /home/shahbazk/Projects/DFS_Semi_Streaming/input/random_graphs/graph_10_45_UNIFORM_9059990922233379852.txt (Time: 0.00s)
📦 COPIED from HDD: /media/HDD/Projects/ExpDFS/graph_10_45_UNIFORM_7449662661572224354.txt -> /home/shahbazk/Projects/DFS_Semi_Streaming/input/random_graphs/graph_10_45_UNIFORM_7449662661572224354.txt (Time: 0.00s)
📦 COPIED from HDD: /media/HDD/Projects/ExpDFS/graph_10_45_UNIFORM_8867616339855336876.txt -> /home/shahbazk/Projects/DFS_Semi_Streaming/input/random_graphs/graph_10_45_UNIFORM_8867616339855336876.txt (Time: 0.00s)
📦 COPIED from HDD: /media/HDD/Projects/ExpDFS/graph_10_45_UNIFORM_7632458674696225362.txt -> /home/shahbazk/Projects/DFS_Semi_Streaming/input/random_graphs/graph_10_45_UNIFORM_7632458674696225362.txt (Time: 0.00s)
📦 COPIED from HDD: /media/HDD/Projects/ExpDFS/graph_10_45_UNIFORM_3221421291694197220.txt -> /home/shahbazk/Projects/DFS_Semi_Streaming/input/random_graphs/graph_10_45_UNIFORM_3221421291694197220.txt (Time: 0.00s)
📦 COPIED from HDD: /media/HDD/Projects/ExpDFS/graph_10_45_UNIFORM_7983805977214098674.txt -> /home/shahbazk/Projects/DFS_Semi_Streaming/input/random_graphs/graph_10_45_UNIFORM_7983805977214098674.txt (Time: 0.00s)
📦 COPIED from HDD: /media/HDD/Projects/ExpDFS/graph_20_190_UNIFORM_6230961512046992311.txt -> /home/shahbazk/Projects/DFS_Semi_Streaming/input/random_graphs/graph_20_190_UNIFORM_6230961512046992311.txt (Time: 0.00s)
📦 COPIED from HDD: /media/HDD/Projects/ExpDFS/graph_20_190_UNIFORM_7032710160631691991.txt -> /home/shahbazk/Projects/DFS_Semi_Streaming/input/random_graphs/graph_20_190_UNIFORM_7032710160631691991.txt (Time: 0.00s)
📦 COPIED from HDD: /media/HDD/Projects/ExpDFS/graph_20_190_UNIFORM_3881801951614183357.txt -> /home/shahbazk/Projects/DFS_Semi_Streaming/input/random_graphs/graph_20_190_UNIFORM_3881801951614183357.txt (Time: 0.00s)
📦 COPIED from HDD: /media/HDD/Projects/ExpDFS/graph_20_190_UNIFORM_7871178979383552919.txt -> /home/shahbazk/Projects/DFS_Semi_Streaming/input/random_graphs/graph_20_190_UNIFORM_7871178979383552919.txt (Time: 0.00s)
📦 COPIED from HDD: /media/HDD/Projects/ExpDFS/graph_20_190_UNIFORM_1353182403971399009.txt -> /home/shahbazk/Projects/DFS_Semi_Streaming/input/random_graphs/graph_20_190_UNIFORM_1353182403971399009.txt (Time: 0.00s)
📦 COPIED from HDD: /media/HDD/Projects/ExpDFS/graph_20_190_UNIFORM_6938562734920028532.txt -> /home/shahbazk/Projects/DFS_Semi_Streaming/input/random_graphs/graph_20_190_UNIFORM_6938562734920028532.txt (Time: 0.00s)
📦 COPIED from HDD: /media/HDD/Projects/ExpDFS/graph_20_190_UNIFORM_6522163754831416203.txt -> /home/shahbazk/Projects/DFS_Semi_Streaming/input/random_graphs/graph_20_190_UNIFORM_6522163754831416203.txt (Time: 0.00s)
📦 COPIED from HDD: /media/HDD/Projects/ExpDFS/graph_20_190_UNIFORM_5739955973604961613.txt -> /home/shahbazk/Projects/DFS_Semi_Streaming/input/random_graphs/graph_20_190_UNIFORM_5739955973604961613.txt (Time: 0.00s)
📦 COPIED from HDD: /media/HDD/Projects/ExpDFS/graph_20_190_UNIFORM_7599700178212337699.txt -> /home/shahbazk/Projects/DFS_Semi_Streaming/input/random_graphs/graph_20_190_UNIFORM_7599700178212337699.txt (Time: 0.00s)
📦 COPIED from HDD: /media/HDD/Projects/ExpDFS/graph_20_190_UNIFORM_320375091487821987.txt -> /home/shahbazk/Projects/DFS_Semi_Streaming/input/random_graphs/graph_20_190_UNIFORM_320375091487821987.txt (Time: 0.00s)
📦 COPIED from HDD: /media/HDD/Projects/ExpDFS/graph_20_190_UNIFORM_1070244953599069350.txt -> /home/shahbazk/Projects/DFS_Semi_Streaming/input/random_graphs/graph_20_190_UNIFORM_1070244953599069350.txt (Time: 0.00s)
📦 COPIED from HDD: /media/HDD/Projects/ExpDFS/graph_20_190_UNIFORM_2429002973740178792.txt -> /home/shahbazk/Projects/DFS_Semi_Streaming/input/random_graphs/graph_20_190_UNIFORM_2429002973740178792.txt (Time: 0.00s)
📦 COPIED from HDD: /media/HDD/Projects/ExpDFS/graph_20_190_UNIFORM_1250773459040295677.txt -> /home/shahbazk/Projects/DFS_Semi_Streaming/input/random_graphs/graph_20_190_UNIFORM_1250773459040295677.txt (Time: 0.00s)
📦 COPIED from HDD: /media/HDD/Projects/ExpDFS/graph_20_190_UNIFORM_1250005700364523649.txt -> /home/shahbazk/Projects/DFS_Semi_Streaming/input/random_graphs/graph_20_190_UNIFORM_1250005700364523649.txt (Time: 0.00s)
📦 COPIED from HDD: /media/HDD/Projects/ExpDFS/graph_20_190_UNIFORM_7663871783842725848.txt -> /home/shahbazk/Projects/DFS_Semi_Streaming/input/random_graphs/graph_20_190_UNIFORM_7663871783842725848.txt (Time: 0.00s)
📦 COPIED from HDD: /media/HDD/Projects/ExpDFS/graph_20_190_UNIFORM_7146860528564146064.txt -> /home/shahbazk/Projects/DFS_Semi_Streaming/input/random_graphs/graph_20_190_UNIFORM_7146860528564146064.txt (Time: 0.00s)
📦 COPIED from HDD: /media/HDD/Projects/ExpDFS/graph_20_190_UNIFORM_5906957480796939447.txt -> /home/shahbazk/Projects/DFS_Semi_Streaming/input/random_graphs/graph_20_190_UNIFORM_5906957480796939447.txt (Time: 0.00s)
📦 COPIED from HDD: /media/HDD/Projects/ExpDFS/graph_20_190_UNIFORM_4040737767143389431.txt -> /home/shahbazk/Projects/DFS_Semi_Streaming/input/random_graphs/graph_20_190_UNIFORM_4040737767143389431.txt (Time: 0.00s)
📦 COPIED from HDD: /media/HDD/Projects/ExpDFS/graph_20_190_UNIFORM_3438400432146115956.txt -> /home/shahbazk/Projects/DFS_Semi_Streaming/input/random_graphs/graph_20_190_UNIFORM_3438400432146115956.txt (Time: 0.00s)
📦 COPIED from HDD: /media/HDD/Projects/ExpDFS/graph_20_190_UNIFORM_7473196763798409428.txt -> /home/shahbazk/Projects/DFS_Semi_Streaming/input/random_graphs/graph_20_190_UNIFORM_7473196763798409428.txt (Time: 0.00s)
📦 COPIED from HDD: /media/HDD/Projects/ExpDFS/graph_20_190_UNIFORM_1309542850049879452.txt -> /home/shahbazk/Projects/DFS_Semi_Streaming/input/random_graphs/graph_20_190_UNIFORM_1309542850049879452.txt (Time: 0.00s)
📦 COPIED from HDD: /media/HDD/Projects/ExpDFS/graph_20_190_UNIFORM_5139481885857321791.txt -> /home/shahbazk/Projects/DFS_Semi_Streaming/input/random_graphs/graph_20_190_UNIFORM_5139481885857321791.txt (Time: 0.00s)
📦 COPIED from HDD: /media/HDD/Projects/ExpDFS/graph_20_190_UNIFORM_1731523882129807996.txt -> /home/shahbazk/Projects/DFS_Semi_Streaming/input/random_graphs/graph_20_190_UNIFORM_1731523882129807996.txt (Time: 0.00s)
📦 COPIED from HDD: /media/HDD/Projects/ExpDFS/graph_20_190_UNIFORM_5142811650494845597.txt -> /home/shahbazk/Projects/DFS_Semi_Streaming/input/random_graphs/graph_20_190_UNIFORM_5142811650494845597.txt (Time: 0.00s)
📦 COPIED from HDD: /media/HDD/Projects/ExpDFS/graph_20_190_UNIFORM_7029781962072644698.txt -> /home/shahbazk/Projects/DFS_Semi_Streaming/input/random_graphs/graph_20_190_UNIFORM_7029781962072644698.txt (Time: 0.00s)
📦 COPIED from HDD: /media/HDD/Projects/ExpDFS/graph_20_190_UNIFORM_6002685213311538187.txt -> /home/shahbazk/Projects/DFS_Semi_Streaming/input/random_graphs/graph_20_190_UNIFORM_6002685213311538187.txt (Time: 0.00s)
📦 COPIED from HDD: /media/HDD/Projects/ExpDFS/graph_20_190_UNIFORM_6785030173969523435.txt -> /home/shahbazk/Projects/DFS_Semi_Streaming/input/random_graphs/graph_20_190_UNIFORM_6785030173969523435.txt (Time: 0.00s)
📦 COPIED from HDD: /media/HDD/Projects/ExpDFS/graph_20_190_UNIFORM_3010622984418968408.txt -> /home/shahbazk/Projects/DFS_Semi_Streaming/input/random_graphs/graph_20_190_UNIFORM_3010622984418968408.txt (Time: 0.00s)
📦 COPIED from HDD: /media/HDD/Projects/ExpDFS/graph_20_190_UNIFORM_1853590723603270879.txt -> /home/shahbazk/Projects/DFS_Semi_Streaming/input/random_graphs/graph_20_190_UNIFORM_1853590723603270879.txt (Time: 0.00s)
📦 COPIED from HDD: /media/HDD/Projects/ExpDFS/graph_20_190_UNIFORM_521787134863155063.txt -> /home/shahbazk/Projects/DFS_Semi_Streaming/input/random_graphs/graph_20_190_UNIFORM_521787134863155063.txt (Time: 0.00s)
📦 COPIED from HDD: /media/HDD/Projects/ExpDFS/graph_20_190_UNIFORM_1024517563182776983.txt -> /home/shahbazk/Projects/DFS_Semi_Streaming/input/random_graphs/graph_20_190_UNIFORM_1024517563182776983.txt (Time: 0.00s)
📦 COPIED from HDD: /media/HDD/Projects/ExpDFS/graph_20_190_UNIFORM_5529616217668449934.txt -> /home/shahbazk/Projects/DFS_Semi_Streaming/input/random_graphs/graph_20_190_UNIFORM_5529616217668449934.txt (Time: 0.00s)
📦 COPIED from HDD: /media/HDD/Projects/ExpDFS/graph_20_190_UNIFORM_5708372698381010775.txt -> /home/shahbazk/Projects/DFS_Semi_Streaming/input/random_graphs/graph_20_190_UNIFORM_5708372698381010775.txt (Time: 0.00s)
📦 COPIED from HDD: /media/HDD/Projects/ExpDFS/graph_20_190_UNIFORM_3224265581699847191.txt -> /home/shahbazk/Projects/DFS_Semi_Streaming/input/random_graphs/graph_20_190_UNIFORM_3224265581699847191.txt (Time: 0.00s)
📦 COPIED from HDD: /media/HDD/Projects/ExpDFS/graph_20_190_UNIFORM_5258051056098597521.txt -> /home/shahbazk/Projects/DFS_Semi_Streaming/input/random_graphs/graph_20_190_UNIFORM_5258051056098597521.txt (Time: 0.00s)
📦 COPIED from HDD: /media/HDD/Projects/ExpDFS/graph_20_190_UNIFORM_7706236040662210848.txt -> /home/shahbazk/Projects/DFS_Semi_Streaming/input/random_graphs/graph_20_190_UNIFORM_7706236040662210848.txt (Time: 0.00s)
📦 COPIED from HDD: /media/HDD/Projects/ExpDFS/graph_20_190_UNIFORM_4122784633514911760.txt -> /home/shahbazk/Projects/DFS_Semi_Streaming/input/random_graphs/graph_20_190_UNIFORM_4122784633514911760.txt (Time: 0.00s)
📦 COPIED from HDD: /media/HDD/Projects/ExpDFS/graph_20_190_UNIFORM_1647170069535670909.txt -> /home/shahbazk/Projects/DFS_Semi_Streaming/input/random_graphs/graph_20_190_UNIFORM_1647170069535670909.txt (Time: 0.00s)
📦 COPIED from HDD: /media/HDD/Projects/ExpDFS/graph_20_190_UNIFORM_1632192924771168275.txt -> /home/shahbazk/Projects/DFS_Semi_Streaming/input/random_graphs/graph_20_190_UNIFORM_1632192924771168275.txt (Time: 0.00s)
📦 COPIED from HDD: /media/HDD/Projects/ExpDFS/graph_20_190_UNIFORM_7161906730445628483.txt -> /home/shahbazk/Projects/DFS_Semi_Streaming/input/random_graphs/graph_20_190_UNIFORM_7161906730445628483.txt (Time: 0.00s)
📦 COPIED from HDD: /media/HDD/Projects/ExpDFS/graph_20_190_UNIFORM_8031431416522537101.txt -> /home/shahbazk/Projects/DFS_Semi_Streaming/input/random_graphs/graph_20_190_UNIFORM_8031431416522537101.txt (Time: 0.00s)
📦 COPIED from HDD: /media/HDD/Projects/ExpDFS/graph_20_190_UNIFORM_4552998297316576788.txt -> /home/shahbazk/Projects/DFS_Semi_Streaming/input/random_graphs/graph_20_190_UNIFORM_4552998297316576788.txt (Time: 0.00s)
📦 COPIED from HDD: /media/HDD/Projects/ExpDFS/graph_20_190_UNIFORM_6802378520969450157.txt -> /home/shahbazk/Projects/DFS_Semi_Streaming/input/random_graphs/graph_20_190_UNIFORM_6802378520969450157.txt (Time: 0.00s)
📦 COPIED from HDD: /media/HDD/Projects/ExpDFS/graph_20_190_UNIFORM_5636411189175451024.txt -> /home/shahbazk/Projects/DFS_Semi_Streaming/input/random_graphs/graph_20_190_UNIFORM_5636411189175451024.txt (Time: 0.00s)
📦 COPIED from HDD: /media/HDD/Projects/ExpDFS/graph_20_190_UNIFORM_3272308573967577038.txt -> /home/shahbazk/Projects/DFS_Semi_Streaming/input/random_graphs/graph_20_190_UNIFORM_3272308573967577038.txt (Time: 0.00s)
📦 COPIED from HDD: /media/HDD/Projects/ExpDFS/graph_20_190_UNIFORM_824387247617288499.txt -> /home/shahbazk/Projects/DFS_Semi_Streaming/input/random_graphs/graph_20_190_UNIFORM_824387247617288499.txt (Time: 0.00s)
📦 COPIED from HDD: /media/HDD/Projects/ExpDFS/graph_20_190_UNIFORM_5349491008325879064.txt -> /home/shahbazk/Projects/DFS_Semi_Streaming/input/random_graphs/graph_20_190_UNIFORM_5349491008325879064.txt (Time: 0.00s)
📦 COPIED from HDD: /media/HDD/Projects/ExpDFS/graph_20_190_UNIFORM_6143643868734370809.txt -> /home/shahbazk/Projects/DFS_Semi_Streaming/input/random_graphs/graph_20_190_UNIFORM_6143643868734370809.txt (Time: 0.00s)
📦 COPIED from HDD: /media/HDD/Projects/ExpDFS/graph_20_190_UNIFORM_7938560551762094560.txt -> /home/shahbazk/Projects/DFS_Semi_Streaming/input/random_graphs/graph_20_190_UNIFORM_7938560551762094560.txt (Time: 0.00s)
📦 COPIED from HDD: /media/HDD/Projects/ExpDFS/graph_20_190_UNIFORM_6614505080519948832.txt -> /home/shahbazk/Projects/DFS_Semi_Streaming/input/random_graphs/graph_20_190_UNIFORM_6614505080519948832.txt (Time: 0.00s)
📦 COPIED from HDD: /media/HDD/Projects/ExpDFS/graph_20_190_UNIFORM_7917045922527545890.txt -> /home/shahbazk/Projects/DFS_Semi_Streaming/input/random_graphs/graph_20_190_UNIFORM_7917045922527545890.txt (Time: 0.00s)
📦 COPIED from HDD: /media/HDD/Projects/ExpDFS/graph_20_190_UNIFORM_8718380604043999642.txt -> /home/shahbazk/Projects/DFS_Semi_Streaming/input/random_graphs/graph_20_190_UNIFORM_8718380604043999642.txt (Time: 0.00s)
📦 COPIED from HDD: /media/HDD/Projects/ExpDFS/graph_20_190_UNIFORM_1128313391724783137.txt -> /home/shahbazk/Projects/DFS_Semi_Streaming/input/random_graphs/graph_20_190_UNIFORM_1128313391724783137.txt (Time: 0.00s)
📦 COPIED from HDD: /media/HDD/Projects/ExpDFS/graph_20_190_UNIFORM_7921282862123281598.txt -> /home/shahbazk/Projects/DFS_Semi_Streaming/input/random_graphs/graph_20_190_UNIFORM_7921282862123281598.txt (Time: 0.00s)
📦 COPIED from HDD: /media/HDD/Projects/ExpDFS/graph_20_190_UNIFORM_4997514996153925447.txt -> /home/shahbazk/Projects/DFS_Semi_Streaming/input/random_graphs/graph_20_190_UNIFORM_4997514996153925447.txt (Time: 0.00s)
📦 COPIED from HDD: /media/HDD/Projects/ExpDFS/graph_20_190_UNIFORM_4445925461710302877.txt -> /home/shahbazk/Projects/DFS_Semi_Streaming/input/random_graphs/graph_20_190_UNIFORM_4445925461710302877.txt (Time: 0.00s)
📦 COPIED from HDD: /media/HDD/Projects/ExpDFS/graph_20_190_UNIFORM_6224222471595207695.txt -> /home/shahbazk/Projects/DFS_Semi_Streaming/input/random_graphs/graph_20_190_UNIFORM_6224222471595207695.txt (Time: 0.00s)
📦 COPIED from HDD: /media/HDD/Projects/ExpDFS/graph_20_190_UNIFORM_5063475852268941542.txt -> /home/shahbazk/Projects/DFS_Semi_Streaming/input/random_graphs/graph_20_190_UNIFORM_5063475852268941542.txt (Time: 0.00s)
📦 COPIED from HDD: /media/HDD/Projects/ExpDFS/graph_20_190_UNIFORM_8446481348147407377.txt -> /home/shahbazk/Projects/DFS_Semi_Streaming/input/random_graphs/graph_20_190_UNIFORM_8446481348147407377.txt (Time: 0.00s)
📦 COPIED from HDD: /media/HDD/Projects/ExpDFS/graph_20_190_UNIFORM_2909934787168262407.txt -> /home/shahbazk/Projects/DFS_Semi_Streaming/input/random_graphs/graph_20_190_UNIFORM_2909934787168262407.txt (Time: 0.00s)
📦 COPIED from HDD: /media/HDD/Projects/ExpDFS/graph_20_190_UNIFORM_3865339568260874865.txt -> /home/shahbazk/Projects/DFS_Semi_Streaming/input/random_graphs/graph_20_190_UNIFORM_3865339568260874865.txt (Time: 0.00s)
📦 COPIED from HDD: /media/HDD/Projects/ExpDFS/graph_20_190_UNIFORM_1170385908854608748.txt -> /home/shahbazk/Projects/DFS_Semi_Streaming/input/random_graphs/graph_20_190_UNIFORM_1170385908854608748.txt (Time: 0.00s)
📦 COPIED from HDD: /media/HDD/Projects/ExpDFS/graph_20_190_UNIFORM_716820155901718944.txt -> /home/shahbazk/Projects/DFS_Semi_Streaming/input/random_graphs/graph_20_190_UNIFORM_716820155901718944.txt (Time: 0.00s)
📦 COPIED from HDD: /media/HDD/Projects/ExpDFS/graph_20_190_UNIFORM_6529943913552561417.txt -> /home/shahbazk/Projects/DFS_Semi_Streaming/input/random_graphs/graph_20_190_UNIFORM_6529943913552561417.txt (Time: 0.00s)
📦 COPIED from HDD: /media/HDD/Projects/ExpDFS/graph_20_190_UNIFORM_3817405844514670994.txt -> /home/shahbazk/Projects/DFS_Semi_Streaming/input/random_graphs/graph_20_190_UNIFORM_3817405844514670994.txt (Time: 0.00s)
📦 COPIED from HDD: /media/HDD/Projects/ExpDFS/graph_20_190_UNIFORM_199422815561151340.txt -> /home/shahbazk/Projects/DFS_Semi_Streaming/input/random_graphs/graph_20_190_UNIFORM_199422815561151340.txt (Time: 0.00s)
📦 COPIED from HDD: /media/HDD/Projects/ExpDFS/graph_20_190_UNIFORM_3713827327871807734.txt -> /home/shahbazk/Projects/DFS_Semi_Streaming/input/random_graphs/graph_20_190_UNIFORM_3713827327871807734.txt (Time: 0.00s)
📦 COPIED from HDD: /media/HDD/Projects/ExpDFS/graph_20_190_UNIFORM_175493991617213850.txt -> /home/shahbazk/Projects/DFS_Semi_Streaming/input/random_graphs/graph_20_190_UNIFORM_175493991617213850.txt (Time: 0.00s)
📦 COPIED from HDD: /media/HDD/Projects/ExpDFS/graph_20_190_UNIFORM_5108599054664628607.txt -> /home/shahbazk/Projects/DFS_Semi_Streaming/input/random_graphs/graph_20_190_UNIFORM_5108599054664628607.txt (Time: 0.00s)
📦 COPIED from HDD: /media/HDD/Projects/ExpDFS/graph_20_190_UNIFORM_6764066939395682287.txt -> /home/shahbazk/Projects/DFS_Semi_Streaming/input/random_graphs/graph_20_190_UNIFORM_6764066939395682287.txt (Time: 0.00s)
📦 COPIED from HDD: /media/HDD/Projects/ExpDFS/graph_20_190_UNIFORM_9130666990809746335.txt -> /home/shahbazk/Projects/DFS_Semi_Streaming/input/random_graphs/graph_20_190_UNIFORM_9130666990809746335.txt (Time: 0.00s)
📦 COPIED from HDD: /media/HDD/Projects/ExpDFS/graph_20_190_UNIFORM_6022436717541034636.txt -> /home/shahbazk/Projects/DFS_Semi_Streaming/input/random_graphs/graph_20_190_UNIFORM_6022436717541034636.txt (Time: 0.00s)
📦 COPIED from HDD: /media/HDD/Projects/ExpDFS/graph_20_190_UNIFORM_7644420139408884785.txt -> /home/shahbazk/Projects/DFS_Semi_Streaming/input/random_graphs/graph_20_190_UNIFORM_7644420139408884785.txt (Time: 0.00s)
📦 COPIED from HDD: /media/HDD/Projects/ExpDFS/graph_20_190_UNIFORM_2089506265998900862.txt -> /home/shahbazk/Projects/DFS_Semi_Streaming/input/random_graphs/graph_20_190_UNIFORM_2089506265998900862.txt (Time: 0.00s)
📦 COPIED from HDD: /media/HDD/Projects/ExpDFS/graph_20_190_UNIFORM_4250897495980125004.txt -> /home/shahbazk/Projects/DFS_Semi_Streaming/input/random_graphs/graph_20_190_UNIFORM_4250897495980125004.txt (Time: 0.00s)
📦 COPIED from HDD: /media/HDD/Projects/ExpDFS/graph_20_190_UNIFORM_8794274795737982182.txt -> /home/shahbazk/Projects/DFS_Semi_Streaming/input/random_graphs/graph_20_190_UNIFORM_8794274795737982182.txt (Time: 0.00s)
📦 COPIED from HDD: /media/HDD/Projects/ExpDFS/graph_20_190_UNIFORM_1392892770529522614.txt -> /home/shahbazk/Projects/DFS_Semi_Streaming/input/random_graphs/graph_20_190_UNIFORM_1392892770529522614.txt (Time: 0.00s)
📦 COPIED from HDD: /media/HDD/Projects/ExpDFS/graph_20_190_UNIFORM_5497874167834979553.txt -> /home/shahbazk/Projects/DFS_Semi_Streaming/input/random_graphs/graph_20_190_UNIFORM_5497874167834979553.txt (Time: 0.00s)
📦 COPIED from HDD: /media/HDD/Projects/ExpDFS/graph_20_190_UNIFORM_1458186392400727732.txt -> /home/shahbazk/Projects/DFS_Semi_Streaming/input/random_graphs/graph_20_190_UNIFORM_1458186392400727732.txt (Time: 0.00s)
📦 COPIED from HDD: /media/HDD/Projects/ExpDFS/graph_20_190_UNIFORM_9060210648189963449.txt -> /home/shahbazk/Projects/DFS_Semi_Streaming/input/random_graphs/graph_20_190_UNIFORM_9060210648189963449.txt (Time: 0.00s)
📦 COPIED from HDD: /media/HDD/Projects/ExpDFS/graph_20_190_UNIFORM_4060584409398689268.txt -> /home/shahbazk/Projects/DFS_Semi_Streaming/input/random_graphs/graph_20_190_UNIFORM_4060584409398689268.txt (Time: 0.00s)
📦 COPIED from HDD: /media/HDD/Projects/ExpDFS/graph_20_190_UNIFORM_1332005502874566195.txt -> /home/shahbazk/Projects/DFS_Semi_Streaming/input/random_graphs/graph_20_190_UNIFORM_1332005502874566195.txt (Time: 0.00s)
📦 COPIED from HDD: /media/HDD/Projects/ExpDFS/graph_20_190_UNIFORM_7905487461282246979.txt -> /home/shahbazk/Projects/DFS_Semi_Streaming/input/random_graphs/graph_20_190_UNIFORM_7905487461282246979.txt (Time: 0.00s)
📦 COPIED from HDD: /media/HDD/Projects/ExpDFS/graph_20_190_UNIFORM_8448596294177070022.txt -> /home/shahbazk/Projects/DFS_Semi_Streaming/input/random_graphs/graph_20_190_UNIFORM_8448596294177070022.txt (Time: 0.00s)
📦 COPIED from HDD: /media/HDD/Projects/ExpDFS/graph_20_190_UNIFORM_4795749165124911768.txt -> /home/shahbazk/Projects/DFS_Semi_Streaming/input/random_graphs/graph_20_190_UNIFORM_4795749165124911768.txt (Time: 0.00s)
📦 COPIED from HDD: /media/HDD/Projects/ExpDFS/graph_20_190_UNIFORM_1722224698700348310.txt -> /home/shahbazk/Projects/DFS_Semi_Streaming/input/random_graphs/graph_20_190_UNIFORM_1722224698700348310.txt (Time: 0.00s)
📦 COPIED from HDD: /media/HDD/Projects/ExpDFS/graph_20_190_UNIFORM_4934890601268679176.txt -> /home/shahbazk/Projects/DFS_Semi_Streaming/input/random_graphs/graph_20_190_UNIFORM_4934890601268679176.txt (Time: 0.00s)
📦 COPIED from HDD: /media/HDD/Projects/ExpDFS/graph_20_190_UNIFORM_8626102704817790064.txt -> /home/shahbazk/Projects/DFS_Semi_Streaming/input/random_graphs/graph_20_190_UNIFORM_8626102704817790064.txt (Time: 0.00s)
📦 COPIED from HDD: /media/HDD/Projects/ExpDFS/graph_20_190_UNIFORM_1992204328026194281.txt -> /home/shahbazk/Projects/DFS_Semi_Streaming/input/random_graphs/graph_20_190_UNIFORM_1992204328026194281.txt (Time: 0.00s)
📦 COPIED from HDD: /media/HDD/Projects/ExpDFS/graph_20_190_UNIFORM_7449662661572224354.txt -> /home/shahbazk/Projects/DFS_Semi_Streaming/input/random_graphs/graph_20_190_UNIFORM_7449662661572224354.txt (Time: 0.00s)
📦 COPIED from HDD: /media/HDD/Projects/ExpDFS/graph_20_190_UNIFORM_7118744415197196276.txt -> /home/shahbazk/Projects/DFS_Semi_Streaming/input/random_graphs/graph_20_190_UNIFORM_7118744415197196276.txt (Time: 0.00s)
📦 COPIED from HDD: /media/HDD/Projects/ExpDFS/graph_20_190_UNIFORM_9059990922233379852.txt -> /home/shahbazk/Projects/DFS_Semi_Streaming/input/random_graphs/graph_20_190_UNIFORM_9059990922233379852.txt (Time: 0.00s)
📦 COPIED from HDD: /media/HDD/Projects/ExpDFS/graph_20_190_UNIFORM_8867616339855336876.txt -> /home/shahbazk/Projects/DFS_Semi_Streaming/input/random_graphs/graph_20_190_UNIFORM_8867616339855336876.txt (Time: 0.00s)
📦 COPIED from HDD: /media/HDD/Projects/ExpDFS/graph_20_190_UNIFORM_7983805977214098674.txt -> /home/shahbazk/Projects/DFS_Semi_Streaming/input/random_graphs/graph_20_190_UNIFORM_7983805977214098674.txt (Time: 0.00s)
📦 COPIED from HDD: /media/HDD/Projects/ExpDFS/graph_20_190_UNIFORM_2718103348384927511.txt -> /home/shahbazk/Projects/DFS_Semi_Streaming/input/random_graphs/graph_20_190_UNIFORM_2718103348384927511.txt (Time: 0.00s)
📦 COPIED from HDD: /media/HDD/Projects/ExpDFS/graph_20_190_UNIFORM_3221421291694197220.txt -> /home/shahbazk/Projects/DFS_Semi_Streaming/input/random_graphs/graph_20_190_UNIFORM_3221421291694197220.txt (Time: 0.00s)
📦 COPIED from HDD: /media/HDD/Projects/ExpDFS/graph_20_190_UNIFORM_2264398621601381987.txt -> /home/shahbazk/Projects/DFS_Semi_Streaming/input/random_graphs/graph_20_190_UNIFORM_2264398621601381987.txt (Time: 0.00s)
📦 COPIED from HDD: /media/HDD/Projects/ExpDFS/graph_20_190_UNIFORM_4940913311242578590.txt -> /home/shahbazk/Projects/DFS_Semi_Streaming/input/random_graphs/graph_20_190_UNIFORM_4940913311242578590.txt (Time: 0.00s)
📦 COPIED from HDD: /media/HDD/Projects/ExpDFS/graph_20_190_UNIFORM_5894893360759659423.txt -> /home/shahbazk/Projects/DFS_Semi_Streaming/input/random_graphs/graph_20_190_UNIFORM_5894893360759659423.txt (Time: 0.00s)
📦 COPIED from HDD: /media/HDD/Projects/ExpDFS/graph_20_190_UNIFORM_7632458674696225362.txt -> /home/shahbazk/Projects/DFS_Semi_Streaming/input/random_graphs/graph_20_190_UNIFORM_7632458674696225362.txt (Time: 0.00s)
📦 COPIED from HDD: /media/HDD/Projects/ExpDFS/graph_30_435_UNIFORM_5739955973604961613.txt -> /home/shahbazk/Projects/DFS_Semi_Streaming/input/random_graphs/graph_30_435_UNIFORM_5739955973604961613.txt (Time: 0.00s)
📦 COPIED from HDD: /media/HDD/Projects/ExpDFS/graph_30_435_UNIFORM_4040737767143389431.txt -> /home/shahbazk/Projects/DFS_Semi_Streaming/input/random_graphs/graph_30_435_UNIFORM_4040737767143389431.txt (Time: 0.00s)
📦 COPIED from HDD: /media/HDD/Projects/ExpDFS/graph_30_435_UNIFORM_6230961512046992311.txt -> /home/shahbazk/Projects/DFS_Semi_Streaming/input/random_graphs/graph_30_435_UNIFORM_6230961512046992311.txt (Time: 0.00s)
📦 COPIED from HDD: /media/HDD/Projects/ExpDFS/graph_30_435_UNIFORM_1353182403971399009.txt -> /home/shahbazk/Projects/DFS_Semi_Streaming/input/random_graphs/graph_30_435_UNIFORM_1353182403971399009.txt (Time: 0.00s)
📦 COPIED from HDD: /media/HDD/Projects/ExpDFS/graph_30_435_UNIFORM_1070244953599069350.txt -> /home/shahbazk/Projects/DFS_Semi_Streaming/input/random_graphs/graph_30_435_UNIFORM_1070244953599069350.txt (Time: 0.00s)
📦 COPIED from HDD: /media/HDD/Projects/ExpDFS/graph_30_435_UNIFORM_7663871783842725848.txt -> /home/shahbazk/Projects/DFS_Semi_Streaming/input/random_graphs/graph_30_435_UNIFORM_7663871783842725848.txt (Time: 0.00s)
📦 COPIED from HDD: /media/HDD/Projects/ExpDFS/graph_30_435_UNIFORM_7146860528564146064.txt -> /home/shahbazk/Projects/DFS_Semi_Streaming/input/random_graphs/graph_30_435_UNIFORM_7146860528564146064.txt (Time: 0.00s)
📦 COPIED from HDD: /media/HDD/Projects/ExpDFS/graph_30_435_UNIFORM_3881801951614183357.txt -> /home/shahbazk/Projects/DFS_Semi_Streaming/input/random_graphs/graph_30_435_UNIFORM_3881801951614183357.txt (Time: 0.00s)
📦 COPIED from HDD: /media/HDD/Projects/ExpDFS/graph_30_435_UNIFORM_7871178979383552919.txt -> /home/shahbazk/Projects/DFS_Semi_Streaming/input/random_graphs/graph_30_435_UNIFORM_7871178979383552919.txt (Time: 0.00s)
📦 COPIED from HDD: /media/HDD/Projects/ExpDFS/graph_30_435_UNIFORM_5906957480796939447.txt -> /home/shahbazk/Projects/DFS_Semi_Streaming/input/random_graphs/graph_30_435_UNIFORM_5906957480796939447.txt (Time: 0.00s)
📦 COPIED from HDD: /media/HDD/Projects/ExpDFS/graph_30_435_UNIFORM_6002685213311538187.txt -> /home/shahbazk/Projects/DFS_Semi_Streaming/input/random_graphs/graph_30_435_UNIFORM_6002685213311538187.txt (Time: 0.00s)
📦 COPIED from HDD: /media/HDD/Projects/ExpDFS/graph_30_435_UNIFORM_1250005700364523649.txt -> /home/shahbazk/Projects/DFS_Semi_Streaming/input/random_graphs/graph_30_435_UNIFORM_1250005700364523649.txt (Time: 0.00s)
📦 COPIED from HDD: /media/HDD/Projects/ExpDFS/graph_30_435_UNIFORM_3010622984418968408.txt -> /home/shahbazk/Projects/DFS_Semi_Streaming/input/random_graphs/graph_30_435_UNIFORM_3010622984418968408.txt (Time: 0.00s)
📦 COPIED from HDD: /media/HDD/Projects/ExpDFS/graph_30_435_UNIFORM_5139481885857321791.txt -> /home/shahbazk/Projects/DFS_Semi_Streaming/input/random_graphs/graph_30_435_UNIFORM_5139481885857321791.txt (Time: 0.00s)
📦 COPIED from HDD: /media/HDD/Projects/ExpDFS/graph_30_435_UNIFORM_7599700178212337699.txt -> /home/shahbazk/Projects/DFS_Semi_Streaming/input/random_graphs/graph_30_435_UNIFORM_7599700178212337699.txt (Time: 0.00s)
📦 COPIED from HDD: /media/HDD/Projects/ExpDFS/graph_30_435_UNIFORM_7032710160631691991.txt -> /home/shahbazk/Projects/DFS_Semi_Streaming/input/random_graphs/graph_30_435_UNIFORM_7032710160631691991.txt (Time: 0.00s)
📦 COPIED from HDD: /media/HDD/Projects/ExpDFS/graph_30_435_UNIFORM_1250773459040295677.txt -> /home/shahbazk/Projects/DFS_Semi_Streaming/input/random_graphs/graph_30_435_UNIFORM_1250773459040295677.txt (Time: 0.00s)
📦 COPIED from HDD: /media/HDD/Projects/ExpDFS/graph_30_435_UNIFORM_6522163754831416203.txt -> /home/shahbazk/Projects/DFS_Semi_Streaming/input/random_graphs/graph_30_435_UNIFORM_6522163754831416203.txt (Time: 0.00s)
📦 COPIED from HDD: /media/HDD/Projects/ExpDFS/graph_30_435_UNIFORM_5142811650494845597.txt -> /home/shahbazk/Projects/DFS_Semi_Streaming/input/random_graphs/graph_30_435_UNIFORM_5142811650494845597.txt (Time: 0.00s)
📦 COPIED from HDD: /media/HDD/Projects/ExpDFS/graph_30_435_UNIFORM_6938562734920028532.txt -> /home/shahbazk/Projects/DFS_Semi_Streaming/input/random_graphs/graph_30_435_UNIFORM_6938562734920028532.txt (Time: 0.00s)
📦 COPIED from HDD: /media/HDD/Projects/ExpDFS/graph_30_435_UNIFORM_2429002973740178792.txt -> /home/shahbazk/Projects/DFS_Semi_Streaming/input/random_graphs/graph_30_435_UNIFORM_2429002973740178792.txt (Time: 0.00s)
📦 COPIED from HDD: /media/HDD/Projects/ExpDFS/graph_30_435_UNIFORM_320375091487821987.txt -> /home/shahbazk/Projects/DFS_Semi_Streaming/input/random_graphs/graph_30_435_UNIFORM_320375091487821987.txt (Time: 0.00s)
📦 COPIED from HDD: /media/HDD/Projects/ExpDFS/graph_30_435_UNIFORM_1309542850049879452.txt -> /home/shahbazk/Projects/DFS_Semi_Streaming/input/random_graphs/graph_30_435_UNIFORM_1309542850049879452.txt (Time: 0.00s)
📦 COPIED from HDD: /media/HDD/Projects/ExpDFS/graph_30_435_UNIFORM_5708372698381010775.txt -> /home/shahbazk/Projects/DFS_Semi_Streaming/input/random_graphs/graph_30_435_UNIFORM_5708372698381010775.txt (Time: 0.00s)
📦 COPIED from HDD: /media/HDD/Projects/ExpDFS/graph_30_435_UNIFORM_3438400432146115956.txt -> /home/shahbazk/Projects/DFS_Semi_Streaming/input/random_graphs/graph_30_435_UNIFORM_3438400432146115956.txt (Time: 0.00s)
📦 COPIED from HDD: /media/HDD/Projects/ExpDFS/graph_30_435_UNIFORM_7473196763798409428.txt -> /home/shahbazk/Projects/DFS_Semi_Streaming/input/random_graphs/graph_30_435_UNIFORM_7473196763798409428.txt (Time: 0.00s)
📦 COPIED from HDD: /media/HDD/Projects/ExpDFS/graph_30_435_UNIFORM_521787134863155063.txt -> /home/shahbazk/Projects/DFS_Semi_Streaming/input/random_graphs/graph_30_435_UNIFORM_521787134863155063.txt (Time: 0.00s)
📦 COPIED from HDD: /media/HDD/Projects/ExpDFS/graph_30_435_UNIFORM_5529616217668449934.txt -> /home/shahbazk/Projects/DFS_Semi_Streaming/input/random_graphs/graph_30_435_UNIFORM_5529616217668449934.txt (Time: 0.00s)
📦 COPIED from HDD: /media/HDD/Projects/ExpDFS/graph_30_435_UNIFORM_1853590723603270879.txt -> /home/shahbazk/Projects/DFS_Semi_Streaming/input/random_graphs/graph_30_435_UNIFORM_1853590723603270879.txt (Time: 0.00s)
📦 COPIED from HDD: /media/HDD/Projects/ExpDFS/graph_30_435_UNIFORM_3224265581699847191.txt -> /home/shahbazk/Projects/DFS_Semi_Streaming/input/random_graphs/graph_30_435_UNIFORM_3224265581699847191.txt (Time: 0.00s)
📦 COPIED from HDD: /media/HDD/Projects/ExpDFS/graph_30_435_UNIFORM_7029781962072644698.txt -> /home/shahbazk/Projects/DFS_Semi_Streaming/input/random_graphs/graph_30_435_UNIFORM_7029781962072644698.txt (Time: 0.00s)
📦 COPIED from HDD: /media/HDD/Projects/ExpDFS/graph_30_435_UNIFORM_6785030173969523435.txt -> /home/shahbazk/Projects/DFS_Semi_Streaming/input/random_graphs/graph_30_435_UNIFORM_6785030173969523435.txt (Time: 0.00s)
📦 COPIED from HDD: /media/HDD/Projects/ExpDFS/graph_30_435_UNIFORM_1647170069535670909.txt -> /home/shahbazk/Projects/DFS_Semi_Streaming/input/random_graphs/graph_30_435_UNIFORM_1647170069535670909.txt (Time: 0.00s)
📦 COPIED from HDD: /media/HDD/Projects/ExpDFS/graph_30_435_UNIFORM_1024517563182776983.txt -> /home/shahbazk/Projects/DFS_Semi_Streaming/input/random_graphs/graph_30_435_UNIFORM_1024517563182776983.txt (Time: 0.00s)
📦 COPIED from HDD: /media/HDD/Projects/ExpDFS/graph_30_435_UNIFORM_4122784633514911760.txt -> /home/shahbazk/Projects/DFS_Semi_Streaming/input/random_graphs/graph_30_435_UNIFORM_4122784633514911760.txt (Time: 0.00s)
📦 COPIED from HDD: /media/HDD/Projects/ExpDFS/graph_30_435_UNIFORM_5258051056098597521.txt -> /home/shahbazk/Projects/DFS_Semi_Streaming/input/random_graphs/graph_30_435_UNIFORM_5258051056098597521.txt (Time: 0.00s)
📦 COPIED from HDD: /media/HDD/Projects/ExpDFS/graph_30_435_UNIFORM_7706236040662210848.txt -> /home/shahbazk/Projects/DFS_Semi_Streaming/input/random_graphs/graph_30_435_UNIFORM_7706236040662210848.txt (Time: 0.00s)
📦 COPIED from HDD: /media/HDD/Projects/ExpDFS/graph_30_435_UNIFORM_1731523882129807996.txt -> /home/shahbazk/Projects/DFS_Semi_Streaming/input/random_graphs/graph_30_435_UNIFORM_1731523882129807996.txt (Time: 0.00s)
📦 COPIED from HDD: /media/HDD/Projects/ExpDFS/graph_30_435_UNIFORM_1632192924771168275.txt -> /home/shahbazk/Projects/DFS_Semi_Streaming/input/random_graphs/graph_30_435_UNIFORM_1632192924771168275.txt (Time: 0.00s)
📦 COPIED from HDD: /media/HDD/Projects/ExpDFS/graph_30_435_UNIFORM_7161906730445628483.txt -> /home/shahbazk/Projects/DFS_Semi_Streaming/input/random_graphs/graph_30_435_UNIFORM_7161906730445628483.txt (Time: 0.00s)
📦 COPIED from HDD: /media/HDD/Projects/ExpDFS/graph_30_435_UNIFORM_6802378520969450157.txt -> /home/shahbazk/Projects/DFS_Semi_Streaming/input/random_graphs/graph_30_435_UNIFORM_6802378520969450157.txt (Time: 0.00s)
📦 COPIED from HDD: /media/HDD/Projects/ExpDFS/graph_30_435_UNIFORM_824387247617288499.txt -> /home/shahbazk/Projects/DFS_Semi_Streaming/input/random_graphs/graph_30_435_UNIFORM_824387247617288499.txt (Time: 0.00s)
📦 COPIED from HDD: /media/HDD/Projects/ExpDFS/graph_30_435_UNIFORM_8031431416522537101.txt -> /home/shahbazk/Projects/DFS_Semi_Streaming/input/random_graphs/graph_30_435_UNIFORM_8031431416522537101.txt (Time: 0.00s)
📦 COPIED from HDD: /media/HDD/Projects/ExpDFS/graph_30_435_UNIFORM_4552998297316576788.txt -> /home/shahbazk/Projects/DFS_Semi_Streaming/input/random_graphs/graph_30_435_UNIFORM_4552998297316576788.txt (Time: 0.00s)
📦 COPIED from HDD: /media/HDD/Projects/ExpDFS/graph_30_435_UNIFORM_3272308573967577038.txt -> /home/shahbazk/Projects/DFS_Semi_Streaming/input/random_graphs/graph_30_435_UNIFORM_3272308573967577038.txt (Time: 0.00s)
📦 COPIED from HDD: /media/HDD/Projects/ExpDFS/graph_30_435_UNIFORM_6143643868734370809.txt -> /home/shahbazk/Projects/DFS_Semi_Streaming/input/random_graphs/graph_30_435_UNIFORM_6143643868734370809.txt (Time: 0.00s)
📦 COPIED from HDD: /media/HDD/Projects/ExpDFS/graph_30_435_UNIFORM_6614505080519948832.txt -> /home/shahbazk/Projects/DFS_Semi_Streaming/input/random_graphs/graph_30_435_UNIFORM_6614505080519948832.txt (Time: 0.00s)
📦 COPIED from HDD: /media/HDD/Projects/ExpDFS/graph_30_435_UNIFORM_5349491008325879064.txt -> /home/shahbazk/Projects/DFS_Semi_Streaming/input/random_graphs/graph_30_435_UNIFORM_5349491008325879064.txt (Time: 0.00s)
📦 COPIED from HDD: /media/HDD/Projects/ExpDFS/graph_30_435_UNIFORM_7938560551762094560.txt -> /home/shahbazk/Projects/DFS_Semi_Streaming/input/random_graphs/graph_30_435_UNIFORM_7938560551762094560.txt (Time: 0.00s)
📦 COPIED from HDD: /media/HDD/Projects/ExpDFS/graph_30_435_UNIFORM_7917045922527545890.txt -> /home/shahbazk/Projects/DFS_Semi_Streaming/input/random_graphs/graph_30_435_UNIFORM_7917045922527545890.txt (Time: 0.00s)
📦 COPIED from HDD: /media/HDD/Projects/ExpDFS/graph_30_435_UNIFORM_4445925461710302877.txt -> /home/shahbazk/Projects/DFS_Semi_Streaming/input/random_graphs/graph_30_435_UNIFORM_4445925461710302877.txt (Time: 0.00s)
📦 COPIED from HDD: /media/HDD/Projects/ExpDFS/graph_30_435_UNIFORM_8718380604043999642.txt -> /home/shahbazk/Projects/DFS_Semi_Streaming/input/random_graphs/graph_30_435_UNIFORM_8718380604043999642.txt (Time: 0.00s)
📦 COPIED from HDD: /media/HDD/Projects/ExpDFS/graph_30_435_UNIFORM_5636411189175451024.txt -> /home/shahbazk/Projects/DFS_Semi_Streaming/input/random_graphs/graph_30_435_UNIFORM_5636411189175451024.txt (Time: 0.00s)
📦 COPIED from HDD: /media/HDD/Projects/ExpDFS/graph_30_435_UNIFORM_8446481348147407377.txt -> /home/shahbazk/Projects/DFS_Semi_Streaming/input/random_graphs/graph_30_435_UNIFORM_8446481348147407377.txt (Time: 0.00s)
📦 COPIED from HDD: /media/HDD/Projects/ExpDFS/graph_30_435_UNIFORM_3865339568260874865.txt -> /home/shahbazk/Projects/DFS_Semi_Streaming/input/random_graphs/graph_30_435_UNIFORM_3865339568260874865.txt (Time: 0.00s)
📦 COPIED from HDD: /media/HDD/Projects/ExpDFS/graph_30_435_UNIFORM_7921282862123281598.txt -> /home/shahbazk/Projects/DFS_Semi_Streaming/input/random_graphs/graph_30_435_UNIFORM_7921282862123281598.txt (Time: 0.00s)
📦 COPIED from HDD: /media/HDD/Projects/ExpDFS/graph_30_435_UNIFORM_6022436717541034636.txt -> /home/shahbazk/Projects/DFS_Semi_Streaming/input/random_graphs/graph_30_435_UNIFORM_6022436717541034636.txt (Time: 0.00s)
📦 COPIED from HDD: /media/HDD/Projects/ExpDFS/graph_30_435_UNIFORM_6529943913552561417.txt -> /home/shahbazk/Projects/DFS_Semi_Streaming/input/random_graphs/graph_30_435_UNIFORM_6529943913552561417.txt (Time: 0.00s)
📦 COPIED from HDD: /media/HDD/Projects/ExpDFS/graph_30_435_UNIFORM_716820155901718944.txt -> /home/shahbazk/Projects/DFS_Semi_Streaming/input/random_graphs/graph_30_435_UNIFORM_716820155901718944.txt (Time: 0.00s)
📦 COPIED from HDD: /media/HDD/Projects/ExpDFS/graph_30_435_UNIFORM_4997514996153925447.txt -> /home/shahbazk/Projects/DFS_Semi_Streaming/input/random_graphs/graph_30_435_UNIFORM_4997514996153925447.txt (Time: 0.00s)
📦 COPIED from HDD: /media/HDD/Projects/ExpDFS/graph_30_435_UNIFORM_6224222471595207695.txt -> /home/shahbazk/Projects/DFS_Semi_Streaming/input/random_graphs/graph_30_435_UNIFORM_6224222471595207695.txt (Time: 0.00s)
📦 COPIED from HDD: /media/HDD/Projects/ExpDFS/graph_30_435_UNIFORM_5063475852268941542.txt -> /home/shahbazk/Projects/DFS_Semi_Streaming/input/random_graphs/graph_30_435_UNIFORM_5063475852268941542.txt (Time: 0.00s)
📦 COPIED from HDD: /media/HDD/Projects/ExpDFS/graph_30_435_UNIFORM_3817405844514670994.txt -> /home/shahbazk/Projects/DFS_Semi_Streaming/input/random_graphs/graph_30_435_UNIFORM_3817405844514670994.txt (Time: 0.00s)
📦 COPIED from HDD: /media/HDD/Projects/ExpDFS/graph_30_435_UNIFORM_6764066939395682287.txt -> /home/shahbazk/Projects/DFS_Semi_Streaming/input/random_graphs/graph_30_435_UNIFORM_6764066939395682287.txt (Time: 0.00s)
📦 COPIED from HDD: /media/HDD/Projects/ExpDFS/graph_30_435_UNIFORM_3713827327871807734.txt -> /home/shahbazk/Projects/DFS_Semi_Streaming/input/random_graphs/graph_30_435_UNIFORM_3713827327871807734.txt (Time: 0.00s)
📦 COPIED from HDD: /media/HDD/Projects/ExpDFS/graph_30_435_UNIFORM_2909934787168262407.txt -> /home/shahbazk/Projects/DFS_Semi_Streaming/input/random_graphs/graph_30_435_UNIFORM_2909934787168262407.txt (Time: 0.00s)
📦 COPIED from HDD: /media/HDD/Projects/ExpDFS/graph_30_435_UNIFORM_1128313391724783137.txt -> /home/shahbazk/Projects/DFS_Semi_Streaming/input/random_graphs/graph_30_435_UNIFORM_1128313391724783137.txt (Time: 0.00s)
📦 COPIED from HDD: /media/HDD/Projects/ExpDFS/graph_30_435_UNIFORM_5108599054664628607.txt -> /home/shahbazk/Projects/DFS_Semi_Streaming/input/random_graphs/graph_30_435_UNIFORM_5108599054664628607.txt (Time: 0.00s)
📦 COPIED from HDD: /media/HDD/Projects/ExpDFS/graph_30_435_UNIFORM_1170385908854608748.txt -> /home/shahbazk/Projects/DFS_Semi_Streaming/input/random_graphs/graph_30_435_UNIFORM_1170385908854608748.txt (Time: 0.00s)
📦 COPIED from HDD: /media/HDD/Projects/ExpDFS/graph_30_435_UNIFORM_1392892770529522614.txt -> /home/shahbazk/Projects/DFS_Semi_Streaming/input/random_graphs/graph_30_435_UNIFORM_1392892770529522614.txt (Time: 0.00s)
📦 COPIED from HDD: /media/HDD/Projects/ExpDFS/graph_30_435_UNIFORM_199422815561151340.txt -> /home/shahbazk/Projects/DFS_Semi_Streaming/input/random_graphs/graph_30_435_UNIFORM_199422815561151340.txt (Time: 0.00s)
📦 COPIED from HDD: /media/HDD/Projects/ExpDFS/graph_30_435_UNIFORM_2089506265998900862.txt -> /home/shahbazk/Projects/DFS_Semi_Streaming/input/random_graphs/graph_30_435_UNIFORM_2089506265998900862.txt (Time: 0.00s)
📦 COPIED from HDD: /media/HDD/Projects/ExpDFS/graph_30_435_UNIFORM_7644420139408884785.txt -> /home/shahbazk/Projects/DFS_Semi_Streaming/input/random_graphs/graph_30_435_UNIFORM_7644420139408884785.txt (Time: 0.00s)
📦 COPIED from HDD: /media/HDD/Projects/ExpDFS/graph_30_435_UNIFORM_9130666990809746335.txt -> /home/shahbazk/Projects/DFS_Semi_Streaming/input/random_graphs/graph_30_435_UNIFORM_9130666990809746335.txt (Time: 0.00s)
📦 COPIED from HDD: /media/HDD/Projects/ExpDFS/graph_30_435_UNIFORM_4250897495980125004.txt -> /home/shahbazk/Projects/DFS_Semi_Streaming/input/random_graphs/graph_30_435_UNIFORM_4250897495980125004.txt (Time: 0.00s)
📦 COPIED from HDD: /media/HDD/Projects/ExpDFS/graph_30_435_UNIFORM_4060584409398689268.txt -> /home/shahbazk/Projects/DFS_Semi_Streaming/input/random_graphs/graph_30_435_UNIFORM_4060584409398689268.txt (Time: 0.00s)
📦 COPIED from HDD: /media/HDD/Projects/ExpDFS/graph_30_435_UNIFORM_1458186392400727732.txt -> /home/shahbazk/Projects/DFS_Semi_Streaming/input/random_graphs/graph_30_435_UNIFORM_1458186392400727732.txt (Time: 0.00s)
📦 COPIED from HDD: /media/HDD/Projects/ExpDFS/graph_30_435_UNIFORM_175493991617213850.txt -> /home/shahbazk/Projects/DFS_Semi_Streaming/input/random_graphs/graph_30_435_UNIFORM_175493991617213850.txt (Time: 0.00s)
📦 COPIED from HDD: /media/HDD/Projects/ExpDFS/graph_30_435_UNIFORM_1332005502874566195.txt -> /home/shahbazk/Projects/DFS_Semi_Streaming/input/random_graphs/graph_30_435_UNIFORM_1332005502874566195.txt (Time: 0.00s)
📦 COPIED from HDD: /media/HDD/Projects/ExpDFS/graph_30_435_UNIFORM_8794274795737982182.txt -> /home/shahbazk/Projects/DFS_Semi_Streaming/input/random_graphs/graph_30_435_UNIFORM_8794274795737982182.txt (Time: 0.00s)
📦 COPIED from HDD: /media/HDD/Projects/ExpDFS/graph_30_435_UNIFORM_7905487461282246979.txt -> /home/shahbazk/Projects/DFS_Semi_Streaming/input/random_graphs/graph_30_435_UNIFORM_7905487461282246979.txt (Time: 0.00s)
📦 COPIED from HDD: /media/HDD/Projects/ExpDFS/graph_30_435_UNIFORM_9060210648189963449.txt -> /home/shahbazk/Projects/DFS_Semi_Streaming/input/random_graphs/graph_30_435_UNIFORM_9060210648189963449.txt (Time: 0.00s)
📦 COPIED from HDD: /media/HDD/Projects/ExpDFS/graph_30_435_UNIFORM_8626102704817790064.txt -> /home/shahbazk/Projects/DFS_Semi_Streaming/input/random_graphs/graph_30_435_UNIFORM_8626102704817790064.txt (Time: 0.00s)
📦 COPIED from HDD: /media/HDD/Projects/ExpDFS/graph_30_435_UNIFORM_5497874167834979553.txt -> /home/shahbazk/Projects/DFS_Semi_Streaming/input/random_graphs/graph_30_435_UNIFORM_5497874167834979553.txt (Time: 0.00s)
📦 COPIED from HDD: /media/HDD/Projects/ExpDFS/graph_30_435_UNIFORM_4795749165124911768.txt -> /home/shahbazk/Projects/DFS_Semi_Streaming/input/random_graphs/graph_30_435_UNIFORM_4795749165124911768.txt (Time: 0.00s)
📦 COPIED from HDD: /media/HDD/Projects/ExpDFS/graph_30_435_UNIFORM_8448596294177070022.txt -> /home/shahbazk/Projects/DFS_Semi_Streaming/input/random_graphs/graph_30_435_UNIFORM_8448596294177070022.txt (Time: 0.00s)
📦 COPIED from HDD: /media/HDD/Projects/ExpDFS/graph_30_435_UNIFORM_4934890601268679176.txt -> /home/shahbazk/Projects/DFS_Semi_Streaming/input/random_graphs/graph_30_435_UNIFORM_4934890601268679176.txt (Time: 0.00s)
📦 COPIED from HDD: /media/HDD/Projects/ExpDFS/graph_30_435_UNIFORM_1992204328026194281.txt -> /home/shahbazk/Projects/DFS_Semi_Streaming/input/random_graphs/graph_30_435_UNIFORM_1992204328026194281.txt (Time: 0.00s)
📦 COPIED from HDD: /media/HDD/Projects/ExpDFS/graph_30_435_UNIFORM_2718103348384927511.txt -> /home/shahbazk/Projects/DFS_Semi_Streaming/input/random_graphs/graph_30_435_UNIFORM_2718103348384927511.txt (Time: 0.00s)
📦 COPIED from HDD: /media/HDD/Projects/ExpDFS/graph_30_435_UNIFORM_8867616339855336876.txt -> /home/shahbazk/Projects/DFS_Semi_Streaming/input/random_graphs/graph_30_435_UNIFORM_8867616339855336876.txt (Time: 0.00s)
📦 COPIED from HDD: /media/HDD/Projects/ExpDFS/graph_30_435_UNIFORM_2264398621601381987.txt -> /home/shahbazk/Projects/DFS_Semi_Streaming/input/random_graphs/graph_30_435_UNIFORM_2264398621601381987.txt (Time: 0.00s)
📦 COPIED from HDD: /media/HDD/Projects/ExpDFS/graph_30_435_UNIFORM_3221421291694197220.txt -> /home/shahbazk/Projects/DFS_Semi_Streaming/input/random_graphs/graph_30_435_UNIFORM_3221421291694197220.txt (Time: 0.00s)
📦 COPIED from HDD: /media/HDD/Projects/ExpDFS/graph_30_435_UNIFORM_7449662661572224354.txt -> /home/shahbazk/Projects/DFS_Semi_Streaming/input/random_graphs/graph_30_435_UNIFORM_7449662661572224354.txt (Time: 0.00s)
📦 COPIED from HDD: /media/HDD/Projects/ExpDFS/graph_30_435_UNIFORM_9059990922233379852.txt -> /home/shahbazk/Projects/DFS_Semi_Streaming/input/random_graphs/graph_30_435_UNIFORM_9059990922233379852.txt (Time: 0.00s)
📦 COPIED from HDD: /media/HDD/Projects/ExpDFS/graph_30_435_UNIFORM_7632458674696225362.txt -> /home/shahbazk/Projects/DFS_Semi_Streaming/input/random_graphs/graph_30_435_UNIFORM_7632458674696225362.txt (Time: 0.00s)
📦 COPIED from HDD: /media/HDD/Projects/ExpDFS/graph_30_435_UNIFORM_1722224698700348310.txt -> /home/shahbazk/Projects/DFS_Semi_Streaming/input/random_graphs/graph_30_435_UNIFORM_1722224698700348310.txt (Time: 0.00s)
📦 COPIED from HDD: /media/HDD/Projects/ExpDFS/graph_30_435_UNIFORM_7118744415197196276.txt -> /home/shahbazk/Projects/DFS_Semi_Streaming/input/random_graphs/graph_30_435_UNIFORM_7118744415197196276.txt (Time: 0.00s)
📦 COPIED from HDD: /media/HDD/Projects/ExpDFS/graph_30_435_UNIFORM_5894893360759659423.txt -> /home/shahbazk/Projects/DFS_Semi_Streaming/input/random_graphs/graph_30_435_UNIFORM_5894893360759659423.txt (Time: 0.00s)
📦 COPIED from HDD: /media/HDD/Projects/ExpDFS/graph_30_435_UNIFORM_4940913311242578590.txt -> /home/shahbazk/Projects/DFS_Semi_Streaming/input/random_graphs/graph_30_435_UNIFORM_4940913311242578590.txt (Time: 0.00s)
📦 COPIED from HDD: /media/HDD/Projects/ExpDFS/graph_30_435_UNIFORM_7983805977214098674.txt -> /home/shahbazk/Projects/DFS_Semi_Streaming/input/random_graphs/graph_30_435_UNIFORM_7983805977214098674.txt (Time: 0.00s)
📦 COPIED from HDD: /media/HDD/Projects/ExpDFS/graph_40_780_UNIFORM_7473196763798409428.txt -> /home/shahbazk/Projects/DFS_Semi_Streaming/input/random_graphs/graph_40_780_UNIFORM_7473196763798409428.txt (Time: 0.00s)
📦 COPIED from HDD: /media/HDD/Projects/ExpDFS/graph_40_780_UNIFORM_6002685213311538187.txt -> /home/shahbazk/Projects/DFS_Semi_Streaming/input/random_graphs/graph_40_780_UNIFORM_6002685213311538187.txt (Time: 0.00s)
📦 COPIED from HDD: /media/HDD/Projects/ExpDFS/graph_40_780_UNIFORM_4040737767143389431.txt -> /home/shahbazk/Projects/DFS_Semi_Streaming/input/random_graphs/graph_40_780_UNIFORM_4040737767143389431.txt (Time: 0.00s)
📦 COPIED from HDD: /media/HDD/Projects/ExpDFS/graph_40_780_UNIFORM_3010622984418968408.txt -> /home/shahbazk/Projects/DFS_Semi_Streaming/input/random_graphs/graph_40_780_UNIFORM_3010622984418968408.txt (Time: 0.00s)
📦 COPIED from HDD: /media/HDD/Projects/ExpDFS/graph_40_780_UNIFORM_1309542850049879452.txt -> /home/shahbazk/Projects/DFS_Semi_Streaming/input/random_graphs/graph_40_780_UNIFORM_1309542850049879452.txt (Time: 0.00s)
📦 COPIED from HDD: /media/HDD/Projects/ExpDFS/graph_40_780_UNIFORM_7032710160631691991.txt -> /home/shahbazk/Projects/DFS_Semi_Streaming/input/random_graphs/graph_40_780_UNIFORM_7032710160631691991.txt (Time: 0.00s)
📦 COPIED from HDD: /media/HDD/Projects/ExpDFS/graph_40_780_UNIFORM_1070244953599069350.txt -> /home/shahbazk/Projects/DFS_Semi_Streaming/input/random_graphs/graph_40_780_UNIFORM_1070244953599069350.txt (Time: 0.00s)
📦 COPIED from HDD: /media/HDD/Projects/ExpDFS/graph_40_780_UNIFORM_6522163754831416203.txt -> /home/shahbazk/Projects/DFS_Semi_Streaming/input/random_graphs/graph_40_780_UNIFORM_6522163754831416203.txt (Time: 0.00s)
📦 COPIED from HDD: /media/HDD/Projects/ExpDFS/graph_40_780_UNIFORM_2429002973740178792.txt -> /home/shahbazk/Projects/DFS_Semi_Streaming/input/random_graphs/graph_40_780_UNIFORM_2429002973740178792.txt (Time: 0.00s)
📦 COPIED from HDD: /media/HDD/Projects/ExpDFS/graph_40_780_UNIFORM_5906957480796939447.txt -> /home/shahbazk/Projects/DFS_Semi_Streaming/input/random_graphs/graph_40_780_UNIFORM_5906957480796939447.txt (Time: 0.00s)
📦 COPIED from HDD: /media/HDD/Projects/ExpDFS/graph_40_780_UNIFORM_6938562734920028532.txt -> /home/shahbazk/Projects/DFS_Semi_Streaming/input/random_graphs/graph_40_780_UNIFORM_6938562734920028532.txt (Time: 0.00s)
📦 COPIED from HDD: /media/HDD/Projects/ExpDFS/graph_40_780_UNIFORM_7146860528564146064.txt -> /home/shahbazk/Projects/DFS_Semi_Streaming/input/random_graphs/graph_40_780_UNIFORM_7146860528564146064.txt (Time: 0.00s)
📦 COPIED from HDD: /media/HDD/Projects/ExpDFS/graph_40_780_UNIFORM_1353182403971399009.txt -> /home/shahbazk/Projects/DFS_Semi_Streaming/input/random_graphs/graph_40_780_UNIFORM_1353182403971399009.txt (Time: 0.00s)
📦 COPIED from HDD: /media/HDD/Projects/ExpDFS/graph_40_780_UNIFORM_1250773459040295677.txt -> /home/shahbazk/Projects/DFS_Semi_Streaming/input/random_graphs/graph_40_780_UNIFORM_1250773459040295677.txt (Time: 0.00s)
📦 COPIED from HDD: /media/HDD/Projects/ExpDFS/graph_40_780_UNIFORM_3438400432146115956.txt -> /home/shahbazk/Projects/DFS_Semi_Streaming/input/random_graphs/graph_40_780_UNIFORM_3438400432146115956.txt (Time: 0.00s)
📦 COPIED from HDD: /media/HDD/Projects/ExpDFS/graph_40_780_UNIFORM_7599700178212337699.txt -> /home/shahbazk/Projects/DFS_Semi_Streaming/input/random_graphs/graph_40_780_UNIFORM_7599700178212337699.txt (Time: 0.00s)
📦 COPIED from HDD: /media/HDD/Projects/ExpDFS/graph_40_780_UNIFORM_1250005700364523649.txt -> /home/shahbazk/Projects/DFS_Semi_Streaming/input/random_graphs/graph_40_780_UNIFORM_1250005700364523649.txt (Time: 0.00s)
📦 COPIED from HDD: /media/HDD/Projects/ExpDFS/graph_40_780_UNIFORM_5142811650494845597.txt -> /home/shahbazk/Projects/DFS_Semi_Streaming/input/random_graphs/graph_40_780_UNIFORM_5142811650494845597.txt (Time: 0.00s)
📦 COPIED from HDD: /media/HDD/Projects/ExpDFS/graph_40_780_UNIFORM_5739955973604961613.txt -> /home/shahbazk/Projects/DFS_Semi_Streaming/input/random_graphs/graph_40_780_UNIFORM_5739955973604961613.txt (Time: 0.00s)
📦 COPIED from HDD: /media/HDD/Projects/ExpDFS/graph_40_780_UNIFORM_320375091487821987.txt -> /home/shahbazk/Projects/DFS_Semi_Streaming/input/random_graphs/graph_40_780_UNIFORM_320375091487821987.txt (Time: 0.00s)
📦 COPIED from HDD: /media/HDD/Projects/ExpDFS/graph_40_780_UNIFORM_6230961512046992311.txt -> /home/shahbazk/Projects/DFS_Semi_Streaming/input/random_graphs/graph_40_780_UNIFORM_6230961512046992311.txt (Time: 0.00s)
📦 COPIED from HDD: /media/HDD/Projects/ExpDFS/graph_40_780_UNIFORM_3881801951614183357.txt -> /home/shahbazk/Projects/DFS_Semi_Streaming/input/random_graphs/graph_40_780_UNIFORM_3881801951614183357.txt (Time: 0.00s)
📦 COPIED from HDD: /media/HDD/Projects/ExpDFS/graph_40_780_UNIFORM_5139481885857321791.txt -> /home/shahbazk/Projects/DFS_Semi_Streaming/input/random_graphs/graph_40_780_UNIFORM_5139481885857321791.txt (Time: 0.00s)
📦 COPIED from HDD: /media/HDD/Projects/ExpDFS/graph_40_780_UNIFORM_7871178979383552919.txt -> /home/shahbazk/Projects/DFS_Semi_Streaming/input/random_graphs/graph_40_780_UNIFORM_7871178979383552919.txt (Time: 0.00s)
📦 COPIED from HDD: /media/HDD/Projects/ExpDFS/graph_40_780_UNIFORM_7663871783842725848.txt -> /home/shahbazk/Projects/DFS_Semi_Streaming/input/random_graphs/graph_40_780_UNIFORM_7663871783842725848.txt (Time: 0.00s)
📦 COPIED from HDD: /media/HDD/Projects/ExpDFS/graph_40_780_UNIFORM_3224265581699847191.txt -> /home/shahbazk/Projects/DFS_Semi_Streaming/input/random_graphs/graph_40_780_UNIFORM_3224265581699847191.txt (Time: 0.00s)
📦 COPIED from HDD: /media/HDD/Projects/ExpDFS/graph_40_780_UNIFORM_1731523882129807996.txt -> /home/shahbazk/Projects/DFS_Semi_Streaming/input/random_graphs/graph_40_780_UNIFORM_1731523882129807996.txt (Time: 0.00s)
📦 COPIED from HDD: /media/HDD/Projects/ExpDFS/graph_40_780_UNIFORM_521787134863155063.txt -> /home/shahbazk/Projects/DFS_Semi_Streaming/input/random_graphs/graph_40_780_UNIFORM_521787134863155063.txt (Time: 0.00s)
📦 COPIED from HDD: /media/HDD/Projects/ExpDFS/graph_40_780_UNIFORM_1853590723603270879.txt -> /home/shahbazk/Projects/DFS_Semi_Streaming/input/random_graphs/graph_40_780_UNIFORM_1853590723603270879.txt (Time: 0.00s)
📦 COPIED from HDD: /media/HDD/Projects/ExpDFS/graph_40_780_UNIFORM_5708372698381010775.txt -> /home/shahbazk/Projects/DFS_Semi_Streaming/input/random_graphs/graph_40_780_UNIFORM_5708372698381010775.txt (Time: 0.00s)
📦 COPIED from HDD: /media/HDD/Projects/ExpDFS/graph_40_780_UNIFORM_7029781962072644698.txt -> /home/shahbazk/Projects/DFS_Semi_Streaming/input/random_graphs/graph_40_780_UNIFORM_7029781962072644698.txt (Time: 0.00s)
📦 COPIED from HDD: /media/HDD/Projects/ExpDFS/graph_40_780_UNIFORM_1024517563182776983.txt -> /home/shahbazk/Projects/DFS_Semi_Streaming/input/random_graphs/graph_40_780_UNIFORM_1024517563182776983.txt (Time: 0.00s)
📦 COPIED from HDD: /media/HDD/Projects/ExpDFS/graph_40_780_UNIFORM_4122784633514911760.txt -> /home/shahbazk/Projects/DFS_Semi_Streaming/input/random_graphs/graph_40_780_UNIFORM_4122784633514911760.txt (Time: 0.00s)
📦 COPIED from HDD: /media/HDD/Projects/ExpDFS/graph_40_780_UNIFORM_1647170069535670909.txt -> /home/shahbazk/Projects/DFS_Semi_Streaming/input/random_graphs/graph_40_780_UNIFORM_1647170069535670909.txt (Time: 0.00s)
📦 COPIED from HDD: /media/HDD/Projects/ExpDFS/graph_40_780_UNIFORM_5258051056098597521.txt -> /home/shahbazk/Projects/DFS_Semi_Streaming/input/random_graphs/graph_40_780_UNIFORM_5258051056098597521.txt (Time: 0.00s)
📦 COPIED from HDD: /media/HDD/Projects/ExpDFS/graph_40_780_UNIFORM_6785030173969523435.txt -> /home/shahbazk/Projects/DFS_Semi_Streaming/input/random_graphs/graph_40_780_UNIFORM_6785030173969523435.txt (Time: 0.00s)
📦 COPIED from HDD: /media/HDD/Projects/ExpDFS/graph_40_780_UNIFORM_5529616217668449934.txt -> /home/shahbazk/Projects/DFS_Semi_Streaming/input/random_graphs/graph_40_780_UNIFORM_5529616217668449934.txt (Time: 0.00s)
📦 COPIED from HDD: /media/HDD/Projects/ExpDFS/graph_40_780_UNIFORM_7161906730445628483.txt -> /home/shahbazk/Projects/DFS_Semi_Streaming/input/random_graphs/graph_40_780_UNIFORM_7161906730445628483.txt (Time: 0.00s)
📦 COPIED from HDD: /media/HDD/Projects/ExpDFS/graph_40_780_UNIFORM_7706236040662210848.txt -> /home/shahbazk/Projects/DFS_Semi_Streaming/input/random_graphs/graph_40_780_UNIFORM_7706236040662210848.txt (Time: 0.00s)
📦 COPIED from HDD: /media/HDD/Projects/ExpDFS/graph_40_780_UNIFORM_4552998297316576788.txt -> /home/shahbazk/Projects/DFS_Semi_Streaming/input/random_graphs/graph_40_780_UNIFORM_4552998297316576788.txt (Time: 0.00s)
📦 COPIED from HDD: /media/HDD/Projects/ExpDFS/graph_40_780_UNIFORM_8031431416522537101.txt -> /home/shahbazk/Projects/DFS_Semi_Streaming/input/random_graphs/graph_40_780_UNIFORM_8031431416522537101.txt (Time: 0.00s)
📦 COPIED from HDD: /media/HDD/Projects/ExpDFS/graph_40_780_UNIFORM_6802378520969450157.txt -> /home/shahbazk/Projects/DFS_Semi_Streaming/input/random_graphs/graph_40_780_UNIFORM_6802378520969450157.txt (Time: 0.00s)
📦 COPIED from HDD: /media/HDD/Projects/ExpDFS/graph_40_780_UNIFORM_1632192924771168275.txt -> /home/shahbazk/Projects/DFS_Semi_Streaming/input/random_graphs/graph_40_780_UNIFORM_1632192924771168275.txt (Time: 0.00s)
📦 COPIED from HDD: /media/HDD/Projects/ExpDFS/graph_40_780_UNIFORM_824387247617288499.txt -> /home/shahbazk/Projects/DFS_Semi_Streaming/input/random_graphs/graph_40_780_UNIFORM_824387247617288499.txt (Time: 0.00s)
📦 COPIED from HDD: /media/HDD/Projects/ExpDFS/graph_40_780_UNIFORM_6143643868734370809.txt -> /home/shahbazk/Projects/DFS_Semi_Streaming/input/random_graphs/graph_40_780_UNIFORM_6143643868734370809.txt (Time: 0.00s)
📦 COPIED from HDD: /media/HDD/Projects/ExpDFS/graph_40_780_UNIFORM_5636411189175451024.txt -> /home/shahbazk/Projects/DFS_Semi_Streaming/input/random_graphs/graph_40_780_UNIFORM_5636411189175451024.txt (Time: 0.00s)
📦 COPIED from HDD: /media/HDD/Projects/ExpDFS/graph_40_780_UNIFORM_7917045922527545890.txt -> /home/shahbazk/Projects/DFS_Semi_Streaming/input/random_graphs/graph_40_780_UNIFORM_7917045922527545890.txt (Time: 0.00s)
📦 COPIED from HDD: /media/HDD/Projects/ExpDFS/graph_40_780_UNIFORM_3272308573967577038.txt -> /home/shahbazk/Projects/DFS_Semi_Streaming/input/random_graphs/graph_40_780_UNIFORM_3272308573967577038.txt (Time: 0.00s)
📦 COPIED from HDD: /media/HDD/Projects/ExpDFS/graph_40_780_UNIFORM_5349491008325879064.txt -> /home/shahbazk/Projects/DFS_Semi_Streaming/input/random_graphs/graph_40_780_UNIFORM_5349491008325879064.txt (Time: 0.00s)
📦 COPIED from HDD: /media/HDD/Projects/ExpDFS/graph_40_780_UNIFORM_3865339568260874865.txt -> /home/shahbazk/Projects/DFS_Semi_Streaming/input/random_graphs/graph_40_780_UNIFORM_3865339568260874865.txt (Time: 0.00s)
📦 COPIED from HDD: /media/HDD/Projects/ExpDFS/graph_40_780_UNIFORM_1128313391724783137.txt -> /home/shahbazk/Projects/DFS_Semi_Streaming/input/random_graphs/graph_40_780_UNIFORM_1128313391724783137.txt (Time: 0.00s)
📦 COPIED from HDD: /media/HDD/Projects/ExpDFS/graph_40_780_UNIFORM_4445925461710302877.txt -> /home/shahbazk/Projects/DFS_Semi_Streaming/input/random_graphs/graph_40_780_UNIFORM_4445925461710302877.txt (Time: 0.00s)
📦 COPIED from HDD: /media/HDD/Projects/ExpDFS/graph_40_780_UNIFORM_6224222471595207695.txt -> /home/shahbazk/Projects/DFS_Semi_Streaming/input/random_graphs/graph_40_780_UNIFORM_6224222471595207695.txt (Time: 0.00s)
📦 COPIED from HDD: /media/HDD/Projects/ExpDFS/graph_40_780_UNIFORM_8718380604043999642.txt -> /home/shahbazk/Projects/DFS_Semi_Streaming/input/random_graphs/graph_40_780_UNIFORM_8718380604043999642.txt (Time: 0.00s)
📦 COPIED from HDD: /media/HDD/Projects/ExpDFS/graph_40_780_UNIFORM_7921282862123281598.txt -> /home/shahbazk/Projects/DFS_Semi_Streaming/input/random_graphs/graph_40_780_UNIFORM_7921282862123281598.txt (Time: 0.00s)
📦 COPIED from HDD: /media/HDD/Projects/ExpDFS/graph_40_780_UNIFORM_716820155901718944.txt -> /home/shahbazk/Projects/DFS_Semi_Streaming/input/random_graphs/graph_40_780_UNIFORM_716820155901718944.txt (Time: 0.00s)
📦 COPIED from HDD: /media/HDD/Projects/ExpDFS/graph_40_780_UNIFORM_5063475852268941542.txt -> /home/shahbazk/Projects/DFS_Semi_Streaming/input/random_graphs/graph_40_780_UNIFORM_5063475852268941542.txt (Time: 0.00s)
📦 COPIED from HDD: /media/HDD/Projects/ExpDFS/graph_40_780_UNIFORM_4997514996153925447.txt -> /home/shahbazk/Projects/DFS_Semi_Streaming/input/random_graphs/graph_40_780_UNIFORM_4997514996153925447.txt (Time: 0.00s)
📦 COPIED from HDD: /media/HDD/Projects/ExpDFS/graph_40_780_UNIFORM_8446481348147407377.txt -> /home/shahbazk/Projects/DFS_Semi_Streaming/input/random_graphs/graph_40_780_UNIFORM_8446481348147407377.txt (Time: 0.00s)
📦 COPIED from HDD: /media/HDD/Projects/ExpDFS/graph_40_780_UNIFORM_6614505080519948832.txt -> /home/shahbazk/Projects/DFS_Semi_Streaming/input/random_graphs/graph_40_780_UNIFORM_6614505080519948832.txt (Time: 0.00s)
📦 COPIED from HDD: /media/HDD/Projects/ExpDFS/graph_40_780_UNIFORM_6529943913552561417.txt -> /home/shahbazk/Projects/DFS_Semi_Streaming/input/random_graphs/graph_40_780_UNIFORM_6529943913552561417.txt (Time: 0.00s)
📦 COPIED from HDD: /media/HDD/Projects/ExpDFS/graph_40_780_UNIFORM_1170385908854608748.txt -> /home/shahbazk/Projects/DFS_Semi_Streaming/input/random_graphs/graph_40_780_UNIFORM_1170385908854608748.txt (Time: 0.00s)
📦 COPIED from HDD: /media/HDD/Projects/ExpDFS/graph_40_780_UNIFORM_199422815561151340.txt -> /home/shahbazk/Projects/DFS_Semi_Streaming/input/random_graphs/graph_40_780_UNIFORM_199422815561151340.txt (Time: 0.00s)
📦 COPIED from HDD: /media/HDD/Projects/ExpDFS/graph_40_780_UNIFORM_7938560551762094560.txt -> /home/shahbazk/Projects/DFS_Semi_Streaming/input/random_graphs/graph_40_780_UNIFORM_7938560551762094560.txt (Time: 0.00s)
📦 COPIED from HDD: /media/HDD/Projects/ExpDFS/graph_40_780_UNIFORM_175493991617213850.txt -> /home/shahbazk/Projects/DFS_Semi_Streaming/input/random_graphs/graph_40_780_UNIFORM_175493991617213850.txt (Time: 0.00s)
📦 COPIED from HDD: /media/HDD/Projects/ExpDFS/graph_40_780_UNIFORM_3713827327871807734.txt -> /home/shahbazk/Projects/DFS_Semi_Streaming/input/random_graphs/graph_40_780_UNIFORM_3713827327871807734.txt (Time: 0.00s)
📦 COPIED from HDD: /media/HDD/Projects/ExpDFS/graph_40_780_UNIFORM_3817405844514670994.txt -> /home/shahbazk/Projects/DFS_Semi_Streaming/input/random_graphs/graph_40_780_UNIFORM_3817405844514670994.txt (Time: 0.00s)
📦 COPIED from HDD: /media/HDD/Projects/ExpDFS/graph_40_780_UNIFORM_6764066939395682287.txt -> /home/shahbazk/Projects/DFS_Semi_Streaming/input/random_graphs/graph_40_780_UNIFORM_6764066939395682287.txt (Time: 0.00s)
📦 COPIED from HDD: /media/HDD/Projects/ExpDFS/graph_40_780_UNIFORM_9130666990809746335.txt -> /home/shahbazk/Projects/DFS_Semi_Streaming/input/random_graphs/graph_40_780_UNIFORM_9130666990809746335.txt (Time: 0.00s)
📦 COPIED from HDD: /media/HDD/Projects/ExpDFS/graph_40_780_UNIFORM_7644420139408884785.txt -> /home/shahbazk/Projects/DFS_Semi_Streaming/input/random_graphs/graph_40_780_UNIFORM_7644420139408884785.txt (Time: 0.00s)
📦 COPIED from HDD: /media/HDD/Projects/ExpDFS/graph_40_780_UNIFORM_2909934787168262407.txt -> /home/shahbazk/Projects/DFS_Semi_Streaming/input/random_graphs/graph_40_780_UNIFORM_2909934787168262407.txt (Time: 0.00s)
📦 COPIED from HDD: /media/HDD/Projects/ExpDFS/graph_40_780_UNIFORM_5108599054664628607.txt -> /home/shahbazk/Projects/DFS_Semi_Streaming/input/random_graphs/graph_40_780_UNIFORM_5108599054664628607.txt (Time: 0.00s)
📦 COPIED from HDD: /media/HDD/Projects/ExpDFS/graph_40_780_UNIFORM_6022436717541034636.txt -> /home/shahbazk/Projects/DFS_Semi_Streaming/input/random_graphs/graph_40_780_UNIFORM_6022436717541034636.txt (Time: 0.00s)
📦 COPIED from HDD: /media/HDD/Projects/ExpDFS/graph_40_780_UNIFORM_8794274795737982182.txt -> /home/shahbazk/Projects/DFS_Semi_Streaming/input/random_graphs/graph_40_780_UNIFORM_8794274795737982182.txt (Time: 0.00s)
📦 COPIED from HDD: /media/HDD/Projects/ExpDFS/graph_40_780_UNIFORM_9060210648189963449.txt -> /home/shahbazk/Projects/DFS_Semi_Streaming/input/random_graphs/graph_40_780_UNIFORM_9060210648189963449.txt (Time: 0.00s)
📦 COPIED from HDD: /media/HDD/Projects/ExpDFS/graph_40_780_UNIFORM_5497874167834979553.txt -> /home/shahbazk/Projects/DFS_Semi_Streaming/input/random_graphs/graph_40_780_UNIFORM_5497874167834979553.txt (Time: 0.00s)
📦 COPIED from HDD: /media/HDD/Projects/ExpDFS/graph_40_780_UNIFORM_1392892770529522614.txt -> /home/shahbazk/Projects/DFS_Semi_Streaming/input/random_graphs/graph_40_780_UNIFORM_1392892770529522614.txt (Time: 0.00s)
📦 COPIED from HDD: /media/HDD/Projects/ExpDFS/graph_40_780_UNIFORM_1332005502874566195.txt -> /home/shahbazk/Projects/DFS_Semi_Streaming/input/random_graphs/graph_40_780_UNIFORM_1332005502874566195.txt (Time: 0.00s)
📦 COPIED from HDD: /media/HDD/Projects/ExpDFS/graph_40_780_UNIFORM_1722224698700348310.txt -> /home/shahbazk/Projects/DFS_Semi_Streaming/input/random_graphs/graph_40_780_UNIFORM_1722224698700348310.txt (Time: 0.00s)
📦 COPIED from HDD: /media/HDD/Projects/ExpDFS/graph_40_780_UNIFORM_7905487461282246979.txt -> /home/shahbazk/Projects/DFS_Semi_Streaming/input/random_graphs/graph_40_780_UNIFORM_7905487461282246979.txt (Time: 0.00s)
📦 COPIED from HDD: /media/HDD/Projects/ExpDFS/graph_40_780_UNIFORM_8626102704817790064.txt -> /home/shahbazk/Projects/DFS_Semi_Streaming/input/random_graphs/graph_40_780_UNIFORM_8626102704817790064.txt (Time: 0.00s)
📦 COPIED from HDD: /media/HDD/Projects/ExpDFS/graph_40_780_UNIFORM_1458186392400727732.txt -> /home/shahbazk/Projects/DFS_Semi_Streaming/input/random_graphs/graph_40_780_UNIFORM_1458186392400727732.txt (Time: 0.00s)
📦 COPIED from HDD: /media/HDD/Projects/ExpDFS/graph_40_780_UNIFORM_2089506265998900862.txt -> /home/shahbazk/Projects/DFS_Semi_Streaming/input/random_graphs/graph_40_780_UNIFORM_2089506265998900862.txt (Time: 0.00s)
📦 COPIED from HDD: /media/HDD/Projects/ExpDFS/graph_40_780_UNIFORM_4795749165124911768.txt -> /home/shahbazk/Projects/DFS_Semi_Streaming/input/random_graphs/graph_40_780_UNIFORM_4795749165124911768.txt (Time: 0.00s)
📦 COPIED from HDD: /media/HDD/Projects/ExpDFS/graph_40_780_UNIFORM_7118744415197196276.txt -> /home/shahbazk/Projects/DFS_Semi_Streaming/input/random_graphs/graph_40_780_UNIFORM_7118744415197196276.txt (Time: 0.00s)
📦 COPIED from HDD: /media/HDD/Projects/ExpDFS/graph_40_780_UNIFORM_8448596294177070022.txt -> /home/shahbazk/Projects/DFS_Semi_Streaming/input/random_graphs/graph_40_780_UNIFORM_8448596294177070022.txt (Time: 0.00s)
📦 COPIED from HDD: /media/HDD/Projects/ExpDFS/graph_40_780_UNIFORM_4250897495980125004.txt -> /home/shahbazk/Projects/DFS_Semi_Streaming/input/random_graphs/graph_40_780_UNIFORM_4250897495980125004.txt (Time: 0.00s)
📦 COPIED from HDD: /media/HDD/Projects/ExpDFS/graph_40_780_UNIFORM_9059990922233379852.txt -> /home/shahbazk/Projects/DFS_Semi_Streaming/input/random_graphs/graph_40_780_UNIFORM_9059990922233379852.txt (Time: 0.00s)
📦 COPIED from HDD: /media/HDD/Projects/ExpDFS/graph_40_780_UNIFORM_4060584409398689268.txt -> /home/shahbazk/Projects/DFS_Semi_Streaming/input/random_graphs/graph_40_780_UNIFORM_4060584409398689268.txt (Time: 0.00s)
📦 COPIED from HDD: /media/HDD/Projects/ExpDFS/graph_40_780_UNIFORM_4934890601268679176.txt -> /home/shahbazk/Projects/DFS_Semi_Streaming/input/random_graphs/graph_40_780_UNIFORM_4934890601268679176.txt (Time: 0.00s)
📦 COPIED from HDD: /media/HDD/Projects/ExpDFS/graph_40_780_UNIFORM_7449662661572224354.txt -> /home/shahbazk/Projects/DFS_Semi_Streaming/input/random_graphs/graph_40_780_UNIFORM_7449662661572224354.txt (Time: 0.00s)
📦 COPIED from HDD: /media/HDD/Projects/ExpDFS/graph_40_780_UNIFORM_3221421291694197220.txt -> /home/shahbazk/Projects/DFS_Semi_Streaming/input/random_graphs/graph_40_780_UNIFORM_3221421291694197220.txt (Time: 0.00s)
📦 COPIED from HDD: /media/HDD/Projects/ExpDFS/graph_40_780_UNIFORM_1992204328026194281.txt -> /home/shahbazk/Projects/DFS_Semi_Streaming/input/random_graphs/graph_40_780_UNIFORM_1992204328026194281.txt (Time: 0.00s)
📦 COPIED from HDD: /media/HDD/Projects/ExpDFS/graph_40_780_UNIFORM_2718103348384927511.txt -> /home/shahbazk/Projects/DFS_Semi_Streaming/input/random_graphs/graph_40_780_UNIFORM_2718103348384927511.txt (Time: 0.00s)
📦 COPIED from HDD: /media/HDD/Projects/ExpDFS/graph_40_780_UNIFORM_8867616339855336876.txt -> /home/shahbazk/Projects/DFS_Semi_Streaming/input/random_graphs/graph_40_780_UNIFORM_8867616339855336876.txt (Time: 0.00s)
📦 COPIED from HDD: /media/HDD/Projects/ExpDFS/graph_40_780_UNIFORM_7983805977214098674.txt -> /home/shahbazk/Projects/DFS_Semi_Streaming/input/random_graphs/graph_40_780_UNIFORM_7983805977214098674.txt (Time: 0.00s)
📦 COPIED from HDD: /media/HDD/Projects/ExpDFS/graph_40_780_UNIFORM_5894893360759659423.txt -> /home/shahbazk/Projects/DFS_Semi_Streaming/input/random_graphs/graph_40_780_UNIFORM_5894893360759659423.txt (Time: 0.00s)
📦 COPIED from HDD: /media/HDD/Projects/ExpDFS/graph_40_780_UNIFORM_4940913311242578590.txt -> /home/shahbazk/Projects/DFS_Semi_Streaming/input/random_graphs/graph_40_780_UNIFORM_4940913311242578590.txt (Time: 0.00s)
📦 COPIED from HDD: /media/HDD/Projects/ExpDFS/graph_40_780_UNIFORM_2264398621601381987.txt -> /home/shahbazk/Projects/DFS_Semi_Streaming/input/random_graphs/graph_40_780_UNIFORM_2264398621601381987.txt (Time: 0.00s)
📦 COPIED from HDD: /media/HDD/Projects/ExpDFS/graph_40_780_UNIFORM_7632458674696225362.txt -> /home/shahbazk/Projects/DFS_Semi_Streaming/input/random_graphs/graph_40_780_UNIFORM_7632458674696225362.txt (Time: 0.00s)
📦 COPIED from HDD: /media/HDD/Projects/ExpDFS/graph_50_1225_UNIFORM_7871178979383552919.txt -> /home/shahbazk/Projects/DFS_Semi_Streaming/input/random_graphs/graph_50_1225_UNIFORM_7871178979383552919.txt (Time: 0.00s)
📦 COPIED from HDD: /media/HDD/Projects/ExpDFS/graph_50_1225_UNIFORM_5739955973604961613.txt -> /home/shahbazk/Projects/DFS_Semi_Streaming/input/random_graphs/graph_50_1225_UNIFORM_5739955973604961613.txt (Time: 0.00s)
📦 COPIED from HDD: /media/HDD/Projects/ExpDFS/graph_50_1225_UNIFORM_3881801951614183357.txt -> /home/shahbazk/Projects/DFS_Semi_Streaming/input/random_graphs/graph_50_1225_UNIFORM_3881801951614183357.txt (Time: 0.00s)
📦 COPIED from HDD: /media/HDD/Projects/ExpDFS/graph_50_1225_UNIFORM_1070244953599069350.txt -> /home/shahbazk/Projects/DFS_Semi_Streaming/input/random_graphs/graph_50_1225_UNIFORM_1070244953599069350.txt (Time: 0.00s)
📦 COPIED from HDD: /media/HDD/Projects/ExpDFS/graph_50_1225_UNIFORM_6230961512046992311.txt -> /home/shahbazk/Projects/DFS_Semi_Streaming/input/random_graphs/graph_50_1225_UNIFORM_6230961512046992311.txt (Time: 0.00s)
📦 COPIED from HDD: /media/HDD/Projects/ExpDFS/graph_50_1225_UNIFORM_6522163754831416203.txt -> /home/shahbazk/Projects/DFS_Semi_Streaming/input/random_graphs/graph_50_1225_UNIFORM_6522163754831416203.txt (Time: 0.00s)
📦 COPIED from HDD: /media/HDD/Projects/ExpDFS/graph_50_1225_UNIFORM_7599700178212337699.txt -> /home/shahbazk/Projects/DFS_Semi_Streaming/input/random_graphs/graph_50_1225_UNIFORM_7599700178212337699.txt (Time: 0.00s)
📦 COPIED from HDD: /media/HDD/Projects/ExpDFS/graph_50_1225_UNIFORM_7032710160631691991.txt -> /home/shahbazk/Projects/DFS_Semi_Streaming/input/random_graphs/graph_50_1225_UNIFORM_7032710160631691991.txt (Time: 0.00s)
📦 COPIED from HDD: /media/HDD/Projects/ExpDFS/graph_50_1225_UNIFORM_4040737767143389431.txt -> /home/shahbazk/Projects/DFS_Semi_Streaming/input/random_graphs/graph_50_1225_UNIFORM_4040737767143389431.txt (Time: 0.00s)
📦 COPIED from HDD: /media/HDD/Projects/ExpDFS/graph_50_1225_UNIFORM_1250005700364523649.txt -> /home/shahbazk/Projects/DFS_Semi_Streaming/input/random_graphs/graph_50_1225_UNIFORM_1250005700364523649.txt (Time: 0.00s)
📦 COPIED from HDD: /media/HDD/Projects/ExpDFS/graph_50_1225_UNIFORM_320375091487821987.txt -> /home/shahbazk/Projects/DFS_Semi_Streaming/input/random_graphs/graph_50_1225_UNIFORM_320375091487821987.txt (Time: 0.00s)
📦 COPIED from HDD: /media/HDD/Projects/ExpDFS/graph_50_1225_UNIFORM_3010622984418968408.txt -> /home/shahbazk/Projects/DFS_Semi_Streaming/input/random_graphs/graph_50_1225_UNIFORM_3010622984418968408.txt (Time: 0.00s)
📦 COPIED from HDD: /media/HDD/Projects/ExpDFS/graph_50_1225_UNIFORM_5142811650494845597.txt -> /home/shahbazk/Projects/DFS_Semi_Streaming/input/random_graphs/graph_50_1225_UNIFORM_5142811650494845597.txt (Time: 0.00s)
📦 COPIED from HDD: /media/HDD/Projects/ExpDFS/graph_50_1225_UNIFORM_2429002973740178792.txt -> /home/shahbazk/Projects/DFS_Semi_Streaming/input/random_graphs/graph_50_1225_UNIFORM_2429002973740178792.txt (Time: 0.00s)
📦 COPIED from HDD: /media/HDD/Projects/ExpDFS/graph_50_1225_UNIFORM_1353182403971399009.txt -> /home/shahbazk/Projects/DFS_Semi_Streaming/input/random_graphs/graph_50_1225_UNIFORM_1353182403971399009.txt (Time: 0.00s)
📦 COPIED from HDD: /media/HDD/Projects/ExpDFS/graph_50_1225_UNIFORM_6938562734920028532.txt -> /home/shahbazk/Projects/DFS_Semi_Streaming/input/random_graphs/graph_50_1225_UNIFORM_6938562734920028532.txt (Time: 0.00s)
📦 COPIED from HDD: /media/HDD/Projects/ExpDFS/graph_50_1225_UNIFORM_7663871783842725848.txt -> /home/shahbazk/Projects/DFS_Semi_Streaming/input/random_graphs/graph_50_1225_UNIFORM_7663871783842725848.txt (Time: 0.00s)
📦 COPIED from HDD: /media/HDD/Projects/ExpDFS/graph_50_1225_UNIFORM_5906957480796939447.txt -> /home/shahbazk/Projects/DFS_Semi_Streaming/input/random_graphs/graph_50_1225_UNIFORM_5906957480796939447.txt (Time: 0.00s)
📦 COPIED from HDD: /media/HDD/Projects/ExpDFS/graph_50_1225_UNIFORM_7473196763798409428.txt -> /home/shahbazk/Projects/DFS_Semi_Streaming/input/random_graphs/graph_50_1225_UNIFORM_7473196763798409428.txt (Time: 0.00s)
📦 COPIED from HDD: /media/HDD/Projects/ExpDFS/graph_50_1225_UNIFORM_1309542850049879452.txt -> /home/shahbazk/Projects/DFS_Semi_Streaming/input/random_graphs/graph_50_1225_UNIFORM_1309542850049879452.txt (Time: 0.00s)
📦 COPIED from HDD: /media/HDD/Projects/ExpDFS/graph_50_1225_UNIFORM_6002685213311538187.txt -> /home/shahbazk/Projects/DFS_Semi_Streaming/input/random_graphs/graph_50_1225_UNIFORM_6002685213311538187.txt (Time: 0.00s)
📦 COPIED from HDD: /media/HDD/Projects/ExpDFS/graph_50_1225_UNIFORM_3438400432146115956.txt -> /home/shahbazk/Projects/DFS_Semi_Streaming/input/random_graphs/graph_50_1225_UNIFORM_3438400432146115956.txt (Time: 0.00s)
📦 COPIED from HDD: /media/HDD/Projects/ExpDFS/graph_50_1225_UNIFORM_7146860528564146064.txt -> /home/shahbazk/Projects/DFS_Semi_Streaming/input/random_graphs/graph_50_1225_UNIFORM_7146860528564146064.txt (Time: 0.00s)
📦 COPIED from HDD: /media/HDD/Projects/ExpDFS/graph_50_1225_UNIFORM_5139481885857321791.txt -> /home/shahbazk/Projects/DFS_Semi_Streaming/input/random_graphs/graph_50_1225_UNIFORM_5139481885857321791.txt (Time: 0.00s)
📦 COPIED from HDD: /media/HDD/Projects/ExpDFS/graph_50_1225_UNIFORM_1250773459040295677.txt -> /home/shahbazk/Projects/DFS_Semi_Streaming/input/random_graphs/graph_50_1225_UNIFORM_1250773459040295677.txt (Time: 0.00s)
📦 COPIED from HDD: /media/HDD/Projects/ExpDFS/graph_50_1225_UNIFORM_5708372698381010775.txt -> /home/shahbazk/Projects/DFS_Semi_Streaming/input/random_graphs/graph_50_1225_UNIFORM_5708372698381010775.txt (Time: 0.00s)
📦 COPIED from HDD: /media/HDD/Projects/ExpDFS/graph_50_1225_UNIFORM_521787134863155063.txt -> /home/shahbazk/Projects/DFS_Semi_Streaming/input/random_graphs/graph_50_1225_UNIFORM_521787134863155063.txt (Time: 0.00s)
📦 COPIED from HDD: /media/HDD/Projects/ExpDFS/graph_50_1225_UNIFORM_1731523882129807996.txt -> /home/shahbazk/Projects/DFS_Semi_Streaming/input/random_graphs/graph_50_1225_UNIFORM_1731523882129807996.txt (Time: 0.00s)
📦 COPIED from HDD: /media/HDD/Projects/ExpDFS/graph_50_1225_UNIFORM_5529616217668449934.txt -> /home/shahbazk/Projects/DFS_Semi_Streaming/input/random_graphs/graph_50_1225_UNIFORM_5529616217668449934.txt (Time: 0.00s)
📦 COPIED from HDD: /media/HDD/Projects/ExpDFS/graph_50_1225_UNIFORM_1853590723603270879.txt -> /home/shahbazk/Projects/DFS_Semi_Streaming/input/random_graphs/graph_50_1225_UNIFORM_1853590723603270879.txt (Time: 0.00s)
📦 COPIED from HDD: /media/HDD/Projects/ExpDFS/graph_50_1225_UNIFORM_3224265581699847191.txt -> /home/shahbazk/Projects/DFS_Semi_Streaming/input/random_graphs/graph_50_1225_UNIFORM_3224265581699847191.txt (Time: 0.00s)
📦 COPIED from HDD: /media/HDD/Projects/ExpDFS/graph_50_1225_UNIFORM_7029781962072644698.txt -> /home/shahbazk/Projects/DFS_Semi_Streaming/input/random_graphs/graph_50_1225_UNIFORM_7029781962072644698.txt (Time: 0.00s)
📦 COPIED from HDD: /media/HDD/Projects/ExpDFS/graph_50_1225_UNIFORM_1024517563182776983.txt -> /home/shahbazk/Projects/DFS_Semi_Streaming/input/random_graphs/graph_50_1225_UNIFORM_1024517563182776983.txt (Time: 0.00s)
📦 COPIED from HDD: /media/HDD/Projects/ExpDFS/graph_50_1225_UNIFORM_6785030173969523435.txt -> /home/shahbazk/Projects/DFS_Semi_Streaming/input/random_graphs/graph_50_1225_UNIFORM_6785030173969523435.txt (Time: 0.00s)
📦 COPIED from HDD: /media/HDD/Projects/ExpDFS/graph_50_1225_UNIFORM_7706236040662210848.txt -> /home/shahbazk/Projects/DFS_Semi_Streaming/input/random_graphs/graph_50_1225_UNIFORM_7706236040662210848.txt (Time: 0.00s)
📦 COPIED from HDD: /media/HDD/Projects/ExpDFS/graph_50_1225_UNIFORM_824387247617288499.txt -> /home/shahbazk/Projects/DFS_Semi_Streaming/input/random_graphs/graph_50_1225_UNIFORM_824387247617288499.txt (Time: 0.00s)
📦 COPIED from HDD: /media/HDD/Projects/ExpDFS/graph_50_1225_UNIFORM_1647170069535670909.txt -> /home/shahbazk/Projects/DFS_Semi_Streaming/input/random_graphs/graph_50_1225_UNIFORM_1647170069535670909.txt (Time: 0.00s)
📦 COPIED from HDD: /media/HDD/Projects/ExpDFS/graph_50_1225_UNIFORM_5258051056098597521.txt -> /home/shahbazk/Projects/DFS_Semi_Streaming/input/random_graphs/graph_50_1225_UNIFORM_5258051056098597521.txt (Time: 0.00s)
📦 COPIED from HDD: /media/HDD/Projects/ExpDFS/graph_50_1225_UNIFORM_1632192924771168275.txt -> /home/shahbazk/Projects/DFS_Semi_Streaming/input/random_graphs/graph_50_1225_UNIFORM_1632192924771168275.txt (Time: 0.00s)
📦 COPIED from HDD: /media/HDD/Projects/ExpDFS/graph_50_1225_UNIFORM_6802378520969450157.txt -> /home/shahbazk/Projects/DFS_Semi_Streaming/input/random_graphs/graph_50_1225_UNIFORM_6802378520969450157.txt (Time: 0.00s)
📦 COPIED from HDD: /media/HDD/Projects/ExpDFS/graph_50_1225_UNIFORM_4122784633514911760.txt -> /home/shahbazk/Projects/DFS_Semi_Streaming/input/random_graphs/graph_50_1225_UNIFORM_4122784633514911760.txt (Time: 0.00s)
📦 COPIED from HDD: /media/HDD/Projects/ExpDFS/graph_50_1225_UNIFORM_7161906730445628483.txt -> /home/shahbazk/Projects/DFS_Semi_Streaming/input/random_graphs/graph_50_1225_UNIFORM_7161906730445628483.txt (Time: 0.00s)
📦 COPIED from HDD: /media/HDD/Projects/ExpDFS/graph_50_1225_UNIFORM_8031431416522537101.txt -> /home/shahbazk/Projects/DFS_Semi_Streaming/input/random_graphs/graph_50_1225_UNIFORM_8031431416522537101.txt (Time: 0.00s)
📦 COPIED from HDD: /media/HDD/Projects/ExpDFS/graph_50_1225_UNIFORM_5636411189175451024.txt -> /home/shahbazk/Projects/DFS_Semi_Streaming/input/random_graphs/graph_50_1225_UNIFORM_5636411189175451024.txt (Time: 0.00s)
📦 COPIED from HDD: /media/HDD/Projects/ExpDFS/graph_50_1225_UNIFORM_6143643868734370809.txt -> /home/shahbazk/Projects/DFS_Semi_Streaming/input/random_graphs/graph_50_1225_UNIFORM_6143643868734370809.txt (Time: 0.01s)
📦 COPIED from HDD: /media/HDD/Projects/ExpDFS/graph_50_1225_UNIFORM_7917045922527545890.txt -> /home/shahbazk/Projects/DFS_Semi_Streaming/input/random_graphs/graph_50_1225_UNIFORM_7917045922527545890.txt (Time: 0.01s)
📦 COPIED from HDD: /media/HDD/Projects/ExpDFS/graph_50_1225_UNIFORM_3272308573967577038.txt -> /home/shahbazk/Projects/DFS_Semi_Streaming/input/random_graphs/graph_50_1225_UNIFORM_3272308573967577038.txt (Time: 0.01s)
📦 COPIED from HDD: /media/HDD/Projects/ExpDFS/graph_50_1225_UNIFORM_4552998297316576788.txt -> /home/shahbazk/Projects/DFS_Semi_Streaming/input/random_graphs/graph_50_1225_UNIFORM_4552998297316576788.txt (Time: 0.01s)
📦 COPIED from HDD: /media/HDD/Projects/ExpDFS/graph_50_1225_UNIFORM_5349491008325879064.txt -> /home/shahbazk/Projects/DFS_Semi_Streaming/input/random_graphs/graph_50_1225_UNIFORM_5349491008325879064.txt (Time: 0.01s)
📦 COPIED from HDD: /media/HDD/Projects/ExpDFS/graph_50_1225_UNIFORM_3865339568260874865.txt -> /home/shahbazk/Projects/DFS_Semi_Streaming/input/random_graphs/graph_50_1225_UNIFORM_3865339568260874865.txt (Time: 0.01s)
📦 COPIED from HDD: /media/HDD/Projects/ExpDFS/graph_50_1225_UNIFORM_7921282862123281598.txt -> /home/shahbazk/Projects/DFS_Semi_Streaming/input/random_graphs/graph_50_1225_UNIFORM_7921282862123281598.txt (Time: 0.01s)
📦 COPIED from HDD: /media/HDD/Projects/ExpDFS/graph_50_1225_UNIFORM_6614505080519948832.txt -> /home/shahbazk/Projects/DFS_Semi_Streaming/input/random_graphs/graph_50_1225_UNIFORM_6614505080519948832.txt (Time: 0.01s)
📦 COPIED from HDD: /media/HDD/Projects/ExpDFS/graph_50_1225_UNIFORM_1128313391724783137.txt -> /home/shahbazk/Projects/DFS_Semi_Streaming/input/random_graphs/graph_50_1225_UNIFORM_1128313391724783137.txt (Time: 0.01s)
📦 COPIED from HDD: /media/HDD/Projects/ExpDFS/graph_50_1225_UNIFORM_6224222471595207695.txt -> /home/shahbazk/Projects/DFS_Semi_Streaming/input/random_graphs/graph_50_1225_UNIFORM_6224222471595207695.txt (Time: 0.01s)
📦 COPIED from HDD: /media/HDD/Projects/ExpDFS/graph_50_1225_UNIFORM_4445925461710302877.txt -> /home/shahbazk/Projects/DFS_Semi_Streaming/input/random_graphs/graph_50_1225_UNIFORM_4445925461710302877.txt (Time: 0.01s)
📦 COPIED from HDD: /media/HDD/Projects/ExpDFS/graph_50_1225_UNIFORM_716820155901718944.txt -> /home/shahbazk/Projects/DFS_Semi_Streaming/input/random_graphs/graph_50_1225_UNIFORM_716820155901718944.txt (Time: 0.01s)
📦 COPIED from HDD: /media/HDD/Projects/ExpDFS/graph_50_1225_UNIFORM_5063475852268941542.txt -> /home/shahbazk/Projects/DFS_Semi_Streaming/input/random_graphs/graph_50_1225_UNIFORM_5063475852268941542.txt (Time: 0.01s)
📦 COPIED from HDD: /media/HDD/Projects/ExpDFS/graph_50_1225_UNIFORM_7938560551762094560.txt -> /home/shahbazk/Projects/DFS_Semi_Streaming/input/random_graphs/graph_50_1225_UNIFORM_7938560551762094560.txt (Time: 0.01s)
📦 COPIED from HDD: /media/HDD/Projects/ExpDFS/graph_50_1225_UNIFORM_4997514996153925447.txt -> /home/shahbazk/Projects/DFS_Semi_Streaming/input/random_graphs/graph_50_1225_UNIFORM_4997514996153925447.txt (Time: 0.01s)
📦 COPIED from HDD: /media/HDD/Projects/ExpDFS/graph_50_1225_UNIFORM_3817405844514670994.txt -> /home/shahbazk/Projects/DFS_Semi_Streaming/input/random_graphs/graph_50_1225_UNIFORM_3817405844514670994.txt (Time: 0.01s)
📦 COPIED from HDD: /media/HDD/Projects/ExpDFS/graph_50_1225_UNIFORM_8446481348147407377.txt -> /home/shahbazk/Projects/DFS_Semi_Streaming/input/random_graphs/graph_50_1225_UNIFORM_8446481348147407377.txt (Time: 0.01s)
📦 COPIED from HDD: /media/HDD/Projects/ExpDFS/graph_50_1225_UNIFORM_6529943913552561417.txt -> /home/shahbazk/Projects/DFS_Semi_Streaming/input/random_graphs/graph_50_1225_UNIFORM_6529943913552561417.txt (Time: 0.01s)
📦 COPIED from HDD: /media/HDD/Projects/ExpDFS/graph_50_1225_UNIFORM_199422815561151340.txt -> /home/shahbazk/Projects/DFS_Semi_Streaming/input/random_graphs/graph_50_1225_UNIFORM_199422815561151340.txt (Time: 0.01s)
📦 COPIED from HDD: /media/HDD/Projects/ExpDFS/graph_50_1225_UNIFORM_2909934787168262407.txt -> /home/shahbazk/Projects/DFS_Semi_Streaming/input/random_graphs/graph_50_1225_UNIFORM_2909934787168262407.txt (Time: 0.01s)
📦 COPIED from HDD: /media/HDD/Projects/ExpDFS/graph_50_1225_UNIFORM_6022436717541034636.txt -> /home/shahbazk/Projects/DFS_Semi_Streaming/input/random_graphs/graph_50_1225_UNIFORM_6022436717541034636.txt (Time: 0.01s)
📦 COPIED from HDD: /media/HDD/Projects/ExpDFS/graph_50_1225_UNIFORM_8718380604043999642.txt -> /home/shahbazk/Projects/DFS_Semi_Streaming/input/random_graphs/graph_50_1225_UNIFORM_8718380604043999642.txt (Time: 0.01s)
📦 COPIED from HDD: /media/HDD/Projects/ExpDFS/graph_50_1225_UNIFORM_1170385908854608748.txt -> /home/shahbazk/Projects/DFS_Semi_Streaming/input/random_graphs/graph_50_1225_UNIFORM_1170385908854608748.txt (Time: 0.01s)
📦 COPIED from HDD: /media/HDD/Projects/ExpDFS/graph_50_1225_UNIFORM_3713827327871807734.txt -> /home/shahbazk/Projects/DFS_Semi_Streaming/input/random_graphs/graph_50_1225_UNIFORM_3713827327871807734.txt (Time: 0.00s)
📦 COPIED from HDD: /media/HDD/Projects/ExpDFS/graph_50_1225_UNIFORM_175493991617213850.txt -> /home/shahbazk/Projects/DFS_Semi_Streaming/input/random_graphs/graph_50_1225_UNIFORM_175493991617213850.txt (Time: 0.00s)
📦 COPIED from HDD: /media/HDD/Projects/ExpDFS/graph_50_1225_UNIFORM_5108599054664628607.txt -> /home/shahbazk/Projects/DFS_Semi_Streaming/input/random_graphs/graph_50_1225_UNIFORM_5108599054664628607.txt (Time: 0.00s)
📦 COPIED from HDD: /media/HDD/Projects/ExpDFS/graph_50_1225_UNIFORM_7644420139408884785.txt -> /home/shahbazk/Projects/DFS_Semi_Streaming/input/random_graphs/graph_50_1225_UNIFORM_7644420139408884785.txt (Time: 0.00s)
📦 COPIED from HDD: /media/HDD/Projects/ExpDFS/graph_50_1225_UNIFORM_2089506265998900862.txt -> /home/shahbazk/Projects/DFS_Semi_Streaming/input/random_graphs/graph_50_1225_UNIFORM_2089506265998900862.txt (Time: 0.00s)
📦 COPIED from HDD: /media/HDD/Projects/ExpDFS/graph_50_1225_UNIFORM_1332005502874566195.txt -> /home/shahbazk/Projects/DFS_Semi_Streaming/input/random_graphs/graph_50_1225_UNIFORM_1332005502874566195.txt (Time: 0.00s)
📦 COPIED from HDD: /media/HDD/Projects/ExpDFS/graph_50_1225_UNIFORM_4250897495980125004.txt -> /home/shahbazk/Projects/DFS_Semi_Streaming/input/random_graphs/graph_50_1225_UNIFORM_4250897495980125004.txt (Time: 0.00s)
📦 COPIED from HDD: /media/HDD/Projects/ExpDFS/graph_50_1225_UNIFORM_8626102704817790064.txt -> /home/shahbazk/Projects/DFS_Semi_Streaming/input/random_graphs/graph_50_1225_UNIFORM_8626102704817790064.txt (Time: 0.00s)
📦 COPIED from HDD: /media/HDD/Projects/ExpDFS/graph_50_1225_UNIFORM_8448596294177070022.txt -> /home/shahbazk/Projects/DFS_Semi_Streaming/input/random_graphs/graph_50_1225_UNIFORM_8448596294177070022.txt (Time: 0.00s)
📦 COPIED from HDD: /media/HDD/Projects/ExpDFS/graph_50_1225_UNIFORM_4934890601268679176.txt -> /home/shahbazk/Projects/DFS_Semi_Streaming/input/random_graphs/graph_50_1225_UNIFORM_4934890601268679176.txt (Time: 0.00s)
📦 COPIED from HDD: /media/HDD/Projects/ExpDFS/graph_50_1225_UNIFORM_6764066939395682287.txt -> /home/shahbazk/Projects/DFS_Semi_Streaming/input/random_graphs/graph_50_1225_UNIFORM_6764066939395682287.txt (Time: 0.00s)
📦 COPIED from HDD: /media/HDD/Projects/ExpDFS/graph_50_1225_UNIFORM_9130666990809746335.txt -> /home/shahbazk/Projects/DFS_Semi_Streaming/input/random_graphs/graph_50_1225_UNIFORM_9130666990809746335.txt (Time: 0.00s)
📦 COPIED from HDD: /media/HDD/Projects/ExpDFS/graph_50_1225_UNIFORM_1392892770529522614.txt -> /home/shahbazk/Projects/DFS_Semi_Streaming/input/random_graphs/graph_50_1225_UNIFORM_1392892770529522614.txt (Time: 0.00s)
📦 COPIED from HDD: /media/HDD/Projects/ExpDFS/graph_50_1225_UNIFORM_8794274795737982182.txt -> /home/shahbazk/Projects/DFS_Semi_Streaming/input/random_graphs/graph_50_1225_UNIFORM_8794274795737982182.txt (Time: 0.00s)
📦 COPIED from HDD: /media/HDD/Projects/ExpDFS/graph_50_1225_UNIFORM_1458186392400727732.txt -> /home/shahbazk/Projects/DFS_Semi_Streaming/input/random_graphs/graph_50_1225_UNIFORM_1458186392400727732.txt (Time: 0.00s)
📦 COPIED from HDD: /media/HDD/Projects/ExpDFS/graph_50_1225_UNIFORM_4060584409398689268.txt -> /home/shahbazk/Projects/DFS_Semi_Streaming/input/random_graphs/graph_50_1225_UNIFORM_4060584409398689268.txt (Time: 0.00s)
📦 COPIED from HDD: /media/HDD/Projects/ExpDFS/graph_50_1225_UNIFORM_5497874167834979553.txt -> /home/shahbazk/Projects/DFS_Semi_Streaming/input/random_graphs/graph_50_1225_UNIFORM_5497874167834979553.txt (Time: 0.00s)
📦 COPIED from HDD: /media/HDD/Projects/ExpDFS/graph_50_1225_UNIFORM_9060210648189963449.txt -> /home/shahbazk/Projects/DFS_Semi_Streaming/input/random_graphs/graph_50_1225_UNIFORM_9060210648189963449.txt (Time: 0.00s)
📦 COPIED from HDD: /media/HDD/Projects/ExpDFS/graph_50_1225_UNIFORM_7905487461282246979.txt -> /home/shahbazk/Projects/DFS_Semi_Streaming/input/random_graphs/graph_50_1225_UNIFORM_7905487461282246979.txt (Time: 0.00s)
📦 COPIED from HDD: /media/HDD/Projects/ExpDFS/graph_50_1225_UNIFORM_4795749165124911768.txt -> /home/shahbazk/Projects/DFS_Semi_Streaming/input/random_graphs/graph_50_1225_UNIFORM_4795749165124911768.txt (Time: 0.00s)
📦 COPIED from HDD: /media/HDD/Projects/ExpDFS/graph_50_1225_UNIFORM_1992204328026194281.txt -> /home/shahbazk/Projects/DFS_Semi_Streaming/input/random_graphs/graph_50_1225_UNIFORM_1992204328026194281.txt (Time: 0.00s)
📦 COPIED from HDD: /media/HDD/Projects/ExpDFS/graph_50_1225_UNIFORM_7118744415197196276.txt -> /home/shahbazk/Projects/DFS_Semi_Streaming/input/random_graphs/graph_50_1225_UNIFORM_7118744415197196276.txt (Time: 0.00s)
📦 COPIED from HDD: /media/HDD/Projects/ExpDFS/graph_50_1225_UNIFORM_1722224698700348310.txt -> /home/shahbazk/Projects/DFS_Semi_Streaming/input/random_graphs/graph_50_1225_UNIFORM_1722224698700348310.txt (Time: 0.00s)
📦 COPIED from HDD: /media/HDD/Projects/ExpDFS/graph_50_1225_UNIFORM_7449662661572224354.txt -> /home/shahbazk/Projects/DFS_Semi_Streaming/input/random_graphs/graph_50_1225_UNIFORM_7449662661572224354.txt (Time: 0.00s)
📦 COPIED from HDD: /media/HDD/Projects/ExpDFS/graph_50_1225_UNIFORM_8867616339855336876.txt -> /home/shahbazk/Projects/DFS_Semi_Streaming/input/random_graphs/graph_50_1225_UNIFORM_8867616339855336876.txt (Time: 0.00s)
📦 COPIED from HDD: /media/HDD/Projects/ExpDFS/graph_50_1225_UNIFORM_5894893360759659423.txt -> /home/shahbazk/Projects/DFS_Semi_Streaming/input/random_graphs/graph_50_1225_UNIFORM_5894893360759659423.txt (Time: 0.00s)
📦 COPIED from HDD: /media/HDD/Projects/ExpDFS/graph_50_1225_UNIFORM_4940913311242578590.txt -> /home/shahbazk/Projects/DFS_Semi_Streaming/input/random_graphs/graph_50_1225_UNIFORM_4940913311242578590.txt (Time: 0.00s)
📦 COPIED from HDD: /media/HDD/Projects/ExpDFS/graph_50_1225_UNIFORM_7983805977214098674.txt -> /home/shahbazk/Projects/DFS_Semi_Streaming/input/random_graphs/graph_50_1225_UNIFORM_7983805977214098674.txt (Time: 0.00s)
📦 COPIED from HDD: /media/HDD/Projects/ExpDFS/graph_50_1225_UNIFORM_2718103348384927511.txt -> /home/shahbazk/Projects/DFS_Semi_Streaming/input/random_graphs/graph_50_1225_UNIFORM_2718103348384927511.txt (Time: 0.00s)
📦 COPIED from HDD: /media/HDD/Projects/ExpDFS/graph_50_1225_UNIFORM_7632458674696225362.txt -> /home/shahbazk/Projects/DFS_Semi_Streaming/input/random_graphs/graph_50_1225_UNIFORM_7632458674696225362.txt (Time: 0.00s)
📦 COPIED from HDD: /media/HDD/Projects/ExpDFS/graph_50_1225_UNIFORM_9059990922233379852.txt -> /home/shahbazk/Projects/DFS_Semi_Streaming/input/random_graphs/graph_50_1225_UNIFORM_9059990922233379852.txt (Time: 0.00s)
📦 COPIED from HDD: /media/HDD/Projects/ExpDFS/graph_50_1225_UNIFORM_2264398621601381987.txt -> /home/shahbazk/Projects/DFS_Semi_Streaming/input/random_graphs/graph_50_1225_UNIFORM_2264398621601381987.txt (Time: 0.00s)
📦 COPIED from HDD: /media/HDD/Projects/ExpDFS/graph_50_1225_UNIFORM_3221421291694197220.txt -> /home/shahbazk/Projects/DFS_Semi_Streaming/input/random_graphs/graph_50_1225_UNIFORM_3221421291694197220.txt (Time: 0.00s)
📦 COPIED from HDD: /media/HDD/Projects/ExpDFS/graph_60_1770_UNIFORM_7871178979383552919.txt -> /home/shahbazk/Projects/DFS_Semi_Streaming/input/random_graphs/graph_60_1770_UNIFORM_7871178979383552919.txt (Time: 0.00s)
📦 COPIED from HDD: /media/HDD/Projects/ExpDFS/graph_60_1770_UNIFORM_7032710160631691991.txt -> /home/shahbazk/Projects/DFS_Semi_Streaming/input/random_graphs/graph_60_1770_UNIFORM_7032710160631691991.txt (Time: 0.00s)
📦 COPIED from HDD: /media/HDD/Projects/ExpDFS/graph_60_1770_UNIFORM_3881801951614183357.txt -> /home/shahbazk/Projects/DFS_Semi_Streaming/input/random_graphs/graph_60_1770_UNIFORM_3881801951614183357.txt (Time: 0.00s)
📦 COPIED from HDD: /media/HDD/Projects/ExpDFS/graph_60_1770_UNIFORM_1070244953599069350.txt -> /home/shahbazk/Projects/DFS_Semi_Streaming/input/random_graphs/graph_60_1770_UNIFORM_1070244953599069350.txt (Time: 0.00s)
📦 COPIED from HDD: /media/HDD/Projects/ExpDFS/graph_60_1770_UNIFORM_521787134863155063.txt -> /home/shahbazk/Projects/DFS_Semi_Streaming/input/random_graphs/graph_60_1770_UNIFORM_521787134863155063.txt (Time: 0.00s)
📦 COPIED from HDD: /media/HDD/Projects/ExpDFS/graph_60_1770_UNIFORM_4040737767143389431.txt -> /home/shahbazk/Projects/DFS_Semi_Streaming/input/random_graphs/graph_60_1770_UNIFORM_4040737767143389431.txt (Time: 0.00s)
📦 COPIED from HDD: /media/HDD/Projects/ExpDFS/graph_60_1770_UNIFORM_6522163754831416203.txt -> /home/shahbazk/Projects/DFS_Semi_Streaming/input/random_graphs/graph_60_1770_UNIFORM_6522163754831416203.txt (Time: 0.00s)
📦 COPIED from HDD: /media/HDD/Projects/ExpDFS/graph_60_1770_UNIFORM_3010622984418968408.txt -> /home/shahbazk/Projects/DFS_Semi_Streaming/input/random_graphs/graph_60_1770_UNIFORM_3010622984418968408.txt (Time: 0.00s)
📦 COPIED from HDD: /media/HDD/Projects/ExpDFS/graph_60_1770_UNIFORM_1309542850049879452.txt -> /home/shahbazk/Projects/DFS_Semi_Streaming/input/random_graphs/graph_60_1770_UNIFORM_1309542850049879452.txt (Time: 0.00s)
📦 COPIED from HDD: /media/HDD/Projects/ExpDFS/graph_60_1770_UNIFORM_1353182403971399009.txt -> /home/shahbazk/Projects/DFS_Semi_Streaming/input/random_graphs/graph_60_1770_UNIFORM_1353182403971399009.txt (Time: 0.00s)
📦 COPIED from HDD: /media/HDD/Projects/ExpDFS/graph_60_1770_UNIFORM_320375091487821987.txt -> /home/shahbazk/Projects/DFS_Semi_Streaming/input/random_graphs/graph_60_1770_UNIFORM_320375091487821987.txt (Time: 0.00s)
📦 COPIED from HDD: /media/HDD/Projects/ExpDFS/graph_60_1770_UNIFORM_7599700178212337699.txt -> /home/shahbazk/Projects/DFS_Semi_Streaming/input/random_graphs/graph_60_1770_UNIFORM_7599700178212337699.txt (Time: 0.00s)
📦 COPIED from HDD: /media/HDD/Projects/ExpDFS/graph_60_1770_UNIFORM_7146860528564146064.txt -> /home/shahbazk/Projects/DFS_Semi_Streaming/input/random_graphs/graph_60_1770_UNIFORM_7146860528564146064.txt (Time: 0.00s)
📦 COPIED from HDD: /media/HDD/Projects/ExpDFS/graph_60_1770_UNIFORM_5739955973604961613.txt -> /home/shahbazk/Projects/DFS_Semi_Streaming/input/random_graphs/graph_60_1770_UNIFORM_5739955973604961613.txt (Time: 0.00s)
📦 COPIED from HDD: /media/HDD/Projects/ExpDFS/graph_60_1770_UNIFORM_6230961512046992311.txt -> /home/shahbazk/Projects/DFS_Semi_Streaming/input/random_graphs/graph_60_1770_UNIFORM_6230961512046992311.txt (Time: 0.00s)
📦 COPIED from HDD: /media/HDD/Projects/ExpDFS/graph_60_1770_UNIFORM_1250005700364523649.txt -> /home/shahbazk/Projects/DFS_Semi_Streaming/input/random_graphs/graph_60_1770_UNIFORM_1250005700364523649.txt (Time: 0.00s)
📦 COPIED from HDD: /media/HDD/Projects/ExpDFS/graph_60_1770_UNIFORM_5139481885857321791.txt -> /home/shahbazk/Projects/DFS_Semi_Streaming/input/random_graphs/graph_60_1770_UNIFORM_5139481885857321791.txt (Time: 0.00s)
📦 COPIED from HDD: /media/HDD/Projects/ExpDFS/graph_60_1770_UNIFORM_2429002973740178792.txt -> /home/shahbazk/Projects/DFS_Semi_Streaming/input/random_graphs/graph_60_1770_UNIFORM_2429002973740178792.txt (Time: 0.00s)
📦 COPIED from HDD: /media/HDD/Projects/ExpDFS/graph_60_1770_UNIFORM_6938562734920028532.txt -> /home/shahbazk/Projects/DFS_Semi_Streaming/input/random_graphs/graph_60_1770_UNIFORM_6938562734920028532.txt (Time: 0.00s)
📦 COPIED from HDD: /media/HDD/Projects/ExpDFS/graph_60_1770_UNIFORM_5906957480796939447.txt -> /home/shahbazk/Projects/DFS_Semi_Streaming/input/random_graphs/graph_60_1770_UNIFORM_5906957480796939447.txt (Time: 0.00s)
📦 COPIED from HDD: /media/HDD/Projects/ExpDFS/graph_60_1770_UNIFORM_1250773459040295677.txt -> /home/shahbazk/Projects/DFS_Semi_Streaming/input/random_graphs/graph_60_1770_UNIFORM_1250773459040295677.txt (Time: 0.00s)
📦 COPIED from HDD: /media/HDD/Projects/ExpDFS/graph_60_1770_UNIFORM_3438400432146115956.txt -> /home/shahbazk/Projects/DFS_Semi_Streaming/input/random_graphs/graph_60_1770_UNIFORM_3438400432146115956.txt (Time: 0.00s)
📦 COPIED from HDD: /media/HDD/Projects/ExpDFS/graph_60_1770_UNIFORM_5142811650494845597.txt -> /home/shahbazk/Projects/DFS_Semi_Streaming/input/random_graphs/graph_60_1770_UNIFORM_5142811650494845597.txt (Time: 0.00s)
📦 COPIED from HDD: /media/HDD/Projects/ExpDFS/graph_60_1770_UNIFORM_7473196763798409428.txt -> /home/shahbazk/Projects/DFS_Semi_Streaming/input/random_graphs/graph_60_1770_UNIFORM_7473196763798409428.txt (Time: 0.00s)
📦 COPIED from HDD: /media/HDD/Projects/ExpDFS/graph_60_1770_UNIFORM_7663871783842725848.txt -> /home/shahbazk/Projects/DFS_Semi_Streaming/input/random_graphs/graph_60_1770_UNIFORM_7663871783842725848.txt (Time: 0.00s)
📦 COPIED from HDD: /media/HDD/Projects/ExpDFS/graph_60_1770_UNIFORM_6002685213311538187.txt -> /home/shahbazk/Projects/DFS_Semi_Streaming/input/random_graphs/graph_60_1770_UNIFORM_6002685213311538187.txt (Time: 0.00s)
📦 COPIED from HDD: /media/HDD/Projects/ExpDFS/graph_60_1770_UNIFORM_1731523882129807996.txt -> /home/shahbazk/Projects/DFS_Semi_Streaming/input/random_graphs/graph_60_1770_UNIFORM_1731523882129807996.txt (Time: 0.00s)
📦 COPIED from HDD: /media/HDD/Projects/ExpDFS/graph_60_1770_UNIFORM_5708372698381010775.txt -> /home/shahbazk/Projects/DFS_Semi_Streaming/input/random_graphs/graph_60_1770_UNIFORM_5708372698381010775.txt (Time: 0.00s)
📦 COPIED from HDD: /media/HDD/Projects/ExpDFS/graph_60_1770_UNIFORM_7029781962072644698.txt -> /home/shahbazk/Projects/DFS_Semi_Streaming/input/random_graphs/graph_60_1770_UNIFORM_7029781962072644698.txt (Time: 0.00s)
📦 COPIED from HDD: /media/HDD/Projects/ExpDFS/graph_60_1770_UNIFORM_5529616217668449934.txt -> /home/shahbazk/Projects/DFS_Semi_Streaming/input/random_graphs/graph_60_1770_UNIFORM_5529616217668449934.txt (Time: 0.00s)
📦 COPIED from HDD: /media/HDD/Projects/ExpDFS/graph_60_1770_UNIFORM_1853590723603270879.txt -> /home/shahbazk/Projects/DFS_Semi_Streaming/input/random_graphs/graph_60_1770_UNIFORM_1853590723603270879.txt (Time: 0.00s)
📦 COPIED from HDD: /media/HDD/Projects/ExpDFS/graph_60_1770_UNIFORM_3224265581699847191.txt -> /home/shahbazk/Projects/DFS_Semi_Streaming/input/random_graphs/graph_60_1770_UNIFORM_3224265581699847191.txt (Time: 0.00s)
📦 COPIED from HDD: /media/HDD/Projects/ExpDFS/graph_60_1770_UNIFORM_1647170069535670909.txt -> /home/shahbazk/Projects/DFS_Semi_Streaming/input/random_graphs/graph_60_1770_UNIFORM_1647170069535670909.txt (Time: 0.00s)
📦 COPIED from HDD: /media/HDD/Projects/ExpDFS/graph_60_1770_UNIFORM_1024517563182776983.txt -> /home/shahbazk/Projects/DFS_Semi_Streaming/input/random_graphs/graph_60_1770_UNIFORM_1024517563182776983.txt (Time: 0.00s)
📦 COPIED from HDD: /media/HDD/Projects/ExpDFS/graph_60_1770_UNIFORM_1632192924771168275.txt -> /home/shahbazk/Projects/DFS_Semi_Streaming/input/random_graphs/graph_60_1770_UNIFORM_1632192924771168275.txt (Time: 0.00s)
📦 COPIED from HDD: /media/HDD/Projects/ExpDFS/graph_60_1770_UNIFORM_4122784633514911760.txt -> /home/shahbazk/Projects/DFS_Semi_Streaming/input/random_graphs/graph_60_1770_UNIFORM_4122784633514911760.txt (Time: 0.00s)
📦 COPIED from HDD: /media/HDD/Projects/ExpDFS/graph_60_1770_UNIFORM_7706236040662210848.txt -> /home/shahbazk/Projects/DFS_Semi_Streaming/input/random_graphs/graph_60_1770_UNIFORM_7706236040662210848.txt (Time: 0.00s)
📦 COPIED from HDD: /media/HDD/Projects/ExpDFS/graph_60_1770_UNIFORM_824387247617288499.txt -> /home/shahbazk/Projects/DFS_Semi_Streaming/input/random_graphs/graph_60_1770_UNIFORM_824387247617288499.txt (Time: 0.00s)
📦 COPIED from HDD: /media/HDD/Projects/ExpDFS/graph_60_1770_UNIFORM_7161906730445628483.txt -> /home/shahbazk/Projects/DFS_Semi_Streaming/input/random_graphs/graph_60_1770_UNIFORM_7161906730445628483.txt (Time: 0.00s)
📦 COPIED from HDD: /media/HDD/Projects/ExpDFS/graph_60_1770_UNIFORM_5258051056098597521.txt -> /home/shahbazk/Projects/DFS_Semi_Streaming/input/random_graphs/graph_60_1770_UNIFORM_5258051056098597521.txt (Time: 0.00s)
📦 COPIED from HDD: /media/HDD/Projects/ExpDFS/graph_60_1770_UNIFORM_6785030173969523435.txt -> /home/shahbazk/Projects/DFS_Semi_Streaming/input/random_graphs/graph_60_1770_UNIFORM_6785030173969523435.txt (Time: 0.00s)
📦 COPIED from HDD: /media/HDD/Projects/ExpDFS/graph_60_1770_UNIFORM_6802378520969450157.txt -> /home/shahbazk/Projects/DFS_Semi_Streaming/input/random_graphs/graph_60_1770_UNIFORM_6802378520969450157.txt (Time: 0.00s)
📦 COPIED from HDD: /media/HDD/Projects/ExpDFS/graph_60_1770_UNIFORM_5636411189175451024.txt -> /home/shahbazk/Projects/DFS_Semi_Streaming/input/random_graphs/graph_60_1770_UNIFORM_5636411189175451024.txt (Time: 0.00s)
📦 COPIED from HDD: /media/HDD/Projects/ExpDFS/graph_60_1770_UNIFORM_3272308573967577038.txt -> /home/shahbazk/Projects/DFS_Semi_Streaming/input/random_graphs/graph_60_1770_UNIFORM_3272308573967577038.txt (Time: 0.00s)
📦 COPIED from HDD: /media/HDD/Projects/ExpDFS/graph_60_1770_UNIFORM_4552998297316576788.txt -> /home/shahbazk/Projects/DFS_Semi_Streaming/input/random_graphs/graph_60_1770_UNIFORM_4552998297316576788.txt (Time: 0.00s)
📦 COPIED from HDD: /media/HDD/Projects/ExpDFS/graph_60_1770_UNIFORM_6143643868734370809.txt -> /home/shahbazk/Projects/DFS_Semi_Streaming/input/random_graphs/graph_60_1770_UNIFORM_6143643868734370809.txt (Time: 0.00s)
📦 COPIED from HDD: /media/HDD/Projects/ExpDFS/graph_60_1770_UNIFORM_4445925461710302877.txt -> /home/shahbazk/Projects/DFS_Semi_Streaming/input/random_graphs/graph_60_1770_UNIFORM_4445925461710302877.txt (Time: 0.00s)
📦 COPIED from HDD: /media/HDD/Projects/ExpDFS/graph_60_1770_UNIFORM_8031431416522537101.txt -> /home/shahbazk/Projects/DFS_Semi_Streaming/input/random_graphs/graph_60_1770_UNIFORM_8031431416522537101.txt (Time: 0.00s)
📦 COPIED from HDD: /media/HDD/Projects/ExpDFS/graph_60_1770_UNIFORM_3865339568260874865.txt -> /home/shahbazk/Projects/DFS_Semi_Streaming/input/random_graphs/graph_60_1770_UNIFORM_3865339568260874865.txt (Time: 0.00s)
📦 COPIED from HDD: /media/HDD/Projects/ExpDFS/graph_60_1770_UNIFORM_7921282862123281598.txt -> /home/shahbazk/Projects/DFS_Semi_Streaming/input/random_graphs/graph_60_1770_UNIFORM_7921282862123281598.txt (Time: 0.00s)
📦 COPIED from HDD: /media/HDD/Projects/ExpDFS/graph_60_1770_UNIFORM_5349491008325879064.txt -> /home/shahbazk/Projects/DFS_Semi_Streaming/input/random_graphs/graph_60_1770_UNIFORM_5349491008325879064.txt (Time: 0.00s)
📦 COPIED from HDD: /media/HDD/Projects/ExpDFS/graph_60_1770_UNIFORM_6224222471595207695.txt -> /home/shahbazk/Projects/DFS_Semi_Streaming/input/random_graphs/graph_60_1770_UNIFORM_6224222471595207695.txt (Time: 0.00s)
📦 COPIED from HDD: /media/HDD/Projects/ExpDFS/graph_60_1770_UNIFORM_1128313391724783137.txt -> /home/shahbazk/Projects/DFS_Semi_Streaming/input/random_graphs/graph_60_1770_UNIFORM_1128313391724783137.txt (Time: 0.00s)
📦 COPIED from HDD: /media/HDD/Projects/ExpDFS/graph_60_1770_UNIFORM_716820155901718944.txt -> /home/shahbazk/Projects/DFS_Semi_Streaming/input/random_graphs/graph_60_1770_UNIFORM_716820155901718944.txt (Time: 0.00s)
📦 COPIED from HDD: /media/HDD/Projects/ExpDFS/graph_60_1770_UNIFORM_8718380604043999642.txt -> /home/shahbazk/Projects/DFS_Semi_Streaming/input/random_graphs/graph_60_1770_UNIFORM_8718380604043999642.txt (Time: 0.00s)
📦 COPIED from HDD: /media/HDD/Projects/ExpDFS/graph_60_1770_UNIFORM_8446481348147407377.txt -> /home/shahbazk/Projects/DFS_Semi_Streaming/input/random_graphs/graph_60_1770_UNIFORM_8446481348147407377.txt (Time: 0.00s)
📦 COPIED from HDD: /media/HDD/Projects/ExpDFS/graph_60_1770_UNIFORM_7917045922527545890.txt -> /home/shahbazk/Projects/DFS_Semi_Streaming/input/random_graphs/graph_60_1770_UNIFORM_7917045922527545890.txt (Time: 0.00s)
📦 COPIED from HDD: /media/HDD/Projects/ExpDFS/graph_60_1770_UNIFORM_3817405844514670994.txt -> /home/shahbazk/Projects/DFS_Semi_Streaming/input/random_graphs/graph_60_1770_UNIFORM_3817405844514670994.txt (Time: 0.00s)
📦 COPIED from HDD: /media/HDD/Projects/ExpDFS/graph_60_1770_UNIFORM_6529943913552561417.txt -> /home/shahbazk/Projects/DFS_Semi_Streaming/input/random_graphs/graph_60_1770_UNIFORM_6529943913552561417.txt (Time: 0.00s)
📦 COPIED from HDD: /media/HDD/Projects/ExpDFS/graph_60_1770_UNIFORM_7938560551762094560.txt -> /home/shahbazk/Projects/DFS_Semi_Streaming/input/random_graphs/graph_60_1770_UNIFORM_7938560551762094560.txt (Time: 0.00s)
📦 COPIED from HDD: /media/HDD/Projects/ExpDFS/graph_60_1770_UNIFORM_1170385908854608748.txt -> /home/shahbazk/Projects/DFS_Semi_Streaming/input/random_graphs/graph_60_1770_UNIFORM_1170385908854608748.txt (Time: 0.00s)
📦 COPIED from HDD: /media/HDD/Projects/ExpDFS/graph_60_1770_UNIFORM_2909934787168262407.txt -> /home/shahbazk/Projects/DFS_Semi_Streaming/input/random_graphs/graph_60_1770_UNIFORM_2909934787168262407.txt (Time: 0.00s)
📦 COPIED from HDD: /media/HDD/Projects/ExpDFS/graph_60_1770_UNIFORM_5063475852268941542.txt -> /home/shahbazk/Projects/DFS_Semi_Streaming/input/random_graphs/graph_60_1770_UNIFORM_5063475852268941542.txt (Time: 0.00s)
📦 COPIED from HDD: /media/HDD/Projects/ExpDFS/graph_60_1770_UNIFORM_199422815561151340.txt -> /home/shahbazk/Projects/DFS_Semi_Streaming/input/random_graphs/graph_60_1770_UNIFORM_199422815561151340.txt (Time: 0.00s)
📦 COPIED from HDD: /media/HDD/Projects/ExpDFS/graph_60_1770_UNIFORM_6022436717541034636.txt -> /home/shahbazk/Projects/DFS_Semi_Streaming/input/random_graphs/graph_60_1770_UNIFORM_6022436717541034636.txt (Time: 0.00s)
📦 COPIED from HDD: /media/HDD/Projects/ExpDFS/graph_60_1770_UNIFORM_175493991617213850.txt -> /home/shahbazk/Projects/DFS_Semi_Streaming/input/random_graphs/graph_60_1770_UNIFORM_175493991617213850.txt (Time: 0.00s)
📦 COPIED from HDD: /media/HDD/Projects/ExpDFS/graph_60_1770_UNIFORM_6614505080519948832.txt -> /home/shahbazk/Projects/DFS_Semi_Streaming/input/random_graphs/graph_60_1770_UNIFORM_6614505080519948832.txt (Time: 0.00s)
📦 COPIED from HDD: /media/HDD/Projects/ExpDFS/graph_60_1770_UNIFORM_5108599054664628607.txt -> /home/shahbazk/Projects/DFS_Semi_Streaming/input/random_graphs/graph_60_1770_UNIFORM_5108599054664628607.txt (Time: 0.00s)
📦 COPIED from HDD: /media/HDD/Projects/ExpDFS/graph_60_1770_UNIFORM_4997514996153925447.txt -> /home/shahbazk/Projects/DFS_Semi_Streaming/input/random_graphs/graph_60_1770_UNIFORM_4997514996153925447.txt (Time: 0.00s)
📦 COPIED from HDD: /media/HDD/Projects/ExpDFS/graph_60_1770_UNIFORM_3713827327871807734.txt -> /home/shahbazk/Projects/DFS_Semi_Streaming/input/random_graphs/graph_60_1770_UNIFORM_3713827327871807734.txt (Time: 0.00s)
📦 COPIED from HDD: /media/HDD/Projects/ExpDFS/graph_60_1770_UNIFORM_6764066939395682287.txt -> /home/shahbazk/Projects/DFS_Semi_Streaming/input/random_graphs/graph_60_1770_UNIFORM_6764066939395682287.txt (Time: 0.00s)
📦 COPIED from HDD: /media/HDD/Projects/ExpDFS/graph_60_1770_UNIFORM_9130666990809746335.txt -> /home/shahbazk/Projects/DFS_Semi_Streaming/input/random_graphs/graph_60_1770_UNIFORM_9130666990809746335.txt (Time: 0.00s)
📦 COPIED from HDD: /media/HDD/Projects/ExpDFS/graph_60_1770_UNIFORM_7644420139408884785.txt -> /home/shahbazk/Projects/DFS_Semi_Streaming/input/random_graphs/graph_60_1770_UNIFORM_7644420139408884785.txt (Time: 0.00s)
📦 COPIED from HDD: /media/HDD/Projects/ExpDFS/graph_60_1770_UNIFORM_1458186392400727732.txt -> /home/shahbazk/Projects/DFS_Semi_Streaming/input/random_graphs/graph_60_1770_UNIFORM_1458186392400727732.txt (Time: 0.00s)
📦 COPIED from HDD: /media/HDD/Projects/ExpDFS/graph_60_1770_UNIFORM_1392892770529522614.txt -> /home/shahbazk/Projects/DFS_Semi_Streaming/input/random_graphs/graph_60_1770_UNIFORM_1392892770529522614.txt (Time: 0.00s)
📦 COPIED from HDD: /media/HDD/Projects/ExpDFS/graph_60_1770_UNIFORM_4250897495980125004.txt -> /home/shahbazk/Projects/DFS_Semi_Streaming/input/random_graphs/graph_60_1770_UNIFORM_4250897495980125004.txt (Time: 0.00s)
📦 COPIED from HDD: /media/HDD/Projects/ExpDFS/graph_60_1770_UNIFORM_8794274795737982182.txt -> /home/shahbazk/Projects/DFS_Semi_Streaming/input/random_graphs/graph_60_1770_UNIFORM_8794274795737982182.txt (Time: 0.00s)
📦 COPIED from HDD: /media/HDD/Projects/ExpDFS/graph_60_1770_UNIFORM_2089506265998900862.txt -> /home/shahbazk/Projects/DFS_Semi_Streaming/input/random_graphs/graph_60_1770_UNIFORM_2089506265998900862.txt (Time: 0.00s)
📦 COPIED from HDD: /media/HDD/Projects/ExpDFS/graph_60_1770_UNIFORM_5497874167834979553.txt -> /home/shahbazk/Projects/DFS_Semi_Streaming/input/random_graphs/graph_60_1770_UNIFORM_5497874167834979553.txt (Time: 0.00s)
📦 COPIED from HDD: /media/HDD/Projects/ExpDFS/graph_60_1770_UNIFORM_4060584409398689268.txt -> /home/shahbazk/Projects/DFS_Semi_Streaming/input/random_graphs/graph_60_1770_UNIFORM_4060584409398689268.txt (Time: 0.00s)
📦 COPIED from HDD: /media/HDD/Projects/ExpDFS/graph_60_1770_UNIFORM_1722224698700348310.txt -> /home/shahbazk/Projects/DFS_Semi_Streaming/input/random_graphs/graph_60_1770_UNIFORM_1722224698700348310.txt (Time: 0.00s)
📦 COPIED from HDD: /media/HDD/Projects/ExpDFS/graph_60_1770_UNIFORM_8626102704817790064.txt -> /home/shahbazk/Projects/DFS_Semi_Streaming/input/random_graphs/graph_60_1770_UNIFORM_8626102704817790064.txt (Time: 0.00s)
📦 COPIED from HDD: /media/HDD/Projects/ExpDFS/graph_60_1770_UNIFORM_8448596294177070022.txt -> /home/shahbazk/Projects/DFS_Semi_Streaming/input/random_graphs/graph_60_1770_UNIFORM_8448596294177070022.txt (Time: 0.00s)
📦 COPIED from HDD: /media/HDD/Projects/ExpDFS/graph_60_1770_UNIFORM_4795749165124911768.txt -> /home/shahbazk/Projects/DFS_Semi_Streaming/input/random_graphs/graph_60_1770_UNIFORM_4795749165124911768.txt (Time: 0.00s)
📦 COPIED from HDD: /media/HDD/Projects/ExpDFS/graph_60_1770_UNIFORM_7449662661572224354.txt -> /home/shahbazk/Projects/DFS_Semi_Streaming/input/random_graphs/graph_60_1770_UNIFORM_7449662661572224354.txt (Time: 0.00s)
📦 COPIED from HDD: /media/HDD/Projects/ExpDFS/graph_60_1770_UNIFORM_3221421291694197220.txt -> /home/shahbazk/Projects/DFS_Semi_Streaming/input/random_graphs/graph_60_1770_UNIFORM_3221421291694197220.txt (Time: 0.00s)
📦 COPIED from HDD: /media/HDD/Projects/ExpDFS/graph_60_1770_UNIFORM_7983805977214098674.txt -> /home/shahbazk/Projects/DFS_Semi_Streaming/input/random_graphs/graph_60_1770_UNIFORM_7983805977214098674.txt (Time: 0.00s)
📦 COPIED from HDD: /media/HDD/Projects/ExpDFS/graph_60_1770_UNIFORM_9060210648189963449.txt -> /home/shahbazk/Projects/DFS_Semi_Streaming/input/random_graphs/graph_60_1770_UNIFORM_9060210648189963449.txt (Time: 0.00s)
📦 COPIED from HDD: /media/HDD/Projects/ExpDFS/graph_60_1770_UNIFORM_4934890601268679176.txt -> /home/shahbazk/Projects/DFS_Semi_Streaming/input/random_graphs/graph_60_1770_UNIFORM_4934890601268679176.txt (Time: 0.00s)
📦 COPIED from HDD: /media/HDD/Projects/ExpDFS/graph_60_1770_UNIFORM_7118744415197196276.txt -> /home/shahbazk/Projects/DFS_Semi_Streaming/input/random_graphs/graph_60_1770_UNIFORM_7118744415197196276.txt (Time: 0.00s)
📦 COPIED from HDD: /media/HDD/Projects/ExpDFS/graph_60_1770_UNIFORM_2718103348384927511.txt -> /home/shahbazk/Projects/DFS_Semi_Streaming/input/random_graphs/graph_60_1770_UNIFORM_2718103348384927511.txt (Time: 0.00s)
📦 COPIED from HDD: /media/HDD/Projects/ExpDFS/graph_60_1770_UNIFORM_4940913311242578590.txt -> /home/shahbazk/Projects/DFS_Semi_Streaming/input/random_graphs/graph_60_1770_UNIFORM_4940913311242578590.txt (Time: 0.00s)
📦 COPIED from HDD: /media/HDD/Projects/ExpDFS/graph_60_1770_UNIFORM_1992204328026194281.txt -> /home/shahbazk/Projects/DFS_Semi_Streaming/input/random_graphs/graph_60_1770_UNIFORM_1992204328026194281.txt (Time: 0.00s)
📦 COPIED from HDD: /media/HDD/Projects/ExpDFS/graph_60_1770_UNIFORM_1332005502874566195.txt -> /home/shahbazk/Projects/DFS_Semi_Streaming/input/random_graphs/graph_60_1770_UNIFORM_1332005502874566195.txt (Time: 0.00s)
📦 COPIED from HDD: /media/HDD/Projects/ExpDFS/graph_60_1770_UNIFORM_5894893360759659423.txt -> /home/shahbazk/Projects/DFS_Semi_Streaming/input/random_graphs/graph_60_1770_UNIFORM_5894893360759659423.txt (Time: 0.00s)
📦 COPIED from HDD: /media/HDD/Projects/ExpDFS/graph_60_1770_UNIFORM_7905487461282246979.txt -> /home/shahbazk/Projects/DFS_Semi_Streaming/input/random_graphs/graph_60_1770_UNIFORM_7905487461282246979.txt (Time: 0.00s)
📦 COPIED from HDD: /media/HDD/Projects/ExpDFS/graph_60_1770_UNIFORM_8867616339855336876.txt -> /home/shahbazk/Projects/DFS_Semi_Streaming/input/random_graphs/graph_60_1770_UNIFORM_8867616339855336876.txt (Time: 0.00s)
📦 COPIED from HDD: /media/HDD/Projects/ExpDFS/graph_60_1770_UNIFORM_2264398621601381987.txt -> /home/shahbazk/Projects/DFS_Semi_Streaming/input/random_graphs/graph_60_1770_UNIFORM_2264398621601381987.txt (Time: 0.00s)
📦 COPIED from HDD: /media/HDD/Projects/ExpDFS/graph_60_1770_UNIFORM_7632458674696225362.txt -> /home/shahbazk/Projects/DFS_Semi_Streaming/input/random_graphs/graph_60_1770_UNIFORM_7632458674696225362.txt (Time: 0.00s)
📦 COPIED from HDD: /media/HDD/Projects/ExpDFS/graph_60_1770_UNIFORM_9059990922233379852.txt -> /home/shahbazk/Projects/DFS_Semi_Streaming/input/random_graphs/graph_60_1770_UNIFORM_9059990922233379852.txt (Time: 0.00s)
📦 COPIED from HDD: /media/HDD/Projects/ExpDFS/graph_70_2415_UNIFORM_7871178979383552919.txt -> /home/shahbazk/Projects/DFS_Semi_Streaming/input/random_graphs/graph_70_2415_UNIFORM_7871178979383552919.txt (Time: 0.00s)
📦 COPIED from HDD: /media/HDD/Projects/ExpDFS/graph_70_2415_UNIFORM_1353182403971399009.txt -> /home/shahbazk/Projects/DFS_Semi_Streaming/input/random_graphs/graph_70_2415_UNIFORM_1353182403971399009.txt (Time: 0.00s)
📦 COPIED from HDD: /media/HDD/Projects/ExpDFS/graph_70_2415_UNIFORM_4040737767143389431.txt -> /home/shahbazk/Projects/DFS_Semi_Streaming/input/random_graphs/graph_70_2415_UNIFORM_4040737767143389431.txt (Time: 0.00s)
📦 COPIED from HDD: /media/HDD/Projects/ExpDFS/graph_70_2415_UNIFORM_6938562734920028532.txt -> /home/shahbazk/Projects/DFS_Semi_Streaming/input/random_graphs/graph_70_2415_UNIFORM_6938562734920028532.txt (Time: 0.00s)
📦 COPIED from HDD: /media/HDD/Projects/ExpDFS/graph_70_2415_UNIFORM_6522163754831416203.txt -> /home/shahbazk/Projects/DFS_Semi_Streaming/input/random_graphs/graph_70_2415_UNIFORM_6522163754831416203.txt (Time: 0.00s)
📦 COPIED from HDD: /media/HDD/Projects/ExpDFS/graph_70_2415_UNIFORM_320375091487821987.txt -> /home/shahbazk/Projects/DFS_Semi_Streaming/input/random_graphs/graph_70_2415_UNIFORM_320375091487821987.txt (Time: 0.00s)
📦 COPIED from HDD: /media/HDD/Projects/ExpDFS/graph_70_2415_UNIFORM_3881801951614183357.txt -> /home/shahbazk/Projects/DFS_Semi_Streaming/input/random_graphs/graph_70_2415_UNIFORM_3881801951614183357.txt (Time: 0.00s)
📦 COPIED from HDD: /media/HDD/Projects/ExpDFS/graph_70_2415_UNIFORM_5906957480796939447.txt -> /home/shahbazk/Projects/DFS_Semi_Streaming/input/random_graphs/graph_70_2415_UNIFORM_5906957480796939447.txt (Time: 0.00s)
📦 COPIED from HDD: /media/HDD/Projects/ExpDFS/graph_70_2415_UNIFORM_3438400432146115956.txt -> /home/shahbazk/Projects/DFS_Semi_Streaming/input/random_graphs/graph_70_2415_UNIFORM_3438400432146115956.txt (Time: 0.00s)
📦 COPIED from HDD: /media/HDD/Projects/ExpDFS/graph_70_2415_UNIFORM_5139481885857321791.txt -> /home/shahbazk/Projects/DFS_Semi_Streaming/input/random_graphs/graph_70_2415_UNIFORM_5139481885857321791.txt (Time: 0.00s)
📦 COPIED from HDD: /media/HDD/Projects/ExpDFS/graph_70_2415_UNIFORM_7032710160631691991.txt -> /home/shahbazk/Projects/DFS_Semi_Streaming/input/random_graphs/graph_70_2415_UNIFORM_7032710160631691991.txt (Time: 0.00s)
📦 COPIED from HDD: /media/HDD/Projects/ExpDFS/graph_70_2415_UNIFORM_1250773459040295677.txt -> /home/shahbazk/Projects/DFS_Semi_Streaming/input/random_graphs/graph_70_2415_UNIFORM_1250773459040295677.txt (Time: 0.00s)
📦 COPIED from HDD: /media/HDD/Projects/ExpDFS/graph_70_2415_UNIFORM_7599700178212337699.txt -> /home/shahbazk/Projects/DFS_Semi_Streaming/input/random_graphs/graph_70_2415_UNIFORM_7599700178212337699.txt (Time: 0.00s)
📦 COPIED from HDD: /media/HDD/Projects/ExpDFS/graph_70_2415_UNIFORM_5739955973604961613.txt -> /home/shahbazk/Projects/DFS_Semi_Streaming/input/random_graphs/graph_70_2415_UNIFORM_5739955973604961613.txt (Time: 0.00s)
📦 COPIED from HDD: /media/HDD/Projects/ExpDFS/graph_70_2415_UNIFORM_6230961512046992311.txt -> /home/shahbazk/Projects/DFS_Semi_Streaming/input/random_graphs/graph_70_2415_UNIFORM_6230961512046992311.txt (Time: 0.00s)
📦 COPIED from HDD: /media/HDD/Projects/ExpDFS/graph_70_2415_UNIFORM_1070244953599069350.txt -> /home/shahbazk/Projects/DFS_Semi_Streaming/input/random_graphs/graph_70_2415_UNIFORM_1070244953599069350.txt (Time: 0.00s)
📦 COPIED from HDD: /media/HDD/Projects/ExpDFS/graph_70_2415_UNIFORM_2429002973740178792.txt -> /home/shahbazk/Projects/DFS_Semi_Streaming/input/random_graphs/graph_70_2415_UNIFORM_2429002973740178792.txt (Time: 0.00s)
📦 COPIED from HDD: /media/HDD/Projects/ExpDFS/graph_70_2415_UNIFORM_1250005700364523649.txt -> /home/shahbazk/Projects/DFS_Semi_Streaming/input/random_graphs/graph_70_2415_UNIFORM_1250005700364523649.txt (Time: 0.00s)
📦 COPIED from HDD: /media/HDD/Projects/ExpDFS/graph_70_2415_UNIFORM_3010622984418968408.txt -> /home/shahbazk/Projects/DFS_Semi_Streaming/input/random_graphs/graph_70_2415_UNIFORM_3010622984418968408.txt (Time: 0.00s)
📦 COPIED from HDD: /media/HDD/Projects/ExpDFS/graph_70_2415_UNIFORM_5142811650494845597.txt -> /home/shahbazk/Projects/DFS_Semi_Streaming/input/random_graphs/graph_70_2415_UNIFORM_5142811650494845597.txt (Time: 0.00s)
📦 COPIED from HDD: /media/HDD/Projects/ExpDFS/graph_70_2415_UNIFORM_7663871783842725848.txt -> /home/shahbazk/Projects/DFS_Semi_Streaming/input/random_graphs/graph_70_2415_UNIFORM_7663871783842725848.txt (Time: 0.00s)
📦 COPIED from HDD: /media/HDD/Projects/ExpDFS/graph_70_2415_UNIFORM_6002685213311538187.txt -> /home/shahbazk/Projects/DFS_Semi_Streaming/input/random_graphs/graph_70_2415_UNIFORM_6002685213311538187.txt (Time: 0.00s)
📦 COPIED from HDD: /media/HDD/Projects/ExpDFS/graph_70_2415_UNIFORM_7473196763798409428.txt -> /home/shahbazk/Projects/DFS_Semi_Streaming/input/random_graphs/graph_70_2415_UNIFORM_7473196763798409428.txt (Time: 0.00s)
📦 COPIED from HDD: /media/HDD/Projects/ExpDFS/graph_70_2415_UNIFORM_7146860528564146064.txt -> /home/shahbazk/Projects/DFS_Semi_Streaming/input/random_graphs/graph_70_2415_UNIFORM_7146860528564146064.txt (Time: 0.00s)
📦 COPIED from HDD: /media/HDD/Projects/ExpDFS/graph_70_2415_UNIFORM_1309542850049879452.txt -> /home/shahbazk/Projects/DFS_Semi_Streaming/input/random_graphs/graph_70_2415_UNIFORM_1309542850049879452.txt (Time: 0.00s)
📦 COPIED from HDD: /media/HDD/Projects/ExpDFS/graph_70_2415_UNIFORM_521787134863155063.txt -> /home/shahbazk/Projects/DFS_Semi_Streaming/input/random_graphs/graph_70_2415_UNIFORM_521787134863155063.txt (Time: 0.00s)
📦 COPIED from HDD: /media/HDD/Projects/ExpDFS/graph_70_2415_UNIFORM_5708372698381010775.txt -> /home/shahbazk/Projects/DFS_Semi_Streaming/input/random_graphs/graph_70_2415_UNIFORM_5708372698381010775.txt (Time: 0.00s)
📦 COPIED from HDD: /media/HDD/Projects/ExpDFS/graph_70_2415_UNIFORM_7029781962072644698.txt -> /home/shahbazk/Projects/DFS_Semi_Streaming/input/random_graphs/graph_70_2415_UNIFORM_7029781962072644698.txt (Time: 0.00s)
📦 COPIED from HDD: /media/HDD/Projects/ExpDFS/graph_70_2415_UNIFORM_1853590723603270879.txt -> /home/shahbazk/Projects/DFS_Semi_Streaming/input/random_graphs/graph_70_2415_UNIFORM_1853590723603270879.txt (Time: 0.00s)
📦 COPIED from HDD: /media/HDD/Projects/ExpDFS/graph_70_2415_UNIFORM_6785030173969523435.txt -> /home/shahbazk/Projects/DFS_Semi_Streaming/input/random_graphs/graph_70_2415_UNIFORM_6785030173969523435.txt (Time: 0.00s)
📦 COPIED from HDD: /media/HDD/Projects/ExpDFS/graph_70_2415_UNIFORM_1731523882129807996.txt -> /home/shahbazk/Projects/DFS_Semi_Streaming/input/random_graphs/graph_70_2415_UNIFORM_1731523882129807996.txt (Time: 0.00s)
📦 COPIED from HDD: /media/HDD/Projects/ExpDFS/graph_70_2415_UNIFORM_5529616217668449934.txt -> /home/shahbazk/Projects/DFS_Semi_Streaming/input/random_graphs/graph_70_2415_UNIFORM_5529616217668449934.txt (Time: 0.00s)
📦 COPIED from HDD: /media/HDD/Projects/ExpDFS/graph_70_2415_UNIFORM_1647170069535670909.txt -> /home/shahbazk/Projects/DFS_Semi_Streaming/input/random_graphs/graph_70_2415_UNIFORM_1647170069535670909.txt (Time: 0.00s)
📦 COPIED from HDD: /media/HDD/Projects/ExpDFS/graph_70_2415_UNIFORM_5258051056098597521.txt -> /home/shahbazk/Projects/DFS_Semi_Streaming/input/random_graphs/graph_70_2415_UNIFORM_5258051056098597521.txt (Time: 0.00s)
📦 COPIED from HDD: /media/HDD/Projects/ExpDFS/graph_70_2415_UNIFORM_3224265581699847191.txt -> /home/shahbazk/Projects/DFS_Semi_Streaming/input/random_graphs/graph_70_2415_UNIFORM_3224265581699847191.txt (Time: 0.00s)
📦 COPIED from HDD: /media/HDD/Projects/ExpDFS/graph_70_2415_UNIFORM_1024517563182776983.txt -> /home/shahbazk/Projects/DFS_Semi_Streaming/input/random_graphs/graph_70_2415_UNIFORM_1024517563182776983.txt (Time: 0.00s)
📦 COPIED from HDD: /media/HDD/Projects/ExpDFS/graph_70_2415_UNIFORM_4122784633514911760.txt -> /home/shahbazk/Projects/DFS_Semi_Streaming/input/random_graphs/graph_70_2415_UNIFORM_4122784633514911760.txt (Time: 0.00s)
📦 COPIED from HDD: /media/HDD/Projects/ExpDFS/graph_70_2415_UNIFORM_7706236040662210848.txt -> /home/shahbazk/Projects/DFS_Semi_Streaming/input/random_graphs/graph_70_2415_UNIFORM_7706236040662210848.txt (Time: 0.00s)
📦 COPIED from HDD: /media/HDD/Projects/ExpDFS/graph_70_2415_UNIFORM_824387247617288499.txt -> /home/shahbazk/Projects/DFS_Semi_Streaming/input/random_graphs/graph_70_2415_UNIFORM_824387247617288499.txt (Time: 0.00s)
📦 COPIED from HDD: /media/HDD/Projects/ExpDFS/graph_70_2415_UNIFORM_1632192924771168275.txt -> /home/shahbazk/Projects/DFS_Semi_Streaming/input/random_graphs/graph_70_2415_UNIFORM_1632192924771168275.txt (Time: 0.00s)
📦 COPIED from HDD: /media/HDD/Projects/ExpDFS/graph_70_2415_UNIFORM_4552998297316576788.txt -> /home/shahbazk/Projects/DFS_Semi_Streaming/input/random_graphs/graph_70_2415_UNIFORM_4552998297316576788.txt (Time: 0.00s)
📦 COPIED from HDD: /media/HDD/Projects/ExpDFS/graph_70_2415_UNIFORM_7161906730445628483.txt -> /home/shahbazk/Projects/DFS_Semi_Streaming/input/random_graphs/graph_70_2415_UNIFORM_7161906730445628483.txt (Time: 0.00s)
📦 COPIED from HDD: /media/HDD/Projects/ExpDFS/graph_70_2415_UNIFORM_6143643868734370809.txt -> /home/shahbazk/Projects/DFS_Semi_Streaming/input/random_graphs/graph_70_2415_UNIFORM_6143643868734370809.txt (Time: 0.00s)
📦 COPIED from HDD: /media/HDD/Projects/ExpDFS/graph_70_2415_UNIFORM_6802378520969450157.txt -> /home/shahbazk/Projects/DFS_Semi_Streaming/input/random_graphs/graph_70_2415_UNIFORM_6802378520969450157.txt (Time: 0.00s)
📦 COPIED from HDD: /media/HDD/Projects/ExpDFS/graph_70_2415_UNIFORM_5636411189175451024.txt -> /home/shahbazk/Projects/DFS_Semi_Streaming/input/random_graphs/graph_70_2415_UNIFORM_5636411189175451024.txt (Time: 0.00s)
📦 COPIED from HDD: /media/HDD/Projects/ExpDFS/graph_70_2415_UNIFORM_3272308573967577038.txt -> /home/shahbazk/Projects/DFS_Semi_Streaming/input/random_graphs/graph_70_2415_UNIFORM_3272308573967577038.txt (Time: 0.00s)
📦 COPIED from HDD: /media/HDD/Projects/ExpDFS/graph_70_2415_UNIFORM_8031431416522537101.txt -> /home/shahbazk/Projects/DFS_Semi_Streaming/input/random_graphs/graph_70_2415_UNIFORM_8031431416522537101.txt (Time: 0.00s)
📦 COPIED from HDD: /media/HDD/Projects/ExpDFS/graph_70_2415_UNIFORM_5349491008325879064.txt -> /home/shahbazk/Projects/DFS_Semi_Streaming/input/random_graphs/graph_70_2415_UNIFORM_5349491008325879064.txt (Time: 0.00s)
📦 COPIED from HDD: /media/HDD/Projects/ExpDFS/graph_70_2415_UNIFORM_7917045922527545890.txt -> /home/shahbazk/Projects/DFS_Semi_Streaming/input/random_graphs/graph_70_2415_UNIFORM_7917045922527545890.txt (Time: 0.00s)
📦 COPIED from HDD: /media/HDD/Projects/ExpDFS/graph_70_2415_UNIFORM_4445925461710302877.txt -> /home/shahbazk/Projects/DFS_Semi_Streaming/input/random_graphs/graph_70_2415_UNIFORM_4445925461710302877.txt (Time: 0.00s)
📦 COPIED from HDD: /media/HDD/Projects/ExpDFS/graph_70_2415_UNIFORM_3865339568260874865.txt -> /home/shahbazk/Projects/DFS_Semi_Streaming/input/random_graphs/graph_70_2415_UNIFORM_3865339568260874865.txt (Time: 0.00s)
📦 COPIED from HDD: /media/HDD/Projects/ExpDFS/graph_70_2415_UNIFORM_1128313391724783137.txt -> /home/shahbazk/Projects/DFS_Semi_Streaming/input/random_graphs/graph_70_2415_UNIFORM_1128313391724783137.txt (Time: 0.00s)
📦 COPIED from HDD: /media/HDD/Projects/ExpDFS/graph_70_2415_UNIFORM_7921282862123281598.txt -> /home/shahbazk/Projects/DFS_Semi_Streaming/input/random_graphs/graph_70_2415_UNIFORM_7921282862123281598.txt (Time: 0.00s)
📦 COPIED from HDD: /media/HDD/Projects/ExpDFS/graph_70_2415_UNIFORM_716820155901718944.txt -> /home/shahbazk/Projects/DFS_Semi_Streaming/input/random_graphs/graph_70_2415_UNIFORM_716820155901718944.txt (Time: 0.00s)
📦 COPIED from HDD: /media/HDD/Projects/ExpDFS/graph_70_2415_UNIFORM_5063475852268941542.txt -> /home/shahbazk/Projects/DFS_Semi_Streaming/input/random_graphs/graph_70_2415_UNIFORM_5063475852268941542.txt (Time: 0.00s)
📦 COPIED from HDD: /media/HDD/Projects/ExpDFS/graph_70_2415_UNIFORM_3817405844514670994.txt -> /home/shahbazk/Projects/DFS_Semi_Streaming/input/random_graphs/graph_70_2415_UNIFORM_3817405844514670994.txt (Time: 0.00s)
📦 COPIED from HDD: /media/HDD/Projects/ExpDFS/graph_70_2415_UNIFORM_6529943913552561417.txt -> /home/shahbazk/Projects/DFS_Semi_Streaming/input/random_graphs/graph_70_2415_UNIFORM_6529943913552561417.txt (Time: 0.00s)
📦 COPIED from HDD: /media/HDD/Projects/ExpDFS/graph_70_2415_UNIFORM_2909934787168262407.txt -> /home/shahbazk/Projects/DFS_Semi_Streaming/input/random_graphs/graph_70_2415_UNIFORM_2909934787168262407.txt (Time: 0.00s)
📦 COPIED from HDD: /media/HDD/Projects/ExpDFS/graph_70_2415_UNIFORM_6614505080519948832.txt -> /home/shahbazk/Projects/DFS_Semi_Streaming/input/random_graphs/graph_70_2415_UNIFORM_6614505080519948832.txt (Time: 0.00s)
📦 COPIED from HDD: /media/HDD/Projects/ExpDFS/graph_70_2415_UNIFORM_4997514996153925447.txt -> /home/shahbazk/Projects/DFS_Semi_Streaming/input/random_graphs/graph_70_2415_UNIFORM_4997514996153925447.txt (Time: 0.00s)
📦 COPIED from HDD: /media/HDD/Projects/ExpDFS/graph_70_2415_UNIFORM_7938560551762094560.txt -> /home/shahbazk/Projects/DFS_Semi_Streaming/input/random_graphs/graph_70_2415_UNIFORM_7938560551762094560.txt (Time: 0.00s)
📦 COPIED from HDD: /media/HDD/Projects/ExpDFS/graph_70_2415_UNIFORM_8446481348147407377.txt -> /home/shahbazk/Projects/DFS_Semi_Streaming/input/random_graphs/graph_70_2415_UNIFORM_8446481348147407377.txt (Time: 0.00s)
📦 COPIED from HDD: /media/HDD/Projects/ExpDFS/graph_70_2415_UNIFORM_6224222471595207695.txt -> /home/shahbazk/Projects/DFS_Semi_Streaming/input/random_graphs/graph_70_2415_UNIFORM_6224222471595207695.txt (Time: 0.00s)
📦 COPIED from HDD: /media/HDD/Projects/ExpDFS/graph_70_2415_UNIFORM_8718380604043999642.txt -> /home/shahbazk/Projects/DFS_Semi_Streaming/input/random_graphs/graph_70_2415_UNIFORM_8718380604043999642.txt (Time: 0.00s)
📦 COPIED from HDD: /media/HDD/Projects/ExpDFS/graph_70_2415_UNIFORM_1170385908854608748.txt -> /home/shahbazk/Projects/DFS_Semi_Streaming/input/random_graphs/graph_70_2415_UNIFORM_1170385908854608748.txt (Time: 0.00s)
📦 COPIED from HDD: /media/HDD/Projects/ExpDFS/graph_70_2415_UNIFORM_6022436717541034636.txt -> /home/shahbazk/Projects/DFS_Semi_Streaming/input/random_graphs/graph_70_2415_UNIFORM_6022436717541034636.txt (Time: 0.00s)
📦 COPIED from HDD: /media/HDD/Projects/ExpDFS/graph_70_2415_UNIFORM_199422815561151340.txt -> /home/shahbazk/Projects/DFS_Semi_Streaming/input/random_graphs/graph_70_2415_UNIFORM_199422815561151340.txt (Time: 0.00s)
📦 COPIED from HDD: /media/HDD/Projects/ExpDFS/graph_70_2415_UNIFORM_9130666990809746335.txt -> /home/shahbazk/Projects/DFS_Semi_Streaming/input/random_graphs/graph_70_2415_UNIFORM_9130666990809746335.txt (Time: 0.00s)
📦 COPIED from HDD: /media/HDD/Projects/ExpDFS/graph_70_2415_UNIFORM_5108599054664628607.txt -> /home/shahbazk/Projects/DFS_Semi_Streaming/input/random_graphs/graph_70_2415_UNIFORM_5108599054664628607.txt (Time: 0.00s)
📦 COPIED from HDD: /media/HDD/Projects/ExpDFS/graph_70_2415_UNIFORM_175493991617213850.txt -> /home/shahbazk/Projects/DFS_Semi_Streaming/input/random_graphs/graph_70_2415_UNIFORM_175493991617213850.txt (Time: 0.00s)
📦 COPIED from HDD: /media/HDD/Projects/ExpDFS/graph_70_2415_UNIFORM_3713827327871807734.txt -> /home/shahbazk/Projects/DFS_Semi_Streaming/input/random_graphs/graph_70_2415_UNIFORM_3713827327871807734.txt (Time: 0.00s)
📦 COPIED from HDD: /media/HDD/Projects/ExpDFS/graph_70_2415_UNIFORM_7644420139408884785.txt -> /home/shahbazk/Projects/DFS_Semi_Streaming/input/random_graphs/graph_70_2415_UNIFORM_7644420139408884785.txt (Time: 0.00s)
📦 COPIED from HDD: /media/HDD/Projects/ExpDFS/graph_70_2415_UNIFORM_6764066939395682287.txt -> /home/shahbazk/Projects/DFS_Semi_Streaming/input/random_graphs/graph_70_2415_UNIFORM_6764066939395682287.txt (Time: 0.00s)
📦 COPIED from HDD: /media/HDD/Projects/ExpDFS/graph_70_2415_UNIFORM_1458186392400727732.txt -> /home/shahbazk/Projects/DFS_Semi_Streaming/input/random_graphs/graph_70_2415_UNIFORM_1458186392400727732.txt (Time: 0.00s)
📦 COPIED from HDD: /media/HDD/Projects/ExpDFS/graph_70_2415_UNIFORM_1392892770529522614.txt -> /home/shahbazk/Projects/DFS_Semi_Streaming/input/random_graphs/graph_70_2415_UNIFORM_1392892770529522614.txt (Time: 0.00s)
📦 COPIED from HDD: /media/HDD/Projects/ExpDFS/graph_70_2415_UNIFORM_9060210648189963449.txt -> /home/shahbazk/Projects/DFS_Semi_Streaming/input/random_graphs/graph_70_2415_UNIFORM_9060210648189963449.txt (Time: 0.00s)
📦 COPIED from HDD: /media/HDD/Projects/ExpDFS/graph_70_2415_UNIFORM_4250897495980125004.txt -> /home/shahbazk/Projects/DFS_Semi_Streaming/input/random_graphs/graph_70_2415_UNIFORM_4250897495980125004.txt (Time: 0.00s)
📦 COPIED from HDD: /media/HDD/Projects/ExpDFS/graph_70_2415_UNIFORM_8794274795737982182.txt -> /home/shahbazk/Projects/DFS_Semi_Streaming/input/random_graphs/graph_70_2415_UNIFORM_8794274795737982182.txt (Time: 0.00s)
📦 COPIED from HDD: /media/HDD/Projects/ExpDFS/graph_70_2415_UNIFORM_2089506265998900862.txt -> /home/shahbazk/Projects/DFS_Semi_Streaming/input/random_graphs/graph_70_2415_UNIFORM_2089506265998900862.txt (Time: 0.00s)
📦 COPIED from HDD: /media/HDD/Projects/ExpDFS/graph_70_2415_UNIFORM_5497874167834979553.txt -> /home/shahbazk/Projects/DFS_Semi_Streaming/input/random_graphs/graph_70_2415_UNIFORM_5497874167834979553.txt (Time: 0.00s)
📦 COPIED from HDD: /media/HDD/Projects/ExpDFS/graph_70_2415_UNIFORM_4060584409398689268.txt -> /home/shahbazk/Projects/DFS_Semi_Streaming/input/random_graphs/graph_70_2415_UNIFORM_4060584409398689268.txt (Time: 0.00s)
📦 COPIED from HDD: /media/HDD/Projects/ExpDFS/graph_70_2415_UNIFORM_1332005502874566195.txt -> /home/shahbazk/Projects/DFS_Semi_Streaming/input/random_graphs/graph_70_2415_UNIFORM_1332005502874566195.txt (Time: 0.00s)
📦 COPIED from HDD: /media/HDD/Projects/ExpDFS/graph_70_2415_UNIFORM_7905487461282246979.txt -> /home/shahbazk/Projects/DFS_Semi_Streaming/input/random_graphs/graph_70_2415_UNIFORM_7905487461282246979.txt (Time: 0.00s)
📦 COPIED from HDD: /media/HDD/Projects/ExpDFS/graph_70_2415_UNIFORM_4934890601268679176.txt -> /home/shahbazk/Projects/DFS_Semi_Streaming/input/random_graphs/graph_70_2415_UNIFORM_4934890601268679176.txt (Time: 0.00s)
📦 COPIED from HDD: /media/HDD/Projects/ExpDFS/graph_70_2415_UNIFORM_7118744415197196276.txt -> /home/shahbazk/Projects/DFS_Semi_Streaming/input/random_graphs/graph_70_2415_UNIFORM_7118744415197196276.txt (Time: 0.00s)
📦 COPIED from HDD: /media/HDD/Projects/ExpDFS/graph_70_2415_UNIFORM_2718103348384927511.txt -> /home/shahbazk/Projects/DFS_Semi_Streaming/input/random_graphs/graph_70_2415_UNIFORM_2718103348384927511.txt (Time: 0.00s)
📦 COPIED from HDD: /media/HDD/Projects/ExpDFS/graph_70_2415_UNIFORM_1992204328026194281.txt -> /home/shahbazk/Projects/DFS_Semi_Streaming/input/random_graphs/graph_70_2415_UNIFORM_1992204328026194281.txt (Time: 0.00s)
📦 COPIED from HDD: /media/HDD/Projects/ExpDFS/graph_70_2415_UNIFORM_4795749165124911768.txt -> /home/shahbazk/Projects/DFS_Semi_Streaming/input/random_graphs/graph_70_2415_UNIFORM_4795749165124911768.txt (Time: 0.00s)
📦 COPIED from HDD: /media/HDD/Projects/ExpDFS/graph_70_2415_UNIFORM_9059990922233379852.txt -> /home/shahbazk/Projects/DFS_Semi_Streaming/input/random_graphs/graph_70_2415_UNIFORM_9059990922233379852.txt (Time: 0.00s)
📦 COPIED from HDD: /media/HDD/Projects/ExpDFS/graph_70_2415_UNIFORM_1722224698700348310.txt -> /home/shahbazk/Projects/DFS_Semi_Streaming/input/random_graphs/graph_70_2415_UNIFORM_1722224698700348310.txt (Time: 0.00s)
📦 COPIED from HDD: /media/HDD/Projects/ExpDFS/graph_70_2415_UNIFORM_7449662661572224354.txt -> /home/shahbazk/Projects/DFS_Semi_Streaming/input/random_graphs/graph_70_2415_UNIFORM_7449662661572224354.txt (Time: 0.00s)
📦 COPIED from HDD: /media/HDD/Projects/ExpDFS/graph_70_2415_UNIFORM_3221421291694197220.txt -> /home/shahbazk/Projects/DFS_Semi_Streaming/input/random_graphs/graph_70_2415_UNIFORM_3221421291694197220.txt (Time: 0.00s)
📦 COPIED from HDD: /media/HDD/Projects/ExpDFS/graph_70_2415_UNIFORM_8867616339855336876.txt -> /home/shahbazk/Projects/DFS_Semi_Streaming/input/random_graphs/graph_70_2415_UNIFORM_8867616339855336876.txt (Time: 0.00s)
📦 COPIED from HDD: /media/HDD/Projects/ExpDFS/graph_70_2415_UNIFORM_2264398621601381987.txt -> /home/shahbazk/Projects/DFS_Semi_Streaming/input/random_graphs/graph_70_2415_UNIFORM_2264398621601381987.txt (Time: 0.00s)
📦 COPIED from HDD: /media/HDD/Projects/ExpDFS/graph_70_2415_UNIFORM_8626102704817790064.txt -> /home/shahbazk/Projects/DFS_Semi_Streaming/input/random_graphs/graph_70_2415_UNIFORM_8626102704817790064.txt (Time: 0.00s)
📦 COPIED from HDD: /media/HDD/Projects/ExpDFS/graph_70_2415_UNIFORM_7632458674696225362.txt -> /home/shahbazk/Projects/DFS_Semi_Streaming/input/random_graphs/graph_70_2415_UNIFORM_7632458674696225362.txt (Time: 0.00s)
📦 COPIED from HDD: /media/HDD/Projects/ExpDFS/graph_70_2415_UNIFORM_7983805977214098674.txt -> /home/shahbazk/Projects/DFS_Semi_Streaming/input/random_graphs/graph_70_2415_UNIFORM_7983805977214098674.txt (Time: 0.00s)
📦 COPIED from HDD: /media/HDD/Projects/ExpDFS/graph_70_2415_UNIFORM_8448596294177070022.txt -> /home/shahbazk/Projects/DFS_Semi_Streaming/input/random_graphs/graph_70_2415_UNIFORM_8448596294177070022.txt (Time: 0.00s)
📦 COPIED from HDD: /media/HDD/Projects/ExpDFS/graph_80_3160_UNIFORM_7871178979383552919.txt -> /home/shahbazk/Projects/DFS_Semi_Streaming/input/random_graphs/graph_80_3160_UNIFORM_7871178979383552919.txt (Time: 0.00s)
📦 COPIED from HDD: /media/HDD/Projects/ExpDFS/graph_80_3160_UNIFORM_3881801951614183357.txt -> /home/shahbazk/Projects/DFS_Semi_Streaming/input/random_graphs/graph_80_3160_UNIFORM_3881801951614183357.txt (Time: 0.00s)
📦 COPIED from HDD: /media/HDD/Projects/ExpDFS/graph_80_3160_UNIFORM_6230961512046992311.txt -> /home/shahbazk/Projects/DFS_Semi_Streaming/input/random_graphs/graph_80_3160_UNIFORM_6230961512046992311.txt (Time: 0.00s)
📦 COPIED from HDD: /media/HDD/Projects/ExpDFS/graph_80_3160_UNIFORM_5739955973604961613.txt -> /home/shahbazk/Projects/DFS_Semi_Streaming/input/random_graphs/graph_80_3160_UNIFORM_5739955973604961613.txt (Time: 0.00s)
📦 COPIED from HDD: /media/HDD/Projects/ExpDFS/graph_80_3160_UNIFORM_4040737767143389431.txt -> /home/shahbazk/Projects/DFS_Semi_Streaming/input/random_graphs/graph_80_3160_UNIFORM_4040737767143389431.txt (Time: 0.00s)
📦 COPIED from HDD: /media/HDD/Projects/ExpDFS/graph_80_3160_UNIFORM_6938562734920028532.txt -> /home/shahbazk/Projects/DFS_Semi_Streaming/input/random_graphs/graph_80_3160_UNIFORM_6938562734920028532.txt (Time: 0.00s)
📦 COPIED from HDD: /media/HDD/Projects/ExpDFS/graph_80_3160_UNIFORM_1070244953599069350.txt -> /home/shahbazk/Projects/DFS_Semi_Streaming/input/random_graphs/graph_80_3160_UNIFORM_1070244953599069350.txt (Time: 0.00s)
📦 COPIED from HDD: /media/HDD/Projects/ExpDFS/graph_80_3160_UNIFORM_1353182403971399009.txt -> /home/shahbazk/Projects/DFS_Semi_Streaming/input/random_graphs/graph_80_3160_UNIFORM_1353182403971399009.txt (Time: 0.00s)
📦 COPIED from HDD: /media/HDD/Projects/ExpDFS/graph_80_3160_UNIFORM_1309542850049879452.txt -> /home/shahbazk/Projects/DFS_Semi_Streaming/input/random_graphs/graph_80_3160_UNIFORM_1309542850049879452.txt (Time: 0.00s)
📦 COPIED from HDD: /media/HDD/Projects/ExpDFS/graph_80_3160_UNIFORM_1250005700364523649.txt -> /home/shahbazk/Projects/DFS_Semi_Streaming/input/random_graphs/graph_80_3160_UNIFORM_1250005700364523649.txt (Time: 0.00s)
📦 COPIED from HDD: /media/HDD/Projects/ExpDFS/graph_80_3160_UNIFORM_7663871783842725848.txt -> /home/shahbazk/Projects/DFS_Semi_Streaming/input/random_graphs/graph_80_3160_UNIFORM_7663871783842725848.txt (Time: 0.00s)
📦 COPIED from HDD: /media/HDD/Projects/ExpDFS/graph_80_3160_UNIFORM_320375091487821987.txt -> /home/shahbazk/Projects/DFS_Semi_Streaming/input/random_graphs/graph_80_3160_UNIFORM_320375091487821987.txt (Time: 0.00s)
📦 COPIED from HDD: /media/HDD/Projects/ExpDFS/graph_80_3160_UNIFORM_7599700178212337699.txt -> /home/shahbazk/Projects/DFS_Semi_Streaming/input/random_graphs/graph_80_3160_UNIFORM_7599700178212337699.txt (Time: 0.00s)
📦 COPIED from HDD: /media/HDD/Projects/ExpDFS/graph_80_3160_UNIFORM_6522163754831416203.txt -> /home/shahbazk/Projects/DFS_Semi_Streaming/input/random_graphs/graph_80_3160_UNIFORM_6522163754831416203.txt (Time: 0.00s)
📦 COPIED from HDD: /media/HDD/Projects/ExpDFS/graph_80_3160_UNIFORM_2429002973740178792.txt -> /home/shahbazk/Projects/DFS_Semi_Streaming/input/random_graphs/graph_80_3160_UNIFORM_2429002973740178792.txt (Time: 0.00s)
📦 COPIED from HDD: /media/HDD/Projects/ExpDFS/graph_80_3160_UNIFORM_7032710160631691991.txt -> /home/shahbazk/Projects/DFS_Semi_Streaming/input/random_graphs/graph_80_3160_UNIFORM_7032710160631691991.txt (Time: 0.00s)
📦 COPIED from HDD: /media/HDD/Projects/ExpDFS/graph_80_3160_UNIFORM_5906957480796939447.txt -> /home/shahbazk/Projects/DFS_Semi_Streaming/input/random_graphs/graph_80_3160_UNIFORM_5906957480796939447.txt (Time: 0.00s)
📦 COPIED from HDD: /media/HDD/Projects/ExpDFS/graph_80_3160_UNIFORM_7146860528564146064.txt -> /home/shahbazk/Projects/DFS_Semi_Streaming/input/random_graphs/graph_80_3160_UNIFORM_7146860528564146064.txt (Time: 0.00s)
📦 COPIED from HDD: /media/HDD/Projects/ExpDFS/graph_80_3160_UNIFORM_1250773459040295677.txt -> /home/shahbazk/Projects/DFS_Semi_Streaming/input/random_graphs/graph_80_3160_UNIFORM_1250773459040295677.txt (Time: 0.00s)
📦 COPIED from HDD: /media/HDD/Projects/ExpDFS/graph_80_3160_UNIFORM_7473196763798409428.txt -> /home/shahbazk/Projects/DFS_Semi_Streaming/input/random_graphs/graph_80_3160_UNIFORM_7473196763798409428.txt (Time: 0.00s)
📦 COPIED from HDD: /media/HDD/Projects/ExpDFS/graph_80_3160_UNIFORM_5139481885857321791.txt -> /home/shahbazk/Projects/DFS_Semi_Streaming/input/random_graphs/graph_80_3160_UNIFORM_5139481885857321791.txt (Time: 0.00s)
📦 COPIED from HDD: /media/HDD/Projects/ExpDFS/graph_80_3160_UNIFORM_3438400432146115956.txt -> /home/shahbazk/Projects/DFS_Semi_Streaming/input/random_graphs/graph_80_3160_UNIFORM_3438400432146115956.txt (Time: 0.00s)
📦 COPIED from HDD: /media/HDD/Projects/ExpDFS/graph_80_3160_UNIFORM_5142811650494845597.txt -> /home/shahbazk/Projects/DFS_Semi_Streaming/input/random_graphs/graph_80_3160_UNIFORM_5142811650494845597.txt (Time: 0.00s)
📦 COPIED from HDD: /media/HDD/Projects/ExpDFS/graph_80_3160_UNIFORM_521787134863155063.txt -> /home/shahbazk/Projects/DFS_Semi_Streaming/input/random_graphs/graph_80_3160_UNIFORM_521787134863155063.txt (Time: 0.00s)
📦 COPIED from HDD: /media/HDD/Projects/ExpDFS/graph_80_3160_UNIFORM_1853590723603270879.txt -> /home/shahbazk/Projects/DFS_Semi_Streaming/input/random_graphs/graph_80_3160_UNIFORM_1853590723603270879.txt (Time: 0.00s)
📦 COPIED from HDD: /media/HDD/Projects/ExpDFS/graph_80_3160_UNIFORM_3010622984418968408.txt -> /home/shahbazk/Projects/DFS_Semi_Streaming/input/random_graphs/graph_80_3160_UNIFORM_3010622984418968408.txt (Time: 0.00s)
📦 COPIED from HDD: /media/HDD/Projects/ExpDFS/graph_80_3160_UNIFORM_7029781962072644698.txt -> /home/shahbazk/Projects/DFS_Semi_Streaming/input/random_graphs/graph_80_3160_UNIFORM_7029781962072644698.txt (Time: 0.00s)
📦 COPIED from HDD: /media/HDD/Projects/ExpDFS/graph_80_3160_UNIFORM_5708372698381010775.txt -> /home/shahbazk/Projects/DFS_Semi_Streaming/input/random_graphs/graph_80_3160_UNIFORM_5708372698381010775.txt (Time: 0.00s)
📦 COPIED from HDD: /media/HDD/Projects/ExpDFS/graph_70_2415_UNIFORM_5894893360759659423.txt -> /home/shahbazk/Projects/DFS_Semi_Streaming/input/random_graphs/graph_70_2415_UNIFORM_5894893360759659423.txt (Time: 0.00s)
📦 COPIED from HDD: /media/HDD/Projects/ExpDFS/graph_70_2415_UNIFORM_4940913311242578590.txt -> /home/shahbazk/Projects/DFS_Semi_Streaming/input/random_graphs/graph_70_2415_UNIFORM_4940913311242578590.txt (Time: 0.00s)
📦 COPIED from HDD: /media/HDD/Projects/ExpDFS/graph_80_3160_UNIFORM_1731523882129807996.txt -> /home/shahbazk/Projects/DFS_Semi_Streaming/input/random_graphs/graph_80_3160_UNIFORM_1731523882129807996.txt (Time: 0.00s)
📦 COPIED from HDD: /media/HDD/Projects/ExpDFS/graph_80_3160_UNIFORM_6002685213311538187.txt -> /home/shahbazk/Projects/DFS_Semi_Streaming/input/random_graphs/graph_80_3160_UNIFORM_6002685213311538187.txt (Time: 0.00s)
📦 COPIED from HDD: /media/HDD/Projects/ExpDFS/graph_80_3160_UNIFORM_5529616217668449934.txt -> /home/shahbazk/Projects/DFS_Semi_Streaming/input/random_graphs/graph_80_3160_UNIFORM_5529616217668449934.txt (Time: 0.00s)
📦 COPIED from HDD: /media/HDD/Projects/ExpDFS/graph_80_3160_UNIFORM_3224265581699847191.txt -> /home/shahbazk/Projects/DFS_Semi_Streaming/input/random_graphs/graph_80_3160_UNIFORM_3224265581699847191.txt (Time: 0.00s)
📦 COPIED from HDD: /media/HDD/Projects/ExpDFS/graph_80_3160_UNIFORM_1024517563182776983.txt -> /home/shahbazk/Projects/DFS_Semi_Streaming/input/random_graphs/graph_80_3160_UNIFORM_1024517563182776983.txt (Time: 0.00s)
📦 COPIED from HDD: /media/HDD/Projects/ExpDFS/graph_80_3160_UNIFORM_6785030173969523435.txt -> /home/shahbazk/Projects/DFS_Semi_Streaming/input/random_graphs/graph_80_3160_UNIFORM_6785030173969523435.txt (Time: 0.00s)
📦 COPIED from HDD: /media/HDD/Projects/ExpDFS/graph_80_3160_UNIFORM_4122784633514911760.txt -> /home/shahbazk/Projects/DFS_Semi_Streaming/input/random_graphs/graph_80_3160_UNIFORM_4122784633514911760.txt (Time: 0.00s)
📦 COPIED from HDD: /media/HDD/Projects/ExpDFS/graph_80_3160_UNIFORM_5258051056098597521.txt -> /home/shahbazk/Projects/DFS_Semi_Streaming/input/random_graphs/graph_80_3160_UNIFORM_5258051056098597521.txt (Time: 0.00s)
📦 COPIED from HDD: /media/HDD/Projects/ExpDFS/graph_80_3160_UNIFORM_1632192924771168275.txt -> /home/shahbazk/Projects/DFS_Semi_Streaming/input/random_graphs/graph_80_3160_UNIFORM_1632192924771168275.txt (Time: 0.00s)
📦 COPIED from HDD: /media/HDD/Projects/ExpDFS/graph_80_3160_UNIFORM_4552998297316576788.txt -> /home/shahbazk/Projects/DFS_Semi_Streaming/input/random_graphs/graph_80_3160_UNIFORM_4552998297316576788.txt (Time: 0.00s)
📦 COPIED from HDD: /media/HDD/Projects/ExpDFS/graph_80_3160_UNIFORM_824387247617288499.txt -> /home/shahbazk/Projects/DFS_Semi_Streaming/input/random_graphs/graph_80_3160_UNIFORM_824387247617288499.txt (Time: 0.00s)
📦 COPIED from HDD: /media/HDD/Projects/ExpDFS/graph_80_3160_UNIFORM_7161906730445628483.txt -> /home/shahbazk/Projects/DFS_Semi_Streaming/input/random_graphs/graph_80_3160_UNIFORM_7161906730445628483.txt (Time: 0.00s)
📦 COPIED from HDD: /media/HDD/Projects/ExpDFS/graph_80_3160_UNIFORM_7706236040662210848.txt -> /home/shahbazk/Projects/DFS_Semi_Streaming/input/random_graphs/graph_80_3160_UNIFORM_7706236040662210848.txt (Time: 0.00s)
📦 COPIED from HDD: /media/HDD/Projects/ExpDFS/graph_80_3160_UNIFORM_1647170069535670909.txt -> /home/shahbazk/Projects/DFS_Semi_Streaming/input/random_graphs/graph_80_3160_UNIFORM_1647170069535670909.txt (Time: 0.00s)
📦 COPIED from HDD: /media/HDD/Projects/ExpDFS/graph_80_3160_UNIFORM_6802378520969450157.txt -> /home/shahbazk/Projects/DFS_Semi_Streaming/input/random_graphs/graph_80_3160_UNIFORM_6802378520969450157.txt (Time: 0.00s)
📦 COPIED from HDD: /media/HDD/Projects/ExpDFS/graph_80_3160_UNIFORM_5349491008325879064.txt -> /home/shahbazk/Projects/DFS_Semi_Streaming/input/random_graphs/graph_80_3160_UNIFORM_5349491008325879064.txt (Time: 0.00s)
📦 COPIED from HDD: /media/HDD/Projects/ExpDFS/graph_80_3160_UNIFORM_6614505080519948832.txt -> /home/shahbazk/Projects/DFS_Semi_Streaming/input/random_graphs/graph_80_3160_UNIFORM_6614505080519948832.txt (Time: 0.00s)
📦 COPIED from HDD: /media/HDD/Projects/ExpDFS/graph_80_3160_UNIFORM_5636411189175451024.txt -> /home/shahbazk/Projects/DFS_Semi_Streaming/input/random_graphs/graph_80_3160_UNIFORM_5636411189175451024.txt (Time: 0.00s)
📦 COPIED from HDD: /media/HDD/Projects/ExpDFS/graph_80_3160_UNIFORM_7917045922527545890.txt -> /home/shahbazk/Projects/DFS_Semi_Streaming/input/random_graphs/graph_80_3160_UNIFORM_7917045922527545890.txt (Time: 0.00s)
📦 COPIED from HDD: /media/HDD/Projects/ExpDFS/graph_80_3160_UNIFORM_7938560551762094560.txt -> /home/shahbazk/Projects/DFS_Semi_Streaming/input/random_graphs/graph_80_3160_UNIFORM_7938560551762094560.txt (Time: 0.00s)
📦 COPIED from HDD: /media/HDD/Projects/ExpDFS/graph_80_3160_UNIFORM_8031431416522537101.txt -> /home/shahbazk/Projects/DFS_Semi_Streaming/input/random_graphs/graph_80_3160_UNIFORM_8031431416522537101.txt (Time: 0.00s)
📦 COPIED from HDD: /media/HDD/Projects/ExpDFS/graph_80_3160_UNIFORM_3865339568260874865.txt -> /home/shahbazk/Projects/DFS_Semi_Streaming/input/random_graphs/graph_80_3160_UNIFORM_3865339568260874865.txt (Time: 0.00s)
📦 COPIED from HDD: /media/HDD/Projects/ExpDFS/graph_80_3160_UNIFORM_6224222471595207695.txt -> /home/shahbazk/Projects/DFS_Semi_Streaming/input/random_graphs/graph_80_3160_UNIFORM_6224222471595207695.txt (Time: 0.00s)
📦 COPIED from HDD: /media/HDD/Projects/ExpDFS/graph_80_3160_UNIFORM_7921282862123281598.txt -> /home/shahbazk/Projects/DFS_Semi_Streaming/input/random_graphs/graph_80_3160_UNIFORM_7921282862123281598.txt (Time: 0.00s)
📦 COPIED from HDD: /media/HDD/Projects/ExpDFS/graph_80_3160_UNIFORM_4445925461710302877.txt -> /home/shahbazk/Projects/DFS_Semi_Streaming/input/random_graphs/graph_80_3160_UNIFORM_4445925461710302877.txt (Time: 0.00s)
📦 COPIED from HDD: /media/HDD/Projects/ExpDFS/graph_80_3160_UNIFORM_1128313391724783137.txt -> /home/shahbazk/Projects/DFS_Semi_Streaming/input/random_graphs/graph_80_3160_UNIFORM_1128313391724783137.txt (Time: 0.00s)
📦 COPIED from HDD: /media/HDD/Projects/ExpDFS/graph_80_3160_UNIFORM_8718380604043999642.txt -> /home/shahbazk/Projects/DFS_Semi_Streaming/input/random_graphs/graph_80_3160_UNIFORM_8718380604043999642.txt (Time: 0.00s)
📦 COPIED from HDD: /media/HDD/Projects/ExpDFS/graph_80_3160_UNIFORM_716820155901718944.txt -> /home/shahbazk/Projects/DFS_Semi_Streaming/input/random_graphs/graph_80_3160_UNIFORM_716820155901718944.txt (Time: 0.00s)
📦 COPIED from HDD: /media/HDD/Projects/ExpDFS/graph_80_3160_UNIFORM_5063475852268941542.txt -> /home/shahbazk/Projects/DFS_Semi_Streaming/input/random_graphs/graph_80_3160_UNIFORM_5063475852268941542.txt (Time: 0.00s)
📦 COPIED from HDD: /media/HDD/Projects/ExpDFS/graph_80_3160_UNIFORM_6143643868734370809.txt -> /home/shahbazk/Projects/DFS_Semi_Streaming/input/random_graphs/graph_80_3160_UNIFORM_6143643868734370809.txt (Time: 0.00s)
📦 COPIED from HDD: /media/HDD/Projects/ExpDFS/graph_80_3160_UNIFORM_8446481348147407377.txt -> /home/shahbazk/Projects/DFS_Semi_Streaming/input/random_graphs/graph_80_3160_UNIFORM_8446481348147407377.txt (Time: 0.00s)
📦 COPIED from HDD: /media/HDD/Projects/ExpDFS/graph_80_3160_UNIFORM_6529943913552561417.txt -> /home/shahbazk/Projects/DFS_Semi_Streaming/input/random_graphs/graph_80_3160_UNIFORM_6529943913552561417.txt (Time: 0.00s)
📦 COPIED from HDD: /media/HDD/Projects/ExpDFS/graph_80_3160_UNIFORM_3272308573967577038.txt -> /home/shahbazk/Projects/DFS_Semi_Streaming/input/random_graphs/graph_80_3160_UNIFORM_3272308573967577038.txt (Time: 0.00s)
📦 COPIED from HDD: /media/HDD/Projects/ExpDFS/graph_80_3160_UNIFORM_2909934787168262407.txt -> /home/shahbazk/Projects/DFS_Semi_Streaming/input/random_graphs/graph_80_3160_UNIFORM_2909934787168262407.txt (Time: 0.00s)
📦 COPIED from HDD: /media/HDD/Projects/ExpDFS/graph_80_3160_UNIFORM_6022436717541034636.txt -> /home/shahbazk/Projects/DFS_Semi_Streaming/input/random_graphs/graph_80_3160_UNIFORM_6022436717541034636.txt (Time: 0.00s)
📦 COPIED from HDD: /media/HDD/Projects/ExpDFS/graph_80_3160_UNIFORM_3817405844514670994.txt -> /home/shahbazk/Projects/DFS_Semi_Streaming/input/random_graphs/graph_80_3160_UNIFORM_3817405844514670994.txt (Time: 0.00s)
📦 COPIED from HDD: /media/HDD/Projects/ExpDFS/graph_80_3160_UNIFORM_175493991617213850.txt -> /home/shahbazk/Projects/DFS_Semi_Streaming/input/random_graphs/graph_80_3160_UNIFORM_175493991617213850.txt (Time: 0.00s)
📦 COPIED from HDD: /media/HDD/Projects/ExpDFS/graph_80_3160_UNIFORM_6764066939395682287.txt -> /home/shahbazk/Projects/DFS_Semi_Streaming/input/random_graphs/graph_80_3160_UNIFORM_6764066939395682287.txt (Time: 0.00s)
📦 COPIED from HDD: /media/HDD/Projects/ExpDFS/graph_80_3160_UNIFORM_1170385908854608748.txt -> /home/shahbazk/Projects/DFS_Semi_Streaming/input/random_graphs/graph_80_3160_UNIFORM_1170385908854608748.txt (Time: 0.00s)
📦 COPIED from HDD: /media/HDD/Projects/ExpDFS/graph_80_3160_UNIFORM_9130666990809746335.txt -> /home/shahbazk/Projects/DFS_Semi_Streaming/input/random_graphs/graph_80_3160_UNIFORM_9130666990809746335.txt (Time: 0.00s)
📦 COPIED from HDD: /media/HDD/Projects/ExpDFS/graph_80_3160_UNIFORM_199422815561151340.txt -> /home/shahbazk/Projects/DFS_Semi_Streaming/input/random_graphs/graph_80_3160_UNIFORM_199422815561151340.txt (Time: 0.00s)
📦 COPIED from HDD: /media/HDD/Projects/ExpDFS/graph_80_3160_UNIFORM_3713827327871807734.txt -> /home/shahbazk/Projects/DFS_Semi_Streaming/input/random_graphs/graph_80_3160_UNIFORM_3713827327871807734.txt (Time: 0.00s)
📦 COPIED from HDD: /media/HDD/Projects/ExpDFS/graph_80_3160_UNIFORM_4997514996153925447.txt -> /home/shahbazk/Projects/DFS_Semi_Streaming/input/random_graphs/graph_80_3160_UNIFORM_4997514996153925447.txt (Time: 0.00s)
📦 COPIED from HDD: /media/HDD/Projects/ExpDFS/graph_80_3160_UNIFORM_5108599054664628607.txt -> /home/shahbazk/Projects/DFS_Semi_Streaming/input/random_graphs/graph_80_3160_UNIFORM_5108599054664628607.txt (Time: 0.00s)
📦 COPIED from HDD: /media/HDD/Projects/ExpDFS/graph_80_3160_UNIFORM_7644420139408884785.txt -> /home/shahbazk/Projects/DFS_Semi_Streaming/input/random_graphs/graph_80_3160_UNIFORM_7644420139408884785.txt (Time: 0.00s)
📦 COPIED from HDD: /media/HDD/Projects/ExpDFS/graph_80_3160_UNIFORM_9060210648189963449.txt -> /home/shahbazk/Projects/DFS_Semi_Streaming/input/random_graphs/graph_80_3160_UNIFORM_9060210648189963449.txt (Time: 0.00s)
📦 COPIED from HDD: /media/HDD/Projects/ExpDFS/graph_80_3160_UNIFORM_4250897495980125004.txt -> /home/shahbazk/Projects/DFS_Semi_Streaming/input/random_graphs/graph_80_3160_UNIFORM_4250897495980125004.txt (Time: 0.00s)
📦 COPIED from HDD: /media/HDD/Projects/ExpDFS/graph_80_3160_UNIFORM_8794274795737982182.txt -> /home/shahbazk/Projects/DFS_Semi_Streaming/input/random_graphs/graph_80_3160_UNIFORM_8794274795737982182.txt (Time: 0.00s)
📦 COPIED from HDD: /media/HDD/Projects/ExpDFS/graph_80_3160_UNIFORM_5497874167834979553.txt -> /home/shahbazk/Projects/DFS_Semi_Streaming/input/random_graphs/graph_80_3160_UNIFORM_5497874167834979553.txt (Time: 0.00s)
📦 COPIED from HDD: /media/HDD/Projects/ExpDFS/graph_80_3160_UNIFORM_1392892770529522614.txt -> /home/shahbazk/Projects/DFS_Semi_Streaming/input/random_graphs/graph_80_3160_UNIFORM_1392892770529522614.txt (Time: 0.00s)
📦 COPIED from HDD: /media/HDD/Projects/ExpDFS/graph_80_3160_UNIFORM_1458186392400727732.txt -> /home/shahbazk/Projects/DFS_Semi_Streaming/input/random_graphs/graph_80_3160_UNIFORM_1458186392400727732.txt (Time: 0.00s)
📦 COPIED from HDD: /media/HDD/Projects/ExpDFS/graph_80_3160_UNIFORM_4060584409398689268.txt -> /home/shahbazk/Projects/DFS_Semi_Streaming/input/random_graphs/graph_80_3160_UNIFORM_4060584409398689268.txt (Time: 0.00s)
📦 COPIED from HDD: /media/HDD/Projects/ExpDFS/graph_80_3160_UNIFORM_1332005502874566195.txt -> /home/shahbazk/Projects/DFS_Semi_Streaming/input/random_graphs/graph_80_3160_UNIFORM_1332005502874566195.txt (Time: 0.00s)
📦 COPIED from HDD: /media/HDD/Projects/ExpDFS/graph_80_3160_UNIFORM_1722224698700348310.txt -> /home/shahbazk/Projects/DFS_Semi_Streaming/input/random_graphs/graph_80_3160_UNIFORM_1722224698700348310.txt (Time: 0.00s)
📦 COPIED from HDD: /media/HDD/Projects/ExpDFS/graph_80_3160_UNIFORM_8448596294177070022.txt -> /home/shahbazk/Projects/DFS_Semi_Streaming/input/random_graphs/graph_80_3160_UNIFORM_8448596294177070022.txt (Time: 0.00s)
📦 COPIED from HDD: /media/HDD/Projects/ExpDFS/graph_80_3160_UNIFORM_7905487461282246979.txt -> /home/shahbazk/Projects/DFS_Semi_Streaming/input/random_graphs/graph_80_3160_UNIFORM_7905487461282246979.txt (Time: 0.00s)
📦 COPIED from HDD: /media/HDD/Projects/ExpDFS/graph_80_3160_UNIFORM_2089506265998900862.txt -> /home/shahbazk/Projects/DFS_Semi_Streaming/input/random_graphs/graph_80_3160_UNIFORM_2089506265998900862.txt (Time: 0.00s)
📦 COPIED from HDD: /media/HDD/Projects/ExpDFS/graph_80_3160_UNIFORM_8626102704817790064.txt -> /home/shahbazk/Projects/DFS_Semi_Streaming/input/random_graphs/graph_80_3160_UNIFORM_8626102704817790064.txt (Time: 0.00s)
📦 COPIED from HDD: /media/HDD/Projects/ExpDFS/graph_80_3160_UNIFORM_4934890601268679176.txt -> /home/shahbazk/Projects/DFS_Semi_Streaming/input/random_graphs/graph_80_3160_UNIFORM_4934890601268679176.txt (Time: 0.00s)
📦 COPIED from HDD: /media/HDD/Projects/ExpDFS/graph_80_3160_UNIFORM_4795749165124911768.txt -> /home/shahbazk/Projects/DFS_Semi_Streaming/input/random_graphs/graph_80_3160_UNIFORM_4795749165124911768.txt (Time: 0.00s)
📦 COPIED from HDD: /media/HDD/Projects/ExpDFS/graph_80_3160_UNIFORM_1992204328026194281.txt -> /home/shahbazk/Projects/DFS_Semi_Streaming/input/random_graphs/graph_80_3160_UNIFORM_1992204328026194281.txt (Time: 0.00s)
📦 COPIED from HDD: /media/HDD/Projects/ExpDFS/graph_80_3160_UNIFORM_7118744415197196276.txt -> /home/shahbazk/Projects/DFS_Semi_Streaming/input/random_graphs/graph_80_3160_UNIFORM_7118744415197196276.txt (Time: 0.00s)
📦 COPIED from HDD: /media/HDD/Projects/ExpDFS/graph_80_3160_UNIFORM_9059990922233379852.txt -> /home/shahbazk/Projects/DFS_Semi_Streaming/input/random_graphs/graph_80_3160_UNIFORM_9059990922233379852.txt (Time: 0.00s)
📦 COPIED from HDD: /media/HDD/Projects/ExpDFS/graph_80_3160_UNIFORM_7449662661572224354.txt -> /home/shahbazk/Projects/DFS_Semi_Streaming/input/random_graphs/graph_80_3160_UNIFORM_7449662661572224354.txt (Time: 0.00s)
📦 COPIED from HDD: /media/HDD/Projects/ExpDFS/graph_80_3160_UNIFORM_2718103348384927511.txt -> /home/shahbazk/Projects/DFS_Semi_Streaming/input/random_graphs/graph_80_3160_UNIFORM_2718103348384927511.txt (Time: 0.00s)
📦 COPIED from HDD: /media/HDD/Projects/ExpDFS/graph_80_3160_UNIFORM_3221421291694197220.txt -> /home/shahbazk/Projects/DFS_Semi_Streaming/input/random_graphs/graph_80_3160_UNIFORM_3221421291694197220.txt (Time: 0.00s)
📦 COPIED from HDD: /media/HDD/Projects/ExpDFS/graph_80_3160_UNIFORM_8867616339855336876.txt -> /home/shahbazk/Projects/DFS_Semi_Streaming/input/random_graphs/graph_80_3160_UNIFORM_8867616339855336876.txt (Time: 0.00s)
📦 COPIED from HDD: /media/HDD/Projects/ExpDFS/graph_80_3160_UNIFORM_4940913311242578590.txt -> /home/shahbazk/Projects/DFS_Semi_Streaming/input/random_graphs/graph_80_3160_UNIFORM_4940913311242578590.txt (Time: 0.00s)
📦 COPIED from HDD: /media/HDD/Projects/ExpDFS/graph_80_3160_UNIFORM_5894893360759659423.txt -> /home/shahbazk/Projects/DFS_Semi_Streaming/input/random_graphs/graph_80_3160_UNIFORM_5894893360759659423.txt (Time: 0.00s)
📦 COPIED from HDD: /media/HDD/Projects/ExpDFS/graph_80_3160_UNIFORM_7632458674696225362.txt -> /home/shahbazk/Projects/DFS_Semi_Streaming/input/random_graphs/graph_80_3160_UNIFORM_7632458674696225362.txt (Time: 0.00s)
📦 COPIED from HDD: /media/HDD/Projects/ExpDFS/graph_80_3160_UNIFORM_2264398621601381987.txt -> /home/shahbazk/Projects/DFS_Semi_Streaming/input/random_graphs/graph_80_3160_UNIFORM_2264398621601381987.txt (Time: 0.00s)
📦 COPIED from HDD: /media/HDD/Projects/ExpDFS/graph_80_3160_UNIFORM_7983805977214098674.txt -> /home/shahbazk/Projects/DFS_Semi_Streaming/input/random_graphs/graph_80_3160_UNIFORM_7983805977214098674.txt (Time: 0.00s)
📦 COPIED from HDD: /media/HDD/Projects/ExpDFS/graph_90_4005_UNIFORM_7599700178212337699.txt -> /home/shahbazk/Projects/DFS_Semi_Streaming/input/random_graphs/graph_90_4005_UNIFORM_7599700178212337699.txt (Time: 0.00s)
📦 COPIED from HDD: /media/HDD/Projects/ExpDFS/graph_90_4005_UNIFORM_6230961512046992311.txt -> /home/shahbazk/Projects/DFS_Semi_Streaming/input/random_graphs/graph_90_4005_UNIFORM_6230961512046992311.txt (Time: 0.00s)
📦 COPIED from HDD: /media/HDD/Projects/ExpDFS/graph_90_4005_UNIFORM_3881801951614183357.txt -> /home/shahbazk/Projects/DFS_Semi_Streaming/input/random_graphs/graph_90_4005_UNIFORM_3881801951614183357.txt (Time: 0.00s)
📦 COPIED from HDD: /media/HDD/Projects/ExpDFS/graph_90_4005_UNIFORM_1353182403971399009.txt -> /home/shahbazk/Projects/DFS_Semi_Streaming/input/random_graphs/graph_90_4005_UNIFORM_1353182403971399009.txt (Time: 0.00s)
📦 COPIED from HDD: /media/HDD/Projects/ExpDFS/graph_90_4005_UNIFORM_7032710160631691991.txt -> /home/shahbazk/Projects/DFS_Semi_Streaming/input/random_graphs/graph_90_4005_UNIFORM_7032710160631691991.txt (Time: 0.00s)
📦 COPIED from HDD: /media/HDD/Projects/ExpDFS/graph_90_4005_UNIFORM_6938562734920028532.txt -> /home/shahbazk/Projects/DFS_Semi_Streaming/input/random_graphs/graph_90_4005_UNIFORM_6938562734920028532.txt (Time: 0.00s)
📦 COPIED from HDD: /media/HDD/Projects/ExpDFS/graph_90_4005_UNIFORM_5739955973604961613.txt -> /home/shahbazk/Projects/DFS_Semi_Streaming/input/random_graphs/graph_90_4005_UNIFORM_5739955973604961613.txt (Time: 0.00s)
📦 COPIED from HDD: /media/HDD/Projects/ExpDFS/graph_90_4005_UNIFORM_6522163754831416203.txt -> /home/shahbazk/Projects/DFS_Semi_Streaming/input/random_graphs/graph_90_4005_UNIFORM_6522163754831416203.txt (Time: 0.00s)
📦 COPIED from HDD: /media/HDD/Projects/ExpDFS/graph_90_4005_UNIFORM_1070244953599069350.txt -> /home/shahbazk/Projects/DFS_Semi_Streaming/input/random_graphs/graph_90_4005_UNIFORM_1070244953599069350.txt (Time: 0.00s)
📦 COPIED from HDD: /media/HDD/Projects/ExpDFS/graph_90_4005_UNIFORM_2429002973740178792.txt -> /home/shahbazk/Projects/DFS_Semi_Streaming/input/random_graphs/graph_90_4005_UNIFORM_2429002973740178792.txt (Time: 0.00s)
📦 COPIED from HDD: /media/HDD/Projects/ExpDFS/graph_90_4005_UNIFORM_7663871783842725848.txt -> /home/shahbazk/Projects/DFS_Semi_Streaming/input/random_graphs/graph_90_4005_UNIFORM_7663871783842725848.txt (Time: 0.00s)
📦 COPIED from HDD: /media/HDD/Projects/ExpDFS/graph_90_4005_UNIFORM_320375091487821987.txt -> /home/shahbazk/Projects/DFS_Semi_Streaming/input/random_graphs/graph_90_4005_UNIFORM_320375091487821987.txt (Time: 0.00s)
📦 COPIED from HDD: /media/HDD/Projects/ExpDFS/graph_90_4005_UNIFORM_1309542850049879452.txt -> /home/shahbazk/Projects/DFS_Semi_Streaming/input/random_graphs/graph_90_4005_UNIFORM_1309542850049879452.txt (Time: 0.00s)
📦 COPIED from HDD: /media/HDD/Projects/ExpDFS/graph_90_4005_UNIFORM_5906957480796939447.txt -> /home/shahbazk/Projects/DFS_Semi_Streaming/input/random_graphs/graph_90_4005_UNIFORM_5906957480796939447.txt (Time: 0.00s)
📦 COPIED from HDD: /media/HDD/Projects/ExpDFS/graph_90_4005_UNIFORM_1250773459040295677.txt -> /home/shahbazk/Projects/DFS_Semi_Streaming/input/random_graphs/graph_90_4005_UNIFORM_1250773459040295677.txt (Time: 0.00s)
📦 COPIED from HDD: /media/HDD/Projects/ExpDFS/graph_90_4005_UNIFORM_4040737767143389431.txt -> /home/shahbazk/Projects/DFS_Semi_Streaming/input/random_graphs/graph_90_4005_UNIFORM_4040737767143389431.txt (Time: 0.00s)
📦 COPIED from HDD: /media/HDD/Projects/ExpDFS/graph_90_4005_UNIFORM_3438400432146115956.txt -> /home/shahbazk/Projects/DFS_Semi_Streaming/input/random_graphs/graph_90_4005_UNIFORM_3438400432146115956.txt (Time: 0.00s)
📦 COPIED from HDD: /media/HDD/Projects/ExpDFS/graph_90_4005_UNIFORM_7146860528564146064.txt -> /home/shahbazk/Projects/DFS_Semi_Streaming/input/random_graphs/graph_90_4005_UNIFORM_7146860528564146064.txt (Time: 0.00s)
📦 COPIED from HDD: /media/HDD/Projects/ExpDFS/graph_90_4005_UNIFORM_7473196763798409428.txt -> /home/shahbazk/Projects/DFS_Semi_Streaming/input/random_graphs/graph_90_4005_UNIFORM_7473196763798409428.txt (Time: 0.00s)
📦 COPIED from HDD: /media/HDD/Projects/ExpDFS/graph_90_4005_UNIFORM_5142811650494845597.txt -> /home/shahbazk/Projects/DFS_Semi_Streaming/input/random_graphs/graph_90_4005_UNIFORM_5142811650494845597.txt (Time: 0.00s)
📦 COPIED from HDD: /media/HDD/Projects/ExpDFS/graph_90_4005_UNIFORM_1250005700364523649.txt -> /home/shahbazk/Projects/DFS_Semi_Streaming/input/random_graphs/graph_90_4005_UNIFORM_1250005700364523649.txt (Time: 0.00s)
📦 COPIED from HDD: /media/HDD/Projects/ExpDFS/graph_90_4005_UNIFORM_5139481885857321791.txt -> /home/shahbazk/Projects/DFS_Semi_Streaming/input/random_graphs/graph_90_4005_UNIFORM_5139481885857321791.txt (Time: 0.00s)
📦 COPIED from HDD: /media/HDD/Projects/ExpDFS/graph_90_4005_UNIFORM_3010622984418968408.txt -> /home/shahbazk/Projects/DFS_Semi_Streaming/input/random_graphs/graph_90_4005_UNIFORM_3010622984418968408.txt (Time: 0.00s)
📦 COPIED from HDD: /media/HDD/Projects/ExpDFS/graph_90_4005_UNIFORM_7871178979383552919.txt -> /home/shahbazk/Projects/DFS_Semi_Streaming/input/random_graphs/graph_90_4005_UNIFORM_7871178979383552919.txt (Time: 0.00s)
📦 COPIED from HDD: /media/HDD/Projects/ExpDFS/graph_90_4005_UNIFORM_6002685213311538187.txt -> /home/shahbazk/Projects/DFS_Semi_Streaming/input/random_graphs/graph_90_4005_UNIFORM_6002685213311538187.txt (Time: 0.00s)
📦 COPIED from HDD: /media/HDD/Projects/ExpDFS/graph_90_4005_UNIFORM_5708372698381010775.txt -> /home/shahbazk/Projects/DFS_Semi_Streaming/input/random_graphs/graph_90_4005_UNIFORM_5708372698381010775.txt (Time: 0.00s)
📦 COPIED from HDD: /media/HDD/Projects/ExpDFS/graph_90_4005_UNIFORM_521787134863155063.txt -> /home/shahbazk/Projects/DFS_Semi_Streaming/input/random_graphs/graph_90_4005_UNIFORM_521787134863155063.txt (Time: 0.00s)
📦 COPIED from HDD: /media/HDD/Projects/ExpDFS/graph_90_4005_UNIFORM_1853590723603270879.txt -> /home/shahbazk/Projects/DFS_Semi_Streaming/input/random_graphs/graph_90_4005_UNIFORM_1853590723603270879.txt (Time: 0.00s)
📦 COPIED from HDD: /media/HDD/Projects/ExpDFS/graph_90_4005_UNIFORM_7029781962072644698.txt -> /home/shahbazk/Projects/DFS_Semi_Streaming/input/random_graphs/graph_90_4005_UNIFORM_7029781962072644698.txt (Time: 0.00s)
📦 COPIED from HDD: /media/HDD/Projects/ExpDFS/graph_90_4005_UNIFORM_6785030173969523435.txt -> /home/shahbazk/Projects/DFS_Semi_Streaming/input/random_graphs/graph_90_4005_UNIFORM_6785030173969523435.txt (Time: 0.00s)
📦 COPIED from HDD: /media/HDD/Projects/ExpDFS/graph_90_4005_UNIFORM_1731523882129807996.txt -> /home/shahbazk/Projects/DFS_Semi_Streaming/input/random_graphs/graph_90_4005_UNIFORM_1731523882129807996.txt (Time: 0.00s)
📦 COPIED from HDD: /media/HDD/Projects/ExpDFS/graph_90_4005_UNIFORM_3224265581699847191.txt -> /home/shahbazk/Projects/DFS_Semi_Streaming/input/random_graphs/graph_90_4005_UNIFORM_3224265581699847191.txt (Time: 0.00s)
📦 COPIED from HDD: /media/HDD/Projects/ExpDFS/graph_90_4005_UNIFORM_1024517563182776983.txt -> /home/shahbazk/Projects/DFS_Semi_Streaming/input/random_graphs/graph_90_4005_UNIFORM_1024517563182776983.txt (Time: 0.00s)
📦 COPIED from HDD: /media/HDD/Projects/ExpDFS/graph_90_4005_UNIFORM_1647170069535670909.txt -> /home/shahbazk/Projects/DFS_Semi_Streaming/input/random_graphs/graph_90_4005_UNIFORM_1647170069535670909.txt (Time: 0.00s)
📦 COPIED from HDD: /media/HDD/Projects/ExpDFS/graph_90_4005_UNIFORM_7706236040662210848.txt -> /home/shahbazk/Projects/DFS_Semi_Streaming/input/random_graphs/graph_90_4005_UNIFORM_7706236040662210848.txt (Time: 0.00s)
📦 COPIED from HDD: /media/HDD/Projects/ExpDFS/graph_90_4005_UNIFORM_5529616217668449934.txt -> /home/shahbazk/Projects/DFS_Semi_Streaming/input/random_graphs/graph_90_4005_UNIFORM_5529616217668449934.txt (Time: 0.00s)
📦 COPIED from HDD: /media/HDD/Projects/ExpDFS/graph_90_4005_UNIFORM_5258051056098597521.txt -> /home/shahbazk/Projects/DFS_Semi_Streaming/input/random_graphs/graph_90_4005_UNIFORM_5258051056098597521.txt (Time: 0.00s)
📦 COPIED from HDD: /media/HDD/Projects/ExpDFS/graph_90_4005_UNIFORM_4122784633514911760.txt -> /home/shahbazk/Projects/DFS_Semi_Streaming/input/random_graphs/graph_90_4005_UNIFORM_4122784633514911760.txt (Time: 0.00s)
📦 COPIED from HDD: /media/HDD/Projects/ExpDFS/graph_90_4005_UNIFORM_824387247617288499.txt -> /home/shahbazk/Projects/DFS_Semi_Streaming/input/random_graphs/graph_90_4005_UNIFORM_824387247617288499.txt (Time: 0.00s)
📦 COPIED from HDD: /media/HDD/Projects/ExpDFS/graph_90_4005_UNIFORM_1632192924771168275.txt -> /home/shahbazk/Projects/DFS_Semi_Streaming/input/random_graphs/graph_90_4005_UNIFORM_1632192924771168275.txt (Time: 0.00s)
📦 COPIED from HDD: /media/HDD/Projects/ExpDFS/graph_90_4005_UNIFORM_6802378520969450157.txt -> /home/shahbazk/Projects/DFS_Semi_Streaming/input/random_graphs/graph_90_4005_UNIFORM_6802378520969450157.txt (Time: 0.00s)
📦 COPIED from HDD: /media/HDD/Projects/ExpDFS/graph_90_4005_UNIFORM_7161906730445628483.txt -> /home/shahbazk/Projects/DFS_Semi_Streaming/input/random_graphs/graph_90_4005_UNIFORM_7161906730445628483.txt (Time: 0.00s)
📦 COPIED from HDD: /media/HDD/Projects/ExpDFS/graph_90_4005_UNIFORM_4552998297316576788.txt -> /home/shahbazk/Projects/DFS_Semi_Streaming/input/random_graphs/graph_90_4005_UNIFORM_4552998297316576788.txt (Time: 0.00s)
📦 COPIED from HDD: /media/HDD/Projects/ExpDFS/graph_90_4005_UNIFORM_8031431416522537101.txt -> /home/shahbazk/Projects/DFS_Semi_Streaming/input/random_graphs/graph_90_4005_UNIFORM_8031431416522537101.txt (Time: 0.00s)
📦 COPIED from HDD: /media/HDD/Projects/ExpDFS/graph_90_4005_UNIFORM_3272308573967577038.txt -> /home/shahbazk/Projects/DFS_Semi_Streaming/input/random_graphs/graph_90_4005_UNIFORM_3272308573967577038.txt (Time: 0.00s)
📦 COPIED from HDD: /media/HDD/Projects/ExpDFS/graph_90_4005_UNIFORM_5349491008325879064.txt -> /home/shahbazk/Projects/DFS_Semi_Streaming/input/random_graphs/graph_90_4005_UNIFORM_5349491008325879064.txt (Time: 0.00s)
📦 COPIED from HDD: /media/HDD/Projects/ExpDFS/graph_90_4005_UNIFORM_7917045922527545890.txt -> /home/shahbazk/Projects/DFS_Semi_Streaming/input/random_graphs/graph_90_4005_UNIFORM_7917045922527545890.txt (Time: 0.00s)
📦 COPIED from HDD: /media/HDD/Projects/ExpDFS/graph_90_4005_UNIFORM_5636411189175451024.txt -> /home/shahbazk/Projects/DFS_Semi_Streaming/input/random_graphs/graph_90_4005_UNIFORM_5636411189175451024.txt (Time: 0.00s)
📦 COPIED from HDD: /media/HDD/Projects/ExpDFS/graph_90_4005_UNIFORM_6143643868734370809.txt -> /home/shahbazk/Projects/DFS_Semi_Streaming/input/random_graphs/graph_90_4005_UNIFORM_6143643868734370809.txt (Time: 0.00s)
📦 COPIED from HDD: /media/HDD/Projects/ExpDFS/graph_90_4005_UNIFORM_4445925461710302877.txt -> /home/shahbazk/Projects/DFS_Semi_Streaming/input/random_graphs/graph_90_4005_UNIFORM_4445925461710302877.txt (Time: 0.00s)
📦 COPIED from HDD: /media/HDD/Projects/ExpDFS/graph_90_4005_UNIFORM_3865339568260874865.txt -> /home/shahbazk/Projects/DFS_Semi_Streaming/input/random_graphs/graph_90_4005_UNIFORM_3865339568260874865.txt (Time: 0.00s)
📦 COPIED from HDD: /media/HDD/Projects/ExpDFS/graph_90_4005_UNIFORM_7921282862123281598.txt -> /home/shahbazk/Projects/DFS_Semi_Streaming/input/random_graphs/graph_90_4005_UNIFORM_7921282862123281598.txt (Time: 0.00s)
📦 COPIED from HDD: /media/HDD/Projects/ExpDFS/graph_90_4005_UNIFORM_1128313391724783137.txt -> /home/shahbazk/Projects/DFS_Semi_Streaming/input/random_graphs/graph_90_4005_UNIFORM_1128313391724783137.txt (Time: 0.00s)
📦 COPIED from HDD: /media/HDD/Projects/ExpDFS/graph_90_4005_UNIFORM_5063475852268941542.txt -> /home/shahbazk/Projects/DFS_Semi_Streaming/input/random_graphs/graph_90_4005_UNIFORM_5063475852268941542.txt (Time: 0.00s)
📦 COPIED from HDD: /media/HDD/Projects/ExpDFS/graph_90_4005_UNIFORM_8718380604043999642.txt -> /home/shahbazk/Projects/DFS_Semi_Streaming/input/random_graphs/graph_90_4005_UNIFORM_8718380604043999642.txt (Time: 0.00s)
📦 COPIED from HDD: /media/HDD/Projects/ExpDFS/graph_90_4005_UNIFORM_6224222471595207695.txt -> /home/shahbazk/Projects/DFS_Semi_Streaming/input/random_graphs/graph_90_4005_UNIFORM_6224222471595207695.txt (Time: 0.00s)
📦 COPIED from HDD: /media/HDD/Projects/ExpDFS/graph_90_4005_UNIFORM_716820155901718944.txt -> /home/shahbazk/Projects/DFS_Semi_Streaming/input/random_graphs/graph_90_4005_UNIFORM_716820155901718944.txt (Time: 0.00s)
📦 COPIED from HDD: /media/HDD/Projects/ExpDFS/graph_90_4005_UNIFORM_4997514996153925447.txt -> /home/shahbazk/Projects/DFS_Semi_Streaming/input/random_graphs/graph_90_4005_UNIFORM_4997514996153925447.txt (Time: 0.00s)
📦 COPIED from HDD: /media/HDD/Projects/ExpDFS/graph_90_4005_UNIFORM_6614505080519948832.txt -> /home/shahbazk/Projects/DFS_Semi_Streaming/input/random_graphs/graph_90_4005_UNIFORM_6614505080519948832.txt (Time: 0.00s)
📦 COPIED from HDD: /media/HDD/Projects/ExpDFS/graph_90_4005_UNIFORM_3817405844514670994.txt -> /home/shahbazk/Projects/DFS_Semi_Streaming/input/random_graphs/graph_90_4005_UNIFORM_3817405844514670994.txt (Time: 0.00s)
📦 COPIED from HDD: /media/HDD/Projects/ExpDFS/graph_90_4005_UNIFORM_7938560551762094560.txt -> /home/shahbazk/Projects/DFS_Semi_Streaming/input/random_graphs/graph_90_4005_UNIFORM_7938560551762094560.txt (Time: 0.00s)
📦 COPIED from HDD: /media/HDD/Projects/ExpDFS/graph_90_4005_UNIFORM_6022436717541034636.txt -> /home/shahbazk/Projects/DFS_Semi_Streaming/input/random_graphs/graph_90_4005_UNIFORM_6022436717541034636.txt (Time: 0.00s)
📦 COPIED from HDD: /media/HDD/Projects/ExpDFS/graph_90_4005_UNIFORM_1170385908854608748.txt -> /home/shahbazk/Projects/DFS_Semi_Streaming/input/random_graphs/graph_90_4005_UNIFORM_1170385908854608748.txt (Time: 0.00s)
📦 COPIED from HDD: /media/HDD/Projects/ExpDFS/graph_90_4005_UNIFORM_8446481348147407377.txt -> /home/shahbazk/Projects/DFS_Semi_Streaming/input/random_graphs/graph_90_4005_UNIFORM_8446481348147407377.txt (Time: 0.00s)
📦 COPIED from HDD: /media/HDD/Projects/ExpDFS/graph_90_4005_UNIFORM_199422815561151340.txt -> /home/shahbazk/Projects/DFS_Semi_Streaming/input/random_graphs/graph_90_4005_UNIFORM_199422815561151340.txt (Time: 0.00s)
📦 COPIED from HDD: /media/HDD/Projects/ExpDFS/graph_90_4005_UNIFORM_6529943913552561417.txt -> /home/shahbazk/Projects/DFS_Semi_Streaming/input/random_graphs/graph_90_4005_UNIFORM_6529943913552561417.txt (Time: 0.00s)
📦 COPIED from HDD: /media/HDD/Projects/ExpDFS/graph_90_4005_UNIFORM_2909934787168262407.txt -> /home/shahbazk/Projects/DFS_Semi_Streaming/input/random_graphs/graph_90_4005_UNIFORM_2909934787168262407.txt (Time: 0.00s)
📦 COPIED from HDD: /media/HDD/Projects/ExpDFS/graph_90_4005_UNIFORM_175493991617213850.txt -> /home/shahbazk/Projects/DFS_Semi_Streaming/input/random_graphs/graph_90_4005_UNIFORM_175493991617213850.txt (Time: 0.00s)
📦 COPIED from HDD: /media/HDD/Projects/ExpDFS/graph_90_4005_UNIFORM_9130666990809746335.txt -> /home/shahbazk/Projects/DFS_Semi_Streaming/input/random_graphs/graph_90_4005_UNIFORM_9130666990809746335.txt (Time: 0.00s)
📦 COPIED from HDD: /media/HDD/Projects/ExpDFS/graph_90_4005_UNIFORM_1392892770529522614.txt -> /home/shahbazk/Projects/DFS_Semi_Streaming/input/random_graphs/graph_90_4005_UNIFORM_1392892770529522614.txt (Time: 0.00s)
📦 COPIED from HDD: /media/HDD/Projects/ExpDFS/graph_90_4005_UNIFORM_9060210648189963449.txt -> /home/shahbazk/Projects/DFS_Semi_Streaming/input/random_graphs/graph_90_4005_UNIFORM_9060210648189963449.txt (Time: 0.00s)
📦 COPIED from HDD: /media/HDD/Projects/ExpDFS/graph_90_4005_UNIFORM_8794274795737982182.txt -> /home/shahbazk/Projects/DFS_Semi_Streaming/input/random_graphs/graph_90_4005_UNIFORM_8794274795737982182.txt (Time: 0.00s)
📦 COPIED from HDD: /media/HDD/Projects/ExpDFS/graph_90_4005_UNIFORM_3713827327871807734.txt -> /home/shahbazk/Projects/DFS_Semi_Streaming/input/random_graphs/graph_90_4005_UNIFORM_3713827327871807734.txt (Time: 0.00s)
📦 COPIED from HDD: /media/HDD/Projects/ExpDFS/graph_90_4005_UNIFORM_4250897495980125004.txt -> /home/shahbazk/Projects/DFS_Semi_Streaming/input/random_graphs/graph_90_4005_UNIFORM_4250897495980125004.txt (Time: 0.00s)
📦 COPIED from HDD: /media/HDD/Projects/ExpDFS/graph_90_4005_UNIFORM_2089506265998900862.txt -> /home/shahbazk/Projects/DFS_Semi_Streaming/input/random_graphs/graph_90_4005_UNIFORM_2089506265998900862.txt (Time: 0.00s)
📦 COPIED from HDD: /media/HDD/Projects/ExpDFS/graph_90_4005_UNIFORM_7644420139408884785.txt -> /home/shahbazk/Projects/DFS_Semi_Streaming/input/random_graphs/graph_90_4005_UNIFORM_7644420139408884785.txt (Time: 0.00s)
📦 COPIED from HDD: /media/HDD/Projects/ExpDFS/graph_90_4005_UNIFORM_6764066939395682287.txt -> /home/shahbazk/Projects/DFS_Semi_Streaming/input/random_graphs/graph_90_4005_UNIFORM_6764066939395682287.txt (Time: 0.00s)
📦 COPIED from HDD: /media/HDD/Projects/ExpDFS/graph_90_4005_UNIFORM_5108599054664628607.txt -> /home/shahbazk/Projects/DFS_Semi_Streaming/input/random_graphs/graph_90_4005_UNIFORM_5108599054664628607.txt (Time: 0.00s)
📦 COPIED from HDD: /media/HDD/Projects/ExpDFS/graph_90_4005_UNIFORM_5497874167834979553.txt -> /home/shahbazk/Projects/DFS_Semi_Streaming/input/random_graphs/graph_90_4005_UNIFORM_5497874167834979553.txt (Time: 0.00s)
📦 COPIED from HDD: /media/HDD/Projects/ExpDFS/graph_90_4005_UNIFORM_1458186392400727732.txt -> /home/shahbazk/Projects/DFS_Semi_Streaming/input/random_graphs/graph_90_4005_UNIFORM_1458186392400727732.txt (Time: 0.00s)
📦 COPIED from HDD: /media/HDD/Projects/ExpDFS/graph_90_4005_UNIFORM_4060584409398689268.txt -> /home/shahbazk/Projects/DFS_Semi_Streaming/input/random_graphs/graph_90_4005_UNIFORM_4060584409398689268.txt (Time: 0.00s)
📦 COPIED from HDD: /media/HDD/Projects/ExpDFS/graph_90_4005_UNIFORM_1722224698700348310.txt -> /home/shahbazk/Projects/DFS_Semi_Streaming/input/random_graphs/graph_90_4005_UNIFORM_1722224698700348310.txt (Time: 0.00s)
📦 COPIED from HDD: /media/HDD/Projects/ExpDFS/graph_90_4005_UNIFORM_1332005502874566195.txt -> /home/shahbazk/Projects/DFS_Semi_Streaming/input/random_graphs/graph_90_4005_UNIFORM_1332005502874566195.txt (Time: 0.00s)
📦 COPIED from HDD: /media/HDD/Projects/ExpDFS/graph_90_4005_UNIFORM_4795749165124911768.txt -> /home/shahbazk/Projects/DFS_Semi_Streaming/input/random_graphs/graph_90_4005_UNIFORM_4795749165124911768.txt (Time: 0.00s)
📦 COPIED from HDD: /media/HDD/Projects/ExpDFS/graph_90_4005_UNIFORM_7449662661572224354.txt -> /home/shahbazk/Projects/DFS_Semi_Streaming/input/random_graphs/graph_90_4005_UNIFORM_7449662661572224354.txt (Time: 0.00s)
📦 COPIED from HDD: /media/HDD/Projects/ExpDFS/graph_90_4005_UNIFORM_2718103348384927511.txt -> /home/shahbazk/Projects/DFS_Semi_Streaming/input/random_graphs/graph_90_4005_UNIFORM_2718103348384927511.txt (Time: 0.00s)
📦 COPIED from HDD: /media/HDD/Projects/ExpDFS/graph_90_4005_UNIFORM_8626102704817790064.txt -> /home/shahbazk/Projects/DFS_Semi_Streaming/input/random_graphs/graph_90_4005_UNIFORM_8626102704817790064.txt (Time: 0.00s)
📦 COPIED from HDD: /media/HDD/Projects/ExpDFS/graph_90_4005_UNIFORM_8448596294177070022.txt -> /home/shahbazk/Projects/DFS_Semi_Streaming/input/random_graphs/graph_90_4005_UNIFORM_8448596294177070022.txt (Time: 0.00s)
📦 COPIED from HDD: /media/HDD/Projects/ExpDFS/graph_90_4005_UNIFORM_1992204328026194281.txt -> /home/shahbazk/Projects/DFS_Semi_Streaming/input/random_graphs/graph_90_4005_UNIFORM_1992204328026194281.txt (Time: 0.00s)
📦 COPIED from HDD: /media/HDD/Projects/ExpDFS/graph_90_4005_UNIFORM_7118744415197196276.txt -> /home/shahbazk/Projects/DFS_Semi_Streaming/input/random_graphs/graph_90_4005_UNIFORM_7118744415197196276.txt (Time: 0.00s)
📦 COPIED from HDD: /media/HDD/Projects/ExpDFS/graph_90_4005_UNIFORM_9059990922233379852.txt -> /home/shahbazk/Projects/DFS_Semi_Streaming/input/random_graphs/graph_90_4005_UNIFORM_9059990922233379852.txt (Time: 0.00s)
📦 COPIED from HDD: /media/HDD/Projects/ExpDFS/graph_90_4005_UNIFORM_4934890601268679176.txt -> /home/shahbazk/Projects/DFS_Semi_Streaming/input/random_graphs/graph_90_4005_UNIFORM_4934890601268679176.txt (Time: 0.00s)
📦 COPIED from HDD: /media/HDD/Projects/ExpDFS/graph_90_4005_UNIFORM_7905487461282246979.txt -> /home/shahbazk/Projects/DFS_Semi_Streaming/input/random_graphs/graph_90_4005_UNIFORM_7905487461282246979.txt (Time: 0.00s)
📦 COPIED from HDD: /media/HDD/Projects/ExpDFS/graph_90_4005_UNIFORM_5894893360759659423.txt -> /home/shahbazk/Projects/DFS_Semi_Streaming/input/random_graphs/graph_90_4005_UNIFORM_5894893360759659423.txt (Time: 0.00s)
📦 COPIED from HDD: /media/HDD/Projects/ExpDFS/graph_90_4005_UNIFORM_8867616339855336876.txt -> /home/shahbazk/Projects/DFS_Semi_Streaming/input/random_graphs/graph_90_4005_UNIFORM_8867616339855336876.txt (Time: 0.00s)
📦 COPIED from HDD: /media/HDD/Projects/ExpDFS/graph_90_4005_UNIFORM_7983805977214098674.txt -> /home/shahbazk/Projects/DFS_Semi_Streaming/input/random_graphs/graph_90_4005_UNIFORM_7983805977214098674.txt (Time: 0.00s)
📦 COPIED from HDD: /media/HDD/Projects/ExpDFS/graph_90_4005_UNIFORM_3221421291694197220.txt -> /home/shahbazk/Projects/DFS_Semi_Streaming/input/random_graphs/graph_90_4005_UNIFORM_3221421291694197220.txt (Time: 0.00s)
📦 COPIED from HDD: /media/HDD/Projects/ExpDFS/graph_90_4005_UNIFORM_7632458674696225362.txt -> /home/shahbazk/Projects/DFS_Semi_Streaming/input/random_graphs/graph_90_4005_UNIFORM_7632458674696225362.txt (Time: 0.00s)
📦 COPIED from HDD: /media/HDD/Projects/ExpDFS/graph_90_4005_UNIFORM_2264398621601381987.txt -> /home/shahbazk/Projects/DFS_Semi_Streaming/input/random_graphs/graph_90_4005_UNIFORM_2264398621601381987.txt (Time: 0.00s)
📦 COPIED from HDD: /media/HDD/Projects/ExpDFS/graph_90_4005_UNIFORM_4940913311242578590.txt -> /home/shahbazk/Projects/DFS_Semi_Streaming/input/random_graphs/graph_90_4005_UNIFORM_4940913311242578590.txt (Time: 0.00s)
📦 COPIED from HDD: /media/HDD/Projects/ExpDFS/graph_100_4950_UNIFORM_5739955973604961613.txt -> /home/shahbazk/Projects/DFS_Semi_Streaming/input/random_graphs/graph_100_4950_UNIFORM_5739955973604961613.txt (Time: 0.00s)
📦 COPIED from HDD: /media/HDD/Projects/ExpDFS/graph_100_4950_UNIFORM_7871178979383552919.txt -> /home/shahbazk/Projects/DFS_Semi_Streaming/input/random_graphs/graph_100_4950_UNIFORM_7871178979383552919.txt (Time: 0.00s)
📦 COPIED from HDD: /media/HDD/Projects/ExpDFS/graph_100_4950_UNIFORM_6230961512046992311.txt -> /home/shahbazk/Projects/DFS_Semi_Streaming/input/random_graphs/graph_100_4950_UNIFORM_6230961512046992311.txt (Time: 0.00s)
📦 COPIED from HDD: /media/HDD/Projects/ExpDFS/graph_100_4950_UNIFORM_3881801951614183357.txt -> /home/shahbazk/Projects/DFS_Semi_Streaming/input/random_graphs/graph_100_4950_UNIFORM_3881801951614183357.txt (Time: 0.00s)
📦 COPIED from HDD: /media/HDD/Projects/ExpDFS/graph_100_4950_UNIFORM_7032710160631691991.txt -> /home/shahbazk/Projects/DFS_Semi_Streaming/input/random_graphs/graph_100_4950_UNIFORM_7032710160631691991.txt (Time: 0.00s)
📦 COPIED from HDD: /media/HDD/Projects/ExpDFS/graph_100_4950_UNIFORM_1353182403971399009.txt -> /home/shahbazk/Projects/DFS_Semi_Streaming/input/random_graphs/graph_100_4950_UNIFORM_1353182403971399009.txt (Time: 0.00s)
📦 COPIED from HDD: /media/HDD/Projects/ExpDFS/graph_100_4950_UNIFORM_6938562734920028532.txt -> /home/shahbazk/Projects/DFS_Semi_Streaming/input/random_graphs/graph_100_4950_UNIFORM_6938562734920028532.txt (Time: 0.00s)
📦 COPIED from HDD: /media/HDD/Projects/ExpDFS/graph_100_4950_UNIFORM_6522163754831416203.txt -> /home/shahbazk/Projects/DFS_Semi_Streaming/input/random_graphs/graph_100_4950_UNIFORM_6522163754831416203.txt (Time: 0.00s)
📦 COPIED from HDD: /media/HDD/Projects/ExpDFS/graph_100_4950_UNIFORM_7599700178212337699.txt -> /home/shahbazk/Projects/DFS_Semi_Streaming/input/random_graphs/graph_100_4950_UNIFORM_7599700178212337699.txt (Time: 0.00s)
📦 COPIED from HDD: /media/HDD/Projects/ExpDFS/graph_100_4950_UNIFORM_1070244953599069350.txt -> /home/shahbazk/Projects/DFS_Semi_Streaming/input/random_graphs/graph_100_4950_UNIFORM_1070244953599069350.txt (Time: 0.00s)
📦 COPIED from HDD: /media/HDD/Projects/ExpDFS/graph_100_4950_UNIFORM_4040737767143389431.txt -> /home/shahbazk/Projects/DFS_Semi_Streaming/input/random_graphs/graph_100_4950_UNIFORM_4040737767143389431.txt (Time: 0.00s)
📦 COPIED from HDD: /media/HDD/Projects/ExpDFS/graph_100_4950_UNIFORM_1309542850049879452.txt -> /home/shahbazk/Projects/DFS_Semi_Streaming/input/random_graphs/graph_100_4950_UNIFORM_1309542850049879452.txt (Time: 0.00s)
📦 COPIED from HDD: /media/HDD/Projects/ExpDFS/graph_100_4950_UNIFORM_320375091487821987.txt -> /home/shahbazk/Projects/DFS_Semi_Streaming/input/random_graphs/graph_100_4950_UNIFORM_320375091487821987.txt (Time: 0.00s)
📦 COPIED from HDD: /media/HDD/Projects/ExpDFS/graph_100_4950_UNIFORM_7663871783842725848.txt -> /home/shahbazk/Projects/DFS_Semi_Streaming/input/random_graphs/graph_100_4950_UNIFORM_7663871783842725848.txt (Time: 0.00s)
📦 COPIED from HDD: /media/HDD/Projects/ExpDFS/graph_100_4950_UNIFORM_5906957480796939447.txt -> /home/shahbazk/Projects/DFS_Semi_Streaming/input/random_graphs/graph_100_4950_UNIFORM_5906957480796939447.txt (Time: 0.00s)
📦 COPIED from HDD: /media/HDD/Projects/ExpDFS/graph_100_4950_UNIFORM_1250773459040295677.txt -> /home/shahbazk/Projects/DFS_Semi_Streaming/input/random_graphs/graph_100_4950_UNIFORM_1250773459040295677.txt (Time: 0.00s)
📦 COPIED from HDD: /media/HDD/Projects/ExpDFS/graph_100_4950_UNIFORM_1250005700364523649.txt -> /home/shahbazk/Projects/DFS_Semi_Streaming/input/random_graphs/graph_100_4950_UNIFORM_1250005700364523649.txt (Time: 0.00s)
📦 COPIED from HDD: /media/HDD/Projects/ExpDFS/graph_100_4950_UNIFORM_3438400432146115956.txt -> /home/shahbazk/Projects/DFS_Semi_Streaming/input/random_graphs/graph_100_4950_UNIFORM_3438400432146115956.txt (Time: 0.00s)
📦 COPIED from HDD: /media/HDD/Projects/ExpDFS/graph_100_4950_UNIFORM_2429002973740178792.txt -> /home/shahbazk/Projects/DFS_Semi_Streaming/input/random_graphs/graph_100_4950_UNIFORM_2429002973740178792.txt (Time: 0.00s)
📦 COPIED from HDD: /media/HDD/Projects/ExpDFS/graph_100_4950_UNIFORM_5142811650494845597.txt -> /home/shahbazk/Projects/DFS_Semi_Streaming/input/random_graphs/graph_100_4950_UNIFORM_5142811650494845597.txt (Time: 0.00s)
📦 COPIED from HDD: /media/HDD/Projects/ExpDFS/graph_100_4950_UNIFORM_521787134863155063.txt -> /home/shahbazk/Projects/DFS_Semi_Streaming/input/random_graphs/graph_100_4950_UNIFORM_521787134863155063.txt (Time: 0.00s)
📦 COPIED from HDD: /media/HDD/Projects/ExpDFS/graph_100_4950_UNIFORM_5139481885857321791.txt -> /home/shahbazk/Projects/DFS_Semi_Streaming/input/random_graphs/graph_100_4950_UNIFORM_5139481885857321791.txt (Time: 0.00s)
📦 COPIED from HDD: /media/HDD/Projects/ExpDFS/graph_100_4950_UNIFORM_5708372698381010775.txt -> /home/shahbazk/Projects/DFS_Semi_Streaming/input/random_graphs/graph_100_4950_UNIFORM_5708372698381010775.txt (Time: 0.00s)
📦 COPIED from HDD: /media/HDD/Projects/ExpDFS/graph_100_4950_UNIFORM_3010622984418968408.txt -> /home/shahbazk/Projects/DFS_Semi_Streaming/input/random_graphs/graph_100_4950_UNIFORM_3010622984418968408.txt (Time: 0.00s)
📦 COPIED from HDD: /media/HDD/Projects/ExpDFS/graph_100_4950_UNIFORM_1853590723603270879.txt -> /home/shahbazk/Projects/DFS_Semi_Streaming/input/random_graphs/graph_100_4950_UNIFORM_1853590723603270879.txt (Time: 0.00s)
📦 COPIED from HDD: /media/HDD/Projects/ExpDFS/graph_100_4950_UNIFORM_1731523882129807996.txt -> /home/shahbazk/Projects/DFS_Semi_Streaming/input/random_graphs/graph_100_4950_UNIFORM_1731523882129807996.txt (Time: 0.00s)
📦 COPIED from HDD: /media/HDD/Projects/ExpDFS/graph_100_4950_UNIFORM_6002685213311538187.txt -> /home/shahbazk/Projects/DFS_Semi_Streaming/input/random_graphs/graph_100_4950_UNIFORM_6002685213311538187.txt (Time: 0.00s)
📦 COPIED from HDD: /media/HDD/Projects/ExpDFS/graph_100_4950_UNIFORM_7473196763798409428.txt -> /home/shahbazk/Projects/DFS_Semi_Streaming/input/random_graphs/graph_100_4950_UNIFORM_7473196763798409428.txt (Time: 0.00s)
📦 COPIED from HDD: /media/HDD/Projects/ExpDFS/graph_100_4950_UNIFORM_5529616217668449934.txt -> /home/shahbazk/Projects/DFS_Semi_Streaming/input/random_graphs/graph_100_4950_UNIFORM_5529616217668449934.txt (Time: 0.00s)
📦 COPIED from HDD: /media/HDD/Projects/ExpDFS/graph_100_4950_UNIFORM_7146860528564146064.txt -> /home/shahbazk/Projects/DFS_Semi_Streaming/input/random_graphs/graph_100_4950_UNIFORM_7146860528564146064.txt (Time: 0.00s)
📦 COPIED from HDD: /media/HDD/Projects/ExpDFS/graph_100_4950_UNIFORM_7029781962072644698.txt -> /home/shahbazk/Projects/DFS_Semi_Streaming/input/random_graphs/graph_100_4950_UNIFORM_7029781962072644698.txt (Time: 0.00s)
📦 COPIED from HDD: /media/HDD/Projects/ExpDFS/graph_100_4950_UNIFORM_6785030173969523435.txt -> /home/shahbazk/Projects/DFS_Semi_Streaming/input/random_graphs/graph_100_4950_UNIFORM_6785030173969523435.txt (Time: 0.00s)
📦 COPIED from HDD: /media/HDD/Projects/ExpDFS/graph_100_4950_UNIFORM_3224265581699847191.txt -> /home/shahbazk/Projects/DFS_Semi_Streaming/input/random_graphs/graph_100_4950_UNIFORM_3224265581699847191.txt (Time: 0.00s)
📦 COPIED from HDD: /media/HDD/Projects/ExpDFS/graph_100_4950_UNIFORM_1024517563182776983.txt -> /home/shahbazk/Projects/DFS_Semi_Streaming/input/random_graphs/graph_100_4950_UNIFORM_1024517563182776983.txt (Time: 0.00s)
📦 COPIED from HDD: /media/HDD/Projects/ExpDFS/graph_100_4950_UNIFORM_7706236040662210848.txt -> /home/shahbazk/Projects/DFS_Semi_Streaming/input/random_graphs/graph_100_4950_UNIFORM_7706236040662210848.txt (Time: 0.00s)
📦 COPIED from HDD: /media/HDD/Projects/ExpDFS/graph_100_4950_UNIFORM_1647170069535670909.txt -> /home/shahbazk/Projects/DFS_Semi_Streaming/input/random_graphs/graph_100_4950_UNIFORM_1647170069535670909.txt (Time: 0.00s)
📦 COPIED from HDD: /media/HDD/Projects/ExpDFS/graph_100_4950_UNIFORM_5258051056098597521.txt -> /home/shahbazk/Projects/DFS_Semi_Streaming/input/random_graphs/graph_100_4950_UNIFORM_5258051056098597521.txt (Time: 0.00s)
📦 COPIED from HDD: /media/HDD/Projects/ExpDFS/graph_100_4950_UNIFORM_7161906730445628483.txt -> /home/shahbazk/Projects/DFS_Semi_Streaming/input/random_graphs/graph_100_4950_UNIFORM_7161906730445628483.txt (Time: 0.00s)
📦 COPIED from HDD: /media/HDD/Projects/ExpDFS/graph_100_4950_UNIFORM_824387247617288499.txt -> /home/shahbazk/Projects/DFS_Semi_Streaming/input/random_graphs/graph_100_4950_UNIFORM_824387247617288499.txt (Time: 0.00s)
📦 COPIED from HDD: /media/HDD/Projects/ExpDFS/graph_100_4950_UNIFORM_1632192924771168275.txt -> /home/shahbazk/Projects/DFS_Semi_Streaming/input/random_graphs/graph_100_4950_UNIFORM_1632192924771168275.txt (Time: 0.00s)
📦 COPIED from HDD: /media/HDD/Projects/ExpDFS/graph_100_4950_UNIFORM_4122784633514911760.txt -> /home/shahbazk/Projects/DFS_Semi_Streaming/input/random_graphs/graph_100_4950_UNIFORM_4122784633514911760.txt (Time: 0.00s)
📦 COPIED from HDD: /media/HDD/Projects/ExpDFS/graph_100_4950_UNIFORM_4552998297316576788.txt -> /home/shahbazk/Projects/DFS_Semi_Streaming/input/random_graphs/graph_100_4950_UNIFORM_4552998297316576788.txt (Time: 0.00s)
📦 COPIED from HDD: /media/HDD/Projects/ExpDFS/graph_100_4950_UNIFORM_3272308573967577038.txt -> /home/shahbazk/Projects/DFS_Semi_Streaming/input/random_graphs/graph_100_4950_UNIFORM_3272308573967577038.txt (Time: 0.00s)
📦 COPIED from HDD: /media/HDD/Projects/ExpDFS/graph_100_4950_UNIFORM_8031431416522537101.txt -> /home/shahbazk/Projects/DFS_Semi_Streaming/input/random_graphs/graph_100_4950_UNIFORM_8031431416522537101.txt (Time: 0.00s)
📦 COPIED from HDD: /media/HDD/Projects/ExpDFS/graph_100_4950_UNIFORM_6143643868734370809.txt -> /home/shahbazk/Projects/DFS_Semi_Streaming/input/random_graphs/graph_100_4950_UNIFORM_6143643868734370809.txt (Time: 0.00s)
📦 COPIED from HDD: /media/HDD/Projects/ExpDFS/graph_100_4950_UNIFORM_5636411189175451024.txt -> /home/shahbazk/Projects/DFS_Semi_Streaming/input/random_graphs/graph_100_4950_UNIFORM_5636411189175451024.txt (Time: 0.00s)
📦 COPIED from HDD: /media/HDD/Projects/ExpDFS/graph_100_4950_UNIFORM_6614505080519948832.txt -> /home/shahbazk/Projects/DFS_Semi_Streaming/input/random_graphs/graph_100_4950_UNIFORM_6614505080519948832.txt (Time: 0.00s)
📦 COPIED from HDD: /media/HDD/Projects/ExpDFS/graph_100_4950_UNIFORM_5349491008325879064.txt -> /home/shahbazk/Projects/DFS_Semi_Streaming/input/random_graphs/graph_100_4950_UNIFORM_5349491008325879064.txt (Time: 0.00s)
📦 COPIED from HDD: /media/HDD/Projects/ExpDFS/graph_100_4950_UNIFORM_3865339568260874865.txt -> /home/shahbazk/Projects/DFS_Semi_Streaming/input/random_graphs/graph_100_4950_UNIFORM_3865339568260874865.txt (Time: 0.00s)
📦 COPIED from HDD: /media/HDD/Projects/ExpDFS/graph_100_4950_UNIFORM_4445925461710302877.txt -> /home/shahbazk/Projects/DFS_Semi_Streaming/input/random_graphs/graph_100_4950_UNIFORM_4445925461710302877.txt (Time: 0.00s)
📦 COPIED from HDD: /media/HDD/Projects/ExpDFS/graph_100_4950_UNIFORM_6802378520969450157.txt -> /home/shahbazk/Projects/DFS_Semi_Streaming/input/random_graphs/graph_100_4950_UNIFORM_6802378520969450157.txt (Time: 0.00s)
📦 COPIED from HDD: /media/HDD/Projects/ExpDFS/graph_100_4950_UNIFORM_1128313391724783137.txt -> /home/shahbazk/Projects/DFS_Semi_Streaming/input/random_graphs/graph_100_4950_UNIFORM_1128313391724783137.txt (Time: 0.00s)
📦 COPIED from HDD: /media/HDD/Projects/ExpDFS/graph_100_4950_UNIFORM_7921282862123281598.txt -> /home/shahbazk/Projects/DFS_Semi_Streaming/input/random_graphs/graph_100_4950_UNIFORM_7921282862123281598.txt (Time: 0.00s)
📦 COPIED from HDD: /media/HDD/Projects/ExpDFS/graph_100_4950_UNIFORM_716820155901718944.txt -> /home/shahbazk/Projects/DFS_Semi_Streaming/input/random_graphs/graph_100_4950_UNIFORM_716820155901718944.txt (Time: 0.00s)
📦 COPIED from HDD: /media/HDD/Projects/ExpDFS/graph_100_4950_UNIFORM_7917045922527545890.txt -> /home/shahbazk/Projects/DFS_Semi_Streaming/input/random_graphs/graph_100_4950_UNIFORM_7917045922527545890.txt (Time: 0.00s)
📦 COPIED from HDD: /media/HDD/Projects/ExpDFS/graph_100_4950_UNIFORM_5063475852268941542.txt -> /home/shahbazk/Projects/DFS_Semi_Streaming/input/random_graphs/graph_100_4950_UNIFORM_5063475852268941542.txt (Time: 0.00s)
📦 COPIED from HDD: /media/HDD/Projects/ExpDFS/graph_100_4950_UNIFORM_6224222471595207695.txt -> /home/shahbazk/Projects/DFS_Semi_Streaming/input/random_graphs/graph_100_4950_UNIFORM_6224222471595207695.txt (Time: 0.00s)
📦 COPIED from HDD: /media/HDD/Projects/ExpDFS/graph_100_4950_UNIFORM_7938560551762094560.txt -> /home/shahbazk/Projects/DFS_Semi_Streaming/input/random_graphs/graph_100_4950_UNIFORM_7938560551762094560.txt (Time: 0.00s)
📦 COPIED from HDD: /media/HDD/Projects/ExpDFS/graph_100_4950_UNIFORM_4997514996153925447.txt -> /home/shahbazk/Projects/DFS_Semi_Streaming/input/random_graphs/graph_100_4950_UNIFORM_4997514996153925447.txt (Time: 0.00s)
📦 COPIED from HDD: /media/HDD/Projects/ExpDFS/graph_100_4950_UNIFORM_3817405844514670994.txt -> /home/shahbazk/Projects/DFS_Semi_Streaming/input/random_graphs/graph_100_4950_UNIFORM_3817405844514670994.txt (Time: 0.00s)
📦 COPIED from HDD: /media/HDD/Projects/ExpDFS/graph_100_4950_UNIFORM_8718380604043999642.txt -> /home/shahbazk/Projects/DFS_Semi_Streaming/input/random_graphs/graph_100_4950_UNIFORM_8718380604043999642.txt (Time: 0.00s)
📦 COPIED from HDD: /media/HDD/Projects/ExpDFS/graph_100_4950_UNIFORM_6529943913552561417.txt -> /home/shahbazk/Projects/DFS_Semi_Streaming/input/random_graphs/graph_100_4950_UNIFORM_6529943913552561417.txt (Time: 0.00s)
📦 COPIED from HDD: /media/HDD/Projects/ExpDFS/graph_100_4950_UNIFORM_1170385908854608748.txt -> /home/shahbazk/Projects/DFS_Semi_Streaming/input/random_graphs/graph_100_4950_UNIFORM_1170385908854608748.txt (Time: 0.00s)
📦 COPIED from HDD: /media/HDD/Projects/ExpDFS/graph_100_4950_UNIFORM_8446481348147407377.txt -> /home/shahbazk/Projects/DFS_Semi_Streaming/input/random_graphs/graph_100_4950_UNIFORM_8446481348147407377.txt (Time: 0.00s)
📦 COPIED from HDD: /media/HDD/Projects/ExpDFS/graph_100_4950_UNIFORM_2909934787168262407.txt -> /home/shahbazk/Projects/DFS_Semi_Streaming/input/random_graphs/graph_100_4950_UNIFORM_2909934787168262407.txt (Time: 0.00s)
📦 COPIED from HDD: /media/HDD/Projects/ExpDFS/graph_100_4950_UNIFORM_199422815561151340.txt -> /home/shahbazk/Projects/DFS_Semi_Streaming/input/random_graphs/graph_100_4950_UNIFORM_199422815561151340.txt (Time: 0.00s)
📦 COPIED from HDD: /media/HDD/Projects/ExpDFS/graph_100_4950_UNIFORM_3713827327871807734.txt -> /home/shahbazk/Projects/DFS_Semi_Streaming/input/random_graphs/graph_100_4950_UNIFORM_3713827327871807734.txt (Time: 0.00s)
📦 COPIED from HDD: /media/HDD/Projects/ExpDFS/graph_100_4950_UNIFORM_6022436717541034636.txt -> /home/shahbazk/Projects/DFS_Semi_Streaming/input/random_graphs/graph_100_4950_UNIFORM_6022436717541034636.txt (Time: 0.00s)
📦 COPIED from HDD: /media/HDD/Projects/ExpDFS/graph_100_4950_UNIFORM_5108599054664628607.txt -> /home/shahbazk/Projects/DFS_Semi_Streaming/input/random_graphs/graph_100_4950_UNIFORM_5108599054664628607.txt (Time: 0.00s)
📦 COPIED from HDD: /media/HDD/Projects/ExpDFS/graph_100_4950_UNIFORM_175493991617213850.txt -> /home/shahbazk/Projects/DFS_Semi_Streaming/input/random_graphs/graph_100_4950_UNIFORM_175493991617213850.txt (Time: 0.00s)
📦 COPIED from HDD: /media/HDD/Projects/ExpDFS/graph_100_4950_UNIFORM_6764066939395682287.txt -> /home/shahbazk/Projects/DFS_Semi_Streaming/input/random_graphs/graph_100_4950_UNIFORM_6764066939395682287.txt (Time: 0.00s)
📦 COPIED from HDD: /media/HDD/Projects/ExpDFS/graph_100_4950_UNIFORM_7644420139408884785.txt -> /home/shahbazk/Projects/DFS_Semi_Streaming/input/random_graphs/graph_100_4950_UNIFORM_7644420139408884785.txt (Time: 0.00s)
📦 COPIED from HDD: /media/HDD/Projects/ExpDFS/graph_100_4950_UNIFORM_9130666990809746335.txt -> /home/shahbazk/Projects/DFS_Semi_Streaming/input/random_graphs/graph_100_4950_UNIFORM_9130666990809746335.txt (Time: 0.00s)
📦 COPIED from HDD: /media/HDD/Projects/ExpDFS/graph_100_4950_UNIFORM_4250897495980125004.txt -> /home/shahbazk/Projects/DFS_Semi_Streaming/input/random_graphs/graph_100_4950_UNIFORM_4250897495980125004.txt (Time: 0.00s)
📦 COPIED from HDD: /media/HDD/Projects/ExpDFS/graph_100_4950_UNIFORM_2089506265998900862.txt -> /home/shahbazk/Projects/DFS_Semi_Streaming/input/random_graphs/graph_100_4950_UNIFORM_2089506265998900862.txt (Time: 0.00s)
📦 COPIED from HDD: /media/HDD/Projects/ExpDFS/graph_100_4950_UNIFORM_4060584409398689268.txt -> /home/shahbazk/Projects/DFS_Semi_Streaming/input/random_graphs/graph_100_4950_UNIFORM_4060584409398689268.txt (Time: 0.00s)
📦 COPIED from HDD: /media/HDD/Projects/ExpDFS/graph_100_4950_UNIFORM_1332005502874566195.txt -> /home/shahbazk/Projects/DFS_Semi_Streaming/input/random_graphs/graph_100_4950_UNIFORM_1332005502874566195.txt (Time: 0.00s)
📦 COPIED from HDD: /media/HDD/Projects/ExpDFS/graph_100_4950_UNIFORM_1722224698700348310.txt -> /home/shahbazk/Projects/DFS_Semi_Streaming/input/random_graphs/graph_100_4950_UNIFORM_1722224698700348310.txt (Time: 0.00s)
📦 COPIED from HDD: /media/HDD/Projects/ExpDFS/graph_100_4950_UNIFORM_8794274795737982182.txt -> /home/shahbazk/Projects/DFS_Semi_Streaming/input/random_graphs/graph_100_4950_UNIFORM_8794274795737982182.txt (Time: 0.00s)
📦 COPIED from HDD: /media/HDD/Projects/ExpDFS/graph_100_4950_UNIFORM_7905487461282246979.txt -> /home/shahbazk/Projects/DFS_Semi_Streaming/input/random_graphs/graph_100_4950_UNIFORM_7905487461282246979.txt (Time: 0.00s)
📦 COPIED from HDD: /media/HDD/Projects/ExpDFS/graph_100_4950_UNIFORM_4795749165124911768.txt -> /home/shahbazk/Projects/DFS_Semi_Streaming/input/random_graphs/graph_100_4950_UNIFORM_4795749165124911768.txt (Time: 0.00s)
📦 COPIED from HDD: /media/HDD/Projects/ExpDFS/graph_100_4950_UNIFORM_8448596294177070022.txt -> /home/shahbazk/Projects/DFS_Semi_Streaming/input/random_graphs/graph_100_4950_UNIFORM_8448596294177070022.txt (Time: 0.00s)
📦 COPIED from HDD: /media/HDD/Projects/ExpDFS/graph_100_4950_UNIFORM_4934890601268679176.txt -> /home/shahbazk/Projects/DFS_Semi_Streaming/input/random_graphs/graph_100_4950_UNIFORM_4934890601268679176.txt (Time: 0.00s)
📦 COPIED from HDD: /media/HDD/Projects/ExpDFS/graph_100_4950_UNIFORM_5497874167834979553.txt -> /home/shahbazk/Projects/DFS_Semi_Streaming/input/random_graphs/graph_100_4950_UNIFORM_5497874167834979553.txt (Time: 0.00s)
📦 COPIED from HDD: /media/HDD/Projects/ExpDFS/graph_100_4950_UNIFORM_8626102704817790064.txt -> /home/shahbazk/Projects/DFS_Semi_Streaming/input/random_graphs/graph_100_4950_UNIFORM_8626102704817790064.txt (Time: 0.00s)
📦 COPIED from HDD: /media/HDD/Projects/ExpDFS/graph_100_4950_UNIFORM_9059990922233379852.txt -> /home/shahbazk/Projects/DFS_Semi_Streaming/input/random_graphs/graph_100_4950_UNIFORM_9059990922233379852.txt (Time: 0.00s)
📦 COPIED from HDD: /media/HDD/Projects/ExpDFS/graph_100_4950_UNIFORM_1992204328026194281.txt -> /home/shahbazk/Projects/DFS_Semi_Streaming/input/random_graphs/graph_100_4950_UNIFORM_1992204328026194281.txt (Time: 0.00s)
📦 COPIED from HDD: /media/HDD/Projects/ExpDFS/graph_100_4950_UNIFORM_3221421291694197220.txt -> /home/shahbazk/Projects/DFS_Semi_Streaming/input/random_graphs/graph_100_4950_UNIFORM_3221421291694197220.txt (Time: 0.00s)
📦 COPIED from HDD: /media/HDD/Projects/ExpDFS/graph_100_4950_UNIFORM_7118744415197196276.txt -> /home/shahbazk/Projects/DFS_Semi_Streaming/input/random_graphs/graph_100_4950_UNIFORM_7118744415197196276.txt (Time: 0.00s)
📦 COPIED from HDD: /media/HDD/Projects/ExpDFS/graph_100_4950_UNIFORM_5894893360759659423.txt -> /home/shahbazk/Projects/DFS_Semi_Streaming/input/random_graphs/graph_100_4950_UNIFORM_5894893360759659423.txt (Time: 0.00s)
📦 COPIED from HDD: /media/HDD/Projects/ExpDFS/graph_100_4950_UNIFORM_4940913311242578590.txt -> /home/shahbazk/Projects/DFS_Semi_Streaming/input/random_graphs/graph_100_4950_UNIFORM_4940913311242578590.txt (Time: 0.00s)
📦 COPIED from HDD: /media/HDD/Projects/ExpDFS/graph_100_4950_UNIFORM_8867616339855336876.txt -> /home/shahbazk/Projects/DFS_Semi_Streaming/input/random_graphs/graph_100_4950_UNIFORM_8867616339855336876.txt (Time: 0.00s)
📦 COPIED from HDD: /media/HDD/Projects/ExpDFS/graph_100_4950_UNIFORM_1458186392400727732.txt -> /home/shahbazk/Projects/DFS_Semi_Streaming/input/random_graphs/graph_100_4950_UNIFORM_1458186392400727732.txt (Time: 0.00s)
📦 COPIED from HDD: /media/HDD/Projects/ExpDFS/graph_100_4950_UNIFORM_2718103348384927511.txt -> /home/shahbazk/Projects/DFS_Semi_Streaming/input/random_graphs/graph_100_4950_UNIFORM_2718103348384927511.txt (Time: 0.00s)
📦 COPIED from HDD: /media/HDD/Projects/ExpDFS/graph_100_4950_UNIFORM_1392892770529522614.txt -> /home/shahbazk/Projects/DFS_Semi_Streaming/input/random_graphs/graph_100_4950_UNIFORM_1392892770529522614.txt (Time: 0.00s)
📦 COPIED from HDD: /media/HDD/Projects/ExpDFS/graph_100_4950_UNIFORM_7983805977214098674.txt -> /home/shahbazk/Projects/DFS_Semi_Streaming/input/random_graphs/graph_100_4950_UNIFORM_7983805977214098674.txt (Time: 0.00s)
📦 COPIED from HDD: /media/HDD/Projects/ExpDFS/graph_100_4950_UNIFORM_2264398621601381987.txt -> /home/shahbazk/Projects/DFS_Semi_Streaming/input/random_graphs/graph_100_4950_UNIFORM_2264398621601381987.txt (Time: 0.00s)
📦 COPIED from HDD: /media/HDD/Projects/ExpDFS/graph_100_4950_UNIFORM_7449662661572224354.txt -> /home/shahbazk/Projects/DFS_Semi_Streaming/input/random_graphs/graph_100_4950_UNIFORM_7449662661572224354.txt (Time: 0.00s)
📦 COPIED from HDD: /media/HDD/Projects/ExpDFS/graph_100_4950_UNIFORM_9060210648189963449.txt -> /home/shahbazk/Projects/DFS_Semi_Streaming/input/random_graphs/graph_100_4950_UNIFORM_9060210648189963449.txt (Time: 0.00s)
📦 COPIED from HDD: /media/HDD/Projects/ExpDFS/graph_100_4950_UNIFORM_7632458674696225362.txt -> /home/shahbazk/Projects/DFS_Semi_Streaming/input/random_graphs/graph_100_4950_UNIFORM_7632458674696225362.txt (Time: 0.00s)
📦 COPIED from HDD: /media/HDD/Projects/ExpDFS/graph_200_19900_UNIFORM_5739955973604961613.txt -> /home/shahbazk/Projects/DFS_Semi_Streaming/input/random_graphs/graph_200_19900_UNIFORM_5739955973604961613.txt (Time: 0.00s)
📦 COPIED from HDD: /media/HDD/Projects/ExpDFS/graph_200_19900_UNIFORM_1250005700364523649.txt -> /home/shahbazk/Projects/DFS_Semi_Streaming/input/random_graphs/graph_200_19900_UNIFORM_1250005700364523649.txt (Time: 0.00s)
📦 COPIED from HDD: /media/HDD/Projects/ExpDFS/graph_200_19900_UNIFORM_7146860528564146064.txt -> /home/shahbazk/Projects/DFS_Semi_Streaming/input/random_graphs/graph_200_19900_UNIFORM_7146860528564146064.txt (Time: 0.00s)
📦 COPIED from HDD: /media/HDD/Projects/ExpDFS/graph_200_19900_UNIFORM_7599700178212337699.txt -> /home/shahbazk/Projects/DFS_Semi_Streaming/input/random_graphs/graph_200_19900_UNIFORM_7599700178212337699.txt (Time: 0.00s)
📦 COPIED from HDD: /media/HDD/Projects/ExpDFS/graph_200_19900_UNIFORM_3881801951614183357.txt -> /home/shahbazk/Projects/DFS_Semi_Streaming/input/random_graphs/graph_200_19900_UNIFORM_3881801951614183357.txt (Time: 0.00s)
📦 COPIED from HDD: /media/HDD/Projects/ExpDFS/graph_200_19900_UNIFORM_7871178979383552919.txt -> /home/shahbazk/Projects/DFS_Semi_Streaming/input/random_graphs/graph_200_19900_UNIFORM_7871178979383552919.txt (Time: 0.00s)
📦 COPIED from HDD: /media/HDD/Projects/ExpDFS/graph_200_19900_UNIFORM_7032710160631691991.txt -> /home/shahbazk/Projects/DFS_Semi_Streaming/input/random_graphs/graph_200_19900_UNIFORM_7032710160631691991.txt (Time: 0.00s)
📦 COPIED from HDD: /media/HDD/Projects/ExpDFS/graph_200_19900_UNIFORM_6522163754831416203.txt -> /home/shahbazk/Projects/DFS_Semi_Streaming/input/random_graphs/graph_200_19900_UNIFORM_6522163754831416203.txt (Time: 0.00s)
📦 COPIED from HDD: /media/HDD/Projects/ExpDFS/graph_200_19900_UNIFORM_6938562734920028532.txt -> /home/shahbazk/Projects/DFS_Semi_Streaming/input/random_graphs/graph_200_19900_UNIFORM_6938562734920028532.txt (Time: 0.00s)
📦 COPIED from HDD: /media/HDD/Projects/ExpDFS/graph_200_19900_UNIFORM_1309542850049879452.txt -> /home/shahbazk/Projects/DFS_Semi_Streaming/input/random_graphs/graph_200_19900_UNIFORM_1309542850049879452.txt (Time: 0.00s)
📦 COPIED from HDD: /media/HDD/Projects/ExpDFS/graph_200_19900_UNIFORM_3438400432146115956.txt -> /home/shahbazk/Projects/DFS_Semi_Streaming/input/random_graphs/graph_200_19900_UNIFORM_3438400432146115956.txt (Time: 0.00s)
📦 COPIED from HDD: /media/HDD/Projects/ExpDFS/graph_200_19900_UNIFORM_320375091487821987.txt -> /home/shahbazk/Projects/DFS_Semi_Streaming/input/random_graphs/graph_200_19900_UNIFORM_320375091487821987.txt (Time: 0.00s)
📦 COPIED from HDD: /media/HDD/Projects/ExpDFS/graph_200_19900_UNIFORM_1353182403971399009.txt -> /home/shahbazk/Projects/DFS_Semi_Streaming/input/random_graphs/graph_200_19900_UNIFORM_1353182403971399009.txt (Time: 0.00s)
📦 COPIED from HDD: /media/HDD/Projects/ExpDFS/graph_200_19900_UNIFORM_7473196763798409428.txt -> /home/shahbazk/Projects/DFS_Semi_Streaming/input/random_graphs/graph_200_19900_UNIFORM_7473196763798409428.txt (Time: 0.00s)
📦 COPIED from HDD: /media/HDD/Projects/ExpDFS/graph_200_19900_UNIFORM_1250773459040295677.txt -> /home/shahbazk/Projects/DFS_Semi_Streaming/input/random_graphs/graph_200_19900_UNIFORM_1250773459040295677.txt (Time: 0.00s)
📦 COPIED from HDD: /media/HDD/Projects/ExpDFS/graph_200_19900_UNIFORM_1070244953599069350.txt -> /home/shahbazk/Projects/DFS_Semi_Streaming/input/random_graphs/graph_200_19900_UNIFORM_1070244953599069350.txt (Time: 0.00s)
📦 COPIED from HDD: /media/HDD/Projects/ExpDFS/graph_200_19900_UNIFORM_6230961512046992311.txt -> /home/shahbazk/Projects/DFS_Semi_Streaming/input/random_graphs/graph_200_19900_UNIFORM_6230961512046992311.txt (Time: 0.00s)
📦 COPIED from HDD: /media/HDD/Projects/ExpDFS/graph_200_19900_UNIFORM_6002685213311538187.txt -> /home/shahbazk/Projects/DFS_Semi_Streaming/input/random_graphs/graph_200_19900_UNIFORM_6002685213311538187.txt (Time: 0.00s)
📦 COPIED from HDD: /media/HDD/Projects/ExpDFS/graph_200_19900_UNIFORM_5708372698381010775.txt -> /home/shahbazk/Projects/DFS_Semi_Streaming/input/random_graphs/graph_200_19900_UNIFORM_5708372698381010775.txt (Time: 0.00s)
📦 COPIED from HDD: /media/HDD/Projects/ExpDFS/graph_200_19900_UNIFORM_5529616217668449934.txt -> /home/shahbazk/Projects/DFS_Semi_Streaming/input/random_graphs/graph_200_19900_UNIFORM_5529616217668449934.txt (Time: 0.00s)
📦 COPIED from HDD: /media/HDD/Projects/ExpDFS/graph_200_19900_UNIFORM_4040737767143389431.txt -> /home/shahbazk/Projects/DFS_Semi_Streaming/input/random_graphs/graph_200_19900_UNIFORM_4040737767143389431.txt (Time: 0.00s)
📦 COPIED from HDD: /media/HDD/Projects/ExpDFS/graph_200_19900_UNIFORM_6785030173969523435.txt -> /home/shahbazk/Projects/DFS_Semi_Streaming/input/random_graphs/graph_200_19900_UNIFORM_6785030173969523435.txt (Time: 0.00s)
📦 COPIED from HDD: /media/HDD/Projects/ExpDFS/graph_200_19900_UNIFORM_1647170069535670909.txt -> /home/shahbazk/Projects/DFS_Semi_Streaming/input/random_graphs/graph_200_19900_UNIFORM_1647170069535670909.txt (Time: 0.00s)
📦 COPIED from HDD: /media/HDD/Projects/ExpDFS/graph_200_19900_UNIFORM_2429002973740178792.txt -> /home/shahbazk/Projects/DFS_Semi_Streaming/input/random_graphs/graph_200_19900_UNIFORM_2429002973740178792.txt (Time: 0.00s)
📦 COPIED from HDD: /media/HDD/Projects/ExpDFS/graph_200_19900_UNIFORM_1024517563182776983.txt -> /home/shahbazk/Projects/DFS_Semi_Streaming/input/random_graphs/graph_200_19900_UNIFORM_1024517563182776983.txt (Time: 0.00s)
📦 COPIED from HDD: /media/HDD/Projects/ExpDFS/graph_200_19900_UNIFORM_3224265581699847191.txt -> /home/shahbazk/Projects/DFS_Semi_Streaming/input/random_graphs/graph_200_19900_UNIFORM_3224265581699847191.txt (Time: 0.00s)
📦 COPIED from HDD: /media/HDD/Projects/ExpDFS/graph_200_19900_UNIFORM_1853590723603270879.txt -> /home/shahbazk/Projects/DFS_Semi_Streaming/input/random_graphs/graph_200_19900_UNIFORM_1853590723603270879.txt (Time: 0.00s)
📦 COPIED from HDD: /media/HDD/Projects/ExpDFS/graph_200_19900_UNIFORM_7029781962072644698.txt -> /home/shahbazk/Projects/DFS_Semi_Streaming/input/random_graphs/graph_200_19900_UNIFORM_7029781962072644698.txt (Time: 0.00s)
📦 COPIED from HDD: /media/HDD/Projects/ExpDFS/graph_200_19900_UNIFORM_1731523882129807996.txt -> /home/shahbazk/Projects/DFS_Semi_Streaming/input/random_graphs/graph_200_19900_UNIFORM_1731523882129807996.txt (Time: 0.00s)
📦 COPIED from HDD: /media/HDD/Projects/ExpDFS/graph_200_19900_UNIFORM_7663871783842725848.txt -> /home/shahbazk/Projects/DFS_Semi_Streaming/input/random_graphs/graph_200_19900_UNIFORM_7663871783842725848.txt (Time: 0.00s)
📦 COPIED from HDD: /media/HDD/Projects/ExpDFS/graph_200_19900_UNIFORM_7161906730445628483.txt -> /home/shahbazk/Projects/DFS_Semi_Streaming/input/random_graphs/graph_200_19900_UNIFORM_7161906730445628483.txt (Time: 0.00s)
📦 COPIED from HDD: /media/HDD/Projects/ExpDFS/graph_200_19900_UNIFORM_6143643868734370809.txt -> /home/shahbazk/Projects/DFS_Semi_Streaming/input/random_graphs/graph_200_19900_UNIFORM_6143643868734370809.txt (Time: 0.00s)
📦 COPIED from HDD: /media/HDD/Projects/ExpDFS/graph_200_19900_UNIFORM_4122784633514911760.txt -> /home/shahbazk/Projects/DFS_Semi_Streaming/input/random_graphs/graph_200_19900_UNIFORM_4122784633514911760.txt (Time: 0.01s)
📦 COPIED from HDD: /media/HDD/Projects/ExpDFS/graph_200_19900_UNIFORM_5258051056098597521.txt -> /home/shahbazk/Projects/DFS_Semi_Streaming/input/random_graphs/graph_200_19900_UNIFORM_5258051056098597521.txt (Time: 0.01s)
📦 COPIED from HDD: /media/HDD/Projects/ExpDFS/graph_200_19900_UNIFORM_6802378520969450157.txt -> /home/shahbazk/Projects/DFS_Semi_Streaming/input/random_graphs/graph_200_19900_UNIFORM_6802378520969450157.txt (Time: 0.01s)
📦 COPIED from HDD: /media/HDD/Projects/ExpDFS/graph_200_19900_UNIFORM_1632192924771168275.txt -> /home/shahbazk/Projects/DFS_Semi_Streaming/input/random_graphs/graph_200_19900_UNIFORM_1632192924771168275.txt (Time: 0.00s)
📦 COPIED from HDD: /media/HDD/Projects/ExpDFS/graph_200_19900_UNIFORM_824387247617288499.txt -> /home/shahbazk/Projects/DFS_Semi_Streaming/input/random_graphs/graph_200_19900_UNIFORM_824387247617288499.txt (Time: 0.00s)
📦 COPIED from HDD: /media/HDD/Projects/ExpDFS/graph_200_19900_UNIFORM_7706236040662210848.txt -> /home/shahbazk/Projects/DFS_Semi_Streaming/input/random_graphs/graph_200_19900_UNIFORM_7706236040662210848.txt (Time: 0.00s)
📦 COPIED from HDD: /media/HDD/Projects/ExpDFS/graph_200_19900_UNIFORM_6224222471595207695.txt -> /home/shahbazk/Projects/DFS_Semi_Streaming/input/random_graphs/graph_200_19900_UNIFORM_6224222471595207695.txt (Time: 0.00s)
📦 COPIED from HDD: /media/HDD/Projects/ExpDFS/graph_200_19900_UNIFORM_3865339568260874865.txt -> /home/shahbazk/Projects/DFS_Semi_Streaming/input/random_graphs/graph_200_19900_UNIFORM_3865339568260874865.txt (Time: 0.00s)
📦 COPIED from HDD: /media/HDD/Projects/ExpDFS/graph_200_19900_UNIFORM_4552998297316576788.txt -> /home/shahbazk/Projects/DFS_Semi_Streaming/input/random_graphs/graph_200_19900_UNIFORM_4552998297316576788.txt (Time: 0.00s)
📦 COPIED from HDD: /media/HDD/Projects/ExpDFS/graph_200_19900_UNIFORM_5139481885857321791.txt -> /home/shahbazk/Projects/DFS_Semi_Streaming/input/random_graphs/graph_200_19900_UNIFORM_5139481885857321791.txt (Time: 0.00s)
📦 COPIED from HDD: /media/HDD/Projects/ExpDFS/graph_200_19900_UNIFORM_521787134863155063.txt -> /home/shahbazk/Projects/DFS_Semi_Streaming/input/random_graphs/graph_200_19900_UNIFORM_521787134863155063.txt (Time: 0.00s)
📦 COPIED from HDD: /media/HDD/Projects/ExpDFS/graph_200_19900_UNIFORM_7921282862123281598.txt -> /home/shahbazk/Projects/DFS_Semi_Streaming/input/random_graphs/graph_200_19900_UNIFORM_7921282862123281598.txt (Time: 0.00s)
📦 COPIED from HDD: /media/HDD/Projects/ExpDFS/graph_200_19900_UNIFORM_5349491008325879064.txt -> /home/shahbazk/Projects/DFS_Semi_Streaming/input/random_graphs/graph_200_19900_UNIFORM_5349491008325879064.txt (Time: 0.00s)
📦 COPIED from HDD: /media/HDD/Projects/ExpDFS/graph_200_19900_UNIFORM_5906957480796939447.txt -> /home/shahbazk/Projects/DFS_Semi_Streaming/input/random_graphs/graph_200_19900_UNIFORM_5906957480796939447.txt (Time: 0.00s)
📦 COPIED from HDD: /media/HDD/Projects/ExpDFS/graph_200_19900_UNIFORM_5142811650494845597.txt -> /home/shahbazk/Projects/DFS_Semi_Streaming/input/random_graphs/graph_200_19900_UNIFORM_5142811650494845597.txt (Time: 0.00s)
📦 COPIED from HDD: /media/HDD/Projects/ExpDFS/graph_200_19900_UNIFORM_3010622984418968408.txt -> /home/shahbazk/Projects/DFS_Semi_Streaming/input/random_graphs/graph_200_19900_UNIFORM_3010622984418968408.txt (Time: 0.00s)
📦 COPIED from HDD: /media/HDD/Projects/ExpDFS/graph_200_19900_UNIFORM_7938560551762094560.txt -> /home/shahbazk/Projects/DFS_Semi_Streaming/input/random_graphs/graph_200_19900_UNIFORM_7938560551762094560.txt (Time: 0.00s)
📦 COPIED from HDD: /media/HDD/Projects/ExpDFS/graph_200_19900_UNIFORM_8031431416522537101.txt -> /home/shahbazk/Projects/DFS_Semi_Streaming/input/random_graphs/graph_200_19900_UNIFORM_8031431416522537101.txt (Time: 0.00s)
📦 COPIED from HDD: /media/HDD/Projects/ExpDFS/graph_200_19900_UNIFORM_1128313391724783137.txt -> /home/shahbazk/Projects/DFS_Semi_Streaming/input/random_graphs/graph_200_19900_UNIFORM_1128313391724783137.txt (Time: 0.00s)
📦 COPIED from HDD: /media/HDD/Projects/ExpDFS/graph_200_19900_UNIFORM_5636411189175451024.txt -> /home/shahbazk/Projects/DFS_Semi_Streaming/input/random_graphs/graph_200_19900_UNIFORM_5636411189175451024.txt (Time: 0.00s)
📦 COPIED from HDD: /media/HDD/Projects/ExpDFS/graph_200_19900_UNIFORM_5063475852268941542.txt -> /home/shahbazk/Projects/DFS_Semi_Streaming/input/random_graphs/graph_200_19900_UNIFORM_5063475852268941542.txt (Time: 0.00s)
📦 COPIED from HDD: /media/HDD/Projects/ExpDFS/graph_200_19900_UNIFORM_1170385908854608748.txt -> /home/shahbazk/Projects/DFS_Semi_Streaming/input/random_graphs/graph_200_19900_UNIFORM_1170385908854608748.txt (Time: 0.00s)
📦 COPIED from HDD: /media/HDD/Projects/ExpDFS/graph_200_19900_UNIFORM_8718380604043999642.txt -> /home/shahbazk/Projects/DFS_Semi_Streaming/input/random_graphs/graph_200_19900_UNIFORM_8718380604043999642.txt (Time: 0.00s)
📦 COPIED from HDD: /media/HDD/Projects/ExpDFS/graph_200_19900_UNIFORM_716820155901718944.txt -> /home/shahbazk/Projects/DFS_Semi_Streaming/input/random_graphs/graph_200_19900_UNIFORM_716820155901718944.txt (Time: 0.00s)
📦 COPIED from HDD: /media/HDD/Projects/ExpDFS/graph_200_19900_UNIFORM_6022436717541034636.txt -> /home/shahbazk/Projects/DFS_Semi_Streaming/input/random_graphs/graph_200_19900_UNIFORM_6022436717541034636.txt (Time: 0.00s)
📦 COPIED from HDD: /media/HDD/Projects/ExpDFS/graph_200_19900_UNIFORM_4445925461710302877.txt -> /home/shahbazk/Projects/DFS_Semi_Streaming/input/random_graphs/graph_200_19900_UNIFORM_4445925461710302877.txt (Time: 0.00s)
📦 COPIED from HDD: /media/HDD/Projects/ExpDFS/graph_200_19900_UNIFORM_6614505080519948832.txt -> /home/shahbazk/Projects/DFS_Semi_Streaming/input/random_graphs/graph_200_19900_UNIFORM_6614505080519948832.txt (Time: 0.00s)
📦 COPIED from HDD: /media/HDD/Projects/ExpDFS/graph_200_19900_UNIFORM_3272308573967577038.txt -> /home/shahbazk/Projects/DFS_Semi_Streaming/input/random_graphs/graph_200_19900_UNIFORM_3272308573967577038.txt (Time: 0.00s)
📦 COPIED from HDD: /media/HDD/Projects/ExpDFS/graph_200_19900_UNIFORM_4997514996153925447.txt -> /home/shahbazk/Projects/DFS_Semi_Streaming/input/random_graphs/graph_200_19900_UNIFORM_4997514996153925447.txt (Time: 0.00s)
📦 COPIED from HDD: /media/HDD/Projects/ExpDFS/graph_200_19900_UNIFORM_7644420139408884785.txt -> /home/shahbazk/Projects/DFS_Semi_Streaming/input/random_graphs/graph_200_19900_UNIFORM_7644420139408884785.txt (Time: 0.00s)
📦 COPIED from HDD: /media/HDD/Projects/ExpDFS/graph_200_19900_UNIFORM_5108599054664628607.txt -> /home/shahbazk/Projects/DFS_Semi_Streaming/input/random_graphs/graph_200_19900_UNIFORM_5108599054664628607.txt (Time: 0.00s)
📦 COPIED from HDD: /media/HDD/Projects/ExpDFS/graph_200_19900_UNIFORM_7917045922527545890.txt -> /home/shahbazk/Projects/DFS_Semi_Streaming/input/random_graphs/graph_200_19900_UNIFORM_7917045922527545890.txt (Time: 0.00s)
📦 COPIED from HDD: /media/HDD/Projects/ExpDFS/graph_200_19900_UNIFORM_1392892770529522614.txt -> /home/shahbazk/Projects/DFS_Semi_Streaming/input/random_graphs/graph_200_19900_UNIFORM_1392892770529522614.txt (Time: 0.00s)
📦 COPIED from HDD: /media/HDD/Projects/ExpDFS/graph_200_19900_UNIFORM_9060210648189963449.txt -> /home/shahbazk/Projects/DFS_Semi_Streaming/input/random_graphs/graph_200_19900_UNIFORM_9060210648189963449.txt (Time: 0.00s)
📦 COPIED from HDD: /media/HDD/Projects/ExpDFS/graph_200_19900_UNIFORM_6529943913552561417.txt -> /home/shahbazk/Projects/DFS_Semi_Streaming/input/random_graphs/graph_200_19900_UNIFORM_6529943913552561417.txt (Time: 0.00s)
📦 COPIED from HDD: /media/HDD/Projects/ExpDFS/graph_200_19900_UNIFORM_2909934787168262407.txt -> /home/shahbazk/Projects/DFS_Semi_Streaming/input/random_graphs/graph_200_19900_UNIFORM_2909934787168262407.txt (Time: 0.00s)
📦 COPIED from HDD: /media/HDD/Projects/ExpDFS/graph_200_19900_UNIFORM_2089506265998900862.txt -> /home/shahbazk/Projects/DFS_Semi_Streaming/input/random_graphs/graph_200_19900_UNIFORM_2089506265998900862.txt (Time: 0.00s)
📦 COPIED from HDD: /media/HDD/Projects/ExpDFS/graph_200_19900_UNIFORM_4795749165124911768.txt -> /home/shahbazk/Projects/DFS_Semi_Streaming/input/random_graphs/graph_200_19900_UNIFORM_4795749165124911768.txt (Time: 0.00s)
📦 COPIED from HDD: /media/HDD/Projects/ExpDFS/graph_200_19900_UNIFORM_8446481348147407377.txt -> /home/shahbazk/Projects/DFS_Semi_Streaming/input/random_graphs/graph_200_19900_UNIFORM_8446481348147407377.txt (Time: 0.00s)
📦 COPIED from HDD: /media/HDD/Projects/ExpDFS/graph_200_19900_UNIFORM_8626102704817790064.txt -> /home/shahbazk/Projects/DFS_Semi_Streaming/input/random_graphs/graph_200_19900_UNIFORM_8626102704817790064.txt (Time: 0.00s)
📦 COPIED from HDD: /media/HDD/Projects/ExpDFS/graph_200_19900_UNIFORM_4250897495980125004.txt -> /home/shahbazk/Projects/DFS_Semi_Streaming/input/random_graphs/graph_200_19900_UNIFORM_4250897495980125004.txt (Time: 0.00s)
📦 COPIED from HDD: /media/HDD/Projects/ExpDFS/graph_200_19900_UNIFORM_4060584409398689268.txt -> /home/shahbazk/Projects/DFS_Semi_Streaming/input/random_graphs/graph_200_19900_UNIFORM_4060584409398689268.txt (Time: 0.00s)
📦 COPIED from HDD: /media/HDD/Projects/ExpDFS/graph_200_19900_UNIFORM_5497874167834979553.txt -> /home/shahbazk/Projects/DFS_Semi_Streaming/input/random_graphs/graph_200_19900_UNIFORM_5497874167834979553.txt (Time: 0.00s)
📦 COPIED from HDD: /media/HDD/Projects/ExpDFS/graph_200_19900_UNIFORM_8448596294177070022.txt -> /home/shahbazk/Projects/DFS_Semi_Streaming/input/random_graphs/graph_200_19900_UNIFORM_8448596294177070022.txt (Time: 0.00s)
📦 COPIED from HDD: /media/HDD/Projects/ExpDFS/graph_200_19900_UNIFORM_3817405844514670994.txt -> /home/shahbazk/Projects/DFS_Semi_Streaming/input/random_graphs/graph_200_19900_UNIFORM_3817405844514670994.txt (Time: 0.00s)
📦 COPIED from HDD: /media/HDD/Projects/ExpDFS/graph_200_19900_UNIFORM_199422815561151340.txt -> /home/shahbazk/Projects/DFS_Semi_Streaming/input/random_graphs/graph_200_19900_UNIFORM_199422815561151340.txt (Time: 0.00s)
📦 COPIED from HDD: /media/HDD/Projects/ExpDFS/graph_200_19900_UNIFORM_175493991617213850.txt -> /home/shahbazk/Projects/DFS_Semi_Streaming/input/random_graphs/graph_200_19900_UNIFORM_175493991617213850.txt (Time: 0.00s)
📦 COPIED from HDD: /media/HDD/Projects/ExpDFS/graph_200_19900_UNIFORM_3713827327871807734.txt -> /home/shahbazk/Projects/DFS_Semi_Streaming/input/random_graphs/graph_200_19900_UNIFORM_3713827327871807734.txt (Time: 0.00s)
📦 COPIED from HDD: /media/HDD/Projects/ExpDFS/graph_200_19900_UNIFORM_7983805977214098674.txt -> /home/shahbazk/Projects/DFS_Semi_Streaming/input/random_graphs/graph_200_19900_UNIFORM_7983805977214098674.txt (Time: 0.00s)
📦 COPIED from HDD: /media/HDD/Projects/ExpDFS/graph_200_19900_UNIFORM_2264398621601381987.txt -> /home/shahbazk/Projects/DFS_Semi_Streaming/input/random_graphs/graph_200_19900_UNIFORM_2264398621601381987.txt (Time: 0.00s)
📦 COPIED from HDD: /media/HDD/Projects/ExpDFS/graph_200_19900_UNIFORM_4940913311242578590.txt -> /home/shahbazk/Projects/DFS_Semi_Streaming/input/random_graphs/graph_200_19900_UNIFORM_4940913311242578590.txt (Time: 0.00s)
📦 COPIED from HDD: /media/HDD/Projects/ExpDFS/graph_200_19900_UNIFORM_1458186392400727732.txt -> /home/shahbazk/Projects/DFS_Semi_Streaming/input/random_graphs/graph_200_19900_UNIFORM_1458186392400727732.txt (Time: 0.00s)
📦 COPIED from HDD: /media/HDD/Projects/ExpDFS/graph_200_19900_UNIFORM_4934890601268679176.txt -> /home/shahbazk/Projects/DFS_Semi_Streaming/input/random_graphs/graph_200_19900_UNIFORM_4934890601268679176.txt (Time: 0.00s)
📦 COPIED from HDD: /media/HDD/Projects/ExpDFS/graph_200_19900_UNIFORM_1992204328026194281.txt -> /home/shahbazk/Projects/DFS_Semi_Streaming/input/random_graphs/graph_200_19900_UNIFORM_1992204328026194281.txt (Time: 0.00s)
📦 COPIED from HDD: /media/HDD/Projects/ExpDFS/graph_200_19900_UNIFORM_1332005502874566195.txt -> /home/shahbazk/Projects/DFS_Semi_Streaming/input/random_graphs/graph_200_19900_UNIFORM_1332005502874566195.txt (Time: 0.00s)
📦 COPIED from HDD: /media/HDD/Projects/ExpDFS/graph_200_19900_UNIFORM_9130666990809746335.txt -> /home/shahbazk/Projects/DFS_Semi_Streaming/input/random_graphs/graph_200_19900_UNIFORM_9130666990809746335.txt (Time: 0.00s)
📦 COPIED from HDD: /media/HDD/Projects/ExpDFS/graph_200_19900_UNIFORM_8794274795737982182.txt -> /home/shahbazk/Projects/DFS_Semi_Streaming/input/random_graphs/graph_200_19900_UNIFORM_8794274795737982182.txt (Time: 0.00s)
📦 COPIED from HDD: /media/HDD/Projects/ExpDFS/graph_200_19900_UNIFORM_1722224698700348310.txt -> /home/shahbazk/Projects/DFS_Semi_Streaming/input/random_graphs/graph_200_19900_UNIFORM_1722224698700348310.txt (Time: 0.00s)
📦 COPIED from HDD: /media/HDD/Projects/ExpDFS/graph_200_19900_UNIFORM_7632458674696225362.txt -> /home/shahbazk/Projects/DFS_Semi_Streaming/input/random_graphs/graph_200_19900_UNIFORM_7632458674696225362.txt (Time: 0.00s)
📦 COPIED from HDD: /media/HDD/Projects/ExpDFS/graph_200_19900_UNIFORM_6764066939395682287.txt -> /home/shahbazk/Projects/DFS_Semi_Streaming/input/random_graphs/graph_200_19900_UNIFORM_6764066939395682287.txt (Time: 0.00s)
📦 COPIED from HDD: /media/HDD/Projects/ExpDFS/graph_200_19900_UNIFORM_2718103348384927511.txt -> /home/shahbazk/Projects/DFS_Semi_Streaming/input/random_graphs/graph_200_19900_UNIFORM_2718103348384927511.txt (Time: 0.00s)
📦 COPIED from HDD: /media/HDD/Projects/ExpDFS/graph_200_19900_UNIFORM_7118744415197196276.txt -> /home/shahbazk/Projects/DFS_Semi_Streaming/input/random_graphs/graph_200_19900_UNIFORM_7118744415197196276.txt (Time: 0.00s)
📦 COPIED from HDD: /media/HDD/Projects/ExpDFS/graph_200_19900_UNIFORM_7905487461282246979.txt -> /home/shahbazk/Projects/DFS_Semi_Streaming/input/random_graphs/graph_200_19900_UNIFORM_7905487461282246979.txt (Time: 0.00s)
📦 COPIED from HDD: /media/HDD/Projects/ExpDFS/graph_200_19900_UNIFORM_9059990922233379852.txt -> /home/shahbazk/Projects/DFS_Semi_Streaming/input/random_graphs/graph_200_19900_UNIFORM_9059990922233379852.txt (Time: 0.00s)
📦 COPIED from HDD: /media/HDD/Projects/ExpDFS/graph_200_19900_UNIFORM_8867616339855336876.txt -> /home/shahbazk/Projects/DFS_Semi_Streaming/input/random_graphs/graph_200_19900_UNIFORM_8867616339855336876.txt (Time: 0.00s)
📦 COPIED from HDD: /media/HDD/Projects/ExpDFS/graph_200_19900_UNIFORM_7449662661572224354.txt -> /home/shahbazk/Projects/DFS_Semi_Streaming/input/random_graphs/graph_200_19900_UNIFORM_7449662661572224354.txt (Time: 0.00s)
📦 COPIED from HDD: /media/HDD/Projects/ExpDFS/graph_200_19900_UNIFORM_3221421291694197220.txt -> /home/shahbazk/Projects/DFS_Semi_Streaming/input/random_graphs/graph_200_19900_UNIFORM_3221421291694197220.txt (Time: 0.00s)
📦 COPIED from HDD: /media/HDD/Projects/ExpDFS/graph_300_44850_UNIFORM_6230961512046992311.txt -> /home/shahbazk/Projects/DFS_Semi_Streaming/input/random_graphs/graph_300_44850_UNIFORM_6230961512046992311.txt (Time: 0.00s)
📦 COPIED from HDD: /media/HDD/Projects/ExpDFS/graph_300_44850_UNIFORM_7871178979383552919.txt -> /home/shahbazk/Projects/DFS_Semi_Streaming/input/random_graphs/graph_300_44850_UNIFORM_7871178979383552919.txt (Time: 0.00s)
📦 COPIED from HDD: /media/HDD/Projects/ExpDFS/graph_300_44850_UNIFORM_7473196763798409428.txt -> /home/shahbazk/Projects/DFS_Semi_Streaming/input/random_graphs/graph_300_44850_UNIFORM_7473196763798409428.txt (Time: 0.00s)
📦 COPIED from HDD: /media/HDD/Projects/ExpDFS/graph_300_44850_UNIFORM_6522163754831416203.txt -> /home/shahbazk/Projects/DFS_Semi_Streaming/input/random_graphs/graph_300_44850_UNIFORM_6522163754831416203.txt (Time: 0.00s)
📦 COPIED from HDD: /media/HDD/Projects/ExpDFS/graph_300_44850_UNIFORM_1353182403971399009.txt -> /home/shahbazk/Projects/DFS_Semi_Streaming/input/random_graphs/graph_300_44850_UNIFORM_1353182403971399009.txt (Time: 0.00s)
📦 COPIED from HDD: /media/HDD/Projects/ExpDFS/graph_300_44850_UNIFORM_1250773459040295677.txt -> /home/shahbazk/Projects/DFS_Semi_Streaming/input/random_graphs/graph_300_44850_UNIFORM_1250773459040295677.txt (Time: 0.00s)
📦 COPIED from HDD: /media/HDD/Projects/ExpDFS/graph_300_44850_UNIFORM_320375091487821987.txt -> /home/shahbazk/Projects/DFS_Semi_Streaming/input/random_graphs/graph_300_44850_UNIFORM_320375091487821987.txt (Time: 0.00s)
📦 COPIED from HDD: /media/HDD/Projects/ExpDFS/graph_300_44850_UNIFORM_1070244953599069350.txt -> /home/shahbazk/Projects/DFS_Semi_Streaming/input/random_graphs/graph_300_44850_UNIFORM_1070244953599069350.txt (Time: 0.00s)
📦 COPIED from HDD: /media/HDD/Projects/ExpDFS/graph_300_44850_UNIFORM_3881801951614183357.txt -> /home/shahbazk/Projects/DFS_Semi_Streaming/input/random_graphs/graph_300_44850_UNIFORM_3881801951614183357.txt (Time: 0.00s)
📦 COPIED from HDD: /media/HDD/Projects/ExpDFS/graph_300_44850_UNIFORM_7663871783842725848.txt -> /home/shahbazk/Projects/DFS_Semi_Streaming/input/random_graphs/graph_300_44850_UNIFORM_7663871783842725848.txt (Time: 0.00s)
📦 COPIED from HDD: /media/HDD/Projects/ExpDFS/graph_300_44850_UNIFORM_5142811650494845597.txt -> /home/shahbazk/Projects/DFS_Semi_Streaming/input/random_graphs/graph_300_44850_UNIFORM_5142811650494845597.txt (Time: 0.00s)
📦 COPIED from HDD: /media/HDD/Projects/ExpDFS/graph_300_44850_UNIFORM_3438400432146115956.txt -> /home/shahbazk/Projects/DFS_Semi_Streaming/input/random_graphs/graph_300_44850_UNIFORM_3438400432146115956.txt (Time: 0.00s)
📦 COPIED from HDD: /media/HDD/Projects/ExpDFS/graph_300_44850_UNIFORM_7599700178212337699.txt -> /home/shahbazk/Projects/DFS_Semi_Streaming/input/random_graphs/graph_300_44850_UNIFORM_7599700178212337699.txt (Time: 0.00s)
📦 COPIED from HDD: /media/HDD/Projects/ExpDFS/graph_300_44850_UNIFORM_6002685213311538187.txt -> /home/shahbazk/Projects/DFS_Semi_Streaming/input/random_graphs/graph_300_44850_UNIFORM_6002685213311538187.txt (Time: 0.00s)
📦 COPIED from HDD: /media/HDD/Projects/ExpDFS/graph_300_44850_UNIFORM_1250005700364523649.txt -> /home/shahbazk/Projects/DFS_Semi_Streaming/input/random_graphs/graph_300_44850_UNIFORM_1250005700364523649.txt (Time: 0.00s)
📦 COPIED from HDD: /media/HDD/Projects/ExpDFS/graph_300_44850_UNIFORM_7146860528564146064.txt -> /home/shahbazk/Projects/DFS_Semi_Streaming/input/random_graphs/graph_300_44850_UNIFORM_7146860528564146064.txt (Time: 0.00s)
📦 COPIED from HDD: /media/HDD/Projects/ExpDFS/graph_300_44850_UNIFORM_7032710160631691991.txt -> /home/shahbazk/Projects/DFS_Semi_Streaming/input/random_graphs/graph_300_44850_UNIFORM_7032710160631691991.txt (Time: 0.00s)
📦 COPIED from HDD: /media/HDD/Projects/ExpDFS/graph_300_44850_UNIFORM_5139481885857321791.txt -> /home/shahbazk/Projects/DFS_Semi_Streaming/input/random_graphs/graph_300_44850_UNIFORM_5139481885857321791.txt (Time: 0.00s)
📦 COPIED from HDD: /media/HDD/Projects/ExpDFS/graph_300_44850_UNIFORM_2429002973740178792.txt -> /home/shahbazk/Projects/DFS_Semi_Streaming/input/random_graphs/graph_300_44850_UNIFORM_2429002973740178792.txt (Time: 0.00s)
📦 COPIED from HDD: /media/HDD/Projects/ExpDFS/graph_300_44850_UNIFORM_5258051056098597521.txt -> /home/shahbazk/Projects/DFS_Semi_Streaming/input/random_graphs/graph_300_44850_UNIFORM_5258051056098597521.txt (Time: 0.00s)
📦 COPIED from HDD: /media/HDD/Projects/ExpDFS/graph_300_44850_UNIFORM_4122784633514911760.txt -> /home/shahbazk/Projects/DFS_Semi_Streaming/input/random_graphs/graph_300_44850_UNIFORM_4122784633514911760.txt (Time: 0.00s)
📦 COPIED from HDD: /media/HDD/Projects/ExpDFS/graph_300_44850_UNIFORM_3010622984418968408.txt -> /home/shahbazk/Projects/DFS_Semi_Streaming/input/random_graphs/graph_300_44850_UNIFORM_3010622984418968408.txt (Time: 0.00s)
📦 COPIED from HDD: /media/HDD/Projects/ExpDFS/graph_300_44850_UNIFORM_824387247617288499.txt -> /home/shahbazk/Projects/DFS_Semi_Streaming/input/random_graphs/graph_300_44850_UNIFORM_824387247617288499.txt (Time: 0.00s)
📦 COPIED from HDD: /media/HDD/Projects/ExpDFS/graph_300_44850_UNIFORM_1632192924771168275.txt -> /home/shahbazk/Projects/DFS_Semi_Streaming/input/random_graphs/graph_300_44850_UNIFORM_1632192924771168275.txt (Time: 0.00s)
📦 COPIED from HDD: /media/HDD/Projects/ExpDFS/graph_300_44850_UNIFORM_6802378520969450157.txt -> /home/shahbazk/Projects/DFS_Semi_Streaming/input/random_graphs/graph_300_44850_UNIFORM_6802378520969450157.txt (Time: 0.00s)
📦 COPIED from HDD: /media/HDD/Projects/ExpDFS/graph_300_44850_UNIFORM_4552998297316576788.txt -> /home/shahbazk/Projects/DFS_Semi_Streaming/input/random_graphs/graph_300_44850_UNIFORM_4552998297316576788.txt (Time: 0.00s)
📦 COPIED from HDD: /media/HDD/Projects/ExpDFS/graph_300_44850_UNIFORM_5906957480796939447.txt -> /home/shahbazk/Projects/DFS_Semi_Streaming/input/random_graphs/graph_300_44850_UNIFORM_5906957480796939447.txt (Time: 0.00s)
📦 COPIED from HDD: /media/HDD/Projects/ExpDFS/graph_300_44850_UNIFORM_7161906730445628483.txt -> /home/shahbazk/Projects/DFS_Semi_Streaming/input/random_graphs/graph_300_44850_UNIFORM_7161906730445628483.txt (Time: 0.00s)
📦 COPIED from HDD: /media/HDD/Projects/ExpDFS/graph_300_44850_UNIFORM_4040737767143389431.txt -> /home/shahbazk/Projects/DFS_Semi_Streaming/input/random_graphs/graph_300_44850_UNIFORM_4040737767143389431.txt (Time: 0.00s)
📦 COPIED from HDD: /media/HDD/Projects/ExpDFS/graph_300_44850_UNIFORM_6938562734920028532.txt -> /home/shahbazk/Projects/DFS_Semi_Streaming/input/random_graphs/graph_300_44850_UNIFORM_6938562734920028532.txt (Time: 0.00s)
📦 COPIED from HDD: /media/HDD/Projects/ExpDFS/graph_300_44850_UNIFORM_1309542850049879452.txt -> /home/shahbazk/Projects/DFS_Semi_Streaming/input/random_graphs/graph_300_44850_UNIFORM_1309542850049879452.txt (Time: 0.00s)
📦 COPIED from HDD: /media/HDD/Projects/ExpDFS/graph_300_44850_UNIFORM_1853590723603270879.txt -> /home/shahbazk/Projects/DFS_Semi_Streaming/input/random_graphs/graph_300_44850_UNIFORM_1853590723603270879.txt (Time: 0.00s)
📦 COPIED from HDD: /media/HDD/Projects/ExpDFS/graph_300_44850_UNIFORM_5739955973604961613.txt -> /home/shahbazk/Projects/DFS_Semi_Streaming/input/random_graphs/graph_300_44850_UNIFORM_5739955973604961613.txt (Time: 0.00s)
📦 COPIED from HDD: /media/HDD/Projects/ExpDFS/graph_300_44850_UNIFORM_5529616217668449934.txt -> /home/shahbazk/Projects/DFS_Semi_Streaming/input/random_graphs/graph_300_44850_UNIFORM_5529616217668449934.txt (Time: 0.00s)
📦 COPIED from HDD: /media/HDD/Projects/ExpDFS/graph_300_44850_UNIFORM_7029781962072644698.txt -> /home/shahbazk/Projects/DFS_Semi_Streaming/input/random_graphs/graph_300_44850_UNIFORM_7029781962072644698.txt (Time: 0.00s)
📦 COPIED from HDD: /media/HDD/Projects/ExpDFS/graph_300_44850_UNIFORM_1024517563182776983.txt -> /home/shahbazk/Projects/DFS_Semi_Streaming/input/random_graphs/graph_300_44850_UNIFORM_1024517563182776983.txt (Time: 0.00s)
📦 COPIED from HDD: /media/HDD/Projects/ExpDFS/graph_300_44850_UNIFORM_3224265581699847191.txt -> /home/shahbazk/Projects/DFS_Semi_Streaming/input/random_graphs/graph_300_44850_UNIFORM_3224265581699847191.txt (Time: 0.00s)
📦 COPIED from HDD: /media/HDD/Projects/ExpDFS/graph_300_44850_UNIFORM_1647170069535670909.txt -> /home/shahbazk/Projects/DFS_Semi_Streaming/input/random_graphs/graph_300_44850_UNIFORM_1647170069535670909.txt (Time: 0.00s)
📦 COPIED from HDD: /media/HDD/Projects/ExpDFS/graph_300_44850_UNIFORM_716820155901718944.txt -> /home/shahbazk/Projects/DFS_Semi_Streaming/input/random_graphs/graph_300_44850_UNIFORM_716820155901718944.txt (Time: 0.00s)
📦 COPIED from HDD: /media/HDD/Projects/ExpDFS/graph_300_44850_UNIFORM_8718380604043999642.txt -> /home/shahbazk/Projects/DFS_Semi_Streaming/input/random_graphs/graph_300_44850_UNIFORM_8718380604043999642.txt (Time: 0.00s)
📦 COPIED from HDD: /media/HDD/Projects/ExpDFS/graph_300_44850_UNIFORM_3865339568260874865.txt -> /home/shahbazk/Projects/DFS_Semi_Streaming/input/random_graphs/graph_300_44850_UNIFORM_3865339568260874865.txt (Time: 0.00s)
📦 COPIED from HDD: /media/HDD/Projects/ExpDFS/graph_300_44850_UNIFORM_521787134863155063.txt -> /home/shahbazk/Projects/DFS_Semi_Streaming/input/random_graphs/graph_300_44850_UNIFORM_521787134863155063.txt (Time: 0.00s)
📦 COPIED from HDD: /media/HDD/Projects/ExpDFS/graph_300_44850_UNIFORM_4997514996153925447.txt -> /home/shahbazk/Projects/DFS_Semi_Streaming/input/random_graphs/graph_300_44850_UNIFORM_4997514996153925447.txt (Time: 0.00s)
📦 COPIED from HDD: /media/HDD/Projects/ExpDFS/graph_300_44850_UNIFORM_5708372698381010775.txt -> /home/shahbazk/Projects/DFS_Semi_Streaming/input/random_graphs/graph_300_44850_UNIFORM_5708372698381010775.txt (Time: 0.00s)
📦 COPIED from HDD: /media/HDD/Projects/ExpDFS/graph_300_44850_UNIFORM_8446481348147407377.txt -> /home/shahbazk/Projects/DFS_Semi_Streaming/input/random_graphs/graph_300_44850_UNIFORM_8446481348147407377.txt (Time: 0.00s)
📦 COPIED from HDD: /media/HDD/Projects/ExpDFS/graph_300_44850_UNIFORM_7921282862123281598.txt -> /home/shahbazk/Projects/DFS_Semi_Streaming/input/random_graphs/graph_300_44850_UNIFORM_7921282862123281598.txt (Time: 0.00s)
📦 COPIED from HDD: /media/HDD/Projects/ExpDFS/graph_300_44850_UNIFORM_5063475852268941542.txt -> /home/shahbazk/Projects/DFS_Semi_Streaming/input/random_graphs/graph_300_44850_UNIFORM_5063475852268941542.txt (Time: 0.00s)
📦 COPIED from HDD: /media/HDD/Projects/ExpDFS/graph_300_44850_UNIFORM_2909934787168262407.txt -> /home/shahbazk/Projects/DFS_Semi_Streaming/input/random_graphs/graph_300_44850_UNIFORM_2909934787168262407.txt (Time: 0.00s)
📦 COPIED from HDD: /media/HDD/Projects/ExpDFS/graph_300_44850_UNIFORM_7706236040662210848.txt -> /home/shahbazk/Projects/DFS_Semi_Streaming/input/random_graphs/graph_300_44850_UNIFORM_7706236040662210848.txt (Time: 0.00s)
📦 COPIED from HDD: /media/HDD/Projects/ExpDFS/graph_300_44850_UNIFORM_6529943913552561417.txt -> /home/shahbazk/Projects/DFS_Semi_Streaming/input/random_graphs/graph_300_44850_UNIFORM_6529943913552561417.txt (Time: 0.00s)
📦 COPIED from HDD: /media/HDD/Projects/ExpDFS/graph_200_19900_UNIFORM_5894893360759659423.txt -> /home/shahbazk/Projects/DFS_Semi_Streaming/input/random_graphs/graph_200_19900_UNIFORM_5894893360759659423.txt (Time: 0.00s)
📦 COPIED from HDD: /media/HDD/Projects/ExpDFS/graph_300_44850_UNIFORM_3817405844514670994.txt -> /home/shahbazk/Projects/DFS_Semi_Streaming/input/random_graphs/graph_300_44850_UNIFORM_3817405844514670994.txt (Time: 0.00s)
📦 COPIED from HDD: /media/HDD/Projects/ExpDFS/graph_300_44850_UNIFORM_6785030173969523435.txt -> /home/shahbazk/Projects/DFS_Semi_Streaming/input/random_graphs/graph_300_44850_UNIFORM_6785030173969523435.txt (Time: 0.00s)
📦 COPIED from HDD: /media/HDD/Projects/ExpDFS/graph_300_44850_UNIFORM_8031431416522537101.txt -> /home/shahbazk/Projects/DFS_Semi_Streaming/input/random_graphs/graph_300_44850_UNIFORM_8031431416522537101.txt (Time: 0.00s)
📦 COPIED from HDD: /media/HDD/Projects/ExpDFS/graph_300_44850_UNIFORM_1458186392400727732.txt -> /home/shahbazk/Projects/DFS_Semi_Streaming/input/random_graphs/graph_300_44850_UNIFORM_1458186392400727732.txt (Time: 0.00s)
📦 COPIED from HDD: /media/HDD/Projects/ExpDFS/graph_300_44850_UNIFORM_9060210648189963449.txt -> /home/shahbazk/Projects/DFS_Semi_Streaming/input/random_graphs/graph_300_44850_UNIFORM_9060210648189963449.txt (Time: 0.00s)
📦 COPIED from HDD: /media/HDD/Projects/ExpDFS/graph_300_44850_UNIFORM_1731523882129807996.txt -> /home/shahbazk/Projects/DFS_Semi_Streaming/input/random_graphs/graph_300_44850_UNIFORM_1731523882129807996.txt (Time: 0.00s)
📦 COPIED from HDD: /media/HDD/Projects/ExpDFS/graph_300_44850_UNIFORM_6022436717541034636.txt -> /home/shahbazk/Projects/DFS_Semi_Streaming/input/random_graphs/graph_300_44850_UNIFORM_6022436717541034636.txt (Time: 0.00s)
📦 COPIED from HDD: /media/HDD/Projects/ExpDFS/graph_300_44850_UNIFORM_175493991617213850.txt -> /home/shahbazk/Projects/DFS_Semi_Streaming/input/random_graphs/graph_300_44850_UNIFORM_175493991617213850.txt (Time: 0.00s)
📦 COPIED from HDD: /media/HDD/Projects/ExpDFS/graph_300_44850_UNIFORM_199422815561151340.txt -> /home/shahbazk/Projects/DFS_Semi_Streaming/input/random_graphs/graph_300_44850_UNIFORM_199422815561151340.txt (Time: 0.00s)
📦 COPIED from HDD: /media/HDD/Projects/ExpDFS/graph_300_44850_UNIFORM_3713827327871807734.txt -> /home/shahbazk/Projects/DFS_Semi_Streaming/input/random_graphs/graph_300_44850_UNIFORM_3713827327871807734.txt (Time: 0.00s)
📦 COPIED from HDD: /media/HDD/Projects/ExpDFS/graph_300_44850_UNIFORM_4250897495980125004.txt -> /home/shahbazk/Projects/DFS_Semi_Streaming/input/random_graphs/graph_300_44850_UNIFORM_4250897495980125004.txt (Time: 0.00s)
📦 COPIED from HDD: /media/HDD/Projects/ExpDFS/graph_300_44850_UNIFORM_1392892770529522614.txt -> /home/shahbazk/Projects/DFS_Semi_Streaming/input/random_graphs/graph_300_44850_UNIFORM_1392892770529522614.txt (Time: 0.00s)
📦 COPIED from HDD: /media/HDD/Projects/ExpDFS/graph_300_44850_UNIFORM_2089506265998900862.txt -> /home/shahbazk/Projects/DFS_Semi_Streaming/input/random_graphs/graph_300_44850_UNIFORM_2089506265998900862.txt (Time: 0.00s)
📦 COPIED from HDD: /media/HDD/Projects/ExpDFS/graph_300_44850_UNIFORM_1332005502874566195.txt -> /home/shahbazk/Projects/DFS_Semi_Streaming/input/random_graphs/graph_300_44850_UNIFORM_1332005502874566195.txt (Time: 0.00s)
📦 COPIED from HDD: /media/HDD/Projects/ExpDFS/graph_300_44850_UNIFORM_8794274795737982182.txt -> /home/shahbazk/Projects/DFS_Semi_Streaming/input/random_graphs/graph_300_44850_UNIFORM_8794274795737982182.txt (Time: 0.00s)
📦 COPIED from HDD: /media/HDD/Projects/ExpDFS/graph_300_44850_UNIFORM_1128313391724783137.txt -> /home/shahbazk/Projects/DFS_Semi_Streaming/input/random_graphs/graph_300_44850_UNIFORM_1128313391724783137.txt (Time: 0.00s)
📦 COPIED from HDD: /media/HDD/Projects/ExpDFS/graph_300_44850_UNIFORM_5349491008325879064.txt -> /home/shahbazk/Projects/DFS_Semi_Streaming/input/random_graphs/graph_300_44850_UNIFORM_5349491008325879064.txt (Time: 0.00s)
📦 COPIED from HDD: /media/HDD/Projects/ExpDFS/graph_300_44850_UNIFORM_6224222471595207695.txt -> /home/shahbazk/Projects/DFS_Semi_Streaming/input/random_graphs/graph_300_44850_UNIFORM_6224222471595207695.txt (Time: 0.00s)
📦 COPIED from HDD: /media/HDD/Projects/ExpDFS/graph_300_44850_UNIFORM_4795749165124911768.txt -> /home/shahbazk/Projects/DFS_Semi_Streaming/input/random_graphs/graph_300_44850_UNIFORM_4795749165124911768.txt (Time: 0.00s)
📦 COPIED from HDD: /media/HDD/Projects/ExpDFS/graph_300_44850_UNIFORM_1722224698700348310.txt -> /home/shahbazk/Projects/DFS_Semi_Streaming/input/random_graphs/graph_300_44850_UNIFORM_1722224698700348310.txt (Time: 0.00s)
📦 COPIED from HDD: /media/HDD/Projects/ExpDFS/graph_300_44850_UNIFORM_7905487461282246979.txt -> /home/shahbazk/Projects/DFS_Semi_Streaming/input/random_graphs/graph_300_44850_UNIFORM_7905487461282246979.txt (Time: 0.00s)
📦 COPIED from HDD: /media/HDD/Projects/ExpDFS/graph_300_44850_UNIFORM_2718103348384927511.txt -> /home/shahbazk/Projects/DFS_Semi_Streaming/input/random_graphs/graph_300_44850_UNIFORM_2718103348384927511.txt (Time: 0.00s)
📦 COPIED from HDD: /media/HDD/Projects/ExpDFS/graph_300_44850_UNIFORM_1170385908854608748.txt -> /home/shahbazk/Projects/DFS_Semi_Streaming/input/random_graphs/graph_300_44850_UNIFORM_1170385908854608748.txt (Time: 0.00s)
📦 COPIED from HDD: /media/HDD/Projects/ExpDFS/graph_300_44850_UNIFORM_4445925461710302877.txt -> /home/shahbazk/Projects/DFS_Semi_Streaming/input/random_graphs/graph_300_44850_UNIFORM_4445925461710302877.txt (Time: 0.00s)
📦 COPIED from HDD: /media/HDD/Projects/ExpDFS/graph_300_44850_UNIFORM_5108599054664628607.txt -> /home/shahbazk/Projects/DFS_Semi_Streaming/input/random_graphs/graph_300_44850_UNIFORM_5108599054664628607.txt (Time: 0.00s)
📦 COPIED from HDD: /media/HDD/Projects/ExpDFS/graph_300_44850_UNIFORM_8626102704817790064.txt -> /home/shahbazk/Projects/DFS_Semi_Streaming/input/random_graphs/graph_300_44850_UNIFORM_8626102704817790064.txt (Time: 0.00s)
📦 COPIED from HDD: /media/HDD/Projects/ExpDFS/graph_300_44850_UNIFORM_5497874167834979553.txt -> /home/shahbazk/Projects/DFS_Semi_Streaming/input/random_graphs/graph_300_44850_UNIFORM_5497874167834979553.txt (Time: 0.00s)
📦 COPIED from HDD: /media/HDD/Projects/ExpDFS/graph_300_44850_UNIFORM_9059990922233379852.txt -> /home/shahbazk/Projects/DFS_Semi_Streaming/input/random_graphs/graph_300_44850_UNIFORM_9059990922233379852.txt (Time: 0.00s)
📦 COPIED from HDD: /media/HDD/Projects/ExpDFS/graph_300_44850_UNIFORM_7449662661572224354.txt -> /home/shahbazk/Projects/DFS_Semi_Streaming/input/random_graphs/graph_300_44850_UNIFORM_7449662661572224354.txt (Time: 0.00s)
📦 COPIED from HDD: /media/HDD/Projects/ExpDFS/graph_300_44850_UNIFORM_8867616339855336876.txt -> /home/shahbazk/Projects/DFS_Semi_Streaming/input/random_graphs/graph_300_44850_UNIFORM_8867616339855336876.txt (Time: 0.00s)
📦 COPIED from HDD: /media/HDD/Projects/ExpDFS/graph_300_44850_UNIFORM_3221421291694197220.txt -> /home/shahbazk/Projects/DFS_Semi_Streaming/input/random_graphs/graph_300_44850_UNIFORM_3221421291694197220.txt (Time: 0.00s)
📦 COPIED from HDD: /media/HDD/Projects/ExpDFS/graph_300_44850_UNIFORM_5894893360759659423.txt -> /home/shahbazk/Projects/DFS_Semi_Streaming/input/random_graphs/graph_300_44850_UNIFORM_5894893360759659423.txt (Time: 0.00s)
📦 COPIED from HDD: /media/HDD/Projects/ExpDFS/graph_300_44850_UNIFORM_2264398621601381987.txt -> /home/shahbazk/Projects/DFS_Semi_Streaming/input/random_graphs/graph_300_44850_UNIFORM_2264398621601381987.txt (Time: 0.00s)
📦 COPIED from HDD: /media/HDD/Projects/ExpDFS/graph_300_44850_UNIFORM_4940913311242578590.txt -> /home/shahbazk/Projects/DFS_Semi_Streaming/input/random_graphs/graph_300_44850_UNIFORM_4940913311242578590.txt (Time: 0.00s)
📦 COPIED from HDD: /media/HDD/Projects/ExpDFS/graph_300_44850_UNIFORM_7632458674696225362.txt -> /home/shahbazk/Projects/DFS_Semi_Streaming/input/random_graphs/graph_300_44850_UNIFORM_7632458674696225362.txt (Time: 0.00s)
📦 COPIED from HDD: /media/HDD/Projects/ExpDFS/graph_300_44850_UNIFORM_4060584409398689268.txt -> /home/shahbazk/Projects/DFS_Semi_Streaming/input/random_graphs/graph_300_44850_UNIFORM_4060584409398689268.txt (Time: 0.00s)
📦 COPIED from HDD: /media/HDD/Projects/ExpDFS/graph_300_44850_UNIFORM_7983805977214098674.txt -> /home/shahbazk/Projects/DFS_Semi_Streaming/input/random_graphs/graph_300_44850_UNIFORM_7983805977214098674.txt (Time: 0.00s)
📦 COPIED from HDD: /media/HDD/Projects/ExpDFS/graph_300_44850_UNIFORM_6143643868734370809.txt -> /home/shahbazk/Projects/DFS_Semi_Streaming/input/random_graphs/graph_300_44850_UNIFORM_6143643868734370809.txt (Time: 0.00s)
📦 COPIED from HDD: /media/HDD/Projects/ExpDFS/graph_300_44850_UNIFORM_5636411189175451024.txt -> /home/shahbazk/Projects/DFS_Semi_Streaming/input/random_graphs/graph_300_44850_UNIFORM_5636411189175451024.txt (Time: 0.00s)
📦 COPIED from HDD: /media/HDD/Projects/ExpDFS/graph_300_44850_UNIFORM_6614505080519948832.txt -> /home/shahbazk/Projects/DFS_Semi_Streaming/input/random_graphs/graph_300_44850_UNIFORM_6614505080519948832.txt (Time: 0.00s)
📦 COPIED from HDD: /media/HDD/Projects/ExpDFS/graph_300_44850_UNIFORM_3272308573967577038.txt -> /home/shahbazk/Projects/DFS_Semi_Streaming/input/random_graphs/graph_300_44850_UNIFORM_3272308573967577038.txt (Time: 0.00s)
📦 COPIED from HDD: /media/HDD/Projects/ExpDFS/graph_300_44850_UNIFORM_7938560551762094560.txt -> /home/shahbazk/Projects/DFS_Semi_Streaming/input/random_graphs/graph_300_44850_UNIFORM_7938560551762094560.txt (Time: 0.00s)
📦 COPIED from HDD: /media/HDD/Projects/ExpDFS/graph_300_44850_UNIFORM_7917045922527545890.txt -> /home/shahbazk/Projects/DFS_Semi_Streaming/input/random_graphs/graph_300_44850_UNIFORM_7917045922527545890.txt (Time: 0.00s)
📦 COPIED from HDD: /media/HDD/Projects/ExpDFS/graph_300_44850_UNIFORM_8448596294177070022.txt -> /home/shahbazk/Projects/DFS_Semi_Streaming/input/random_graphs/graph_300_44850_UNIFORM_8448596294177070022.txt (Time: 0.00s)
📦 COPIED from HDD: /media/HDD/Projects/ExpDFS/graph_300_44850_UNIFORM_6764066939395682287.txt -> /home/shahbazk/Projects/DFS_Semi_Streaming/input/random_graphs/graph_300_44850_UNIFORM_6764066939395682287.txt (Time: 0.00s)
📦 COPIED from HDD: /media/HDD/Projects/ExpDFS/graph_300_44850_UNIFORM_9130666990809746335.txt -> /home/shahbazk/Projects/DFS_Semi_Streaming/input/random_graphs/graph_300_44850_UNIFORM_9130666990809746335.txt (Time: 0.00s)
📦 COPIED from HDD: /media/HDD/Projects/ExpDFS/graph_300_44850_UNIFORM_7644420139408884785.txt -> /home/shahbazk/Projects/DFS_Semi_Streaming/input/random_graphs/graph_300_44850_UNIFORM_7644420139408884785.txt (Time: 0.00s)
📦 COPIED from HDD: /media/HDD/Projects/ExpDFS/graph_300_44850_UNIFORM_4934890601268679176.txt -> /home/shahbazk/Projects/DFS_Semi_Streaming/input/random_graphs/graph_300_44850_UNIFORM_4934890601268679176.txt (Time: 0.00s)
📦 COPIED from HDD: /media/HDD/Projects/ExpDFS/graph_300_44850_UNIFORM_1992204328026194281.txt -> /home/shahbazk/Projects/DFS_Semi_Streaming/input/random_graphs/graph_300_44850_UNIFORM_1992204328026194281.txt (Time: 0.00s)
📦 COPIED from HDD: /media/HDD/Projects/ExpDFS/graph_400_79800_UNIFORM_1070244953599069350.txt -> /home/shahbazk/Projects/DFS_Semi_Streaming/input/random_graphs/graph_400_79800_UNIFORM_1070244953599069350.txt (Time: 0.00s)
📦 COPIED from HDD: /media/HDD/Projects/ExpDFS/graph_400_79800_UNIFORM_2429002973740178792.txt -> /home/shahbazk/Projects/DFS_Semi_Streaming/input/random_graphs/graph_400_79800_UNIFORM_2429002973740178792.txt (Time: 0.00s)
📦 COPIED from HDD: /media/HDD/Projects/ExpDFS/graph_400_79800_UNIFORM_7146860528564146064.txt -> /home/shahbazk/Projects/DFS_Semi_Streaming/input/random_graphs/graph_400_79800_UNIFORM_7146860528564146064.txt (Time: 0.00s)
📦 COPIED from HDD: /media/HDD/Projects/ExpDFS/graph_400_79800_UNIFORM_7663871783842725848.txt -> /home/shahbazk/Projects/DFS_Semi_Streaming/input/random_graphs/graph_400_79800_UNIFORM_7663871783842725848.txt (Time: 0.00s)
📦 COPIED from HDD: /media/HDD/Projects/ExpDFS/graph_400_79800_UNIFORM_1250773459040295677.txt -> /home/shahbazk/Projects/DFS_Semi_Streaming/input/random_graphs/graph_400_79800_UNIFORM_1250773459040295677.txt (Time: 0.00s)
📦 COPIED from HDD: /media/HDD/Projects/ExpDFS/graph_400_79800_UNIFORM_3881801951614183357.txt -> /home/shahbazk/Projects/DFS_Semi_Streaming/input/random_graphs/graph_400_79800_UNIFORM_3881801951614183357.txt (Time: 0.00s)
📦 COPIED from HDD: /media/HDD/Projects/ExpDFS/graph_400_79800_UNIFORM_4040737767143389431.txt -> /home/shahbazk/Projects/DFS_Semi_Streaming/input/random_graphs/graph_400_79800_UNIFORM_4040737767143389431.txt (Time: 0.00s)
📦 COPIED from HDD: /media/HDD/Projects/ExpDFS/graph_400_79800_UNIFORM_7599700178212337699.txt -> /home/shahbazk/Projects/DFS_Semi_Streaming/input/random_graphs/graph_400_79800_UNIFORM_7599700178212337699.txt (Time: 0.00s)
📦 COPIED from HDD: /media/HDD/Projects/ExpDFS/graph_400_79800_UNIFORM_3438400432146115956.txt -> /home/shahbazk/Projects/DFS_Semi_Streaming/input/random_graphs/graph_400_79800_UNIFORM_3438400432146115956.txt (Time: 0.00s)
📦 COPIED from HDD: /media/HDD/Projects/ExpDFS/graph_400_79800_UNIFORM_1353182403971399009.txt -> /home/shahbazk/Projects/DFS_Semi_Streaming/input/random_graphs/graph_400_79800_UNIFORM_1353182403971399009.txt (Time: 0.00s)
📦 COPIED from HDD: /media/HDD/Projects/ExpDFS/graph_400_79800_UNIFORM_7032710160631691991.txt -> /home/shahbazk/Projects/DFS_Semi_Streaming/input/random_graphs/graph_400_79800_UNIFORM_7032710160631691991.txt (Time: 0.00s)
📦 COPIED from HDD: /media/HDD/Projects/ExpDFS/graph_400_79800_UNIFORM_7871178979383552919.txt -> /home/shahbazk/Projects/DFS_Semi_Streaming/input/random_graphs/graph_400_79800_UNIFORM_7871178979383552919.txt (Time: 0.00s)
📦 COPIED from HDD: /media/HDD/Projects/ExpDFS/graph_400_79800_UNIFORM_6230961512046992311.txt -> /home/shahbazk/Projects/DFS_Semi_Streaming/input/random_graphs/graph_400_79800_UNIFORM_6230961512046992311.txt (Time: 0.00s)
📦 COPIED from HDD: /media/HDD/Projects/ExpDFS/graph_400_79800_UNIFORM_1250005700364523649.txt -> /home/shahbazk/Projects/DFS_Semi_Streaming/input/random_graphs/graph_400_79800_UNIFORM_1250005700364523649.txt (Time: 0.00s)
📦 COPIED from HDD: /media/HDD/Projects/ExpDFS/graph_400_79800_UNIFORM_5739955973604961613.txt -> /home/shahbazk/Projects/DFS_Semi_Streaming/input/random_graphs/graph_400_79800_UNIFORM_5739955973604961613.txt (Time: 0.00s)
📦 COPIED from HDD: /media/HDD/Projects/ExpDFS/graph_300_44850_UNIFORM_7118744415197196276.txt -> /home/shahbazk/Projects/DFS_Semi_Streaming/input/random_graphs/graph_300_44850_UNIFORM_7118744415197196276.txt (Time: 0.00s)
📦 COPIED from HDD: /media/HDD/Projects/ExpDFS/graph_400_79800_UNIFORM_1309542850049879452.txt -> /home/shahbazk/Projects/DFS_Semi_Streaming/input/random_graphs/graph_400_79800_UNIFORM_1309542850049879452.txt (Time: 0.00s)
📦 COPIED from HDD: /media/HDD/Projects/ExpDFS/graph_400_79800_UNIFORM_5906957480796939447.txt -> /home/shahbazk/Projects/DFS_Semi_Streaming/input/random_graphs/graph_400_79800_UNIFORM_5906957480796939447.txt (Time: 0.00s)
📦 COPIED from HDD: /media/HDD/Projects/ExpDFS/graph_400_79800_UNIFORM_6938562734920028532.txt -> /home/shahbazk/Projects/DFS_Semi_Streaming/input/random_graphs/graph_400_79800_UNIFORM_6938562734920028532.txt (Time: 0.00s)
📦 COPIED from HDD: /media/HDD/Projects/ExpDFS/graph_400_79800_UNIFORM_320375091487821987.txt -> /home/shahbazk/Projects/DFS_Semi_Streaming/input/random_graphs/graph_400_79800_UNIFORM_320375091487821987.txt (Time: 0.00s)
📦 COPIED from HDD: /media/HDD/Projects/ExpDFS/graph_400_79800_UNIFORM_6522163754831416203.txt -> /home/shahbazk/Projects/DFS_Semi_Streaming/input/random_graphs/graph_400_79800_UNIFORM_6522163754831416203.txt (Time: 0.00s)
📦 COPIED from HDD: /media/HDD/Projects/ExpDFS/graph_400_79800_UNIFORM_5142811650494845597.txt -> /home/shahbazk/Projects/DFS_Semi_Streaming/input/random_graphs/graph_400_79800_UNIFORM_5142811650494845597.txt (Time: 0.00s)
📦 COPIED from HDD: /media/HDD/Projects/ExpDFS/graph_400_79800_UNIFORM_6002685213311538187.txt -> /home/shahbazk/Projects/DFS_Semi_Streaming/input/random_graphs/graph_400_79800_UNIFORM_6002685213311538187.txt (Time: 0.00s)
📦 COPIED from HDD: /media/HDD/Projects/ExpDFS/graph_400_79800_UNIFORM_7029781962072644698.txt -> /home/shahbazk/Projects/DFS_Semi_Streaming/input/random_graphs/graph_400_79800_UNIFORM_7029781962072644698.txt (Time: 0.00s)
📦 COPIED from HDD: /media/HDD/Projects/ExpDFS/graph_400_79800_UNIFORM_521787134863155063.txt -> /home/shahbazk/Projects/DFS_Semi_Streaming/input/random_graphs/graph_400_79800_UNIFORM_521787134863155063.txt (Time: 0.00s)
📦 COPIED from HDD: /media/HDD/Projects/ExpDFS/graph_400_79800_UNIFORM_1853590723603270879.txt -> /home/shahbazk/Projects/DFS_Semi_Streaming/input/random_graphs/graph_400_79800_UNIFORM_1853590723603270879.txt (Time: 0.00s)
📦 COPIED from HDD: /media/HDD/Projects/ExpDFS/graph_400_79800_UNIFORM_824387247617288499.txt -> /home/shahbazk/Projects/DFS_Semi_Streaming/input/random_graphs/graph_400_79800_UNIFORM_824387247617288499.txt (Time: 0.00s)
📦 COPIED from HDD: /media/HDD/Projects/ExpDFS/graph_400_79800_UNIFORM_7706236040662210848.txt -> /home/shahbazk/Projects/DFS_Semi_Streaming/input/random_graphs/graph_400_79800_UNIFORM_7706236040662210848.txt (Time: 0.00s)
📦 COPIED from HDD: /media/HDD/Projects/ExpDFS/graph_400_79800_UNIFORM_6785030173969523435.txt -> /home/shahbazk/Projects/DFS_Semi_Streaming/input/random_graphs/graph_400_79800_UNIFORM_6785030173969523435.txt (Time: 0.00s)
📦 COPIED from HDD: /media/HDD/Projects/ExpDFS/graph_400_79800_UNIFORM_1024517563182776983.txt -> /home/shahbazk/Projects/DFS_Semi_Streaming/input/random_graphs/graph_400_79800_UNIFORM_1024517563182776983.txt (Time: 0.00s)
📦 COPIED from HDD: /media/HDD/Projects/ExpDFS/graph_400_79800_UNIFORM_7473196763798409428.txt -> /home/shahbazk/Projects/DFS_Semi_Streaming/input/random_graphs/graph_400_79800_UNIFORM_7473196763798409428.txt (Time: 0.00s)
📦 COPIED from HDD: /media/HDD/Projects/ExpDFS/graph_400_79800_UNIFORM_3010622984418968408.txt -> /home/shahbazk/Projects/DFS_Semi_Streaming/input/random_graphs/graph_400_79800_UNIFORM_3010622984418968408.txt (Time: 0.00s)
📦 COPIED from HDD: /media/HDD/Projects/ExpDFS/graph_400_79800_UNIFORM_5708372698381010775.txt -> /home/shahbazk/Projects/DFS_Semi_Streaming/input/random_graphs/graph_400_79800_UNIFORM_5708372698381010775.txt (Time: 0.00s)
📦 COPIED from HDD: /media/HDD/Projects/ExpDFS/graph_400_79800_UNIFORM_1731523882129807996.txt -> /home/shahbazk/Projects/DFS_Semi_Streaming/input/random_graphs/graph_400_79800_UNIFORM_1731523882129807996.txt (Time: 0.00s)
📦 COPIED from HDD: /media/HDD/Projects/ExpDFS/graph_400_79800_UNIFORM_6614505080519948832.txt -> /home/shahbazk/Projects/DFS_Semi_Streaming/input/random_graphs/graph_400_79800_UNIFORM_6614505080519948832.txt (Time: 0.00s)
📦 COPIED from HDD: /media/HDD/Projects/ExpDFS/graph_400_79800_UNIFORM_6802378520969450157.txt -> /home/shahbazk/Projects/DFS_Semi_Streaming/input/random_graphs/graph_400_79800_UNIFORM_6802378520969450157.txt (Time: 0.00s)
📦 COPIED from HDD: /media/HDD/Projects/ExpDFS/graph_400_79800_UNIFORM_1632192924771168275.txt -> /home/shahbazk/Projects/DFS_Semi_Streaming/input/random_graphs/graph_400_79800_UNIFORM_1632192924771168275.txt (Time: 0.00s)
📦 COPIED from HDD: /media/HDD/Projects/ExpDFS/graph_400_79800_UNIFORM_5636411189175451024.txt -> /home/shahbazk/Projects/DFS_Semi_Streaming/input/random_graphs/graph_400_79800_UNIFORM_5636411189175451024.txt (Time: 0.00s)
📦 COPIED from HDD: /media/HDD/Projects/ExpDFS/graph_400_79800_UNIFORM_4445925461710302877.txt -> /home/shahbazk/Projects/DFS_Semi_Streaming/input/random_graphs/graph_400_79800_UNIFORM_4445925461710302877.txt (Time: 0.00s)
📦 COPIED from HDD: /media/HDD/Projects/ExpDFS/graph_400_79800_UNIFORM_5529616217668449934.txt -> /home/shahbazk/Projects/DFS_Semi_Streaming/input/random_graphs/graph_400_79800_UNIFORM_5529616217668449934.txt (Time: 0.00s)
📦 COPIED from HDD: /media/HDD/Projects/ExpDFS/graph_400_79800_UNIFORM_7161906730445628483.txt -> /home/shahbazk/Projects/DFS_Semi_Streaming/input/random_graphs/graph_400_79800_UNIFORM_7161906730445628483.txt (Time: 0.00s)
📦 COPIED from HDD: /media/HDD/Projects/ExpDFS/graph_400_79800_UNIFORM_7938560551762094560.txt -> /home/shahbazk/Projects/DFS_Semi_Streaming/input/random_graphs/graph_400_79800_UNIFORM_7938560551762094560.txt (Time: 0.00s)
📦 COPIED from HDD: /media/HDD/Projects/ExpDFS/graph_400_79800_UNIFORM_6143643868734370809.txt -> /home/shahbazk/Projects/DFS_Semi_Streaming/input/random_graphs/graph_400_79800_UNIFORM_6143643868734370809.txt (Time: 0.00s)
📦 COPIED from HDD: /media/HDD/Projects/ExpDFS/graph_400_79800_UNIFORM_7921282862123281598.txt -> /home/shahbazk/Projects/DFS_Semi_Streaming/input/random_graphs/graph_400_79800_UNIFORM_7921282862123281598.txt (Time: 0.00s)
📦 COPIED from HDD: /media/HDD/Projects/ExpDFS/graph_400_79800_UNIFORM_3272308573967577038.txt -> /home/shahbazk/Projects/DFS_Semi_Streaming/input/random_graphs/graph_400_79800_UNIFORM_3272308573967577038.txt (Time: 0.00s)
📦 COPIED from HDD: /media/HDD/Projects/ExpDFS/graph_400_79800_UNIFORM_3865339568260874865.txt -> /home/shahbazk/Projects/DFS_Semi_Streaming/input/random_graphs/graph_400_79800_UNIFORM_3865339568260874865.txt (Time: 0.00s)
📦 COPIED from HDD: /media/HDD/Projects/ExpDFS/graph_400_79800_UNIFORM_4122784633514911760.txt -> /home/shahbazk/Projects/DFS_Semi_Streaming/input/random_graphs/graph_400_79800_UNIFORM_4122784633514911760.txt (Time: 0.00s)
📦 COPIED from HDD: /media/HDD/Projects/ExpDFS/graph_400_79800_UNIFORM_3224265581699847191.txt -> /home/shahbazk/Projects/DFS_Semi_Streaming/input/random_graphs/graph_400_79800_UNIFORM_3224265581699847191.txt (Time: 0.00s)
📦 COPIED from HDD: /media/HDD/Projects/ExpDFS/graph_400_79800_UNIFORM_7917045922527545890.txt -> /home/shahbazk/Projects/DFS_Semi_Streaming/input/random_graphs/graph_400_79800_UNIFORM_7917045922527545890.txt (Time: 0.00s)
📦 COPIED from HDD: /media/HDD/Projects/ExpDFS/graph_400_79800_UNIFORM_1647170069535670909.txt -> /home/shahbazk/Projects/DFS_Semi_Streaming/input/random_graphs/graph_400_79800_UNIFORM_1647170069535670909.txt (Time: 0.00s)
📦 COPIED from HDD: /media/HDD/Projects/ExpDFS/graph_400_79800_UNIFORM_8031431416522537101.txt -> /home/shahbazk/Projects/DFS_Semi_Streaming/input/random_graphs/graph_400_79800_UNIFORM_8031431416522537101.txt (Time: 0.00s)
📦 COPIED from HDD: /media/HDD/Projects/ExpDFS/graph_400_79800_UNIFORM_5349491008325879064.txt -> /home/shahbazk/Projects/DFS_Semi_Streaming/input/random_graphs/graph_400_79800_UNIFORM_5349491008325879064.txt (Time: 0.00s)
📦 COPIED from HDD: /media/HDD/Projects/ExpDFS/graph_400_79800_UNIFORM_6529943913552561417.txt -> /home/shahbazk/Projects/DFS_Semi_Streaming/input/random_graphs/graph_400_79800_UNIFORM_6529943913552561417.txt (Time: 0.00s)
📦 COPIED from HDD: /media/HDD/Projects/ExpDFS/graph_400_79800_UNIFORM_1170385908854608748.txt -> /home/shahbazk/Projects/DFS_Semi_Streaming/input/random_graphs/graph_400_79800_UNIFORM_1170385908854608748.txt (Time: 0.00s)
📦 COPIED from HDD: /media/HDD/Projects/ExpDFS/graph_400_79800_UNIFORM_1128313391724783137.txt -> /home/shahbazk/Projects/DFS_Semi_Streaming/input/random_graphs/graph_400_79800_UNIFORM_1128313391724783137.txt (Time: 0.00s)
📦 COPIED from HDD: /media/HDD/Projects/ExpDFS/graph_400_79800_UNIFORM_3817405844514670994.txt -> /home/shahbazk/Projects/DFS_Semi_Streaming/input/random_graphs/graph_400_79800_UNIFORM_3817405844514670994.txt (Time: 0.00s)
📦 COPIED from HDD: /media/HDD/Projects/ExpDFS/graph_400_79800_UNIFORM_8718380604043999642.txt -> /home/shahbazk/Projects/DFS_Semi_Streaming/input/random_graphs/graph_400_79800_UNIFORM_8718380604043999642.txt (Time: 0.00s)
📦 COPIED from HDD: /media/HDD/Projects/ExpDFS/graph_400_79800_UNIFORM_199422815561151340.txt -> /home/shahbazk/Projects/DFS_Semi_Streaming/input/random_graphs/graph_400_79800_UNIFORM_199422815561151340.txt (Time: 0.00s)
📦 COPIED from HDD: /media/HDD/Projects/ExpDFS/graph_400_79800_UNIFORM_4997514996153925447.txt -> /home/shahbazk/Projects/DFS_Semi_Streaming/input/random_graphs/graph_400_79800_UNIFORM_4997514996153925447.txt (Time: 0.00s)
📦 COPIED from HDD: /media/HDD/Projects/ExpDFS/graph_400_79800_UNIFORM_716820155901718944.txt -> /home/shahbazk/Projects/DFS_Semi_Streaming/input/random_graphs/graph_400_79800_UNIFORM_716820155901718944.txt (Time: 0.00s)
📦 COPIED from HDD: /media/HDD/Projects/ExpDFS/graph_400_79800_UNIFORM_6224222471595207695.txt -> /home/shahbazk/Projects/DFS_Semi_Streaming/input/random_graphs/graph_400_79800_UNIFORM_6224222471595207695.txt (Time: 0.00s)
📦 COPIED from HDD: /media/HDD/Projects/ExpDFS/graph_400_79800_UNIFORM_5258051056098597521.txt -> /home/shahbazk/Projects/DFS_Semi_Streaming/input/random_graphs/graph_400_79800_UNIFORM_5258051056098597521.txt (Time: 0.00s)
📦 COPIED from HDD: /media/HDD/Projects/ExpDFS/graph_400_79800_UNIFORM_6764066939395682287.txt -> /home/shahbazk/Projects/DFS_Semi_Streaming/input/random_graphs/graph_400_79800_UNIFORM_6764066939395682287.txt (Time: 0.00s)
📦 COPIED from HDD: /media/HDD/Projects/ExpDFS/graph_400_79800_UNIFORM_7644420139408884785.txt -> /home/shahbazk/Projects/DFS_Semi_Streaming/input/random_graphs/graph_400_79800_UNIFORM_7644420139408884785.txt (Time: 0.00s)
📦 COPIED from HDD: /media/HDD/Projects/ExpDFS/graph_400_79800_UNIFORM_5063475852268941542.txt -> /home/shahbazk/Projects/DFS_Semi_Streaming/input/random_graphs/graph_400_79800_UNIFORM_5063475852268941542.txt (Time: 0.00s)
📦 COPIED from HDD: /media/HDD/Projects/ExpDFS/graph_400_79800_UNIFORM_6022436717541034636.txt -> /home/shahbazk/Projects/DFS_Semi_Streaming/input/random_graphs/graph_400_79800_UNIFORM_6022436717541034636.txt (Time: 0.00s)
📦 COPIED from HDD: /media/HDD/Projects/ExpDFS/graph_400_79800_UNIFORM_4552998297316576788.txt -> /home/shahbazk/Projects/DFS_Semi_Streaming/input/random_graphs/graph_400_79800_UNIFORM_4552998297316576788.txt (Time: 0.00s)
📦 COPIED from HDD: /media/HDD/Projects/ExpDFS/graph_400_79800_UNIFORM_5108599054664628607.txt -> /home/shahbazk/Projects/DFS_Semi_Streaming/input/random_graphs/graph_400_79800_UNIFORM_5108599054664628607.txt (Time: 0.00s)
📦 COPIED from HDD: /media/HDD/Projects/ExpDFS/graph_400_79800_UNIFORM_9130666990809746335.txt -> /home/shahbazk/Projects/DFS_Semi_Streaming/input/random_graphs/graph_400_79800_UNIFORM_9130666990809746335.txt (Time: 0.00s)
📦 COPIED from HDD: /media/HDD/Projects/ExpDFS/graph_400_79800_UNIFORM_3713827327871807734.txt -> /home/shahbazk/Projects/DFS_Semi_Streaming/input/random_graphs/graph_400_79800_UNIFORM_3713827327871807734.txt (Time: 0.00s)
📦 COPIED from HDD: /media/HDD/Projects/ExpDFS/graph_400_79800_UNIFORM_1458186392400727732.txt -> /home/shahbazk/Projects/DFS_Semi_Streaming/input/random_graphs/graph_400_79800_UNIFORM_1458186392400727732.txt (Time: 0.00s)
📦 COPIED from HDD: /media/HDD/Projects/ExpDFS/graph_400_79800_UNIFORM_175493991617213850.txt -> /home/shahbazk/Projects/DFS_Semi_Streaming/input/random_graphs/graph_400_79800_UNIFORM_175493991617213850.txt (Time: 0.00s)
📦 COPIED from HDD: /media/HDD/Projects/ExpDFS/graph_400_79800_UNIFORM_1392892770529522614.txt -> /home/shahbazk/Projects/DFS_Semi_Streaming/input/random_graphs/graph_400_79800_UNIFORM_1392892770529522614.txt (Time: 0.00s)
📦 COPIED from HDD: /media/HDD/Projects/ExpDFS/graph_400_79800_UNIFORM_2909934787168262407.txt -> /home/shahbazk/Projects/DFS_Semi_Streaming/input/random_graphs/graph_400_79800_UNIFORM_2909934787168262407.txt (Time: 0.00s)
📦 COPIED from HDD: /media/HDD/Projects/ExpDFS/graph_400_79800_UNIFORM_8446481348147407377.txt -> /home/shahbazk/Projects/DFS_Semi_Streaming/input/random_graphs/graph_400_79800_UNIFORM_8446481348147407377.txt (Time: 0.00s)
📦 COPIED from HDD: /media/HDD/Projects/ExpDFS/graph_400_79800_UNIFORM_9060210648189963449.txt -> /home/shahbazk/Projects/DFS_Semi_Streaming/input/random_graphs/graph_400_79800_UNIFORM_9060210648189963449.txt (Time: 0.00s)
📦 COPIED from HDD: /media/HDD/Projects/ExpDFS/graph_400_79800_UNIFORM_4250897495980125004.txt -> /home/shahbazk/Projects/DFS_Semi_Streaming/input/random_graphs/graph_400_79800_UNIFORM_4250897495980125004.txt (Time: 0.00s)
📦 COPIED from HDD: /media/HDD/Projects/ExpDFS/graph_400_79800_UNIFORM_1332005502874566195.txt -> /home/shahbazk/Projects/DFS_Semi_Streaming/input/random_graphs/graph_400_79800_UNIFORM_1332005502874566195.txt (Time: 0.00s)
📦 COPIED from HDD: /media/HDD/Projects/ExpDFS/graph_400_79800_UNIFORM_5497874167834979553.txt -> /home/shahbazk/Projects/DFS_Semi_Streaming/input/random_graphs/graph_400_79800_UNIFORM_5497874167834979553.txt (Time: 0.00s)
📦 COPIED from HDD: /media/HDD/Projects/ExpDFS/graph_400_79800_UNIFORM_9059990922233379852.txt -> /home/shahbazk/Projects/DFS_Semi_Streaming/input/random_graphs/graph_400_79800_UNIFORM_9059990922233379852.txt (Time: 0.00s)
📦 COPIED from HDD: /media/HDD/Projects/ExpDFS/graph_400_79800_UNIFORM_7449662661572224354.txt -> /home/shahbazk/Projects/DFS_Semi_Streaming/input/random_graphs/graph_400_79800_UNIFORM_7449662661572224354.txt (Time: 0.00s)
📦 COPIED from HDD: /media/HDD/Projects/ExpDFS/graph_400_79800_UNIFORM_4934890601268679176.txt -> /home/shahbazk/Projects/DFS_Semi_Streaming/input/random_graphs/graph_400_79800_UNIFORM_4934890601268679176.txt (Time: 0.00s)
📦 COPIED from HDD: /media/HDD/Projects/ExpDFS/graph_400_79800_UNIFORM_8448596294177070022.txt -> /home/shahbazk/Projects/DFS_Semi_Streaming/input/random_graphs/graph_400_79800_UNIFORM_8448596294177070022.txt (Time: 0.00s)
📦 COPIED from HDD: /media/HDD/Projects/ExpDFS/graph_400_79800_UNIFORM_1722224698700348310.txt -> /home/shahbazk/Projects/DFS_Semi_Streaming/input/random_graphs/graph_400_79800_UNIFORM_1722224698700348310.txt (Time: 0.00s)
📦 COPIED from HDD: /media/HDD/Projects/ExpDFS/graph_400_79800_UNIFORM_4060584409398689268.txt -> /home/shahbazk/Projects/DFS_Semi_Streaming/input/random_graphs/graph_400_79800_UNIFORM_4060584409398689268.txt (Time: 0.00s)
📦 COPIED from HDD: /media/HDD/Projects/ExpDFS/graph_400_79800_UNIFORM_2089506265998900862.txt -> /home/shahbazk/Projects/DFS_Semi_Streaming/input/random_graphs/graph_400_79800_UNIFORM_2089506265998900862.txt (Time: 0.00s)
📦 COPIED from HDD: /media/HDD/Projects/ExpDFS/graph_400_79800_UNIFORM_7905487461282246979.txt -> /home/shahbazk/Projects/DFS_Semi_Streaming/input/random_graphs/graph_400_79800_UNIFORM_7905487461282246979.txt (Time: 0.00s)
📦 COPIED from HDD: /media/HDD/Projects/ExpDFS/graph_400_79800_UNIFORM_4795749165124911768.txt -> /home/shahbazk/Projects/DFS_Semi_Streaming/input/random_graphs/graph_400_79800_UNIFORM_4795749165124911768.txt (Time: 0.00s)
📦 COPIED from HDD: /media/HDD/Projects/ExpDFS/graph_400_79800_UNIFORM_1992204328026194281.txt -> /home/shahbazk/Projects/DFS_Semi_Streaming/input/random_graphs/graph_400_79800_UNIFORM_1992204328026194281.txt (Time: 0.00s)
📦 COPIED from HDD: /media/HDD/Projects/ExpDFS/graph_400_79800_UNIFORM_8794274795737982182.txt -> /home/shahbazk/Projects/DFS_Semi_Streaming/input/random_graphs/graph_400_79800_UNIFORM_8794274795737982182.txt (Time: 0.00s)
📦 COPIED from HDD: /media/HDD/Projects/ExpDFS/graph_400_79800_UNIFORM_5894893360759659423.txt -> /home/shahbazk/Projects/DFS_Semi_Streaming/input/random_graphs/graph_400_79800_UNIFORM_5894893360759659423.txt (Time: 0.00s)
📦 COPIED from HDD: /media/HDD/Projects/ExpDFS/graph_400_79800_UNIFORM_2718103348384927511.txt -> /home/shahbazk/Projects/DFS_Semi_Streaming/input/random_graphs/graph_400_79800_UNIFORM_2718103348384927511.txt (Time: 0.00s)
📦 COPIED from HDD: /media/HDD/Projects/ExpDFS/graph_400_79800_UNIFORM_3221421291694197220.txt -> /home/shahbazk/Projects/DFS_Semi_Streaming/input/random_graphs/graph_400_79800_UNIFORM_3221421291694197220.txt (Time: 0.00s)
📦 COPIED from HDD: /media/HDD/Projects/ExpDFS/graph_400_79800_UNIFORM_4940913311242578590.txt -> /home/shahbazk/Projects/DFS_Semi_Streaming/input/random_graphs/graph_400_79800_UNIFORM_4940913311242578590.txt (Time: 0.00s)
📦 COPIED from HDD: /media/HDD/Projects/ExpDFS/graph_400_79800_UNIFORM_8626102704817790064.txt -> /home/shahbazk/Projects/DFS_Semi_Streaming/input/random_graphs/graph_400_79800_UNIFORM_8626102704817790064.txt (Time: 0.00s)
📦 COPIED from HDD: /media/HDD/Projects/ExpDFS/graph_400_79800_UNIFORM_2264398621601381987.txt -> /home/shahbazk/Projects/DFS_Semi_Streaming/input/random_graphs/graph_400_79800_UNIFORM_2264398621601381987.txt (Time: 0.00s)
📦 COPIED from HDD: /media/HDD/Projects/ExpDFS/graph_400_79800_UNIFORM_8867616339855336876.txt -> /home/shahbazk/Projects/DFS_Semi_Streaming/input/random_graphs/graph_400_79800_UNIFORM_8867616339855336876.txt (Time: 0.00s)
📦 COPIED from HDD: /media/HDD/Projects/ExpDFS/graph_400_79800_UNIFORM_7118744415197196276.txt -> /home/shahbazk/Projects/DFS_Semi_Streaming/input/random_graphs/graph_400_79800_UNIFORM_7118744415197196276.txt (Time: 0.00s)
📦 COPIED from HDD: /media/HDD/Projects/ExpDFS/graph_400_79800_UNIFORM_7983805977214098674.txt -> /home/shahbazk/Projects/DFS_Semi_Streaming/input/random_graphs/graph_400_79800_UNIFORM_7983805977214098674.txt (Time: 0.00s)
📦 COPIED from HDD: /media/HDD/Projects/ExpDFS/graph_400_79800_UNIFORM_5139481885857321791.txt -> /home/shahbazk/Projects/DFS_Semi_Streaming/input/random_graphs/graph_400_79800_UNIFORM_5139481885857321791.txt (Time: 0.00s)
📦 COPIED from HDD: /media/HDD/Projects/ExpDFS/graph_400_79800_UNIFORM_7632458674696225362.txt -> /home/shahbazk/Projects/DFS_Semi_Streaming/input/random_graphs/graph_400_79800_UNIFORM_7632458674696225362.txt (Time: 0.00s)
📦 COPIED from HDD: /media/HDD/Projects/ExpDFS/graph_500_124750_UNIFORM_2429002973740178792.txt -> /home/shahbazk/Projects/DFS_Semi_Streaming/input/random_graphs/graph_500_124750_UNIFORM_2429002973740178792.txt (Time: 0.00s)
📦 COPIED from HDD: /media/HDD/Projects/ExpDFS/graph_500_124750_UNIFORM_7663871783842725848.txt -> /home/shahbazk/Projects/DFS_Semi_Streaming/input/random_graphs/graph_500_124750_UNIFORM_7663871783842725848.txt (Time: 0.00s)
📦 COPIED from HDD: /media/HDD/Projects/ExpDFS/graph_500_124750_UNIFORM_320375091487821987.txt -> /home/shahbazk/Projects/DFS_Semi_Streaming/input/random_graphs/graph_500_124750_UNIFORM_320375091487821987.txt (Time: 0.00s)
📦 COPIED from HDD: /media/HDD/Projects/ExpDFS/graph_500_124750_UNIFORM_5906957480796939447.txt -> /home/shahbazk/Projects/DFS_Semi_Streaming/input/random_graphs/graph_500_124750_UNIFORM_5906957480796939447.txt (Time: 0.00s)
📦 COPIED from HDD: /media/HDD/Projects/ExpDFS/graph_500_124750_UNIFORM_1250773459040295677.txt -> /home/shahbazk/Projects/DFS_Semi_Streaming/input/random_graphs/graph_500_124750_UNIFORM_1250773459040295677.txt (Time: 0.00s)
📦 COPIED from HDD: /media/HDD/Projects/ExpDFS/graph_500_124750_UNIFORM_3881801951614183357.txt -> /home/shahbazk/Projects/DFS_Semi_Streaming/input/random_graphs/graph_500_124750_UNIFORM_3881801951614183357.txt (Time: 0.00s)
📦 COPIED from HDD: /media/HDD/Projects/ExpDFS/graph_500_124750_UNIFORM_7871178979383552919.txt -> /home/shahbazk/Projects/DFS_Semi_Streaming/input/random_graphs/graph_500_124750_UNIFORM_7871178979383552919.txt (Time: 0.00s)
📦 COPIED from HDD: /media/HDD/Projects/ExpDFS/graph_500_124750_UNIFORM_5739955973604961613.txt -> /home/shahbazk/Projects/DFS_Semi_Streaming/input/random_graphs/graph_500_124750_UNIFORM_5739955973604961613.txt (Time: 0.00s)
📦 COPIED from HDD: /media/HDD/Projects/ExpDFS/graph_500_124750_UNIFORM_7032710160631691991.txt -> /home/shahbazk/Projects/DFS_Semi_Streaming/input/random_graphs/graph_500_124750_UNIFORM_7032710160631691991.txt (Time: 0.00s)
📦 COPIED from HDD: /media/HDD/Projects/ExpDFS/graph_500_124750_UNIFORM_6230961512046992311.txt -> /home/shahbazk/Projects/DFS_Semi_Streaming/input/random_graphs/graph_500_124750_UNIFORM_6230961512046992311.txt (Time: 0.00s)
📦 COPIED from HDD: /media/HDD/Projects/ExpDFS/graph_500_124750_UNIFORM_3010622984418968408.txt -> /home/shahbazk/Projects/DFS_Semi_Streaming/input/random_graphs/graph_500_124750_UNIFORM_3010622984418968408.txt (Time: 0.00s)
📦 COPIED from HDD: /media/HDD/Projects/ExpDFS/graph_500_124750_UNIFORM_7599700178212337699.txt -> /home/shahbazk/Projects/DFS_Semi_Streaming/input/random_graphs/graph_500_124750_UNIFORM_7599700178212337699.txt (Time: 0.00s)
📦 COPIED from HDD: /media/HDD/Projects/ExpDFS/graph_500_124750_UNIFORM_1353182403971399009.txt -> /home/shahbazk/Projects/DFS_Semi_Streaming/input/random_graphs/graph_500_124750_UNIFORM_1353182403971399009.txt (Time: 0.00s)
📦 COPIED from HDD: /media/HDD/Projects/ExpDFS/graph_500_124750_UNIFORM_7146860528564146064.txt -> /home/shahbazk/Projects/DFS_Semi_Streaming/input/random_graphs/graph_500_124750_UNIFORM_7146860528564146064.txt (Time: 0.00s)
📦 COPIED from HDD: /media/HDD/Projects/ExpDFS/graph_500_124750_UNIFORM_6522163754831416203.txt -> /home/shahbazk/Projects/DFS_Semi_Streaming/input/random_graphs/graph_500_124750_UNIFORM_6522163754831416203.txt (Time: 0.00s)
📦 COPIED from HDD: /media/HDD/Projects/ExpDFS/graph_500_124750_UNIFORM_3438400432146115956.txt -> /home/shahbazk/Projects/DFS_Semi_Streaming/input/random_graphs/graph_500_124750_UNIFORM_3438400432146115956.txt (Time: 0.00s)
📦 COPIED from HDD: /media/HDD/Projects/ExpDFS/graph_500_124750_UNIFORM_6938562734920028532.txt -> /home/shahbazk/Projects/DFS_Semi_Streaming/input/random_graphs/graph_500_124750_UNIFORM_6938562734920028532.txt (Time: 0.00s)
📦 COPIED from HDD: /media/HDD/Projects/ExpDFS/graph_500_124750_UNIFORM_4040737767143389431.txt -> /home/shahbazk/Projects/DFS_Semi_Streaming/input/random_graphs/graph_500_124750_UNIFORM_4040737767143389431.txt (Time: 0.00s)
📦 COPIED from HDD: /media/HDD/Projects/ExpDFS/graph_500_124750_UNIFORM_1250005700364523649.txt -> /home/shahbazk/Projects/DFS_Semi_Streaming/input/random_graphs/graph_500_124750_UNIFORM_1250005700364523649.txt (Time: 0.00s)
📦 COPIED from HDD: /media/HDD/Projects/ExpDFS/graph_500_124750_UNIFORM_1070244953599069350.txt -> /home/shahbazk/Projects/DFS_Semi_Streaming/input/random_graphs/graph_500_124750_UNIFORM_1070244953599069350.txt (Time: 0.00s)
📦 COPIED from HDD: /media/HDD/Projects/ExpDFS/graph_500_124750_UNIFORM_7473196763798409428.txt -> /home/shahbazk/Projects/DFS_Semi_Streaming/input/random_graphs/graph_500_124750_UNIFORM_7473196763798409428.txt (Time: 0.00s)
📦 COPIED from HDD: /media/HDD/Projects/ExpDFS/graph_500_124750_UNIFORM_5139481885857321791.txt -> /home/shahbazk/Projects/DFS_Semi_Streaming/input/random_graphs/graph_500_124750_UNIFORM_5139481885857321791.txt (Time: 0.00s)
📦 COPIED from HDD: /media/HDD/Projects/ExpDFS/graph_500_124750_UNIFORM_5142811650494845597.txt -> /home/shahbazk/Projects/DFS_Semi_Streaming/input/random_graphs/graph_500_124750_UNIFORM_5142811650494845597.txt (Time: 0.00s)
📦 COPIED from HDD: /media/HDD/Projects/ExpDFS/graph_500_124750_UNIFORM_6002685213311538187.txt -> /home/shahbazk/Projects/DFS_Semi_Streaming/input/random_graphs/graph_500_124750_UNIFORM_6002685213311538187.txt (Time: 0.00s)
📦 COPIED from HDD: /media/HDD/Projects/ExpDFS/graph_500_124750_UNIFORM_1309542850049879452.txt -> /home/shahbazk/Projects/DFS_Semi_Streaming/input/random_graphs/graph_500_124750_UNIFORM_1309542850049879452.txt (Time: 0.00s)
📦 COPIED from HDD: /media/HDD/Projects/ExpDFS/graph_500_124750_UNIFORM_5708372698381010775.txt -> /home/shahbazk/Projects/DFS_Semi_Streaming/input/random_graphs/graph_500_124750_UNIFORM_5708372698381010775.txt (Time: 0.00s)
📦 COPIED from HDD: /media/HDD/Projects/ExpDFS/graph_500_124750_UNIFORM_1853590723603270879.txt -> /home/shahbazk/Projects/DFS_Semi_Streaming/input/random_graphs/graph_500_124750_UNIFORM_1853590723603270879.txt (Time: 0.00s)
📦 COPIED from HDD: /media/HDD/Projects/ExpDFS/graph_500_124750_UNIFORM_5258051056098597521.txt -> /home/shahbazk/Projects/DFS_Semi_Streaming/input/random_graphs/graph_500_124750_UNIFORM_5258051056098597521.txt (Time: 0.00s)
📦 COPIED from HDD: /media/HDD/Projects/ExpDFS/graph_500_124750_UNIFORM_1647170069535670909.txt -> /home/shahbazk/Projects/DFS_Semi_Streaming/input/random_graphs/graph_500_124750_UNIFORM_1647170069535670909.txt (Time: 0.00s)
📦 COPIED from HDD: /media/HDD/Projects/ExpDFS/graph_500_124750_UNIFORM_7029781962072644698.txt -> /home/shahbazk/Projects/DFS_Semi_Streaming/input/random_graphs/graph_500_124750_UNIFORM_7029781962072644698.txt (Time: 0.00s)
📦 COPIED from HDD: /media/HDD/Projects/ExpDFS/graph_500_124750_UNIFORM_1632192924771168275.txt -> /home/shahbazk/Projects/DFS_Semi_Streaming/input/random_graphs/graph_500_124750_UNIFORM_1632192924771168275.txt (Time: 0.00s)
📦 COPIED from HDD: /media/HDD/Projects/ExpDFS/graph_500_124750_UNIFORM_7706236040662210848.txt -> /home/shahbazk/Projects/DFS_Semi_Streaming/input/random_graphs/graph_500_124750_UNIFORM_7706236040662210848.txt (Time: 0.00s)
📦 COPIED from HDD: /media/HDD/Projects/ExpDFS/graph_500_124750_UNIFORM_824387247617288499.txt -> /home/shahbazk/Projects/DFS_Semi_Streaming/input/random_graphs/graph_500_124750_UNIFORM_824387247617288499.txt (Time: 0.00s)
📦 COPIED from HDD: /media/HDD/Projects/ExpDFS/graph_500_124750_UNIFORM_521787134863155063.txt -> /home/shahbazk/Projects/DFS_Semi_Streaming/input/random_graphs/graph_500_124750_UNIFORM_521787134863155063.txt (Time: 0.00s)
📦 COPIED from HDD: /media/HDD/Projects/ExpDFS/graph_500_124750_UNIFORM_5636411189175451024.txt -> /home/shahbazk/Projects/DFS_Semi_Streaming/input/random_graphs/graph_500_124750_UNIFORM_5636411189175451024.txt (Time: 0.00s)
📦 COPIED from HDD: /media/HDD/Projects/ExpDFS/graph_500_124750_UNIFORM_7161906730445628483.txt -> /home/shahbazk/Projects/DFS_Semi_Streaming/input/random_graphs/graph_500_124750_UNIFORM_7161906730445628483.txt (Time: 0.00s)
📦 COPIED from HDD: /media/HDD/Projects/ExpDFS/graph_500_124750_UNIFORM_3272308573967577038.txt -> /home/shahbazk/Projects/DFS_Semi_Streaming/input/random_graphs/graph_500_124750_UNIFORM_3272308573967577038.txt (Time: 0.00s)
📦 COPIED from HDD: /media/HDD/Projects/ExpDFS/graph_500_124750_UNIFORM_5349491008325879064.txt -> /home/shahbazk/Projects/DFS_Semi_Streaming/input/random_graphs/graph_500_124750_UNIFORM_5349491008325879064.txt (Time: 0.00s)
📦 COPIED from HDD: /media/HDD/Projects/ExpDFS/graph_500_124750_UNIFORM_6614505080519948832.txt -> /home/shahbazk/Projects/DFS_Semi_Streaming/input/random_graphs/graph_500_124750_UNIFORM_6614505080519948832.txt (Time: 0.00s)
📦 COPIED from HDD: /media/HDD/Projects/ExpDFS/graph_500_124750_UNIFORM_1731523882129807996.txt -> /home/shahbazk/Projects/DFS_Semi_Streaming/input/random_graphs/graph_500_124750_UNIFORM_1731523882129807996.txt (Time: 0.00s)
📦 COPIED from HDD: /media/HDD/Projects/ExpDFS/graph_500_124750_UNIFORM_3865339568260874865.txt -> /home/shahbazk/Projects/DFS_Semi_Streaming/input/random_graphs/graph_500_124750_UNIFORM_3865339568260874865.txt (Time: 0.00s)
📦 COPIED from HDD: /media/HDD/Projects/ExpDFS/graph_500_124750_UNIFORM_8718380604043999642.txt -> /home/shahbazk/Projects/DFS_Semi_Streaming/input/random_graphs/graph_500_124750_UNIFORM_8718380604043999642.txt (Time: 0.00s)
📦 COPIED from HDD: /media/HDD/Projects/ExpDFS/graph_500_124750_UNIFORM_1128313391724783137.txt -> /home/shahbazk/Projects/DFS_Semi_Streaming/input/random_graphs/graph_500_124750_UNIFORM_1128313391724783137.txt (Time: 0.00s)
📦 COPIED from HDD: /media/HDD/Projects/ExpDFS/graph_500_124750_UNIFORM_7921282862123281598.txt -> /home/shahbazk/Projects/DFS_Semi_Streaming/input/random_graphs/graph_500_124750_UNIFORM_7921282862123281598.txt (Time: 0.00s)
📦 COPIED from HDD: /media/HDD/Projects/ExpDFS/graph_500_124750_UNIFORM_6785030173969523435.txt -> /home/shahbazk/Projects/DFS_Semi_Streaming/input/random_graphs/graph_500_124750_UNIFORM_6785030173969523435.txt (Time: 0.00s)
📦 COPIED from HDD: /media/HDD/Projects/ExpDFS/graph_500_124750_UNIFORM_6802378520969450157.txt -> /home/shahbazk/Projects/DFS_Semi_Streaming/input/random_graphs/graph_500_124750_UNIFORM_6802378520969450157.txt (Time: 0.00s)
📦 COPIED from HDD: /media/HDD/Projects/ExpDFS/graph_500_124750_UNIFORM_3224265581699847191.txt -> /home/shahbazk/Projects/DFS_Semi_Streaming/input/random_graphs/graph_500_124750_UNIFORM_3224265581699847191.txt (Time: 0.00s)
📦 COPIED from HDD: /media/HDD/Projects/ExpDFS/graph_500_124750_UNIFORM_8031431416522537101.txt -> /home/shahbazk/Projects/DFS_Semi_Streaming/input/random_graphs/graph_500_124750_UNIFORM_8031431416522537101.txt (Time: 0.00s)
📦 COPIED from HDD: /media/HDD/Projects/ExpDFS/graph_500_124750_UNIFORM_5529616217668449934.txt -> /home/shahbazk/Projects/DFS_Semi_Streaming/input/random_graphs/graph_500_124750_UNIFORM_5529616217668449934.txt (Time: 0.00s)
📦 COPIED from HDD: /media/HDD/Projects/ExpDFS/graph_500_124750_UNIFORM_1024517563182776983.txt -> /home/shahbazk/Projects/DFS_Semi_Streaming/input/random_graphs/graph_500_124750_UNIFORM_1024517563182776983.txt (Time: 0.00s)
📦 COPIED from HDD: /media/HDD/Projects/ExpDFS/graph_500_124750_UNIFORM_4552998297316576788.txt -> /home/shahbazk/Projects/DFS_Semi_Streaming/input/random_graphs/graph_500_124750_UNIFORM_4552998297316576788.txt (Time: 0.00s)
📦 COPIED from HDD: /media/HDD/Projects/ExpDFS/graph_500_124750_UNIFORM_716820155901718944.txt -> /home/shahbazk/Projects/DFS_Semi_Streaming/input/random_graphs/graph_500_124750_UNIFORM_716820155901718944.txt (Time: 0.00s)
📦 COPIED from HDD: /media/HDD/Projects/ExpDFS/graph_500_124750_UNIFORM_6224222471595207695.txt -> /home/shahbazk/Projects/DFS_Semi_Streaming/input/random_graphs/graph_500_124750_UNIFORM_6224222471595207695.txt (Time: 0.00s)
📦 COPIED from HDD: /media/HDD/Projects/ExpDFS/graph_500_124750_UNIFORM_3817405844514670994.txt -> /home/shahbazk/Projects/DFS_Semi_Streaming/input/random_graphs/graph_500_124750_UNIFORM_3817405844514670994.txt (Time: 0.00s)
📦 COPIED from HDD: /media/HDD/Projects/ExpDFS/graph_500_124750_UNIFORM_4122784633514911760.txt -> /home/shahbazk/Projects/DFS_Semi_Streaming/input/random_graphs/graph_500_124750_UNIFORM_4122784633514911760.txt (Time: 0.00s)
📦 COPIED from HDD: /media/HDD/Projects/ExpDFS/graph_500_124750_UNIFORM_6529943913552561417.txt -> /home/shahbazk/Projects/DFS_Semi_Streaming/input/random_graphs/graph_500_124750_UNIFORM_6529943913552561417.txt (Time: 0.00s)
📦 COPIED from HDD: /media/HDD/Projects/ExpDFS/graph_500_124750_UNIFORM_4997514996153925447.txt -> /home/shahbazk/Projects/DFS_Semi_Streaming/input/random_graphs/graph_500_124750_UNIFORM_4997514996153925447.txt (Time: 0.00s)
📦 COPIED from HDD: /media/HDD/Projects/ExpDFS/graph_500_124750_UNIFORM_8446481348147407377.txt -> /home/shahbazk/Projects/DFS_Semi_Streaming/input/random_graphs/graph_500_124750_UNIFORM_8446481348147407377.txt (Time: 0.00s)
📦 COPIED from HDD: /media/HDD/Projects/ExpDFS/graph_500_124750_UNIFORM_7917045922527545890.txt -> /home/shahbazk/Projects/DFS_Semi_Streaming/input/random_graphs/graph_500_124750_UNIFORM_7917045922527545890.txt (Time: 0.00s)
📦 COPIED from HDD: /media/HDD/Projects/ExpDFS/graph_500_124750_UNIFORM_7938560551762094560.txt -> /home/shahbazk/Projects/DFS_Semi_Streaming/input/random_graphs/graph_500_124750_UNIFORM_7938560551762094560.txt (Time: 0.00s)
📦 COPIED from HDD: /media/HDD/Projects/ExpDFS/graph_500_124750_UNIFORM_199422815561151340.txt -> /home/shahbazk/Projects/DFS_Semi_Streaming/input/random_graphs/graph_500_124750_UNIFORM_199422815561151340.txt (Time: 0.00s)
📦 COPIED from HDD: /media/HDD/Projects/ExpDFS/graph_500_124750_UNIFORM_6764066939395682287.txt -> /home/shahbazk/Projects/DFS_Semi_Streaming/input/random_graphs/graph_500_124750_UNIFORM_6764066939395682287.txt (Time: 0.00s)
📦 COPIED from HDD: /media/HDD/Projects/ExpDFS/graph_500_124750_UNIFORM_5108599054664628607.txt -> /home/shahbazk/Projects/DFS_Semi_Streaming/input/random_graphs/graph_500_124750_UNIFORM_5108599054664628607.txt (Time: 0.00s)
📦 COPIED from HDD: /media/HDD/Projects/ExpDFS/graph_500_124750_UNIFORM_5063475852268941542.txt -> /home/shahbazk/Projects/DFS_Semi_Streaming/input/random_graphs/graph_500_124750_UNIFORM_5063475852268941542.txt (Time: 0.00s)
📦 COPIED from HDD: /media/HDD/Projects/ExpDFS/graph_500_124750_UNIFORM_175493991617213850.txt -> /home/shahbazk/Projects/DFS_Semi_Streaming/input/random_graphs/graph_500_124750_UNIFORM_175493991617213850.txt (Time: 0.00s)
📦 COPIED from HDD: /media/HDD/Projects/ExpDFS/graph_500_124750_UNIFORM_6143643868734370809.txt -> /home/shahbazk/Projects/DFS_Semi_Streaming/input/random_graphs/graph_500_124750_UNIFORM_6143643868734370809.txt (Time: 0.00s)
📦 COPIED from HDD: /media/HDD/Projects/ExpDFS/graph_500_124750_UNIFORM_4060584409398689268.txt -> /home/shahbazk/Projects/DFS_Semi_Streaming/input/random_graphs/graph_500_124750_UNIFORM_4060584409398689268.txt (Time: 0.00s)
📦 COPIED from HDD: /media/HDD/Projects/ExpDFS/graph_500_124750_UNIFORM_2909934787168262407.txt -> /home/shahbazk/Projects/DFS_Semi_Streaming/input/random_graphs/graph_500_124750_UNIFORM_2909934787168262407.txt (Time: 0.00s)
📦 COPIED from HDD: /media/HDD/Projects/ExpDFS/graph_500_124750_UNIFORM_7644420139408884785.txt -> /home/shahbazk/Projects/DFS_Semi_Streaming/input/random_graphs/graph_500_124750_UNIFORM_7644420139408884785.txt (Time: 0.00s)
📦 COPIED from HDD: /media/HDD/Projects/ExpDFS/graph_500_124750_UNIFORM_9130666990809746335.txt -> /home/shahbazk/Projects/DFS_Semi_Streaming/input/random_graphs/graph_500_124750_UNIFORM_9130666990809746335.txt (Time: 0.00s)
📦 COPIED from HDD: /media/HDD/Projects/ExpDFS/graph_500_124750_UNIFORM_1170385908854608748.txt -> /home/shahbazk/Projects/DFS_Semi_Streaming/input/random_graphs/graph_500_124750_UNIFORM_1170385908854608748.txt (Time: 0.00s)
📦 COPIED from HDD: /media/HDD/Projects/ExpDFS/graph_500_124750_UNIFORM_8448596294177070022.txt -> /home/shahbazk/Projects/DFS_Semi_Streaming/input/random_graphs/graph_500_124750_UNIFORM_8448596294177070022.txt (Time: 0.00s)
📦 COPIED from HDD: /media/HDD/Projects/ExpDFS/graph_500_124750_UNIFORM_6022436717541034636.txt -> /home/shahbazk/Projects/DFS_Semi_Streaming/input/random_graphs/graph_500_124750_UNIFORM_6022436717541034636.txt (Time: 0.00s)
📦 COPIED from HDD: /media/HDD/Projects/ExpDFS/graph_500_124750_UNIFORM_1992204328026194281.txt -> /home/shahbazk/Projects/DFS_Semi_Streaming/input/random_graphs/graph_500_124750_UNIFORM_1992204328026194281.txt (Time: 0.00s)
📦 COPIED from HDD: /media/HDD/Projects/ExpDFS/graph_500_124750_UNIFORM_4934890601268679176.txt -> /home/shahbazk/Projects/DFS_Semi_Streaming/input/random_graphs/graph_500_124750_UNIFORM_4934890601268679176.txt (Time: 0.00s)
📦 COPIED from HDD: /media/HDD/Projects/ExpDFS/graph_500_124750_UNIFORM_1392892770529522614.txt -> /home/shahbazk/Projects/DFS_Semi_Streaming/input/random_graphs/graph_500_124750_UNIFORM_1392892770529522614.txt (Time: 0.00s)
📦 COPIED from HDD: /media/HDD/Projects/ExpDFS/graph_500_124750_UNIFORM_1332005502874566195.txt -> /home/shahbazk/Projects/DFS_Semi_Streaming/input/random_graphs/graph_500_124750_UNIFORM_1332005502874566195.txt (Time: 0.00s)
📦 COPIED from HDD: /media/HDD/Projects/ExpDFS/graph_500_124750_UNIFORM_1458186392400727732.txt -> /home/shahbazk/Projects/DFS_Semi_Streaming/input/random_graphs/graph_500_124750_UNIFORM_1458186392400727732.txt (Time: 0.00s)
📦 COPIED from HDD: /media/HDD/Projects/ExpDFS/graph_500_124750_UNIFORM_4795749165124911768.txt -> /home/shahbazk/Projects/DFS_Semi_Streaming/input/random_graphs/graph_500_124750_UNIFORM_4795749165124911768.txt (Time: 0.00s)
📦 COPIED from HDD: /media/HDD/Projects/ExpDFS/graph_500_124750_UNIFORM_2718103348384927511.txt -> /home/shahbazk/Projects/DFS_Semi_Streaming/input/random_graphs/graph_500_124750_UNIFORM_2718103348384927511.txt (Time: 0.00s)
📦 COPIED from HDD: /media/HDD/Projects/ExpDFS/graph_500_124750_UNIFORM_7118744415197196276.txt -> /home/shahbazk/Projects/DFS_Semi_Streaming/input/random_graphs/graph_500_124750_UNIFORM_7118744415197196276.txt (Time: 0.00s)
📦 COPIED from HDD: /media/HDD/Projects/ExpDFS/graph_500_124750_UNIFORM_4445925461710302877.txt -> /home/shahbazk/Projects/DFS_Semi_Streaming/input/random_graphs/graph_500_124750_UNIFORM_4445925461710302877.txt (Time: 0.00s)
📦 COPIED from HDD: /media/HDD/Projects/ExpDFS/graph_500_124750_UNIFORM_1722224698700348310.txt -> /home/shahbazk/Projects/DFS_Semi_Streaming/input/random_graphs/graph_500_124750_UNIFORM_1722224698700348310.txt (Time: 0.00s)
📦 COPIED from HDD: /media/HDD/Projects/ExpDFS/graph_500_124750_UNIFORM_8626102704817790064.txt -> /home/shahbazk/Projects/DFS_Semi_Streaming/input/random_graphs/graph_500_124750_UNIFORM_8626102704817790064.txt (Time: 0.00s)
📦 COPIED from HDD: /media/HDD/Projects/ExpDFS/graph_500_124750_UNIFORM_9060210648189963449.txt -> /home/shahbazk/Projects/DFS_Semi_Streaming/input/random_graphs/graph_500_124750_UNIFORM_9060210648189963449.txt (Time: 0.00s)
📦 COPIED from HDD: /media/HDD/Projects/ExpDFS/graph_500_124750_UNIFORM_7905487461282246979.txt -> /home/shahbazk/Projects/DFS_Semi_Streaming/input/random_graphs/graph_500_124750_UNIFORM_7905487461282246979.txt (Time: 0.00s)
📦 COPIED from HDD: /media/HDD/Projects/ExpDFS/graph_500_124750_UNIFORM_8794274795737982182.txt -> /home/shahbazk/Projects/DFS_Semi_Streaming/input/random_graphs/graph_500_124750_UNIFORM_8794274795737982182.txt (Time: 0.00s)
📦 COPIED from HDD: /media/HDD/Projects/ExpDFS/graph_500_124750_UNIFORM_2089506265998900862.txt -> /home/shahbazk/Projects/DFS_Semi_Streaming/input/random_graphs/graph_500_124750_UNIFORM_2089506265998900862.txt (Time: 0.00s)
📦 COPIED from HDD: /media/HDD/Projects/ExpDFS/graph_500_124750_UNIFORM_4250897495980125004.txt -> /home/shahbazk/Projects/DFS_Semi_Streaming/input/random_graphs/graph_500_124750_UNIFORM_4250897495980125004.txt (Time: 0.00s)
📦 COPIED from HDD: /media/HDD/Projects/ExpDFS/graph_500_124750_UNIFORM_3713827327871807734.txt -> /home/shahbazk/Projects/DFS_Semi_Streaming/input/random_graphs/graph_500_124750_UNIFORM_3713827327871807734.txt (Time: 0.00s)
📦 COPIED from HDD: /media/HDD/Projects/ExpDFS/graph_500_124750_UNIFORM_7449662661572224354.txt -> /home/shahbazk/Projects/DFS_Semi_Streaming/input/random_graphs/graph_500_124750_UNIFORM_7449662661572224354.txt (Time: 0.00s)
📦 COPIED from HDD: /media/HDD/Projects/ExpDFS/graph_500_124750_UNIFORM_9059990922233379852.txt -> /home/shahbazk/Projects/DFS_Semi_Streaming/input/random_graphs/graph_500_124750_UNIFORM_9059990922233379852.txt (Time: 0.00s)
📦 COPIED from HDD: /media/HDD/Projects/ExpDFS/graph_500_124750_UNIFORM_7983805977214098674.txt -> /home/shahbazk/Projects/DFS_Semi_Streaming/input/random_graphs/graph_500_124750_UNIFORM_7983805977214098674.txt (Time: 0.00s)
📦 COPIED from HDD: /media/HDD/Projects/ExpDFS/graph_500_124750_UNIFORM_5894893360759659423.txt -> /home/shahbazk/Projects/DFS_Semi_Streaming/input/random_graphs/graph_500_124750_UNIFORM_5894893360759659423.txt (Time: 0.00s)
📦 COPIED from HDD: /media/HDD/Projects/ExpDFS/graph_500_124750_UNIFORM_4940913311242578590.txt -> /home/shahbazk/Projects/DFS_Semi_Streaming/input/random_graphs/graph_500_124750_UNIFORM_4940913311242578590.txt (Time: 0.00s)
📦 COPIED from HDD: /media/HDD/Projects/ExpDFS/graph_500_124750_UNIFORM_3221421291694197220.txt -> /home/shahbazk/Projects/DFS_Semi_Streaming/input/random_graphs/graph_500_124750_UNIFORM_3221421291694197220.txt (Time: 0.00s)
📦 COPIED from HDD: /media/HDD/Projects/ExpDFS/graph_500_124750_UNIFORM_8867616339855336876.txt -> /home/shahbazk/Projects/DFS_Semi_Streaming/input/random_graphs/graph_500_124750_UNIFORM_8867616339855336876.txt (Time: 0.00s)
📦 COPIED from HDD: /media/HDD/Projects/ExpDFS/graph_500_124750_UNIFORM_5497874167834979553.txt -> /home/shahbazk/Projects/DFS_Semi_Streaming/input/random_graphs/graph_500_124750_UNIFORM_5497874167834979553.txt (Time: 0.00s)
📦 COPIED from HDD: /media/HDD/Projects/ExpDFS/graph_500_124750_UNIFORM_7632458674696225362.txt -> /home/shahbazk/Projects/DFS_Semi_Streaming/input/random_graphs/graph_500_124750_UNIFORM_7632458674696225362.txt (Time: 0.00s)
📦 COPIED from HDD: /media/HDD/Projects/ExpDFS/graph_500_124750_UNIFORM_2264398621601381987.txt -> /home/shahbazk/Projects/DFS_Semi_Streaming/input/random_graphs/graph_500_124750_UNIFORM_2264398621601381987.txt (Time: 0.00s)
📦 COPIED from HDD: /media/HDD/Projects/ExpDFS/graph_600_179700_UNIFORM_1250005700364523649.txt -> /home/shahbazk/Projects/DFS_Semi_Streaming/input/random_graphs/graph_600_179700_UNIFORM_1250005700364523649.txt (Time: 0.00s)
📦 COPIED from HDD: /media/HDD/Projects/ExpDFS/graph_600_179700_UNIFORM_5142811650494845597.txt -> /home/shahbazk/Projects/DFS_Semi_Streaming/input/random_graphs/graph_600_179700_UNIFORM_5142811650494845597.txt (Time: 0.00s)
📦 COPIED from HDD: /media/HDD/Projects/ExpDFS/graph_600_179700_UNIFORM_320375091487821987.txt -> /home/shahbazk/Projects/DFS_Semi_Streaming/input/random_graphs/graph_600_179700_UNIFORM_320375091487821987.txt (Time: 0.00s)
📦 COPIED from HDD: /media/HDD/Projects/ExpDFS/graph_600_179700_UNIFORM_5139481885857321791.txt -> /home/shahbazk/Projects/DFS_Semi_Streaming/input/random_graphs/graph_600_179700_UNIFORM_5139481885857321791.txt (Time: 0.00s)
📦 COPIED from HDD: /media/HDD/Projects/ExpDFS/graph_600_179700_UNIFORM_1353182403971399009.txt -> /home/shahbazk/Projects/DFS_Semi_Streaming/input/random_graphs/graph_600_179700_UNIFORM_1353182403971399009.txt (Time: 0.00s)
📦 COPIED from HDD: /media/HDD/Projects/ExpDFS/graph_600_179700_UNIFORM_3881801951614183357.txt -> /home/shahbazk/Projects/DFS_Semi_Streaming/input/random_graphs/graph_600_179700_UNIFORM_3881801951614183357.txt (Time: 0.00s)
📦 COPIED from HDD: /media/HDD/Projects/ExpDFS/graph_600_179700_UNIFORM_7663871783842725848.txt -> /home/shahbazk/Projects/DFS_Semi_Streaming/input/random_graphs/graph_600_179700_UNIFORM_7663871783842725848.txt (Time: 0.00s)
📦 COPIED from HDD: /media/HDD/Projects/ExpDFS/graph_600_179700_UNIFORM_4040737767143389431.txt -> /home/shahbazk/Projects/DFS_Semi_Streaming/input/random_graphs/graph_600_179700_UNIFORM_4040737767143389431.txt (Time: 0.00s)
📦 COPIED from HDD: /media/HDD/Projects/ExpDFS/graph_600_179700_UNIFORM_7871178979383552919.txt -> /home/shahbazk/Projects/DFS_Semi_Streaming/input/random_graphs/graph_600_179700_UNIFORM_7871178979383552919.txt (Time: 0.00s)
📦 COPIED from HDD: /media/HDD/Projects/ExpDFS/graph_600_179700_UNIFORM_7146860528564146064.txt -> /home/shahbazk/Projects/DFS_Semi_Streaming/input/random_graphs/graph_600_179700_UNIFORM_7146860528564146064.txt (Time: 0.00s)
📦 COPIED from HDD: /media/HDD/Projects/ExpDFS/graph_600_179700_UNIFORM_1070244953599069350.txt -> /home/shahbazk/Projects/DFS_Semi_Streaming/input/random_graphs/graph_600_179700_UNIFORM_1070244953599069350.txt (Time: 0.00s)
📦 COPIED from HDD: /media/HDD/Projects/ExpDFS/graph_600_179700_UNIFORM_5739955973604961613.txt -> /home/shahbazk/Projects/DFS_Semi_Streaming/input/random_graphs/graph_600_179700_UNIFORM_5739955973604961613.txt (Time: 0.00s)
📦 COPIED from HDD: /media/HDD/Projects/ExpDFS/graph_600_179700_UNIFORM_1309542850049879452.txt -> /home/shahbazk/Projects/DFS_Semi_Streaming/input/random_graphs/graph_600_179700_UNIFORM_1309542850049879452.txt (Time: 0.00s)
📦 COPIED from HDD: /media/HDD/Projects/ExpDFS/graph_600_179700_UNIFORM_2429002973740178792.txt -> /home/shahbazk/Projects/DFS_Semi_Streaming/input/random_graphs/graph_600_179700_UNIFORM_2429002973740178792.txt (Time: 0.00s)
📦 COPIED from HDD: /media/HDD/Projects/ExpDFS/graph_600_179700_UNIFORM_7032710160631691991.txt -> /home/shahbazk/Projects/DFS_Semi_Streaming/input/random_graphs/graph_600_179700_UNIFORM_7032710160631691991.txt (Time: 0.00s)
📦 COPIED from HDD: /media/HDD/Projects/ExpDFS/graph_600_179700_UNIFORM_6938562734920028532.txt -> /home/shahbazk/Projects/DFS_Semi_Streaming/input/random_graphs/graph_600_179700_UNIFORM_6938562734920028532.txt (Time: 0.00s)
📦 COPIED from HDD: /media/HDD/Projects/ExpDFS/graph_600_179700_UNIFORM_7599700178212337699.txt -> /home/shahbazk/Projects/DFS_Semi_Streaming/input/random_graphs/graph_600_179700_UNIFORM_7599700178212337699.txt (Time: 0.00s)
📦 COPIED from HDD: /media/HDD/Projects/ExpDFS/graph_600_179700_UNIFORM_3438400432146115956.txt -> /home/shahbazk/Projects/DFS_Semi_Streaming/input/random_graphs/graph_600_179700_UNIFORM_3438400432146115956.txt (Time: 0.00s)
📦 COPIED from HDD: /media/HDD/Projects/ExpDFS/graph_600_179700_UNIFORM_7473196763798409428.txt -> /home/shahbazk/Projects/DFS_Semi_Streaming/input/random_graphs/graph_600_179700_UNIFORM_7473196763798409428.txt (Time: 0.00s)
📦 COPIED from HDD: /media/HDD/Projects/ExpDFS/graph_600_179700_UNIFORM_3010622984418968408.txt -> /home/shahbazk/Projects/DFS_Semi_Streaming/input/random_graphs/graph_600_179700_UNIFORM_3010622984418968408.txt (Time: 0.00s)
📦 COPIED from HDD: /media/HDD/Projects/ExpDFS/graph_600_179700_UNIFORM_5906957480796939447.txt -> /home/shahbazk/Projects/DFS_Semi_Streaming/input/random_graphs/graph_600_179700_UNIFORM_5906957480796939447.txt (Time: 0.00s)
📦 COPIED from HDD: /media/HDD/Projects/ExpDFS/graph_600_179700_UNIFORM_1853590723603270879.txt -> /home/shahbazk/Projects/DFS_Semi_Streaming/input/random_graphs/graph_600_179700_UNIFORM_1853590723603270879.txt (Time: 0.00s)
📦 COPIED from HDD: /media/HDD/Projects/ExpDFS/graph_600_179700_UNIFORM_6230961512046992311.txt -> /home/shahbazk/Projects/DFS_Semi_Streaming/input/random_graphs/graph_600_179700_UNIFORM_6230961512046992311.txt (Time: 0.00s)
📦 COPIED from HDD: /media/HDD/Projects/ExpDFS/graph_600_179700_UNIFORM_6522163754831416203.txt -> /home/shahbazk/Projects/DFS_Semi_Streaming/input/random_graphs/graph_600_179700_UNIFORM_6522163754831416203.txt (Time: 0.00s)
📦 COPIED from HDD: /media/HDD/Projects/ExpDFS/graph_600_179700_UNIFORM_6002685213311538187.txt -> /home/shahbazk/Projects/DFS_Semi_Streaming/input/random_graphs/graph_600_179700_UNIFORM_6002685213311538187.txt (Time: 0.00s)
📦 COPIED from HDD: /media/HDD/Projects/ExpDFS/graph_600_179700_UNIFORM_1250773459040295677.txt -> /home/shahbazk/Projects/DFS_Semi_Streaming/input/random_graphs/graph_600_179700_UNIFORM_1250773459040295677.txt (Time: 0.00s)
📦 COPIED from HDD: /media/HDD/Projects/ExpDFS/graph_600_179700_UNIFORM_5708372698381010775.txt -> /home/shahbazk/Projects/DFS_Semi_Streaming/input/random_graphs/graph_600_179700_UNIFORM_5708372698381010775.txt (Time: 0.00s)
📦 COPIED from HDD: /media/HDD/Projects/ExpDFS/graph_600_179700_UNIFORM_521787134863155063.txt -> /home/shahbazk/Projects/DFS_Semi_Streaming/input/random_graphs/graph_600_179700_UNIFORM_521787134863155063.txt (Time: 0.00s)
📦 COPIED from HDD: /media/HDD/Projects/ExpDFS/graph_600_179700_UNIFORM_1024517563182776983.txt -> /home/shahbazk/Projects/DFS_Semi_Streaming/input/random_graphs/graph_600_179700_UNIFORM_1024517563182776983.txt (Time: 0.00s)
📦 COPIED from HDD: /media/HDD/Projects/ExpDFS/graph_600_179700_UNIFORM_7029781962072644698.txt -> /home/shahbazk/Projects/DFS_Semi_Streaming/input/random_graphs/graph_600_179700_UNIFORM_7029781962072644698.txt (Time: 0.00s)
📦 COPIED from HDD: /media/HDD/Projects/ExpDFS/graph_600_179700_UNIFORM_5258051056098597521.txt -> /home/shahbazk/Projects/DFS_Semi_Streaming/input/random_graphs/graph_600_179700_UNIFORM_5258051056098597521.txt (Time: 0.00s)
📦 COPIED from HDD: /media/HDD/Projects/ExpDFS/graph_600_179700_UNIFORM_6785030173969523435.txt -> /home/shahbazk/Projects/DFS_Semi_Streaming/input/random_graphs/graph_600_179700_UNIFORM_6785030173969523435.txt (Time: 0.00s)
📦 COPIED from HDD: /media/HDD/Projects/ExpDFS/graph_600_179700_UNIFORM_5529616217668449934.txt -> /home/shahbazk/Projects/DFS_Semi_Streaming/input/random_graphs/graph_600_179700_UNIFORM_5529616217668449934.txt (Time: 0.00s)
📦 COPIED from HDD: /media/HDD/Projects/ExpDFS/graph_600_179700_UNIFORM_1731523882129807996.txt -> /home/shahbazk/Projects/DFS_Semi_Streaming/input/random_graphs/graph_600_179700_UNIFORM_1731523882129807996.txt (Time: 0.00s)
📦 COPIED from HDD: /media/HDD/Projects/ExpDFS/graph_600_179700_UNIFORM_824387247617288499.txt -> /home/shahbazk/Projects/DFS_Semi_Streaming/input/random_graphs/graph_600_179700_UNIFORM_824387247617288499.txt (Time: 0.00s)
📦 COPIED from HDD: /media/HDD/Projects/ExpDFS/graph_600_179700_UNIFORM_1647170069535670909.txt -> /home/shahbazk/Projects/DFS_Semi_Streaming/input/random_graphs/graph_600_179700_UNIFORM_1647170069535670909.txt (Time: 0.00s)
📦 COPIED from HDD: /media/HDD/Projects/ExpDFS/graph_600_179700_UNIFORM_1632192924771168275.txt -> /home/shahbazk/Projects/DFS_Semi_Streaming/input/random_graphs/graph_600_179700_UNIFORM_1632192924771168275.txt (Time: 0.00s)
📦 COPIED from HDD: /media/HDD/Projects/ExpDFS/graph_600_179700_UNIFORM_7706236040662210848.txt -> /home/shahbazk/Projects/DFS_Semi_Streaming/input/random_graphs/graph_600_179700_UNIFORM_7706236040662210848.txt (Time: 0.00s)
📦 COPIED from HDD: /media/HDD/Projects/ExpDFS/graph_600_179700_UNIFORM_4122784633514911760.txt -> /home/shahbazk/Projects/DFS_Semi_Streaming/input/random_graphs/graph_600_179700_UNIFORM_4122784633514911760.txt (Time: 0.00s)
📦 COPIED from HDD: /media/HDD/Projects/ExpDFS/graph_600_179700_UNIFORM_7161906730445628483.txt -> /home/shahbazk/Projects/DFS_Semi_Streaming/input/random_graphs/graph_600_179700_UNIFORM_7161906730445628483.txt (Time: 0.00s)
📦 COPIED from HDD: /media/HDD/Projects/ExpDFS/graph_600_179700_UNIFORM_4552998297316576788.txt -> /home/shahbazk/Projects/DFS_Semi_Streaming/input/random_graphs/graph_600_179700_UNIFORM_4552998297316576788.txt (Time: 0.00s)
📦 COPIED from HDD: /media/HDD/Projects/ExpDFS/graph_600_179700_UNIFORM_4445925461710302877.txt -> /home/shahbazk/Projects/DFS_Semi_Streaming/input/random_graphs/graph_600_179700_UNIFORM_4445925461710302877.txt (Time: 0.00s)
📦 COPIED from HDD: /media/HDD/Projects/ExpDFS/graph_600_179700_UNIFORM_3224265581699847191.txt -> /home/shahbazk/Projects/DFS_Semi_Streaming/input/random_graphs/graph_600_179700_UNIFORM_3224265581699847191.txt (Time: 0.00s)
📦 COPIED from HDD: /media/HDD/Projects/ExpDFS/graph_600_179700_UNIFORM_7917045922527545890.txt -> /home/shahbazk/Projects/DFS_Semi_Streaming/input/random_graphs/graph_600_179700_UNIFORM_7917045922527545890.txt (Time: 0.00s)
📦 COPIED from HDD: /media/HDD/Projects/ExpDFS/graph_600_179700_UNIFORM_5636411189175451024.txt -> /home/shahbazk/Projects/DFS_Semi_Streaming/input/random_graphs/graph_600_179700_UNIFORM_5636411189175451024.txt (Time: 0.00s)
📦 COPIED from HDD: /media/HDD/Projects/ExpDFS/graph_600_179700_UNIFORM_6802378520969450157.txt -> /home/shahbazk/Projects/DFS_Semi_Streaming/input/random_graphs/graph_600_179700_UNIFORM_6802378520969450157.txt (Time: 0.00s)
📦 COPIED from HDD: /media/HDD/Projects/ExpDFS/graph_600_179700_UNIFORM_6143643868734370809.txt -> /home/shahbazk/Projects/DFS_Semi_Streaming/input/random_graphs/graph_600_179700_UNIFORM_6143643868734370809.txt (Time: 0.00s)
📦 COPIED from HDD: /media/HDD/Projects/ExpDFS/graph_600_179700_UNIFORM_8031431416522537101.txt -> /home/shahbazk/Projects/DFS_Semi_Streaming/input/random_graphs/graph_600_179700_UNIFORM_8031431416522537101.txt (Time: 0.00s)
📦 COPIED from HDD: /media/HDD/Projects/ExpDFS/graph_600_179700_UNIFORM_6614505080519948832.txt -> /home/shahbazk/Projects/DFS_Semi_Streaming/input/random_graphs/graph_600_179700_UNIFORM_6614505080519948832.txt (Time: 0.00s)
📦 COPIED from HDD: /media/HDD/Projects/ExpDFS/graph_600_179700_UNIFORM_5349491008325879064.txt -> /home/shahbazk/Projects/DFS_Semi_Streaming/input/random_graphs/graph_600_179700_UNIFORM_5349491008325879064.txt (Time: 0.00s)
📦 COPIED from HDD: /media/HDD/Projects/ExpDFS/graph_600_179700_UNIFORM_7938560551762094560.txt -> /home/shahbazk/Projects/DFS_Semi_Streaming/input/random_graphs/graph_600_179700_UNIFORM_7938560551762094560.txt (Time: 0.00s)
📦 COPIED from HDD: /media/HDD/Projects/ExpDFS/graph_600_179700_UNIFORM_7921282862123281598.txt -> /home/shahbazk/Projects/DFS_Semi_Streaming/input/random_graphs/graph_600_179700_UNIFORM_7921282862123281598.txt (Time: 0.00s)
📦 COPIED from HDD: /media/HDD/Projects/ExpDFS/graph_600_179700_UNIFORM_3272308573967577038.txt -> /home/shahbazk/Projects/DFS_Semi_Streaming/input/random_graphs/graph_600_179700_UNIFORM_3272308573967577038.txt (Time: 0.00s)
📦 COPIED from HDD: /media/HDD/Projects/ExpDFS/graph_600_179700_UNIFORM_6224222471595207695.txt -> /home/shahbazk/Projects/DFS_Semi_Streaming/input/random_graphs/graph_600_179700_UNIFORM_6224222471595207695.txt (Time: 0.00s)
📦 COPIED from HDD: /media/HDD/Projects/ExpDFS/graph_600_179700_UNIFORM_3865339568260874865.txt -> /home/shahbazk/Projects/DFS_Semi_Streaming/input/random_graphs/graph_600_179700_UNIFORM_3865339568260874865.txt (Time: 0.00s)
📦 COPIED from HDD: /media/HDD/Projects/ExpDFS/graph_600_179700_UNIFORM_1128313391724783137.txt -> /home/shahbazk/Projects/DFS_Semi_Streaming/input/random_graphs/graph_600_179700_UNIFORM_1128313391724783137.txt (Time: 0.00s)
📦 COPIED from HDD: /media/HDD/Projects/ExpDFS/graph_600_179700_UNIFORM_716820155901718944.txt -> /home/shahbazk/Projects/DFS_Semi_Streaming/input/random_graphs/graph_600_179700_UNIFORM_716820155901718944.txt (Time: 0.00s)
📦 COPIED from HDD: /media/HDD/Projects/ExpDFS/graph_600_179700_UNIFORM_8718380604043999642.txt -> /home/shahbazk/Projects/DFS_Semi_Streaming/input/random_graphs/graph_600_179700_UNIFORM_8718380604043999642.txt (Time: 0.00s)
📦 COPIED from HDD: /media/HDD/Projects/ExpDFS/graph_600_179700_UNIFORM_4997514996153925447.txt -> /home/shahbazk/Projects/DFS_Semi_Streaming/input/random_graphs/graph_600_179700_UNIFORM_4997514996153925447.txt (Time: 0.00s)
📦 COPIED from HDD: /media/HDD/Projects/ExpDFS/graph_600_179700_UNIFORM_5063475852268941542.txt -> /home/shahbazk/Projects/DFS_Semi_Streaming/input/random_graphs/graph_600_179700_UNIFORM_5063475852268941542.txt (Time: 0.00s)
📦 COPIED from HDD: /media/HDD/Projects/ExpDFS/graph_600_179700_UNIFORM_8446481348147407377.txt -> /home/shahbazk/Projects/DFS_Semi_Streaming/input/random_graphs/graph_600_179700_UNIFORM_8446481348147407377.txt (Time: 0.00s)
📦 COPIED from HDD: /media/HDD/Projects/ExpDFS/graph_600_179700_UNIFORM_3817405844514670994.txt -> /home/shahbazk/Projects/DFS_Semi_Streaming/input/random_graphs/graph_600_179700_UNIFORM_3817405844514670994.txt (Time: 0.00s)
📦 COPIED from HDD: /media/HDD/Projects/ExpDFS/graph_600_179700_UNIFORM_6529943913552561417.txt -> /home/shahbazk/Projects/DFS_Semi_Streaming/input/random_graphs/graph_600_179700_UNIFORM_6529943913552561417.txt (Time: 0.00s)
📦 COPIED from HDD: /media/HDD/Projects/ExpDFS/graph_600_179700_UNIFORM_2909934787168262407.txt -> /home/shahbazk/Projects/DFS_Semi_Streaming/input/random_graphs/graph_600_179700_UNIFORM_2909934787168262407.txt (Time: 0.00s)
📦 COPIED from HDD: /media/HDD/Projects/ExpDFS/graph_600_179700_UNIFORM_1170385908854608748.txt -> /home/shahbazk/Projects/DFS_Semi_Streaming/input/random_graphs/graph_600_179700_UNIFORM_1170385908854608748.txt (Time: 0.00s)
📦 COPIED from HDD: /media/HDD/Projects/ExpDFS/graph_600_179700_UNIFORM_6022436717541034636.txt -> /home/shahbazk/Projects/DFS_Semi_Streaming/input/random_graphs/graph_600_179700_UNIFORM_6022436717541034636.txt (Time: 0.00s)
📦 COPIED from HDD: /media/HDD/Projects/ExpDFS/graph_600_179700_UNIFORM_199422815561151340.txt -> /home/shahbazk/Projects/DFS_Semi_Streaming/input/random_graphs/graph_600_179700_UNIFORM_199422815561151340.txt (Time: 0.00s)
📦 COPIED from HDD: /media/HDD/Projects/ExpDFS/graph_600_179700_UNIFORM_175493991617213850.txt -> /home/shahbazk/Projects/DFS_Semi_Streaming/input/random_graphs/graph_600_179700_UNIFORM_175493991617213850.txt (Time: 0.00s)
📦 COPIED from HDD: /media/HDD/Projects/ExpDFS/graph_600_179700_UNIFORM_3713827327871807734.txt -> /home/shahbazk/Projects/DFS_Semi_Streaming/input/random_graphs/graph_600_179700_UNIFORM_3713827327871807734.txt (Time: 0.00s)
📦 COPIED from HDD: /media/HDD/Projects/ExpDFS/graph_600_179700_UNIFORM_6764066939395682287.txt -> /home/shahbazk/Projects/DFS_Semi_Streaming/input/random_graphs/graph_600_179700_UNIFORM_6764066939395682287.txt (Time: 0.00s)
📦 COPIED from HDD: /media/HDD/Projects/ExpDFS/graph_600_179700_UNIFORM_5108599054664628607.txt -> /home/shahbazk/Projects/DFS_Semi_Streaming/input/random_graphs/graph_600_179700_UNIFORM_5108599054664628607.txt (Time: 0.00s)
📦 COPIED from HDD: /media/HDD/Projects/ExpDFS/graph_600_179700_UNIFORM_9130666990809746335.txt -> /home/shahbazk/Projects/DFS_Semi_Streaming/input/random_graphs/graph_600_179700_UNIFORM_9130666990809746335.txt (Time: 0.00s)
📦 COPIED from HDD: /media/HDD/Projects/ExpDFS/graph_600_179700_UNIFORM_1458186392400727732.txt -> /home/shahbazk/Projects/DFS_Semi_Streaming/input/random_graphs/graph_600_179700_UNIFORM_1458186392400727732.txt (Time: 0.00s)
📦 COPIED from HDD: /media/HDD/Projects/ExpDFS/graph_600_179700_UNIFORM_7644420139408884785.txt -> /home/shahbazk/Projects/DFS_Semi_Streaming/input/random_graphs/graph_600_179700_UNIFORM_7644420139408884785.txt (Time: 0.00s)
📦 COPIED from HDD: /media/HDD/Projects/ExpDFS/graph_600_179700_UNIFORM_9060210648189963449.txt -> /home/shahbazk/Projects/DFS_Semi_Streaming/input/random_graphs/graph_600_179700_UNIFORM_9060210648189963449.txt (Time: 0.00s)
📦 COPIED from HDD: /media/HDD/Projects/ExpDFS/graph_600_179700_UNIFORM_1392892770529522614.txt -> /home/shahbazk/Projects/DFS_Semi_Streaming/input/random_graphs/graph_600_179700_UNIFORM_1392892770529522614.txt (Time: 0.00s)
📦 COPIED from HDD: /media/HDD/Projects/ExpDFS/graph_600_179700_UNIFORM_4250897495980125004.txt -> /home/shahbazk/Projects/DFS_Semi_Streaming/input/random_graphs/graph_600_179700_UNIFORM_4250897495980125004.txt (Time: 0.00s)
📦 COPIED from HDD: /media/HDD/Projects/ExpDFS/graph_600_179700_UNIFORM_2089506265998900862.txt -> /home/shahbazk/Projects/DFS_Semi_Streaming/input/random_graphs/graph_600_179700_UNIFORM_2089506265998900862.txt (Time: 0.00s)
📦 COPIED from HDD: /media/HDD/Projects/ExpDFS/graph_600_179700_UNIFORM_8794274795737982182.txt -> /home/shahbazk/Projects/DFS_Semi_Streaming/input/random_graphs/graph_600_179700_UNIFORM_8794274795737982182.txt (Time: 0.00s)
📦 COPIED from HDD: /media/HDD/Projects/ExpDFS/graph_600_179700_UNIFORM_5497874167834979553.txt -> /home/shahbazk/Projects/DFS_Semi_Streaming/input/random_graphs/graph_600_179700_UNIFORM_5497874167834979553.txt (Time: 0.00s)
📦 COPIED from HDD: /media/HDD/Projects/ExpDFS/graph_600_179700_UNIFORM_4060584409398689268.txt -> /home/shahbazk/Projects/DFS_Semi_Streaming/input/random_graphs/graph_600_179700_UNIFORM_4060584409398689268.txt (Time: 0.00s)
📦 COPIED from HDD: /media/HDD/Projects/ExpDFS/graph_600_179700_UNIFORM_1332005502874566195.txt -> /home/shahbazk/Projects/DFS_Semi_Streaming/input/random_graphs/graph_600_179700_UNIFORM_1332005502874566195.txt (Time: 0.00s)
📦 COPIED from HDD: /media/HDD/Projects/ExpDFS/graph_600_179700_UNIFORM_1722224698700348310.txt -> /home/shahbazk/Projects/DFS_Semi_Streaming/input/random_graphs/graph_600_179700_UNIFORM_1722224698700348310.txt (Time: 0.00s)
📦 COPIED from HDD: /media/HDD/Projects/ExpDFS/graph_600_179700_UNIFORM_8626102704817790064.txt -> /home/shahbazk/Projects/DFS_Semi_Streaming/input/random_graphs/graph_600_179700_UNIFORM_8626102704817790064.txt (Time: 0.00s)
📦 COPIED from HDD: /media/HDD/Projects/ExpDFS/graph_600_179700_UNIFORM_7905487461282246979.txt -> /home/shahbazk/Projects/DFS_Semi_Streaming/input/random_graphs/graph_600_179700_UNIFORM_7905487461282246979.txt (Time: 0.00s)
📦 COPIED from HDD: /media/HDD/Projects/ExpDFS/graph_600_179700_UNIFORM_8448596294177070022.txt -> /home/shahbazk/Projects/DFS_Semi_Streaming/input/random_graphs/graph_600_179700_UNIFORM_8448596294177070022.txt (Time: 0.00s)
📦 COPIED from HDD: /media/HDD/Projects/ExpDFS/graph_600_179700_UNIFORM_4795749165124911768.txt -> /home/shahbazk/Projects/DFS_Semi_Streaming/input/random_graphs/graph_600_179700_UNIFORM_4795749165124911768.txt (Time: 0.00s)
📦 COPIED from HDD: /media/HDD/Projects/ExpDFS/graph_600_179700_UNIFORM_4934890601268679176.txt -> /home/shahbazk/Projects/DFS_Semi_Streaming/input/random_graphs/graph_600_179700_UNIFORM_4934890601268679176.txt (Time: 0.00s)
📦 COPIED from HDD: /media/HDD/Projects/ExpDFS/graph_600_179700_UNIFORM_1992204328026194281.txt -> /home/shahbazk/Projects/DFS_Semi_Streaming/input/random_graphs/graph_600_179700_UNIFORM_1992204328026194281.txt (Time: 0.00s)
📦 COPIED from HDD: /media/HDD/Projects/ExpDFS/graph_600_179700_UNIFORM_7118744415197196276.txt -> /home/shahbazk/Projects/DFS_Semi_Streaming/input/random_graphs/graph_600_179700_UNIFORM_7118744415197196276.txt (Time: 0.00s)
📦 COPIED from HDD: /media/HDD/Projects/ExpDFS/graph_600_179700_UNIFORM_9059990922233379852.txt -> /home/shahbazk/Projects/DFS_Semi_Streaming/input/random_graphs/graph_600_179700_UNIFORM_9059990922233379852.txt (Time: 0.00s)
📦 COPIED from HDD: /media/HDD/Projects/ExpDFS/graph_600_179700_UNIFORM_2718103348384927511.txt -> /home/shahbazk/Projects/DFS_Semi_Streaming/input/random_graphs/graph_600_179700_UNIFORM_2718103348384927511.txt (Time: 0.00s)
📦 COPIED from HDD: /media/HDD/Projects/ExpDFS/graph_600_179700_UNIFORM_7449662661572224354.txt -> /home/shahbazk/Projects/DFS_Semi_Streaming/input/random_graphs/graph_600_179700_UNIFORM_7449662661572224354.txt (Time: 0.00s)
📦 COPIED from HDD: /media/HDD/Projects/ExpDFS/graph_600_179700_UNIFORM_8867616339855336876.txt -> /home/shahbazk/Projects/DFS_Semi_Streaming/input/random_graphs/graph_600_179700_UNIFORM_8867616339855336876.txt (Time: 0.00s)
📦 COPIED from HDD: /media/HDD/Projects/ExpDFS/graph_600_179700_UNIFORM_5894893360759659423.txt -> /home/shahbazk/Projects/DFS_Semi_Streaming/input/random_graphs/graph_600_179700_UNIFORM_5894893360759659423.txt (Time: 0.00s)
📦 COPIED from HDD: /media/HDD/Projects/ExpDFS/graph_600_179700_UNIFORM_3221421291694197220.txt -> /home/shahbazk/Projects/DFS_Semi_Streaming/input/random_graphs/graph_600_179700_UNIFORM_3221421291694197220.txt (Time: 0.00s)
📦 COPIED from HDD: /media/HDD/Projects/ExpDFS/graph_600_179700_UNIFORM_7983805977214098674.txt -> /home/shahbazk/Projects/DFS_Semi_Streaming/input/random_graphs/graph_600_179700_UNIFORM_7983805977214098674.txt (Time: 0.00s)
📦 COPIED from HDD: /media/HDD/Projects/ExpDFS/graph_600_179700_UNIFORM_4940913311242578590.txt -> /home/shahbazk/Projects/DFS_Semi_Streaming/input/random_graphs/graph_600_179700_UNIFORM_4940913311242578590.txt (Time: 0.00s)
📦 COPIED from HDD: /media/HDD/Projects/ExpDFS/graph_600_179700_UNIFORM_7632458674696225362.txt -> /home/shahbazk/Projects/DFS_Semi_Streaming/input/random_graphs/graph_600_179700_UNIFORM_7632458674696225362.txt (Time: 0.00s)
📦 COPIED from HDD: /media/HDD/Projects/ExpDFS/graph_600_179700_UNIFORM_2264398621601381987.txt -> /home/shahbazk/Projects/DFS_Semi_Streaming/input/random_graphs/graph_600_179700_UNIFORM_2264398621601381987.txt (Time: 0.00s)
📦 COPIED from HDD: /media/HDD/Projects/ExpDFS/graph_700_244650_UNIFORM_1070244953599069350.txt -> /home/shahbazk/Projects/DFS_Semi_Streaming/input/random_graphs/graph_700_244650_UNIFORM_1070244953599069350.txt (Time: 0.00s)
📦 COPIED from HDD: /media/HDD/Projects/ExpDFS/graph_700_244650_UNIFORM_1353182403971399009.txt -> /home/shahbazk/Projects/DFS_Semi_Streaming/input/random_graphs/graph_700_244650_UNIFORM_1353182403971399009.txt (Time: 0.00s)
📦 COPIED from HDD: /media/HDD/Projects/ExpDFS/graph_700_244650_UNIFORM_5739955973604961613.txt -> /home/shahbazk/Projects/DFS_Semi_Streaming/input/random_graphs/graph_700_244650_UNIFORM_5739955973604961613.txt (Time: 0.00s)
📦 COPIED from HDD: /media/HDD/Projects/ExpDFS/graph_700_244650_UNIFORM_6230961512046992311.txt -> /home/shahbazk/Projects/DFS_Semi_Streaming/input/random_graphs/graph_700_244650_UNIFORM_6230961512046992311.txt (Time: 0.00s)
📦 COPIED from HDD: /media/HDD/Projects/ExpDFS/graph_700_244650_UNIFORM_4040737767143389431.txt -> /home/shahbazk/Projects/DFS_Semi_Streaming/input/random_graphs/graph_700_244650_UNIFORM_4040737767143389431.txt (Time: 0.00s)
📦 COPIED from HDD: /media/HDD/Projects/ExpDFS/graph_700_244650_UNIFORM_6522163754831416203.txt -> /home/shahbazk/Projects/DFS_Semi_Streaming/input/random_graphs/graph_700_244650_UNIFORM_6522163754831416203.txt (Time: 0.00s)
📦 COPIED from HDD: /media/HDD/Projects/ExpDFS/graph_700_244650_UNIFORM_7032710160631691991.txt -> /home/shahbazk/Projects/DFS_Semi_Streaming/input/random_graphs/graph_700_244650_UNIFORM_7032710160631691991.txt (Time: 0.00s)
📦 COPIED from HDD: /media/HDD/Projects/ExpDFS/graph_700_244650_UNIFORM_7663871783842725848.txt -> /home/shahbazk/Projects/DFS_Semi_Streaming/input/random_graphs/graph_700_244650_UNIFORM_7663871783842725848.txt (Time: 0.00s)
📦 COPIED from HDD: /media/HDD/Projects/ExpDFS/graph_700_244650_UNIFORM_2429002973740178792.txt -> /home/shahbazk/Projects/DFS_Semi_Streaming/input/random_graphs/graph_700_244650_UNIFORM_2429002973740178792.txt (Time: 0.00s)
📦 COPIED from HDD: /media/HDD/Projects/ExpDFS/graph_700_244650_UNIFORM_7871178979383552919.txt -> /home/shahbazk/Projects/DFS_Semi_Streaming/input/random_graphs/graph_700_244650_UNIFORM_7871178979383552919.txt (Time: 0.00s)
📦 COPIED from HDD: /media/HDD/Projects/ExpDFS/graph_700_244650_UNIFORM_6938562734920028532.txt -> /home/shahbazk/Projects/DFS_Semi_Streaming/input/random_graphs/graph_700_244650_UNIFORM_6938562734920028532.txt (Time: 0.00s)
📦 COPIED from HDD: /media/HDD/Projects/ExpDFS/graph_700_244650_UNIFORM_320375091487821987.txt -> /home/shahbazk/Projects/DFS_Semi_Streaming/input/random_graphs/graph_700_244650_UNIFORM_320375091487821987.txt (Time: 0.00s)
📦 COPIED from HDD: /media/HDD/Projects/ExpDFS/graph_700_244650_UNIFORM_5142811650494845597.txt -> /home/shahbazk/Projects/DFS_Semi_Streaming/input/random_graphs/graph_700_244650_UNIFORM_5142811650494845597.txt (Time: 0.00s)
📦 COPIED from HDD: /media/HDD/Projects/ExpDFS/graph_700_244650_UNIFORM_7599700178212337699.txt -> /home/shahbazk/Projects/DFS_Semi_Streaming/input/random_graphs/graph_700_244650_UNIFORM_7599700178212337699.txt (Time: 0.00s)
📦 COPIED from HDD: /media/HDD/Projects/ExpDFS/graph_700_244650_UNIFORM_7146860528564146064.txt -> /home/shahbazk/Projects/DFS_Semi_Streaming/input/random_graphs/graph_700_244650_UNIFORM_7146860528564146064.txt (Time: 0.00s)
📦 COPIED from HDD: /media/HDD/Projects/ExpDFS/graph_700_244650_UNIFORM_1309542850049879452.txt -> /home/shahbazk/Projects/DFS_Semi_Streaming/input/random_graphs/graph_700_244650_UNIFORM_1309542850049879452.txt (Time: 0.00s)
📦 COPIED from HDD: /media/HDD/Projects/ExpDFS/graph_700_244650_UNIFORM_6002685213311538187.txt -> /home/shahbazk/Projects/DFS_Semi_Streaming/input/random_graphs/graph_700_244650_UNIFORM_6002685213311538187.txt (Time: 0.00s)
📦 COPIED from HDD: /media/HDD/Projects/ExpDFS/graph_700_244650_UNIFORM_3438400432146115956.txt -> /home/shahbazk/Projects/DFS_Semi_Streaming/input/random_graphs/graph_700_244650_UNIFORM_3438400432146115956.txt (Time: 0.00s)
📦 COPIED from HDD: /media/HDD/Projects/ExpDFS/graph_700_244650_UNIFORM_1250773459040295677.txt -> /home/shahbazk/Projects/DFS_Semi_Streaming/input/random_graphs/graph_700_244650_UNIFORM_1250773459040295677.txt (Time: 0.00s)
📦 COPIED from HDD: /media/HDD/Projects/ExpDFS/graph_700_244650_UNIFORM_5139481885857321791.txt -> /home/shahbazk/Projects/DFS_Semi_Streaming/input/random_graphs/graph_700_244650_UNIFORM_5139481885857321791.txt (Time: 0.00s)
📦 COPIED from HDD: /media/HDD/Projects/ExpDFS/graph_700_244650_UNIFORM_5906957480796939447.txt -> /home/shahbazk/Projects/DFS_Semi_Streaming/input/random_graphs/graph_700_244650_UNIFORM_5906957480796939447.txt (Time: 0.00s)
📦 COPIED from HDD: /media/HDD/Projects/ExpDFS/graph_700_244650_UNIFORM_1250005700364523649.txt -> /home/shahbazk/Projects/DFS_Semi_Streaming/input/random_graphs/graph_700_244650_UNIFORM_1250005700364523649.txt (Time: 0.00s)
📦 COPIED from HDD: /media/HDD/Projects/ExpDFS/graph_700_244650_UNIFORM_7473196763798409428.txt -> /home/shahbazk/Projects/DFS_Semi_Streaming/input/random_graphs/graph_700_244650_UNIFORM_7473196763798409428.txt (Time: 0.00s)
📦 COPIED from HDD: /media/HDD/Projects/ExpDFS/graph_700_244650_UNIFORM_3881801951614183357.txt -> /home/shahbazk/Projects/DFS_Semi_Streaming/input/random_graphs/graph_700_244650_UNIFORM_3881801951614183357.txt (Time: 0.00s)
📦 COPIED from HDD: /media/HDD/Projects/ExpDFS/graph_700_244650_UNIFORM_5708372698381010775.txt -> /home/shahbazk/Projects/DFS_Semi_Streaming/input/random_graphs/graph_700_244650_UNIFORM_5708372698381010775.txt (Time: 0.00s)
📦 COPIED from HDD: /media/HDD/Projects/ExpDFS/graph_700_244650_UNIFORM_521787134863155063.txt -> /home/shahbazk/Projects/DFS_Semi_Streaming/input/random_graphs/graph_700_244650_UNIFORM_521787134863155063.txt (Time: 0.00s)
📦 COPIED from HDD: /media/HDD/Projects/ExpDFS/graph_700_244650_UNIFORM_3010622984418968408.txt -> /home/shahbazk/Projects/DFS_Semi_Streaming/input/random_graphs/graph_700_244650_UNIFORM_3010622984418968408.txt (Time: 0.00s)
📦 COPIED from HDD: /media/HDD/Projects/ExpDFS/graph_700_244650_UNIFORM_1731523882129807996.txt -> /home/shahbazk/Projects/DFS_Semi_Streaming/input/random_graphs/graph_700_244650_UNIFORM_1731523882129807996.txt (Time: 0.00s)
📦 COPIED from HDD: /media/HDD/Projects/ExpDFS/graph_700_244650_UNIFORM_1853590723603270879.txt -> /home/shahbazk/Projects/DFS_Semi_Streaming/input/random_graphs/graph_700_244650_UNIFORM_1853590723603270879.txt (Time: 0.00s)
📦 COPIED from HDD: /media/HDD/Projects/ExpDFS/graph_700_244650_UNIFORM_7029781962072644698.txt -> /home/shahbazk/Projects/DFS_Semi_Streaming/input/random_graphs/graph_700_244650_UNIFORM_7029781962072644698.txt (Time: 0.00s)
📦 COPIED from HDD: /media/HDD/Projects/ExpDFS/graph_700_244650_UNIFORM_6785030173969523435.txt -> /home/shahbazk/Projects/DFS_Semi_Streaming/input/random_graphs/graph_700_244650_UNIFORM_6785030173969523435.txt (Time: 0.00s)
📦 COPIED from HDD: /media/HDD/Projects/ExpDFS/graph_700_244650_UNIFORM_5529616217668449934.txt -> /home/shahbazk/Projects/DFS_Semi_Streaming/input/random_graphs/graph_700_244650_UNIFORM_5529616217668449934.txt (Time: 0.00s)
📦 COPIED from HDD: /media/HDD/Projects/ExpDFS/graph_700_244650_UNIFORM_3224265581699847191.txt -> /home/shahbazk/Projects/DFS_Semi_Streaming/input/random_graphs/graph_700_244650_UNIFORM_3224265581699847191.txt (Time: 0.00s)
📦 COPIED from HDD: /media/HDD/Projects/ExpDFS/graph_700_244650_UNIFORM_1024517563182776983.txt -> /home/shahbazk/Projects/DFS_Semi_Streaming/input/random_graphs/graph_700_244650_UNIFORM_1024517563182776983.txt (Time: 0.00s)
📦 COPIED from HDD: /media/HDD/Projects/ExpDFS/graph_700_244650_UNIFORM_5258051056098597521.txt -> /home/shahbazk/Projects/DFS_Semi_Streaming/input/random_graphs/graph_700_244650_UNIFORM_5258051056098597521.txt (Time: 0.00s)
📦 COPIED from HDD: /media/HDD/Projects/ExpDFS/graph_700_244650_UNIFORM_4122784633514911760.txt -> /home/shahbazk/Projects/DFS_Semi_Streaming/input/random_graphs/graph_700_244650_UNIFORM_4122784633514911760.txt (Time: 0.00s)
📦 COPIED from HDD: /media/HDD/Projects/ExpDFS/graph_700_244650_UNIFORM_1647170069535670909.txt -> /home/shahbazk/Projects/DFS_Semi_Streaming/input/random_graphs/graph_700_244650_UNIFORM_1647170069535670909.txt (Time: 0.00s)
📦 COPIED from HDD: /media/HDD/Projects/ExpDFS/graph_700_244650_UNIFORM_824387247617288499.txt -> /home/shahbazk/Projects/DFS_Semi_Streaming/input/random_graphs/graph_700_244650_UNIFORM_824387247617288499.txt (Time: 0.00s)
📦 COPIED from HDD: /media/HDD/Projects/ExpDFS/graph_700_244650_UNIFORM_7706236040662210848.txt -> /home/shahbazk/Projects/DFS_Semi_Streaming/input/random_graphs/graph_700_244650_UNIFORM_7706236040662210848.txt (Time: 0.00s)
📦 COPIED from HDD: /media/HDD/Projects/ExpDFS/graph_700_244650_UNIFORM_1632192924771168275.txt -> /home/shahbazk/Projects/DFS_Semi_Streaming/input/random_graphs/graph_700_244650_UNIFORM_1632192924771168275.txt (Time: 0.00s)
📦 COPIED from HDD: /media/HDD/Projects/ExpDFS/graph_700_244650_UNIFORM_7161906730445628483.txt -> /home/shahbazk/Projects/DFS_Semi_Streaming/input/random_graphs/graph_700_244650_UNIFORM_7161906730445628483.txt (Time: 0.00s)
📦 COPIED from HDD: /media/HDD/Projects/ExpDFS/graph_700_244650_UNIFORM_8031431416522537101.txt -> /home/shahbazk/Projects/DFS_Semi_Streaming/input/random_graphs/graph_700_244650_UNIFORM_8031431416522537101.txt (Time: 0.00s)
📦 COPIED from HDD: /media/HDD/Projects/ExpDFS/graph_700_244650_UNIFORM_3272308573967577038.txt -> /home/shahbazk/Projects/DFS_Semi_Streaming/input/random_graphs/graph_700_244650_UNIFORM_3272308573967577038.txt (Time: 0.00s)
📦 COPIED from HDD: /media/HDD/Projects/ExpDFS/graph_700_244650_UNIFORM_5349491008325879064.txt -> /home/shahbazk/Projects/DFS_Semi_Streaming/input/random_graphs/graph_700_244650_UNIFORM_5349491008325879064.txt (Time: 0.00s)
📦 COPIED from HDD: /media/HDD/Projects/ExpDFS/graph_700_244650_UNIFORM_7938560551762094560.txt -> /home/shahbazk/Projects/DFS_Semi_Streaming/input/random_graphs/graph_700_244650_UNIFORM_7938560551762094560.txt (Time: 0.00s)
📦 COPIED from HDD: /media/HDD/Projects/ExpDFS/graph_700_244650_UNIFORM_716820155901718944.txt -> /home/shahbazk/Projects/DFS_Semi_Streaming/input/random_graphs/graph_700_244650_UNIFORM_716820155901718944.txt (Time: 0.00s)
📦 COPIED from HDD: /media/HDD/Projects/ExpDFS/graph_700_244650_UNIFORM_3865339568260874865.txt -> /home/shahbazk/Projects/DFS_Semi_Streaming/input/random_graphs/graph_700_244650_UNIFORM_3865339568260874865.txt (Time: 0.00s)
📦 COPIED from HDD: /media/HDD/Projects/ExpDFS/graph_700_244650_UNIFORM_6614505080519948832.txt -> /home/shahbazk/Projects/DFS_Semi_Streaming/input/random_graphs/graph_700_244650_UNIFORM_6614505080519948832.txt (Time: 0.00s)
📦 COPIED from HDD: /media/HDD/Projects/ExpDFS/graph_700_244650_UNIFORM_7917045922527545890.txt -> /home/shahbazk/Projects/DFS_Semi_Streaming/input/random_graphs/graph_700_244650_UNIFORM_7917045922527545890.txt (Time: 0.00s)
📦 COPIED from HDD: /media/HDD/Projects/ExpDFS/graph_700_244650_UNIFORM_4445925461710302877.txt -> /home/shahbazk/Projects/DFS_Semi_Streaming/input/random_graphs/graph_700_244650_UNIFORM_4445925461710302877.txt (Time: 0.00s)
📦 COPIED from HDD: /media/HDD/Projects/ExpDFS/graph_700_244650_UNIFORM_6802378520969450157.txt -> /home/shahbazk/Projects/DFS_Semi_Streaming/input/random_graphs/graph_700_244650_UNIFORM_6802378520969450157.txt (Time: 0.00s)
📦 COPIED from HDD: /media/HDD/Projects/ExpDFS/graph_700_244650_UNIFORM_6224222471595207695.txt -> /home/shahbazk/Projects/DFS_Semi_Streaming/input/random_graphs/graph_700_244650_UNIFORM_6224222471595207695.txt (Time: 0.00s)
📦 COPIED from HDD: /media/HDD/Projects/ExpDFS/graph_700_244650_UNIFORM_8718380604043999642.txt -> /home/shahbazk/Projects/DFS_Semi_Streaming/input/random_graphs/graph_700_244650_UNIFORM_8718380604043999642.txt (Time: 0.00s)
📦 COPIED from HDD: /media/HDD/Projects/ExpDFS/graph_700_244650_UNIFORM_1128313391724783137.txt -> /home/shahbazk/Projects/DFS_Semi_Streaming/input/random_graphs/graph_700_244650_UNIFORM_1128313391724783137.txt (Time: 0.00s)
📦 COPIED from HDD: /media/HDD/Projects/ExpDFS/graph_700_244650_UNIFORM_5636411189175451024.txt -> /home/shahbazk/Projects/DFS_Semi_Streaming/input/random_graphs/graph_700_244650_UNIFORM_5636411189175451024.txt (Time: 0.00s)
📦 COPIED from HDD: /media/HDD/Projects/ExpDFS/graph_700_244650_UNIFORM_6143643868734370809.txt -> /home/shahbazk/Projects/DFS_Semi_Streaming/input/random_graphs/graph_700_244650_UNIFORM_6143643868734370809.txt (Time: 0.00s)
📦 COPIED from HDD: /media/HDD/Projects/ExpDFS/graph_700_244650_UNIFORM_4552998297316576788.txt -> /home/shahbazk/Projects/DFS_Semi_Streaming/input/random_graphs/graph_700_244650_UNIFORM_4552998297316576788.txt (Time: 0.00s)
📦 COPIED from HDD: /media/HDD/Projects/ExpDFS/graph_700_244650_UNIFORM_3817405844514670994.txt -> /home/shahbazk/Projects/DFS_Semi_Streaming/input/random_graphs/graph_700_244650_UNIFORM_3817405844514670994.txt (Time: 0.00s)
📦 COPIED from HDD: /media/HDD/Projects/ExpDFS/graph_700_244650_UNIFORM_8446481348147407377.txt -> /home/shahbazk/Projects/DFS_Semi_Streaming/input/random_graphs/graph_700_244650_UNIFORM_8446481348147407377.txt (Time: 0.00s)
📦 COPIED from HDD: /media/HDD/Projects/ExpDFS/graph_700_244650_UNIFORM_7921282862123281598.txt -> /home/shahbazk/Projects/DFS_Semi_Streaming/input/random_graphs/graph_700_244650_UNIFORM_7921282862123281598.txt (Time: 0.00s)
📦 COPIED from HDD: /media/HDD/Projects/ExpDFS/graph_700_244650_UNIFORM_6529943913552561417.txt -> /home/shahbazk/Projects/DFS_Semi_Streaming/input/random_graphs/graph_700_244650_UNIFORM_6529943913552561417.txt (Time: 0.00s)
📦 COPIED from HDD: /media/HDD/Projects/ExpDFS/graph_700_244650_UNIFORM_6022436717541034636.txt -> /home/shahbazk/Projects/DFS_Semi_Streaming/input/random_graphs/graph_700_244650_UNIFORM_6022436717541034636.txt (Time: 0.00s)
📦 COPIED from HDD: /media/HDD/Projects/ExpDFS/graph_700_244650_UNIFORM_4997514996153925447.txt -> /home/shahbazk/Projects/DFS_Semi_Streaming/input/random_graphs/graph_700_244650_UNIFORM_4997514996153925447.txt (Time: 0.00s)
📦 COPIED from HDD: /media/HDD/Projects/ExpDFS/graph_700_244650_UNIFORM_5063475852268941542.txt -> /home/shahbazk/Projects/DFS_Semi_Streaming/input/random_graphs/graph_700_244650_UNIFORM_5063475852268941542.txt (Time: 0.00s)
📦 COPIED from HDD: /media/HDD/Projects/ExpDFS/graph_700_244650_UNIFORM_1170385908854608748.txt -> /home/shahbazk/Projects/DFS_Semi_Streaming/input/random_graphs/graph_700_244650_UNIFORM_1170385908854608748.txt (Time: 0.00s)
📦 COPIED from HDD: /media/HDD/Projects/ExpDFS/graph_700_244650_UNIFORM_2909934787168262407.txt -> /home/shahbazk/Projects/DFS_Semi_Streaming/input/random_graphs/graph_700_244650_UNIFORM_2909934787168262407.txt (Time: 0.00s)
📦 COPIED from HDD: /media/HDD/Projects/ExpDFS/graph_700_244650_UNIFORM_199422815561151340.txt -> /home/shahbazk/Projects/DFS_Semi_Streaming/input/random_graphs/graph_700_244650_UNIFORM_199422815561151340.txt (Time: 0.00s)
📦 COPIED from HDD: /media/HDD/Projects/ExpDFS/graph_700_244650_UNIFORM_3713827327871807734.txt -> /home/shahbazk/Projects/DFS_Semi_Streaming/input/random_graphs/graph_700_244650_UNIFORM_3713827327871807734.txt (Time: 0.00s)
📦 COPIED from HDD: /media/HDD/Projects/ExpDFS/graph_700_244650_UNIFORM_175493991617213850.txt -> /home/shahbazk/Projects/DFS_Semi_Streaming/input/random_graphs/graph_700_244650_UNIFORM_175493991617213850.txt (Time: 0.00s)
📦 COPIED from HDD: /media/HDD/Projects/ExpDFS/graph_700_244650_UNIFORM_5108599054664628607.txt -> /home/shahbazk/Projects/DFS_Semi_Streaming/input/random_graphs/graph_700_244650_UNIFORM_5108599054664628607.txt (Time: 0.00s)
📦 COPIED from HDD: /media/HDD/Projects/ExpDFS/graph_700_244650_UNIFORM_6764066939395682287.txt -> /home/shahbazk/Projects/DFS_Semi_Streaming/input/random_graphs/graph_700_244650_UNIFORM_6764066939395682287.txt (Time: 0.00s)
📦 COPIED from HDD: /media/HDD/Projects/ExpDFS/graph_700_244650_UNIFORM_9130666990809746335.txt -> /home/shahbazk/Projects/DFS_Semi_Streaming/input/random_graphs/graph_700_244650_UNIFORM_9130666990809746335.txt (Time: 0.00s)
📦 COPIED from HDD: /media/HDD/Projects/ExpDFS/graph_700_244650_UNIFORM_1458186392400727732.txt -> /home/shahbazk/Projects/DFS_Semi_Streaming/input/random_graphs/graph_700_244650_UNIFORM_1458186392400727732.txt (Time: 0.00s)
📦 COPIED from HDD: /media/HDD/Projects/ExpDFS/graph_700_244650_UNIFORM_7644420139408884785.txt -> /home/shahbazk/Projects/DFS_Semi_Streaming/input/random_graphs/graph_700_244650_UNIFORM_7644420139408884785.txt (Time: 0.00s)
📦 COPIED from HDD: /media/HDD/Projects/ExpDFS/graph_700_244650_UNIFORM_4250897495980125004.txt -> /home/shahbazk/Projects/DFS_Semi_Streaming/input/random_graphs/graph_700_244650_UNIFORM_4250897495980125004.txt (Time: 0.00s)
📦 COPIED from HDD: /media/HDD/Projects/ExpDFS/graph_700_244650_UNIFORM_1332005502874566195.txt -> /home/shahbazk/Projects/DFS_Semi_Streaming/input/random_graphs/graph_700_244650_UNIFORM_1332005502874566195.txt (Time: 0.00s)
📦 COPIED from HDD: /media/HDD/Projects/ExpDFS/graph_700_244650_UNIFORM_9060210648189963449.txt -> /home/shahbazk/Projects/DFS_Semi_Streaming/input/random_graphs/graph_700_244650_UNIFORM_9060210648189963449.txt (Time: 0.00s)
📦 COPIED from HDD: /media/HDD/Projects/ExpDFS/graph_700_244650_UNIFORM_8626102704817790064.txt -> /home/shahbazk/Projects/DFS_Semi_Streaming/input/random_graphs/graph_700_244650_UNIFORM_8626102704817790064.txt (Time: 0.00s)
📦 COPIED from HDD: /media/HDD/Projects/ExpDFS/graph_700_244650_UNIFORM_1722224698700348310.txt -> /home/shahbazk/Projects/DFS_Semi_Streaming/input/random_graphs/graph_700_244650_UNIFORM_1722224698700348310.txt (Time: 0.00s)
📦 COPIED from HDD: /media/HDD/Projects/ExpDFS/graph_700_244650_UNIFORM_8794274795737982182.txt -> /home/shahbazk/Projects/DFS_Semi_Streaming/input/random_graphs/graph_700_244650_UNIFORM_8794274795737982182.txt (Time: 0.00s)
📦 COPIED from HDD: /media/HDD/Projects/ExpDFS/graph_700_244650_UNIFORM_1392892770529522614.txt -> /home/shahbazk/Projects/DFS_Semi_Streaming/input/random_graphs/graph_700_244650_UNIFORM_1392892770529522614.txt (Time: 0.00s)
📦 COPIED from HDD: /media/HDD/Projects/ExpDFS/graph_700_244650_UNIFORM_4795749165124911768.txt -> /home/shahbazk/Projects/DFS_Semi_Streaming/input/random_graphs/graph_700_244650_UNIFORM_4795749165124911768.txt (Time: 0.00s)
📦 COPIED from HDD: /media/HDD/Projects/ExpDFS/graph_700_244650_UNIFORM_5497874167834979553.txt -> /home/shahbazk/Projects/DFS_Semi_Streaming/input/random_graphs/graph_700_244650_UNIFORM_5497874167834979553.txt (Time: 0.00s)
📦 COPIED from HDD: /media/HDD/Projects/ExpDFS/graph_700_244650_UNIFORM_4060584409398689268.txt -> /home/shahbazk/Projects/DFS_Semi_Streaming/input/random_graphs/graph_700_244650_UNIFORM_4060584409398689268.txt (Time: 0.00s)
📦 COPIED from HDD: /media/HDD/Projects/ExpDFS/graph_700_244650_UNIFORM_2089506265998900862.txt -> /home/shahbazk/Projects/DFS_Semi_Streaming/input/random_graphs/graph_700_244650_UNIFORM_2089506265998900862.txt (Time: 0.00s)
📦 COPIED from HDD: /media/HDD/Projects/ExpDFS/graph_700_244650_UNIFORM_7905487461282246979.txt -> /home/shahbazk/Projects/DFS_Semi_Streaming/input/random_graphs/graph_700_244650_UNIFORM_7905487461282246979.txt (Time: 0.00s)
📦 COPIED from HDD: /media/HDD/Projects/ExpDFS/graph_700_244650_UNIFORM_4934890601268679176.txt -> /home/shahbazk/Projects/DFS_Semi_Streaming/input/random_graphs/graph_700_244650_UNIFORM_4934890601268679176.txt (Time: 0.00s)
📦 COPIED from HDD: /media/HDD/Projects/ExpDFS/graph_700_244650_UNIFORM_7449662661572224354.txt -> /home/shahbazk/Projects/DFS_Semi_Streaming/input/random_graphs/graph_700_244650_UNIFORM_7449662661572224354.txt (Time: 0.00s)
📦 COPIED from HDD: /media/HDD/Projects/ExpDFS/graph_700_244650_UNIFORM_7118744415197196276.txt -> /home/shahbazk/Projects/DFS_Semi_Streaming/input/random_graphs/graph_700_244650_UNIFORM_7118744415197196276.txt (Time: 0.00s)
📦 COPIED from HDD: /media/HDD/Projects/ExpDFS/graph_700_244650_UNIFORM_8448596294177070022.txt -> /home/shahbazk/Projects/DFS_Semi_Streaming/input/random_graphs/graph_700_244650_UNIFORM_8448596294177070022.txt (Time: 0.00s)
📦 COPIED from HDD: /media/HDD/Projects/ExpDFS/graph_700_244650_UNIFORM_8867616339855336876.txt -> /home/shahbazk/Projects/DFS_Semi_Streaming/input/random_graphs/graph_700_244650_UNIFORM_8867616339855336876.txt (Time: 0.00s)
📦 COPIED from HDD: /media/HDD/Projects/ExpDFS/graph_700_244650_UNIFORM_7983805977214098674.txt -> /home/shahbazk/Projects/DFS_Semi_Streaming/input/random_graphs/graph_700_244650_UNIFORM_7983805977214098674.txt (Time: 0.00s)
📦 COPIED from HDD: /media/HDD/Projects/ExpDFS/graph_700_244650_UNIFORM_3221421291694197220.txt -> /home/shahbazk/Projects/DFS_Semi_Streaming/input/random_graphs/graph_700_244650_UNIFORM_3221421291694197220.txt (Time: 0.00s)
📦 COPIED from HDD: /media/HDD/Projects/ExpDFS/graph_700_244650_UNIFORM_2718103348384927511.txt -> /home/shahbazk/Projects/DFS_Semi_Streaming/input/random_graphs/graph_700_244650_UNIFORM_2718103348384927511.txt (Time: 0.00s)
📦 COPIED from HDD: /media/HDD/Projects/ExpDFS/graph_800_319600_UNIFORM_6230961512046992311.txt -> /home/shahbazk/Projects/DFS_Semi_Streaming/input/random_graphs/graph_800_319600_UNIFORM_6230961512046992311.txt (Time: 0.00s)
📦 COPIED from HDD: /media/HDD/Projects/ExpDFS/graph_700_244650_UNIFORM_1992204328026194281.txt -> /home/shahbazk/Projects/DFS_Semi_Streaming/input/random_graphs/graph_700_244650_UNIFORM_1992204328026194281.txt (Time: 0.00s)
📦 COPIED from HDD: /media/HDD/Projects/ExpDFS/graph_700_244650_UNIFORM_7632458674696225362.txt -> /home/shahbazk/Projects/DFS_Semi_Streaming/input/random_graphs/graph_700_244650_UNIFORM_7632458674696225362.txt (Time: 0.00s)
📦 COPIED from HDD: /media/HDD/Projects/ExpDFS/graph_700_244650_UNIFORM_5894893360759659423.txt -> /home/shahbazk/Projects/DFS_Semi_Streaming/input/random_graphs/graph_700_244650_UNIFORM_5894893360759659423.txt (Time: 0.00s)
📦 COPIED from HDD: /media/HDD/Projects/ExpDFS/graph_700_244650_UNIFORM_9059990922233379852.txt -> /home/shahbazk/Projects/DFS_Semi_Streaming/input/random_graphs/graph_700_244650_UNIFORM_9059990922233379852.txt (Time: 0.00s)
📦 COPIED from HDD: /media/HDD/Projects/ExpDFS/graph_800_319600_UNIFORM_3881801951614183357.txt -> /home/shahbazk/Projects/DFS_Semi_Streaming/input/random_graphs/graph_800_319600_UNIFORM_3881801951614183357.txt (Time: 0.08s)
📦 COPIED from HDD: /media/HDD/Projects/ExpDFS/graph_800_319600_UNIFORM_7663871783842725848.txt -> /home/shahbazk/Projects/DFS_Semi_Streaming/input/random_graphs/graph_800_319600_UNIFORM_7663871783842725848.txt (Time: 0.00s)
📦 COPIED from HDD: /media/HDD/Projects/ExpDFS/graph_800_319600_UNIFORM_2429002973740178792.txt -> /home/shahbazk/Projects/DFS_Semi_Streaming/input/random_graphs/graph_800_319600_UNIFORM_2429002973740178792.txt (Time: 0.00s)
📦 COPIED from HDD: /media/HDD/Projects/ExpDFS/graph_800_319600_UNIFORM_1353182403971399009.txt -> /home/shahbazk/Projects/DFS_Semi_Streaming/input/random_graphs/graph_800_319600_UNIFORM_1353182403971399009.txt (Time: 0.00s)
📦 COPIED from HDD: /media/HDD/Projects/ExpDFS/graph_800_319600_UNIFORM_320375091487821987.txt -> /home/shahbazk/Projects/DFS_Semi_Streaming/input/random_graphs/graph_800_319600_UNIFORM_320375091487821987.txt (Time: 0.00s)
📦 COPIED from HDD: /media/HDD/Projects/ExpDFS/graph_800_319600_UNIFORM_5906957480796939447.txt -> /home/shahbazk/Projects/DFS_Semi_Streaming/input/random_graphs/graph_800_319600_UNIFORM_5906957480796939447.txt (Time: 0.00s)
📦 COPIED from HDD: /media/HDD/Projects/ExpDFS/graph_800_319600_UNIFORM_1250005700364523649.txt -> /home/shahbazk/Projects/DFS_Semi_Streaming/input/random_graphs/graph_800_319600_UNIFORM_1250005700364523649.txt (Time: 0.00s)
📦 COPIED from HDD: /media/HDD/Projects/ExpDFS/graph_700_244650_UNIFORM_2264398621601381987.txt -> /home/shahbazk/Projects/DFS_Semi_Streaming/input/random_graphs/graph_700_244650_UNIFORM_2264398621601381987.txt (Time: 0.00s)
📦 COPIED from HDD: /media/HDD/Projects/ExpDFS/graph_800_319600_UNIFORM_1070244953599069350.txt -> /home/shahbazk/Projects/DFS_Semi_Streaming/input/random_graphs/graph_800_319600_UNIFORM_1070244953599069350.txt (Time: 0.00s)
📦 COPIED from HDD: /media/HDD/Projects/ExpDFS/graph_800_319600_UNIFORM_7871178979383552919.txt -> /home/shahbazk/Projects/DFS_Semi_Streaming/input/random_graphs/graph_800_319600_UNIFORM_7871178979383552919.txt (Time: 0.00s)
📦 COPIED from HDD: /media/HDD/Projects/ExpDFS/graph_800_319600_UNIFORM_7032710160631691991.txt -> /home/shahbazk/Projects/DFS_Semi_Streaming/input/random_graphs/graph_800_319600_UNIFORM_7032710160631691991.txt (Time: 0.00s)
📦 COPIED from HDD: /media/HDD/Projects/ExpDFS/graph_800_319600_UNIFORM_5739955973604961613.txt -> /home/shahbazk/Projects/DFS_Semi_Streaming/input/random_graphs/graph_800_319600_UNIFORM_5739955973604961613.txt (Time: 0.00s)
📦 COPIED from HDD: /media/HDD/Projects/ExpDFS/graph_800_319600_UNIFORM_4040737767143389431.txt -> /home/shahbazk/Projects/DFS_Semi_Streaming/input/random_graphs/graph_800_319600_UNIFORM_4040737767143389431.txt (Time: 0.00s)
📦 COPIED from HDD: /media/HDD/Projects/ExpDFS/graph_800_319600_UNIFORM_1250773459040295677.txt -> /home/shahbazk/Projects/DFS_Semi_Streaming/input/random_graphs/graph_800_319600_UNIFORM_1250773459040295677.txt (Time: 0.00s)
📦 COPIED from HDD: /media/HDD/Projects/ExpDFS/graph_800_319600_UNIFORM_3438400432146115956.txt -> /home/shahbazk/Projects/DFS_Semi_Streaming/input/random_graphs/graph_800_319600_UNIFORM_3438400432146115956.txt (Time: 0.00s)
📦 COPIED from HDD: /media/HDD/Projects/ExpDFS/graph_700_244650_UNIFORM_4940913311242578590.txt -> /home/shahbazk/Projects/DFS_Semi_Streaming/input/random_graphs/graph_700_244650_UNIFORM_4940913311242578590.txt (Time: 0.00s)
📦 COPIED from HDD: /media/HDD/Projects/ExpDFS/graph_800_319600_UNIFORM_7599700178212337699.txt -> /home/shahbazk/Projects/DFS_Semi_Streaming/input/random_graphs/graph_800_319600_UNIFORM_7599700178212337699.txt (Time: 0.00s)
📦 COPIED from HDD: /media/HDD/Projects/ExpDFS/graph_800_319600_UNIFORM_6522163754831416203.txt -> /home/shahbazk/Projects/DFS_Semi_Streaming/input/random_graphs/graph_800_319600_UNIFORM_6522163754831416203.txt (Time: 0.00s)
📦 COPIED from HDD: /media/HDD/Projects/ExpDFS/graph_800_319600_UNIFORM_1309542850049879452.txt -> /home/shahbazk/Projects/DFS_Semi_Streaming/input/random_graphs/graph_800_319600_UNIFORM_1309542850049879452.txt (Time: 0.00s)
📦 COPIED from HDD: /media/HDD/Projects/ExpDFS/graph_800_319600_UNIFORM_7146860528564146064.txt -> /home/shahbazk/Projects/DFS_Semi_Streaming/input/random_graphs/graph_800_319600_UNIFORM_7146860528564146064.txt (Time: 0.00s)
📦 COPIED from HDD: /media/HDD/Projects/ExpDFS/graph_800_319600_UNIFORM_6938562734920028532.txt -> /home/shahbazk/Projects/DFS_Semi_Streaming/input/random_graphs/graph_800_319600_UNIFORM_6938562734920028532.txt (Time: 0.00s)
📦 COPIED from HDD: /media/HDD/Projects/ExpDFS/graph_800_319600_UNIFORM_5142811650494845597.txt -> /home/shahbazk/Projects/DFS_Semi_Streaming/input/random_graphs/graph_800_319600_UNIFORM_5142811650494845597.txt (Time: 0.00s)
📦 COPIED from HDD: /media/HDD/Projects/ExpDFS/graph_800_319600_UNIFORM_5139481885857321791.txt -> /home/shahbazk/Projects/DFS_Semi_Streaming/input/random_graphs/graph_800_319600_UNIFORM_5139481885857321791.txt (Time: 0.00s)
📦 COPIED from HDD: /media/HDD/Projects/ExpDFS/graph_800_319600_UNIFORM_3010622984418968408.txt -> /home/shahbazk/Projects/DFS_Semi_Streaming/input/random_graphs/graph_800_319600_UNIFORM_3010622984418968408.txt (Time: 0.00s)
📦 COPIED from HDD: /media/HDD/Projects/ExpDFS/graph_800_319600_UNIFORM_7473196763798409428.txt -> /home/shahbazk/Projects/DFS_Semi_Streaming/input/random_graphs/graph_800_319600_UNIFORM_7473196763798409428.txt (Time: 0.00s)
📦 COPIED from HDD: /media/HDD/Projects/ExpDFS/graph_800_319600_UNIFORM_6002685213311538187.txt -> /home/shahbazk/Projects/DFS_Semi_Streaming/input/random_graphs/graph_800_319600_UNIFORM_6002685213311538187.txt (Time: 0.00s)
📦 COPIED from HDD: /media/HDD/Projects/ExpDFS/graph_800_319600_UNIFORM_1731523882129807996.txt -> /home/shahbazk/Projects/DFS_Semi_Streaming/input/random_graphs/graph_800_319600_UNIFORM_1731523882129807996.txt (Time: 0.00s)
📦 COPIED from HDD: /media/HDD/Projects/ExpDFS/graph_800_319600_UNIFORM_1853590723603270879.txt -> /home/shahbazk/Projects/DFS_Semi_Streaming/input/random_graphs/graph_800_319600_UNIFORM_1853590723603270879.txt (Time: 0.00s)
📦 COPIED from HDD: /media/HDD/Projects/ExpDFS/graph_800_319600_UNIFORM_521787134863155063.txt -> /home/shahbazk/Projects/DFS_Semi_Streaming/input/random_graphs/graph_800_319600_UNIFORM_521787134863155063.txt (Time: 0.00s)
📦 COPIED from HDD: /media/HDD/Projects/ExpDFS/graph_800_319600_UNIFORM_7029781962072644698.txt -> /home/shahbazk/Projects/DFS_Semi_Streaming/input/random_graphs/graph_800_319600_UNIFORM_7029781962072644698.txt (Time: 0.00s)
📦 COPIED from HDD: /media/HDD/Projects/ExpDFS/graph_800_319600_UNIFORM_5708372698381010775.txt -> /home/shahbazk/Projects/DFS_Semi_Streaming/input/random_graphs/graph_800_319600_UNIFORM_5708372698381010775.txt (Time: 0.00s)
📦 COPIED from HDD: /media/HDD/Projects/ExpDFS/graph_800_319600_UNIFORM_6785030173969523435.txt -> /home/shahbazk/Projects/DFS_Semi_Streaming/input/random_graphs/graph_800_319600_UNIFORM_6785030173969523435.txt (Time: 0.00s)
📦 COPIED from HDD: /media/HDD/Projects/ExpDFS/graph_800_319600_UNIFORM_5529616217668449934.txt -> /home/shahbazk/Projects/DFS_Semi_Streaming/input/random_graphs/graph_800_319600_UNIFORM_5529616217668449934.txt (Time: 0.00s)
📦 COPIED from HDD: /media/HDD/Projects/ExpDFS/graph_800_319600_UNIFORM_6802378520969450157.txt -> /home/shahbazk/Projects/DFS_Semi_Streaming/input/random_graphs/graph_800_319600_UNIFORM_6802378520969450157.txt (Time: 0.00s)
📦 COPIED from HDD: /media/HDD/Projects/ExpDFS/graph_800_319600_UNIFORM_4552998297316576788.txt -> /home/shahbazk/Projects/DFS_Semi_Streaming/input/random_graphs/graph_800_319600_UNIFORM_4552998297316576788.txt (Time: 0.00s)
📦 COPIED from HDD: /media/HDD/Projects/ExpDFS/graph_800_319600_UNIFORM_1024517563182776983.txt -> /home/shahbazk/Projects/DFS_Semi_Streaming/input/random_graphs/graph_800_319600_UNIFORM_1024517563182776983.txt (Time: 0.00s)
📦 COPIED from HDD: /media/HDD/Projects/ExpDFS/graph_800_319600_UNIFORM_3224265581699847191.txt -> /home/shahbazk/Projects/DFS_Semi_Streaming/input/random_graphs/graph_800_319600_UNIFORM_3224265581699847191.txt (Time: 0.00s)
📦 COPIED from HDD: /media/HDD/Projects/ExpDFS/graph_800_319600_UNIFORM_8031431416522537101.txt -> /home/shahbazk/Projects/DFS_Semi_Streaming/input/random_graphs/graph_800_319600_UNIFORM_8031431416522537101.txt (Time: 0.00s)
📦 COPIED from HDD: /media/HDD/Projects/ExpDFS/graph_800_319600_UNIFORM_7917045922527545890.txt -> /home/shahbazk/Projects/DFS_Semi_Streaming/input/random_graphs/graph_800_319600_UNIFORM_7917045922527545890.txt (Time: 0.00s)
📦 COPIED from HDD: /media/HDD/Projects/ExpDFS/graph_800_319600_UNIFORM_4122784633514911760.txt -> /home/shahbazk/Projects/DFS_Semi_Streaming/input/random_graphs/graph_800_319600_UNIFORM_4122784633514911760.txt (Time: 0.00s)
📦 COPIED from HDD: /media/HDD/Projects/ExpDFS/graph_800_319600_UNIFORM_5258051056098597521.txt -> /home/shahbazk/Projects/DFS_Semi_Streaming/input/random_graphs/graph_800_319600_UNIFORM_5258051056098597521.txt (Time: 0.00s)
📦 COPIED from HDD: /media/HDD/Projects/ExpDFS/graph_800_319600_UNIFORM_5636411189175451024.txt -> /home/shahbazk/Projects/DFS_Semi_Streaming/input/random_graphs/graph_800_319600_UNIFORM_5636411189175451024.txt (Time: 0.00s)
📦 COPIED from HDD: /media/HDD/Projects/ExpDFS/graph_800_319600_UNIFORM_7921282862123281598.txt -> /home/shahbazk/Projects/DFS_Semi_Streaming/input/random_graphs/graph_800_319600_UNIFORM_7921282862123281598.txt (Time: 0.00s)
📦 COPIED from HDD: /media/HDD/Projects/ExpDFS/graph_800_319600_UNIFORM_6143643868734370809.txt -> /home/shahbazk/Projects/DFS_Semi_Streaming/input/random_graphs/graph_800_319600_UNIFORM_6143643868734370809.txt (Time: 0.00s)
📦 COPIED from HDD: /media/HDD/Projects/ExpDFS/graph_800_319600_UNIFORM_6614505080519948832.txt -> /home/shahbazk/Projects/DFS_Semi_Streaming/input/random_graphs/graph_800_319600_UNIFORM_6614505080519948832.txt (Time: 0.00s)
📦 COPIED from HDD: /media/HDD/Projects/ExpDFS/graph_800_319600_UNIFORM_3865339568260874865.txt -> /home/shahbazk/Projects/DFS_Semi_Streaming/input/random_graphs/graph_800_319600_UNIFORM_3865339568260874865.txt (Time: 0.00s)
📦 COPIED from HDD: /media/HDD/Projects/ExpDFS/graph_800_319600_UNIFORM_1128313391724783137.txt -> /home/shahbazk/Projects/DFS_Semi_Streaming/input/random_graphs/graph_800_319600_UNIFORM_1128313391724783137.txt (Time: 0.00s)
📦 COPIED from HDD: /media/HDD/Projects/ExpDFS/graph_800_319600_UNIFORM_7938560551762094560.txt -> /home/shahbazk/Projects/DFS_Semi_Streaming/input/random_graphs/graph_800_319600_UNIFORM_7938560551762094560.txt (Time: 0.00s)
📦 COPIED from HDD: /media/HDD/Projects/ExpDFS/graph_800_319600_UNIFORM_5349491008325879064.txt -> /home/shahbazk/Projects/DFS_Semi_Streaming/input/random_graphs/graph_800_319600_UNIFORM_5349491008325879064.txt (Time: 0.00s)
📦 COPIED from HDD: /media/HDD/Projects/ExpDFS/graph_800_319600_UNIFORM_6224222471595207695.txt -> /home/shahbazk/Projects/DFS_Semi_Streaming/input/random_graphs/graph_800_319600_UNIFORM_6224222471595207695.txt (Time: 0.00s)
📦 COPIED from HDD: /media/HDD/Projects/ExpDFS/graph_800_319600_UNIFORM_3272308573967577038.txt -> /home/shahbazk/Projects/DFS_Semi_Streaming/input/random_graphs/graph_800_319600_UNIFORM_3272308573967577038.txt (Time: 0.00s)
📦 COPIED from HDD: /media/HDD/Projects/ExpDFS/graph_800_319600_UNIFORM_7161906730445628483.txt -> /home/shahbazk/Projects/DFS_Semi_Streaming/input/random_graphs/graph_800_319600_UNIFORM_7161906730445628483.txt (Time: 0.00s)
📦 COPIED from HDD: /media/HDD/Projects/ExpDFS/graph_800_319600_UNIFORM_1647170069535670909.txt -> /home/shahbazk/Projects/DFS_Semi_Streaming/input/random_graphs/graph_800_319600_UNIFORM_1647170069535670909.txt (Time: 0.00s)
📦 COPIED from HDD: /media/HDD/Projects/ExpDFS/graph_800_319600_UNIFORM_4445925461710302877.txt -> /home/shahbazk/Projects/DFS_Semi_Streaming/input/random_graphs/graph_800_319600_UNIFORM_4445925461710302877.txt (Time: 0.00s)
📦 COPIED from HDD: /media/HDD/Projects/ExpDFS/graph_800_319600_UNIFORM_1632192924771168275.txt -> /home/shahbazk/Projects/DFS_Semi_Streaming/input/random_graphs/graph_800_319600_UNIFORM_1632192924771168275.txt (Time: 0.00s)
📦 COPIED from HDD: /media/HDD/Projects/ExpDFS/graph_800_319600_UNIFORM_716820155901718944.txt -> /home/shahbazk/Projects/DFS_Semi_Streaming/input/random_graphs/graph_800_319600_UNIFORM_716820155901718944.txt (Time: 0.00s)
📦 COPIED from HDD: /media/HDD/Projects/ExpDFS/graph_800_319600_UNIFORM_4997514996153925447.txt -> /home/shahbazk/Projects/DFS_Semi_Streaming/input/random_graphs/graph_800_319600_UNIFORM_4997514996153925447.txt (Time: 0.00s)
📦 COPIED from HDD: /media/HDD/Projects/ExpDFS/graph_800_319600_UNIFORM_5063475852268941542.txt -> /home/shahbazk/Projects/DFS_Semi_Streaming/input/random_graphs/graph_800_319600_UNIFORM_5063475852268941542.txt (Time: 0.00s)
📦 COPIED from HDD: /media/HDD/Projects/ExpDFS/graph_800_319600_UNIFORM_824387247617288499.txt -> /home/shahbazk/Projects/DFS_Semi_Streaming/input/random_graphs/graph_800_319600_UNIFORM_824387247617288499.txt (Time: 0.00s)
📦 COPIED from HDD: /media/HDD/Projects/ExpDFS/graph_800_319600_UNIFORM_8718380604043999642.txt -> /home/shahbazk/Projects/DFS_Semi_Streaming/input/random_graphs/graph_800_319600_UNIFORM_8718380604043999642.txt (Time: 0.00s)
📦 COPIED from HDD: /media/HDD/Projects/ExpDFS/graph_800_319600_UNIFORM_7706236040662210848.txt -> /home/shahbazk/Projects/DFS_Semi_Streaming/input/random_graphs/graph_800_319600_UNIFORM_7706236040662210848.txt (Time: 0.00s)
📦 COPIED from HDD: /media/HDD/Projects/ExpDFS/graph_800_319600_UNIFORM_8446481348147407377.txt -> /home/shahbazk/Projects/DFS_Semi_Streaming/input/random_graphs/graph_800_319600_UNIFORM_8446481348147407377.txt (Time: 0.00s)
📦 COPIED from HDD: /media/HDD/Projects/ExpDFS/graph_800_319600_UNIFORM_6529943913552561417.txt -> /home/shahbazk/Projects/DFS_Semi_Streaming/input/random_graphs/graph_800_319600_UNIFORM_6529943913552561417.txt (Time: 0.00s)
📦 COPIED from HDD: /media/HDD/Projects/ExpDFS/graph_800_319600_UNIFORM_3817405844514670994.txt -> /home/shahbazk/Projects/DFS_Semi_Streaming/input/random_graphs/graph_800_319600_UNIFORM_3817405844514670994.txt (Time: 0.00s)
📦 COPIED from HDD: /media/HDD/Projects/ExpDFS/graph_800_319600_UNIFORM_1170385908854608748.txt -> /home/shahbazk/Projects/DFS_Semi_Streaming/input/random_graphs/graph_800_319600_UNIFORM_1170385908854608748.txt (Time: 0.00s)
📦 COPIED from HDD: /media/HDD/Projects/ExpDFS/graph_800_319600_UNIFORM_6022436717541034636.txt -> /home/shahbazk/Projects/DFS_Semi_Streaming/input/random_graphs/graph_800_319600_UNIFORM_6022436717541034636.txt (Time: 0.00s)
📦 COPIED from HDD: /media/HDD/Projects/ExpDFS/graph_800_319600_UNIFORM_2909934787168262407.txt -> /home/shahbazk/Projects/DFS_Semi_Streaming/input/random_graphs/graph_800_319600_UNIFORM_2909934787168262407.txt (Time: 0.00s)
📦 COPIED from HDD: /media/HDD/Projects/ExpDFS/graph_800_319600_UNIFORM_199422815561151340.txt -> /home/shahbazk/Projects/DFS_Semi_Streaming/input/random_graphs/graph_800_319600_UNIFORM_199422815561151340.txt (Time: 0.00s)
📦 COPIED from HDD: /media/HDD/Projects/ExpDFS/graph_800_319600_UNIFORM_3713827327871807734.txt -> /home/shahbazk/Projects/DFS_Semi_Streaming/input/random_graphs/graph_800_319600_UNIFORM_3713827327871807734.txt (Time: 0.00s)
📦 COPIED from HDD: /media/HDD/Projects/ExpDFS/graph_800_319600_UNIFORM_5108599054664628607.txt -> /home/shahbazk/Projects/DFS_Semi_Streaming/input/random_graphs/graph_800_319600_UNIFORM_5108599054664628607.txt (Time: 0.00s)
📦 COPIED from HDD: /media/HDD/Projects/ExpDFS/graph_800_319600_UNIFORM_9130666990809746335.txt -> /home/shahbazk/Projects/DFS_Semi_Streaming/input/random_graphs/graph_800_319600_UNIFORM_9130666990809746335.txt (Time: 0.00s)
📦 COPIED from HDD: /media/HDD/Projects/ExpDFS/graph_800_319600_UNIFORM_175493991617213850.txt -> /home/shahbazk/Projects/DFS_Semi_Streaming/input/random_graphs/graph_800_319600_UNIFORM_175493991617213850.txt (Time: 0.00s)
📦 COPIED from HDD: /media/HDD/Projects/ExpDFS/graph_800_319600_UNIFORM_6764066939395682287.txt -> /home/shahbazk/Projects/DFS_Semi_Streaming/input/random_graphs/graph_800_319600_UNIFORM_6764066939395682287.txt (Time: 0.00s)
📦 COPIED from HDD: /media/HDD/Projects/ExpDFS/graph_800_319600_UNIFORM_7644420139408884785.txt -> /home/shahbazk/Projects/DFS_Semi_Streaming/input/random_graphs/graph_800_319600_UNIFORM_7644420139408884785.txt (Time: 0.00s)
📦 COPIED from HDD: /media/HDD/Projects/ExpDFS/graph_800_319600_UNIFORM_1458186392400727732.txt -> /home/shahbazk/Projects/DFS_Semi_Streaming/input/random_graphs/graph_800_319600_UNIFORM_1458186392400727732.txt (Time: 0.00s)
📦 COPIED from HDD: /media/HDD/Projects/ExpDFS/graph_800_319600_UNIFORM_1392892770529522614.txt -> /home/shahbazk/Projects/DFS_Semi_Streaming/input/random_graphs/graph_800_319600_UNIFORM_1392892770529522614.txt (Time: 0.00s)
📦 COPIED from HDD: /media/HDD/Projects/ExpDFS/graph_800_319600_UNIFORM_4934890601268679176.txt -> /home/shahbazk/Projects/DFS_Semi_Streaming/input/random_graphs/graph_800_319600_UNIFORM_4934890601268679176.txt (Time: 0.00s)
📦 COPIED from HDD: /media/HDD/Projects/ExpDFS/graph_800_319600_UNIFORM_4250897495980125004.txt -> /home/shahbazk/Projects/DFS_Semi_Streaming/input/random_graphs/graph_800_319600_UNIFORM_4250897495980125004.txt (Time: 0.00s)
📦 COPIED from HDD: /media/HDD/Projects/ExpDFS/graph_800_319600_UNIFORM_8626102704817790064.txt -> /home/shahbazk/Projects/DFS_Semi_Streaming/input/random_graphs/graph_800_319600_UNIFORM_8626102704817790064.txt (Time: 0.00s)
📦 COPIED from HDD: /media/HDD/Projects/ExpDFS/graph_800_319600_UNIFORM_9060210648189963449.txt -> /home/shahbazk/Projects/DFS_Semi_Streaming/input/random_graphs/graph_800_319600_UNIFORM_9060210648189963449.txt (Time: 0.00s)
📦 COPIED from HDD: /media/HDD/Projects/ExpDFS/graph_800_319600_UNIFORM_7118744415197196276.txt -> /home/shahbazk/Projects/DFS_Semi_Streaming/input/random_graphs/graph_800_319600_UNIFORM_7118744415197196276.txt (Time: 0.00s)
📦 COPIED from HDD: /media/HDD/Projects/ExpDFS/graph_800_319600_UNIFORM_1332005502874566195.txt -> /home/shahbazk/Projects/DFS_Semi_Streaming/input/random_graphs/graph_800_319600_UNIFORM_1332005502874566195.txt (Time: 0.00s)
📦 COPIED from HDD: /media/HDD/Projects/ExpDFS/graph_800_319600_UNIFORM_2089506265998900862.txt -> /home/shahbazk/Projects/DFS_Semi_Streaming/input/random_graphs/graph_800_319600_UNIFORM_2089506265998900862.txt (Time: 0.00s)
📦 COPIED from HDD: /media/HDD/Projects/ExpDFS/graph_800_319600_UNIFORM_5497874167834979553.txt -> /home/shahbazk/Projects/DFS_Semi_Streaming/input/random_graphs/graph_800_319600_UNIFORM_5497874167834979553.txt (Time: 0.00s)
📦 COPIED from HDD: /media/HDD/Projects/ExpDFS/graph_800_319600_UNIFORM_8448596294177070022.txt -> /home/shahbazk/Projects/DFS_Semi_Streaming/input/random_graphs/graph_800_319600_UNIFORM_8448596294177070022.txt (Time: 0.00s)
📦 COPIED from HDD: /media/HDD/Projects/ExpDFS/graph_800_319600_UNIFORM_1722224698700348310.txt -> /home/shahbazk/Projects/DFS_Semi_Streaming/input/random_graphs/graph_800_319600_UNIFORM_1722224698700348310.txt (Time: 0.00s)
📦 COPIED from HDD: /media/HDD/Projects/ExpDFS/graph_800_319600_UNIFORM_2718103348384927511.txt -> /home/shahbazk/Projects/DFS_Semi_Streaming/input/random_graphs/graph_800_319600_UNIFORM_2718103348384927511.txt (Time: 0.00s)
📦 COPIED from HDD: /media/HDD/Projects/ExpDFS/graph_800_319600_UNIFORM_8794274795737982182.txt -> /home/shahbazk/Projects/DFS_Semi_Streaming/input/random_graphs/graph_800_319600_UNIFORM_8794274795737982182.txt (Time: 0.00s)
📦 COPIED from HDD: /media/HDD/Projects/ExpDFS/graph_800_319600_UNIFORM_7905487461282246979.txt -> /home/shahbazk/Projects/DFS_Semi_Streaming/input/random_graphs/graph_800_319600_UNIFORM_7905487461282246979.txt (Time: 0.00s)
📦 COPIED from HDD: /media/HDD/Projects/ExpDFS/graph_800_319600_UNIFORM_1992204328026194281.txt -> /home/shahbazk/Projects/DFS_Semi_Streaming/input/random_graphs/graph_800_319600_UNIFORM_1992204328026194281.txt (Time: 0.00s)
📦 COPIED from HDD: /media/HDD/Projects/ExpDFS/graph_800_319600_UNIFORM_4795749165124911768.txt -> /home/shahbazk/Projects/DFS_Semi_Streaming/input/random_graphs/graph_800_319600_UNIFORM_4795749165124911768.txt (Time: 0.00s)
📦 COPIED from HDD: /media/HDD/Projects/ExpDFS/graph_800_319600_UNIFORM_9059990922233379852.txt -> /home/shahbazk/Projects/DFS_Semi_Streaming/input/random_graphs/graph_800_319600_UNIFORM_9059990922233379852.txt (Time: 0.00s)
📦 COPIED from HDD: /media/HDD/Projects/ExpDFS/graph_800_319600_UNIFORM_7449662661572224354.txt -> /home/shahbazk/Projects/DFS_Semi_Streaming/input/random_graphs/graph_800_319600_UNIFORM_7449662661572224354.txt (Time: 0.00s)
📦 COPIED from HDD: /media/HDD/Projects/ExpDFS/graph_800_319600_UNIFORM_8867616339855336876.txt -> /home/shahbazk/Projects/DFS_Semi_Streaming/input/random_graphs/graph_800_319600_UNIFORM_8867616339855336876.txt (Time: 0.00s)
📦 COPIED from HDD: /media/HDD/Projects/ExpDFS/graph_800_319600_UNIFORM_3221421291694197220.txt -> /home/shahbazk/Projects/DFS_Semi_Streaming/input/random_graphs/graph_800_319600_UNIFORM_3221421291694197220.txt (Time: 0.00s)
📦 COPIED from HDD: /media/HDD/Projects/ExpDFS/graph_800_319600_UNIFORM_5894893360759659423.txt -> /home/shahbazk/Projects/DFS_Semi_Streaming/input/random_graphs/graph_800_319600_UNIFORM_5894893360759659423.txt (Time: 0.00s)
📦 COPIED from HDD: /media/HDD/Projects/ExpDFS/graph_800_319600_UNIFORM_4060584409398689268.txt -> /home/shahbazk/Projects/DFS_Semi_Streaming/input/random_graphs/graph_800_319600_UNIFORM_4060584409398689268.txt (Time: 0.00s)
📦 COPIED from HDD: /media/HDD/Projects/ExpDFS/graph_800_319600_UNIFORM_4940913311242578590.txt -> /home/shahbazk/Projects/DFS_Semi_Streaming/input/random_graphs/graph_800_319600_UNIFORM_4940913311242578590.txt (Time: 0.00s)
📦 COPIED from HDD: /media/HDD/Projects/ExpDFS/graph_800_319600_UNIFORM_2264398621601381987.txt -> /home/shahbazk/Projects/DFS_Semi_Streaming/input/random_graphs/graph_800_319600_UNIFORM_2264398621601381987.txt (Time: 0.00s)
📦 COPIED from HDD: /media/HDD/Projects/ExpDFS/graph_800_319600_UNIFORM_7632458674696225362.txt -> /home/shahbazk/Projects/DFS_Semi_Streaming/input/random_graphs/graph_800_319600_UNIFORM_7632458674696225362.txt (Time: 0.00s)
📦 COPIED from HDD: /media/HDD/Projects/ExpDFS/graph_800_319600_UNIFORM_7983805977214098674.txt -> /home/shahbazk/Projects/DFS_Semi_Streaming/input/random_graphs/graph_800_319600_UNIFORM_7983805977214098674.txt (Time: 0.00s)
📦 COPIED from HDD: /media/HDD/Projects/ExpDFS/graph_900_404550_UNIFORM_5739955973604961613.txt -> /home/shahbazk/Projects/DFS_Semi_Streaming/input/random_graphs/graph_900_404550_UNIFORM_5739955973604961613.txt (Time: 0.00s)
📦 COPIED from HDD: /media/HDD/Projects/ExpDFS/graph_900_404550_UNIFORM_1070244953599069350.txt -> /home/shahbazk/Projects/DFS_Semi_Streaming/input/random_graphs/graph_900_404550_UNIFORM_1070244953599069350.txt (Time: 0.00s)
📦 COPIED from HDD: /media/HDD/Projects/ExpDFS/graph_900_404550_UNIFORM_7871178979383552919.txt -> /home/shahbazk/Projects/DFS_Semi_Streaming/input/random_graphs/graph_900_404550_UNIFORM_7871178979383552919.txt (Time: 0.00s)
📦 COPIED from HDD: /media/HDD/Projects/ExpDFS/graph_900_404550_UNIFORM_6522163754831416203.txt -> /home/shahbazk/Projects/DFS_Semi_Streaming/input/random_graphs/graph_900_404550_UNIFORM_6522163754831416203.txt (Time: 0.00s)
📦 COPIED from HDD: /media/HDD/Projects/ExpDFS/graph_900_404550_UNIFORM_1250005700364523649.txt -> /home/shahbazk/Projects/DFS_Semi_Streaming/input/random_graphs/graph_900_404550_UNIFORM_1250005700364523649.txt (Time: 0.00s)
📦 COPIED from HDD: /media/HDD/Projects/ExpDFS/graph_900_404550_UNIFORM_6230961512046992311.txt -> /home/shahbazk/Projects/DFS_Semi_Streaming/input/random_graphs/graph_900_404550_UNIFORM_6230961512046992311.txt (Time: 0.00s)
📦 COPIED from HDD: /media/HDD/Projects/ExpDFS/graph_900_404550_UNIFORM_3881801951614183357.txt -> /home/shahbazk/Projects/DFS_Semi_Streaming/input/random_graphs/graph_900_404550_UNIFORM_3881801951614183357.txt (Time: 0.00s)
📦 COPIED from HDD: /media/HDD/Projects/ExpDFS/graph_900_404550_UNIFORM_7599700178212337699.txt -> /home/shahbazk/Projects/DFS_Semi_Streaming/input/random_graphs/graph_900_404550_UNIFORM_7599700178212337699.txt (Time: 0.00s)
📦 COPIED from HDD: /media/HDD/Projects/ExpDFS/graph_900_404550_UNIFORM_6938562734920028532.txt -> /home/shahbazk/Projects/DFS_Semi_Streaming/input/random_graphs/graph_900_404550_UNIFORM_6938562734920028532.txt (Time: 0.00s)
📦 COPIED from HDD: /media/HDD/Projects/ExpDFS/graph_900_404550_UNIFORM_2429002973740178792.txt -> /home/shahbazk/Projects/DFS_Semi_Streaming/input/random_graphs/graph_900_404550_UNIFORM_2429002973740178792.txt (Time: 0.00s)
📦 COPIED from HDD: /media/HDD/Projects/ExpDFS/graph_900_404550_UNIFORM_7032710160631691991.txt -> /home/shahbazk/Projects/DFS_Semi_Streaming/input/random_graphs/graph_900_404550_UNIFORM_7032710160631691991.txt (Time: 0.00s)
📦 COPIED from HDD: /media/HDD/Projects/ExpDFS/graph_900_404550_UNIFORM_4040737767143389431.txt -> /home/shahbazk/Projects/DFS_Semi_Streaming/input/random_graphs/graph_900_404550_UNIFORM_4040737767143389431.txt (Time: 0.00s)
📦 COPIED from HDD: /media/HDD/Projects/ExpDFS/graph_900_404550_UNIFORM_3438400432146115956.txt -> /home/shahbazk/Projects/DFS_Semi_Streaming/input/random_graphs/graph_900_404550_UNIFORM_3438400432146115956.txt (Time: 0.00s)
📦 COPIED from HDD: /media/HDD/Projects/ExpDFS/graph_900_404550_UNIFORM_7146860528564146064.txt -> /home/shahbazk/Projects/DFS_Semi_Streaming/input/random_graphs/graph_900_404550_UNIFORM_7146860528564146064.txt (Time: 0.00s)
📦 COPIED from HDD: /media/HDD/Projects/ExpDFS/graph_900_404550_UNIFORM_1309542850049879452.txt -> /home/shahbazk/Projects/DFS_Semi_Streaming/input/random_graphs/graph_900_404550_UNIFORM_1309542850049879452.txt (Time: 0.00s)
📦 COPIED from HDD: /media/HDD/Projects/ExpDFS/graph_900_404550_UNIFORM_1353182403971399009.txt -> /home/shahbazk/Projects/DFS_Semi_Streaming/input/random_graphs/graph_900_404550_UNIFORM_1353182403971399009.txt (Time: 0.00s)
📦 COPIED from HDD: /media/HDD/Projects/ExpDFS/graph_900_404550_UNIFORM_6002685213311538187.txt -> /home/shahbazk/Projects/DFS_Semi_Streaming/input/random_graphs/graph_900_404550_UNIFORM_6002685213311538187.txt (Time: 0.00s)
📦 COPIED from HDD: /media/HDD/Projects/ExpDFS/graph_900_404550_UNIFORM_1250773459040295677.txt -> /home/shahbazk/Projects/DFS_Semi_Streaming/input/random_graphs/graph_900_404550_UNIFORM_1250773459040295677.txt (Time: 0.00s)
📦 COPIED from HDD: /media/HDD/Projects/ExpDFS/graph_900_404550_UNIFORM_320375091487821987.txt -> /home/shahbazk/Projects/DFS_Semi_Streaming/input/random_graphs/graph_900_404550_UNIFORM_320375091487821987.txt (Time: 0.00s)
📦 COPIED from HDD: /media/HDD/Projects/ExpDFS/graph_900_404550_UNIFORM_5906957480796939447.txt -> /home/shahbazk/Projects/DFS_Semi_Streaming/input/random_graphs/graph_900_404550_UNIFORM_5906957480796939447.txt (Time: 0.00s)
📦 COPIED from HDD: /media/HDD/Projects/ExpDFS/graph_900_404550_UNIFORM_7663871783842725848.txt -> /home/shahbazk/Projects/DFS_Semi_Streaming/input/random_graphs/graph_900_404550_UNIFORM_7663871783842725848.txt (Time: 0.00s)
📦 COPIED from HDD: /media/HDD/Projects/ExpDFS/graph_900_404550_UNIFORM_5142811650494845597.txt -> /home/shahbazk/Projects/DFS_Semi_Streaming/input/random_graphs/graph_900_404550_UNIFORM_5142811650494845597.txt (Time: 0.00s)
📦 COPIED from HDD: /media/HDD/Projects/ExpDFS/graph_900_404550_UNIFORM_3010622984418968408.txt -> /home/shahbazk/Projects/DFS_Semi_Streaming/input/random_graphs/graph_900_404550_UNIFORM_3010622984418968408.txt (Time: 0.00s)
📦 COPIED from HDD: /media/HDD/Projects/ExpDFS/graph_900_404550_UNIFORM_5139481885857321791.txt -> /home/shahbazk/Projects/DFS_Semi_Streaming/input/random_graphs/graph_900_404550_UNIFORM_5139481885857321791.txt (Time: 0.00s)
📦 COPIED from HDD: /media/HDD/Projects/ExpDFS/graph_900_404550_UNIFORM_7473196763798409428.txt -> /home/shahbazk/Projects/DFS_Semi_Streaming/input/random_graphs/graph_900_404550_UNIFORM_7473196763798409428.txt (Time: 0.00s)
📦 COPIED from HDD: /media/HDD/Projects/ExpDFS/graph_900_404550_UNIFORM_5708372698381010775.txt -> /home/shahbazk/Projects/DFS_Semi_Streaming/input/random_graphs/graph_900_404550_UNIFORM_5708372698381010775.txt (Time: 0.00s)
📦 COPIED from HDD: /media/HDD/Projects/ExpDFS/graph_900_404550_UNIFORM_521787134863155063.txt -> /home/shahbazk/Projects/DFS_Semi_Streaming/input/random_graphs/graph_900_404550_UNIFORM_521787134863155063.txt (Time: 0.00s)
📦 COPIED from HDD: /media/HDD/Projects/ExpDFS/graph_900_404550_UNIFORM_1731523882129807996.txt -> /home/shahbazk/Projects/DFS_Semi_Streaming/input/random_graphs/graph_900_404550_UNIFORM_1731523882129807996.txt (Time: 0.00s)
📦 COPIED from HDD: /media/HDD/Projects/ExpDFS/graph_900_404550_UNIFORM_1853590723603270879.txt -> /home/shahbazk/Projects/DFS_Semi_Streaming/input/random_graphs/graph_900_404550_UNIFORM_1853590723603270879.txt (Time: 0.00s)
📦 COPIED from HDD: /media/HDD/Projects/ExpDFS/graph_900_404550_UNIFORM_7029781962072644698.txt -> /home/shahbazk/Projects/DFS_Semi_Streaming/input/random_graphs/graph_900_404550_UNIFORM_7029781962072644698.txt (Time: 0.00s)
📦 COPIED from HDD: /media/HDD/Projects/ExpDFS/graph_900_404550_UNIFORM_5529616217668449934.txt -> /home/shahbazk/Projects/DFS_Semi_Streaming/input/random_graphs/graph_900_404550_UNIFORM_5529616217668449934.txt (Time: 0.00s)
📦 COPIED from HDD: /media/HDD/Projects/ExpDFS/graph_900_404550_UNIFORM_1024517563182776983.txt -> /home/shahbazk/Projects/DFS_Semi_Streaming/input/random_graphs/graph_900_404550_UNIFORM_1024517563182776983.txt (Time: 0.00s)
📦 COPIED from HDD: /media/HDD/Projects/ExpDFS/graph_900_404550_UNIFORM_3224265581699847191.txt -> /home/shahbazk/Projects/DFS_Semi_Streaming/input/random_graphs/graph_900_404550_UNIFORM_3224265581699847191.txt (Time: 0.00s)
📦 COPIED from HDD: /media/HDD/Projects/ExpDFS/graph_900_404550_UNIFORM_3272308573967577038.txt -> /home/shahbazk/Projects/DFS_Semi_Streaming/input/random_graphs/graph_900_404550_UNIFORM_3272308573967577038.txt (Time: 0.00s)
📦 COPIED from HDD: /media/HDD/Projects/ExpDFS/graph_900_404550_UNIFORM_6785030173969523435.txt -> /home/shahbazk/Projects/DFS_Semi_Streaming/input/random_graphs/graph_900_404550_UNIFORM_6785030173969523435.txt (Time: 0.00s)
📦 COPIED from HDD: /media/HDD/Projects/ExpDFS/graph_900_404550_UNIFORM_6802378520969450157.txt -> /home/shahbazk/Projects/DFS_Semi_Streaming/input/random_graphs/graph_900_404550_UNIFORM_6802378520969450157.txt (Time: 0.00s)
📦 COPIED from HDD: /media/HDD/Projects/ExpDFS/graph_900_404550_UNIFORM_7706236040662210848.txt -> /home/shahbazk/Projects/DFS_Semi_Streaming/input/random_graphs/graph_900_404550_UNIFORM_7706236040662210848.txt (Time: 0.00s)
📦 COPIED from HDD: /media/HDD/Projects/ExpDFS/graph_900_404550_UNIFORM_1632192924771168275.txt -> /home/shahbazk/Projects/DFS_Semi_Streaming/input/random_graphs/graph_900_404550_UNIFORM_1632192924771168275.txt (Time: 0.00s)
📦 COPIED from HDD: /media/HDD/Projects/ExpDFS/graph_900_404550_UNIFORM_5258051056098597521.txt -> /home/shahbazk/Projects/DFS_Semi_Streaming/input/random_graphs/graph_900_404550_UNIFORM_5258051056098597521.txt (Time: 0.00s)
📦 COPIED from HDD: /media/HDD/Projects/ExpDFS/graph_900_404550_UNIFORM_7161906730445628483.txt -> /home/shahbazk/Projects/DFS_Semi_Streaming/input/random_graphs/graph_900_404550_UNIFORM_7161906730445628483.txt (Time: 0.00s)
📦 COPIED from HDD: /media/HDD/Projects/ExpDFS/graph_900_404550_UNIFORM_1647170069535670909.txt -> /home/shahbazk/Projects/DFS_Semi_Streaming/input/random_graphs/graph_900_404550_UNIFORM_1647170069535670909.txt (Time: 0.00s)
📦 COPIED from HDD: /media/HDD/Projects/ExpDFS/graph_900_404550_UNIFORM_8031431416522537101.txt -> /home/shahbazk/Projects/DFS_Semi_Streaming/input/random_graphs/graph_900_404550_UNIFORM_8031431416522537101.txt (Time: 0.00s)
📦 COPIED from HDD: /media/HDD/Projects/ExpDFS/graph_900_404550_UNIFORM_824387247617288499.txt -> /home/shahbazk/Projects/DFS_Semi_Streaming/input/random_graphs/graph_900_404550_UNIFORM_824387247617288499.txt (Time: 0.00s)
📦 COPIED from HDD: /media/HDD/Projects/ExpDFS/graph_900_404550_UNIFORM_5349491008325879064.txt -> /home/shahbazk/Projects/DFS_Semi_Streaming/input/random_graphs/graph_900_404550_UNIFORM_5349491008325879064.txt (Time: 0.00s)
📦 COPIED from HDD: /media/HDD/Projects/ExpDFS/graph_900_404550_UNIFORM_7938560551762094560.txt -> /home/shahbazk/Projects/DFS_Semi_Streaming/input/random_graphs/graph_900_404550_UNIFORM_7938560551762094560.txt (Time: 0.00s)
📦 COPIED from HDD: /media/HDD/Projects/ExpDFS/graph_900_404550_UNIFORM_6614505080519948832.txt -> /home/shahbazk/Projects/DFS_Semi_Streaming/input/random_graphs/graph_900_404550_UNIFORM_6614505080519948832.txt (Time: 0.00s)
📦 COPIED from HDD: /media/HDD/Projects/ExpDFS/graph_900_404550_UNIFORM_4122784633514911760.txt -> /home/shahbazk/Projects/DFS_Semi_Streaming/input/random_graphs/graph_900_404550_UNIFORM_4122784633514911760.txt (Time: 0.00s)
📦 COPIED from HDD: /media/HDD/Projects/ExpDFS/graph_900_404550_UNIFORM_5636411189175451024.txt -> /home/shahbazk/Projects/DFS_Semi_Streaming/input/random_graphs/graph_900_404550_UNIFORM_5636411189175451024.txt (Time: 0.00s)
📦 COPIED from HDD: /media/HDD/Projects/ExpDFS/graph_900_404550_UNIFORM_7921282862123281598.txt -> /home/shahbazk/Projects/DFS_Semi_Streaming/input/random_graphs/graph_900_404550_UNIFORM_7921282862123281598.txt (Time: 0.00s)
📦 COPIED from HDD: /media/HDD/Projects/ExpDFS/graph_900_404550_UNIFORM_4552998297316576788.txt -> /home/shahbazk/Projects/DFS_Semi_Streaming/input/random_graphs/graph_900_404550_UNIFORM_4552998297316576788.txt (Time: 0.00s)
📦 COPIED from HDD: /media/HDD/Projects/ExpDFS/graph_900_404550_UNIFORM_6143643868734370809.txt -> /home/shahbazk/Projects/DFS_Semi_Streaming/input/random_graphs/graph_900_404550_UNIFORM_6143643868734370809.txt (Time: 0.00s)
📦 COPIED from HDD: /media/HDD/Projects/ExpDFS/graph_900_404550_UNIFORM_4445925461710302877.txt -> /home/shahbazk/Projects/DFS_Semi_Streaming/input/random_graphs/graph_900_404550_UNIFORM_4445925461710302877.txt (Time: 0.00s)
📦 COPIED from HDD: /media/HDD/Projects/ExpDFS/graph_900_404550_UNIFORM_8718380604043999642.txt -> /home/shahbazk/Projects/DFS_Semi_Streaming/input/random_graphs/graph_900_404550_UNIFORM_8718380604043999642.txt (Time: 0.00s)
📦 COPIED from HDD: /media/HDD/Projects/ExpDFS/graph_900_404550_UNIFORM_7917045922527545890.txt -> /home/shahbazk/Projects/DFS_Semi_Streaming/input/random_graphs/graph_900_404550_UNIFORM_7917045922527545890.txt (Time: 0.00s)
📦 COPIED from HDD: /media/HDD/Projects/ExpDFS/graph_900_404550_UNIFORM_3865339568260874865.txt -> /home/shahbazk/Projects/DFS_Semi_Streaming/input/random_graphs/graph_900_404550_UNIFORM_3865339568260874865.txt (Time: 0.00s)
📦 COPIED from HDD: /media/HDD/Projects/ExpDFS/graph_900_404550_UNIFORM_8446481348147407377.txt -> /home/shahbazk/Projects/DFS_Semi_Streaming/input/random_graphs/graph_900_404550_UNIFORM_8446481348147407377.txt (Time: 0.00s)
📦 COPIED from HDD: /media/HDD/Projects/ExpDFS/graph_900_404550_UNIFORM_6224222471595207695.txt -> /home/shahbazk/Projects/DFS_Semi_Streaming/input/random_graphs/graph_900_404550_UNIFORM_6224222471595207695.txt (Time: 0.00s)
📦 COPIED from HDD: /media/HDD/Projects/ExpDFS/graph_900_404550_UNIFORM_4997514996153925447.txt -> /home/shahbazk/Projects/DFS_Semi_Streaming/input/random_graphs/graph_900_404550_UNIFORM_4997514996153925447.txt (Time: 0.00s)
📦 COPIED from HDD: /media/HDD/Projects/ExpDFS/graph_900_404550_UNIFORM_5063475852268941542.txt -> /home/shahbazk/Projects/DFS_Semi_Streaming/input/random_graphs/graph_900_404550_UNIFORM_5063475852268941542.txt (Time: 0.00s)
📦 COPIED from HDD: /media/HDD/Projects/ExpDFS/graph_900_404550_UNIFORM_716820155901718944.txt -> /home/shahbazk/Projects/DFS_Semi_Streaming/input/random_graphs/graph_900_404550_UNIFORM_716820155901718944.txt (Time: 0.00s)
📦 COPIED from HDD: /media/HDD/Projects/ExpDFS/graph_900_404550_UNIFORM_1128313391724783137.txt -> /home/shahbazk/Projects/DFS_Semi_Streaming/input/random_graphs/graph_900_404550_UNIFORM_1128313391724783137.txt (Time: 0.00s)
📦 COPIED from HDD: /media/HDD/Projects/ExpDFS/graph_900_404550_UNIFORM_3817405844514670994.txt -> /home/shahbazk/Projects/DFS_Semi_Streaming/input/random_graphs/graph_900_404550_UNIFORM_3817405844514670994.txt (Time: 0.00s)
📦 COPIED from HDD: /media/HDD/Projects/ExpDFS/graph_900_404550_UNIFORM_6529943913552561417.txt -> /home/shahbazk/Projects/DFS_Semi_Streaming/input/random_graphs/graph_900_404550_UNIFORM_6529943913552561417.txt (Time: 0.00s)
📦 COPIED from HDD: /media/HDD/Projects/ExpDFS/graph_900_404550_UNIFORM_2909934787168262407.txt -> /home/shahbazk/Projects/DFS_Semi_Streaming/input/random_graphs/graph_900_404550_UNIFORM_2909934787168262407.txt (Time: 0.00s)
📦 COPIED from HDD: /media/HDD/Projects/ExpDFS/graph_900_404550_UNIFORM_1170385908854608748.txt -> /home/shahbazk/Projects/DFS_Semi_Streaming/input/random_graphs/graph_900_404550_UNIFORM_1170385908854608748.txt (Time: 0.00s)
📦 COPIED from HDD: /media/HDD/Projects/ExpDFS/graph_900_404550_UNIFORM_199422815561151340.txt -> /home/shahbazk/Projects/DFS_Semi_Streaming/input/random_graphs/graph_900_404550_UNIFORM_199422815561151340.txt (Time: 0.00s)
📦 COPIED from HDD: /media/HDD/Projects/ExpDFS/graph_900_404550_UNIFORM_6022436717541034636.txt -> /home/shahbazk/Projects/DFS_Semi_Streaming/input/random_graphs/graph_900_404550_UNIFORM_6022436717541034636.txt (Time: 0.00s)
📦 COPIED from HDD: /media/HDD/Projects/ExpDFS/graph_900_404550_UNIFORM_3713827327871807734.txt -> /home/shahbazk/Projects/DFS_Semi_Streaming/input/random_graphs/graph_900_404550_UNIFORM_3713827327871807734.txt (Time: 0.00s)
📦 COPIED from HDD: /media/HDD/Projects/ExpDFS/graph_900_404550_UNIFORM_175493991617213850.txt -> /home/shahbazk/Projects/DFS_Semi_Streaming/input/random_graphs/graph_900_404550_UNIFORM_175493991617213850.txt (Time: 0.00s)
📦 COPIED from HDD: /media/HDD/Projects/ExpDFS/graph_900_404550_UNIFORM_1458186392400727732.txt -> /home/shahbazk/Projects/DFS_Semi_Streaming/input/random_graphs/graph_900_404550_UNIFORM_1458186392400727732.txt (Time: 0.00s)
📦 COPIED from HDD: /media/HDD/Projects/ExpDFS/graph_900_404550_UNIFORM_4250897495980125004.txt -> /home/shahbazk/Projects/DFS_Semi_Streaming/input/random_graphs/graph_900_404550_UNIFORM_4250897495980125004.txt (Time: 0.00s)
📦 COPIED from HDD: /media/HDD/Projects/ExpDFS/graph_900_404550_UNIFORM_5108599054664628607.txt -> /home/shahbazk/Projects/DFS_Semi_Streaming/input/random_graphs/graph_900_404550_UNIFORM_5108599054664628607.txt (Time: 0.00s)
📦 COPIED from HDD: /media/HDD/Projects/ExpDFS/graph_900_404550_UNIFORM_9130666990809746335.txt -> /home/shahbazk/Projects/DFS_Semi_Streaming/input/random_graphs/graph_900_404550_UNIFORM_9130666990809746335.txt (Time: 0.00s)
📦 COPIED from HDD: /media/HDD/Projects/ExpDFS/graph_900_404550_UNIFORM_8794274795737982182.txt -> /home/shahbazk/Projects/DFS_Semi_Streaming/input/random_graphs/graph_900_404550_UNIFORM_8794274795737982182.txt (Time: 0.00s)
📦 COPIED from HDD: /media/HDD/Projects/ExpDFS/graph_900_404550_UNIFORM_6764066939395682287.txt -> /home/shahbazk/Projects/DFS_Semi_Streaming/input/random_graphs/graph_900_404550_UNIFORM_6764066939395682287.txt (Time: 0.00s)
📦 COPIED from HDD: /media/HDD/Projects/ExpDFS/graph_900_404550_UNIFORM_9060210648189963449.txt -> /home/shahbazk/Projects/DFS_Semi_Streaming/input/random_graphs/graph_900_404550_UNIFORM_9060210648189963449.txt (Time: 0.00s)
📦 COPIED from HDD: /media/HDD/Projects/ExpDFS/graph_900_404550_UNIFORM_2089506265998900862.txt -> /home/shahbazk/Projects/DFS_Semi_Streaming/input/random_graphs/graph_900_404550_UNIFORM_2089506265998900862.txt (Time: 0.00s)
📦 COPIED from HDD: /media/HDD/Projects/ExpDFS/graph_900_404550_UNIFORM_7905487461282246979.txt -> /home/shahbazk/Projects/DFS_Semi_Streaming/input/random_graphs/graph_900_404550_UNIFORM_7905487461282246979.txt (Time: 0.00s)
📦 COPIED from HDD: /media/HDD/Projects/ExpDFS/graph_900_404550_UNIFORM_1332005502874566195.txt -> /home/shahbazk/Projects/DFS_Semi_Streaming/input/random_graphs/graph_900_404550_UNIFORM_1332005502874566195.txt (Time: 0.00s)
📦 COPIED from HDD: /media/HDD/Projects/ExpDFS/graph_900_404550_UNIFORM_1722224698700348310.txt -> /home/shahbazk/Projects/DFS_Semi_Streaming/input/random_graphs/graph_900_404550_UNIFORM_1722224698700348310.txt (Time: 0.00s)
📦 COPIED from HDD: /media/HDD/Projects/ExpDFS/graph_900_404550_UNIFORM_5497874167834979553.txt -> /home/shahbazk/Projects/DFS_Semi_Streaming/input/random_graphs/graph_900_404550_UNIFORM_5497874167834979553.txt (Time: 0.00s)
📦 COPIED from HDD: /media/HDD/Projects/ExpDFS/graph_900_404550_UNIFORM_8448596294177070022.txt -> /home/shahbazk/Projects/DFS_Semi_Streaming/input/random_graphs/graph_900_404550_UNIFORM_8448596294177070022.txt (Time: 0.00s)
📦 COPIED from HDD: /media/HDD/Projects/ExpDFS/graph_900_404550_UNIFORM_1392892770529522614.txt -> /home/shahbazk/Projects/DFS_Semi_Streaming/input/random_graphs/graph_900_404550_UNIFORM_1392892770529522614.txt (Time: 0.00s)
📦 COPIED from HDD: /media/HDD/Projects/ExpDFS/graph_900_404550_UNIFORM_4060584409398689268.txt -> /home/shahbazk/Projects/DFS_Semi_Streaming/input/random_graphs/graph_900_404550_UNIFORM_4060584409398689268.txt (Time: 0.00s)
📦 COPIED from HDD: /media/HDD/Projects/ExpDFS/graph_900_404550_UNIFORM_1992204328026194281.txt -> /home/shahbazk/Projects/DFS_Semi_Streaming/input/random_graphs/graph_900_404550_UNIFORM_1992204328026194281.txt (Time: 0.00s)
📦 COPIED from HDD: /media/HDD/Projects/ExpDFS/graph_900_404550_UNIFORM_7644420139408884785.txt -> /home/shahbazk/Projects/DFS_Semi_Streaming/input/random_graphs/graph_900_404550_UNIFORM_7644420139408884785.txt (Time: 0.00s)
📦 COPIED from HDD: /media/HDD/Projects/ExpDFS/graph_900_404550_UNIFORM_4795749165124911768.txt -> /home/shahbazk/Projects/DFS_Semi_Streaming/input/random_graphs/graph_900_404550_UNIFORM_4795749165124911768.txt (Time: 0.00s)
📦 COPIED from HDD: /media/HDD/Projects/ExpDFS/graph_900_404550_UNIFORM_2718103348384927511.txt -> /home/shahbazk/Projects/DFS_Semi_Streaming/input/random_graphs/graph_900_404550_UNIFORM_2718103348384927511.txt (Time: 0.00s)
📦 COPIED from HDD: /media/HDD/Projects/ExpDFS/graph_900_404550_UNIFORM_4934890601268679176.txt -> /home/shahbazk/Projects/DFS_Semi_Streaming/input/random_graphs/graph_900_404550_UNIFORM_4934890601268679176.txt (Time: 0.00s)
📦 COPIED from HDD: /media/HDD/Projects/ExpDFS/graph_900_404550_UNIFORM_8626102704817790064.txt -> /home/shahbazk/Projects/DFS_Semi_Streaming/input/random_graphs/graph_900_404550_UNIFORM_8626102704817790064.txt (Time: 0.00s)
📦 COPIED from HDD: /media/HDD/Projects/ExpDFS/graph_900_404550_UNIFORM_3221421291694197220.txt -> /home/shahbazk/Projects/DFS_Semi_Streaming/input/random_graphs/graph_900_404550_UNIFORM_3221421291694197220.txt (Time: 0.00s)
📦 COPIED from HDD: /media/HDD/Projects/ExpDFS/graph_900_404550_UNIFORM_7118744415197196276.txt -> /home/shahbazk/Projects/DFS_Semi_Streaming/input/random_graphs/graph_900_404550_UNIFORM_7118744415197196276.txt (Time: 0.00s)
📦 COPIED from HDD: /media/HDD/Projects/ExpDFS/graph_900_404550_UNIFORM_7449662661572224354.txt -> /home/shahbazk/Projects/DFS_Semi_Streaming/input/random_graphs/graph_900_404550_UNIFORM_7449662661572224354.txt (Time: 0.00s)
📦 COPIED from HDD: /media/HDD/Projects/ExpDFS/graph_900_404550_UNIFORM_8867616339855336876.txt -> /home/shahbazk/Projects/DFS_Semi_Streaming/input/random_graphs/graph_900_404550_UNIFORM_8867616339855336876.txt (Time: 0.00s)
📦 COPIED from HDD: /media/HDD/Projects/ExpDFS/graph_900_404550_UNIFORM_9059990922233379852.txt -> /home/shahbazk/Projects/DFS_Semi_Streaming/input/random_graphs/graph_900_404550_UNIFORM_9059990922233379852.txt (Time: 0.00s)
📦 COPIED from HDD: /media/HDD/Projects/ExpDFS/graph_900_404550_UNIFORM_7983805977214098674.txt -> /home/shahbazk/Projects/DFS_Semi_Streaming/input/random_graphs/graph_900_404550_UNIFORM_7983805977214098674.txt (Time: 0.00s)
📦 COPIED from HDD: /media/HDD/Projects/ExpDFS/graph_900_404550_UNIFORM_5894893360759659423.txt -> /home/shahbazk/Projects/DFS_Semi_Streaming/input/random_graphs/graph_900_404550_UNIFORM_5894893360759659423.txt (Time: 0.00s)
📦 COPIED from HDD: /media/HDD/Projects/ExpDFS/graph_900_404550_UNIFORM_7632458674696225362.txt -> /home/shahbazk/Projects/DFS_Semi_Streaming/input/random_graphs/graph_900_404550_UNIFORM_7632458674696225362.txt (Time: 0.00s)
📦 COPIED from HDD: /media/HDD/Projects/ExpDFS/graph_900_404550_UNIFORM_4940913311242578590.txt -> /home/shahbazk/Projects/DFS_Semi_Streaming/input/random_graphs/graph_900_404550_UNIFORM_4940913311242578590.txt (Time: 0.00s)
📦 COPIED from HDD: /media/HDD/Projects/ExpDFS/graph_900_404550_UNIFORM_2264398621601381987.txt -> /home/shahbazk/Projects/DFS_Semi_Streaming/input/random_graphs/graph_900_404550_UNIFORM_2264398621601381987.txt (Time: 0.00s)
📦 COPIED from HDD: /media/HDD/Projects/ExpDFS/graph_1000_499500_UNIFORM_6230961512046992311.txt -> /home/shahbazk/Projects/DFS_Semi_Streaming/input/random_graphs/graph_1000_499500_UNIFORM_6230961512046992311.txt (Time: 0.00s)
📦 COPIED from HDD: /media/HDD/Projects/ExpDFS/graph_1000_499500_UNIFORM_7871178979383552919.txt -> /home/shahbazk/Projects/DFS_Semi_Streaming/input/random_graphs/graph_1000_499500_UNIFORM_7871178979383552919.txt (Time: 0.00s)
📦 COPIED from HDD: /media/HDD/Projects/ExpDFS/graph_1000_499500_UNIFORM_7599700178212337699.txt -> /home/shahbazk/Projects/DFS_Semi_Streaming/input/random_graphs/graph_1000_499500_UNIFORM_7599700178212337699.txt (Time: 0.00s)
📦 COPIED from HDD: /media/HDD/Projects/ExpDFS/graph_1000_499500_UNIFORM_6522163754831416203.txt -> /home/shahbazk/Projects/DFS_Semi_Streaming/input/random_graphs/graph_1000_499500_UNIFORM_6522163754831416203.txt (Time: 0.00s)
📦 COPIED from HDD: /media/HDD/Projects/ExpDFS/graph_1000_499500_UNIFORM_6938562734920028532.txt -> /home/shahbazk/Projects/DFS_Semi_Streaming/input/random_graphs/graph_1000_499500_UNIFORM_6938562734920028532.txt (Time: 0.00s)
📦 COPIED from HDD: /media/HDD/Projects/ExpDFS/graph_1000_499500_UNIFORM_7032710160631691991.txt -> /home/shahbazk/Projects/DFS_Semi_Streaming/input/random_graphs/graph_1000_499500_UNIFORM_7032710160631691991.txt (Time: 0.00s)
📦 COPIED from HDD: /media/HDD/Projects/ExpDFS/graph_1000_499500_UNIFORM_3881801951614183357.txt -> /home/shahbazk/Projects/DFS_Semi_Streaming/input/random_graphs/graph_1000_499500_UNIFORM_3881801951614183357.txt (Time: 0.00s)
📦 COPIED from HDD: /media/HDD/Projects/ExpDFS/graph_1000_499500_UNIFORM_1353182403971399009.txt -> /home/shahbazk/Projects/DFS_Semi_Streaming/input/random_graphs/graph_1000_499500_UNIFORM_1353182403971399009.txt (Time: 0.00s)
📦 COPIED from HDD: /media/HDD/Projects/ExpDFS/graph_1000_499500_UNIFORM_5739955973604961613.txt -> /home/shahbazk/Projects/DFS_Semi_Streaming/input/random_graphs/graph_1000_499500_UNIFORM_5739955973604961613.txt (Time: 0.00s)
📦 COPIED from HDD: /media/HDD/Projects/ExpDFS/graph_1000_499500_UNIFORM_7146860528564146064.txt -> /home/shahbazk/Projects/DFS_Semi_Streaming/input/random_graphs/graph_1000_499500_UNIFORM_7146860528564146064.txt (Time: 0.00s)
📦 COPIED from HDD: /media/HDD/Projects/ExpDFS/graph_1000_499500_UNIFORM_4040737767143389431.txt -> /home/shahbazk/Projects/DFS_Semi_Streaming/input/random_graphs/graph_1000_499500_UNIFORM_4040737767143389431.txt (Time: 0.00s)
📦 COPIED from HDD: /media/HDD/Projects/ExpDFS/graph_1000_499500_UNIFORM_320375091487821987.txt -> /home/shahbazk/Projects/DFS_Semi_Streaming/input/random_graphs/graph_1000_499500_UNIFORM_320375091487821987.txt (Time: 0.00s)
📦 COPIED from HDD: /media/HDD/Projects/ExpDFS/graph_1000_499500_UNIFORM_1250005700364523649.txt -> /home/shahbazk/Projects/DFS_Semi_Streaming/input/random_graphs/graph_1000_499500_UNIFORM_1250005700364523649.txt (Time: 0.00s)
📦 COPIED from HDD: /media/HDD/Projects/ExpDFS/graph_1000_499500_UNIFORM_2429002973740178792.txt -> /home/shahbazk/Projects/DFS_Semi_Streaming/input/random_graphs/graph_1000_499500_UNIFORM_2429002973740178792.txt (Time: 0.00s)
📦 COPIED from HDD: /media/HDD/Projects/ExpDFS/graph_1000_499500_UNIFORM_7663871783842725848.txt -> /home/shahbazk/Projects/DFS_Semi_Streaming/input/random_graphs/graph_1000_499500_UNIFORM_7663871783842725848.txt (Time: 0.00s)
📦 COPIED from HDD: /media/HDD/Projects/ExpDFS/graph_1000_499500_UNIFORM_1309542850049879452.txt -> /home/shahbazk/Projects/DFS_Semi_Streaming/input/random_graphs/graph_1000_499500_UNIFORM_1309542850049879452.txt (Time: 0.00s)
📦 COPIED from HDD: /media/HDD/Projects/ExpDFS/graph_1000_499500_UNIFORM_3438400432146115956.txt -> /home/shahbazk/Projects/DFS_Semi_Streaming/input/random_graphs/graph_1000_499500_UNIFORM_3438400432146115956.txt (Time: 0.00s)
📦 COPIED from HDD: /media/HDD/Projects/ExpDFS/graph_1000_499500_UNIFORM_5906957480796939447.txt -> /home/shahbazk/Projects/DFS_Semi_Streaming/input/random_graphs/graph_1000_499500_UNIFORM_5906957480796939447.txt (Time: 0.00s)
📦 COPIED from HDD: /media/HDD/Projects/ExpDFS/graph_1000_499500_UNIFORM_3010622984418968408.txt -> /home/shahbazk/Projects/DFS_Semi_Streaming/input/random_graphs/graph_1000_499500_UNIFORM_3010622984418968408.txt (Time: 0.00s)
📦 COPIED from HDD: /media/HDD/Projects/ExpDFS/graph_1000_499500_UNIFORM_1250773459040295677.txt -> /home/shahbazk/Projects/DFS_Semi_Streaming/input/random_graphs/graph_1000_499500_UNIFORM_1250773459040295677.txt (Time: 0.00s)
📦 COPIED from HDD: /media/HDD/Projects/ExpDFS/graph_1000_499500_UNIFORM_1070244953599069350.txt -> /home/shahbazk/Projects/DFS_Semi_Streaming/input/random_graphs/graph_1000_499500_UNIFORM_1070244953599069350.txt (Time: 0.00s)
📦 COPIED from HDD: /media/HDD/Projects/ExpDFS/graph_1000_499500_UNIFORM_5708372698381010775.txt -> /home/shahbazk/Projects/DFS_Semi_Streaming/input/random_graphs/graph_1000_499500_UNIFORM_5708372698381010775.txt (Time: 0.00s)
📦 COPIED from HDD: /media/HDD/Projects/ExpDFS/graph_1000_499500_UNIFORM_6002685213311538187.txt -> /home/shahbazk/Projects/DFS_Semi_Streaming/input/random_graphs/graph_1000_499500_UNIFORM_6002685213311538187.txt (Time: 0.00s)
📦 COPIED from HDD: /media/HDD/Projects/ExpDFS/graph_1000_499500_UNIFORM_5142811650494845597.txt -> /home/shahbazk/Projects/DFS_Semi_Streaming/input/random_graphs/graph_1000_499500_UNIFORM_5142811650494845597.txt (Time: 0.00s)
📦 COPIED from HDD: /media/HDD/Projects/ExpDFS/graph_1000_499500_UNIFORM_7473196763798409428.txt -> /home/shahbazk/Projects/DFS_Semi_Streaming/input/random_graphs/graph_1000_499500_UNIFORM_7473196763798409428.txt (Time: 0.00s)
📦 COPIED from HDD: /media/HDD/Projects/ExpDFS/graph_1000_499500_UNIFORM_5139481885857321791.txt -> /home/shahbazk/Projects/DFS_Semi_Streaming/input/random_graphs/graph_1000_499500_UNIFORM_5139481885857321791.txt (Time: 0.00s)
📦 COPIED from HDD: /media/HDD/Projects/ExpDFS/graph_1000_499500_UNIFORM_521787134863155063.txt -> /home/shahbazk/Projects/DFS_Semi_Streaming/input/random_graphs/graph_1000_499500_UNIFORM_521787134863155063.txt (Time: 0.00s)
📦 COPIED from HDD: /media/HDD/Projects/ExpDFS/graph_1000_499500_UNIFORM_1853590723603270879.txt -> /home/shahbazk/Projects/DFS_Semi_Streaming/input/random_graphs/graph_1000_499500_UNIFORM_1853590723603270879.txt (Time: 0.00s)
📦 COPIED from HDD: /media/HDD/Projects/ExpDFS/graph_1000_499500_UNIFORM_1731523882129807996.txt -> /home/shahbazk/Projects/DFS_Semi_Streaming/input/random_graphs/graph_1000_499500_UNIFORM_1731523882129807996.txt (Time: 0.00s)
📦 COPIED from HDD: /media/HDD/Projects/ExpDFS/graph_1000_499500_UNIFORM_7029781962072644698.txt -> /home/shahbazk/Projects/DFS_Semi_Streaming/input/random_graphs/graph_1000_499500_UNIFORM_7029781962072644698.txt (Time: 0.00s)
📦 COPIED from HDD: /media/HDD/Projects/ExpDFS/graph_1000_499500_UNIFORM_5529616217668449934.txt -> /home/shahbazk/Projects/DFS_Semi_Streaming/input/random_graphs/graph_1000_499500_UNIFORM_5529616217668449934.txt (Time: 0.00s)
📦 COPIED from HDD: /media/HDD/Projects/ExpDFS/graph_1000_499500_UNIFORM_1632192924771168275.txt -> /home/shahbazk/Projects/DFS_Semi_Streaming/input/random_graphs/graph_1000_499500_UNIFORM_1632192924771168275.txt (Time: 0.00s)
📦 COPIED from HDD: /media/HDD/Projects/ExpDFS/graph_1000_499500_UNIFORM_3224265581699847191.txt -> /home/shahbazk/Projects/DFS_Semi_Streaming/input/random_graphs/graph_1000_499500_UNIFORM_3224265581699847191.txt (Time: 0.00s)
📦 COPIED from HDD: /media/HDD/Projects/ExpDFS/graph_1000_499500_UNIFORM_4122784633514911760.txt -> /home/shahbazk/Projects/DFS_Semi_Streaming/input/random_graphs/graph_1000_499500_UNIFORM_4122784633514911760.txt (Time: 0.00s)
📦 COPIED from HDD: /media/HDD/Projects/ExpDFS/graph_1000_499500_UNIFORM_6785030173969523435.txt -> /home/shahbazk/Projects/DFS_Semi_Streaming/input/random_graphs/graph_1000_499500_UNIFORM_6785030173969523435.txt (Time: 0.00s)
📦 COPIED from HDD: /media/HDD/Projects/ExpDFS/graph_1000_499500_UNIFORM_1024517563182776983.txt -> /home/shahbazk/Projects/DFS_Semi_Streaming/input/random_graphs/graph_1000_499500_UNIFORM_1024517563182776983.txt (Time: 0.00s)
📦 COPIED from HDD: /media/HDD/Projects/ExpDFS/graph_1000_499500_UNIFORM_1647170069535670909.txt -> /home/shahbazk/Projects/DFS_Semi_Streaming/input/random_graphs/graph_1000_499500_UNIFORM_1647170069535670909.txt (Time: 0.00s)
📦 COPIED from HDD: /media/HDD/Projects/ExpDFS/graph_1000_499500_UNIFORM_6143643868734370809.txt -> /home/shahbazk/Projects/DFS_Semi_Streaming/input/random_graphs/graph_1000_499500_UNIFORM_6143643868734370809.txt (Time: 0.00s)
📦 COPIED from HDD: /media/HDD/Projects/ExpDFS/graph_1000_499500_UNIFORM_6614505080519948832.txt -> /home/shahbazk/Projects/DFS_Semi_Streaming/input/random_graphs/graph_1000_499500_UNIFORM_6614505080519948832.txt (Time: 0.00s)
📦 COPIED from HDD: /media/HDD/Projects/ExpDFS/graph_1000_499500_UNIFORM_7706236040662210848.txt -> /home/shahbazk/Projects/DFS_Semi_Streaming/input/random_graphs/graph_1000_499500_UNIFORM_7706236040662210848.txt (Time: 0.00s)
📦 COPIED from HDD: /media/HDD/Projects/ExpDFS/graph_1000_499500_UNIFORM_7161906730445628483.txt -> /home/shahbazk/Projects/DFS_Semi_Streaming/input/random_graphs/graph_1000_499500_UNIFORM_7161906730445628483.txt (Time: 0.00s)
📦 COPIED from HDD: /media/HDD/Projects/ExpDFS/graph_1000_499500_UNIFORM_4552998297316576788.txt -> /home/shahbazk/Projects/DFS_Semi_Streaming/input/random_graphs/graph_1000_499500_UNIFORM_4552998297316576788.txt (Time: 0.00s)
📦 COPIED from HDD: /media/HDD/Projects/ExpDFS/graph_1000_499500_UNIFORM_7917045922527545890.txt -> /home/shahbazk/Projects/DFS_Semi_Streaming/input/random_graphs/graph_1000_499500_UNIFORM_7917045922527545890.txt (Time: 0.00s)
📦 COPIED from HDD: /media/HDD/Projects/ExpDFS/graph_1000_499500_UNIFORM_7921282862123281598.txt -> /home/shahbazk/Projects/DFS_Semi_Streaming/input/random_graphs/graph_1000_499500_UNIFORM_7921282862123281598.txt (Time: 0.00s)
📦 COPIED from HDD: /media/HDD/Projects/ExpDFS/graph_1000_499500_UNIFORM_5349491008325879064.txt -> /home/shahbazk/Projects/DFS_Semi_Streaming/input/random_graphs/graph_1000_499500_UNIFORM_5349491008325879064.txt (Time: 0.00s)
📦 COPIED from HDD: /media/HDD/Projects/ExpDFS/graph_1000_499500_UNIFORM_4445925461710302877.txt -> /home/shahbazk/Projects/DFS_Semi_Streaming/input/random_graphs/graph_1000_499500_UNIFORM_4445925461710302877.txt (Time: 0.00s)
📦 COPIED from HDD: /media/HDD/Projects/ExpDFS/graph_1000_499500_UNIFORM_824387247617288499.txt -> /home/shahbazk/Projects/DFS_Semi_Streaming/input/random_graphs/graph_1000_499500_UNIFORM_824387247617288499.txt (Time: 0.00s)
📦 COPIED from HDD: /media/HDD/Projects/ExpDFS/graph_1000_499500_UNIFORM_5636411189175451024.txt -> /home/shahbazk/Projects/DFS_Semi_Streaming/input/random_graphs/graph_1000_499500_UNIFORM_5636411189175451024.txt (Time: 0.00s)
📦 COPIED from HDD: /media/HDD/Projects/ExpDFS/graph_1000_499500_UNIFORM_5258051056098597521.txt -> /home/shahbazk/Projects/DFS_Semi_Streaming/input/random_graphs/graph_1000_499500_UNIFORM_5258051056098597521.txt (Time: 0.00s)
📦 COPIED from HDD: /media/HDD/Projects/ExpDFS/graph_1000_499500_UNIFORM_7938560551762094560.txt -> /home/shahbazk/Projects/DFS_Semi_Streaming/input/random_graphs/graph_1000_499500_UNIFORM_7938560551762094560.txt (Time: 0.00s)
📦 COPIED from HDD: /media/HDD/Projects/ExpDFS/graph_1000_499500_UNIFORM_3865339568260874865.txt -> /home/shahbazk/Projects/DFS_Semi_Streaming/input/random_graphs/graph_1000_499500_UNIFORM_3865339568260874865.txt (Time: 0.00s)
📦 COPIED from HDD: /media/HDD/Projects/ExpDFS/graph_1000_499500_UNIFORM_6224222471595207695.txt -> /home/shahbazk/Projects/DFS_Semi_Streaming/input/random_graphs/graph_1000_499500_UNIFORM_6224222471595207695.txt (Time: 0.00s)
📦 COPIED from HDD: /media/HDD/Projects/ExpDFS/graph_1000_499500_UNIFORM_3272308573967577038.txt -> /home/shahbazk/Projects/DFS_Semi_Streaming/input/random_graphs/graph_1000_499500_UNIFORM_3272308573967577038.txt (Time: 0.00s)
📦 COPIED from HDD: /media/HDD/Projects/ExpDFS/graph_1000_499500_UNIFORM_6802378520969450157.txt -> /home/shahbazk/Projects/DFS_Semi_Streaming/input/random_graphs/graph_1000_499500_UNIFORM_6802378520969450157.txt (Time: 0.00s)
📦 COPIED from HDD: /media/HDD/Projects/ExpDFS/graph_1000_499500_UNIFORM_8031431416522537101.txt -> /home/shahbazk/Projects/DFS_Semi_Streaming/input/random_graphs/graph_1000_499500_UNIFORM_8031431416522537101.txt (Time: 0.00s)
📦 COPIED from HDD: /media/HDD/Projects/ExpDFS/graph_1000_499500_UNIFORM_1128313391724783137.txt -> /home/shahbazk/Projects/DFS_Semi_Streaming/input/random_graphs/graph_1000_499500_UNIFORM_1128313391724783137.txt (Time: 0.00s)
📦 COPIED from HDD: /media/HDD/Projects/ExpDFS/graph_1000_499500_UNIFORM_716820155901718944.txt -> /home/shahbazk/Projects/DFS_Semi_Streaming/input/random_graphs/graph_1000_499500_UNIFORM_716820155901718944.txt (Time: 0.00s)
📦 COPIED from HDD: /media/HDD/Projects/ExpDFS/graph_1000_499500_UNIFORM_8718380604043999642.txt -> /home/shahbazk/Projects/DFS_Semi_Streaming/input/random_graphs/graph_1000_499500_UNIFORM_8718380604043999642.txt (Time: 0.00s)
📦 COPIED from HDD: /media/HDD/Projects/ExpDFS/graph_1000_499500_UNIFORM_5063475852268941542.txt -> /home/shahbazk/Projects/DFS_Semi_Streaming/input/random_graphs/graph_1000_499500_UNIFORM_5063475852268941542.txt (Time: 0.00s)
📦 COPIED from HDD: /media/HDD/Projects/ExpDFS/graph_1000_499500_UNIFORM_3817405844514670994.txt -> /home/shahbazk/Projects/DFS_Semi_Streaming/input/random_graphs/graph_1000_499500_UNIFORM_3817405844514670994.txt (Time: 0.01s)
📦 COPIED from HDD: /media/HDD/Projects/ExpDFS/graph_1000_499500_UNIFORM_4997514996153925447.txt -> /home/shahbazk/Projects/DFS_Semi_Streaming/input/random_graphs/graph_1000_499500_UNIFORM_4997514996153925447.txt (Time: 0.01s)
📦 COPIED from HDD: /media/HDD/Projects/ExpDFS/graph_1000_499500_UNIFORM_8446481348147407377.txt -> /home/shahbazk/Projects/DFS_Semi_Streaming/input/random_graphs/graph_1000_499500_UNIFORM_8446481348147407377.txt (Time: 0.00s)
📦 COPIED from HDD: /media/HDD/Projects/ExpDFS/graph_1000_499500_UNIFORM_6529943913552561417.txt -> /home/shahbazk/Projects/DFS_Semi_Streaming/input/random_graphs/graph_1000_499500_UNIFORM_6529943913552561417.txt (Time: 0.00s)
📦 COPIED from HDD: /media/HDD/Projects/ExpDFS/graph_1000_499500_UNIFORM_1170385908854608748.txt -> /home/shahbazk/Projects/DFS_Semi_Streaming/input/random_graphs/graph_1000_499500_UNIFORM_1170385908854608748.txt (Time: 0.00s)
📦 COPIED from HDD: /media/HDD/Projects/ExpDFS/graph_1000_499500_UNIFORM_2909934787168262407.txt -> /home/shahbazk/Projects/DFS_Semi_Streaming/input/random_graphs/graph_1000_499500_UNIFORM_2909934787168262407.txt (Time: 0.00s)
📦 COPIED from HDD: /media/HDD/Projects/ExpDFS/graph_1000_499500_UNIFORM_6022436717541034636.txt -> /home/shahbazk/Projects/DFS_Semi_Streaming/input/random_graphs/graph_1000_499500_UNIFORM_6022436717541034636.txt (Time: 0.00s)
📦 COPIED from HDD: /media/HDD/Projects/ExpDFS/graph_1000_499500_UNIFORM_3713827327871807734.txt -> /home/shahbazk/Projects/DFS_Semi_Streaming/input/random_graphs/graph_1000_499500_UNIFORM_3713827327871807734.txt (Time: 0.00s)
📦 COPIED from HDD: /media/HDD/Projects/ExpDFS/graph_1000_499500_UNIFORM_199422815561151340.txt -> /home/shahbazk/Projects/DFS_Semi_Streaming/input/random_graphs/graph_1000_499500_UNIFORM_199422815561151340.txt (Time: 0.00s)
📦 COPIED from HDD: /media/HDD/Projects/ExpDFS/graph_1000_499500_UNIFORM_175493991617213850.txt -> /home/shahbazk/Projects/DFS_Semi_Streaming/input/random_graphs/graph_1000_499500_UNIFORM_175493991617213850.txt (Time: 0.00s)
📦 COPIED from HDD: /media/HDD/Projects/ExpDFS/graph_1000_499500_UNIFORM_5108599054664628607.txt -> /home/shahbazk/Projects/DFS_Semi_Streaming/input/random_graphs/graph_1000_499500_UNIFORM_5108599054664628607.txt (Time: 0.00s)
📦 COPIED from HDD: /media/HDD/Projects/ExpDFS/graph_1000_499500_UNIFORM_9060210648189963449.txt -> /home/shahbazk/Projects/DFS_Semi_Streaming/input/random_graphs/graph_1000_499500_UNIFORM_9060210648189963449.txt (Time: 0.00s)
📦 COPIED from HDD: /media/HDD/Projects/ExpDFS/graph_1000_499500_UNIFORM_7644420139408884785.txt -> /home/shahbazk/Projects/DFS_Semi_Streaming/input/random_graphs/graph_1000_499500_UNIFORM_7644420139408884785.txt (Time: 0.00s)
📦 COPIED from HDD: /media/HDD/Projects/ExpDFS/graph_1000_499500_UNIFORM_9130666990809746335.txt -> /home/shahbazk/Projects/DFS_Semi_Streaming/input/random_graphs/graph_1000_499500_UNIFORM_9130666990809746335.txt (Time: 0.00s)
📦 COPIED from HDD: /media/HDD/Projects/ExpDFS/graph_1000_499500_UNIFORM_4060584409398689268.txt -> /home/shahbazk/Projects/DFS_Semi_Streaming/input/random_graphs/graph_1000_499500_UNIFORM_4060584409398689268.txt (Time: 0.00s)
📦 COPIED from HDD: /media/HDD/Projects/ExpDFS/graph_1000_499500_UNIFORM_5497874167834979553.txt -> /home/shahbazk/Projects/DFS_Semi_Streaming/input/random_graphs/graph_1000_499500_UNIFORM_5497874167834979553.txt (Time: 0.00s)
📦 COPIED from HDD: /media/HDD/Projects/ExpDFS/graph_1000_499500_UNIFORM_8626102704817790064.txt -> /home/shahbazk/Projects/DFS_Semi_Streaming/input/random_graphs/graph_1000_499500_UNIFORM_8626102704817790064.txt (Time: 0.00s)
📦 COPIED from HDD: /media/HDD/Projects/ExpDFS/graph_1000_499500_UNIFORM_1722224698700348310.txt -> /home/shahbazk/Projects/DFS_Semi_Streaming/input/random_graphs/graph_1000_499500_UNIFORM_1722224698700348310.txt (Time: 0.00s)
📦 COPIED from HDD: /media/HDD/Projects/ExpDFS/graph_1000_499500_UNIFORM_6764066939395682287.txt -> /home/shahbazk/Projects/DFS_Semi_Streaming/input/random_graphs/graph_1000_499500_UNIFORM_6764066939395682287.txt (Time: 0.00s)
📦 COPIED from HDD: /media/HDD/Projects/ExpDFS/graph_1000_499500_UNIFORM_1392892770529522614.txt -> /home/shahbazk/Projects/DFS_Semi_Streaming/input/random_graphs/graph_1000_499500_UNIFORM_1392892770529522614.txt (Time: 0.00s)
📦 COPIED from HDD: /media/HDD/Projects/ExpDFS/graph_1000_499500_UNIFORM_2089506265998900862.txt -> /home/shahbazk/Projects/DFS_Semi_Streaming/input/random_graphs/graph_1000_499500_UNIFORM_2089506265998900862.txt (Time: 0.00s)
📦 COPIED from HDD: /media/HDD/Projects/ExpDFS/graph_1000_499500_UNIFORM_1458186392400727732.txt -> /home/shahbazk/Projects/DFS_Semi_Streaming/input/random_graphs/graph_1000_499500_UNIFORM_1458186392400727732.txt (Time: 0.00s)
📦 COPIED from HDD: /media/HDD/Projects/ExpDFS/graph_1000_499500_UNIFORM_4250897495980125004.txt -> /home/shahbazk/Projects/DFS_Semi_Streaming/input/random_graphs/graph_1000_499500_UNIFORM_4250897495980125004.txt (Time: 0.00s)
📦 COPIED from HDD: /media/HDD/Projects/ExpDFS/graph_1000_499500_UNIFORM_1332005502874566195.txt -> /home/shahbazk/Projects/DFS_Semi_Streaming/input/random_graphs/graph_1000_499500_UNIFORM_1332005502874566195.txt (Time: 0.00s)
📦 COPIED from HDD: /media/HDD/Projects/ExpDFS/graph_1000_499500_UNIFORM_8794274795737982182.txt -> /home/shahbazk/Projects/DFS_Semi_Streaming/input/random_graphs/graph_1000_499500_UNIFORM_8794274795737982182.txt (Time: 0.00s)
📦 COPIED from HDD: /media/HDD/Projects/ExpDFS/graph_1000_499500_UNIFORM_4934890601268679176.txt -> /home/shahbazk/Projects/DFS_Semi_Streaming/input/random_graphs/graph_1000_499500_UNIFORM_4934890601268679176.txt (Time: 0.00s)
📦 COPIED from HDD: /media/HDD/Projects/ExpDFS/graph_1000_499500_UNIFORM_1992204328026194281.txt -> /home/shahbazk/Projects/DFS_Semi_Streaming/input/random_graphs/graph_1000_499500_UNIFORM_1992204328026194281.txt (Time: 0.00s)
📦 COPIED from HDD: /media/HDD/Projects/ExpDFS/graph_1000_499500_UNIFORM_7118744415197196276.txt -> /home/shahbazk/Projects/DFS_Semi_Streaming/input/random_graphs/graph_1000_499500_UNIFORM_7118744415197196276.txt (Time: 0.00s)
📦 COPIED from HDD: /media/HDD/Projects/ExpDFS/graph_1000_499500_UNIFORM_7905487461282246979.txt -> /home/shahbazk/Projects/DFS_Semi_Streaming/input/random_graphs/graph_1000_499500_UNIFORM_7905487461282246979.txt (Time: 0.00s)
📦 COPIED from HDD: /media/HDD/Projects/ExpDFS/graph_1000_499500_UNIFORM_2718103348384927511.txt -> /home/shahbazk/Projects/DFS_Semi_Streaming/input/random_graphs/graph_1000_499500_UNIFORM_2718103348384927511.txt (Time: 0.00s)
📦 COPIED from HDD: /media/HDD/Projects/ExpDFS/graph_1000_499500_UNIFORM_8448596294177070022.txt -> /home/shahbazk/Projects/DFS_Semi_Streaming/input/random_graphs/graph_1000_499500_UNIFORM_8448596294177070022.txt (Time: 0.00s)
📦 COPIED from HDD: /media/HDD/Projects/ExpDFS/graph_1000_499500_UNIFORM_7449662661572224354.txt -> /home/shahbazk/Projects/DFS_Semi_Streaming/input/random_graphs/graph_1000_499500_UNIFORM_7449662661572224354.txt (Time: 0.00s)
📦 COPIED from HDD: /media/HDD/Projects/ExpDFS/graph_1000_499500_UNIFORM_3221421291694197220.txt -> /home/shahbazk/Projects/DFS_Semi_Streaming/input/random_graphs/graph_1000_499500_UNIFORM_3221421291694197220.txt (Time: 0.00s)
📦 COPIED from HDD: /media/HDD/Projects/ExpDFS/graph_1000_499500_UNIFORM_4795749165124911768.txt -> /home/shahbazk/Projects/DFS_Semi_Streaming/input/random_graphs/graph_1000_499500_UNIFORM_4795749165124911768.txt (Time: 0.00s)
📦 COPIED from HDD: /media/HDD/Projects/ExpDFS/graph_1000_499500_UNIFORM_9059990922233379852.txt -> /home/shahbazk/Projects/DFS_Semi_Streaming/input/random_graphs/graph_1000_499500_UNIFORM_9059990922233379852.txt (Time: 0.00s)
📦 COPIED from HDD: /media/HDD/Projects/ExpDFS/graph_1000_499500_UNIFORM_5894893360759659423.txt -> /home/shahbazk/Projects/DFS_Semi_Streaming/input/random_graphs/graph_1000_499500_UNIFORM_5894893360759659423.txt (Time: 0.00s)
📦 COPIED from HDD: /media/HDD/Projects/ExpDFS/graph_1000_499500_UNIFORM_8867616339855336876.txt -> /home/shahbazk/Projects/DFS_Semi_Streaming/input/random_graphs/graph_1000_499500_UNIFORM_8867616339855336876.txt (Time: 0.00s)
📦 COPIED from HDD: /media/HDD/Projects/ExpDFS/graph_1000_499500_UNIFORM_7983805977214098674.txt -> /home/shahbazk/Projects/DFS_Semi_Streaming/input/random_graphs/graph_1000_499500_UNIFORM_7983805977214098674.txt (Time: 0.00s)
📦 COPIED from HDD: /media/HDD/Projects/ExpDFS/graph_1000_499500_UNIFORM_2264398621601381987.txt -> /home/shahbazk/Projects/DFS_Semi_Streaming/input/random_graphs/graph_1000_499500_UNIFORM_2264398621601381987.txt (Time: 0.00s)
📦 COPIED from HDD: /media/HDD/Projects/ExpDFS/graph_1000_499500_UNIFORM_7632458674696225362.txt -> /home/shahbazk/Projects/DFS_Semi_Streaming/input/random_graphs/graph_1000_499500_UNIFORM_7632458674696225362.txt (Time: 0.00s)
📦 COPIED from HDD: /media/HDD/Projects/ExpDFS/graph_1000_499500_UNIFORM_4940913311242578590.txt -> /home/shahbazk/Projects/DFS_Semi_Streaming/input/random_graphs/graph_1000_499500_UNIFORM_4940913311242578590.txt (Time: 0.00s)
📦 COPIED from HDD: /media/HDD/Projects/ExpDFS/graph_1200_719400_UNIFORM_6230961512046992311.txt -> /home/shahbazk/Projects/DFS_Semi_Streaming/input/random_graphs/graph_1200_719400_UNIFORM_6230961512046992311.txt (Time: 0.01s)
📦 COPIED from HDD: /media/HDD/Projects/ExpDFS/graph_1200_719400_UNIFORM_7871178979383552919.txt -> /home/shahbazk/Projects/DFS_Semi_Streaming/input/random_graphs/graph_1200_719400_UNIFORM_7871178979383552919.txt (Time: 0.01s)
📦 COPIED from HDD: /media/HDD/Projects/ExpDFS/graph_1200_719400_UNIFORM_5739955973604961613.txt -> /home/shahbazk/Projects/DFS_Semi_Streaming/input/random_graphs/graph_1200_719400_UNIFORM_5739955973604961613.txt (Time: 0.01s)
📦 COPIED from HDD: /media/HDD/Projects/ExpDFS/graph_1200_719400_UNIFORM_3881801951614183357.txt -> /home/shahbazk/Projects/DFS_Semi_Streaming/input/random_graphs/graph_1200_719400_UNIFORM_3881801951614183357.txt (Time: 0.01s)
📦 COPIED from HDD: /media/HDD/Projects/ExpDFS/graph_1200_719400_UNIFORM_7599700178212337699.txt -> /home/shahbazk/Projects/DFS_Semi_Streaming/input/random_graphs/graph_1200_719400_UNIFORM_7599700178212337699.txt (Time: 0.01s)
📦 COPIED from HDD: /media/HDD/Projects/ExpDFS/graph_1200_719400_UNIFORM_7032710160631691991.txt -> /home/shahbazk/Projects/DFS_Semi_Streaming/input/random_graphs/graph_1200_719400_UNIFORM_7032710160631691991.txt (Time: 0.01s)
📦 COPIED from HDD: /media/HDD/Projects/ExpDFS/graph_1200_719400_UNIFORM_4040737767143389431.txt -> /home/shahbazk/Projects/DFS_Semi_Streaming/input/random_graphs/graph_1200_719400_UNIFORM_4040737767143389431.txt (Time: 0.01s)
📦 COPIED from HDD: /media/HDD/Projects/ExpDFS/graph_1200_719400_UNIFORM_6522163754831416203.txt -> /home/shahbazk/Projects/DFS_Semi_Streaming/input/random_graphs/graph_1200_719400_UNIFORM_6522163754831416203.txt (Time: 0.01s)
📦 COPIED from HDD: /media/HDD/Projects/ExpDFS/graph_1200_719400_UNIFORM_1250005700364523649.txt -> /home/shahbazk/Projects/DFS_Semi_Streaming/input/random_graphs/graph_1200_719400_UNIFORM_1250005700364523649.txt (Time: 0.01s)
📦 COPIED from HDD: /media/HDD/Projects/ExpDFS/graph_1200_719400_UNIFORM_1070244953599069350.txt -> /home/shahbazk/Projects/DFS_Semi_Streaming/input/random_graphs/graph_1200_719400_UNIFORM_1070244953599069350.txt (Time: 0.01s)
📦 COPIED from HDD: /media/HDD/Projects/ExpDFS/graph_1200_719400_UNIFORM_320375091487821987.txt -> /home/shahbazk/Projects/DFS_Semi_Streaming/input/random_graphs/graph_1200_719400_UNIFORM_320375091487821987.txt (Time: 0.01s)
📦 COPIED from HDD: /media/HDD/Projects/ExpDFS/graph_1200_719400_UNIFORM_1309542850049879452.txt -> /home/shahbazk/Projects/DFS_Semi_Streaming/input/random_graphs/graph_1200_719400_UNIFORM_1309542850049879452.txt (Time: 0.01s)
📦 COPIED from HDD: /media/HDD/Projects/ExpDFS/graph_1200_719400_UNIFORM_7146860528564146064.txt -> /home/shahbazk/Projects/DFS_Semi_Streaming/input/random_graphs/graph_1200_719400_UNIFORM_7146860528564146064.txt (Time: 0.01s)
📦 COPIED from HDD: /media/HDD/Projects/ExpDFS/graph_1200_719400_UNIFORM_6938562734920028532.txt -> /home/shahbazk/Projects/DFS_Semi_Streaming/input/random_graphs/graph_1200_719400_UNIFORM_6938562734920028532.txt (Time: 0.01s)
📦 COPIED from HDD: /media/HDD/Projects/ExpDFS/graph_1200_719400_UNIFORM_7663871783842725848.txt -> /home/shahbazk/Projects/DFS_Semi_Streaming/input/random_graphs/graph_1200_719400_UNIFORM_7663871783842725848.txt (Time: 0.01s)
📦 COPIED from HDD: /media/HDD/Projects/ExpDFS/graph_1200_719400_UNIFORM_1353182403971399009.txt -> /home/shahbazk/Projects/DFS_Semi_Streaming/input/random_graphs/graph_1200_719400_UNIFORM_1353182403971399009.txt (Time: 0.01s)
📦 COPIED from HDD: /media/HDD/Projects/ExpDFS/graph_1200_719400_UNIFORM_1250773459040295677.txt -> /home/shahbazk/Projects/DFS_Semi_Streaming/input/random_graphs/graph_1200_719400_UNIFORM_1250773459040295677.txt (Time: 0.01s)
📦 COPIED from HDD: /media/HDD/Projects/ExpDFS/graph_1200_719400_UNIFORM_5142811650494845597.txt -> /home/shahbazk/Projects/DFS_Semi_Streaming/input/random_graphs/graph_1200_719400_UNIFORM_5142811650494845597.txt (Time: 0.01s)
📦 COPIED from HDD: /media/HDD/Projects/ExpDFS/graph_1200_719400_UNIFORM_5906957480796939447.txt -> /home/shahbazk/Projects/DFS_Semi_Streaming/input/random_graphs/graph_1200_719400_UNIFORM_5906957480796939447.txt (Time: 0.01s)
📦 COPIED from HDD: /media/HDD/Projects/ExpDFS/graph_1200_719400_UNIFORM_3438400432146115956.txt -> /home/shahbazk/Projects/DFS_Semi_Streaming/input/random_graphs/graph_1200_719400_UNIFORM_3438400432146115956.txt (Time: 0.01s)
📦 COPIED from HDD: /media/HDD/Projects/ExpDFS/graph_1200_719400_UNIFORM_7473196763798409428.txt -> /home/shahbazk/Projects/DFS_Semi_Streaming/input/random_graphs/graph_1200_719400_UNIFORM_7473196763798409428.txt (Time: 0.01s)
📦 COPIED from HDD: /media/HDD/Projects/ExpDFS/graph_1200_719400_UNIFORM_2429002973740178792.txt -> /home/shahbazk/Projects/DFS_Semi_Streaming/input/random_graphs/graph_1200_719400_UNIFORM_2429002973740178792.txt (Time: 0.01s)
📦 COPIED from HDD: /media/HDD/Projects/ExpDFS/graph_1200_719400_UNIFORM_5139481885857321791.txt -> /home/shahbazk/Projects/DFS_Semi_Streaming/input/random_graphs/graph_1200_719400_UNIFORM_5139481885857321791.txt (Time: 0.01s)
📦 COPIED from HDD: /media/HDD/Projects/ExpDFS/graph_1200_719400_UNIFORM_1731523882129807996.txt -> /home/shahbazk/Projects/DFS_Semi_Streaming/input/random_graphs/graph_1200_719400_UNIFORM_1731523882129807996.txt (Time: 0.01s)
📦 COPIED from HDD: /media/HDD/Projects/ExpDFS/graph_1200_719400_UNIFORM_1853590723603270879.txt -> /home/shahbazk/Projects/DFS_Semi_Streaming/input/random_graphs/graph_1200_719400_UNIFORM_1853590723603270879.txt (Time: 0.01s)
📦 COPIED from HDD: /media/HDD/Projects/ExpDFS/graph_1200_719400_UNIFORM_3010622984418968408.txt -> /home/shahbazk/Projects/DFS_Semi_Streaming/input/random_graphs/graph_1200_719400_UNIFORM_3010622984418968408.txt (Time: 0.01s)
📦 COPIED from HDD: /media/HDD/Projects/ExpDFS/graph_1200_719400_UNIFORM_5708372698381010775.txt -> /home/shahbazk/Projects/DFS_Semi_Streaming/input/random_graphs/graph_1200_719400_UNIFORM_5708372698381010775.txt (Time: 0.01s)
📦 COPIED from HDD: /media/HDD/Projects/ExpDFS/graph_1200_719400_UNIFORM_521787134863155063.txt -> /home/shahbazk/Projects/DFS_Semi_Streaming/input/random_graphs/graph_1200_719400_UNIFORM_521787134863155063.txt (Time: 0.01s)
📦 COPIED from HDD: /media/HDD/Projects/ExpDFS/graph_1200_719400_UNIFORM_6002685213311538187.txt -> /home/shahbazk/Projects/DFS_Semi_Streaming/input/random_graphs/graph_1200_719400_UNIFORM_6002685213311538187.txt (Time: 0.01s)
📦 COPIED from HDD: /media/HDD/Projects/ExpDFS/graph_1200_719400_UNIFORM_7029781962072644698.txt -> /home/shahbazk/Projects/DFS_Semi_Streaming/input/random_graphs/graph_1200_719400_UNIFORM_7029781962072644698.txt (Time: 0.01s)
📦 COPIED from HDD: /media/HDD/Projects/ExpDFS/graph_1200_719400_UNIFORM_5529616217668449934.txt -> /home/shahbazk/Projects/DFS_Semi_Streaming/input/random_graphs/graph_1200_719400_UNIFORM_5529616217668449934.txt (Time: 0.01s)
📦 COPIED from HDD: /media/HDD/Projects/ExpDFS/graph_1200_719400_UNIFORM_6785030173969523435.txt -> /home/shahbazk/Projects/DFS_Semi_Streaming/input/random_graphs/graph_1200_719400_UNIFORM_6785030173969523435.txt (Time: 0.01s)
📦 COPIED from HDD: /media/HDD/Projects/ExpDFS/graph_1200_719400_UNIFORM_1024517563182776983.txt -> /home/shahbazk/Projects/DFS_Semi_Streaming/input/random_graphs/graph_1200_719400_UNIFORM_1024517563182776983.txt (Time: 0.01s)
📦 COPIED from HDD: /media/HDD/Projects/ExpDFS/graph_1200_719400_UNIFORM_3224265581699847191.txt -> /home/shahbazk/Projects/DFS_Semi_Streaming/input/random_graphs/graph_1200_719400_UNIFORM_3224265581699847191.txt (Time: 0.01s)
📦 COPIED from HDD: /media/HDD/Projects/ExpDFS/graph_1200_719400_UNIFORM_5258051056098597521.txt -> /home/shahbazk/Projects/DFS_Semi_Streaming/input/random_graphs/graph_1200_719400_UNIFORM_5258051056098597521.txt (Time: 0.01s)
📦 COPIED from HDD: /media/HDD/Projects/ExpDFS/graph_1200_719400_UNIFORM_1647170069535670909.txt -> /home/shahbazk/Projects/DFS_Semi_Streaming/input/random_graphs/graph_1200_719400_UNIFORM_1647170069535670909.txt (Time: 0.01s)
📦 COPIED from HDD: /media/HDD/Projects/ExpDFS/graph_1200_719400_UNIFORM_4122784633514911760.txt -> /home/shahbazk/Projects/DFS_Semi_Streaming/input/random_graphs/graph_1200_719400_UNIFORM_4122784633514911760.txt (Time: 0.01s)
📦 COPIED from HDD: /media/HDD/Projects/ExpDFS/graph_1200_719400_UNIFORM_7706236040662210848.txt -> /home/shahbazk/Projects/DFS_Semi_Streaming/input/random_graphs/graph_1200_719400_UNIFORM_7706236040662210848.txt (Time: 0.01s)
📦 COPIED from HDD: /media/HDD/Projects/ExpDFS/graph_1200_719400_UNIFORM_824387247617288499.txt -> /home/shahbazk/Projects/DFS_Semi_Streaming/input/random_graphs/graph_1200_719400_UNIFORM_824387247617288499.txt (Time: 0.01s)
📦 COPIED from HDD: /media/HDD/Projects/ExpDFS/graph_1200_719400_UNIFORM_1632192924771168275.txt -> /home/shahbazk/Projects/DFS_Semi_Streaming/input/random_graphs/graph_1200_719400_UNIFORM_1632192924771168275.txt (Time: 0.01s)
📦 COPIED from HDD: /media/HDD/Projects/ExpDFS/graph_1200_719400_UNIFORM_7161906730445628483.txt -> /home/shahbazk/Projects/DFS_Semi_Streaming/input/random_graphs/graph_1200_719400_UNIFORM_7161906730445628483.txt (Time: 0.01s)
📦 COPIED from HDD: /media/HDD/Projects/ExpDFS/graph_1200_719400_UNIFORM_6802378520969450157.txt -> /home/shahbazk/Projects/DFS_Semi_Streaming/input/random_graphs/graph_1200_719400_UNIFORM_6802378520969450157.txt (Time: 0.01s)
📦 COPIED from HDD: /media/HDD/Projects/ExpDFS/graph_1200_719400_UNIFORM_4552998297316576788.txt -> /home/shahbazk/Projects/DFS_Semi_Streaming/input/random_graphs/graph_1200_719400_UNIFORM_4552998297316576788.txt (Time: 0.01s)
📦 COPIED from HDD: /media/HDD/Projects/ExpDFS/graph_1200_719400_UNIFORM_5349491008325879064.txt -> /home/shahbazk/Projects/DFS_Semi_Streaming/input/random_graphs/graph_1200_719400_UNIFORM_5349491008325879064.txt (Time: 0.01s)
📦 COPIED from HDD: /media/HDD/Projects/ExpDFS/graph_1200_719400_UNIFORM_8031431416522537101.txt -> /home/shahbazk/Projects/DFS_Semi_Streaming/input/random_graphs/graph_1200_719400_UNIFORM_8031431416522537101.txt (Time: 0.01s)
📦 COPIED from HDD: /media/HDD/Projects/ExpDFS/graph_1200_719400_UNIFORM_6614505080519948832.txt -> /home/shahbazk/Projects/DFS_Semi_Streaming/input/random_graphs/graph_1200_719400_UNIFORM_6614505080519948832.txt (Time: 0.01s)
📦 COPIED from HDD: /media/HDD/Projects/ExpDFS/graph_1200_719400_UNIFORM_5636411189175451024.txt -> /home/shahbazk/Projects/DFS_Semi_Streaming/input/random_graphs/graph_1200_719400_UNIFORM_5636411189175451024.txt (Time: 0.01s)
📦 COPIED from HDD: /media/HDD/Projects/ExpDFS/graph_1200_719400_UNIFORM_7938560551762094560.txt -> /home/shahbazk/Projects/DFS_Semi_Streaming/input/random_graphs/graph_1200_719400_UNIFORM_7938560551762094560.txt (Time: 0.01s)
📦 COPIED from HDD: /media/HDD/Projects/ExpDFS/graph_1200_719400_UNIFORM_6143643868734370809.txt -> /home/shahbazk/Projects/DFS_Semi_Streaming/input/random_graphs/graph_1200_719400_UNIFORM_6143643868734370809.txt (Time: 0.01s)
📦 COPIED from HDD: /media/HDD/Projects/ExpDFS/graph_1200_719400_UNIFORM_3272308573967577038.txt -> /home/shahbazk/Projects/DFS_Semi_Streaming/input/random_graphs/graph_1200_719400_UNIFORM_3272308573967577038.txt (Time: 0.01s)
📦 COPIED from HDD: /media/HDD/Projects/ExpDFS/graph_1200_719400_UNIFORM_3865339568260874865.txt -> /home/shahbazk/Projects/DFS_Semi_Streaming/input/random_graphs/graph_1200_719400_UNIFORM_3865339568260874865.txt (Time: 0.01s)
📦 COPIED from HDD: /media/HDD/Projects/ExpDFS/graph_1200_719400_UNIFORM_1128313391724783137.txt -> /home/shahbazk/Projects/DFS_Semi_Streaming/input/random_graphs/graph_1200_719400_UNIFORM_1128313391724783137.txt (Time: 0.01s)
📦 COPIED from HDD: /media/HDD/Projects/ExpDFS/graph_1200_719400_UNIFORM_7917045922527545890.txt -> /home/shahbazk/Projects/DFS_Semi_Streaming/input/random_graphs/graph_1200_719400_UNIFORM_7917045922527545890.txt (Time: 0.01s)
📦 COPIED from HDD: /media/HDD/Projects/ExpDFS/graph_1200_719400_UNIFORM_7921282862123281598.txt -> /home/shahbazk/Projects/DFS_Semi_Streaming/input/random_graphs/graph_1200_719400_UNIFORM_7921282862123281598.txt (Time: 0.01s)
📦 COPIED from HDD: /media/HDD/Projects/ExpDFS/graph_1200_719400_UNIFORM_4445925461710302877.txt -> /home/shahbazk/Projects/DFS_Semi_Streaming/input/random_graphs/graph_1200_719400_UNIFORM_4445925461710302877.txt (Time: 0.01s)
📦 COPIED from HDD: /media/HDD/Projects/ExpDFS/graph_1200_719400_UNIFORM_6224222471595207695.txt -> /home/shahbazk/Projects/DFS_Semi_Streaming/input/random_graphs/graph_1200_719400_UNIFORM_6224222471595207695.txt (Time: 0.01s)
📦 COPIED from HDD: /media/HDD/Projects/ExpDFS/graph_1200_719400_UNIFORM_8718380604043999642.txt -> /home/shahbazk/Projects/DFS_Semi_Streaming/input/random_graphs/graph_1200_719400_UNIFORM_8718380604043999642.txt (Time: 0.01s)
📦 COPIED from HDD: /media/HDD/Projects/ExpDFS/graph_1200_719400_UNIFORM_6529943913552561417.txt -> /home/shahbazk/Projects/DFS_Semi_Streaming/input/random_graphs/graph_1200_719400_UNIFORM_6529943913552561417.txt (Time: 0.01s)
📦 COPIED from HDD: /media/HDD/Projects/ExpDFS/graph_1200_719400_UNIFORM_716820155901718944.txt -> /home/shahbazk/Projects/DFS_Semi_Streaming/input/random_graphs/graph_1200_719400_UNIFORM_716820155901718944.txt (Time: 0.01s)
📦 COPIED from HDD: /media/HDD/Projects/ExpDFS/graph_1200_719400_UNIFORM_5063475852268941542.txt -> /home/shahbazk/Projects/DFS_Semi_Streaming/input/random_graphs/graph_1200_719400_UNIFORM_5063475852268941542.txt (Time: 0.01s)
📦 COPIED from HDD: /media/HDD/Projects/ExpDFS/graph_1200_719400_UNIFORM_4997514996153925447.txt -> /home/shahbazk/Projects/DFS_Semi_Streaming/input/random_graphs/graph_1200_719400_UNIFORM_4997514996153925447.txt (Time: 0.01s)
📦 COPIED from HDD: /media/HDD/Projects/ExpDFS/graph_1200_719400_UNIFORM_8446481348147407377.txt -> /home/shahbazk/Projects/DFS_Semi_Streaming/input/random_graphs/graph_1200_719400_UNIFORM_8446481348147407377.txt (Time: 0.01s)
📦 COPIED from HDD: /media/HDD/Projects/ExpDFS/graph_1200_719400_UNIFORM_3817405844514670994.txt -> /home/shahbazk/Projects/DFS_Semi_Streaming/input/random_graphs/graph_1200_719400_UNIFORM_3817405844514670994.txt (Time: 0.01s)
📦 COPIED from HDD: /media/HDD/Projects/ExpDFS/graph_1200_719400_UNIFORM_1170385908854608748.txt -> /home/shahbazk/Projects/DFS_Semi_Streaming/input/random_graphs/graph_1200_719400_UNIFORM_1170385908854608748.txt (Time: 0.01s)
📦 COPIED from HDD: /media/HDD/Projects/ExpDFS/graph_1200_719400_UNIFORM_2909934787168262407.txt -> /home/shahbazk/Projects/DFS_Semi_Streaming/input/random_graphs/graph_1200_719400_UNIFORM_2909934787168262407.txt (Time: 0.01s)
📦 COPIED from HDD: /media/HDD/Projects/ExpDFS/graph_1200_719400_UNIFORM_199422815561151340.txt -> /home/shahbazk/Projects/DFS_Semi_Streaming/input/random_graphs/graph_1200_719400_UNIFORM_199422815561151340.txt (Time: 0.01s)
📦 COPIED from HDD: /media/HDD/Projects/ExpDFS/graph_1200_719400_UNIFORM_3713827327871807734.txt -> /home/shahbazk/Projects/DFS_Semi_Streaming/input/random_graphs/graph_1200_719400_UNIFORM_3713827327871807734.txt (Time: 0.01s)
📦 COPIED from HDD: /media/HDD/Projects/ExpDFS/graph_1200_719400_UNIFORM_6022436717541034636.txt -> /home/shahbazk/Projects/DFS_Semi_Streaming/input/random_graphs/graph_1200_719400_UNIFORM_6022436717541034636.txt (Time: 0.01s)
📦 COPIED from HDD: /media/HDD/Projects/ExpDFS/graph_1200_719400_UNIFORM_175493991617213850.txt -> /home/shahbazk/Projects/DFS_Semi_Streaming/input/random_graphs/graph_1200_719400_UNIFORM_175493991617213850.txt (Time: 0.01s)
📦 COPIED from HDD: /media/HDD/Projects/ExpDFS/graph_1200_719400_UNIFORM_5108599054664628607.txt -> /home/shahbazk/Projects/DFS_Semi_Streaming/input/random_graphs/graph_1200_719400_UNIFORM_5108599054664628607.txt (Time: 0.01s)
📦 COPIED from HDD: /media/HDD/Projects/ExpDFS/graph_1200_719400_UNIFORM_6764066939395682287.txt -> /home/shahbazk/Projects/DFS_Semi_Streaming/input/random_graphs/graph_1200_719400_UNIFORM_6764066939395682287.txt (Time: 0.01s)
📦 COPIED from HDD: /media/HDD/Projects/ExpDFS/graph_1200_719400_UNIFORM_9130666990809746335.txt -> /home/shahbazk/Projects/DFS_Semi_Streaming/input/random_graphs/graph_1200_719400_UNIFORM_9130666990809746335.txt (Time: 0.01s)
📦 COPIED from HDD: /media/HDD/Projects/ExpDFS/graph_1200_719400_UNIFORM_7644420139408884785.txt -> /home/shahbazk/Projects/DFS_Semi_Streaming/input/random_graphs/graph_1200_719400_UNIFORM_7644420139408884785.txt (Time: 0.01s)
📦 COPIED from HDD: /media/HDD/Projects/ExpDFS/graph_1200_719400_UNIFORM_1458186392400727732.txt -> /home/shahbazk/Projects/DFS_Semi_Streaming/input/random_graphs/graph_1200_719400_UNIFORM_1458186392400727732.txt (Time: 0.01s)
📦 COPIED from HDD: /media/HDD/Projects/ExpDFS/graph_1200_719400_UNIFORM_1392892770529522614.txt -> /home/shahbazk/Projects/DFS_Semi_Streaming/input/random_graphs/graph_1200_719400_UNIFORM_1392892770529522614.txt (Time: 0.01s)
📦 COPIED from HDD: /media/HDD/Projects/ExpDFS/graph_1200_719400_UNIFORM_4250897495980125004.txt -> /home/shahbazk/Projects/DFS_Semi_Streaming/input/random_graphs/graph_1200_719400_UNIFORM_4250897495980125004.txt (Time: 0.01s)
📦 COPIED from HDD: /media/HDD/Projects/ExpDFS/graph_1200_719400_UNIFORM_9060210648189963449.txt -> /home/shahbazk/Projects/DFS_Semi_Streaming/input/random_graphs/graph_1200_719400_UNIFORM_9060210648189963449.txt (Time: 0.01s)
📦 COPIED from HDD: /media/HDD/Projects/ExpDFS/graph_1200_719400_UNIFORM_2089506265998900862.txt -> /home/shahbazk/Projects/DFS_Semi_Streaming/input/random_graphs/graph_1200_719400_UNIFORM_2089506265998900862.txt (Time: 0.01s)
📦 COPIED from HDD: /media/HDD/Projects/ExpDFS/graph_1200_719400_UNIFORM_5497874167834979553.txt -> /home/shahbazk/Projects/DFS_Semi_Streaming/input/random_graphs/graph_1200_719400_UNIFORM_5497874167834979553.txt (Time: 0.01s)
📦 COPIED from HDD: /media/HDD/Projects/ExpDFS/graph_1200_719400_UNIFORM_8794274795737982182.txt -> /home/shahbazk/Projects/DFS_Semi_Streaming/input/random_graphs/graph_1200_719400_UNIFORM_8794274795737982182.txt (Time: 0.01s)
📦 COPIED from HDD: /media/HDD/Projects/ExpDFS/graph_1200_719400_UNIFORM_1332005502874566195.txt -> /home/shahbazk/Projects/DFS_Semi_Streaming/input/random_graphs/graph_1200_719400_UNIFORM_1332005502874566195.txt (Time: 0.01s)
📦 COPIED from HDD: /media/HDD/Projects/ExpDFS/graph_1200_719400_UNIFORM_4060584409398689268.txt -> /home/shahbazk/Projects/DFS_Semi_Streaming/input/random_graphs/graph_1200_719400_UNIFORM_4060584409398689268.txt (Time: 0.01s)
📦 COPIED from HDD: /media/HDD/Projects/ExpDFS/graph_1200_719400_UNIFORM_1722224698700348310.txt -> /home/shahbazk/Projects/DFS_Semi_Streaming/input/random_graphs/graph_1200_719400_UNIFORM_1722224698700348310.txt (Time: 0.01s)
📦 COPIED from HDD: /media/HDD/Projects/ExpDFS/graph_1200_719400_UNIFORM_8448596294177070022.txt -> /home/shahbazk/Projects/DFS_Semi_Streaming/input/random_graphs/graph_1200_719400_UNIFORM_8448596294177070022.txt (Time: 0.01s)
📦 COPIED from HDD: /media/HDD/Projects/ExpDFS/graph_1200_719400_UNIFORM_4795749165124911768.txt -> /home/shahbazk/Projects/DFS_Semi_Streaming/input/random_graphs/graph_1200_719400_UNIFORM_4795749165124911768.txt (Time: 0.01s)
📦 COPIED from HDD: /media/HDD/Projects/ExpDFS/graph_1200_719400_UNIFORM_1992204328026194281.txt -> /home/shahbazk/Projects/DFS_Semi_Streaming/input/random_graphs/graph_1200_719400_UNIFORM_1992204328026194281.txt (Time: 0.01s)
📦 COPIED from HDD: /media/HDD/Projects/ExpDFS/graph_1200_719400_UNIFORM_8626102704817790064.txt -> /home/shahbazk/Projects/DFS_Semi_Streaming/input/random_graphs/graph_1200_719400_UNIFORM_8626102704817790064.txt (Time: 0.01s)
📦 COPIED from HDD: /media/HDD/Projects/ExpDFS/graph_1200_719400_UNIFORM_7905487461282246979.txt -> /home/shahbazk/Projects/DFS_Semi_Streaming/input/random_graphs/graph_1200_719400_UNIFORM_7905487461282246979.txt (Time: 0.01s)
📦 COPIED from HDD: /media/HDD/Projects/ExpDFS/graph_1200_719400_UNIFORM_7118744415197196276.txt -> /home/shahbazk/Projects/DFS_Semi_Streaming/input/random_graphs/graph_1200_719400_UNIFORM_7118744415197196276.txt (Time: 0.01s)
📦 COPIED from HDD: /media/HDD/Projects/ExpDFS/graph_1200_719400_UNIFORM_4934890601268679176.txt -> /home/shahbazk/Projects/DFS_Semi_Streaming/input/random_graphs/graph_1200_719400_UNIFORM_4934890601268679176.txt (Time: 0.01s)
📦 COPIED from HDD: /media/HDD/Projects/ExpDFS/graph_1200_719400_UNIFORM_2718103348384927511.txt -> /home/shahbazk/Projects/DFS_Semi_Streaming/input/random_graphs/graph_1200_719400_UNIFORM_2718103348384927511.txt (Time: 0.01s)
📦 COPIED from HDD: /media/HDD/Projects/ExpDFS/graph_1200_719400_UNIFORM_9059990922233379852.txt -> /home/shahbazk/Projects/DFS_Semi_Streaming/input/random_graphs/graph_1200_719400_UNIFORM_9059990922233379852.txt (Time: 0.01s)
📦 COPIED from HDD: /media/HDD/Projects/ExpDFS/graph_1200_719400_UNIFORM_3221421291694197220.txt -> /home/shahbazk/Projects/DFS_Semi_Streaming/input/random_graphs/graph_1200_719400_UNIFORM_3221421291694197220.txt (Time: 0.01s)
📦 COPIED from HDD: /media/HDD/Projects/ExpDFS/graph_1200_719400_UNIFORM_8867616339855336876.txt -> /home/shahbazk/Projects/DFS_Semi_Streaming/input/random_graphs/graph_1200_719400_UNIFORM_8867616339855336876.txt (Time: 0.01s)
📦 COPIED from HDD: /media/HDD/Projects/ExpDFS/graph_1200_719400_UNIFORM_7449662661572224354.txt -> /home/shahbazk/Projects/DFS_Semi_Streaming/input/random_graphs/graph_1200_719400_UNIFORM_7449662661572224354.txt (Time: 0.01s)
📦 COPIED from HDD: /media/HDD/Projects/ExpDFS/graph_1200_719400_UNIFORM_5894893360759659423.txt -> /home/shahbazk/Projects/DFS_Semi_Streaming/input/random_graphs/graph_1200_719400_UNIFORM_5894893360759659423.txt (Time: 0.01s)
📦 COPIED from HDD: /media/HDD/Projects/ExpDFS/graph_1200_719400_UNIFORM_4940913311242578590.txt -> /home/shahbazk/Projects/DFS_Semi_Streaming/input/random_graphs/graph_1200_719400_UNIFORM_4940913311242578590.txt (Time: 0.01s)
📦 COPIED from HDD: /media/HDD/Projects/ExpDFS/graph_1200_719400_UNIFORM_7983805977214098674.txt -> /home/shahbazk/Projects/DFS_Semi_Streaming/input/random_graphs/graph_1200_719400_UNIFORM_7983805977214098674.txt (Time: 0.01s)
📦 COPIED from HDD: /media/HDD/Projects/ExpDFS/graph_1200_719400_UNIFORM_2264398621601381987.txt -> /home/shahbazk/Projects/DFS_Semi_Streaming/input/random_graphs/graph_1200_719400_UNIFORM_2264398621601381987.txt (Time: 0.01s)
📦 COPIED from HDD: /media/HDD/Projects/ExpDFS/graph_1200_719400_UNIFORM_7632458674696225362.txt -> /home/shahbazk/Projects/DFS_Semi_Streaming/input/random_graphs/graph_1200_719400_UNIFORM_7632458674696225362.txt (Time: 0.01s)
📦 COPIED from HDD: /media/HDD/Projects/ExpDFS/graph_1400_979300_UNIFORM_7871178979383552919.txt -> /home/shahbazk/Projects/DFS_Semi_Streaming/input/random_graphs/graph_1400_979300_UNIFORM_7871178979383552919.txt (Time: 0.01s)
📦 COPIED from HDD: /media/HDD/Projects/ExpDFS/graph_1400_979300_UNIFORM_6230961512046992311.txt -> /home/shahbazk/Projects/DFS_Semi_Streaming/input/random_graphs/graph_1400_979300_UNIFORM_6230961512046992311.txt (Time: 0.01s)
📦 COPIED from HDD: /media/HDD/Projects/ExpDFS/graph_1400_979300_UNIFORM_5739955973604961613.txt -> /home/shahbazk/Projects/DFS_Semi_Streaming/input/random_graphs/graph_1400_979300_UNIFORM_5739955973604961613.txt (Time: 0.01s)
📦 COPIED from HDD: /media/HDD/Projects/ExpDFS/graph_1400_979300_UNIFORM_3881801951614183357.txt -> /home/shahbazk/Projects/DFS_Semi_Streaming/input/random_graphs/graph_1400_979300_UNIFORM_3881801951614183357.txt (Time: 0.01s)
📦 COPIED from HDD: /media/HDD/Projects/ExpDFS/graph_1400_979300_UNIFORM_7599700178212337699.txt -> /home/shahbazk/Projects/DFS_Semi_Streaming/input/random_graphs/graph_1400_979300_UNIFORM_7599700178212337699.txt (Time: 0.01s)
📦 COPIED from HDD: /media/HDD/Projects/ExpDFS/graph_1400_979300_UNIFORM_7032710160631691991.txt -> /home/shahbazk/Projects/DFS_Semi_Streaming/input/random_graphs/graph_1400_979300_UNIFORM_7032710160631691991.txt (Time: 0.01s)
📦 COPIED from HDD: /media/HDD/Projects/ExpDFS/graph_1400_979300_UNIFORM_1353182403971399009.txt -> /home/shahbazk/Projects/DFS_Semi_Streaming/input/random_graphs/graph_1400_979300_UNIFORM_1353182403971399009.txt (Time: 0.01s)
📦 COPIED from HDD: /media/HDD/Projects/ExpDFS/graph_1400_979300_UNIFORM_1309542850049879452.txt -> /home/shahbazk/Projects/DFS_Semi_Streaming/input/random_graphs/graph_1400_979300_UNIFORM_1309542850049879452.txt (Time: 0.01s)
📦 COPIED from HDD: /media/HDD/Projects/ExpDFS/graph_1400_979300_UNIFORM_6938562734920028532.txt -> /home/shahbazk/Projects/DFS_Semi_Streaming/input/random_graphs/graph_1400_979300_UNIFORM_6938562734920028532.txt (Time: 0.01s)
📦 COPIED from HDD: /media/HDD/Projects/ExpDFS/graph_1400_979300_UNIFORM_1070244953599069350.txt -> /home/shahbazk/Projects/DFS_Semi_Streaming/input/random_graphs/graph_1400_979300_UNIFORM_1070244953599069350.txt (Time: 0.01s)
📦 COPIED from HDD: /media/HDD/Projects/ExpDFS/graph_1400_979300_UNIFORM_6522163754831416203.txt -> /home/shahbazk/Projects/DFS_Semi_Streaming/input/random_graphs/graph_1400_979300_UNIFORM_6522163754831416203.txt (Time: 0.01s)
📦 COPIED from HDD: /media/HDD/Projects/ExpDFS/graph_1400_979300_UNIFORM_1250005700364523649.txt -> /home/shahbazk/Projects/DFS_Semi_Streaming/input/random_graphs/graph_1400_979300_UNIFORM_1250005700364523649.txt (Time: 0.01s)
📦 COPIED from HDD: /media/HDD/Projects/ExpDFS/graph_1400_979300_UNIFORM_2429002973740178792.txt -> /home/shahbazk/Projects/DFS_Semi_Streaming/input/random_graphs/graph_1400_979300_UNIFORM_2429002973740178792.txt (Time: 0.01s)
📦 COPIED from HDD: /media/HDD/Projects/ExpDFS/graph_1400_979300_UNIFORM_320375091487821987.txt -> /home/shahbazk/Projects/DFS_Semi_Streaming/input/random_graphs/graph_1400_979300_UNIFORM_320375091487821987.txt (Time: 0.01s)
📦 COPIED from HDD: /media/HDD/Projects/ExpDFS/graph_1400_979300_UNIFORM_7663871783842725848.txt -> /home/shahbazk/Projects/DFS_Semi_Streaming/input/random_graphs/graph_1400_979300_UNIFORM_7663871783842725848.txt (Time: 0.01s)
📦 COPIED from HDD: /media/HDD/Projects/ExpDFS/graph_1400_979300_UNIFORM_4040737767143389431.txt -> /home/shahbazk/Projects/DFS_Semi_Streaming/input/random_graphs/graph_1400_979300_UNIFORM_4040737767143389431.txt (Time: 0.01s)
📦 COPIED from HDD: /media/HDD/Projects/ExpDFS/graph_1400_979300_UNIFORM_7473196763798409428.txt -> /home/shahbazk/Projects/DFS_Semi_Streaming/input/random_graphs/graph_1400_979300_UNIFORM_7473196763798409428.txt (Time: 0.01s)
📦 COPIED from HDD: /media/HDD/Projects/ExpDFS/graph_1400_979300_UNIFORM_5139481885857321791.txt -> /home/shahbazk/Projects/DFS_Semi_Streaming/input/random_graphs/graph_1400_979300_UNIFORM_5139481885857321791.txt (Time: 0.01s)
📦 COPIED from HDD: /media/HDD/Projects/ExpDFS/graph_1400_979300_UNIFORM_5142811650494845597.txt -> /home/shahbazk/Projects/DFS_Semi_Streaming/input/random_graphs/graph_1400_979300_UNIFORM_5142811650494845597.txt (Time: 0.01s)
📦 COPIED from HDD: /media/HDD/Projects/ExpDFS/graph_1400_979300_UNIFORM_1250773459040295677.txt -> /home/shahbazk/Projects/DFS_Semi_Streaming/input/random_graphs/graph_1400_979300_UNIFORM_1250773459040295677.txt (Time: 0.01s)
📦 COPIED from HDD: /media/HDD/Projects/ExpDFS/graph_1400_979300_UNIFORM_5906957480796939447.txt -> /home/shahbazk/Projects/DFS_Semi_Streaming/input/random_graphs/graph_1400_979300_UNIFORM_5906957480796939447.txt (Time: 0.01s)
📦 COPIED from HDD: /media/HDD/Projects/ExpDFS/graph_1400_979300_UNIFORM_7146860528564146064.txt -> /home/shahbazk/Projects/DFS_Semi_Streaming/input/random_graphs/graph_1400_979300_UNIFORM_7146860528564146064.txt (Time: 0.01s)
📦 COPIED from HDD: /media/HDD/Projects/ExpDFS/graph_1400_979300_UNIFORM_3010622984418968408.txt -> /home/shahbazk/Projects/DFS_Semi_Streaming/input/random_graphs/graph_1400_979300_UNIFORM_3010622984418968408.txt (Time: 0.01s)
📦 COPIED from HDD: /media/HDD/Projects/ExpDFS/graph_1400_979300_UNIFORM_521787134863155063.txt -> /home/shahbazk/Projects/DFS_Semi_Streaming/input/random_graphs/graph_1400_979300_UNIFORM_521787134863155063.txt (Time: 0.01s)
📦 COPIED from HDD: /media/HDD/Projects/ExpDFS/graph_1400_979300_UNIFORM_6002685213311538187.txt -> /home/shahbazk/Projects/DFS_Semi_Streaming/input/random_graphs/graph_1400_979300_UNIFORM_6002685213311538187.txt (Time: 0.01s)
📦 COPIED from HDD: /media/HDD/Projects/ExpDFS/graph_1400_979300_UNIFORM_3438400432146115956.txt -> /home/shahbazk/Projects/DFS_Semi_Streaming/input/random_graphs/graph_1400_979300_UNIFORM_3438400432146115956.txt (Time: 0.01s)
📦 COPIED from HDD: /media/HDD/Projects/ExpDFS/graph_1400_979300_UNIFORM_5708372698381010775.txt -> /home/shahbazk/Projects/DFS_Semi_Streaming/input/random_graphs/graph_1400_979300_UNIFORM_5708372698381010775.txt (Time: 0.01s)
📦 COPIED from HDD: /media/HDD/Projects/ExpDFS/graph_1400_979300_UNIFORM_1853590723603270879.txt -> /home/shahbazk/Projects/DFS_Semi_Streaming/input/random_graphs/graph_1400_979300_UNIFORM_1853590723603270879.txt (Time: 0.01s)
📦 COPIED from HDD: /media/HDD/Projects/ExpDFS/graph_1400_979300_UNIFORM_6785030173969523435.txt -> /home/shahbazk/Projects/DFS_Semi_Streaming/input/random_graphs/graph_1400_979300_UNIFORM_6785030173969523435.txt (Time: 0.01s)
📦 COPIED from HDD: /media/HDD/Projects/ExpDFS/graph_1400_979300_UNIFORM_5529616217668449934.txt -> /home/shahbazk/Projects/DFS_Semi_Streaming/input/random_graphs/graph_1400_979300_UNIFORM_5529616217668449934.txt (Time: 0.01s)
📦 COPIED from HDD: /media/HDD/Projects/ExpDFS/graph_1400_979300_UNIFORM_1731523882129807996.txt -> /home/shahbazk/Projects/DFS_Semi_Streaming/input/random_graphs/graph_1400_979300_UNIFORM_1731523882129807996.txt (Time: 0.01s)
📦 COPIED from HDD: /media/HDD/Projects/ExpDFS/graph_1400_979300_UNIFORM_7029781962072644698.txt -> /home/shahbazk/Projects/DFS_Semi_Streaming/input/random_graphs/graph_1400_979300_UNIFORM_7029781962072644698.txt (Time: 0.01s)
📦 COPIED from HDD: /media/HDD/Projects/ExpDFS/graph_1400_979300_UNIFORM_1024517563182776983.txt -> /home/shahbazk/Projects/DFS_Semi_Streaming/input/random_graphs/graph_1400_979300_UNIFORM_1024517563182776983.txt (Time: 0.01s)
📦 COPIED from HDD: /media/HDD/Projects/ExpDFS/graph_1400_979300_UNIFORM_3224265581699847191.txt -> /home/shahbazk/Projects/DFS_Semi_Streaming/input/random_graphs/graph_1400_979300_UNIFORM_3224265581699847191.txt (Time: 0.01s)
📦 COPIED from HDD: /media/HDD/Projects/ExpDFS/graph_1400_979300_UNIFORM_5258051056098597521.txt -> /home/shahbazk/Projects/DFS_Semi_Streaming/input/random_graphs/graph_1400_979300_UNIFORM_5258051056098597521.txt (Time: 0.01s)
📦 COPIED from HDD: /media/HDD/Projects/ExpDFS/graph_1400_979300_UNIFORM_7706236040662210848.txt -> /home/shahbazk/Projects/DFS_Semi_Streaming/input/random_graphs/graph_1400_979300_UNIFORM_7706236040662210848.txt (Time: 0.01s)
📦 COPIED from HDD: /media/HDD/Projects/ExpDFS/graph_1400_979300_UNIFORM_4122784633514911760.txt -> /home/shahbazk/Projects/DFS_Semi_Streaming/input/random_graphs/graph_1400_979300_UNIFORM_4122784633514911760.txt (Time: 0.01s)
📦 COPIED from HDD: /media/HDD/Projects/ExpDFS/graph_1400_979300_UNIFORM_1647170069535670909.txt -> /home/shahbazk/Projects/DFS_Semi_Streaming/input/random_graphs/graph_1400_979300_UNIFORM_1647170069535670909.txt (Time: 0.01s)
📦 COPIED from HDD: /media/HDD/Projects/ExpDFS/graph_1400_979300_UNIFORM_1632192924771168275.txt -> /home/shahbazk/Projects/DFS_Semi_Streaming/input/random_graphs/graph_1400_979300_UNIFORM_1632192924771168275.txt (Time: 0.01s)
📦 COPIED from HDD: /media/HDD/Projects/ExpDFS/graph_1400_979300_UNIFORM_7161906730445628483.txt -> /home/shahbazk/Projects/DFS_Semi_Streaming/input/random_graphs/graph_1400_979300_UNIFORM_7161906730445628483.txt (Time: 0.01s)
📦 COPIED from HDD: /media/HDD/Projects/ExpDFS/graph_1400_979300_UNIFORM_4552998297316576788.txt -> /home/shahbazk/Projects/DFS_Semi_Streaming/input/random_graphs/graph_1400_979300_UNIFORM_4552998297316576788.txt (Time: 0.01s)
📦 COPIED from HDD: /media/HDD/Projects/ExpDFS/graph_1400_979300_UNIFORM_6802378520969450157.txt -> /home/shahbazk/Projects/DFS_Semi_Streaming/input/random_graphs/graph_1400_979300_UNIFORM_6802378520969450157.txt (Time: 0.01s)
📦 COPIED from HDD: /media/HDD/Projects/ExpDFS/graph_1400_979300_UNIFORM_824387247617288499.txt -> /home/shahbazk/Projects/DFS_Semi_Streaming/input/random_graphs/graph_1400_979300_UNIFORM_824387247617288499.txt (Time: 0.01s)
📦 COPIED from HDD: /media/HDD/Projects/ExpDFS/graph_1400_979300_UNIFORM_3272308573967577038.txt -> /home/shahbazk/Projects/DFS_Semi_Streaming/input/random_graphs/graph_1400_979300_UNIFORM_3272308573967577038.txt (Time: 0.01s)
📦 COPIED from HDD: /media/HDD/Projects/ExpDFS/graph_1400_979300_UNIFORM_6143643868734370809.txt -> /home/shahbazk/Projects/DFS_Semi_Streaming/input/random_graphs/graph_1400_979300_UNIFORM_6143643868734370809.txt (Time: 0.01s)
📦 COPIED from HDD: /media/HDD/Projects/ExpDFS/graph_1400_979300_UNIFORM_5636411189175451024.txt -> /home/shahbazk/Projects/DFS_Semi_Streaming/input/random_graphs/graph_1400_979300_UNIFORM_5636411189175451024.txt (Time: 0.01s)
📦 COPIED from HDD: /media/HDD/Projects/ExpDFS/graph_1400_979300_UNIFORM_6614505080519948832.txt -> /home/shahbazk/Projects/DFS_Semi_Streaming/input/random_graphs/graph_1400_979300_UNIFORM_6614505080519948832.txt (Time: 0.01s)
📦 COPIED from HDD: /media/HDD/Projects/ExpDFS/graph_1400_979300_UNIFORM_5349491008325879064.txt -> /home/shahbazk/Projects/DFS_Semi_Streaming/input/random_graphs/graph_1400_979300_UNIFORM_5349491008325879064.txt (Time: 0.01s)
📦 COPIED from HDD: /media/HDD/Projects/ExpDFS/graph_1400_979300_UNIFORM_7917045922527545890.txt -> /home/shahbazk/Projects/DFS_Semi_Streaming/input/random_graphs/graph_1400_979300_UNIFORM_7917045922527545890.txt (Time: 0.01s)
📦 COPIED from HDD: /media/HDD/Projects/ExpDFS/graph_1400_979300_UNIFORM_3865339568260874865.txt -> /home/shahbazk/Projects/DFS_Semi_Streaming/input/random_graphs/graph_1400_979300_UNIFORM_3865339568260874865.txt (Time: 0.01s)
📦 COPIED from HDD: /media/HDD/Projects/ExpDFS/graph_1400_979300_UNIFORM_4445925461710302877.txt -> /home/shahbazk/Projects/DFS_Semi_Streaming/input/random_graphs/graph_1400_979300_UNIFORM_4445925461710302877.txt (Time: 0.01s)
📦 COPIED from HDD: /media/HDD/Projects/ExpDFS/graph_1400_979300_UNIFORM_716820155901718944.txt -> /home/shahbazk/Projects/DFS_Semi_Streaming/input/random_graphs/graph_1400_979300_UNIFORM_716820155901718944.txt (Time: 0.01s)
📦 COPIED from HDD: /media/HDD/Projects/ExpDFS/graph_1400_979300_UNIFORM_7938560551762094560.txt -> /home/shahbazk/Projects/DFS_Semi_Streaming/input/random_graphs/graph_1400_979300_UNIFORM_7938560551762094560.txt (Time: 0.01s)
📦 COPIED from HDD: /media/HDD/Projects/ExpDFS/graph_1400_979300_UNIFORM_8031431416522537101.txt -> /home/shahbazk/Projects/DFS_Semi_Streaming/input/random_graphs/graph_1400_979300_UNIFORM_8031431416522537101.txt (Time: 0.01s)
📦 COPIED from HDD: /media/HDD/Projects/ExpDFS/graph_1400_979300_UNIFORM_6224222471595207695.txt -> /home/shahbazk/Projects/DFS_Semi_Streaming/input/random_graphs/graph_1400_979300_UNIFORM_6224222471595207695.txt (Time: 0.01s)
📦 COPIED from HDD: /media/HDD/Projects/ExpDFS/graph_1400_979300_UNIFORM_1128313391724783137.txt -> /home/shahbazk/Projects/DFS_Semi_Streaming/input/random_graphs/graph_1400_979300_UNIFORM_1128313391724783137.txt (Time: 0.01s)
📦 COPIED from HDD: /media/HDD/Projects/ExpDFS/graph_1400_979300_UNIFORM_8718380604043999642.txt -> /home/shahbazk/Projects/DFS_Semi_Streaming/input/random_graphs/graph_1400_979300_UNIFORM_8718380604043999642.txt (Time: 0.01s)
📦 COPIED from HDD: /media/HDD/Projects/ExpDFS/graph_1400_979300_UNIFORM_7921282862123281598.txt -> /home/shahbazk/Projects/DFS_Semi_Streaming/input/random_graphs/graph_1400_979300_UNIFORM_7921282862123281598.txt (Time: 0.01s)
📦 COPIED from HDD: /media/HDD/Projects/ExpDFS/graph_1400_979300_UNIFORM_8446481348147407377.txt -> /home/shahbazk/Projects/DFS_Semi_Streaming/input/random_graphs/graph_1400_979300_UNIFORM_8446481348147407377.txt (Time: 0.01s)
📦 COPIED from HDD: /media/HDD/Projects/ExpDFS/graph_1400_979300_UNIFORM_4997514996153925447.txt -> /home/shahbazk/Projects/DFS_Semi_Streaming/input/random_graphs/graph_1400_979300_UNIFORM_4997514996153925447.txt (Time: 0.01s)
📦 COPIED from HDD: /media/HDD/Projects/ExpDFS/graph_1400_979300_UNIFORM_5063475852268941542.txt -> /home/shahbazk/Projects/DFS_Semi_Streaming/input/random_graphs/graph_1400_979300_UNIFORM_5063475852268941542.txt (Time: 0.01s)
📦 COPIED from HDD: /media/HDD/Projects/ExpDFS/graph_1400_979300_UNIFORM_6529943913552561417.txt -> /home/shahbazk/Projects/DFS_Semi_Streaming/input/random_graphs/graph_1400_979300_UNIFORM_6529943913552561417.txt (Time: 0.01s)
📦 COPIED from HDD: /media/HDD/Projects/ExpDFS/graph_1400_979300_UNIFORM_1170385908854608748.txt -> /home/shahbazk/Projects/DFS_Semi_Streaming/input/random_graphs/graph_1400_979300_UNIFORM_1170385908854608748.txt (Time: 0.01s)
📦 COPIED from HDD: /media/HDD/Projects/ExpDFS/graph_1400_979300_UNIFORM_2909934787168262407.txt -> /home/shahbazk/Projects/DFS_Semi_Streaming/input/random_graphs/graph_1400_979300_UNIFORM_2909934787168262407.txt (Time: 0.01s)
📦 COPIED from HDD: /media/HDD/Projects/ExpDFS/graph_1400_979300_UNIFORM_3817405844514670994.txt -> /home/shahbazk/Projects/DFS_Semi_Streaming/input/random_graphs/graph_1400_979300_UNIFORM_3817405844514670994.txt (Time: 0.01s)
📦 COPIED from HDD: /media/HDD/Projects/ExpDFS/graph_1400_979300_UNIFORM_199422815561151340.txt -> /home/shahbazk/Projects/DFS_Semi_Streaming/input/random_graphs/graph_1400_979300_UNIFORM_199422815561151340.txt (Time: 0.01s)
📦 COPIED from HDD: /media/HDD/Projects/ExpDFS/graph_1400_979300_UNIFORM_3713827327871807734.txt -> /home/shahbazk/Projects/DFS_Semi_Streaming/input/random_graphs/graph_1400_979300_UNIFORM_3713827327871807734.txt (Time: 0.01s)
📦 COPIED from HDD: /media/HDD/Projects/ExpDFS/graph_1400_979300_UNIFORM_6022436717541034636.txt -> /home/shahbazk/Projects/DFS_Semi_Streaming/input/random_graphs/graph_1400_979300_UNIFORM_6022436717541034636.txt (Time: 0.01s)
📦 COPIED from HDD: /media/HDD/Projects/ExpDFS/graph_1400_979300_UNIFORM_175493991617213850.txt -> /home/shahbazk/Projects/DFS_Semi_Streaming/input/random_graphs/graph_1400_979300_UNIFORM_175493991617213850.txt (Time: 0.01s)
📦 COPIED from HDD: /media/HDD/Projects/ExpDFS/graph_1400_979300_UNIFORM_5108599054664628607.txt -> /home/shahbazk/Projects/DFS_Semi_Streaming/input/random_graphs/graph_1400_979300_UNIFORM_5108599054664628607.txt (Time: 0.01s)
📦 COPIED from HDD: /media/HDD/Projects/ExpDFS/graph_1400_979300_UNIFORM_6764066939395682287.txt -> /home/shahbazk/Projects/DFS_Semi_Streaming/input/random_graphs/graph_1400_979300_UNIFORM_6764066939395682287.txt (Time: 0.01s)
📦 COPIED from HDD: /media/HDD/Projects/ExpDFS/graph_1400_979300_UNIFORM_9130666990809746335.txt -> /home/shahbazk/Projects/DFS_Semi_Streaming/input/random_graphs/graph_1400_979300_UNIFORM_9130666990809746335.txt (Time: 0.01s)
📦 COPIED from HDD: /media/HDD/Projects/ExpDFS/graph_1400_979300_UNIFORM_7644420139408884785.txt -> /home/shahbazk/Projects/DFS_Semi_Streaming/input/random_graphs/graph_1400_979300_UNIFORM_7644420139408884785.txt (Time: 0.01s)
📦 COPIED from HDD: /media/HDD/Projects/ExpDFS/graph_1400_979300_UNIFORM_1392892770529522614.txt -> /home/shahbazk/Projects/DFS_Semi_Streaming/input/random_graphs/graph_1400_979300_UNIFORM_1392892770529522614.txt (Time: 0.01s)
📦 COPIED from HDD: /media/HDD/Projects/ExpDFS/graph_1400_979300_UNIFORM_1458186392400727732.txt -> /home/shahbazk/Projects/DFS_Semi_Streaming/input/random_graphs/graph_1400_979300_UNIFORM_1458186392400727732.txt (Time: 0.01s)
📦 COPIED from HDD: /media/HDD/Projects/ExpDFS/graph_1400_979300_UNIFORM_2089506265998900862.txt -> /home/shahbazk/Projects/DFS_Semi_Streaming/input/random_graphs/graph_1400_979300_UNIFORM_2089506265998900862.txt (Time: 0.01s)
📦 COPIED from HDD: /media/HDD/Projects/ExpDFS/graph_1400_979300_UNIFORM_9060210648189963449.txt -> /home/shahbazk/Projects/DFS_Semi_Streaming/input/random_graphs/graph_1400_979300_UNIFORM_9060210648189963449.txt (Time: 0.01s)
📦 COPIED from HDD: /media/HDD/Projects/ExpDFS/graph_1400_979300_UNIFORM_4250897495980125004.txt -> /home/shahbazk/Projects/DFS_Semi_Streaming/input/random_graphs/graph_1400_979300_UNIFORM_4250897495980125004.txt (Time: 0.01s)
📦 COPIED from HDD: /media/HDD/Projects/ExpDFS/graph_1400_979300_UNIFORM_8794274795737982182.txt -> /home/shahbazk/Projects/DFS_Semi_Streaming/input/random_graphs/graph_1400_979300_UNIFORM_8794274795737982182.txt (Time: 0.01s)
📦 COPIED from HDD: /media/HDD/Projects/ExpDFS/graph_1400_979300_UNIFORM_1722224698700348310.txt -> /home/shahbazk/Projects/DFS_Semi_Streaming/input/random_graphs/graph_1400_979300_UNIFORM_1722224698700348310.txt (Time: 0.01s)
📦 COPIED from HDD: /media/HDD/Projects/ExpDFS/graph_1400_979300_UNIFORM_4060584409398689268.txt -> /home/shahbazk/Projects/DFS_Semi_Streaming/input/random_graphs/graph_1400_979300_UNIFORM_4060584409398689268.txt (Time: 0.01s)
📦 COPIED from HDD: /media/HDD/Projects/ExpDFS/graph_1400_979300_UNIFORM_4934890601268679176.txt -> /home/shahbazk/Projects/DFS_Semi_Streaming/input/random_graphs/graph_1400_979300_UNIFORM_4934890601268679176.txt (Time: 0.01s)
📦 COPIED from HDD: /media/HDD/Projects/ExpDFS/graph_1400_979300_UNIFORM_5497874167834979553.txt -> /home/shahbazk/Projects/DFS_Semi_Streaming/input/random_graphs/graph_1400_979300_UNIFORM_5497874167834979553.txt (Time: 0.01s)
📦 COPIED from HDD: /media/HDD/Projects/ExpDFS/graph_1400_979300_UNIFORM_1332005502874566195.txt -> /home/shahbazk/Projects/DFS_Semi_Streaming/input/random_graphs/graph_1400_979300_UNIFORM_1332005502874566195.txt (Time: 0.01s)
📦 COPIED from HDD: /media/HDD/Projects/ExpDFS/graph_1400_979300_UNIFORM_4795749165124911768.txt -> /home/shahbazk/Projects/DFS_Semi_Streaming/input/random_graphs/graph_1400_979300_UNIFORM_4795749165124911768.txt (Time: 0.01s)
📦 COPIED from HDD: /media/HDD/Projects/ExpDFS/graph_1400_979300_UNIFORM_7905487461282246979.txt -> /home/shahbazk/Projects/DFS_Semi_Streaming/input/random_graphs/graph_1400_979300_UNIFORM_7905487461282246979.txt (Time: 0.01s)
📦 COPIED from HDD: /media/HDD/Projects/ExpDFS/graph_1400_979300_UNIFORM_1992204328026194281.txt -> /home/shahbazk/Projects/DFS_Semi_Streaming/input/random_graphs/graph_1400_979300_UNIFORM_1992204328026194281.txt (Time: 0.01s)
📦 COPIED from HDD: /media/HDD/Projects/ExpDFS/graph_1400_979300_UNIFORM_8626102704817790064.txt -> /home/shahbazk/Projects/DFS_Semi_Streaming/input/random_graphs/graph_1400_979300_UNIFORM_8626102704817790064.txt (Time: 0.01s)
📦 COPIED from HDD: /media/HDD/Projects/ExpDFS/graph_1400_979300_UNIFORM_2718103348384927511.txt -> /home/shahbazk/Projects/DFS_Semi_Streaming/input/random_graphs/graph_1400_979300_UNIFORM_2718103348384927511.txt (Time: 0.01s)
📦 COPIED from HDD: /media/HDD/Projects/ExpDFS/graph_1400_979300_UNIFORM_9059990922233379852.txt -> /home/shahbazk/Projects/DFS_Semi_Streaming/input/random_graphs/graph_1400_979300_UNIFORM_9059990922233379852.txt (Time: 0.01s)
📦 COPIED from HDD: /media/HDD/Projects/ExpDFS/graph_1400_979300_UNIFORM_8448596294177070022.txt -> /home/shahbazk/Projects/DFS_Semi_Streaming/input/random_graphs/graph_1400_979300_UNIFORM_8448596294177070022.txt (Time: 0.01s)
📦 COPIED from HDD: /media/HDD/Projects/ExpDFS/graph_1400_979300_UNIFORM_7118744415197196276.txt -> /home/shahbazk/Projects/DFS_Semi_Streaming/input/random_graphs/graph_1400_979300_UNIFORM_7118744415197196276.txt (Time: 0.01s)
📦 COPIED from HDD: /media/HDD/Projects/ExpDFS/graph_1400_979300_UNIFORM_7983805977214098674.txt -> /home/shahbazk/Projects/DFS_Semi_Streaming/input/random_graphs/graph_1400_979300_UNIFORM_7983805977214098674.txt (Time: 0.01s)
📦 COPIED from HDD: /media/HDD/Projects/ExpDFS/graph_1400_979300_UNIFORM_3221421291694197220.txt -> /home/shahbazk/Projects/DFS_Semi_Streaming/input/random_graphs/graph_1400_979300_UNIFORM_3221421291694197220.txt (Time: 0.01s)
📦 COPIED from HDD: /media/HDD/Projects/ExpDFS/graph_1400_979300_UNIFORM_7449662661572224354.txt -> /home/shahbazk/Projects/DFS_Semi_Streaming/input/random_graphs/graph_1400_979300_UNIFORM_7449662661572224354.txt (Time: 0.01s)
📦 COPIED from HDD: /media/HDD/Projects/ExpDFS/graph_1400_979300_UNIFORM_5894893360759659423.txt -> /home/shahbazk/Projects/DFS_Semi_Streaming/input/random_graphs/graph_1400_979300_UNIFORM_5894893360759659423.txt (Time: 0.01s)
📦 COPIED from HDD: /media/HDD/Projects/ExpDFS/graph_1400_979300_UNIFORM_8867616339855336876.txt -> /home/shahbazk/Projects/DFS_Semi_Streaming/input/random_graphs/graph_1400_979300_UNIFORM_8867616339855336876.txt (Time: 0.01s)
📦 COPIED from HDD: /media/HDD/Projects/ExpDFS/graph_1400_979300_UNIFORM_4940913311242578590.txt -> /home/shahbazk/Projects/DFS_Semi_Streaming/input/random_graphs/graph_1400_979300_UNIFORM_4940913311242578590.txt (Time: 0.01s)
📦 COPIED from HDD: /media/HDD/Projects/ExpDFS/graph_1400_979300_UNIFORM_2264398621601381987.txt -> /home/shahbazk/Projects/DFS_Semi_Streaming/input/random_graphs/graph_1400_979300_UNIFORM_2264398621601381987.txt (Time: 0.01s)
📦 COPIED from HDD: /media/HDD/Projects/ExpDFS/graph_1400_979300_UNIFORM_7632458674696225362.txt -> /home/shahbazk/Projects/DFS_Semi_Streaming/input/random_graphs/graph_1400_979300_UNIFORM_7632458674696225362.txt (Time: 0.01s)
📦 COPIED from HDD: /media/HDD/Projects/ExpDFS/graph_1600_1279200_UNIFORM_6230961512046992311.txt -> /home/shahbazk/Projects/DFS_Semi_Streaming/input/random_graphs/graph_1600_1279200_UNIFORM_6230961512046992311.txt (Time: 0.01s)
📦 COPIED from HDD: /media/HDD/Projects/ExpDFS/graph_1600_1279200_UNIFORM_5739955973604961613.txt -> /home/shahbazk/Projects/DFS_Semi_Streaming/input/random_graphs/graph_1600_1279200_UNIFORM_5739955973604961613.txt (Time: 0.01s)
📦 COPIED from HDD: /media/HDD/Projects/ExpDFS/graph_1600_1279200_UNIFORM_7871178979383552919.txt -> /home/shahbazk/Projects/DFS_Semi_Streaming/input/random_graphs/graph_1600_1279200_UNIFORM_7871178979383552919.txt (Time: 0.01s)
📦 COPIED from HDD: /media/HDD/Projects/ExpDFS/graph_1600_1279200_UNIFORM_3881801951614183357.txt -> /home/shahbazk/Projects/DFS_Semi_Streaming/input/random_graphs/graph_1600_1279200_UNIFORM_3881801951614183357.txt (Time: 0.01s)
📦 COPIED from HDD: /media/HDD/Projects/ExpDFS/graph_1600_1279200_UNIFORM_7032710160631691991.txt -> /home/shahbazk/Projects/DFS_Semi_Streaming/input/random_graphs/graph_1600_1279200_UNIFORM_7032710160631691991.txt (Time: 0.01s)
📦 COPIED from HDD: /media/HDD/Projects/ExpDFS/graph_1600_1279200_UNIFORM_7599700178212337699.txt -> /home/shahbazk/Projects/DFS_Semi_Streaming/input/random_graphs/graph_1600_1279200_UNIFORM_7599700178212337699.txt (Time: 0.01s)
📦 COPIED from HDD: /media/HDD/Projects/ExpDFS/graph_1600_1279200_UNIFORM_1353182403971399009.txt -> /home/shahbazk/Projects/DFS_Semi_Streaming/input/random_graphs/graph_1600_1279200_UNIFORM_1353182403971399009.txt (Time: 0.01s)
📦 COPIED from HDD: /media/HDD/Projects/ExpDFS/graph_1600_1279200_UNIFORM_1070244953599069350.txt -> /home/shahbazk/Projects/DFS_Semi_Streaming/input/random_graphs/graph_1600_1279200_UNIFORM_1070244953599069350.txt (Time: 0.01s)
📦 COPIED from HDD: /media/HDD/Projects/ExpDFS/graph_1600_1279200_UNIFORM_6522163754831416203.txt -> /home/shahbazk/Projects/DFS_Semi_Streaming/input/random_graphs/graph_1600_1279200_UNIFORM_6522163754831416203.txt (Time: 0.01s)
📦 COPIED from HDD: /media/HDD/Projects/ExpDFS/graph_1600_1279200_UNIFORM_4040737767143389431.txt -> /home/shahbazk/Projects/DFS_Semi_Streaming/input/random_graphs/graph_1600_1279200_UNIFORM_4040737767143389431.txt (Time: 0.01s)
📦 COPIED from HDD: /media/HDD/Projects/ExpDFS/graph_1600_1279200_UNIFORM_1250005700364523649.txt -> /home/shahbazk/Projects/DFS_Semi_Streaming/input/random_graphs/graph_1600_1279200_UNIFORM_1250005700364523649.txt (Time: 0.01s)
📦 COPIED from HDD: /media/HDD/Projects/ExpDFS/graph_1600_1279200_UNIFORM_6938562734920028532.txt -> /home/shahbazk/Projects/DFS_Semi_Streaming/input/random_graphs/graph_1600_1279200_UNIFORM_6938562734920028532.txt (Time: 0.01s)
📦 COPIED from HDD: /media/HDD/Projects/ExpDFS/graph_1600_1279200_UNIFORM_320375091487821987.txt -> /home/shahbazk/Projects/DFS_Semi_Streaming/input/random_graphs/graph_1600_1279200_UNIFORM_320375091487821987.txt (Time: 0.01s)
📦 COPIED from HDD: /media/HDD/Projects/ExpDFS/graph_1600_1279200_UNIFORM_7663871783842725848.txt -> /home/shahbazk/Projects/DFS_Semi_Streaming/input/random_graphs/graph_1600_1279200_UNIFORM_7663871783842725848.txt (Time: 0.01s)
📦 COPIED from HDD: /media/HDD/Projects/ExpDFS/graph_1600_1279200_UNIFORM_5906957480796939447.txt -> /home/shahbazk/Projects/DFS_Semi_Streaming/input/random_graphs/graph_1600_1279200_UNIFORM_5906957480796939447.txt (Time: 0.01s)
📦 COPIED from HDD: /media/HDD/Projects/ExpDFS/graph_1600_1279200_UNIFORM_1309542850049879452.txt -> /home/shahbazk/Projects/DFS_Semi_Streaming/input/random_graphs/graph_1600_1279200_UNIFORM_1309542850049879452.txt (Time: 0.01s)
📦 COPIED from HDD: /media/HDD/Projects/ExpDFS/graph_1600_1279200_UNIFORM_2429002973740178792.txt -> /home/shahbazk/Projects/DFS_Semi_Streaming/input/random_graphs/graph_1600_1279200_UNIFORM_2429002973740178792.txt (Time: 0.01s)
📦 COPIED from HDD: /media/HDD/Projects/ExpDFS/graph_1600_1279200_UNIFORM_7146860528564146064.txt -> /home/shahbazk/Projects/DFS_Semi_Streaming/input/random_graphs/graph_1600_1279200_UNIFORM_7146860528564146064.txt (Time: 0.01s)
📦 COPIED from HDD: /media/HDD/Projects/ExpDFS/graph_1600_1279200_UNIFORM_3010622984418968408.txt -> /home/shahbazk/Projects/DFS_Semi_Streaming/input/random_graphs/graph_1600_1279200_UNIFORM_3010622984418968408.txt (Time: 0.01s)
📦 COPIED from HDD: /media/HDD/Projects/ExpDFS/graph_1600_1279200_UNIFORM_5139481885857321791.txt -> /home/shahbazk/Projects/DFS_Semi_Streaming/input/random_graphs/graph_1600_1279200_UNIFORM_5139481885857321791.txt (Time: 0.01s)
📦 COPIED from HDD: /media/HDD/Projects/ExpDFS/graph_1600_1279200_UNIFORM_1250773459040295677.txt -> /home/shahbazk/Projects/DFS_Semi_Streaming/input/random_graphs/graph_1600_1279200_UNIFORM_1250773459040295677.txt (Time: 0.01s)
📦 COPIED from HDD: /media/HDD/Projects/ExpDFS/graph_1600_1279200_UNIFORM_5142811650494845597.txt -> /home/shahbazk/Projects/DFS_Semi_Streaming/input/random_graphs/graph_1600_1279200_UNIFORM_5142811650494845597.txt (Time: 0.01s)
📦 COPIED from HDD: /media/HDD/Projects/ExpDFS/graph_1600_1279200_UNIFORM_3438400432146115956.txt -> /home/shahbazk/Projects/DFS_Semi_Streaming/input/random_graphs/graph_1600_1279200_UNIFORM_3438400432146115956.txt (Time: 0.01s)
📦 COPIED from HDD: /media/HDD/Projects/ExpDFS/graph_1600_1279200_UNIFORM_7473196763798409428.txt -> /home/shahbazk/Projects/DFS_Semi_Streaming/input/random_graphs/graph_1600_1279200_UNIFORM_7473196763798409428.txt (Time: 0.01s)
📦 COPIED from HDD: /media/HDD/Projects/ExpDFS/graph_1600_1279200_UNIFORM_1731523882129807996.txt -> /home/shahbazk/Projects/DFS_Semi_Streaming/input/random_graphs/graph_1600_1279200_UNIFORM_1731523882129807996.txt (Time: 0.01s)
📦 COPIED from HDD: /media/HDD/Projects/ExpDFS/graph_1600_1279200_UNIFORM_5708372698381010775.txt -> /home/shahbazk/Projects/DFS_Semi_Streaming/input/random_graphs/graph_1600_1279200_UNIFORM_5708372698381010775.txt (Time: 0.01s)
📦 COPIED from HDD: /media/HDD/Projects/ExpDFS/graph_1600_1279200_UNIFORM_521787134863155063.txt -> /home/shahbazk/Projects/DFS_Semi_Streaming/input/random_graphs/graph_1600_1279200_UNIFORM_521787134863155063.txt (Time: 0.01s)
📦 COPIED from HDD: /media/HDD/Projects/ExpDFS/graph_1600_1279200_UNIFORM_6002685213311538187.txt -> /home/shahbazk/Projects/DFS_Semi_Streaming/input/random_graphs/graph_1600_1279200_UNIFORM_6002685213311538187.txt (Time: 0.01s)
📦 COPIED from HDD: /media/HDD/Projects/ExpDFS/graph_1600_1279200_UNIFORM_1853590723603270879.txt -> /home/shahbazk/Projects/DFS_Semi_Streaming/input/random_graphs/graph_1600_1279200_UNIFORM_1853590723603270879.txt (Time: 0.01s)
📦 COPIED from HDD: /media/HDD/Projects/ExpDFS/graph_1600_1279200_UNIFORM_6785030173969523435.txt -> /home/shahbazk/Projects/DFS_Semi_Streaming/input/random_graphs/graph_1600_1279200_UNIFORM_6785030173969523435.txt (Time: 0.01s)
📦 COPIED from HDD: /media/HDD/Projects/ExpDFS/graph_1600_1279200_UNIFORM_7029781962072644698.txt -> /home/shahbazk/Projects/DFS_Semi_Streaming/input/random_graphs/graph_1600_1279200_UNIFORM_7029781962072644698.txt (Time: 0.01s)
📦 COPIED from HDD: /media/HDD/Projects/ExpDFS/graph_1600_1279200_UNIFORM_5529616217668449934.txt -> /home/shahbazk/Projects/DFS_Semi_Streaming/input/random_graphs/graph_1600_1279200_UNIFORM_5529616217668449934.txt (Time: 0.01s)
📦 COPIED from HDD: /media/HDD/Projects/ExpDFS/graph_1600_1279200_UNIFORM_1024517563182776983.txt -> /home/shahbazk/Projects/DFS_Semi_Streaming/input/random_graphs/graph_1600_1279200_UNIFORM_1024517563182776983.txt (Time: 0.01s)
📦 COPIED from HDD: /media/HDD/Projects/ExpDFS/graph_1600_1279200_UNIFORM_3224265581699847191.txt -> /home/shahbazk/Projects/DFS_Semi_Streaming/input/random_graphs/graph_1600_1279200_UNIFORM_3224265581699847191.txt (Time: 0.01s)
📦 COPIED from HDD: /media/HDD/Projects/ExpDFS/graph_1600_1279200_UNIFORM_5258051056098597521.txt -> /home/shahbazk/Projects/DFS_Semi_Streaming/input/random_graphs/graph_1600_1279200_UNIFORM_5258051056098597521.txt (Time: 0.01s)
📦 COPIED from HDD: /media/HDD/Projects/ExpDFS/graph_1600_1279200_UNIFORM_1647170069535670909.txt -> /home/shahbazk/Projects/DFS_Semi_Streaming/input/random_graphs/graph_1600_1279200_UNIFORM_1647170069535670909.txt (Time: 0.01s)
📦 COPIED from HDD: /media/HDD/Projects/ExpDFS/graph_1600_1279200_UNIFORM_4122784633514911760.txt -> /home/shahbazk/Projects/DFS_Semi_Streaming/input/random_graphs/graph_1600_1279200_UNIFORM_4122784633514911760.txt (Time: 0.01s)
📦 COPIED from HDD: /media/HDD/Projects/ExpDFS/graph_1600_1279200_UNIFORM_7706236040662210848.txt -> /home/shahbazk/Projects/DFS_Semi_Streaming/input/random_graphs/graph_1600_1279200_UNIFORM_7706236040662210848.txt (Time: 0.01s)
📦 COPIED from HDD: /media/HDD/Projects/ExpDFS/graph_1600_1279200_UNIFORM_824387247617288499.txt -> /home/shahbazk/Projects/DFS_Semi_Streaming/input/random_graphs/graph_1600_1279200_UNIFORM_824387247617288499.txt (Time: 0.01s)
📦 COPIED from HDD: /media/HDD/Projects/ExpDFS/graph_1600_1279200_UNIFORM_6802378520969450157.txt -> /home/shahbazk/Projects/DFS_Semi_Streaming/input/random_graphs/graph_1600_1279200_UNIFORM_6802378520969450157.txt (Time: 0.01s)
📦 COPIED from HDD: /media/HDD/Projects/ExpDFS/graph_1600_1279200_UNIFORM_1632192924771168275.txt -> /home/shahbazk/Projects/DFS_Semi_Streaming/input/random_graphs/graph_1600_1279200_UNIFORM_1632192924771168275.txt (Time: 0.01s)
📦 COPIED from HDD: /media/HDD/Projects/ExpDFS/graph_1600_1279200_UNIFORM_7161906730445628483.txt -> /home/shahbazk/Projects/DFS_Semi_Streaming/input/random_graphs/graph_1600_1279200_UNIFORM_7161906730445628483.txt (Time: 0.01s)
📦 COPIED from HDD: /media/HDD/Projects/ExpDFS/graph_1600_1279200_UNIFORM_4552998297316576788.txt -> /home/shahbazk/Projects/DFS_Semi_Streaming/input/random_graphs/graph_1600_1279200_UNIFORM_4552998297316576788.txt (Time: 0.01s)
📦 COPIED from HDD: /media/HDD/Projects/ExpDFS/graph_1600_1279200_UNIFORM_8031431416522537101.txt -> /home/shahbazk/Projects/DFS_Semi_Streaming/input/random_graphs/graph_1600_1279200_UNIFORM_8031431416522537101.txt (Time: 0.01s)
📦 COPIED from HDD: /media/HDD/Projects/ExpDFS/graph_1600_1279200_UNIFORM_3272308573967577038.txt -> /home/shahbazk/Projects/DFS_Semi_Streaming/input/random_graphs/graph_1600_1279200_UNIFORM_3272308573967577038.txt (Time: 0.01s)
📦 COPIED from HDD: /media/HDD/Projects/ExpDFS/graph_1600_1279200_UNIFORM_6143643868734370809.txt -> /home/shahbazk/Projects/DFS_Semi_Streaming/input/random_graphs/graph_1600_1279200_UNIFORM_6143643868734370809.txt (Time: 0.01s)
📦 COPIED from HDD: /media/HDD/Projects/ExpDFS/graph_1600_1279200_UNIFORM_5636411189175451024.txt -> /home/shahbazk/Projects/DFS_Semi_Streaming/input/random_graphs/graph_1600_1279200_UNIFORM_5636411189175451024.txt (Time: 0.01s)
📦 COPIED from HDD: /media/HDD/Projects/ExpDFS/graph_1600_1279200_UNIFORM_6614505080519948832.txt -> /home/shahbazk/Projects/DFS_Semi_Streaming/input/random_graphs/graph_1600_1279200_UNIFORM_6614505080519948832.txt (Time: 0.01s)
📦 COPIED from HDD: /media/HDD/Projects/ExpDFS/graph_1600_1279200_UNIFORM_7938560551762094560.txt -> /home/shahbazk/Projects/DFS_Semi_Streaming/input/random_graphs/graph_1600_1279200_UNIFORM_7938560551762094560.txt (Time: 0.01s)
📦 COPIED from HDD: /media/HDD/Projects/ExpDFS/graph_1600_1279200_UNIFORM_5349491008325879064.txt -> /home/shahbazk/Projects/DFS_Semi_Streaming/input/random_graphs/graph_1600_1279200_UNIFORM_5349491008325879064.txt (Time: 0.01s)
📦 COPIED from HDD: /media/HDD/Projects/ExpDFS/graph_1600_1279200_UNIFORM_7917045922527545890.txt -> /home/shahbazk/Projects/DFS_Semi_Streaming/input/random_graphs/graph_1600_1279200_UNIFORM_7917045922527545890.txt (Time: 0.01s)
📦 COPIED from HDD: /media/HDD/Projects/ExpDFS/graph_1600_1279200_UNIFORM_4445925461710302877.txt -> /home/shahbazk/Projects/DFS_Semi_Streaming/input/random_graphs/graph_1600_1279200_UNIFORM_4445925461710302877.txt (Time: 0.01s)
📦 COPIED from HDD: /media/HDD/Projects/ExpDFS/graph_1600_1279200_UNIFORM_6224222471595207695.txt -> /home/shahbazk/Projects/DFS_Semi_Streaming/input/random_graphs/graph_1600_1279200_UNIFORM_6224222471595207695.txt (Time: 0.01s)
📦 COPIED from HDD: /media/HDD/Projects/ExpDFS/graph_1600_1279200_UNIFORM_7921282862123281598.txt -> /home/shahbazk/Projects/DFS_Semi_Streaming/input/random_graphs/graph_1600_1279200_UNIFORM_7921282862123281598.txt (Time: 0.01s)
📦 COPIED from HDD: /media/HDD/Projects/ExpDFS/graph_1600_1279200_UNIFORM_716820155901718944.txt -> /home/shahbazk/Projects/DFS_Semi_Streaming/input/random_graphs/graph_1600_1279200_UNIFORM_716820155901718944.txt (Time: 0.01s)
📦 COPIED from HDD: /media/HDD/Projects/ExpDFS/graph_1600_1279200_UNIFORM_1128313391724783137.txt -> /home/shahbazk/Projects/DFS_Semi_Streaming/input/random_graphs/graph_1600_1279200_UNIFORM_1128313391724783137.txt (Time: 0.01s)
📦 COPIED from HDD: /media/HDD/Projects/ExpDFS/graph_1600_1279200_UNIFORM_3865339568260874865.txt -> /home/shahbazk/Projects/DFS_Semi_Streaming/input/random_graphs/graph_1600_1279200_UNIFORM_3865339568260874865.txt (Time: 0.01s)
📦 COPIED from HDD: /media/HDD/Projects/ExpDFS/graph_1600_1279200_UNIFORM_8718380604043999642.txt -> /home/shahbazk/Projects/DFS_Semi_Streaming/input/random_graphs/graph_1600_1279200_UNIFORM_8718380604043999642.txt (Time: 0.01s)
📦 COPIED from HDD: /media/HDD/Projects/ExpDFS/graph_1600_1279200_UNIFORM_5063475852268941542.txt -> /home/shahbazk/Projects/DFS_Semi_Streaming/input/random_graphs/graph_1600_1279200_UNIFORM_5063475852268941542.txt (Time: 0.01s)
📦 COPIED from HDD: /media/HDD/Projects/ExpDFS/graph_1600_1279200_UNIFORM_4997514996153925447.txt -> /home/shahbazk/Projects/DFS_Semi_Streaming/input/random_graphs/graph_1600_1279200_UNIFORM_4997514996153925447.txt (Time: 0.01s)
📦 COPIED from HDD: /media/HDD/Projects/ExpDFS/graph_1600_1279200_UNIFORM_8446481348147407377.txt -> /home/shahbazk/Projects/DFS_Semi_Streaming/input/random_graphs/graph_1600_1279200_UNIFORM_8446481348147407377.txt (Time: 0.01s)
📦 COPIED from HDD: /media/HDD/Projects/ExpDFS/graph_1600_1279200_UNIFORM_3817405844514670994.txt -> /home/shahbazk/Projects/DFS_Semi_Streaming/input/random_graphs/graph_1600_1279200_UNIFORM_3817405844514670994.txt (Time: 0.01s)
📦 COPIED from HDD: /media/HDD/Projects/ExpDFS/graph_1600_1279200_UNIFORM_6529943913552561417.txt -> /home/shahbazk/Projects/DFS_Semi_Streaming/input/random_graphs/graph_1600_1279200_UNIFORM_6529943913552561417.txt (Time: 0.01s)
📦 COPIED from HDD: /media/HDD/Projects/ExpDFS/graph_1600_1279200_UNIFORM_2909934787168262407.txt -> /home/shahbazk/Projects/DFS_Semi_Streaming/input/random_graphs/graph_1600_1279200_UNIFORM_2909934787168262407.txt (Time: 0.01s)
📦 COPIED from HDD: /media/HDD/Projects/ExpDFS/graph_1600_1279200_UNIFORM_1170385908854608748.txt -> /home/shahbazk/Projects/DFS_Semi_Streaming/input/random_graphs/graph_1600_1279200_UNIFORM_1170385908854608748.txt (Time: 0.01s)
📦 COPIED from HDD: /media/HDD/Projects/ExpDFS/graph_1600_1279200_UNIFORM_199422815561151340.txt -> /home/shahbazk/Projects/DFS_Semi_Streaming/input/random_graphs/graph_1600_1279200_UNIFORM_199422815561151340.txt (Time: 0.01s)
📦 COPIED from HDD: /media/HDD/Projects/ExpDFS/graph_1600_1279200_UNIFORM_6022436717541034636.txt -> /home/shahbazk/Projects/DFS_Semi_Streaming/input/random_graphs/graph_1600_1279200_UNIFORM_6022436717541034636.txt (Time: 0.01s)
📦 COPIED from HDD: /media/HDD/Projects/ExpDFS/graph_1600_1279200_UNIFORM_3713827327871807734.txt -> /home/shahbazk/Projects/DFS_Semi_Streaming/input/random_graphs/graph_1600_1279200_UNIFORM_3713827327871807734.txt (Time: 0.01s)
📦 COPIED from HDD: /media/HDD/Projects/ExpDFS/graph_1600_1279200_UNIFORM_175493991617213850.txt -> /home/shahbazk/Projects/DFS_Semi_Streaming/input/random_graphs/graph_1600_1279200_UNIFORM_175493991617213850.txt (Time: 0.01s)
📦 COPIED from HDD: /media/HDD/Projects/ExpDFS/graph_1600_1279200_UNIFORM_5108599054664628607.txt -> /home/shahbazk/Projects/DFS_Semi_Streaming/input/random_graphs/graph_1600_1279200_UNIFORM_5108599054664628607.txt (Time: 0.01s)
📦 COPIED from HDD: /media/HDD/Projects/ExpDFS/graph_1600_1279200_UNIFORM_6764066939395682287.txt -> /home/shahbazk/Projects/DFS_Semi_Streaming/input/random_graphs/graph_1600_1279200_UNIFORM_6764066939395682287.txt (Time: 0.01s)
📦 COPIED from HDD: /media/HDD/Projects/ExpDFS/graph_1600_1279200_UNIFORM_9130666990809746335.txt -> /home/shahbazk/Projects/DFS_Semi_Streaming/input/random_graphs/graph_1600_1279200_UNIFORM_9130666990809746335.txt (Time: 0.01s)
📦 COPIED from HDD: /media/HDD/Projects/ExpDFS/graph_1600_1279200_UNIFORM_7644420139408884785.txt -> /home/shahbazk/Projects/DFS_Semi_Streaming/input/random_graphs/graph_1600_1279200_UNIFORM_7644420139408884785.txt (Time: 0.01s)
📦 COPIED from HDD: /media/HDD/Projects/ExpDFS/graph_1600_1279200_UNIFORM_1458186392400727732.txt -> /home/shahbazk/Projects/DFS_Semi_Streaming/input/random_graphs/graph_1600_1279200_UNIFORM_1458186392400727732.txt (Time: 0.01s)
📦 COPIED from HDD: /media/HDD/Projects/ExpDFS/graph_1600_1279200_UNIFORM_9060210648189963449.txt -> /home/shahbazk/Projects/DFS_Semi_Streaming/input/random_graphs/graph_1600_1279200_UNIFORM_9060210648189963449.txt (Time: 0.01s)
📦 COPIED from HDD: /media/HDD/Projects/ExpDFS/graph_1600_1279200_UNIFORM_4250897495980125004.txt -> /home/shahbazk/Projects/DFS_Semi_Streaming/input/random_graphs/graph_1600_1279200_UNIFORM_4250897495980125004.txt (Time: 0.01s)
📦 COPIED from HDD: /media/HDD/Projects/ExpDFS/graph_1600_1279200_UNIFORM_1392892770529522614.txt -> /home/shahbazk/Projects/DFS_Semi_Streaming/input/random_graphs/graph_1600_1279200_UNIFORM_1392892770529522614.txt (Time: 0.01s)
📦 COPIED from HDD: /media/HDD/Projects/ExpDFS/graph_1600_1279200_UNIFORM_5497874167834979553.txt -> /home/shahbazk/Projects/DFS_Semi_Streaming/input/random_graphs/graph_1600_1279200_UNIFORM_5497874167834979553.txt (Time: 0.01s)
📦 COPIED from HDD: /media/HDD/Projects/ExpDFS/graph_1600_1279200_UNIFORM_8794274795737982182.txt -> /home/shahbazk/Projects/DFS_Semi_Streaming/input/random_graphs/graph_1600_1279200_UNIFORM_8794274795737982182.txt (Time: 0.01s)
📦 COPIED from HDD: /media/HDD/Projects/ExpDFS/graph_1600_1279200_UNIFORM_4795749165124911768.txt -> /home/shahbazk/Projects/DFS_Semi_Streaming/input/random_graphs/graph_1600_1279200_UNIFORM_4795749165124911768.txt (Time: 0.07s)
📦 COPIED from HDD: /media/HDD/Projects/ExpDFS/graph_1600_1279200_UNIFORM_2089506265998900862.txt -> /home/shahbazk/Projects/DFS_Semi_Streaming/input/random_graphs/graph_1600_1279200_UNIFORM_2089506265998900862.txt (Time: 0.01s)
📦 COPIED from HDD: /media/HDD/Projects/ExpDFS/graph_1600_1279200_UNIFORM_4060584409398689268.txt -> /home/shahbazk/Projects/DFS_Semi_Streaming/input/random_graphs/graph_1600_1279200_UNIFORM_4060584409398689268.txt (Time: 0.01s)
📦 COPIED from HDD: /media/HDD/Projects/ExpDFS/graph_1600_1279200_UNIFORM_1722224698700348310.txt -> /home/shahbazk/Projects/DFS_Semi_Streaming/input/random_graphs/graph_1600_1279200_UNIFORM_1722224698700348310.txt (Time: 0.01s)
📦 COPIED from HDD: /media/HDD/Projects/ExpDFS/graph_1600_1279200_UNIFORM_8626102704817790064.txt -> /home/shahbazk/Projects/DFS_Semi_Streaming/input/random_graphs/graph_1600_1279200_UNIFORM_8626102704817790064.txt (Time: 0.01s)
📦 COPIED from HDD: /media/HDD/Projects/ExpDFS/graph_1600_1279200_UNIFORM_7905487461282246979.txt -> /home/shahbazk/Projects/DFS_Semi_Streaming/input/random_graphs/graph_1600_1279200_UNIFORM_7905487461282246979.txt (Time: 0.01s)
📦 COPIED from HDD: /media/HDD/Projects/ExpDFS/graph_1600_1279200_UNIFORM_1332005502874566195.txt -> /home/shahbazk/Projects/DFS_Semi_Streaming/input/random_graphs/graph_1600_1279200_UNIFORM_1332005502874566195.txt (Time: 0.01s)
📦 COPIED from HDD: /media/HDD/Projects/ExpDFS/graph_1600_1279200_UNIFORM_8448596294177070022.txt -> /home/shahbazk/Projects/DFS_Semi_Streaming/input/random_graphs/graph_1600_1279200_UNIFORM_8448596294177070022.txt (Time: 0.01s)
📦 COPIED from HDD: /media/HDD/Projects/ExpDFS/graph_1600_1279200_UNIFORM_2718103348384927511.txt -> /home/shahbazk/Projects/DFS_Semi_Streaming/input/random_graphs/graph_1600_1279200_UNIFORM_2718103348384927511.txt (Time: 0.01s)
📦 COPIED from HDD: /media/HDD/Projects/ExpDFS/graph_1600_1279200_UNIFORM_1992204328026194281.txt -> /home/shahbazk/Projects/DFS_Semi_Streaming/input/random_graphs/graph_1600_1279200_UNIFORM_1992204328026194281.txt (Time: 0.01s)
📦 COPIED from HDD: /media/HDD/Projects/ExpDFS/graph_1600_1279200_UNIFORM_7118744415197196276.txt -> /home/shahbazk/Projects/DFS_Semi_Streaming/input/random_graphs/graph_1600_1279200_UNIFORM_7118744415197196276.txt (Time: 0.01s)
📦 COPIED from HDD: /media/HDD/Projects/ExpDFS/graph_1600_1279200_UNIFORM_9059990922233379852.txt -> /home/shahbazk/Projects/DFS_Semi_Streaming/input/random_graphs/graph_1600_1279200_UNIFORM_9059990922233379852.txt (Time: 0.01s)
📦 COPIED from HDD: /media/HDD/Projects/ExpDFS/graph_1600_1279200_UNIFORM_4934890601268679176.txt -> /home/shahbazk/Projects/DFS_Semi_Streaming/input/random_graphs/graph_1600_1279200_UNIFORM_4934890601268679176.txt (Time: 0.01s)
📦 COPIED from HDD: /media/HDD/Projects/ExpDFS/graph_1600_1279200_UNIFORM_7449662661572224354.txt -> /home/shahbazk/Projects/DFS_Semi_Streaming/input/random_graphs/graph_1600_1279200_UNIFORM_7449662661572224354.txt (Time: 0.01s)
📦 COPIED from HDD: /media/HDD/Projects/ExpDFS/graph_1600_1279200_UNIFORM_3221421291694197220.txt -> /home/shahbazk/Projects/DFS_Semi_Streaming/input/random_graphs/graph_1600_1279200_UNIFORM_3221421291694197220.txt (Time: 0.01s)
📦 COPIED from HDD: /media/HDD/Projects/ExpDFS/graph_1600_1279200_UNIFORM_8867616339855336876.txt -> /home/shahbazk/Projects/DFS_Semi_Streaming/input/random_graphs/graph_1600_1279200_UNIFORM_8867616339855336876.txt (Time: 0.01s)
📦 COPIED from HDD: /media/HDD/Projects/ExpDFS/graph_1600_1279200_UNIFORM_7983805977214098674.txt -> /home/shahbazk/Projects/DFS_Semi_Streaming/input/random_graphs/graph_1600_1279200_UNIFORM_7983805977214098674.txt (Time: 0.01s)
📦 COPIED from HDD: /media/HDD/Projects/ExpDFS/graph_1600_1279200_UNIFORM_5894893360759659423.txt -> /home/shahbazk/Projects/DFS_Semi_Streaming/input/random_graphs/graph_1600_1279200_UNIFORM_5894893360759659423.txt (Time: 0.01s)
📦 COPIED from HDD: /media/HDD/Projects/ExpDFS/graph_1600_1279200_UNIFORM_2264398621601381987.txt -> /home/shahbazk/Projects/DFS_Semi_Streaming/input/random_graphs/graph_1600_1279200_UNIFORM_2264398621601381987.txt (Time: 0.01s)
📦 COPIED from HDD: /media/HDD/Projects/ExpDFS/graph_1600_1279200_UNIFORM_4940913311242578590.txt -> /home/shahbazk/Projects/DFS_Semi_Streaming/input/random_graphs/graph_1600_1279200_UNIFORM_4940913311242578590.txt (Time: 0.01s)
📦 COPIED from HDD: /media/HDD/Projects/ExpDFS/graph_1600_1279200_UNIFORM_7632458674696225362.txt -> /home/shahbazk/Projects/DFS_Semi_Streaming/input/random_graphs/graph_1600_1279200_UNIFORM_7632458674696225362.txt (Time: 0.01s)
📦 COPIED from HDD: /media/HDD/Projects/ExpDFS/graph_1800_1619100_UNIFORM_6230961512046992311.txt -> /home/shahbazk/Projects/DFS_Semi_Streaming/input/random_graphs/graph_1800_1619100_UNIFORM_6230961512046992311.txt (Time: 0.01s)
📦 COPIED from HDD: /media/HDD/Projects/ExpDFS/graph_1800_1619100_UNIFORM_5739955973604961613.txt -> /home/shahbazk/Projects/DFS_Semi_Streaming/input/random_graphs/graph_1800_1619100_UNIFORM_5739955973604961613.txt (Time: 0.01s)
📦 COPIED from HDD: /media/HDD/Projects/ExpDFS/graph_1800_1619100_UNIFORM_7871178979383552919.txt -> /home/shahbazk/Projects/DFS_Semi_Streaming/input/random_graphs/graph_1800_1619100_UNIFORM_7871178979383552919.txt (Time: 0.01s)
📦 COPIED from HDD: /media/HDD/Projects/ExpDFS/graph_1800_1619100_UNIFORM_3881801951614183357.txt -> /home/shahbazk/Projects/DFS_Semi_Streaming/input/random_graphs/graph_1800_1619100_UNIFORM_3881801951614183357.txt (Time: 0.01s)
📦 COPIED from HDD: /media/HDD/Projects/ExpDFS/graph_1800_1619100_UNIFORM_7032710160631691991.txt -> /home/shahbazk/Projects/DFS_Semi_Streaming/input/random_graphs/graph_1800_1619100_UNIFORM_7032710160631691991.txt (Time: 0.01s)
📦 COPIED from HDD: /media/HDD/Projects/ExpDFS/graph_1800_1619100_UNIFORM_7599700178212337699.txt -> /home/shahbazk/Projects/DFS_Semi_Streaming/input/random_graphs/graph_1800_1619100_UNIFORM_7599700178212337699.txt (Time: 0.01s)
📦 COPIED from HDD: /media/HDD/Projects/ExpDFS/graph_1800_1619100_UNIFORM_1070244953599069350.txt -> /home/shahbazk/Projects/DFS_Semi_Streaming/input/random_graphs/graph_1800_1619100_UNIFORM_1070244953599069350.txt (Time: 0.01s)
📦 COPIED from HDD: /media/HDD/Projects/ExpDFS/graph_1800_1619100_UNIFORM_1353182403971399009.txt -> /home/shahbazk/Projects/DFS_Semi_Streaming/input/random_graphs/graph_1800_1619100_UNIFORM_1353182403971399009.txt (Time: 0.01s)
📦 COPIED from HDD: /media/HDD/Projects/ExpDFS/graph_1800_1619100_UNIFORM_6522163754831416203.txt -> /home/shahbazk/Projects/DFS_Semi_Streaming/input/random_graphs/graph_1800_1619100_UNIFORM_6522163754831416203.txt (Time: 0.01s)
📦 COPIED from HDD: /media/HDD/Projects/ExpDFS/graph_1800_1619100_UNIFORM_6938562734920028532.txt -> /home/shahbazk/Projects/DFS_Semi_Streaming/input/random_graphs/graph_1800_1619100_UNIFORM_6938562734920028532.txt (Time: 0.01s)
📦 COPIED from HDD: /media/HDD/Projects/ExpDFS/graph_1800_1619100_UNIFORM_1309542850049879452.txt -> /home/shahbazk/Projects/DFS_Semi_Streaming/input/random_graphs/graph_1800_1619100_UNIFORM_1309542850049879452.txt (Time: 0.01s)
📦 COPIED from HDD: /media/HDD/Projects/ExpDFS/graph_1800_1619100_UNIFORM_4040737767143389431.txt -> /home/shahbazk/Projects/DFS_Semi_Streaming/input/random_graphs/graph_1800_1619100_UNIFORM_4040737767143389431.txt (Time: 0.01s)
📦 COPIED from HDD: /media/HDD/Projects/ExpDFS/graph_1800_1619100_UNIFORM_2429002973740178792.txt -> /home/shahbazk/Projects/DFS_Semi_Streaming/input/random_graphs/graph_1800_1619100_UNIFORM_2429002973740178792.txt (Time: 0.01s)
📦 COPIED from HDD: /media/HDD/Projects/ExpDFS/graph_1800_1619100_UNIFORM_1250005700364523649.txt -> /home/shahbazk/Projects/DFS_Semi_Streaming/input/random_graphs/graph_1800_1619100_UNIFORM_1250005700364523649.txt (Time: 0.01s)
📦 COPIED from HDD: /media/HDD/Projects/ExpDFS/graph_1800_1619100_UNIFORM_5906957480796939447.txt -> /home/shahbazk/Projects/DFS_Semi_Streaming/input/random_graphs/graph_1800_1619100_UNIFORM_5906957480796939447.txt (Time: 0.01s)
📦 COPIED from HDD: /media/HDD/Projects/ExpDFS/graph_1800_1619100_UNIFORM_7146860528564146064.txt -> /home/shahbazk/Projects/DFS_Semi_Streaming/input/random_graphs/graph_1800_1619100_UNIFORM_7146860528564146064.txt (Time: 0.01s)
📦 COPIED from HDD: /media/HDD/Projects/ExpDFS/graph_1800_1619100_UNIFORM_7663871783842725848.txt -> /home/shahbazk/Projects/DFS_Semi_Streaming/input/random_graphs/graph_1800_1619100_UNIFORM_7663871783842725848.txt (Time: 0.01s)
📦 COPIED from HDD: /media/HDD/Projects/ExpDFS/graph_1800_1619100_UNIFORM_320375091487821987.txt -> /home/shahbazk/Projects/DFS_Semi_Streaming/input/random_graphs/graph_1800_1619100_UNIFORM_320375091487821987.txt (Time: 0.01s)
📦 COPIED from HDD: /media/HDD/Projects/ExpDFS/graph_1800_1619100_UNIFORM_1250773459040295677.txt -> /home/shahbazk/Projects/DFS_Semi_Streaming/input/random_graphs/graph_1800_1619100_UNIFORM_1250773459040295677.txt (Time: 0.01s)
📦 COPIED from HDD: /media/HDD/Projects/ExpDFS/graph_1800_1619100_UNIFORM_3010622984418968408.txt -> /home/shahbazk/Projects/DFS_Semi_Streaming/input/random_graphs/graph_1800_1619100_UNIFORM_3010622984418968408.txt (Time: 0.01s)
📦 COPIED from HDD: /media/HDD/Projects/ExpDFS/graph_1800_1619100_UNIFORM_5139481885857321791.txt -> /home/shahbazk/Projects/DFS_Semi_Streaming/input/random_graphs/graph_1800_1619100_UNIFORM_5139481885857321791.txt (Time: 0.01s)
📦 COPIED from HDD: /media/HDD/Projects/ExpDFS/graph_1800_1619100_UNIFORM_7473196763798409428.txt -> /home/shahbazk/Projects/DFS_Semi_Streaming/input/random_graphs/graph_1800_1619100_UNIFORM_7473196763798409428.txt (Time: 0.01s)
📦 COPIED from HDD: /media/HDD/Projects/ExpDFS/graph_1800_1619100_UNIFORM_5142811650494845597.txt -> /home/shahbazk/Projects/DFS_Semi_Streaming/input/random_graphs/graph_1800_1619100_UNIFORM_5142811650494845597.txt (Time: 0.01s)
📦 COPIED from HDD: /media/HDD/Projects/ExpDFS/graph_1800_1619100_UNIFORM_3438400432146115956.txt -> /home/shahbazk/Projects/DFS_Semi_Streaming/input/random_graphs/graph_1800_1619100_UNIFORM_3438400432146115956.txt (Time: 0.01s)
📦 COPIED from HDD: /media/HDD/Projects/ExpDFS/graph_1800_1619100_UNIFORM_6002685213311538187.txt -> /home/shahbazk/Projects/DFS_Semi_Streaming/input/random_graphs/graph_1800_1619100_UNIFORM_6002685213311538187.txt (Time: 0.01s)
📦 COPIED from HDD: /media/HDD/Projects/ExpDFS/graph_1800_1619100_UNIFORM_5708372698381010775.txt -> /home/shahbazk/Projects/DFS_Semi_Streaming/input/random_graphs/graph_1800_1619100_UNIFORM_5708372698381010775.txt (Time: 0.01s)
📦 COPIED from HDD: /media/HDD/Projects/ExpDFS/graph_1800_1619100_UNIFORM_521787134863155063.txt -> /home/shahbazk/Projects/DFS_Semi_Streaming/input/random_graphs/graph_1800_1619100_UNIFORM_521787134863155063.txt (Time: 0.01s)
📦 COPIED from HDD: /media/HDD/Projects/ExpDFS/graph_1800_1619100_UNIFORM_1731523882129807996.txt -> /home/shahbazk/Projects/DFS_Semi_Streaming/input/random_graphs/graph_1800_1619100_UNIFORM_1731523882129807996.txt (Time: 0.01s)
📦 COPIED from HDD: /media/HDD/Projects/ExpDFS/graph_1800_1619100_UNIFORM_1853590723603270879.txt -> /home/shahbazk/Projects/DFS_Semi_Streaming/input/random_graphs/graph_1800_1619100_UNIFORM_1853590723603270879.txt (Time: 0.01s)
📦 COPIED from HDD: /media/HDD/Projects/ExpDFS/graph_1800_1619100_UNIFORM_7029781962072644698.txt -> /home/shahbazk/Projects/DFS_Semi_Streaming/input/random_graphs/graph_1800_1619100_UNIFORM_7029781962072644698.txt (Time: 0.01s)
📦 COPIED from HDD: /media/HDD/Projects/ExpDFS/graph_1800_1619100_UNIFORM_6785030173969523435.txt -> /home/shahbazk/Projects/DFS_Semi_Streaming/input/random_graphs/graph_1800_1619100_UNIFORM_6785030173969523435.txt (Time: 0.01s)
📦 COPIED from HDD: /media/HDD/Projects/ExpDFS/graph_1800_1619100_UNIFORM_5529616217668449934.txt -> /home/shahbazk/Projects/DFS_Semi_Streaming/input/random_graphs/graph_1800_1619100_UNIFORM_5529616217668449934.txt (Time: 0.01s)
📦 COPIED from HDD: /media/HDD/Projects/ExpDFS/graph_1800_1619100_UNIFORM_1024517563182776983.txt -> /home/shahbazk/Projects/DFS_Semi_Streaming/input/random_graphs/graph_1800_1619100_UNIFORM_1024517563182776983.txt (Time: 0.01s)
📦 COPIED from HDD: /media/HDD/Projects/ExpDFS/graph_1800_1619100_UNIFORM_3224265581699847191.txt -> /home/shahbazk/Projects/DFS_Semi_Streaming/input/random_graphs/graph_1800_1619100_UNIFORM_3224265581699847191.txt (Time: 0.01s)
📦 COPIED from HDD: /media/HDD/Projects/ExpDFS/graph_1800_1619100_UNIFORM_5258051056098597521.txt -> /home/shahbazk/Projects/DFS_Semi_Streaming/input/random_graphs/graph_1800_1619100_UNIFORM_5258051056098597521.txt (Time: 0.01s)
📦 COPIED from HDD: /media/HDD/Projects/ExpDFS/graph_1800_1619100_UNIFORM_1647170069535670909.txt -> /home/shahbazk/Projects/DFS_Semi_Streaming/input/random_graphs/graph_1800_1619100_UNIFORM_1647170069535670909.txt (Time: 0.01s)
📦 COPIED from HDD: /media/HDD/Projects/ExpDFS/graph_1800_1619100_UNIFORM_4122784633514911760.txt -> /home/shahbazk/Projects/DFS_Semi_Streaming/input/random_graphs/graph_1800_1619100_UNIFORM_4122784633514911760.txt (Time: 0.01s)
📦 COPIED from HDD: /media/HDD/Projects/ExpDFS/graph_1800_1619100_UNIFORM_824387247617288499.txt -> /home/shahbazk/Projects/DFS_Semi_Streaming/input/random_graphs/graph_1800_1619100_UNIFORM_824387247617288499.txt (Time: 0.01s)
📦 COPIED from HDD: /media/HDD/Projects/ExpDFS/graph_1800_1619100_UNIFORM_7706236040662210848.txt -> /home/shahbazk/Projects/DFS_Semi_Streaming/input/random_graphs/graph_1800_1619100_UNIFORM_7706236040662210848.txt (Time: 0.01s)
📦 COPIED from HDD: /media/HDD/Projects/ExpDFS/graph_1800_1619100_UNIFORM_1632192924771168275.txt -> /home/shahbazk/Projects/DFS_Semi_Streaming/input/random_graphs/graph_1800_1619100_UNIFORM_1632192924771168275.txt (Time: 0.01s)
📦 COPIED from HDD: /media/HDD/Projects/ExpDFS/graph_1800_1619100_UNIFORM_6802378520969450157.txt -> /home/shahbazk/Projects/DFS_Semi_Streaming/input/random_graphs/graph_1800_1619100_UNIFORM_6802378520969450157.txt (Time: 0.01s)
📦 COPIED from HDD: /media/HDD/Projects/ExpDFS/graph_1800_1619100_UNIFORM_8031431416522537101.txt -> /home/shahbazk/Projects/DFS_Semi_Streaming/input/random_graphs/graph_1800_1619100_UNIFORM_8031431416522537101.txt (Time: 0.01s)
📦 COPIED from HDD: /media/HDD/Projects/ExpDFS/graph_1800_1619100_UNIFORM_5349491008325879064.txt -> /home/shahbazk/Projects/DFS_Semi_Streaming/input/random_graphs/graph_1800_1619100_UNIFORM_5349491008325879064.txt (Time: 0.01s)
📦 COPIED from HDD: /media/HDD/Projects/ExpDFS/graph_1800_1619100_UNIFORM_4552998297316576788.txt -> /home/shahbazk/Projects/DFS_Semi_Streaming/input/random_graphs/graph_1800_1619100_UNIFORM_4552998297316576788.txt (Time: 0.01s)
📦 COPIED from HDD: /media/HDD/Projects/ExpDFS/graph_1800_1619100_UNIFORM_7161906730445628483.txt -> /home/shahbazk/Projects/DFS_Semi_Streaming/input/random_graphs/graph_1800_1619100_UNIFORM_7161906730445628483.txt (Time: 0.01s)
📦 COPIED from HDD: /media/HDD/Projects/ExpDFS/graph_1800_1619100_UNIFORM_5636411189175451024.txt -> /home/shahbazk/Projects/DFS_Semi_Streaming/input/random_graphs/graph_1800_1619100_UNIFORM_5636411189175451024.txt (Time: 0.01s)
📦 COPIED from HDD: /media/HDD/Projects/ExpDFS/graph_1800_1619100_UNIFORM_7938560551762094560.txt -> /home/shahbazk/Projects/DFS_Semi_Streaming/input/random_graphs/graph_1800_1619100_UNIFORM_7938560551762094560.txt (Time: 0.01s)
📦 COPIED from HDD: /media/HDD/Projects/ExpDFS/graph_1800_1619100_UNIFORM_6614505080519948832.txt -> /home/shahbazk/Projects/DFS_Semi_Streaming/input/random_graphs/graph_1800_1619100_UNIFORM_6614505080519948832.txt (Time: 0.01s)
📦 COPIED from HDD: /media/HDD/Projects/ExpDFS/graph_1800_1619100_UNIFORM_7917045922527545890.txt -> /home/shahbazk/Projects/DFS_Semi_Streaming/input/random_graphs/graph_1800_1619100_UNIFORM_7917045922527545890.txt (Time: 0.01s)
📦 COPIED from HDD: /media/HDD/Projects/ExpDFS/graph_1800_1619100_UNIFORM_3272308573967577038.txt -> /home/shahbazk/Projects/DFS_Semi_Streaming/input/random_graphs/graph_1800_1619100_UNIFORM_3272308573967577038.txt (Time: 0.01s)
📦 COPIED from HDD: /media/HDD/Projects/ExpDFS/graph_1800_1619100_UNIFORM_6143643868734370809.txt -> /home/shahbazk/Projects/DFS_Semi_Streaming/input/random_graphs/graph_1800_1619100_UNIFORM_6143643868734370809.txt (Time: 0.01s)
📦 COPIED from HDD: /media/HDD/Projects/ExpDFS/graph_1800_1619100_UNIFORM_7921282862123281598.txt -> /home/shahbazk/Projects/DFS_Semi_Streaming/input/random_graphs/graph_1800_1619100_UNIFORM_7921282862123281598.txt (Time: 0.01s)
📦 COPIED from HDD: /media/HDD/Projects/ExpDFS/graph_1800_1619100_UNIFORM_3865339568260874865.txt -> /home/shahbazk/Projects/DFS_Semi_Streaming/input/random_graphs/graph_1800_1619100_UNIFORM_3865339568260874865.txt (Time: 0.01s)
📦 COPIED from HDD: /media/HDD/Projects/ExpDFS/graph_1800_1619100_UNIFORM_4445925461710302877.txt -> /home/shahbazk/Projects/DFS_Semi_Streaming/input/random_graphs/graph_1800_1619100_UNIFORM_4445925461710302877.txt (Time: 0.01s)
📦 COPIED from HDD: /media/HDD/Projects/ExpDFS/graph_1800_1619100_UNIFORM_6224222471595207695.txt -> /home/shahbazk/Projects/DFS_Semi_Streaming/input/random_graphs/graph_1800_1619100_UNIFORM_6224222471595207695.txt (Time: 0.01s)
📦 COPIED from HDD: /media/HDD/Projects/ExpDFS/graph_1800_1619100_UNIFORM_716820155901718944.txt -> /home/shahbazk/Projects/DFS_Semi_Streaming/input/random_graphs/graph_1800_1619100_UNIFORM_716820155901718944.txt (Time: 0.01s)
📦 COPIED from HDD: /media/HDD/Projects/ExpDFS/graph_1800_1619100_UNIFORM_1128313391724783137.txt -> /home/shahbazk/Projects/DFS_Semi_Streaming/input/random_graphs/graph_1800_1619100_UNIFORM_1128313391724783137.txt (Time: 0.01s)
📦 COPIED from HDD: /media/HDD/Projects/ExpDFS/graph_1800_1619100_UNIFORM_5063475852268941542.txt -> /home/shahbazk/Projects/DFS_Semi_Streaming/input/random_graphs/graph_1800_1619100_UNIFORM_5063475852268941542.txt (Time: 0.01s)
📦 COPIED from HDD: /media/HDD/Projects/ExpDFS/graph_1800_1619100_UNIFORM_8718380604043999642.txt -> /home/shahbazk/Projects/DFS_Semi_Streaming/input/random_graphs/graph_1800_1619100_UNIFORM_8718380604043999642.txt (Time: 0.01s)
📦 COPIED from HDD: /media/HDD/Projects/ExpDFS/graph_1800_1619100_UNIFORM_4997514996153925447.txt -> /home/shahbazk/Projects/DFS_Semi_Streaming/input/random_graphs/graph_1800_1619100_UNIFORM_4997514996153925447.txt (Time: 0.01s)
📦 COPIED from HDD: /media/HDD/Projects/ExpDFS/graph_1800_1619100_UNIFORM_8446481348147407377.txt -> /home/shahbazk/Projects/DFS_Semi_Streaming/input/random_graphs/graph_1800_1619100_UNIFORM_8446481348147407377.txt (Time: 0.01s)
📦 COPIED from HDD: /media/HDD/Projects/ExpDFS/graph_1800_1619100_UNIFORM_3817405844514670994.txt -> /home/shahbazk/Projects/DFS_Semi_Streaming/input/random_graphs/graph_1800_1619100_UNIFORM_3817405844514670994.txt (Time: 0.10s)
📦 COPIED from HDD: /media/HDD/Projects/ExpDFS/graph_1800_1619100_UNIFORM_6529943913552561417.txt -> /home/shahbazk/Projects/DFS_Semi_Streaming/input/random_graphs/graph_1800_1619100_UNIFORM_6529943913552561417.txt (Time: 0.01s)
📦 COPIED from HDD: /media/HDD/Projects/ExpDFS/graph_1800_1619100_UNIFORM_2909934787168262407.txt -> /home/shahbazk/Projects/DFS_Semi_Streaming/input/random_graphs/graph_1800_1619100_UNIFORM_2909934787168262407.txt (Time: 0.01s)
📦 COPIED from HDD: /media/HDD/Projects/ExpDFS/graph_1800_1619100_UNIFORM_1170385908854608748.txt -> /home/shahbazk/Projects/DFS_Semi_Streaming/input/random_graphs/graph_1800_1619100_UNIFORM_1170385908854608748.txt (Time: 0.01s)
📦 COPIED from HDD: /media/HDD/Projects/ExpDFS/graph_1800_1619100_UNIFORM_6022436717541034636.txt -> /home/shahbazk/Projects/DFS_Semi_Streaming/input/random_graphs/graph_1800_1619100_UNIFORM_6022436717541034636.txt (Time: 0.01s)
📦 COPIED from HDD: /media/HDD/Projects/ExpDFS/graph_1800_1619100_UNIFORM_199422815561151340.txt -> /home/shahbazk/Projects/DFS_Semi_Streaming/input/random_graphs/graph_1800_1619100_UNIFORM_199422815561151340.txt (Time: 0.01s)
📦 COPIED from HDD: /media/HDD/Projects/ExpDFS/graph_1800_1619100_UNIFORM_3713827327871807734.txt -> /home/shahbazk/Projects/DFS_Semi_Streaming/input/random_graphs/graph_1800_1619100_UNIFORM_3713827327871807734.txt (Time: 0.01s)
📦 COPIED from HDD: /media/HDD/Projects/ExpDFS/graph_1800_1619100_UNIFORM_175493991617213850.txt -> /home/shahbazk/Projects/DFS_Semi_Streaming/input/random_graphs/graph_1800_1619100_UNIFORM_175493991617213850.txt (Time: 0.01s)
📦 COPIED from HDD: /media/HDD/Projects/ExpDFS/graph_1800_1619100_UNIFORM_6764066939395682287.txt -> /home/shahbazk/Projects/DFS_Semi_Streaming/input/random_graphs/graph_1800_1619100_UNIFORM_6764066939395682287.txt (Time: 0.01s)
📦 COPIED from HDD: /media/HDD/Projects/ExpDFS/graph_1800_1619100_UNIFORM_5108599054664628607.txt -> /home/shahbazk/Projects/DFS_Semi_Streaming/input/random_graphs/graph_1800_1619100_UNIFORM_5108599054664628607.txt (Time: 0.01s)
📦 COPIED from HDD: /media/HDD/Projects/ExpDFS/graph_1800_1619100_UNIFORM_9130666990809746335.txt -> /home/shahbazk/Projects/DFS_Semi_Streaming/input/random_graphs/graph_1800_1619100_UNIFORM_9130666990809746335.txt (Time: 0.01s)
📦 COPIED from HDD: /media/HDD/Projects/ExpDFS/graph_1800_1619100_UNIFORM_7644420139408884785.txt -> /home/shahbazk/Projects/DFS_Semi_Streaming/input/random_graphs/graph_1800_1619100_UNIFORM_7644420139408884785.txt (Time: 0.01s)
📦 COPIED from HDD: /media/HDD/Projects/ExpDFS/graph_1800_1619100_UNIFORM_1458186392400727732.txt -> /home/shahbazk/Projects/DFS_Semi_Streaming/input/random_graphs/graph_1800_1619100_UNIFORM_1458186392400727732.txt (Time: 0.01s)
📦 COPIED from HDD: /media/HDD/Projects/ExpDFS/graph_1800_1619100_UNIFORM_4250897495980125004.txt -> /home/shahbazk/Projects/DFS_Semi_Streaming/input/random_graphs/graph_1800_1619100_UNIFORM_4250897495980125004.txt (Time: 0.01s)
📦 COPIED from HDD: /media/HDD/Projects/ExpDFS/graph_1800_1619100_UNIFORM_1392892770529522614.txt -> /home/shahbazk/Projects/DFS_Semi_Streaming/input/random_graphs/graph_1800_1619100_UNIFORM_1392892770529522614.txt (Time: 0.01s)
📦 COPIED from HDD: /media/HDD/Projects/ExpDFS/graph_1800_1619100_UNIFORM_9060210648189963449.txt -> /home/shahbazk/Projects/DFS_Semi_Streaming/input/random_graphs/graph_1800_1619100_UNIFORM_9060210648189963449.txt (Time: 0.01s)
📦 COPIED from HDD: /media/HDD/Projects/ExpDFS/graph_1800_1619100_UNIFORM_5497874167834979553.txt -> /home/shahbazk/Projects/DFS_Semi_Streaming/input/random_graphs/graph_1800_1619100_UNIFORM_5497874167834979553.txt (Time: 0.01s)
📦 COPIED from HDD: /media/HDD/Projects/ExpDFS/graph_1800_1619100_UNIFORM_1332005502874566195.txt -> /home/shahbazk/Projects/DFS_Semi_Streaming/input/random_graphs/graph_1800_1619100_UNIFORM_1332005502874566195.txt (Time: 0.01s)
📦 COPIED from HDD: /media/HDD/Projects/ExpDFS/graph_1800_1619100_UNIFORM_8794274795737982182.txt -> /home/shahbazk/Projects/DFS_Semi_Streaming/input/random_graphs/graph_1800_1619100_UNIFORM_8794274795737982182.txt (Time: 0.01s)
📦 COPIED from HDD: /media/HDD/Projects/ExpDFS/graph_1800_1619100_UNIFORM_4060584409398689268.txt -> /home/shahbazk/Projects/DFS_Semi_Streaming/input/random_graphs/graph_1800_1619100_UNIFORM_4060584409398689268.txt (Time: 0.01s)
📦 COPIED from HDD: /media/HDD/Projects/ExpDFS/graph_1800_1619100_UNIFORM_2089506265998900862.txt -> /home/shahbazk/Projects/DFS_Semi_Streaming/input/random_graphs/graph_1800_1619100_UNIFORM_2089506265998900862.txt (Time: 0.01s)
📦 COPIED from HDD: /media/HDD/Projects/ExpDFS/graph_1800_1619100_UNIFORM_7905487461282246979.txt -> /home/shahbazk/Projects/DFS_Semi_Streaming/input/random_graphs/graph_1800_1619100_UNIFORM_7905487461282246979.txt (Time: 0.01s)
📦 COPIED from HDD: /media/HDD/Projects/ExpDFS/graph_1800_1619100_UNIFORM_1722224698700348310.txt -> /home/shahbazk/Projects/DFS_Semi_Streaming/input/random_graphs/graph_1800_1619100_UNIFORM_1722224698700348310.txt (Time: 0.01s)
📦 COPIED from HDD: /media/HDD/Projects/ExpDFS/graph_1800_1619100_UNIFORM_8448596294177070022.txt -> /home/shahbazk/Projects/DFS_Semi_Streaming/input/random_graphs/graph_1800_1619100_UNIFORM_8448596294177070022.txt (Time: 0.01s)
📦 COPIED from HDD: /media/HDD/Projects/ExpDFS/graph_1800_1619100_UNIFORM_8626102704817790064.txt -> /home/shahbazk/Projects/DFS_Semi_Streaming/input/random_graphs/graph_1800_1619100_UNIFORM_8626102704817790064.txt (Time: 0.01s)
📦 COPIED from HDD: /media/HDD/Projects/ExpDFS/graph_1800_1619100_UNIFORM_4934890601268679176.txt -> /home/shahbazk/Projects/DFS_Semi_Streaming/input/random_graphs/graph_1800_1619100_UNIFORM_4934890601268679176.txt (Time: 0.01s)
📦 COPIED from HDD: /media/HDD/Projects/ExpDFS/graph_1800_1619100_UNIFORM_4795749165124911768.txt -> /home/shahbazk/Projects/DFS_Semi_Streaming/input/random_graphs/graph_1800_1619100_UNIFORM_4795749165124911768.txt (Time: 0.01s)
📦 COPIED from HDD: /media/HDD/Projects/ExpDFS/graph_1800_1619100_UNIFORM_1992204328026194281.txt -> /home/shahbazk/Projects/DFS_Semi_Streaming/input/random_graphs/graph_1800_1619100_UNIFORM_1992204328026194281.txt (Time: 0.01s)
📦 COPIED from HDD: /media/HDD/Projects/ExpDFS/graph_1800_1619100_UNIFORM_7118744415197196276.txt -> /home/shahbazk/Projects/DFS_Semi_Streaming/input/random_graphs/graph_1800_1619100_UNIFORM_7118744415197196276.txt (Time: 0.01s)
📦 COPIED from HDD: /media/HDD/Projects/ExpDFS/graph_1800_1619100_UNIFORM_2718103348384927511.txt -> /home/shahbazk/Projects/DFS_Semi_Streaming/input/random_graphs/graph_1800_1619100_UNIFORM_2718103348384927511.txt (Time: 0.01s)
📦 COPIED from HDD: /media/HDD/Projects/ExpDFS/graph_1800_1619100_UNIFORM_9059990922233379852.txt -> /home/shahbazk/Projects/DFS_Semi_Streaming/input/random_graphs/graph_1800_1619100_UNIFORM_9059990922233379852.txt (Time: 0.01s)
📦 COPIED from HDD: /media/HDD/Projects/ExpDFS/graph_1800_1619100_UNIFORM_7449662661572224354.txt -> /home/shahbazk/Projects/DFS_Semi_Streaming/input/random_graphs/graph_1800_1619100_UNIFORM_7449662661572224354.txt (Time: 0.01s)
📦 COPIED from HDD: /media/HDD/Projects/ExpDFS/graph_1800_1619100_UNIFORM_3221421291694197220.txt -> /home/shahbazk/Projects/DFS_Semi_Streaming/input/random_graphs/graph_1800_1619100_UNIFORM_3221421291694197220.txt (Time: 0.01s)
📦 COPIED from HDD: /media/HDD/Projects/ExpDFS/graph_1800_1619100_UNIFORM_8867616339855336876.txt -> /home/shahbazk/Projects/DFS_Semi_Streaming/input/random_graphs/graph_1800_1619100_UNIFORM_8867616339855336876.txt (Time: 0.01s)
📦 COPIED from HDD: /media/HDD/Projects/ExpDFS/graph_1800_1619100_UNIFORM_7983805977214098674.txt -> /home/shahbazk/Projects/DFS_Semi_Streaming/input/random_graphs/graph_1800_1619100_UNIFORM_7983805977214098674.txt (Time: 0.01s)
📦 COPIED from HDD: /media/HDD/Projects/ExpDFS/graph_1800_1619100_UNIFORM_5894893360759659423.txt -> /home/shahbazk/Projects/DFS_Semi_Streaming/input/random_graphs/graph_1800_1619100_UNIFORM_5894893360759659423.txt (Time: 0.01s)
📦 COPIED from HDD: /media/HDD/Projects/ExpDFS/graph_1800_1619100_UNIFORM_4940913311242578590.txt -> /home/shahbazk/Projects/DFS_Semi_Streaming/input/random_graphs/graph_1800_1619100_UNIFORM_4940913311242578590.txt (Time: 0.01s)
📦 COPIED from HDD: /media/HDD/Projects/ExpDFS/graph_1800_1619100_UNIFORM_2264398621601381987.txt -> /home/shahbazk/Projects/DFS_Semi_Streaming/input/random_graphs/graph_1800_1619100_UNIFORM_2264398621601381987.txt (Time: 0.01s)
📦 COPIED from HDD: /media/HDD/Projects/ExpDFS/graph_1800_1619100_UNIFORM_7632458674696225362.txt -> /home/shahbazk/Projects/DFS_Semi_Streaming/input/random_graphs/graph_1800_1619100_UNIFORM_7632458674696225362.txt (Time: 0.01s)
📦 COPIED from HDD: /media/HDD/Projects/ExpDFS/graph_2000_1999000_UNIFORM_6230961512046992311.txt -> /home/shahbazk/Projects/DFS_Semi_Streaming/input/random_graphs/graph_2000_1999000_UNIFORM_6230961512046992311.txt (Time: 0.10s)
📦 COPIED from HDD: /media/HDD/Projects/ExpDFS/graph_2000_1999000_UNIFORM_7871178979383552919.txt -> /home/shahbazk/Projects/DFS_Semi_Streaming/input/random_graphs/graph_2000_1999000_UNIFORM_7871178979383552919.txt (Time: 0.02s)
📦 COPIED from HDD: /media/HDD/Projects/ExpDFS/graph_2000_1999000_UNIFORM_5739955973604961613.txt -> /home/shahbazk/Projects/DFS_Semi_Streaming/input/random_graphs/graph_2000_1999000_UNIFORM_5739955973604961613.txt (Time: 0.02s)
📦 COPIED from HDD: /media/HDD/Projects/ExpDFS/graph_2000_1999000_UNIFORM_7599700178212337699.txt -> /home/shahbazk/Projects/DFS_Semi_Streaming/input/random_graphs/graph_2000_1999000_UNIFORM_7599700178212337699.txt (Time: 0.02s)
📦 COPIED from HDD: /media/HDD/Projects/ExpDFS/graph_2000_1999000_UNIFORM_1353182403971399009.txt -> /home/shahbazk/Projects/DFS_Semi_Streaming/input/random_graphs/graph_2000_1999000_UNIFORM_1353182403971399009.txt (Time: 0.02s)
📦 COPIED from HDD: /media/HDD/Projects/ExpDFS/graph_2000_1999000_UNIFORM_7032710160631691991.txt -> /home/shahbazk/Projects/DFS_Semi_Streaming/input/random_graphs/graph_2000_1999000_UNIFORM_7032710160631691991.txt (Time: 0.02s)
📦 COPIED from HDD: /media/HDD/Projects/ExpDFS/graph_2000_1999000_UNIFORM_6522163754831416203.txt -> /home/shahbazk/Projects/DFS_Semi_Streaming/input/random_graphs/graph_2000_1999000_UNIFORM_6522163754831416203.txt (Time: 0.02s)
📦 COPIED from HDD: /media/HDD/Projects/ExpDFS/graph_2000_1999000_UNIFORM_3881801951614183357.txt -> /home/shahbazk/Projects/DFS_Semi_Streaming/input/random_graphs/graph_2000_1999000_UNIFORM_3881801951614183357.txt (Time: 0.02s)
📦 COPIED from HDD: /media/HDD/Projects/ExpDFS/graph_2000_1999000_UNIFORM_6938562734920028532.txt -> /home/shahbazk/Projects/DFS_Semi_Streaming/input/random_graphs/graph_2000_1999000_UNIFORM_6938562734920028532.txt (Time: 0.02s)
📦 COPIED from HDD: /media/HDD/Projects/ExpDFS/graph_2000_1999000_UNIFORM_4040737767143389431.txt -> /home/shahbazk/Projects/DFS_Semi_Streaming/input/random_graphs/graph_2000_1999000_UNIFORM_4040737767143389431.txt (Time: 0.02s)
📦 COPIED from HDD: /media/HDD/Projects/ExpDFS/graph_2000_1999000_UNIFORM_1070244953599069350.txt -> /home/shahbazk/Projects/DFS_Semi_Streaming/input/random_graphs/graph_2000_1999000_UNIFORM_1070244953599069350.txt (Time: 0.02s)
📦 COPIED from HDD: /media/HDD/Projects/ExpDFS/graph_2000_1999000_UNIFORM_1250005700364523649.txt -> /home/shahbazk/Projects/DFS_Semi_Streaming/input/random_graphs/graph_2000_1999000_UNIFORM_1250005700364523649.txt (Time: 0.02s)
📦 COPIED from HDD: /media/HDD/Projects/ExpDFS/graph_2000_1999000_UNIFORM_2429002973740178792.txt -> /home/shahbazk/Projects/DFS_Semi_Streaming/input/random_graphs/graph_2000_1999000_UNIFORM_2429002973740178792.txt (Time: 0.02s)
📦 COPIED from HDD: /media/HDD/Projects/ExpDFS/graph_2000_1999000_UNIFORM_1309542850049879452.txt -> /home/shahbazk/Projects/DFS_Semi_Streaming/input/random_graphs/graph_2000_1999000_UNIFORM_1309542850049879452.txt (Time: 0.02s)
📦 COPIED from HDD: /media/HDD/Projects/ExpDFS/graph_2000_1999000_UNIFORM_7663871783842725848.txt -> /home/shahbazk/Projects/DFS_Semi_Streaming/input/random_graphs/graph_2000_1999000_UNIFORM_7663871783842725848.txt (Time: 0.02s)
📦 COPIED from HDD: /media/HDD/Projects/ExpDFS/graph_2000_1999000_UNIFORM_320375091487821987.txt -> /home/shahbazk/Projects/DFS_Semi_Streaming/input/random_graphs/graph_2000_1999000_UNIFORM_320375091487821987.txt (Time: 0.02s)
📦 COPIED from HDD: /media/HDD/Projects/ExpDFS/graph_2000_1999000_UNIFORM_1250773459040295677.txt -> /home/shahbazk/Projects/DFS_Semi_Streaming/input/random_graphs/graph_2000_1999000_UNIFORM_1250773459040295677.txt (Time: 0.02s)
📦 COPIED from HDD: /media/HDD/Projects/ExpDFS/graph_2000_1999000_UNIFORM_5906957480796939447.txt -> /home/shahbazk/Projects/DFS_Semi_Streaming/input/random_graphs/graph_2000_1999000_UNIFORM_5906957480796939447.txt (Time: 0.02s)
📦 COPIED from HDD: /media/HDD/Projects/ExpDFS/graph_2000_1999000_UNIFORM_3438400432146115956.txt -> /home/shahbazk/Projects/DFS_Semi_Streaming/input/random_graphs/graph_2000_1999000_UNIFORM_3438400432146115956.txt (Time: 0.02s)
📦 COPIED from HDD: /media/HDD/Projects/ExpDFS/graph_2000_1999000_UNIFORM_7473196763798409428.txt -> /home/shahbazk/Projects/DFS_Semi_Streaming/input/random_graphs/graph_2000_1999000_UNIFORM_7473196763798409428.txt (Time: 0.02s)
📦 COPIED from HDD: /media/HDD/Projects/ExpDFS/graph_2000_1999000_UNIFORM_5139481885857321791.txt -> /home/shahbazk/Projects/DFS_Semi_Streaming/input/random_graphs/graph_2000_1999000_UNIFORM_5139481885857321791.txt (Time: 0.02s)
📦 COPIED from HDD: /media/HDD/Projects/ExpDFS/graph_2000_1999000_UNIFORM_5142811650494845597.txt -> /home/shahbazk/Projects/DFS_Semi_Streaming/input/random_graphs/graph_2000_1999000_UNIFORM_5142811650494845597.txt (Time: 0.02s)
📦 COPIED from HDD: /media/HDD/Projects/ExpDFS/graph_2000_1999000_UNIFORM_3010622984418968408.txt -> /home/shahbazk/Projects/DFS_Semi_Streaming/input/random_graphs/graph_2000_1999000_UNIFORM_3010622984418968408.txt (Time: 0.02s)
📦 COPIED from HDD: /media/HDD/Projects/ExpDFS/graph_2000_1999000_UNIFORM_7146860528564146064.txt -> /home/shahbazk/Projects/DFS_Semi_Streaming/input/random_graphs/graph_2000_1999000_UNIFORM_7146860528564146064.txt (Time: 0.02s)
📦 COPIED from HDD: /media/HDD/Projects/ExpDFS/graph_2000_1999000_UNIFORM_6002685213311538187.txt -> /home/shahbazk/Projects/DFS_Semi_Streaming/input/random_graphs/graph_2000_1999000_UNIFORM_6002685213311538187.txt (Time: 0.02s)
📦 COPIED from HDD: /media/HDD/Projects/ExpDFS/graph_2000_1999000_UNIFORM_5708372698381010775.txt -> /home/shahbazk/Projects/DFS_Semi_Streaming/input/random_graphs/graph_2000_1999000_UNIFORM_5708372698381010775.txt (Time: 0.02s)
📦 COPIED from HDD: /media/HDD/Projects/ExpDFS/graph_2000_1999000_UNIFORM_521787134863155063.txt -> /home/shahbazk/Projects/DFS_Semi_Streaming/input/random_graphs/graph_2000_1999000_UNIFORM_521787134863155063.txt (Time: 0.02s)
📦 COPIED from HDD: /media/HDD/Projects/ExpDFS/graph_2000_1999000_UNIFORM_1731523882129807996.txt -> /home/shahbazk/Projects/DFS_Semi_Streaming/input/random_graphs/graph_2000_1999000_UNIFORM_1731523882129807996.txt (Time: 0.02s)
📦 COPIED from HDD: /media/HDD/Projects/ExpDFS/graph_2000_1999000_UNIFORM_1853590723603270879.txt -> /home/shahbazk/Projects/DFS_Semi_Streaming/input/random_graphs/graph_2000_1999000_UNIFORM_1853590723603270879.txt (Time: 0.02s)
📦 COPIED from HDD: /media/HDD/Projects/ExpDFS/graph_2000_1999000_UNIFORM_5529616217668449934.txt -> /home/shahbazk/Projects/DFS_Semi_Streaming/input/random_graphs/graph_2000_1999000_UNIFORM_5529616217668449934.txt (Time: 0.02s)
📦 COPIED from HDD: /media/HDD/Projects/ExpDFS/graph_2000_1999000_UNIFORM_7029781962072644698.txt -> /home/shahbazk/Projects/DFS_Semi_Streaming/input/random_graphs/graph_2000_1999000_UNIFORM_7029781962072644698.txt (Time: 0.02s)
📦 COPIED from HDD: /media/HDD/Projects/ExpDFS/graph_2000_1999000_UNIFORM_6785030173969523435.txt -> /home/shahbazk/Projects/DFS_Semi_Streaming/input/random_graphs/graph_2000_1999000_UNIFORM_6785030173969523435.txt (Time: 0.02s)
📦 COPIED from HDD: /media/HDD/Projects/ExpDFS/graph_2000_1999000_UNIFORM_1024517563182776983.txt -> /home/shahbazk/Projects/DFS_Semi_Streaming/input/random_graphs/graph_2000_1999000_UNIFORM_1024517563182776983.txt (Time: 0.02s)
📦 COPIED from HDD: /media/HDD/Projects/ExpDFS/graph_2000_1999000_UNIFORM_3224265581699847191.txt -> /home/shahbazk/Projects/DFS_Semi_Streaming/input/random_graphs/graph_2000_1999000_UNIFORM_3224265581699847191.txt (Time: 0.02s)
📦 COPIED from HDD: /media/HDD/Projects/ExpDFS/graph_2000_1999000_UNIFORM_5258051056098597521.txt -> /home/shahbazk/Projects/DFS_Semi_Streaming/input/random_graphs/graph_2000_1999000_UNIFORM_5258051056098597521.txt (Time: 0.02s)
📦 COPIED from HDD: /media/HDD/Projects/ExpDFS/graph_2000_1999000_UNIFORM_1647170069535670909.txt -> /home/shahbazk/Projects/DFS_Semi_Streaming/input/random_graphs/graph_2000_1999000_UNIFORM_1647170069535670909.txt (Time: 0.02s)
📦 COPIED from HDD: /media/HDD/Projects/ExpDFS/graph_2000_1999000_UNIFORM_4122784633514911760.txt -> /home/shahbazk/Projects/DFS_Semi_Streaming/input/random_graphs/graph_2000_1999000_UNIFORM_4122784633514911760.txt (Time: 0.02s)
📦 COPIED from HDD: /media/HDD/Projects/ExpDFS/graph_2000_1999000_UNIFORM_824387247617288499.txt -> /home/shahbazk/Projects/DFS_Semi_Streaming/input/random_graphs/graph_2000_1999000_UNIFORM_824387247617288499.txt (Time: 0.02s)
📦 COPIED from HDD: /media/HDD/Projects/ExpDFS/graph_2000_1999000_UNIFORM_7706236040662210848.txt -> /home/shahbazk/Projects/DFS_Semi_Streaming/input/random_graphs/graph_2000_1999000_UNIFORM_7706236040662210848.txt (Time: 0.02s)
📦 COPIED from HDD: /media/HDD/Projects/ExpDFS/graph_2000_1999000_UNIFORM_6802378520969450157.txt -> /home/shahbazk/Projects/DFS_Semi_Streaming/input/random_graphs/graph_2000_1999000_UNIFORM_6802378520969450157.txt (Time: 0.02s)
📦 COPIED from HDD: /media/HDD/Projects/ExpDFS/graph_2000_1999000_UNIFORM_7161906730445628483.txt -> /home/shahbazk/Projects/DFS_Semi_Streaming/input/random_graphs/graph_2000_1999000_UNIFORM_7161906730445628483.txt (Time: 0.02s)
📦 COPIED from HDD: /media/HDD/Projects/ExpDFS/graph_2000_1999000_UNIFORM_1632192924771168275.txt -> /home/shahbazk/Projects/DFS_Semi_Streaming/input/random_graphs/graph_2000_1999000_UNIFORM_1632192924771168275.txt (Time: 0.02s)
📦 COPIED from HDD: /media/HDD/Projects/ExpDFS/graph_2000_1999000_UNIFORM_8031431416522537101.txt -> /home/shahbazk/Projects/DFS_Semi_Streaming/input/random_graphs/graph_2000_1999000_UNIFORM_8031431416522537101.txt (Time: 0.02s)
📦 COPIED from HDD: /media/HDD/Projects/ExpDFS/graph_2000_1999000_UNIFORM_4552998297316576788.txt -> /home/shahbazk/Projects/DFS_Semi_Streaming/input/random_graphs/graph_2000_1999000_UNIFORM_4552998297316576788.txt (Time: 0.02s)
📦 COPIED from HDD: /media/HDD/Projects/ExpDFS/graph_2000_1999000_UNIFORM_7917045922527545890.txt -> /home/shahbazk/Projects/DFS_Semi_Streaming/input/random_graphs/graph_2000_1999000_UNIFORM_7917045922527545890.txt (Time: 0.02s)
📦 COPIED from HDD: /media/HDD/Projects/ExpDFS/graph_2000_1999000_UNIFORM_3272308573967577038.txt -> /home/shahbazk/Projects/DFS_Semi_Streaming/input/random_graphs/graph_2000_1999000_UNIFORM_3272308573967577038.txt (Time: 0.02s)
📦 COPIED from HDD: /media/HDD/Projects/ExpDFS/graph_2000_1999000_UNIFORM_5636411189175451024.txt -> /home/shahbazk/Projects/DFS_Semi_Streaming/input/random_graphs/graph_2000_1999000_UNIFORM_5636411189175451024.txt (Time: 0.02s)
📦 COPIED from HDD: /media/HDD/Projects/ExpDFS/graph_2000_1999000_UNIFORM_6143643868734370809.txt -> /home/shahbazk/Projects/DFS_Semi_Streaming/input/random_graphs/graph_2000_1999000_UNIFORM_6143643868734370809.txt (Time: 0.02s)
📦 COPIED from HDD: /media/HDD/Projects/ExpDFS/graph_2000_1999000_UNIFORM_7938560551762094560.txt -> /home/shahbazk/Projects/DFS_Semi_Streaming/input/random_graphs/graph_2000_1999000_UNIFORM_7938560551762094560.txt (Time: 0.02s)
📦 COPIED from HDD: /media/HDD/Projects/ExpDFS/graph_2000_1999000_UNIFORM_5349491008325879064.txt -> /home/shahbazk/Projects/DFS_Semi_Streaming/input/random_graphs/graph_2000_1999000_UNIFORM_5349491008325879064.txt (Time: 0.02s)
📦 COPIED from HDD: /media/HDD/Projects/ExpDFS/graph_2000_1999000_UNIFORM_6614505080519948832.txt -> /home/shahbazk/Projects/DFS_Semi_Streaming/input/random_graphs/graph_2000_1999000_UNIFORM_6614505080519948832.txt (Time: 0.02s)
📦 COPIED from HDD: /media/HDD/Projects/ExpDFS/graph_2000_1999000_UNIFORM_3865339568260874865.txt -> /home/shahbazk/Projects/DFS_Semi_Streaming/input/random_graphs/graph_2000_1999000_UNIFORM_3865339568260874865.txt (Time: 0.02s)
📦 COPIED from HDD: /media/HDD/Projects/ExpDFS/graph_2000_1999000_UNIFORM_4445925461710302877.txt -> /home/shahbazk/Projects/DFS_Semi_Streaming/input/random_graphs/graph_2000_1999000_UNIFORM_4445925461710302877.txt (Time: 0.02s)
📦 COPIED from HDD: /media/HDD/Projects/ExpDFS/graph_2000_1999000_UNIFORM_7921282862123281598.txt -> /home/shahbazk/Projects/DFS_Semi_Streaming/input/random_graphs/graph_2000_1999000_UNIFORM_7921282862123281598.txt (Time: 0.02s)
📦 COPIED from HDD: /media/HDD/Projects/ExpDFS/graph_2000_1999000_UNIFORM_6224222471595207695.txt -> /home/shahbazk/Projects/DFS_Semi_Streaming/input/random_graphs/graph_2000_1999000_UNIFORM_6224222471595207695.txt (Time: 0.02s)
📦 COPIED from HDD: /media/HDD/Projects/ExpDFS/graph_2000_1999000_UNIFORM_8718380604043999642.txt -> /home/shahbazk/Projects/DFS_Semi_Streaming/input/random_graphs/graph_2000_1999000_UNIFORM_8718380604043999642.txt (Time: 0.02s)
📦 COPIED from HDD: /media/HDD/Projects/ExpDFS/graph_2000_1999000_UNIFORM_716820155901718944.txt -> /home/shahbazk/Projects/DFS_Semi_Streaming/input/random_graphs/graph_2000_1999000_UNIFORM_716820155901718944.txt (Time: 0.02s)
📦 COPIED from HDD: /media/HDD/Projects/ExpDFS/graph_2000_1999000_UNIFORM_4997514996153925447.txt -> /home/shahbazk/Projects/DFS_Semi_Streaming/input/random_graphs/graph_2000_1999000_UNIFORM_4997514996153925447.txt (Time: 0.02s)
📦 COPIED from HDD: /media/HDD/Projects/ExpDFS/graph_2000_1999000_UNIFORM_5063475852268941542.txt -> /home/shahbazk/Projects/DFS_Semi_Streaming/input/random_graphs/graph_2000_1999000_UNIFORM_5063475852268941542.txt (Time: 0.02s)
📦 COPIED from HDD: /media/HDD/Projects/ExpDFS/graph_2000_1999000_UNIFORM_8446481348147407377.txt -> /home/shahbazk/Projects/DFS_Semi_Streaming/input/random_graphs/graph_2000_1999000_UNIFORM_8446481348147407377.txt (Time: 0.02s)
📦 COPIED from HDD: /media/HDD/Projects/ExpDFS/graph_2000_1999000_UNIFORM_3817405844514670994.txt -> /home/shahbazk/Projects/DFS_Semi_Streaming/input/random_graphs/graph_2000_1999000_UNIFORM_3817405844514670994.txt (Time: 0.02s)
📦 COPIED from HDD: /media/HDD/Projects/ExpDFS/graph_2000_1999000_UNIFORM_1128313391724783137.txt -> /home/shahbazk/Projects/DFS_Semi_Streaming/input/random_graphs/graph_2000_1999000_UNIFORM_1128313391724783137.txt (Time: 0.02s)
📦 COPIED from HDD: /media/HDD/Projects/ExpDFS/graph_2000_1999000_UNIFORM_6022436717541034636.txt -> /home/shahbazk/Projects/DFS_Semi_Streaming/input/random_graphs/graph_2000_1999000_UNIFORM_6022436717541034636.txt (Time: 0.02s)
📦 COPIED from HDD: /media/HDD/Projects/ExpDFS/graph_2000_1999000_UNIFORM_1170385908854608748.txt -> /home/shahbazk/Projects/DFS_Semi_Streaming/input/random_graphs/graph_2000_1999000_UNIFORM_1170385908854608748.txt (Time: 0.02s)
📦 COPIED from HDD: /media/HDD/Projects/ExpDFS/graph_2000_1999000_UNIFORM_6529943913552561417.txt -> /home/shahbazk/Projects/DFS_Semi_Streaming/input/random_graphs/graph_2000_1999000_UNIFORM_6529943913552561417.txt (Time: 0.02s)
📦 COPIED from HDD: /media/HDD/Projects/ExpDFS/graph_2000_1999000_UNIFORM_2909934787168262407.txt -> /home/shahbazk/Projects/DFS_Semi_Streaming/input/random_graphs/graph_2000_1999000_UNIFORM_2909934787168262407.txt (Time: 0.02s)
📦 COPIED from HDD: /media/HDD/Projects/ExpDFS/graph_2000_1999000_UNIFORM_175493991617213850.txt -> /home/shahbazk/Projects/DFS_Semi_Streaming/input/random_graphs/graph_2000_1999000_UNIFORM_175493991617213850.txt (Time: 0.02s)
📦 COPIED from HDD: /media/HDD/Projects/ExpDFS/graph_2000_1999000_UNIFORM_3713827327871807734.txt -> /home/shahbazk/Projects/DFS_Semi_Streaming/input/random_graphs/graph_2000_1999000_UNIFORM_3713827327871807734.txt (Time: 0.02s)
📦 COPIED from HDD: /media/HDD/Projects/ExpDFS/graph_2000_1999000_UNIFORM_5108599054664628607.txt -> /home/shahbazk/Projects/DFS_Semi_Streaming/input/random_graphs/graph_2000_1999000_UNIFORM_5108599054664628607.txt (Time: 0.02s)
📦 COPIED from HDD: /media/HDD/Projects/ExpDFS/graph_2000_1999000_UNIFORM_6764066939395682287.txt -> /home/shahbazk/Projects/DFS_Semi_Streaming/input/random_graphs/graph_2000_1999000_UNIFORM_6764066939395682287.txt (Time: 0.02s)
📦 COPIED from HDD: /media/HDD/Projects/ExpDFS/graph_2000_1999000_UNIFORM_199422815561151340.txt -> /home/shahbazk/Projects/DFS_Semi_Streaming/input/random_graphs/graph_2000_1999000_UNIFORM_199422815561151340.txt (Time: 0.02s)
📦 COPIED from HDD: /media/HDD/Projects/ExpDFS/graph_2000_1999000_UNIFORM_1392892770529522614.txt -> /home/shahbazk/Projects/DFS_Semi_Streaming/input/random_graphs/graph_2000_1999000_UNIFORM_1392892770529522614.txt (Time: 0.02s)
📦 COPIED from HDD: /media/HDD/Projects/ExpDFS/graph_2000_1999000_UNIFORM_9130666990809746335.txt -> /home/shahbazk/Projects/DFS_Semi_Streaming/input/random_graphs/graph_2000_1999000_UNIFORM_9130666990809746335.txt (Time: 0.02s)
📦 COPIED from HDD: /media/HDD/Projects/ExpDFS/graph_2000_1999000_UNIFORM_4250897495980125004.txt -> /home/shahbazk/Projects/DFS_Semi_Streaming/input/random_graphs/graph_2000_1999000_UNIFORM_4250897495980125004.txt (Time: 0.02s)
📦 COPIED from HDD: /media/HDD/Projects/ExpDFS/graph_2000_1999000_UNIFORM_1458186392400727732.txt -> /home/shahbazk/Projects/DFS_Semi_Streaming/input/random_graphs/graph_2000_1999000_UNIFORM_1458186392400727732.txt (Time: 0.02s)
📦 COPIED from HDD: /media/HDD/Projects/ExpDFS/graph_2000_1999000_UNIFORM_7644420139408884785.txt -> /home/shahbazk/Projects/DFS_Semi_Streaming/input/random_graphs/graph_2000_1999000_UNIFORM_7644420139408884785.txt (Time: 0.02s)
📦 COPIED from HDD: /media/HDD/Projects/ExpDFS/graph_2000_1999000_UNIFORM_9060210648189963449.txt -> /home/shahbazk/Projects/DFS_Semi_Streaming/input/random_graphs/graph_2000_1999000_UNIFORM_9060210648189963449.txt (Time: 0.02s)
📦 COPIED from HDD: /media/HDD/Projects/ExpDFS/graph_2000_1999000_UNIFORM_8794274795737982182.txt -> /home/shahbazk/Projects/DFS_Semi_Streaming/input/random_graphs/graph_2000_1999000_UNIFORM_8794274795737982182.txt (Time: 0.02s)
📦 COPIED from HDD: /media/HDD/Projects/ExpDFS/graph_2000_1999000_UNIFORM_2089506265998900862.txt -> /home/shahbazk/Projects/DFS_Semi_Streaming/input/random_graphs/graph_2000_1999000_UNIFORM_2089506265998900862.txt (Time: 0.02s)
📦 COPIED from HDD: /media/HDD/Projects/ExpDFS/graph_2000_1999000_UNIFORM_4060584409398689268.txt -> /home/shahbazk/Projects/DFS_Semi_Streaming/input/random_graphs/graph_2000_1999000_UNIFORM_4060584409398689268.txt (Time: 0.02s)
📦 COPIED from HDD: /media/HDD/Projects/ExpDFS/graph_2000_1999000_UNIFORM_1332005502874566195.txt -> /home/shahbazk/Projects/DFS_Semi_Streaming/input/random_graphs/graph_2000_1999000_UNIFORM_1332005502874566195.txt (Time: 0.02s)
📦 COPIED from HDD: /media/HDD/Projects/ExpDFS/graph_2000_1999000_UNIFORM_5497874167834979553.txt -> /home/shahbazk/Projects/DFS_Semi_Streaming/input/random_graphs/graph_2000_1999000_UNIFORM_5497874167834979553.txt (Time: 0.02s)
📦 COPIED from HDD: /media/HDD/Projects/ExpDFS/graph_2000_1999000_UNIFORM_1722224698700348310.txt -> /home/shahbazk/Projects/DFS_Semi_Streaming/input/random_graphs/graph_2000_1999000_UNIFORM_1722224698700348310.txt (Time: 0.02s)
📦 COPIED from HDD: /media/HDD/Projects/ExpDFS/graph_2000_1999000_UNIFORM_8626102704817790064.txt -> /home/shahbazk/Projects/DFS_Semi_Streaming/input/random_graphs/graph_2000_1999000_UNIFORM_8626102704817790064.txt (Time: 0.02s)
📦 COPIED from HDD: /media/HDD/Projects/ExpDFS/graph_2000_1999000_UNIFORM_7905487461282246979.txt -> /home/shahbazk/Projects/DFS_Semi_Streaming/input/random_graphs/graph_2000_1999000_UNIFORM_7905487461282246979.txt (Time: 0.02s)
📦 COPIED from HDD: /media/HDD/Projects/ExpDFS/graph_2000_1999000_UNIFORM_8448596294177070022.txt -> /home/shahbazk/Projects/DFS_Semi_Streaming/input/random_graphs/graph_2000_1999000_UNIFORM_8448596294177070022.txt (Time: 0.02s)
📦 COPIED from HDD: /media/HDD/Projects/ExpDFS/graph_2000_1999000_UNIFORM_4934890601268679176.txt -> /home/shahbazk/Projects/DFS_Semi_Streaming/input/random_graphs/graph_2000_1999000_UNIFORM_4934890601268679176.txt (Time: 0.02s)
📦 COPIED from HDD: /media/HDD/Projects/ExpDFS/graph_2000_1999000_UNIFORM_4795749165124911768.txt -> /home/shahbazk/Projects/DFS_Semi_Streaming/input/random_graphs/graph_2000_1999000_UNIFORM_4795749165124911768.txt (Time: 0.02s)
📦 COPIED from HDD: /media/HDD/Projects/ExpDFS/graph_2000_1999000_UNIFORM_1992204328026194281.txt -> /home/shahbazk/Projects/DFS_Semi_Streaming/input/random_graphs/graph_2000_1999000_UNIFORM_1992204328026194281.txt (Time: 0.02s)
📦 COPIED from HDD: /media/HDD/Projects/ExpDFS/graph_2000_1999000_UNIFORM_2718103348384927511.txt -> /home/shahbazk/Projects/DFS_Semi_Streaming/input/random_graphs/graph_2000_1999000_UNIFORM_2718103348384927511.txt (Time: 0.02s)
📦 COPIED from HDD: /media/HDD/Projects/ExpDFS/graph_2000_1999000_UNIFORM_7118744415197196276.txt -> /home/shahbazk/Projects/DFS_Semi_Streaming/input/random_graphs/graph_2000_1999000_UNIFORM_7118744415197196276.txt (Time: 0.02s)
📦 COPIED from HDD: /media/HDD/Projects/ExpDFS/graph_2000_1999000_UNIFORM_7449662661572224354.txt -> /home/shahbazk/Projects/DFS_Semi_Streaming/input/random_graphs/graph_2000_1999000_UNIFORM_7449662661572224354.txt (Time: 0.02s)
📦 COPIED from HDD: /media/HDD/Projects/ExpDFS/graph_2000_1999000_UNIFORM_9059990922233379852.txt -> /home/shahbazk/Projects/DFS_Semi_Streaming/input/random_graphs/graph_2000_1999000_UNIFORM_9059990922233379852.txt (Time: 0.02s)
📦 COPIED from HDD: /media/HDD/Projects/ExpDFS/graph_2000_1999000_UNIFORM_3221421291694197220.txt -> /home/shahbazk/Projects/DFS_Semi_Streaming/input/random_graphs/graph_2000_1999000_UNIFORM_3221421291694197220.txt (Time: 0.02s)
📦 COPIED from HDD: /media/HDD/Projects/ExpDFS/graph_2000_1999000_UNIFORM_7983805977214098674.txt -> /home/shahbazk/Projects/DFS_Semi_Streaming/input/random_graphs/graph_2000_1999000_UNIFORM_7983805977214098674.txt (Time: 0.02s)
📦 COPIED from HDD: /media/HDD/Projects/ExpDFS/graph_2000_1999000_UNIFORM_5894893360759659423.txt -> /home/shahbazk/Projects/DFS_Semi_Streaming/input/random_graphs/graph_2000_1999000_UNIFORM_5894893360759659423.txt (Time: 0.02s)
📦 COPIED from HDD: /media/HDD/Projects/ExpDFS/graph_2000_1999000_UNIFORM_8867616339855336876.txt -> /home/shahbazk/Projects/DFS_Semi_Streaming/input/random_graphs/graph_2000_1999000_UNIFORM_8867616339855336876.txt (Time: 0.02s)
📦 COPIED from HDD: /media/HDD/Projects/ExpDFS/graph_2000_1999000_UNIFORM_4940913311242578590.txt -> /home/shahbazk/Projects/DFS_Semi_Streaming/input/random_graphs/graph_2000_1999000_UNIFORM_4940913311242578590.txt (Time: 0.02s)
📦 COPIED from HDD: /media/HDD/Projects/ExpDFS/graph_2000_1999000_UNIFORM_2264398621601381987.txt -> /home/shahbazk/Projects/DFS_Semi_Streaming/input/random_graphs/graph_2000_1999000_UNIFORM_2264398621601381987.txt (Time: 0.02s)
📦 COPIED from HDD: /media/HDD/Projects/ExpDFS/graph_2000_1999000_UNIFORM_7632458674696225362.txt -> /home/shahbazk/Projects/DFS_Semi_Streaming/input/random_graphs/graph_2000_1999000_UNIFORM_7632458674696225362.txt (Time: 0.02s)
📦 COPIED from HDD: /media/HDD/Projects/ExpDFS/graph_2500_3123750_UNIFORM_5739955973604961613.txt -> /home/shahbazk/Projects/DFS_Semi_Streaming/input/random_graphs/graph_2500_3123750_UNIFORM_5739955973604961613.txt (Time: 0.03s)
📦 COPIED from HDD: /media/HDD/Projects/ExpDFS/graph_2500_3123750_UNIFORM_6938562734920028532.txt -> /home/shahbazk/Projects/DFS_Semi_Streaming/input/random_graphs/graph_2500_3123750_UNIFORM_6938562734920028532.txt (Time: 0.03s)
📦 COPIED from HDD: /media/HDD/Projects/ExpDFS/graph_2500_3123750_UNIFORM_3881801951614183357.txt -> /home/shahbazk/Projects/DFS_Semi_Streaming/input/random_graphs/graph_2500_3123750_UNIFORM_3881801951614183357.txt (Time: 0.03s)
📦 COPIED from HDD: /media/HDD/Projects/ExpDFS/graph_2500_3123750_UNIFORM_1353182403971399009.txt -> /home/shahbazk/Projects/DFS_Semi_Streaming/input/random_graphs/graph_2500_3123750_UNIFORM_1353182403971399009.txt (Time: 0.03s)
📦 COPIED from HDD: /media/HDD/Projects/ExpDFS/graph_2500_3123750_UNIFORM_7032710160631691991.txt -> /home/shahbazk/Projects/DFS_Semi_Streaming/input/random_graphs/graph_2500_3123750_UNIFORM_7032710160631691991.txt (Time: 0.03s)
📦 COPIED from HDD: /media/HDD/Projects/ExpDFS/graph_2500_3123750_UNIFORM_6522163754831416203.txt -> /home/shahbazk/Projects/DFS_Semi_Streaming/input/random_graphs/graph_2500_3123750_UNIFORM_6522163754831416203.txt (Time: 0.03s)
📦 COPIED from HDD: /media/HDD/Projects/ExpDFS/graph_2500_3123750_UNIFORM_7871178979383552919.txt -> /home/shahbazk/Projects/DFS_Semi_Streaming/input/random_graphs/graph_2500_3123750_UNIFORM_7871178979383552919.txt (Time: 0.03s)
📦 COPIED from HDD: /media/HDD/Projects/ExpDFS/graph_2500_3123750_UNIFORM_7599700178212337699.txt -> /home/shahbazk/Projects/DFS_Semi_Streaming/input/random_graphs/graph_2500_3123750_UNIFORM_7599700178212337699.txt (Time: 0.03s)
📦 COPIED from HDD: /media/HDD/Projects/ExpDFS/graph_2500_3123750_UNIFORM_6230961512046992311.txt -> /home/shahbazk/Projects/DFS_Semi_Streaming/input/random_graphs/graph_2500_3123750_UNIFORM_6230961512046992311.txt (Time: 0.03s)
📦 COPIED from HDD: /media/HDD/Projects/ExpDFS/graph_2500_3123750_UNIFORM_1070244953599069350.txt -> /home/shahbazk/Projects/DFS_Semi_Streaming/input/random_graphs/graph_2500_3123750_UNIFORM_1070244953599069350.txt (Time: 0.03s)
📦 COPIED from HDD: /media/HDD/Projects/ExpDFS/graph_2500_3123750_UNIFORM_4040737767143389431.txt -> /home/shahbazk/Projects/DFS_Semi_Streaming/input/random_graphs/graph_2500_3123750_UNIFORM_4040737767143389431.txt (Time: 0.03s)
📦 COPIED from HDD: /media/HDD/Projects/ExpDFS/graph_2500_3123750_UNIFORM_2429002973740178792.txt -> /home/shahbazk/Projects/DFS_Semi_Streaming/input/random_graphs/graph_2500_3123750_UNIFORM_2429002973740178792.txt (Time: 0.03s)
📦 COPIED from HDD: /media/HDD/Projects/ExpDFS/graph_2500_3123750_UNIFORM_1250005700364523649.txt -> /home/shahbazk/Projects/DFS_Semi_Streaming/input/random_graphs/graph_2500_3123750_UNIFORM_1250005700364523649.txt (Time: 0.03s)
📦 COPIED from HDD: /media/HDD/Projects/ExpDFS/graph_2500_3123750_UNIFORM_320375091487821987.txt -> /home/shahbazk/Projects/DFS_Semi_Streaming/input/random_graphs/graph_2500_3123750_UNIFORM_320375091487821987.txt (Time: 0.03s)
📦 COPIED from HDD: /media/HDD/Projects/ExpDFS/graph_2500_3123750_UNIFORM_5906957480796939447.txt -> /home/shahbazk/Projects/DFS_Semi_Streaming/input/random_graphs/graph_2500_3123750_UNIFORM_5906957480796939447.txt (Time: 0.03s)
📦 COPIED from HDD: /media/HDD/Projects/ExpDFS/graph_2500_3123750_UNIFORM_1309542850049879452.txt -> /home/shahbazk/Projects/DFS_Semi_Streaming/input/random_graphs/graph_2500_3123750_UNIFORM_1309542850049879452.txt (Time: 0.03s)
📦 COPIED from HDD: /media/HDD/Projects/ExpDFS/graph_2500_3123750_UNIFORM_7663871783842725848.txt -> /home/shahbazk/Projects/DFS_Semi_Streaming/input/random_graphs/graph_2500_3123750_UNIFORM_7663871783842725848.txt (Time: 0.03s)
📦 COPIED from HDD: /media/HDD/Projects/ExpDFS/graph_2500_3123750_UNIFORM_1250773459040295677.txt -> /home/shahbazk/Projects/DFS_Semi_Streaming/input/random_graphs/graph_2500_3123750_UNIFORM_1250773459040295677.txt (Time: 0.03s)
📦 COPIED from HDD: /media/HDD/Projects/ExpDFS/graph_2500_3123750_UNIFORM_7146860528564146064.txt -> /home/shahbazk/Projects/DFS_Semi_Streaming/input/random_graphs/graph_2500_3123750_UNIFORM_7146860528564146064.txt (Time: 0.03s)
📦 COPIED from HDD: /media/HDD/Projects/ExpDFS/graph_2500_3123750_UNIFORM_7473196763798409428.txt -> /home/shahbazk/Projects/DFS_Semi_Streaming/input/random_graphs/graph_2500_3123750_UNIFORM_7473196763798409428.txt (Time: 0.03s)
📦 COPIED from HDD: /media/HDD/Projects/ExpDFS/graph_2500_3123750_UNIFORM_3438400432146115956.txt -> /home/shahbazk/Projects/DFS_Semi_Streaming/input/random_graphs/graph_2500_3123750_UNIFORM_3438400432146115956.txt (Time: 0.03s)
📦 COPIED from HDD: /media/HDD/Projects/ExpDFS/graph_2500_3123750_UNIFORM_3010622984418968408.txt -> /home/shahbazk/Projects/DFS_Semi_Streaming/input/random_graphs/graph_2500_3123750_UNIFORM_3010622984418968408.txt (Time: 0.03s)
📦 COPIED from HDD: /media/HDD/Projects/ExpDFS/graph_2500_3123750_UNIFORM_5139481885857321791.txt -> /home/shahbazk/Projects/DFS_Semi_Streaming/input/random_graphs/graph_2500_3123750_UNIFORM_5139481885857321791.txt (Time: 0.03s)
📦 COPIED from HDD: /media/HDD/Projects/ExpDFS/graph_2500_3123750_UNIFORM_5142811650494845597.txt -> /home/shahbazk/Projects/DFS_Semi_Streaming/input/random_graphs/graph_2500_3123750_UNIFORM_5142811650494845597.txt (Time: 0.03s)
📦 COPIED from HDD: /media/HDD/Projects/ExpDFS/graph_2500_3123750_UNIFORM_6002685213311538187.txt -> /home/shahbazk/Projects/DFS_Semi_Streaming/input/random_graphs/graph_2500_3123750_UNIFORM_6002685213311538187.txt (Time: 0.03s)
📦 COPIED from HDD: /media/HDD/Projects/ExpDFS/graph_2500_3123750_UNIFORM_5529616217668449934.txt -> /home/shahbazk/Projects/DFS_Semi_Streaming/input/random_graphs/graph_2500_3123750_UNIFORM_5529616217668449934.txt (Time: 0.03s)
📦 COPIED from HDD: /media/HDD/Projects/ExpDFS/graph_2500_3123750_UNIFORM_5708372698381010775.txt -> /home/shahbazk/Projects/DFS_Semi_Streaming/input/random_graphs/graph_2500_3123750_UNIFORM_5708372698381010775.txt (Time: 0.03s)
📦 COPIED from HDD: /media/HDD/Projects/ExpDFS/graph_2500_3123750_UNIFORM_1853590723603270879.txt -> /home/shahbazk/Projects/DFS_Semi_Streaming/input/random_graphs/graph_2500_3123750_UNIFORM_1853590723603270879.txt (Time: 0.03s)
📦 COPIED from HDD: /media/HDD/Projects/ExpDFS/graph_2500_3123750_UNIFORM_521787134863155063.txt -> /home/shahbazk/Projects/DFS_Semi_Streaming/input/random_graphs/graph_2500_3123750_UNIFORM_521787134863155063.txt (Time: 0.03s)
📦 COPIED from HDD: /media/HDD/Projects/ExpDFS/graph_2500_3123750_UNIFORM_1731523882129807996.txt -> /home/shahbazk/Projects/DFS_Semi_Streaming/input/random_graphs/graph_2500_3123750_UNIFORM_1731523882129807996.txt (Time: 0.03s)
📦 COPIED from HDD: /media/HDD/Projects/ExpDFS/graph_2500_3123750_UNIFORM_7029781962072644698.txt -> /home/shahbazk/Projects/DFS_Semi_Streaming/input/random_graphs/graph_2500_3123750_UNIFORM_7029781962072644698.txt (Time: 0.03s)
📦 COPIED from HDD: /media/HDD/Projects/ExpDFS/graph_2500_3123750_UNIFORM_3224265581699847191.txt -> /home/shahbazk/Projects/DFS_Semi_Streaming/input/random_graphs/graph_2500_3123750_UNIFORM_3224265581699847191.txt (Time: 0.03s)
📦 COPIED from HDD: /media/HDD/Projects/ExpDFS/graph_2500_3123750_UNIFORM_6785030173969523435.txt -> /home/shahbazk/Projects/DFS_Semi_Streaming/input/random_graphs/graph_2500_3123750_UNIFORM_6785030173969523435.txt (Time: 0.03s)
📦 COPIED from HDD: /media/HDD/Projects/ExpDFS/graph_2500_3123750_UNIFORM_5258051056098597521.txt -> /home/shahbazk/Projects/DFS_Semi_Streaming/input/random_graphs/graph_2500_3123750_UNIFORM_5258051056098597521.txt (Time: 0.03s)
📦 COPIED from HDD: /media/HDD/Projects/ExpDFS/graph_2500_3123750_UNIFORM_7706236040662210848.txt -> /home/shahbazk/Projects/DFS_Semi_Streaming/input/random_graphs/graph_2500_3123750_UNIFORM_7706236040662210848.txt (Time: 0.03s)
📦 COPIED from HDD: /media/HDD/Projects/ExpDFS/graph_2500_3123750_UNIFORM_1024517563182776983.txt -> /home/shahbazk/Projects/DFS_Semi_Streaming/input/random_graphs/graph_2500_3123750_UNIFORM_1024517563182776983.txt (Time: 0.03s)
📦 COPIED from HDD: /media/HDD/Projects/ExpDFS/graph_2500_3123750_UNIFORM_4122784633514911760.txt -> /home/shahbazk/Projects/DFS_Semi_Streaming/input/random_graphs/graph_2500_3123750_UNIFORM_4122784633514911760.txt (Time: 0.03s)
📦 COPIED from HDD: /media/HDD/Projects/ExpDFS/graph_2500_3123750_UNIFORM_824387247617288499.txt -> /home/shahbazk/Projects/DFS_Semi_Streaming/input/random_graphs/graph_2500_3123750_UNIFORM_824387247617288499.txt (Time: 0.03s)
📦 COPIED from HDD: /media/HDD/Projects/ExpDFS/graph_2500_3123750_UNIFORM_1647170069535670909.txt -> /home/shahbazk/Projects/DFS_Semi_Streaming/input/random_graphs/graph_2500_3123750_UNIFORM_1647170069535670909.txt (Time: 0.03s)
📦 COPIED from HDD: /media/HDD/Projects/ExpDFS/graph_2500_3123750_UNIFORM_5636411189175451024.txt -> /home/shahbazk/Projects/DFS_Semi_Streaming/input/random_graphs/graph_2500_3123750_UNIFORM_5636411189175451024.txt (Time: 0.03s)
📦 COPIED from HDD: /media/HDD/Projects/ExpDFS/graph_2500_3123750_UNIFORM_3272308573967577038.txt -> /home/shahbazk/Projects/DFS_Semi_Streaming/input/random_graphs/graph_2500_3123750_UNIFORM_3272308573967577038.txt (Time: 0.03s)
📦 COPIED from HDD: /media/HDD/Projects/ExpDFS/graph_2500_3123750_UNIFORM_7161906730445628483.txt -> /home/shahbazk/Projects/DFS_Semi_Streaming/input/random_graphs/graph_2500_3123750_UNIFORM_7161906730445628483.txt (Time: 0.03s)
📦 COPIED from HDD: /media/HDD/Projects/ExpDFS/graph_2500_3123750_UNIFORM_6614505080519948832.txt -> /home/shahbazk/Projects/DFS_Semi_Streaming/input/random_graphs/graph_2500_3123750_UNIFORM_6614505080519948832.txt (Time: 0.03s)
📦 COPIED from HDD: /media/HDD/Projects/ExpDFS/graph_2500_3123750_UNIFORM_5349491008325879064.txt -> /home/shahbazk/Projects/DFS_Semi_Streaming/input/random_graphs/graph_2500_3123750_UNIFORM_5349491008325879064.txt (Time: 0.03s)
📦 COPIED from HDD: /media/HDD/Projects/ExpDFS/graph_2500_3123750_UNIFORM_4552998297316576788.txt -> /home/shahbazk/Projects/DFS_Semi_Streaming/input/random_graphs/graph_2500_3123750_UNIFORM_4552998297316576788.txt (Time: 0.03s)
📦 COPIED from HDD: /media/HDD/Projects/ExpDFS/graph_2500_3123750_UNIFORM_1632192924771168275.txt -> /home/shahbazk/Projects/DFS_Semi_Streaming/input/random_graphs/graph_2500_3123750_UNIFORM_1632192924771168275.txt (Time: 0.03s)
📦 COPIED from HDD: /media/HDD/Projects/ExpDFS/graph_2500_3123750_UNIFORM_8031431416522537101.txt -> /home/shahbazk/Projects/DFS_Semi_Streaming/input/random_graphs/graph_2500_3123750_UNIFORM_8031431416522537101.txt (Time: 0.03s)
📦 COPIED from HDD: /media/HDD/Projects/ExpDFS/graph_2500_3123750_UNIFORM_6802378520969450157.txt -> /home/shahbazk/Projects/DFS_Semi_Streaming/input/random_graphs/graph_2500_3123750_UNIFORM_6802378520969450157.txt (Time: 0.03s)
📦 COPIED from HDD: /media/HDD/Projects/ExpDFS/graph_2500_3123750_UNIFORM_7938560551762094560.txt -> /home/shahbazk/Projects/DFS_Semi_Streaming/input/random_graphs/graph_2500_3123750_UNIFORM_7938560551762094560.txt (Time: 0.03s)
📦 COPIED from HDD: /media/HDD/Projects/ExpDFS/graph_2500_3123750_UNIFORM_6143643868734370809.txt -> /home/shahbazk/Projects/DFS_Semi_Streaming/input/random_graphs/graph_2500_3123750_UNIFORM_6143643868734370809.txt (Time: 0.03s)
📦 COPIED from HDD: /media/HDD/Projects/ExpDFS/graph_2500_3123750_UNIFORM_7917045922527545890.txt -> /home/shahbazk/Projects/DFS_Semi_Streaming/input/random_graphs/graph_2500_3123750_UNIFORM_7917045922527545890.txt (Time: 0.03s)
📦 COPIED from HDD: /media/HDD/Projects/ExpDFS/graph_2500_3123750_UNIFORM_7921282862123281598.txt -> /home/shahbazk/Projects/DFS_Semi_Streaming/input/random_graphs/graph_2500_3123750_UNIFORM_7921282862123281598.txt (Time: 0.03s)
📦 COPIED from HDD: /media/HDD/Projects/ExpDFS/graph_2500_3123750_UNIFORM_4445925461710302877.txt -> /home/shahbazk/Projects/DFS_Semi_Streaming/input/random_graphs/graph_2500_3123750_UNIFORM_4445925461710302877.txt (Time: 0.03s)
📦 COPIED from HDD: /media/HDD/Projects/ExpDFS/graph_2500_3123750_UNIFORM_3865339568260874865.txt -> /home/shahbazk/Projects/DFS_Semi_Streaming/input/random_graphs/graph_2500_3123750_UNIFORM_3865339568260874865.txt (Time: 0.03s)
📦 COPIED from HDD: /media/HDD/Projects/ExpDFS/graph_2500_3123750_UNIFORM_716820155901718944.txt -> /home/shahbazk/Projects/DFS_Semi_Streaming/input/random_graphs/graph_2500_3123750_UNIFORM_716820155901718944.txt (Time: 0.03s)
📦 COPIED from HDD: /media/HDD/Projects/ExpDFS/graph_2500_3123750_UNIFORM_8718380604043999642.txt -> /home/shahbazk/Projects/DFS_Semi_Streaming/input/random_graphs/graph_2500_3123750_UNIFORM_8718380604043999642.txt (Time: 0.03s)
📦 COPIED from HDD: /media/HDD/Projects/ExpDFS/graph_2500_3123750_UNIFORM_6224222471595207695.txt -> /home/shahbazk/Projects/DFS_Semi_Streaming/input/random_graphs/graph_2500_3123750_UNIFORM_6224222471595207695.txt (Time: 0.03s)
📦 COPIED from HDD: /media/HDD/Projects/ExpDFS/graph_2500_3123750_UNIFORM_1128313391724783137.txt -> /home/shahbazk/Projects/DFS_Semi_Streaming/input/random_graphs/graph_2500_3123750_UNIFORM_1128313391724783137.txt (Time: 0.03s)
📦 COPIED from HDD: /media/HDD/Projects/ExpDFS/graph_2500_3123750_UNIFORM_3817405844514670994.txt -> /home/shahbazk/Projects/DFS_Semi_Streaming/input/random_graphs/graph_2500_3123750_UNIFORM_3817405844514670994.txt (Time: 0.03s)
📦 COPIED from HDD: /media/HDD/Projects/ExpDFS/graph_2500_3123750_UNIFORM_4997514996153925447.txt -> /home/shahbazk/Projects/DFS_Semi_Streaming/input/random_graphs/graph_2500_3123750_UNIFORM_4997514996153925447.txt (Time: 0.03s)
📦 COPIED from HDD: /media/HDD/Projects/ExpDFS/graph_2500_3123750_UNIFORM_5063475852268941542.txt -> /home/shahbazk/Projects/DFS_Semi_Streaming/input/random_graphs/graph_2500_3123750_UNIFORM_5063475852268941542.txt (Time: 0.03s)
📦 COPIED from HDD: /media/HDD/Projects/ExpDFS/graph_2500_3123750_UNIFORM_6529943913552561417.txt -> /home/shahbazk/Projects/DFS_Semi_Streaming/input/random_graphs/graph_2500_3123750_UNIFORM_6529943913552561417.txt (Time: 0.03s)
📦 COPIED from HDD: /media/HDD/Projects/ExpDFS/graph_2500_3123750_UNIFORM_8446481348147407377.txt -> /home/shahbazk/Projects/DFS_Semi_Streaming/input/random_graphs/graph_2500_3123750_UNIFORM_8446481348147407377.txt (Time: 0.03s)
📦 COPIED from HDD: /media/HDD/Projects/ExpDFS/graph_2500_3123750_UNIFORM_1170385908854608748.txt -> /home/shahbazk/Projects/DFS_Semi_Streaming/input/random_graphs/graph_2500_3123750_UNIFORM_1170385908854608748.txt (Time: 0.03s)
📦 COPIED from HDD: /media/HDD/Projects/ExpDFS/graph_2500_3123750_UNIFORM_2909934787168262407.txt -> /home/shahbazk/Projects/DFS_Semi_Streaming/input/random_graphs/graph_2500_3123750_UNIFORM_2909934787168262407.txt (Time: 0.03s)
📦 COPIED from HDD: /media/HDD/Projects/ExpDFS/graph_2500_3123750_UNIFORM_175493991617213850.txt -> /home/shahbazk/Projects/DFS_Semi_Streaming/input/random_graphs/graph_2500_3123750_UNIFORM_175493991617213850.txt (Time: 0.03s)
📦 COPIED from HDD: /media/HDD/Projects/ExpDFS/graph_2500_3123750_UNIFORM_6022436717541034636.txt -> /home/shahbazk/Projects/DFS_Semi_Streaming/input/random_graphs/graph_2500_3123750_UNIFORM_6022436717541034636.txt (Time: 0.03s)
📦 COPIED from HDD: /media/HDD/Projects/ExpDFS/graph_2500_3123750_UNIFORM_3713827327871807734.txt -> /home/shahbazk/Projects/DFS_Semi_Streaming/input/random_graphs/graph_2500_3123750_UNIFORM_3713827327871807734.txt (Time: 0.03s)
📦 COPIED from HDD: /media/HDD/Projects/ExpDFS/graph_2500_3123750_UNIFORM_9130666990809746335.txt -> /home/shahbazk/Projects/DFS_Semi_Streaming/input/random_graphs/graph_2500_3123750_UNIFORM_9130666990809746335.txt (Time: 0.03s)
📦 COPIED from HDD: /media/HDD/Projects/ExpDFS/graph_2500_3123750_UNIFORM_199422815561151340.txt -> /home/shahbazk/Projects/DFS_Semi_Streaming/input/random_graphs/graph_2500_3123750_UNIFORM_199422815561151340.txt (Time: 0.03s)
📦 COPIED from HDD: /media/HDD/Projects/ExpDFS/graph_2500_3123750_UNIFORM_1458186392400727732.txt -> /home/shahbazk/Projects/DFS_Semi_Streaming/input/random_graphs/graph_2500_3123750_UNIFORM_1458186392400727732.txt (Time: 0.03s)
📦 COPIED from HDD: /media/HDD/Projects/ExpDFS/graph_2500_3123750_UNIFORM_6764066939395682287.txt -> /home/shahbazk/Projects/DFS_Semi_Streaming/input/random_graphs/graph_2500_3123750_UNIFORM_6764066939395682287.txt (Time: 0.03s)
📦 COPIED from HDD: /media/HDD/Projects/ExpDFS/graph_2500_3123750_UNIFORM_5108599054664628607.txt -> /home/shahbazk/Projects/DFS_Semi_Streaming/input/random_graphs/graph_2500_3123750_UNIFORM_5108599054664628607.txt (Time: 0.03s)
📦 COPIED from HDD: /media/HDD/Projects/ExpDFS/graph_2500_3123750_UNIFORM_9060210648189963449.txt -> /home/shahbazk/Projects/DFS_Semi_Streaming/input/random_graphs/graph_2500_3123750_UNIFORM_9060210648189963449.txt (Time: 0.03s)
📦 COPIED from HDD: /media/HDD/Projects/ExpDFS/graph_2500_3123750_UNIFORM_7644420139408884785.txt -> /home/shahbazk/Projects/DFS_Semi_Streaming/input/random_graphs/graph_2500_3123750_UNIFORM_7644420139408884785.txt (Time: 0.03s)
📦 COPIED from HDD: /media/HDD/Projects/ExpDFS/graph_2500_3123750_UNIFORM_1392892770529522614.txt -> /home/shahbazk/Projects/DFS_Semi_Streaming/input/random_graphs/graph_2500_3123750_UNIFORM_1392892770529522614.txt (Time: 0.03s)
📦 COPIED from HDD: /media/HDD/Projects/ExpDFS/graph_2500_3123750_UNIFORM_4250897495980125004.txt -> /home/shahbazk/Projects/DFS_Semi_Streaming/input/random_graphs/graph_2500_3123750_UNIFORM_4250897495980125004.txt (Time: 0.03s)
📦 COPIED from HDD: /media/HDD/Projects/ExpDFS/graph_2500_3123750_UNIFORM_8794274795737982182.txt -> /home/shahbazk/Projects/DFS_Semi_Streaming/input/random_graphs/graph_2500_3123750_UNIFORM_8794274795737982182.txt (Time: 0.03s)
📦 COPIED from HDD: /media/HDD/Projects/ExpDFS/graph_2500_3123750_UNIFORM_2089506265998900862.txt -> /home/shahbazk/Projects/DFS_Semi_Streaming/input/random_graphs/graph_2500_3123750_UNIFORM_2089506265998900862.txt (Time: 0.03s)
📦 COPIED from HDD: /media/HDD/Projects/ExpDFS/graph_2500_3123750_UNIFORM_4060584409398689268.txt -> /home/shahbazk/Projects/DFS_Semi_Streaming/input/random_graphs/graph_2500_3123750_UNIFORM_4060584409398689268.txt (Time: 0.03s)
📦 COPIED from HDD: /media/HDD/Projects/ExpDFS/graph_2500_3123750_UNIFORM_5497874167834979553.txt -> /home/shahbazk/Projects/DFS_Semi_Streaming/input/random_graphs/graph_2500_3123750_UNIFORM_5497874167834979553.txt (Time: 0.03s)
📦 COPIED from HDD: /media/HDD/Projects/ExpDFS/graph_2500_3123750_UNIFORM_1332005502874566195.txt -> /home/shahbazk/Projects/DFS_Semi_Streaming/input/random_graphs/graph_2500_3123750_UNIFORM_1332005502874566195.txt (Time: 0.03s)
📦 COPIED from HDD: /media/HDD/Projects/ExpDFS/graph_2500_3123750_UNIFORM_1722224698700348310.txt -> /home/shahbazk/Projects/DFS_Semi_Streaming/input/random_graphs/graph_2500_3123750_UNIFORM_1722224698700348310.txt (Time: 0.03s)
📦 COPIED from HDD: /media/HDD/Projects/ExpDFS/graph_2500_3123750_UNIFORM_7905487461282246979.txt -> /home/shahbazk/Projects/DFS_Semi_Streaming/input/random_graphs/graph_2500_3123750_UNIFORM_7905487461282246979.txt (Time: 0.03s)
📦 COPIED from HDD: /media/HDD/Projects/ExpDFS/graph_2500_3123750_UNIFORM_8626102704817790064.txt -> /home/shahbazk/Projects/DFS_Semi_Streaming/input/random_graphs/graph_2500_3123750_UNIFORM_8626102704817790064.txt (Time: 0.03s)
📦 COPIED from HDD: /media/HDD/Projects/ExpDFS/graph_2500_3123750_UNIFORM_8448596294177070022.txt -> /home/shahbazk/Projects/DFS_Semi_Streaming/input/random_graphs/graph_2500_3123750_UNIFORM_8448596294177070022.txt (Time: 0.03s)
📦 COPIED from HDD: /media/HDD/Projects/ExpDFS/graph_2500_3123750_UNIFORM_4795749165124911768.txt -> /home/shahbazk/Projects/DFS_Semi_Streaming/input/random_graphs/graph_2500_3123750_UNIFORM_4795749165124911768.txt (Time: 0.03s)
📦 COPIED from HDD: /media/HDD/Projects/ExpDFS/graph_2500_3123750_UNIFORM_4934890601268679176.txt -> /home/shahbazk/Projects/DFS_Semi_Streaming/input/random_graphs/graph_2500_3123750_UNIFORM_4934890601268679176.txt (Time: 0.03s)
📦 COPIED from HDD: /media/HDD/Projects/ExpDFS/graph_2500_3123750_UNIFORM_1992204328026194281.txt -> /home/shahbazk/Projects/DFS_Semi_Streaming/input/random_graphs/graph_2500_3123750_UNIFORM_1992204328026194281.txt (Time: 0.03s)
📦 COPIED from HDD: /media/HDD/Projects/ExpDFS/graph_2500_3123750_UNIFORM_7118744415197196276.txt -> /home/shahbazk/Projects/DFS_Semi_Streaming/input/random_graphs/graph_2500_3123750_UNIFORM_7118744415197196276.txt (Time: 0.03s)
📦 COPIED from HDD: /media/HDD/Projects/ExpDFS/graph_2500_3123750_UNIFORM_7449662661572224354.txt -> /home/shahbazk/Projects/DFS_Semi_Streaming/input/random_graphs/graph_2500_3123750_UNIFORM_7449662661572224354.txt (Time: 0.03s)
📦 COPIED from HDD: /media/HDD/Projects/ExpDFS/graph_2500_3123750_UNIFORM_3221421291694197220.txt -> /home/shahbazk/Projects/DFS_Semi_Streaming/input/random_graphs/graph_2500_3123750_UNIFORM_3221421291694197220.txt (Time: 0.03s)
📦 COPIED from HDD: /media/HDD/Projects/ExpDFS/graph_2500_3123750_UNIFORM_2718103348384927511.txt -> /home/shahbazk/Projects/DFS_Semi_Streaming/input/random_graphs/graph_2500_3123750_UNIFORM_2718103348384927511.txt (Time: 0.03s)
📦 COPIED from HDD: /media/HDD/Projects/ExpDFS/graph_2500_3123750_UNIFORM_9059990922233379852.txt -> /home/shahbazk/Projects/DFS_Semi_Streaming/input/random_graphs/graph_2500_3123750_UNIFORM_9059990922233379852.txt (Time: 0.03s)
📦 COPIED from HDD: /media/HDD/Projects/ExpDFS/graph_2500_3123750_UNIFORM_7983805977214098674.txt -> /home/shahbazk/Projects/DFS_Semi_Streaming/input/random_graphs/graph_2500_3123750_UNIFORM_7983805977214098674.txt (Time: 0.03s)
📦 COPIED from HDD: /media/HDD/Projects/ExpDFS/graph_2500_3123750_UNIFORM_8867616339855336876.txt -> /home/shahbazk/Projects/DFS_Semi_Streaming/input/random_graphs/graph_2500_3123750_UNIFORM_8867616339855336876.txt (Time: 0.03s)
📦 COPIED from HDD: /media/HDD/Projects/ExpDFS/graph_2500_3123750_UNIFORM_2264398621601381987.txt -> /home/shahbazk/Projects/DFS_Semi_Streaming/input/random_graphs/graph_2500_3123750_UNIFORM_2264398621601381987.txt (Time: 0.03s)
📦 COPIED from HDD: /media/HDD/Projects/ExpDFS/graph_2500_3123750_UNIFORM_5894893360759659423.txt -> /home/shahbazk/Projects/DFS_Semi_Streaming/input/random_graphs/graph_2500_3123750_UNIFORM_5894893360759659423.txt (Time: 0.03s)
📦 COPIED from HDD: /media/HDD/Projects/ExpDFS/graph_2500_3123750_UNIFORM_4940913311242578590.txt -> /home/shahbazk/Projects/DFS_Semi_Streaming/input/random_graphs/graph_2500_3123750_UNIFORM_4940913311242578590.txt (Time: 0.03s)
📦 COPIED from HDD: /media/HDD/Projects/ExpDFS/graph_2500_3123750_UNIFORM_7632458674696225362.txt -> /home/shahbazk/Projects/DFS_Semi_Streaming/input/random_graphs/graph_2500_3123750_UNIFORM_7632458674696225362.txt (Time: 0.03s)
📦 COPIED from HDD: /media/HDD/Projects/ExpDFS/graph_3000_4498500_UNIFORM_7871178979383552919.txt -> /home/shahbazk/Projects/DFS_Semi_Streaming/input/random_graphs/graph_3000_4498500_UNIFORM_7871178979383552919.txt (Time: 0.04s)
📦 COPIED from HDD: /media/HDD/Projects/ExpDFS/graph_3000_4498500_UNIFORM_6230961512046992311.txt -> /home/shahbazk/Projects/DFS_Semi_Streaming/input/random_graphs/graph_3000_4498500_UNIFORM_6230961512046992311.txt (Time: 0.04s)
📦 COPIED from HDD: /media/HDD/Projects/ExpDFS/graph_3000_4498500_UNIFORM_3881801951614183357.txt -> /home/shahbazk/Projects/DFS_Semi_Streaming/input/random_graphs/graph_3000_4498500_UNIFORM_3881801951614183357.txt (Time: 0.04s)
📦 COPIED from HDD: /media/HDD/Projects/ExpDFS/graph_3000_4498500_UNIFORM_5739955973604961613.txt -> /home/shahbazk/Projects/DFS_Semi_Streaming/input/random_graphs/graph_3000_4498500_UNIFORM_5739955973604961613.txt (Time: 0.04s)
📦 COPIED from HDD: /media/HDD/Projects/ExpDFS/graph_3000_4498500_UNIFORM_7032710160631691991.txt -> /home/shahbazk/Projects/DFS_Semi_Streaming/input/random_graphs/graph_3000_4498500_UNIFORM_7032710160631691991.txt (Time: 0.04s)
📦 COPIED from HDD: /media/HDD/Projects/ExpDFS/graph_3000_4498500_UNIFORM_7599700178212337699.txt -> /home/shahbazk/Projects/DFS_Semi_Streaming/input/random_graphs/graph_3000_4498500_UNIFORM_7599700178212337699.txt (Time: 0.04s)
📦 COPIED from HDD: /media/HDD/Projects/ExpDFS/graph_3000_4498500_UNIFORM_1353182403971399009.txt -> /home/shahbazk/Projects/DFS_Semi_Streaming/input/random_graphs/graph_3000_4498500_UNIFORM_1353182403971399009.txt (Time: 0.04s)
📦 COPIED from HDD: /media/HDD/Projects/ExpDFS/graph_3000_4498500_UNIFORM_6522163754831416203.txt -> /home/shahbazk/Projects/DFS_Semi_Streaming/input/random_graphs/graph_3000_4498500_UNIFORM_6522163754831416203.txt (Time: 0.04s)
📦 COPIED from HDD: /media/HDD/Projects/ExpDFS/graph_3000_4498500_UNIFORM_6938562734920028532.txt -> /home/shahbazk/Projects/DFS_Semi_Streaming/input/random_graphs/graph_3000_4498500_UNIFORM_6938562734920028532.txt (Time: 0.04s)
📦 COPIED from HDD: /media/HDD/Projects/ExpDFS/graph_3000_4498500_UNIFORM_1070244953599069350.txt -> /home/shahbazk/Projects/DFS_Semi_Streaming/input/random_graphs/graph_3000_4498500_UNIFORM_1070244953599069350.txt (Time: 0.04s)
📦 COPIED from HDD: /media/HDD/Projects/ExpDFS/graph_3000_4498500_UNIFORM_1250005700364523649.txt -> /home/shahbazk/Projects/DFS_Semi_Streaming/input/random_graphs/graph_3000_4498500_UNIFORM_1250005700364523649.txt (Time: 0.04s)
📦 COPIED from HDD: /media/HDD/Projects/ExpDFS/graph_3000_4498500_UNIFORM_4040737767143389431.txt -> /home/shahbazk/Projects/DFS_Semi_Streaming/input/random_graphs/graph_3000_4498500_UNIFORM_4040737767143389431.txt (Time: 0.04s)
📦 COPIED from HDD: /media/HDD/Projects/ExpDFS/graph_3000_4498500_UNIFORM_2429002973740178792.txt -> /home/shahbazk/Projects/DFS_Semi_Streaming/input/random_graphs/graph_3000_4498500_UNIFORM_2429002973740178792.txt (Time: 0.04s)
📦 COPIED from HDD: /media/HDD/Projects/ExpDFS/graph_3000_4498500_UNIFORM_1309542850049879452.txt -> /home/shahbazk/Projects/DFS_Semi_Streaming/input/random_graphs/graph_3000_4498500_UNIFORM_1309542850049879452.txt (Time: 0.04s)
📦 COPIED from HDD: /media/HDD/Projects/ExpDFS/graph_3000_4498500_UNIFORM_7663871783842725848.txt -> /home/shahbazk/Projects/DFS_Semi_Streaming/input/random_graphs/graph_3000_4498500_UNIFORM_7663871783842725848.txt (Time: 0.04s)
📦 COPIED from HDD: /media/HDD/Projects/ExpDFS/graph_3000_4498500_UNIFORM_320375091487821987.txt -> /home/shahbazk/Projects/DFS_Semi_Streaming/input/random_graphs/graph_3000_4498500_UNIFORM_320375091487821987.txt (Time: 0.04s)
📦 COPIED from HDD: /media/HDD/Projects/ExpDFS/graph_3000_4498500_UNIFORM_5906957480796939447.txt -> /home/shahbazk/Projects/DFS_Semi_Streaming/input/random_graphs/graph_3000_4498500_UNIFORM_5906957480796939447.txt (Time: 0.04s)
📦 COPIED from HDD: /media/HDD/Projects/ExpDFS/graph_3000_4498500_UNIFORM_1250773459040295677.txt -> /home/shahbazk/Projects/DFS_Semi_Streaming/input/random_graphs/graph_3000_4498500_UNIFORM_1250773459040295677.txt (Time: 0.04s)
📦 COPIED from HDD: /media/HDD/Projects/ExpDFS/graph_3000_4498500_UNIFORM_3438400432146115956.txt -> /home/shahbazk/Projects/DFS_Semi_Streaming/input/random_graphs/graph_3000_4498500_UNIFORM_3438400432146115956.txt (Time: 0.04s)
📦 COPIED from HDD: /media/HDD/Projects/ExpDFS/graph_3000_4498500_UNIFORM_5139481885857321791.txt -> /home/shahbazk/Projects/DFS_Semi_Streaming/input/random_graphs/graph_3000_4498500_UNIFORM_5139481885857321791.txt (Time: 0.06s)
📦 COPIED from HDD: /media/HDD/Projects/ExpDFS/graph_3000_4498500_UNIFORM_7146860528564146064.txt -> /home/shahbazk/Projects/DFS_Semi_Streaming/input/random_graphs/graph_3000_4498500_UNIFORM_7146860528564146064.txt (Time: 0.04s)
📦 COPIED from HDD: /media/HDD/Projects/ExpDFS/graph_3000_4498500_UNIFORM_5142811650494845597.txt -> /home/shahbazk/Projects/DFS_Semi_Streaming/input/random_graphs/graph_3000_4498500_UNIFORM_5142811650494845597.txt (Time: 0.04s)
📦 COPIED from HDD: /media/HDD/Projects/ExpDFS/graph_3000_4498500_UNIFORM_6002685213311538187.txt -> /home/shahbazk/Projects/DFS_Semi_Streaming/input/random_graphs/graph_3000_4498500_UNIFORM_6002685213311538187.txt (Time: 0.04s)
📦 COPIED from HDD: /media/HDD/Projects/ExpDFS/graph_3000_4498500_UNIFORM_7473196763798409428.txt -> /home/shahbazk/Projects/DFS_Semi_Streaming/input/random_graphs/graph_3000_4498500_UNIFORM_7473196763798409428.txt (Time: 0.04s)
📦 COPIED from HDD: /media/HDD/Projects/ExpDFS/graph_3000_4498500_UNIFORM_3010622984418968408.txt -> /home/shahbazk/Projects/DFS_Semi_Streaming/input/random_graphs/graph_3000_4498500_UNIFORM_3010622984418968408.txt (Time: 0.04s)
📦 COPIED from HDD: /media/HDD/Projects/ExpDFS/graph_3000_4498500_UNIFORM_5708372698381010775.txt -> /home/shahbazk/Projects/DFS_Semi_Streaming/input/random_graphs/graph_3000_4498500_UNIFORM_5708372698381010775.txt (Time: 0.04s)
📦 COPIED from HDD: /media/HDD/Projects/ExpDFS/graph_3000_4498500_UNIFORM_521787134863155063.txt -> /home/shahbazk/Projects/DFS_Semi_Streaming/input/random_graphs/graph_3000_4498500_UNIFORM_521787134863155063.txt (Time: 0.04s)
📦 COPIED from HDD: /media/HDD/Projects/ExpDFS/graph_3000_4498500_UNIFORM_1853590723603270879.txt -> /home/shahbazk/Projects/DFS_Semi_Streaming/input/random_graphs/graph_3000_4498500_UNIFORM_1853590723603270879.txt (Time: 0.04s)
📦 COPIED from HDD: /media/HDD/Projects/ExpDFS/graph_3000_4498500_UNIFORM_1731523882129807996.txt -> /home/shahbazk/Projects/DFS_Semi_Streaming/input/random_graphs/graph_3000_4498500_UNIFORM_1731523882129807996.txt (Time: 0.04s)
📦 COPIED from HDD: /media/HDD/Projects/ExpDFS/graph_3000_4498500_UNIFORM_7029781962072644698.txt -> /home/shahbazk/Projects/DFS_Semi_Streaming/input/random_graphs/graph_3000_4498500_UNIFORM_7029781962072644698.txt (Time: 0.04s)
📦 COPIED from HDD: /media/HDD/Projects/ExpDFS/graph_3000_4498500_UNIFORM_6785030173969523435.txt -> /home/shahbazk/Projects/DFS_Semi_Streaming/input/random_graphs/graph_3000_4498500_UNIFORM_6785030173969523435.txt (Time: 0.04s)
📦 COPIED from HDD: /media/HDD/Projects/ExpDFS/graph_3000_4498500_UNIFORM_5529616217668449934.txt -> /home/shahbazk/Projects/DFS_Semi_Streaming/input/random_graphs/graph_3000_4498500_UNIFORM_5529616217668449934.txt (Time: 0.04s)
📦 COPIED from HDD: /media/HDD/Projects/ExpDFS/graph_3000_4498500_UNIFORM_1024517563182776983.txt -> /home/shahbazk/Projects/DFS_Semi_Streaming/input/random_graphs/graph_3000_4498500_UNIFORM_1024517563182776983.txt (Time: 0.04s)
📦 COPIED from HDD: /media/HDD/Projects/ExpDFS/graph_3000_4498500_UNIFORM_3224265581699847191.txt -> /home/shahbazk/Projects/DFS_Semi_Streaming/input/random_graphs/graph_3000_4498500_UNIFORM_3224265581699847191.txt (Time: 0.04s)
📦 COPIED from HDD: /media/HDD/Projects/ExpDFS/graph_3000_4498500_UNIFORM_5258051056098597521.txt -> /home/shahbazk/Projects/DFS_Semi_Streaming/input/random_graphs/graph_3000_4498500_UNIFORM_5258051056098597521.txt (Time: 0.04s)
📦 COPIED from HDD: /media/HDD/Projects/ExpDFS/graph_3000_4498500_UNIFORM_824387247617288499.txt -> /home/shahbazk/Projects/DFS_Semi_Streaming/input/random_graphs/graph_3000_4498500_UNIFORM_824387247617288499.txt (Time: 0.04s)
📦 COPIED from HDD: /media/HDD/Projects/ExpDFS/graph_3000_4498500_UNIFORM_1647170069535670909.txt -> /home/shahbazk/Projects/DFS_Semi_Streaming/input/random_graphs/graph_3000_4498500_UNIFORM_1647170069535670909.txt (Time: 0.04s)
📦 COPIED from HDD: /media/HDD/Projects/ExpDFS/graph_3000_4498500_UNIFORM_4122784633514911760.txt -> /home/shahbazk/Projects/DFS_Semi_Streaming/input/random_graphs/graph_3000_4498500_UNIFORM_4122784633514911760.txt (Time: 0.04s)
📦 COPIED from HDD: /media/HDD/Projects/ExpDFS/graph_3000_4498500_UNIFORM_7706236040662210848.txt -> /home/shahbazk/Projects/DFS_Semi_Streaming/input/random_graphs/graph_3000_4498500_UNIFORM_7706236040662210848.txt (Time: 0.04s)
📦 COPIED from HDD: /media/HDD/Projects/ExpDFS/graph_3000_4498500_UNIFORM_1632192924771168275.txt -> /home/shahbazk/Projects/DFS_Semi_Streaming/input/random_graphs/graph_3000_4498500_UNIFORM_1632192924771168275.txt (Time: 0.04s)
📦 COPIED from HDD: /media/HDD/Projects/ExpDFS/graph_3000_4498500_UNIFORM_7161906730445628483.txt -> /home/shahbazk/Projects/DFS_Semi_Streaming/input/random_graphs/graph_3000_4498500_UNIFORM_7161906730445628483.txt (Time: 0.04s)
📦 COPIED from HDD: /media/HDD/Projects/ExpDFS/graph_3000_4498500_UNIFORM_6802378520969450157.txt -> /home/shahbazk/Projects/DFS_Semi_Streaming/input/random_graphs/graph_3000_4498500_UNIFORM_6802378520969450157.txt (Time: 0.04s)
📦 COPIED from HDD: /media/HDD/Projects/ExpDFS/graph_3000_4498500_UNIFORM_4552998297316576788.txt -> /home/shahbazk/Projects/DFS_Semi_Streaming/input/random_graphs/graph_3000_4498500_UNIFORM_4552998297316576788.txt (Time: 0.04s)
📦 COPIED from HDD: /media/HDD/Projects/ExpDFS/graph_3000_4498500_UNIFORM_8031431416522537101.txt -> /home/shahbazk/Projects/DFS_Semi_Streaming/input/random_graphs/graph_3000_4498500_UNIFORM_8031431416522537101.txt (Time: 0.04s)
📦 COPIED from HDD: /media/HDD/Projects/ExpDFS/graph_3000_4498500_UNIFORM_3272308573967577038.txt -> /home/shahbazk/Projects/DFS_Semi_Streaming/input/random_graphs/graph_3000_4498500_UNIFORM_3272308573967577038.txt (Time: 0.04s)
📦 COPIED from HDD: /media/HDD/Projects/ExpDFS/graph_3000_4498500_UNIFORM_5636411189175451024.txt -> /home/shahbazk/Projects/DFS_Semi_Streaming/input/random_graphs/graph_3000_4498500_UNIFORM_5636411189175451024.txt (Time: 0.04s)
📦 COPIED from HDD: /media/HDD/Projects/ExpDFS/graph_3000_4498500_UNIFORM_6143643868734370809.txt -> /home/shahbazk/Projects/DFS_Semi_Streaming/input/random_graphs/graph_3000_4498500_UNIFORM_6143643868734370809.txt (Time: 0.04s)
📦 COPIED from HDD: /media/HDD/Projects/ExpDFS/graph_3000_4498500_UNIFORM_5349491008325879064.txt -> /home/shahbazk/Projects/DFS_Semi_Streaming/input/random_graphs/graph_3000_4498500_UNIFORM_5349491008325879064.txt (Time: 0.04s)
📦 COPIED from HDD: /media/HDD/Projects/ExpDFS/graph_3000_4498500_UNIFORM_6614505080519948832.txt -> /home/shahbazk/Projects/DFS_Semi_Streaming/input/random_graphs/graph_3000_4498500_UNIFORM_6614505080519948832.txt (Time: 0.04s)
📦 COPIED from HDD: /media/HDD/Projects/ExpDFS/graph_3000_4498500_UNIFORM_7917045922527545890.txt -> /home/shahbazk/Projects/DFS_Semi_Streaming/input/random_graphs/graph_3000_4498500_UNIFORM_7917045922527545890.txt (Time: 0.04s)
📦 COPIED from HDD: /media/HDD/Projects/ExpDFS/graph_3000_4498500_UNIFORM_7938560551762094560.txt -> /home/shahbazk/Projects/DFS_Semi_Streaming/input/random_graphs/graph_3000_4498500_UNIFORM_7938560551762094560.txt (Time: 0.04s)
📦 COPIED from HDD: /media/HDD/Projects/ExpDFS/graph_3000_4498500_UNIFORM_4445925461710302877.txt -> /home/shahbazk/Projects/DFS_Semi_Streaming/input/random_graphs/graph_3000_4498500_UNIFORM_4445925461710302877.txt (Time: 0.04s)
📦 COPIED from HDD: /media/HDD/Projects/ExpDFS/graph_3000_4498500_UNIFORM_6224222471595207695.txt -> /home/shahbazk/Projects/DFS_Semi_Streaming/input/random_graphs/graph_3000_4498500_UNIFORM_6224222471595207695.txt (Time: 0.04s)
📦 COPIED from HDD: /media/HDD/Projects/ExpDFS/graph_3000_4498500_UNIFORM_3865339568260874865.txt -> /home/shahbazk/Projects/DFS_Semi_Streaming/input/random_graphs/graph_3000_4498500_UNIFORM_3865339568260874865.txt (Time: 0.04s)
📦 COPIED from HDD: /media/HDD/Projects/ExpDFS/graph_3000_4498500_UNIFORM_7921282862123281598.txt -> /home/shahbazk/Projects/DFS_Semi_Streaming/input/random_graphs/graph_3000_4498500_UNIFORM_7921282862123281598.txt (Time: 0.04s)
📦 COPIED from HDD: /media/HDD/Projects/ExpDFS/graph_3000_4498500_UNIFORM_1128313391724783137.txt -> /home/shahbazk/Projects/DFS_Semi_Streaming/input/random_graphs/graph_3000_4498500_UNIFORM_1128313391724783137.txt (Time: 0.04s)
📦 COPIED from HDD: /media/HDD/Projects/ExpDFS/graph_3000_4498500_UNIFORM_716820155901718944.txt -> /home/shahbazk/Projects/DFS_Semi_Streaming/input/random_graphs/graph_3000_4498500_UNIFORM_716820155901718944.txt (Time: 0.04s)
📦 COPIED from HDD: /media/HDD/Projects/ExpDFS/graph_3000_4498500_UNIFORM_8718380604043999642.txt -> /home/shahbazk/Projects/DFS_Semi_Streaming/input/random_graphs/graph_3000_4498500_UNIFORM_8718380604043999642.txt (Time: 0.04s)
📦 COPIED from HDD: /media/HDD/Projects/ExpDFS/graph_3000_4498500_UNIFORM_5063475852268941542.txt -> /home/shahbazk/Projects/DFS_Semi_Streaming/input/random_graphs/graph_3000_4498500_UNIFORM_5063475852268941542.txt (Time: 0.04s)
📦 COPIED from HDD: /media/HDD/Projects/ExpDFS/graph_3000_4498500_UNIFORM_4997514996153925447.txt -> /home/shahbazk/Projects/DFS_Semi_Streaming/input/random_graphs/graph_3000_4498500_UNIFORM_4997514996153925447.txt (Time: 0.04s)
📦 COPIED from HDD: /media/HDD/Projects/ExpDFS/graph_3000_4498500_UNIFORM_8446481348147407377.txt -> /home/shahbazk/Projects/DFS_Semi_Streaming/input/random_graphs/graph_3000_4498500_UNIFORM_8446481348147407377.txt (Time: 0.04s)
📦 COPIED from HDD: /media/HDD/Projects/ExpDFS/graph_3000_4498500_UNIFORM_2909934787168262407.txt -> /home/shahbazk/Projects/DFS_Semi_Streaming/input/random_graphs/graph_3000_4498500_UNIFORM_2909934787168262407.txt (Time: 0.04s)
📦 COPIED from HDD: /media/HDD/Projects/ExpDFS/graph_3000_4498500_UNIFORM_3817405844514670994.txt -> /home/shahbazk/Projects/DFS_Semi_Streaming/input/random_graphs/graph_3000_4498500_UNIFORM_3817405844514670994.txt (Time: 0.04s)
📦 COPIED from HDD: /media/HDD/Projects/ExpDFS/graph_3000_4498500_UNIFORM_6529943913552561417.txt -> /home/shahbazk/Projects/DFS_Semi_Streaming/input/random_graphs/graph_3000_4498500_UNIFORM_6529943913552561417.txt (Time: 0.04s)
📦 COPIED from HDD: /media/HDD/Projects/ExpDFS/graph_3000_4498500_UNIFORM_199422815561151340.txt -> /home/shahbazk/Projects/DFS_Semi_Streaming/input/random_graphs/graph_3000_4498500_UNIFORM_199422815561151340.txt (Time: 0.04s)
📦 COPIED from HDD: /media/HDD/Projects/ExpDFS/graph_3000_4498500_UNIFORM_1170385908854608748.txt -> /home/shahbazk/Projects/DFS_Semi_Streaming/input/random_graphs/graph_3000_4498500_UNIFORM_1170385908854608748.txt (Time: 0.04s)
📦 COPIED from HDD: /media/HDD/Projects/ExpDFS/graph_3000_4498500_UNIFORM_6022436717541034636.txt -> /home/shahbazk/Projects/DFS_Semi_Streaming/input/random_graphs/graph_3000_4498500_UNIFORM_6022436717541034636.txt (Time: 0.04s)
📦 COPIED from HDD: /media/HDD/Projects/ExpDFS/graph_3000_4498500_UNIFORM_3713827327871807734.txt -> /home/shahbazk/Projects/DFS_Semi_Streaming/input/random_graphs/graph_3000_4498500_UNIFORM_3713827327871807734.txt (Time: 0.04s)
📦 COPIED from HDD: /media/HDD/Projects/ExpDFS/graph_3000_4498500_UNIFORM_175493991617213850.txt -> /home/shahbazk/Projects/DFS_Semi_Streaming/input/random_graphs/graph_3000_4498500_UNIFORM_175493991617213850.txt (Time: 0.05s)
📦 COPIED from HDD: /media/HDD/Projects/ExpDFS/graph_3000_4498500_UNIFORM_9130666990809746335.txt -> /home/shahbazk/Projects/DFS_Semi_Streaming/input/random_graphs/graph_3000_4498500_UNIFORM_9130666990809746335.txt (Time: 0.04s)
📦 COPIED from HDD: /media/HDD/Projects/ExpDFS/graph_3000_4498500_UNIFORM_6764066939395682287.txt -> /home/shahbazk/Projects/DFS_Semi_Streaming/input/random_graphs/graph_3000_4498500_UNIFORM_6764066939395682287.txt (Time: 0.04s)
📦 COPIED from HDD: /media/HDD/Projects/ExpDFS/graph_3000_4498500_UNIFORM_5108599054664628607.txt -> /home/shahbazk/Projects/DFS_Semi_Streaming/input/random_graphs/graph_3000_4498500_UNIFORM_5108599054664628607.txt (Time: 0.04s)
📦 COPIED from HDD: /media/HDD/Projects/ExpDFS/graph_3000_4498500_UNIFORM_7644420139408884785.txt -> /home/shahbazk/Projects/DFS_Semi_Streaming/input/random_graphs/graph_3000_4498500_UNIFORM_7644420139408884785.txt (Time: 0.04s)
📦 COPIED from HDD: /media/HDD/Projects/ExpDFS/graph_3000_4498500_UNIFORM_1392892770529522614.txt -> /home/shahbazk/Projects/DFS_Semi_Streaming/input/random_graphs/graph_3000_4498500_UNIFORM_1392892770529522614.txt (Time: 0.04s)
📦 COPIED from HDD: /media/HDD/Projects/ExpDFS/graph_3000_4498500_UNIFORM_1458186392400727732.txt -> /home/shahbazk/Projects/DFS_Semi_Streaming/input/random_graphs/graph_3000_4498500_UNIFORM_1458186392400727732.txt (Time: 0.04s)
📦 COPIED from HDD: /media/HDD/Projects/ExpDFS/graph_3000_4498500_UNIFORM_9060210648189963449.txt -> /home/shahbazk/Projects/DFS_Semi_Streaming/input/random_graphs/graph_3000_4498500_UNIFORM_9060210648189963449.txt (Time: 0.04s)
📦 COPIED from HDD: /media/HDD/Projects/ExpDFS/graph_3000_4498500_UNIFORM_4250897495980125004.txt -> /home/shahbazk/Projects/DFS_Semi_Streaming/input/random_graphs/graph_3000_4498500_UNIFORM_4250897495980125004.txt (Time: 0.04s)
📦 COPIED from HDD: /media/HDD/Projects/ExpDFS/graph_3000_4498500_UNIFORM_8794274795737982182.txt -> /home/shahbazk/Projects/DFS_Semi_Streaming/input/random_graphs/graph_3000_4498500_UNIFORM_8794274795737982182.txt (Time: 0.04s)
📦 COPIED from HDD: /media/HDD/Projects/ExpDFS/graph_3000_4498500_UNIFORM_4060584409398689268.txt -> /home/shahbazk/Projects/DFS_Semi_Streaming/input/random_graphs/graph_3000_4498500_UNIFORM_4060584409398689268.txt (Time: 0.04s)
📦 COPIED from HDD: /media/HDD/Projects/ExpDFS/graph_3000_4498500_UNIFORM_5497874167834979553.txt -> /home/shahbazk/Projects/DFS_Semi_Streaming/input/random_graphs/graph_3000_4498500_UNIFORM_5497874167834979553.txt (Time: 0.04s)
📦 COPIED from HDD: /media/HDD/Projects/ExpDFS/graph_3000_4498500_UNIFORM_2089506265998900862.txt -> /home/shahbazk/Projects/DFS_Semi_Streaming/input/random_graphs/graph_3000_4498500_UNIFORM_2089506265998900862.txt (Time: 0.04s)
📦 COPIED from HDD: /media/HDD/Projects/ExpDFS/graph_3000_4498500_UNIFORM_8626102704817790064.txt -> /home/shahbazk/Projects/DFS_Semi_Streaming/input/random_graphs/graph_3000_4498500_UNIFORM_8626102704817790064.txt (Time: 0.04s)
📦 COPIED from HDD: /media/HDD/Projects/ExpDFS/graph_3000_4498500_UNIFORM_1722224698700348310.txt -> /home/shahbazk/Projects/DFS_Semi_Streaming/input/random_graphs/graph_3000_4498500_UNIFORM_1722224698700348310.txt (Time: 0.04s)
📦 COPIED from HDD: /media/HDD/Projects/ExpDFS/graph_3000_4498500_UNIFORM_1332005502874566195.txt -> /home/shahbazk/Projects/DFS_Semi_Streaming/input/random_graphs/graph_3000_4498500_UNIFORM_1332005502874566195.txt (Time: 0.04s)
📦 COPIED from HDD: /media/HDD/Projects/ExpDFS/graph_3000_4498500_UNIFORM_8448596294177070022.txt -> /home/shahbazk/Projects/DFS_Semi_Streaming/input/random_graphs/graph_3000_4498500_UNIFORM_8448596294177070022.txt (Time: 0.04s)
📦 COPIED from HDD: /media/HDD/Projects/ExpDFS/graph_3000_4498500_UNIFORM_4795749165124911768.txt -> /home/shahbazk/Projects/DFS_Semi_Streaming/input/random_graphs/graph_3000_4498500_UNIFORM_4795749165124911768.txt (Time: 0.04s)
📦 COPIED from HDD: /media/HDD/Projects/ExpDFS/graph_3000_4498500_UNIFORM_7905487461282246979.txt -> /home/shahbazk/Projects/DFS_Semi_Streaming/input/random_graphs/graph_3000_4498500_UNIFORM_7905487461282246979.txt (Time: 0.04s)
📦 COPIED from HDD: /media/HDD/Projects/ExpDFS/graph_3000_4498500_UNIFORM_4934890601268679176.txt -> /home/shahbazk/Projects/DFS_Semi_Streaming/input/random_graphs/graph_3000_4498500_UNIFORM_4934890601268679176.txt (Time: 0.04s)
📦 COPIED from HDD: /media/HDD/Projects/ExpDFS/graph_3000_4498500_UNIFORM_1992204328026194281.txt -> /home/shahbazk/Projects/DFS_Semi_Streaming/input/random_graphs/graph_3000_4498500_UNIFORM_1992204328026194281.txt (Time: 0.04s)
📦 COPIED from HDD: /media/HDD/Projects/ExpDFS/graph_3000_4498500_UNIFORM_7118744415197196276.txt -> /home/shahbazk/Projects/DFS_Semi_Streaming/input/random_graphs/graph_3000_4498500_UNIFORM_7118744415197196276.txt (Time: 0.04s)
📦 COPIED from HDD: /media/HDD/Projects/ExpDFS/graph_3000_4498500_UNIFORM_2718103348384927511.txt -> /home/shahbazk/Projects/DFS_Semi_Streaming/input/random_graphs/graph_3000_4498500_UNIFORM_2718103348384927511.txt (Time: 0.04s)
📦 COPIED from HDD: /media/HDD/Projects/ExpDFS/graph_3000_4498500_UNIFORM_9059990922233379852.txt -> /home/shahbazk/Projects/DFS_Semi_Streaming/input/random_graphs/graph_3000_4498500_UNIFORM_9059990922233379852.txt (Time: 0.04s)
📦 COPIED from HDD: /media/HDD/Projects/ExpDFS/graph_3000_4498500_UNIFORM_3221421291694197220.txt -> /home/shahbazk/Projects/DFS_Semi_Streaming/input/random_graphs/graph_3000_4498500_UNIFORM_3221421291694197220.txt (Time: 0.04s)
📦 COPIED from HDD: /media/HDD/Projects/ExpDFS/graph_3000_4498500_UNIFORM_7449662661572224354.txt -> /home/shahbazk/Projects/DFS_Semi_Streaming/input/random_graphs/graph_3000_4498500_UNIFORM_7449662661572224354.txt (Time: 0.04s)
📦 COPIED from HDD: /media/HDD/Projects/ExpDFS/graph_3000_4498500_UNIFORM_8867616339855336876.txt -> /home/shahbazk/Projects/DFS_Semi_Streaming/input/random_graphs/graph_3000_4498500_UNIFORM_8867616339855336876.txt (Time: 0.04s)
📦 COPIED from HDD: /media/HDD/Projects/ExpDFS/graph_3000_4498500_UNIFORM_5894893360759659423.txt -> /home/shahbazk/Projects/DFS_Semi_Streaming/input/random_graphs/graph_3000_4498500_UNIFORM_5894893360759659423.txt (Time: 0.04s)
📦 COPIED from HDD: /media/HDD/Projects/ExpDFS/graph_3000_4498500_UNIFORM_7983805977214098674.txt -> /home/shahbazk/Projects/DFS_Semi_Streaming/input/random_graphs/graph_3000_4498500_UNIFORM_7983805977214098674.txt (Time: 0.04s)
📦 COPIED from HDD: /media/HDD/Projects/ExpDFS/graph_3000_4498500_UNIFORM_4940913311242578590.txt -> /home/shahbazk/Projects/DFS_Semi_Streaming/input/random_graphs/graph_3000_4498500_UNIFORM_4940913311242578590.txt (Time: 0.04s)
📦 COPIED from HDD: /media/HDD/Projects/ExpDFS/graph_3000_4498500_UNIFORM_7632458674696225362.txt -> /home/shahbazk/Projects/DFS_Semi_Streaming/input/random_graphs/graph_3000_4498500_UNIFORM_7632458674696225362.txt (Time: 0.04s)
📦 COPIED from HDD: /media/HDD/Projects/ExpDFS/graph_3000_4498500_UNIFORM_2264398621601381987.txt -> /home/shahbazk/Projects/DFS_Semi_Streaming/input/random_graphs/graph_3000_4498500_UNIFORM_2264398621601381987.txt (Time: 0.04s)
📦 COPIED from HDD: /media/HDD/Projects/ExpDFS/graph_3500_6123250_UNIFORM_7871178979383552919.txt -> /home/shahbazk/Projects/DFS_Semi_Streaming/input/random_graphs/graph_3500_6123250_UNIFORM_7871178979383552919.txt (Time: 0.06s)
📦 COPIED from HDD: /media/HDD/Projects/ExpDFS/graph_3500_6123250_UNIFORM_6230961512046992311.txt -> /home/shahbazk/Projects/DFS_Semi_Streaming/input/random_graphs/graph_3500_6123250_UNIFORM_6230961512046992311.txt (Time: 0.06s)
📦 COPIED from HDD: /media/HDD/Projects/ExpDFS/graph_3500_6123250_UNIFORM_1070244953599069350.txt -> /home/shahbazk/Projects/DFS_Semi_Streaming/input/random_graphs/graph_3500_6123250_UNIFORM_1070244953599069350.txt (Time: 0.05s)
📦 COPIED from HDD: /media/HDD/Projects/ExpDFS/graph_3500_6123250_UNIFORM_3881801951614183357.txt -> /home/shahbazk/Projects/DFS_Semi_Streaming/input/random_graphs/graph_3500_6123250_UNIFORM_3881801951614183357.txt (Time: 0.05s)
📦 COPIED from HDD: /media/HDD/Projects/ExpDFS/graph_3500_6123250_UNIFORM_5739955973604961613.txt -> /home/shahbazk/Projects/DFS_Semi_Streaming/input/random_graphs/graph_3500_6123250_UNIFORM_5739955973604961613.txt (Time: 0.06s)
📦 COPIED from HDD: /media/HDD/Projects/ExpDFS/graph_3500_6123250_UNIFORM_7032710160631691991.txt -> /home/shahbazk/Projects/DFS_Semi_Streaming/input/random_graphs/graph_3500_6123250_UNIFORM_7032710160631691991.txt (Time: 0.06s)
📦 COPIED from HDD: /media/HDD/Projects/ExpDFS/graph_3500_6123250_UNIFORM_7599700178212337699.txt -> /home/shahbazk/Projects/DFS_Semi_Streaming/input/random_graphs/graph_3500_6123250_UNIFORM_7599700178212337699.txt (Time: 0.06s)
📦 COPIED from HDD: /media/HDD/Projects/ExpDFS/graph_3500_6123250_UNIFORM_6938562734920028532.txt -> /home/shahbazk/Projects/DFS_Semi_Streaming/input/random_graphs/graph_3500_6123250_UNIFORM_6938562734920028532.txt (Time: 0.05s)
📦 COPIED from HDD: /media/HDD/Projects/ExpDFS/graph_3500_6123250_UNIFORM_1353182403971399009.txt -> /home/shahbazk/Projects/DFS_Semi_Streaming/input/random_graphs/graph_3500_6123250_UNIFORM_1353182403971399009.txt (Time: 0.05s)
📦 COPIED from HDD: /media/HDD/Projects/ExpDFS/graph_3500_6123250_UNIFORM_6522163754831416203.txt -> /home/shahbazk/Projects/DFS_Semi_Streaming/input/random_graphs/graph_3500_6123250_UNIFORM_6522163754831416203.txt (Time: 0.05s)
📦 COPIED from HDD: /media/HDD/Projects/ExpDFS/graph_3500_6123250_UNIFORM_4040737767143389431.txt -> /home/shahbazk/Projects/DFS_Semi_Streaming/input/random_graphs/graph_3500_6123250_UNIFORM_4040737767143389431.txt (Time: 0.05s)
📦 COPIED from HDD: /media/HDD/Projects/ExpDFS/graph_3500_6123250_UNIFORM_1250005700364523649.txt -> /home/shahbazk/Projects/DFS_Semi_Streaming/input/random_graphs/graph_3500_6123250_UNIFORM_1250005700364523649.txt (Time: 0.05s)
📦 COPIED from HDD: /media/HDD/Projects/ExpDFS/graph_3500_6123250_UNIFORM_1309542850049879452.txt -> /home/shahbazk/Projects/DFS_Semi_Streaming/input/random_graphs/graph_3500_6123250_UNIFORM_1309542850049879452.txt (Time: 0.06s)
📦 COPIED from HDD: /media/HDD/Projects/ExpDFS/graph_3500_6123250_UNIFORM_2429002973740178792.txt -> /home/shahbazk/Projects/DFS_Semi_Streaming/input/random_graphs/graph_3500_6123250_UNIFORM_2429002973740178792.txt (Time: 0.06s)
📦 COPIED from HDD: /media/HDD/Projects/ExpDFS/graph_3500_6123250_UNIFORM_7663871783842725848.txt -> /home/shahbazk/Projects/DFS_Semi_Streaming/input/random_graphs/graph_3500_6123250_UNIFORM_7663871783842725848.txt (Time: 0.05s)
📦 COPIED from HDD: /media/HDD/Projects/ExpDFS/graph_3500_6123250_UNIFORM_320375091487821987.txt -> /home/shahbazk/Projects/DFS_Semi_Streaming/input/random_graphs/graph_3500_6123250_UNIFORM_320375091487821987.txt (Time: 0.05s)
📦 COPIED from HDD: /media/HDD/Projects/ExpDFS/graph_3500_6123250_UNIFORM_1250773459040295677.txt -> /home/shahbazk/Projects/DFS_Semi_Streaming/input/random_graphs/graph_3500_6123250_UNIFORM_1250773459040295677.txt (Time: 0.05s)
📦 COPIED from HDD: /media/HDD/Projects/ExpDFS/graph_3500_6123250_UNIFORM_5906957480796939447.txt -> /home/shahbazk/Projects/DFS_Semi_Streaming/input/random_graphs/graph_3500_6123250_UNIFORM_5906957480796939447.txt (Time: 0.05s)
📦 COPIED from HDD: /media/HDD/Projects/ExpDFS/graph_3500_6123250_UNIFORM_3438400432146115956.txt -> /home/shahbazk/Projects/DFS_Semi_Streaming/input/random_graphs/graph_3500_6123250_UNIFORM_3438400432146115956.txt (Time: 0.05s)
📦 COPIED from HDD: /media/HDD/Projects/ExpDFS/graph_3500_6123250_UNIFORM_7146860528564146064.txt -> /home/shahbazk/Projects/DFS_Semi_Streaming/input/random_graphs/graph_3500_6123250_UNIFORM_7146860528564146064.txt (Time: 0.06s)
📦 COPIED from HDD: /media/HDD/Projects/ExpDFS/graph_3500_6123250_UNIFORM_7473196763798409428.txt -> /home/shahbazk/Projects/DFS_Semi_Streaming/input/random_graphs/graph_3500_6123250_UNIFORM_7473196763798409428.txt (Time: 0.05s)
📦 COPIED from HDD: /media/HDD/Projects/ExpDFS/graph_3500_6123250_UNIFORM_5142811650494845597.txt -> /home/shahbazk/Projects/DFS_Semi_Streaming/input/random_graphs/graph_3500_6123250_UNIFORM_5142811650494845597.txt (Time: 0.05s)
📦 COPIED from HDD: /media/HDD/Projects/ExpDFS/graph_3500_6123250_UNIFORM_5139481885857321791.txt -> /home/shahbazk/Projects/DFS_Semi_Streaming/input/random_graphs/graph_3500_6123250_UNIFORM_5139481885857321791.txt (Time: 0.05s)
📦 COPIED from HDD: /media/HDD/Projects/ExpDFS/graph_3500_6123250_UNIFORM_3010622984418968408.txt -> /home/shahbazk/Projects/DFS_Semi_Streaming/input/random_graphs/graph_3500_6123250_UNIFORM_3010622984418968408.txt (Time: 0.05s)
📦 COPIED from HDD: /media/HDD/Projects/ExpDFS/graph_3500_6123250_UNIFORM_6002685213311538187.txt -> /home/shahbazk/Projects/DFS_Semi_Streaming/input/random_graphs/graph_3500_6123250_UNIFORM_6002685213311538187.txt (Time: 0.05s)
📦 COPIED from HDD: /media/HDD/Projects/ExpDFS/graph_3500_6123250_UNIFORM_5708372698381010775.txt -> /home/shahbazk/Projects/DFS_Semi_Streaming/input/random_graphs/graph_3500_6123250_UNIFORM_5708372698381010775.txt (Time: 0.06s)
📦 COPIED from HDD: /media/HDD/Projects/ExpDFS/graph_3500_6123250_UNIFORM_1731523882129807996.txt -> /home/shahbazk/Projects/DFS_Semi_Streaming/input/random_graphs/graph_3500_6123250_UNIFORM_1731523882129807996.txt (Time: 0.05s)
📦 COPIED from HDD: /media/HDD/Projects/ExpDFS/graph_3500_6123250_UNIFORM_1853590723603270879.txt -> /home/shahbazk/Projects/DFS_Semi_Streaming/input/random_graphs/graph_3500_6123250_UNIFORM_1853590723603270879.txt (Time: 0.05s)
📦 COPIED from HDD: /media/HDD/Projects/ExpDFS/graph_3500_6123250_UNIFORM_521787134863155063.txt -> /home/shahbazk/Projects/DFS_Semi_Streaming/input/random_graphs/graph_3500_6123250_UNIFORM_521787134863155063.txt (Time: 0.06s)
📦 COPIED from HDD: /media/HDD/Projects/ExpDFS/graph_3500_6123250_UNIFORM_7029781962072644698.txt -> /home/shahbazk/Projects/DFS_Semi_Streaming/input/random_graphs/graph_3500_6123250_UNIFORM_7029781962072644698.txt (Time: 0.05s)
📦 COPIED from HDD: /media/HDD/Projects/ExpDFS/graph_3500_6123250_UNIFORM_6785030173969523435.txt -> /home/shahbazk/Projects/DFS_Semi_Streaming/input/random_graphs/graph_3500_6123250_UNIFORM_6785030173969523435.txt (Time: 0.06s)
📦 COPIED from HDD: /media/HDD/Projects/ExpDFS/graph_3500_6123250_UNIFORM_1024517563182776983.txt -> /home/shahbazk/Projects/DFS_Semi_Streaming/input/random_graphs/graph_3500_6123250_UNIFORM_1024517563182776983.txt (Time: 0.05s)
📦 COPIED from HDD: /media/HDD/Projects/ExpDFS/graph_3500_6123250_UNIFORM_3224265581699847191.txt -> /home/shahbazk/Projects/DFS_Semi_Streaming/input/random_graphs/graph_3500_6123250_UNIFORM_3224265581699847191.txt (Time: 0.06s)
📦 COPIED from HDD: /media/HDD/Projects/ExpDFS/graph_3500_6123250_UNIFORM_5529616217668449934.txt -> /home/shahbazk/Projects/DFS_Semi_Streaming/input/random_graphs/graph_3500_6123250_UNIFORM_5529616217668449934.txt (Time: 0.05s)
📦 COPIED from HDD: /media/HDD/Projects/ExpDFS/graph_3500_6123250_UNIFORM_5258051056098597521.txt -> /home/shahbazk/Projects/DFS_Semi_Streaming/input/random_graphs/graph_3500_6123250_UNIFORM_5258051056098597521.txt (Time: 0.06s)
📦 COPIED from HDD: /media/HDD/Projects/ExpDFS/graph_3500_6123250_UNIFORM_1632192924771168275.txt -> /home/shahbazk/Projects/DFS_Semi_Streaming/input/random_graphs/graph_3500_6123250_UNIFORM_1632192924771168275.txt (Time: 0.05s)
📦 COPIED from HDD: /media/HDD/Projects/ExpDFS/graph_3500_6123250_UNIFORM_4122784633514911760.txt -> /home/shahbazk/Projects/DFS_Semi_Streaming/input/random_graphs/graph_3500_6123250_UNIFORM_4122784633514911760.txt (Time: 0.06s)
📦 COPIED from HDD: /media/HDD/Projects/ExpDFS/graph_3500_6123250_UNIFORM_1647170069535670909.txt -> /home/shahbazk/Projects/DFS_Semi_Streaming/input/random_graphs/graph_3500_6123250_UNIFORM_1647170069535670909.txt (Time: 0.06s)
📦 COPIED from HDD: /media/HDD/Projects/ExpDFS/graph_3500_6123250_UNIFORM_7706236040662210848.txt -> /home/shahbazk/Projects/DFS_Semi_Streaming/input/random_graphs/graph_3500_6123250_UNIFORM_7706236040662210848.txt (Time: 0.06s)
📦 COPIED from HDD: /media/HDD/Projects/ExpDFS/graph_3500_6123250_UNIFORM_824387247617288499.txt -> /home/shahbazk/Projects/DFS_Semi_Streaming/input/random_graphs/graph_3500_6123250_UNIFORM_824387247617288499.txt (Time: 0.06s)
📦 COPIED from HDD: /media/HDD/Projects/ExpDFS/graph_3500_6123250_UNIFORM_6802378520969450157.txt -> /home/shahbazk/Projects/DFS_Semi_Streaming/input/random_graphs/graph_3500_6123250_UNIFORM_6802378520969450157.txt (Time: 0.05s)
📦 COPIED from HDD: /media/HDD/Projects/ExpDFS/graph_3500_6123250_UNIFORM_7161906730445628483.txt -> /home/shahbazk/Projects/DFS_Semi_Streaming/input/random_graphs/graph_3500_6123250_UNIFORM_7161906730445628483.txt (Time: 0.05s)
📦 COPIED from HDD: /media/HDD/Projects/ExpDFS/graph_3500_6123250_UNIFORM_4552998297316576788.txt -> /home/shahbazk/Projects/DFS_Semi_Streaming/input/random_graphs/graph_3500_6123250_UNIFORM_4552998297316576788.txt (Time: 0.05s)
📦 COPIED from HDD: /media/HDD/Projects/ExpDFS/graph_3500_6123250_UNIFORM_8031431416522537101.txt -> /home/shahbazk/Projects/DFS_Semi_Streaming/input/random_graphs/graph_3500_6123250_UNIFORM_8031431416522537101.txt (Time: 0.06s)
📦 COPIED from HDD: /media/HDD/Projects/ExpDFS/graph_3500_6123250_UNIFORM_7938560551762094560.txt -> /home/shahbazk/Projects/DFS_Semi_Streaming/input/random_graphs/graph_3500_6123250_UNIFORM_7938560551762094560.txt (Time: 0.06s)
📦 COPIED from HDD: /media/HDD/Projects/ExpDFS/graph_3500_6123250_UNIFORM_5349491008325879064.txt -> /home/shahbazk/Projects/DFS_Semi_Streaming/input/random_graphs/graph_3500_6123250_UNIFORM_5349491008325879064.txt (Time: 0.06s)
📦 COPIED from HDD: /media/HDD/Projects/ExpDFS/graph_3500_6123250_UNIFORM_3272308573967577038.txt -> /home/shahbazk/Projects/DFS_Semi_Streaming/input/random_graphs/graph_3500_6123250_UNIFORM_3272308573967577038.txt (Time: 0.05s)
📦 COPIED from HDD: /media/HDD/Projects/ExpDFS/graph_3500_6123250_UNIFORM_6614505080519948832.txt -> /home/shahbazk/Projects/DFS_Semi_Streaming/input/random_graphs/graph_3500_6123250_UNIFORM_6614505080519948832.txt (Time: 0.06s)
📦 COPIED from HDD: /media/HDD/Projects/ExpDFS/graph_3500_6123250_UNIFORM_6143643868734370809.txt -> /home/shahbazk/Projects/DFS_Semi_Streaming/input/random_graphs/graph_3500_6123250_UNIFORM_6143643868734370809.txt (Time: 0.05s)
📦 COPIED from HDD: /media/HDD/Projects/ExpDFS/graph_3500_6123250_UNIFORM_5636411189175451024.txt -> /home/shahbazk/Projects/DFS_Semi_Streaming/input/random_graphs/graph_3500_6123250_UNIFORM_5636411189175451024.txt (Time: 0.05s)
📦 COPIED from HDD: /media/HDD/Projects/ExpDFS/graph_3500_6123250_UNIFORM_7917045922527545890.txt -> /home/shahbazk/Projects/DFS_Semi_Streaming/input/random_graphs/graph_3500_6123250_UNIFORM_7917045922527545890.txt (Time: 0.05s)
📦 COPIED from HDD: /media/HDD/Projects/ExpDFS/graph_3500_6123250_UNIFORM_4445925461710302877.txt -> /home/shahbazk/Projects/DFS_Semi_Streaming/input/random_graphs/graph_3500_6123250_UNIFORM_4445925461710302877.txt (Time: 0.05s)
📦 COPIED from HDD: /media/HDD/Projects/ExpDFS/graph_3500_6123250_UNIFORM_3865339568260874865.txt -> /home/shahbazk/Projects/DFS_Semi_Streaming/input/random_graphs/graph_3500_6123250_UNIFORM_3865339568260874865.txt (Time: 0.05s)
📦 COPIED from HDD: /media/HDD/Projects/ExpDFS/graph_3500_6123250_UNIFORM_7921282862123281598.txt -> /home/shahbazk/Projects/DFS_Semi_Streaming/input/random_graphs/graph_3500_6123250_UNIFORM_7921282862123281598.txt (Time: 0.06s)
📦 COPIED from HDD: /media/HDD/Projects/ExpDFS/graph_3500_6123250_UNIFORM_6224222471595207695.txt -> /home/shahbazk/Projects/DFS_Semi_Streaming/input/random_graphs/graph_3500_6123250_UNIFORM_6224222471595207695.txt (Time: 0.06s)
📦 COPIED from HDD: /media/HDD/Projects/ExpDFS/graph_3500_6123250_UNIFORM_1128313391724783137.txt -> /home/shahbazk/Projects/DFS_Semi_Streaming/input/random_graphs/graph_3500_6123250_UNIFORM_1128313391724783137.txt (Time: 0.05s)
📦 COPIED from HDD: /media/HDD/Projects/ExpDFS/graph_3500_6123250_UNIFORM_716820155901718944.txt -> /home/shahbazk/Projects/DFS_Semi_Streaming/input/random_graphs/graph_3500_6123250_UNIFORM_716820155901718944.txt (Time: 0.05s)
📦 COPIED from HDD: /media/HDD/Projects/ExpDFS/graph_3500_6123250_UNIFORM_8718380604043999642.txt -> /home/shahbazk/Projects/DFS_Semi_Streaming/input/random_graphs/graph_3500_6123250_UNIFORM_8718380604043999642.txt (Time: 0.05s)
📦 COPIED from HDD: /media/HDD/Projects/ExpDFS/graph_3500_6123250_UNIFORM_5063475852268941542.txt -> /home/shahbazk/Projects/DFS_Semi_Streaming/input/random_graphs/graph_3500_6123250_UNIFORM_5063475852268941542.txt (Time: 0.06s)
📦 COPIED from HDD: /media/HDD/Projects/ExpDFS/graph_3500_6123250_UNIFORM_4997514996153925447.txt -> /home/shahbazk/Projects/DFS_Semi_Streaming/input/random_graphs/graph_3500_6123250_UNIFORM_4997514996153925447.txt (Time: 0.05s)
📦 COPIED from HDD: /media/HDD/Projects/ExpDFS/graph_3500_6123250_UNIFORM_8446481348147407377.txt -> /home/shahbazk/Projects/DFS_Semi_Streaming/input/random_graphs/graph_3500_6123250_UNIFORM_8446481348147407377.txt (Time: 0.05s)
📦 COPIED from HDD: /media/HDD/Projects/ExpDFS/graph_3500_6123250_UNIFORM_3817405844514670994.txt -> /home/shahbazk/Projects/DFS_Semi_Streaming/input/random_graphs/graph_3500_6123250_UNIFORM_3817405844514670994.txt (Time: 0.06s)
📦 COPIED from HDD: /media/HDD/Projects/ExpDFS/graph_3500_6123250_UNIFORM_2909934787168262407.txt -> /home/shahbazk/Projects/DFS_Semi_Streaming/input/random_graphs/graph_3500_6123250_UNIFORM_2909934787168262407.txt (Time: 0.14s)
📦 COPIED from HDD: /media/HDD/Projects/ExpDFS/graph_3500_6123250_UNIFORM_1170385908854608748.txt -> /home/shahbazk/Projects/DFS_Semi_Streaming/input/random_graphs/graph_3500_6123250_UNIFORM_1170385908854608748.txt (Time: 0.14s)
📦 COPIED from HDD: /media/HDD/Projects/ExpDFS/graph_3500_6123250_UNIFORM_6529943913552561417.txt -> /home/shahbazk/Projects/DFS_Semi_Streaming/input/random_graphs/graph_3500_6123250_UNIFORM_6529943913552561417.txt (Time: 0.05s)
📦 COPIED from HDD: /media/HDD/Projects/ExpDFS/graph_3500_6123250_UNIFORM_6022436717541034636.txt -> /home/shahbazk/Projects/DFS_Semi_Streaming/input/random_graphs/graph_3500_6123250_UNIFORM_6022436717541034636.txt (Time: 0.05s)
📦 COPIED from HDD: /media/HDD/Projects/ExpDFS/graph_3500_6123250_UNIFORM_199422815561151340.txt -> /home/shahbazk/Projects/DFS_Semi_Streaming/input/random_graphs/graph_3500_6123250_UNIFORM_199422815561151340.txt (Time: 0.05s)
📦 COPIED from HDD: /media/HDD/Projects/ExpDFS/graph_3500_6123250_UNIFORM_3713827327871807734.txt -> /home/shahbazk/Projects/DFS_Semi_Streaming/input/random_graphs/graph_3500_6123250_UNIFORM_3713827327871807734.txt (Time: 0.06s)
📦 COPIED from HDD: /media/HDD/Projects/ExpDFS/graph_3500_6123250_UNIFORM_9130666990809746335.txt -> /home/shahbazk/Projects/DFS_Semi_Streaming/input/random_graphs/graph_3500_6123250_UNIFORM_9130666990809746335.txt (Time: 0.06s)
📦 COPIED from HDD: /media/HDD/Projects/ExpDFS/graph_3500_6123250_UNIFORM_175493991617213850.txt -> /home/shahbazk/Projects/DFS_Semi_Streaming/input/random_graphs/graph_3500_6123250_UNIFORM_175493991617213850.txt (Time: 0.06s)
📦 COPIED from HDD: /media/HDD/Projects/ExpDFS/graph_3500_6123250_UNIFORM_1392892770529522614.txt -> /home/shahbazk/Projects/DFS_Semi_Streaming/input/random_graphs/graph_3500_6123250_UNIFORM_1392892770529522614.txt (Time: 0.06s)
📦 COPIED from HDD: /media/HDD/Projects/ExpDFS/graph_3500_6123250_UNIFORM_6764066939395682287.txt -> /home/shahbazk/Projects/DFS_Semi_Streaming/input/random_graphs/graph_3500_6123250_UNIFORM_6764066939395682287.txt (Time: 0.06s)
📦 COPIED from HDD: /media/HDD/Projects/ExpDFS/graph_3500_6123250_UNIFORM_7644420139408884785.txt -> /home/shahbazk/Projects/DFS_Semi_Streaming/input/random_graphs/graph_3500_6123250_UNIFORM_7644420139408884785.txt (Time: 0.06s)
📦 COPIED from HDD: /media/HDD/Projects/ExpDFS/graph_3500_6123250_UNIFORM_5108599054664628607.txt -> /home/shahbazk/Projects/DFS_Semi_Streaming/input/random_graphs/graph_3500_6123250_UNIFORM_5108599054664628607.txt (Time: 0.06s)
📦 COPIED from HDD: /media/HDD/Projects/ExpDFS/graph_3500_6123250_UNIFORM_1458186392400727732.txt -> /home/shahbazk/Projects/DFS_Semi_Streaming/input/random_graphs/graph_3500_6123250_UNIFORM_1458186392400727732.txt (Time: 0.06s)
📦 COPIED from HDD: /media/HDD/Projects/ExpDFS/graph_3500_6123250_UNIFORM_9060210648189963449.txt -> /home/shahbazk/Projects/DFS_Semi_Streaming/input/random_graphs/graph_3500_6123250_UNIFORM_9060210648189963449.txt (Time: 0.05s)
📦 COPIED from HDD: /media/HDD/Projects/ExpDFS/graph_3500_6123250_UNIFORM_4250897495980125004.txt -> /home/shahbazk/Projects/DFS_Semi_Streaming/input/random_graphs/graph_3500_6123250_UNIFORM_4250897495980125004.txt (Time: 0.05s)
📦 COPIED from HDD: /media/HDD/Projects/ExpDFS/graph_3500_6123250_UNIFORM_8794274795737982182.txt -> /home/shahbazk/Projects/DFS_Semi_Streaming/input/random_graphs/graph_3500_6123250_UNIFORM_8794274795737982182.txt (Time: 0.05s)
📦 COPIED from HDD: /media/HDD/Projects/ExpDFS/graph_3500_6123250_UNIFORM_2089506265998900862.txt -> /home/shahbazk/Projects/DFS_Semi_Streaming/input/random_graphs/graph_3500_6123250_UNIFORM_2089506265998900862.txt (Time: 0.05s)
📦 COPIED from HDD: /media/HDD/Projects/ExpDFS/graph_3500_6123250_UNIFORM_5497874167834979553.txt -> /home/shahbazk/Projects/DFS_Semi_Streaming/input/random_graphs/graph_3500_6123250_UNIFORM_5497874167834979553.txt (Time: 0.05s)
📦 COPIED from HDD: /media/HDD/Projects/ExpDFS/graph_3500_6123250_UNIFORM_1332005502874566195.txt -> /home/shahbazk/Projects/DFS_Semi_Streaming/input/random_graphs/graph_3500_6123250_UNIFORM_1332005502874566195.txt (Time: 0.05s)
📦 COPIED from HDD: /media/HDD/Projects/ExpDFS/graph_3500_6123250_UNIFORM_1722224698700348310.txt -> /home/shahbazk/Projects/DFS_Semi_Streaming/input/random_graphs/graph_3500_6123250_UNIFORM_1722224698700348310.txt (Time: 0.05s)
📦 COPIED from HDD: /media/HDD/Projects/ExpDFS/graph_3500_6123250_UNIFORM_4060584409398689268.txt -> /home/shahbazk/Projects/DFS_Semi_Streaming/input/random_graphs/graph_3500_6123250_UNIFORM_4060584409398689268.txt (Time: 0.05s)
📦 COPIED from HDD: /media/HDD/Projects/ExpDFS/graph_3500_6123250_UNIFORM_8626102704817790064.txt -> /home/shahbazk/Projects/DFS_Semi_Streaming/input/random_graphs/graph_3500_6123250_UNIFORM_8626102704817790064.txt (Time: 0.05s)
📦 COPIED from HDD: /media/HDD/Projects/ExpDFS/graph_3500_6123250_UNIFORM_7905487461282246979.txt -> /home/shahbazk/Projects/DFS_Semi_Streaming/input/random_graphs/graph_3500_6123250_UNIFORM_7905487461282246979.txt (Time: 0.05s)
📦 COPIED from HDD: /media/HDD/Projects/ExpDFS/graph_3500_6123250_UNIFORM_8448596294177070022.txt -> /home/shahbazk/Projects/DFS_Semi_Streaming/input/random_graphs/graph_3500_6123250_UNIFORM_8448596294177070022.txt (Time: 0.05s)
📦 COPIED from HDD: /media/HDD/Projects/ExpDFS/graph_3500_6123250_UNIFORM_4795749165124911768.txt -> /home/shahbazk/Projects/DFS_Semi_Streaming/input/random_graphs/graph_3500_6123250_UNIFORM_4795749165124911768.txt (Time: 0.06s)
📦 COPIED from HDD: /media/HDD/Projects/ExpDFS/graph_3500_6123250_UNIFORM_4934890601268679176.txt -> /home/shahbazk/Projects/DFS_Semi_Streaming/input/random_graphs/graph_3500_6123250_UNIFORM_4934890601268679176.txt (Time: 0.06s)
📦 COPIED from HDD: /media/HDD/Projects/ExpDFS/graph_3500_6123250_UNIFORM_1992204328026194281.txt -> /home/shahbazk/Projects/DFS_Semi_Streaming/input/random_graphs/graph_3500_6123250_UNIFORM_1992204328026194281.txt (Time: 0.05s)
📦 COPIED from HDD: /media/HDD/Projects/ExpDFS/graph_3500_6123250_UNIFORM_7118744415197196276.txt -> /home/shahbazk/Projects/DFS_Semi_Streaming/input/random_graphs/graph_3500_6123250_UNIFORM_7118744415197196276.txt (Time: 0.06s)
📦 COPIED from HDD: /media/HDD/Projects/ExpDFS/graph_3500_6123250_UNIFORM_2718103348384927511.txt -> /home/shahbazk/Projects/DFS_Semi_Streaming/input/random_graphs/graph_3500_6123250_UNIFORM_2718103348384927511.txt (Time: 0.05s)
📦 COPIED from HDD: /media/HDD/Projects/ExpDFS/graph_3500_6123250_UNIFORM_7449662661572224354.txt -> /home/shahbazk/Projects/DFS_Semi_Streaming/input/random_graphs/graph_3500_6123250_UNIFORM_7449662661572224354.txt (Time: 0.05s)
📦 COPIED from HDD: /media/HDD/Projects/ExpDFS/graph_3500_6123250_UNIFORM_9059990922233379852.txt -> /home/shahbazk/Projects/DFS_Semi_Streaming/input/random_graphs/graph_3500_6123250_UNIFORM_9059990922233379852.txt (Time: 0.05s)
📦 COPIED from HDD: /media/HDD/Projects/ExpDFS/graph_3500_6123250_UNIFORM_3221421291694197220.txt -> /home/shahbazk/Projects/DFS_Semi_Streaming/input/random_graphs/graph_3500_6123250_UNIFORM_3221421291694197220.txt (Time: 0.06s)
📦 COPIED from HDD: /media/HDD/Projects/ExpDFS/graph_3500_6123250_UNIFORM_8867616339855336876.txt -> /home/shahbazk/Projects/DFS_Semi_Streaming/input/random_graphs/graph_3500_6123250_UNIFORM_8867616339855336876.txt (Time: 0.06s)
📦 COPIED from HDD: /media/HDD/Projects/ExpDFS/graph_3500_6123250_UNIFORM_2264398621601381987.txt -> /home/shahbazk/Projects/DFS_Semi_Streaming/input/random_graphs/graph_3500_6123250_UNIFORM_2264398621601381987.txt (Time: 0.06s)
📦 COPIED from HDD: /media/HDD/Projects/ExpDFS/graph_3500_6123250_UNIFORM_5894893360759659423.txt -> /home/shahbazk/Projects/DFS_Semi_Streaming/input/random_graphs/graph_3500_6123250_UNIFORM_5894893360759659423.txt (Time: 0.06s)
📦 COPIED from HDD: /media/HDD/Projects/ExpDFS/graph_3500_6123250_UNIFORM_7983805977214098674.txt -> /home/shahbazk/Projects/DFS_Semi_Streaming/input/random_graphs/graph_3500_6123250_UNIFORM_7983805977214098674.txt (Time: 0.06s)
📦 COPIED from HDD: /media/HDD/Projects/ExpDFS/graph_3500_6123250_UNIFORM_7632458674696225362.txt -> /home/shahbazk/Projects/DFS_Semi_Streaming/input/random_graphs/graph_3500_6123250_UNIFORM_7632458674696225362.txt (Time: 0.06s)
📦 COPIED from HDD: /media/HDD/Projects/ExpDFS/graph_3500_6123250_UNIFORM_4940913311242578590.txt -> /home/shahbazk/Projects/DFS_Semi_Streaming/input/random_graphs/graph_3500_6123250_UNIFORM_4940913311242578590.txt (Time: 0.06s)
📦 COPIED from HDD: /media/HDD/Projects/ExpDFS/graph_4000_7998000_UNIFORM_7871178979383552919.txt -> /home/shahbazk/Projects/DFS_Semi_Streaming/input/random_graphs/graph_4000_7998000_UNIFORM_7871178979383552919.txt (Time: 0.07s)
📦 COPIED from HDD: /media/HDD/Projects/ExpDFS/graph_4000_7998000_UNIFORM_6230961512046992311.txt -> /home/shahbazk/Projects/DFS_Semi_Streaming/input/random_graphs/graph_4000_7998000_UNIFORM_6230961512046992311.txt (Time: 0.07s)
📦 COPIED from HDD: /media/HDD/Projects/ExpDFS/graph_4000_7998000_UNIFORM_5739955973604961613.txt -> /home/shahbazk/Projects/DFS_Semi_Streaming/input/random_graphs/graph_4000_7998000_UNIFORM_5739955973604961613.txt (Time: 0.07s)
📦 COPIED from HDD: /media/HDD/Projects/ExpDFS/graph_4000_7998000_UNIFORM_7032710160631691991.txt -> /home/shahbazk/Projects/DFS_Semi_Streaming/input/random_graphs/graph_4000_7998000_UNIFORM_7032710160631691991.txt (Time: 0.08s)
📦 COPIED from HDD: /media/HDD/Projects/ExpDFS/graph_4000_7998000_UNIFORM_3881801951614183357.txt -> /home/shahbazk/Projects/DFS_Semi_Streaming/input/random_graphs/graph_4000_7998000_UNIFORM_3881801951614183357.txt (Time: 0.07s)
📦 COPIED from HDD: /media/HDD/Projects/ExpDFS/graph_4000_7998000_UNIFORM_1353182403971399009.txt -> /home/shahbazk/Projects/DFS_Semi_Streaming/input/random_graphs/graph_4000_7998000_UNIFORM_1353182403971399009.txt (Time: 0.07s)
📦 COPIED from HDD: /media/HDD/Projects/ExpDFS/graph_4000_7998000_UNIFORM_7599700178212337699.txt -> /home/shahbazk/Projects/DFS_Semi_Streaming/input/random_graphs/graph_4000_7998000_UNIFORM_7599700178212337699.txt (Time: 0.07s)
📦 COPIED from HDD: /media/HDD/Projects/ExpDFS/graph_4000_7998000_UNIFORM_1070244953599069350.txt -> /home/shahbazk/Projects/DFS_Semi_Streaming/input/random_graphs/graph_4000_7998000_UNIFORM_1070244953599069350.txt (Time: 0.07s)
📦 COPIED from HDD: /media/HDD/Projects/ExpDFS/graph_4000_7998000_UNIFORM_6522163754831416203.txt -> /home/shahbazk/Projects/DFS_Semi_Streaming/input/random_graphs/graph_4000_7998000_UNIFORM_6522163754831416203.txt (Time: 0.07s)
📦 COPIED from HDD: /media/HDD/Projects/ExpDFS/graph_4000_7998000_UNIFORM_6938562734920028532.txt -> /home/shahbazk/Projects/DFS_Semi_Streaming/input/random_graphs/graph_4000_7998000_UNIFORM_6938562734920028532.txt (Time: 0.07s)
📦 COPIED from HDD: /media/HDD/Projects/ExpDFS/graph_4000_7998000_UNIFORM_4040737767143389431.txt -> /home/shahbazk/Projects/DFS_Semi_Streaming/input/random_graphs/graph_4000_7998000_UNIFORM_4040737767143389431.txt (Time: 0.07s)
📦 COPIED from HDD: /media/HDD/Projects/ExpDFS/graph_4000_7998000_UNIFORM_1250005700364523649.txt -> /home/shahbazk/Projects/DFS_Semi_Streaming/input/random_graphs/graph_4000_7998000_UNIFORM_1250005700364523649.txt (Time: 0.07s)
📦 COPIED from HDD: /media/HDD/Projects/ExpDFS/graph_4000_7998000_UNIFORM_2429002973740178792.txt -> /home/shahbazk/Projects/DFS_Semi_Streaming/input/random_graphs/graph_4000_7998000_UNIFORM_2429002973740178792.txt (Time: 0.07s)
📦 COPIED from HDD: /media/HDD/Projects/ExpDFS/graph_4000_7998000_UNIFORM_1309542850049879452.txt -> /home/shahbazk/Projects/DFS_Semi_Streaming/input/random_graphs/graph_4000_7998000_UNIFORM_1309542850049879452.txt (Time: 0.12s)
📦 COPIED from HDD: /media/HDD/Projects/ExpDFS/graph_4000_7998000_UNIFORM_7663871783842725848.txt -> /home/shahbazk/Projects/DFS_Semi_Streaming/input/random_graphs/graph_4000_7998000_UNIFORM_7663871783842725848.txt (Time: 0.07s)
📦 COPIED from HDD: /media/HDD/Projects/ExpDFS/graph_4000_7998000_UNIFORM_320375091487821987.txt -> /home/shahbazk/Projects/DFS_Semi_Streaming/input/random_graphs/graph_4000_7998000_UNIFORM_320375091487821987.txt (Time: 0.07s)
📦 COPIED from HDD: /media/HDD/Projects/ExpDFS/graph_4000_7998000_UNIFORM_1250773459040295677.txt -> /home/shahbazk/Projects/DFS_Semi_Streaming/input/random_graphs/graph_4000_7998000_UNIFORM_1250773459040295677.txt (Time: 0.07s)
📦 COPIED from HDD: /media/HDD/Projects/ExpDFS/graph_4000_7998000_UNIFORM_5906957480796939447.txt -> /home/shahbazk/Projects/DFS_Semi_Streaming/input/random_graphs/graph_4000_7998000_UNIFORM_5906957480796939447.txt (Time: 0.07s)
📦 COPIED from HDD: /media/HDD/Projects/ExpDFS/graph_4000_7998000_UNIFORM_7146860528564146064.txt -> /home/shahbazk/Projects/DFS_Semi_Streaming/input/random_graphs/graph_4000_7998000_UNIFORM_7146860528564146064.txt (Time: 0.07s)
📦 COPIED from HDD: /media/HDD/Projects/ExpDFS/graph_4000_7998000_UNIFORM_3438400432146115956.txt -> /home/shahbazk/Projects/DFS_Semi_Streaming/input/random_graphs/graph_4000_7998000_UNIFORM_3438400432146115956.txt (Time: 0.07s)
📦 COPIED from HDD: /media/HDD/Projects/ExpDFS/graph_4000_7998000_UNIFORM_7473196763798409428.txt -> /home/shahbazk/Projects/DFS_Semi_Streaming/input/random_graphs/graph_4000_7998000_UNIFORM_7473196763798409428.txt (Time: 0.08s)
📦 COPIED from HDD: /media/HDD/Projects/ExpDFS/graph_4000_7998000_UNIFORM_5139481885857321791.txt -> /home/shahbazk/Projects/DFS_Semi_Streaming/input/random_graphs/graph_4000_7998000_UNIFORM_5139481885857321791.txt (Time: 0.07s)
📦 COPIED from HDD: /media/HDD/Projects/ExpDFS/graph_4000_7998000_UNIFORM_6002685213311538187.txt -> /home/shahbazk/Projects/DFS_Semi_Streaming/input/random_graphs/graph_4000_7998000_UNIFORM_6002685213311538187.txt (Time: 0.07s)
📦 COPIED from HDD: /media/HDD/Projects/ExpDFS/graph_4000_7998000_UNIFORM_5142811650494845597.txt -> /home/shahbazk/Projects/DFS_Semi_Streaming/input/random_graphs/graph_4000_7998000_UNIFORM_5142811650494845597.txt (Time: 0.07s)
📦 COPIED from HDD: /media/HDD/Projects/ExpDFS/graph_4000_7998000_UNIFORM_3010622984418968408.txt -> /home/shahbazk/Projects/DFS_Semi_Streaming/input/random_graphs/graph_4000_7998000_UNIFORM_3010622984418968408.txt (Time: 0.07s)
📦 COPIED from HDD: /media/HDD/Projects/ExpDFS/graph_4000_7998000_UNIFORM_5708372698381010775.txt -> /home/shahbazk/Projects/DFS_Semi_Streaming/input/random_graphs/graph_4000_7998000_UNIFORM_5708372698381010775.txt (Time: 0.07s)
📦 COPIED from HDD: /media/HDD/Projects/ExpDFS/graph_4000_7998000_UNIFORM_521787134863155063.txt -> /home/shahbazk/Projects/DFS_Semi_Streaming/input/random_graphs/graph_4000_7998000_UNIFORM_521787134863155063.txt (Time: 0.15s)
📦 COPIED from HDD: /media/HDD/Projects/ExpDFS/graph_4000_7998000_UNIFORM_1731523882129807996.txt -> /home/shahbazk/Projects/DFS_Semi_Streaming/input/random_graphs/graph_4000_7998000_UNIFORM_1731523882129807996.txt (Time: 0.09s)
📦 COPIED from HDD: /media/HDD/Projects/ExpDFS/graph_4000_7998000_UNIFORM_1853590723603270879.txt -> /home/shahbazk/Projects/DFS_Semi_Streaming/input/random_graphs/graph_4000_7998000_UNIFORM_1853590723603270879.txt (Time: 0.07s)
📦 COPIED from HDD: /media/HDD/Projects/ExpDFS/graph_4000_7998000_UNIFORM_6785030173969523435.txt -> /home/shahbazk/Projects/DFS_Semi_Streaming/input/random_graphs/graph_4000_7998000_UNIFORM_6785030173969523435.txt (Time: 0.07s)
📦 COPIED from HDD: /media/HDD/Projects/ExpDFS/graph_4000_7998000_UNIFORM_5529616217668449934.txt -> /home/shahbazk/Projects/DFS_Semi_Streaming/input/random_graphs/graph_4000_7998000_UNIFORM_5529616217668449934.txt (Time: 0.07s)
📦 COPIED from HDD: /media/HDD/Projects/ExpDFS/graph_4000_7998000_UNIFORM_7029781962072644698.txt -> /home/shahbazk/Projects/DFS_Semi_Streaming/input/random_graphs/graph_4000_7998000_UNIFORM_7029781962072644698.txt (Time: 0.07s)
📦 COPIED from HDD: /media/HDD/Projects/ExpDFS/graph_4000_7998000_UNIFORM_1647170069535670909.txt -> /home/shahbazk/Projects/DFS_Semi_Streaming/input/random_graphs/graph_4000_7998000_UNIFORM_1647170069535670909.txt (Time: 0.07s)
📦 COPIED from HDD: /media/HDD/Projects/ExpDFS/graph_4000_7998000_UNIFORM_3224265581699847191.txt -> /home/shahbazk/Projects/DFS_Semi_Streaming/input/random_graphs/graph_4000_7998000_UNIFORM_3224265581699847191.txt (Time: 0.07s)
📦 COPIED from HDD: /media/HDD/Projects/ExpDFS/graph_4000_7998000_UNIFORM_1024517563182776983.txt -> /home/shahbazk/Projects/DFS_Semi_Streaming/input/random_graphs/graph_4000_7998000_UNIFORM_1024517563182776983.txt (Time: 0.07s)
📦 COPIED from HDD: /media/HDD/Projects/ExpDFS/graph_4000_7998000_UNIFORM_5258051056098597521.txt -> /home/shahbazk/Projects/DFS_Semi_Streaming/input/random_graphs/graph_4000_7998000_UNIFORM_5258051056098597521.txt (Time: 0.07s)
📦 COPIED from HDD: /media/HDD/Projects/ExpDFS/graph_4000_7998000_UNIFORM_4122784633514911760.txt -> /home/shahbazk/Projects/DFS_Semi_Streaming/input/random_graphs/graph_4000_7998000_UNIFORM_4122784633514911760.txt (Time: 0.07s)
📦 COPIED from HDD: /media/HDD/Projects/ExpDFS/graph_4000_7998000_UNIFORM_7706236040662210848.txt -> /home/shahbazk/Projects/DFS_Semi_Streaming/input/random_graphs/graph_4000_7998000_UNIFORM_7706236040662210848.txt (Time: 0.07s)
📦 COPIED from HDD: /media/HDD/Projects/ExpDFS/graph_4000_7998000_UNIFORM_824387247617288499.txt -> /home/shahbazk/Projects/DFS_Semi_Streaming/input/random_graphs/graph_4000_7998000_UNIFORM_824387247617288499.txt (Time: 0.07s)
📦 COPIED from HDD: /media/HDD/Projects/ExpDFS/graph_4000_7998000_UNIFORM_1632192924771168275.txt -> /home/shahbazk/Projects/DFS_Semi_Streaming/input/random_graphs/graph_4000_7998000_UNIFORM_1632192924771168275.txt (Time: 0.07s)
📦 COPIED from HDD: /media/HDD/Projects/ExpDFS/graph_4000_7998000_UNIFORM_7161906730445628483.txt -> /home/shahbazk/Projects/DFS_Semi_Streaming/input/random_graphs/graph_4000_7998000_UNIFORM_7161906730445628483.txt (Time: 0.07s)
📦 COPIED from HDD: /media/HDD/Projects/ExpDFS/graph_4000_7998000_UNIFORM_4552998297316576788.txt -> /home/shahbazk/Projects/DFS_Semi_Streaming/input/random_graphs/graph_4000_7998000_UNIFORM_4552998297316576788.txt (Time: 0.07s)
📦 COPIED from HDD: /media/HDD/Projects/ExpDFS/graph_4000_7998000_UNIFORM_6802378520969450157.txt -> /home/shahbazk/Projects/DFS_Semi_Streaming/input/random_graphs/graph_4000_7998000_UNIFORM_6802378520969450157.txt (Time: 0.07s)
📦 COPIED from HDD: /media/HDD/Projects/ExpDFS/graph_4000_7998000_UNIFORM_8031431416522537101.txt -> /home/shahbazk/Projects/DFS_Semi_Streaming/input/random_graphs/graph_4000_7998000_UNIFORM_8031431416522537101.txt (Time: 0.07s)
📦 COPIED from HDD: /media/HDD/Projects/ExpDFS/graph_4000_7998000_UNIFORM_6143643868734370809.txt -> /home/shahbazk/Projects/DFS_Semi_Streaming/input/random_graphs/graph_4000_7998000_UNIFORM_6143643868734370809.txt (Time: 0.07s)
📦 COPIED from HDD: /media/HDD/Projects/ExpDFS/graph_4000_7998000_UNIFORM_3272308573967577038.txt -> /home/shahbazk/Projects/DFS_Semi_Streaming/input/random_graphs/graph_4000_7998000_UNIFORM_3272308573967577038.txt (Time: 0.07s)
📦 COPIED from HDD: /media/HDD/Projects/ExpDFS/graph_4000_7998000_UNIFORM_5636411189175451024.txt -> /home/shahbazk/Projects/DFS_Semi_Streaming/input/random_graphs/graph_4000_7998000_UNIFORM_5636411189175451024.txt (Time: 0.07s)
📦 COPIED from HDD: /media/HDD/Projects/ExpDFS/graph_4000_7998000_UNIFORM_7938560551762094560.txt -> /home/shahbazk/Projects/DFS_Semi_Streaming/input/random_graphs/graph_4000_7998000_UNIFORM_7938560551762094560.txt (Time: 0.07s)
📦 COPIED from HDD: /media/HDD/Projects/ExpDFS/graph_4000_7998000_UNIFORM_5349491008325879064.txt -> /home/shahbazk/Projects/DFS_Semi_Streaming/input/random_graphs/graph_4000_7998000_UNIFORM_5349491008325879064.txt (Time: 0.07s)
📦 COPIED from HDD: /media/HDD/Projects/ExpDFS/graph_4000_7998000_UNIFORM_6614505080519948832.txt -> /home/shahbazk/Projects/DFS_Semi_Streaming/input/random_graphs/graph_4000_7998000_UNIFORM_6614505080519948832.txt (Time: 0.07s)
📦 COPIED from HDD: /media/HDD/Projects/ExpDFS/graph_4000_7998000_UNIFORM_7917045922527545890.txt -> /home/shahbazk/Projects/DFS_Semi_Streaming/input/random_graphs/graph_4000_7998000_UNIFORM_7917045922527545890.txt (Time: 0.07s)
📦 COPIED from HDD: /media/HDD/Projects/ExpDFS/graph_4000_7998000_UNIFORM_3865339568260874865.txt -> /home/shahbazk/Projects/DFS_Semi_Streaming/input/random_graphs/graph_4000_7998000_UNIFORM_3865339568260874865.txt (Time: 0.07s)
📦 COPIED from HDD: /media/HDD/Projects/ExpDFS/graph_4000_7998000_UNIFORM_4445925461710302877.txt -> /home/shahbazk/Projects/DFS_Semi_Streaming/input/random_graphs/graph_4000_7998000_UNIFORM_4445925461710302877.txt (Time: 0.07s)
📦 COPIED from HDD: /media/HDD/Projects/ExpDFS/graph_4000_7998000_UNIFORM_7921282862123281598.txt -> /home/shahbazk/Projects/DFS_Semi_Streaming/input/random_graphs/graph_4000_7998000_UNIFORM_7921282862123281598.txt (Time: 0.07s)
📦 COPIED from HDD: /media/HDD/Projects/ExpDFS/graph_4000_7998000_UNIFORM_1128313391724783137.txt -> /home/shahbazk/Projects/DFS_Semi_Streaming/input/random_graphs/graph_4000_7998000_UNIFORM_1128313391724783137.txt (Time: 0.07s)
📦 COPIED from HDD: /media/HDD/Projects/ExpDFS/graph_4000_7998000_UNIFORM_6224222471595207695.txt -> /home/shahbazk/Projects/DFS_Semi_Streaming/input/random_graphs/graph_4000_7998000_UNIFORM_6224222471595207695.txt (Time: 0.07s)
📦 COPIED from HDD: /media/HDD/Projects/ExpDFS/graph_4000_7998000_UNIFORM_8718380604043999642.txt -> /home/shahbazk/Projects/DFS_Semi_Streaming/input/random_graphs/graph_4000_7998000_UNIFORM_8718380604043999642.txt (Time: 0.07s)
📦 COPIED from HDD: /media/HDD/Projects/ExpDFS/graph_4000_7998000_UNIFORM_716820155901718944.txt -> /home/shahbazk/Projects/DFS_Semi_Streaming/input/random_graphs/graph_4000_7998000_UNIFORM_716820155901718944.txt (Time: 0.07s)
📦 COPIED from HDD: /media/HDD/Projects/ExpDFS/graph_4000_7998000_UNIFORM_8446481348147407377.txt -> /home/shahbazk/Projects/DFS_Semi_Streaming/input/random_graphs/graph_4000_7998000_UNIFORM_8446481348147407377.txt (Time: 0.07s)
📦 COPIED from HDD: /media/HDD/Projects/ExpDFS/graph_4000_7998000_UNIFORM_5063475852268941542.txt -> /home/shahbazk/Projects/DFS_Semi_Streaming/input/random_graphs/graph_4000_7998000_UNIFORM_5063475852268941542.txt (Time: 0.08s)
📦 COPIED from HDD: /media/HDD/Projects/ExpDFS/graph_4000_7998000_UNIFORM_4997514996153925447.txt -> /home/shahbazk/Projects/DFS_Semi_Streaming/input/random_graphs/graph_4000_7998000_UNIFORM_4997514996153925447.txt (Time: 0.07s)
📦 COPIED from HDD: /media/HDD/Projects/ExpDFS/graph_4000_7998000_UNIFORM_3817405844514670994.txt -> /home/shahbazk/Projects/DFS_Semi_Streaming/input/random_graphs/graph_4000_7998000_UNIFORM_3817405844514670994.txt (Time: 0.07s)
📦 COPIED from HDD: /media/HDD/Projects/ExpDFS/graph_4000_7998000_UNIFORM_6529943913552561417.txt -> /home/shahbazk/Projects/DFS_Semi_Streaming/input/random_graphs/graph_4000_7998000_UNIFORM_6529943913552561417.txt (Time: 0.07s)
📦 COPIED from HDD: /media/HDD/Projects/ExpDFS/graph_4000_7998000_UNIFORM_2909934787168262407.txt -> /home/shahbazk/Projects/DFS_Semi_Streaming/input/random_graphs/graph_4000_7998000_UNIFORM_2909934787168262407.txt (Time: 0.07s)
📦 COPIED from HDD: /media/HDD/Projects/ExpDFS/graph_4000_7998000_UNIFORM_6022436717541034636.txt -> /home/shahbazk/Projects/DFS_Semi_Streaming/input/random_graphs/graph_4000_7998000_UNIFORM_6022436717541034636.txt (Time: 0.07s)
📦 COPIED from HDD: /media/HDD/Projects/ExpDFS/graph_4000_7998000_UNIFORM_1170385908854608748.txt -> /home/shahbazk/Projects/DFS_Semi_Streaming/input/random_graphs/graph_4000_7998000_UNIFORM_1170385908854608748.txt (Time: 0.07s)
📦 COPIED from HDD: /media/HDD/Projects/ExpDFS/graph_4000_7998000_UNIFORM_3713827327871807734.txt -> /home/shahbazk/Projects/DFS_Semi_Streaming/input/random_graphs/graph_4000_7998000_UNIFORM_3713827327871807734.txt (Time: 0.07s)
📦 COPIED from HDD: /media/HDD/Projects/ExpDFS/graph_4000_7998000_UNIFORM_199422815561151340.txt -> /home/shahbazk/Projects/DFS_Semi_Streaming/input/random_graphs/graph_4000_7998000_UNIFORM_199422815561151340.txt (Time: 0.07s)
📦 COPIED from HDD: /media/HDD/Projects/ExpDFS/graph_4000_7998000_UNIFORM_175493991617213850.txt -> /home/shahbazk/Projects/DFS_Semi_Streaming/input/random_graphs/graph_4000_7998000_UNIFORM_175493991617213850.txt (Time: 0.07s)
📦 COPIED from HDD: /media/HDD/Projects/ExpDFS/graph_4000_7998000_UNIFORM_5108599054664628607.txt -> /home/shahbazk/Projects/DFS_Semi_Streaming/input/random_graphs/graph_4000_7998000_UNIFORM_5108599054664628607.txt (Time: 0.07s)
📦 COPIED from HDD: /media/HDD/Projects/ExpDFS/graph_4000_7998000_UNIFORM_6764066939395682287.txt -> /home/shahbazk/Projects/DFS_Semi_Streaming/input/random_graphs/graph_4000_7998000_UNIFORM_6764066939395682287.txt (Time: 0.07s)
📦 COPIED from HDD: /media/HDD/Projects/ExpDFS/graph_4000_7998000_UNIFORM_9130666990809746335.txt -> /home/shahbazk/Projects/DFS_Semi_Streaming/input/random_graphs/graph_4000_7998000_UNIFORM_9130666990809746335.txt (Time: 0.07s)
📦 COPIED from HDD: /media/HDD/Projects/ExpDFS/graph_4000_7998000_UNIFORM_7644420139408884785.txt -> /home/shahbazk/Projects/DFS_Semi_Streaming/input/random_graphs/graph_4000_7998000_UNIFORM_7644420139408884785.txt (Time: 0.07s)
📦 COPIED from HDD: /media/HDD/Projects/ExpDFS/graph_4000_7998000_UNIFORM_1458186392400727732.txt -> /home/shahbazk/Projects/DFS_Semi_Streaming/input/random_graphs/graph_4000_7998000_UNIFORM_1458186392400727732.txt (Time: 0.07s)
📦 COPIED from HDD: /media/HDD/Projects/ExpDFS/graph_4000_7998000_UNIFORM_1392892770529522614.txt -> /home/shahbazk/Projects/DFS_Semi_Streaming/input/random_graphs/graph_4000_7998000_UNIFORM_1392892770529522614.txt (Time: 0.08s)
📦 COPIED from HDD: /media/HDD/Projects/ExpDFS/graph_4000_7998000_UNIFORM_9060210648189963449.txt -> /home/shahbazk/Projects/DFS_Semi_Streaming/input/random_graphs/graph_4000_7998000_UNIFORM_9060210648189963449.txt (Time: 0.08s)
📦 COPIED from HDD: /media/HDD/Projects/ExpDFS/graph_4000_7998000_UNIFORM_4250897495980125004.txt -> /home/shahbazk/Projects/DFS_Semi_Streaming/input/random_graphs/graph_4000_7998000_UNIFORM_4250897495980125004.txt (Time: 0.07s)
📦 COPIED from HDD: /media/HDD/Projects/ExpDFS/graph_4000_7998000_UNIFORM_8794274795737982182.txt -> /home/shahbazk/Projects/DFS_Semi_Streaming/input/random_graphs/graph_4000_7998000_UNIFORM_8794274795737982182.txt (Time: 0.07s)
📦 COPIED from HDD: /media/HDD/Projects/ExpDFS/graph_4000_7998000_UNIFORM_2089506265998900862.txt -> /home/shahbazk/Projects/DFS_Semi_Streaming/input/random_graphs/graph_4000_7998000_UNIFORM_2089506265998900862.txt (Time: 0.07s)
📦 COPIED from HDD: /media/HDD/Projects/ExpDFS/graph_4000_7998000_UNIFORM_4060584409398689268.txt -> /home/shahbazk/Projects/DFS_Semi_Streaming/input/random_graphs/graph_4000_7998000_UNIFORM_4060584409398689268.txt (Time: 0.07s)
📦 COPIED from HDD: /media/HDD/Projects/ExpDFS/graph_4000_7998000_UNIFORM_5497874167834979553.txt -> /home/shahbazk/Projects/DFS_Semi_Streaming/input/random_graphs/graph_4000_7998000_UNIFORM_5497874167834979553.txt (Time: 0.07s)
📦 COPIED from HDD: /media/HDD/Projects/ExpDFS/graph_4000_7998000_UNIFORM_1332005502874566195.txt -> /home/shahbazk/Projects/DFS_Semi_Streaming/input/random_graphs/graph_4000_7998000_UNIFORM_1332005502874566195.txt (Time: 0.07s)
📦 COPIED from HDD: /media/HDD/Projects/ExpDFS/graph_4000_7998000_UNIFORM_1722224698700348310.txt -> /home/shahbazk/Projects/DFS_Semi_Streaming/input/random_graphs/graph_4000_7998000_UNIFORM_1722224698700348310.txt (Time: 0.07s)
📦 COPIED from HDD: /media/HDD/Projects/ExpDFS/graph_4000_7998000_UNIFORM_8448596294177070022.txt -> /home/shahbazk/Projects/DFS_Semi_Streaming/input/random_graphs/graph_4000_7998000_UNIFORM_8448596294177070022.txt (Time: 0.07s)
📦 COPIED from HDD: /media/HDD/Projects/ExpDFS/graph_4000_7998000_UNIFORM_8626102704817790064.txt -> /home/shahbazk/Projects/DFS_Semi_Streaming/input/random_graphs/graph_4000_7998000_UNIFORM_8626102704817790064.txt (Time: 0.07s)
📦 COPIED from HDD: /media/HDD/Projects/ExpDFS/graph_4000_7998000_UNIFORM_7905487461282246979.txt -> /home/shahbazk/Projects/DFS_Semi_Streaming/input/random_graphs/graph_4000_7998000_UNIFORM_7905487461282246979.txt (Time: 0.07s)
📦 COPIED from HDD: /media/HDD/Projects/ExpDFS/graph_4000_7998000_UNIFORM_4795749165124911768.txt -> /home/shahbazk/Projects/DFS_Semi_Streaming/input/random_graphs/graph_4000_7998000_UNIFORM_4795749165124911768.txt (Time: 0.07s)
📦 COPIED from HDD: /media/HDD/Projects/ExpDFS/graph_4000_7998000_UNIFORM_1992204328026194281.txt -> /home/shahbazk/Projects/DFS_Semi_Streaming/input/random_graphs/graph_4000_7998000_UNIFORM_1992204328026194281.txt (Time: 0.07s)
📦 COPIED from HDD: /media/HDD/Projects/ExpDFS/graph_4000_7998000_UNIFORM_4934890601268679176.txt -> /home/shahbazk/Projects/DFS_Semi_Streaming/input/random_graphs/graph_4000_7998000_UNIFORM_4934890601268679176.txt (Time: 0.07s)
📦 COPIED from HDD: /media/HDD/Projects/ExpDFS/graph_4000_7998000_UNIFORM_7118744415197196276.txt -> /home/shahbazk/Projects/DFS_Semi_Streaming/input/random_graphs/graph_4000_7998000_UNIFORM_7118744415197196276.txt (Time: 0.07s)
📦 COPIED from HDD: /media/HDD/Projects/ExpDFS/graph_4000_7998000_UNIFORM_2718103348384927511.txt -> /home/shahbazk/Projects/DFS_Semi_Streaming/input/random_graphs/graph_4000_7998000_UNIFORM_2718103348384927511.txt (Time: 0.07s)
📦 COPIED from HDD: /media/HDD/Projects/ExpDFS/graph_4000_7998000_UNIFORM_9059990922233379852.txt -> /home/shahbazk/Projects/DFS_Semi_Streaming/input/random_graphs/graph_4000_7998000_UNIFORM_9059990922233379852.txt (Time: 0.07s)
📦 COPIED from HDD: /media/HDD/Projects/ExpDFS/graph_4000_7998000_UNIFORM_7449662661572224354.txt -> /home/shahbazk/Projects/DFS_Semi_Streaming/input/random_graphs/graph_4000_7998000_UNIFORM_7449662661572224354.txt (Time: 0.07s)
📦 COPIED from HDD: /media/HDD/Projects/ExpDFS/graph_4000_7998000_UNIFORM_3221421291694197220.txt -> /home/shahbazk/Projects/DFS_Semi_Streaming/input/random_graphs/graph_4000_7998000_UNIFORM_3221421291694197220.txt (Time: 0.07s)
📦 COPIED from HDD: /media/HDD/Projects/ExpDFS/graph_4000_7998000_UNIFORM_5894893360759659423.txt -> /home/shahbazk/Projects/DFS_Semi_Streaming/input/random_graphs/graph_4000_7998000_UNIFORM_5894893360759659423.txt (Time: 0.07s)
📦 COPIED from HDD: /media/HDD/Projects/ExpDFS/graph_4000_7998000_UNIFORM_8867616339855336876.txt -> /home/shahbazk/Projects/DFS_Semi_Streaming/input/random_graphs/graph_4000_7998000_UNIFORM_8867616339855336876.txt (Time: 0.07s)
📦 COPIED from HDD: /media/HDD/Projects/ExpDFS/graph_4000_7998000_UNIFORM_7983805977214098674.txt -> /home/shahbazk/Projects/DFS_Semi_Streaming/input/random_graphs/graph_4000_7998000_UNIFORM_7983805977214098674.txt (Time: 0.07s)
📦 COPIED from HDD: /media/HDD/Projects/ExpDFS/graph_4000_7998000_UNIFORM_4940913311242578590.txt -> /home/shahbazk/Projects/DFS_Semi_Streaming/input/random_graphs/graph_4000_7998000_UNIFORM_4940913311242578590.txt (Time: 0.07s)
📦 COPIED from HDD: /media/HDD/Projects/ExpDFS/graph_4000_7998000_UNIFORM_2264398621601381987.txt -> /home/shahbazk/Projects/DFS_Semi_Streaming/input/random_graphs/graph_4000_7998000_UNIFORM_2264398621601381987.txt (Time: 0.07s)
📦 COPIED from HDD: /media/HDD/Projects/ExpDFS/graph_4000_7998000_UNIFORM_7632458674696225362.txt -> /home/shahbazk/Projects/DFS_Semi_Streaming/input/random_graphs/graph_4000_7998000_UNIFORM_7632458674696225362.txt (Time: 0.06s)
📦 COPIED from HDD: /media/HDD/Projects/ExpDFS/graph_4500_10122750_UNIFORM_7871178979383552919.txt -> /home/shahbazk/Projects/DFS_Semi_Streaming/input/random_graphs/graph_4500_10122750_UNIFORM_7871178979383552919.txt (Time: 0.09s)
📦 COPIED from HDD: /media/HDD/Projects/ExpDFS/graph_4500_10122750_UNIFORM_5739955973604961613.txt -> /home/shahbazk/Projects/DFS_Semi_Streaming/input/random_graphs/graph_4500_10122750_UNIFORM_5739955973604961613.txt (Time: 0.09s)
📦 COPIED from HDD: /media/HDD/Projects/ExpDFS/graph_4500_10122750_UNIFORM_3881801951614183357.txt -> /home/shahbazk/Projects/DFS_Semi_Streaming/input/random_graphs/graph_4500_10122750_UNIFORM_3881801951614183357.txt (Time: 0.09s)
📦 COPIED from HDD: /media/HDD/Projects/ExpDFS/graph_4500_10122750_UNIFORM_7032710160631691991.txt -> /home/shahbazk/Projects/DFS_Semi_Streaming/input/random_graphs/graph_4500_10122750_UNIFORM_7032710160631691991.txt (Time: 0.09s)
📦 COPIED from HDD: /media/HDD/Projects/ExpDFS/graph_4500_10122750_UNIFORM_6230961512046992311.txt -> /home/shahbazk/Projects/DFS_Semi_Streaming/input/random_graphs/graph_4500_10122750_UNIFORM_6230961512046992311.txt (Time: 0.09s)
📦 COPIED from HDD: /media/HDD/Projects/ExpDFS/graph_4500_10122750_UNIFORM_7599700178212337699.txt -> /home/shahbazk/Projects/DFS_Semi_Streaming/input/random_graphs/graph_4500_10122750_UNIFORM_7599700178212337699.txt (Time: 0.09s)
📦 COPIED from HDD: /media/HDD/Projects/ExpDFS/graph_4500_10122750_UNIFORM_1070244953599069350.txt -> /home/shahbazk/Projects/DFS_Semi_Streaming/input/random_graphs/graph_4500_10122750_UNIFORM_1070244953599069350.txt (Time: 0.09s)
📦 COPIED from HDD: /media/HDD/Projects/ExpDFS/graph_4500_10122750_UNIFORM_1353182403971399009.txt -> /home/shahbazk/Projects/DFS_Semi_Streaming/input/random_graphs/graph_4500_10122750_UNIFORM_1353182403971399009.txt (Time: 0.09s)
📦 COPIED from HDD: /media/HDD/Projects/ExpDFS/graph_4500_10122750_UNIFORM_4040737767143389431.txt -> /home/shahbazk/Projects/DFS_Semi_Streaming/input/random_graphs/graph_4500_10122750_UNIFORM_4040737767143389431.txt (Time: 0.09s)
📦 COPIED from HDD: /media/HDD/Projects/ExpDFS/graph_4500_10122750_UNIFORM_6938562734920028532.txt -> /home/shahbazk/Projects/DFS_Semi_Streaming/input/random_graphs/graph_4500_10122750_UNIFORM_6938562734920028532.txt (Time: 0.09s)
📦 COPIED from HDD: /media/HDD/Projects/ExpDFS/graph_4500_10122750_UNIFORM_6522163754831416203.txt -> /home/shahbazk/Projects/DFS_Semi_Streaming/input/random_graphs/graph_4500_10122750_UNIFORM_6522163754831416203.txt (Time: 0.09s)
📦 COPIED from HDD: /media/HDD/Projects/ExpDFS/graph_4500_10122750_UNIFORM_1250005700364523649.txt -> /home/shahbazk/Projects/DFS_Semi_Streaming/input/random_graphs/graph_4500_10122750_UNIFORM_1250005700364523649.txt (Time: 0.09s)
📦 COPIED from HDD: /media/HDD/Projects/ExpDFS/graph_4500_10122750_UNIFORM_1309542850049879452.txt -> /home/shahbazk/Projects/DFS_Semi_Streaming/input/random_graphs/graph_4500_10122750_UNIFORM_1309542850049879452.txt (Time: 0.10s)
📦 COPIED from HDD: /media/HDD/Projects/ExpDFS/graph_4500_10122750_UNIFORM_2429002973740178792.txt -> /home/shahbazk/Projects/DFS_Semi_Streaming/input/random_graphs/graph_4500_10122750_UNIFORM_2429002973740178792.txt (Time: 0.09s)
📦 COPIED from HDD: /media/HDD/Projects/ExpDFS/graph_4500_10122750_UNIFORM_320375091487821987.txt -> /home/shahbazk/Projects/DFS_Semi_Streaming/input/random_graphs/graph_4500_10122750_UNIFORM_320375091487821987.txt (Time: 0.09s)
📦 COPIED from HDD: /media/HDD/Projects/ExpDFS/graph_4500_10122750_UNIFORM_7663871783842725848.txt -> /home/shahbazk/Projects/DFS_Semi_Streaming/input/random_graphs/graph_4500_10122750_UNIFORM_7663871783842725848.txt (Time: 0.09s)
📦 COPIED from HDD: /media/HDD/Projects/ExpDFS/graph_4500_10122750_UNIFORM_5906957480796939447.txt -> /home/shahbazk/Projects/DFS_Semi_Streaming/input/random_graphs/graph_4500_10122750_UNIFORM_5906957480796939447.txt (Time: 0.09s)
📦 COPIED from HDD: /media/HDD/Projects/ExpDFS/graph_4500_10122750_UNIFORM_1250773459040295677.txt -> /home/shahbazk/Projects/DFS_Semi_Streaming/input/random_graphs/graph_4500_10122750_UNIFORM_1250773459040295677.txt (Time: 0.09s)
📦 COPIED from HDD: /media/HDD/Projects/ExpDFS/graph_4500_10122750_UNIFORM_7473196763798409428.txt -> /home/shahbazk/Projects/DFS_Semi_Streaming/input/random_graphs/graph_4500_10122750_UNIFORM_7473196763798409428.txt (Time: 0.10s)
📦 COPIED from HDD: /media/HDD/Projects/ExpDFS/graph_4500_10122750_UNIFORM_3438400432146115956.txt -> /home/shahbazk/Projects/DFS_Semi_Streaming/input/random_graphs/graph_4500_10122750_UNIFORM_3438400432146115956.txt (Time: 0.09s)
📦 COPIED from HDD: /media/HDD/Projects/ExpDFS/graph_4500_10122750_UNIFORM_7146860528564146064.txt -> /home/shahbazk/Projects/DFS_Semi_Streaming/input/random_graphs/graph_4500_10122750_UNIFORM_7146860528564146064.txt (Time: 0.09s)
📦 COPIED from HDD: /media/HDD/Projects/ExpDFS/graph_4500_10122750_UNIFORM_5139481885857321791.txt -> /home/shahbazk/Projects/DFS_Semi_Streaming/input/random_graphs/graph_4500_10122750_UNIFORM_5139481885857321791.txt (Time: 0.09s)
📦 COPIED from HDD: /media/HDD/Projects/ExpDFS/graph_4500_10122750_UNIFORM_5142811650494845597.txt -> /home/shahbazk/Projects/DFS_Semi_Streaming/input/random_graphs/graph_4500_10122750_UNIFORM_5142811650494845597.txt (Time: 0.09s)
📦 COPIED from HDD: /media/HDD/Projects/ExpDFS/graph_4500_10122750_UNIFORM_3010622984418968408.txt -> /home/shahbazk/Projects/DFS_Semi_Streaming/input/random_graphs/graph_4500_10122750_UNIFORM_3010622984418968408.txt (Time: 0.09s)
📦 COPIED from HDD: /media/HDD/Projects/ExpDFS/graph_4500_10122750_UNIFORM_6002685213311538187.txt -> /home/shahbazk/Projects/DFS_Semi_Streaming/input/random_graphs/graph_4500_10122750_UNIFORM_6002685213311538187.txt (Time: 0.09s)
📦 COPIED from HDD: /media/HDD/Projects/ExpDFS/graph_4500_10122750_UNIFORM_5708372698381010775.txt -> /home/shahbazk/Projects/DFS_Semi_Streaming/input/random_graphs/graph_4500_10122750_UNIFORM_5708372698381010775.txt (Time: 0.09s)
📦 COPIED from HDD: /media/HDD/Projects/ExpDFS/graph_4500_10122750_UNIFORM_521787134863155063.txt -> /home/shahbazk/Projects/DFS_Semi_Streaming/input/random_graphs/graph_4500_10122750_UNIFORM_521787134863155063.txt (Time: 0.09s)
📦 COPIED from HDD: /media/HDD/Projects/ExpDFS/graph_4500_10122750_UNIFORM_1731523882129807996.txt -> /home/shahbazk/Projects/DFS_Semi_Streaming/input/random_graphs/graph_4500_10122750_UNIFORM_1731523882129807996.txt (Time: 0.09s)
📦 COPIED from HDD: /media/HDD/Projects/ExpDFS/graph_4500_10122750_UNIFORM_1853590723603270879.txt -> /home/shahbazk/Projects/DFS_Semi_Streaming/input/random_graphs/graph_4500_10122750_UNIFORM_1853590723603270879.txt (Time: 0.09s)
📦 COPIED from HDD: /media/HDD/Projects/ExpDFS/graph_4500_10122750_UNIFORM_6785030173969523435.txt -> /home/shahbazk/Projects/DFS_Semi_Streaming/input/random_graphs/graph_4500_10122750_UNIFORM_6785030173969523435.txt (Time: 0.09s)
📦 COPIED from HDD: /media/HDD/Projects/ExpDFS/graph_4500_10122750_UNIFORM_7029781962072644698.txt -> /home/shahbazk/Projects/DFS_Semi_Streaming/input/random_graphs/graph_4500_10122750_UNIFORM_7029781962072644698.txt (Time: 0.09s)
📦 COPIED from HDD: /media/HDD/Projects/ExpDFS/graph_4500_10122750_UNIFORM_1024517563182776983.txt -> /home/shahbazk/Projects/DFS_Semi_Streaming/input/random_graphs/graph_4500_10122750_UNIFORM_1024517563182776983.txt (Time: 0.09s)
📦 COPIED from HDD: /media/HDD/Projects/ExpDFS/graph_4500_10122750_UNIFORM_5529616217668449934.txt -> /home/shahbazk/Projects/DFS_Semi_Streaming/input/random_graphs/graph_4500_10122750_UNIFORM_5529616217668449934.txt (Time: 0.09s)
📦 COPIED from HDD: /media/HDD/Projects/ExpDFS/graph_4500_10122750_UNIFORM_3224265581699847191.txt -> /home/shahbazk/Projects/DFS_Semi_Streaming/input/random_graphs/graph_4500_10122750_UNIFORM_3224265581699847191.txt (Time: 0.09s)
📦 COPIED from HDD: /media/HDD/Projects/ExpDFS/graph_4500_10122750_UNIFORM_5258051056098597521.txt -> /home/shahbazk/Projects/DFS_Semi_Streaming/input/random_graphs/graph_4500_10122750_UNIFORM_5258051056098597521.txt (Time: 0.09s)
📦 COPIED from HDD: /media/HDD/Projects/ExpDFS/graph_4500_10122750_UNIFORM_1647170069535670909.txt -> /home/shahbazk/Projects/DFS_Semi_Streaming/input/random_graphs/graph_4500_10122750_UNIFORM_1647170069535670909.txt (Time: 0.09s)
📦 COPIED from HDD: /media/HDD/Projects/ExpDFS/graph_4500_10122750_UNIFORM_4122784633514911760.txt -> /home/shahbazk/Projects/DFS_Semi_Streaming/input/random_graphs/graph_4500_10122750_UNIFORM_4122784633514911760.txt (Time: 0.09s)
📦 COPIED from HDD: /media/HDD/Projects/ExpDFS/graph_4500_10122750_UNIFORM_7706236040662210848.txt -> /home/shahbazk/Projects/DFS_Semi_Streaming/input/random_graphs/graph_4500_10122750_UNIFORM_7706236040662210848.txt (Time: 0.09s)
📦 COPIED from HDD: /media/HDD/Projects/ExpDFS/graph_4500_10122750_UNIFORM_824387247617288499.txt -> /home/shahbazk/Projects/DFS_Semi_Streaming/input/random_graphs/graph_4500_10122750_UNIFORM_824387247617288499.txt (Time: 0.09s)
📦 COPIED from HDD: /media/HDD/Projects/ExpDFS/graph_4500_10122750_UNIFORM_7161906730445628483.txt -> /home/shahbazk/Projects/DFS_Semi_Streaming/input/random_graphs/graph_4500_10122750_UNIFORM_7161906730445628483.txt (Time: 0.09s)
📦 COPIED from HDD: /media/HDD/Projects/ExpDFS/graph_4500_10122750_UNIFORM_1632192924771168275.txt -> /home/shahbazk/Projects/DFS_Semi_Streaming/input/random_graphs/graph_4500_10122750_UNIFORM_1632192924771168275.txt (Time: 0.09s)
📦 COPIED from HDD: /media/HDD/Projects/ExpDFS/graph_4500_10122750_UNIFORM_6802378520969450157.txt -> /home/shahbazk/Projects/DFS_Semi_Streaming/input/random_graphs/graph_4500_10122750_UNIFORM_6802378520969450157.txt (Time: 0.18s)
📦 COPIED from HDD: /media/HDD/Projects/ExpDFS/graph_4500_10122750_UNIFORM_3272308573967577038.txt -> /home/shahbazk/Projects/DFS_Semi_Streaming/input/random_graphs/graph_4500_10122750_UNIFORM_3272308573967577038.txt (Time: 0.09s)
📦 COPIED from HDD: /media/HDD/Projects/ExpDFS/graph_4500_10122750_UNIFORM_8031431416522537101.txt -> /home/shahbazk/Projects/DFS_Semi_Streaming/input/random_graphs/graph_4500_10122750_UNIFORM_8031431416522537101.txt (Time: 0.09s)
📦 COPIED from HDD: /media/HDD/Projects/ExpDFS/graph_4500_10122750_UNIFORM_4552998297316576788.txt -> /home/shahbazk/Projects/DFS_Semi_Streaming/input/random_graphs/graph_4500_10122750_UNIFORM_4552998297316576788.txt (Time: 0.09s)
📦 COPIED from HDD: /media/HDD/Projects/ExpDFS/graph_4500_10122750_UNIFORM_7938560551762094560.txt -> /home/shahbazk/Projects/DFS_Semi_Streaming/input/random_graphs/graph_4500_10122750_UNIFORM_7938560551762094560.txt (Time: 0.09s)
📦 COPIED from HDD: /media/HDD/Projects/ExpDFS/graph_4500_10122750_UNIFORM_7917045922527545890.txt -> /home/shahbazk/Projects/DFS_Semi_Streaming/input/random_graphs/graph_4500_10122750_UNIFORM_7917045922527545890.txt (Time: 0.09s)
📦 COPIED from HDD: /media/HDD/Projects/ExpDFS/graph_4500_10122750_UNIFORM_5636411189175451024.txt -> /home/shahbazk/Projects/DFS_Semi_Streaming/input/random_graphs/graph_4500_10122750_UNIFORM_5636411189175451024.txt (Time: 0.09s)
📦 COPIED from HDD: /media/HDD/Projects/ExpDFS/graph_4500_10122750_UNIFORM_5349491008325879064.txt -> /home/shahbazk/Projects/DFS_Semi_Streaming/input/random_graphs/graph_4500_10122750_UNIFORM_5349491008325879064.txt (Time: 0.09s)
📦 COPIED from HDD: /media/HDD/Projects/ExpDFS/graph_4500_10122750_UNIFORM_6143643868734370809.txt -> /home/shahbazk/Projects/DFS_Semi_Streaming/input/random_graphs/graph_4500_10122750_UNIFORM_6143643868734370809.txt (Time: 0.09s)
📦 COPIED from HDD: /media/HDD/Projects/ExpDFS/graph_4500_10122750_UNIFORM_6614505080519948832.txt -> /home/shahbazk/Projects/DFS_Semi_Streaming/input/random_graphs/graph_4500_10122750_UNIFORM_6614505080519948832.txt (Time: 0.09s)
📦 COPIED from HDD: /media/HDD/Projects/ExpDFS/graph_4500_10122750_UNIFORM_7921282862123281598.txt -> /home/shahbazk/Projects/DFS_Semi_Streaming/input/random_graphs/graph_4500_10122750_UNIFORM_7921282862123281598.txt (Time: 0.09s)
📦 COPIED from HDD: /media/HDD/Projects/ExpDFS/graph_4500_10122750_UNIFORM_4445925461710302877.txt -> /home/shahbazk/Projects/DFS_Semi_Streaming/input/random_graphs/graph_4500_10122750_UNIFORM_4445925461710302877.txt (Time: 0.09s)
📦 COPIED from HDD: /media/HDD/Projects/ExpDFS/graph_4500_10122750_UNIFORM_6224222471595207695.txt -> /home/shahbazk/Projects/DFS_Semi_Streaming/input/random_graphs/graph_4500_10122750_UNIFORM_6224222471595207695.txt (Time: 0.09s)
📦 COPIED from HDD: /media/HDD/Projects/ExpDFS/graph_4500_10122750_UNIFORM_3865339568260874865.txt -> /home/shahbazk/Projects/DFS_Semi_Streaming/input/random_graphs/graph_4500_10122750_UNIFORM_3865339568260874865.txt (Time: 0.09s)
📦 COPIED from HDD: /media/HDD/Projects/ExpDFS/graph_4500_10122750_UNIFORM_716820155901718944.txt -> /home/shahbazk/Projects/DFS_Semi_Streaming/input/random_graphs/graph_4500_10122750_UNIFORM_716820155901718944.txt (Time: 0.09s)
📦 COPIED from HDD: /media/HDD/Projects/ExpDFS/graph_4500_10122750_UNIFORM_1128313391724783137.txt -> /home/shahbazk/Projects/DFS_Semi_Streaming/input/random_graphs/graph_4500_10122750_UNIFORM_1128313391724783137.txt (Time: 0.09s)
📦 COPIED from HDD: /media/HDD/Projects/ExpDFS/graph_4500_10122750_UNIFORM_8718380604043999642.txt -> /home/shahbazk/Projects/DFS_Semi_Streaming/input/random_graphs/graph_4500_10122750_UNIFORM_8718380604043999642.txt (Time: 0.09s)
📦 COPIED from HDD: /media/HDD/Projects/ExpDFS/graph_4500_10122750_UNIFORM_5063475852268941542.txt -> /home/shahbazk/Projects/DFS_Semi_Streaming/input/random_graphs/graph_4500_10122750_UNIFORM_5063475852268941542.txt (Time: 0.09s)
📦 COPIED from HDD: /media/HDD/Projects/ExpDFS/graph_4500_10122750_UNIFORM_4997514996153925447.txt -> /home/shahbazk/Projects/DFS_Semi_Streaming/input/random_graphs/graph_4500_10122750_UNIFORM_4997514996153925447.txt (Time: 0.09s)
📦 COPIED from HDD: /media/HDD/Projects/ExpDFS/graph_4500_10122750_UNIFORM_8446481348147407377.txt -> /home/shahbazk/Projects/DFS_Semi_Streaming/input/random_graphs/graph_4500_10122750_UNIFORM_8446481348147407377.txt (Time: 0.09s)
📦 COPIED from HDD: /media/HDD/Projects/ExpDFS/graph_4500_10122750_UNIFORM_3817405844514670994.txt -> /home/shahbazk/Projects/DFS_Semi_Streaming/input/random_graphs/graph_4500_10122750_UNIFORM_3817405844514670994.txt (Time: 0.09s)
📦 COPIED from HDD: /media/HDD/Projects/ExpDFS/graph_4500_10122750_UNIFORM_6529943913552561417.txt -> /home/shahbazk/Projects/DFS_Semi_Streaming/input/random_graphs/graph_4500_10122750_UNIFORM_6529943913552561417.txt (Time: 0.09s)
📦 COPIED from HDD: /media/HDD/Projects/ExpDFS/graph_4500_10122750_UNIFORM_1170385908854608748.txt -> /home/shahbazk/Projects/DFS_Semi_Streaming/input/random_graphs/graph_4500_10122750_UNIFORM_1170385908854608748.txt (Time: 0.09s)
📦 COPIED from HDD: /media/HDD/Projects/ExpDFS/graph_4500_10122750_UNIFORM_6022436717541034636.txt -> /home/shahbazk/Projects/DFS_Semi_Streaming/input/random_graphs/graph_4500_10122750_UNIFORM_6022436717541034636.txt (Time: 0.09s)
📦 COPIED from HDD: /media/HDD/Projects/ExpDFS/graph_4500_10122750_UNIFORM_2909934787168262407.txt -> /home/shahbazk/Projects/DFS_Semi_Streaming/input/random_graphs/graph_4500_10122750_UNIFORM_2909934787168262407.txt (Time: 0.09s)
📦 COPIED from HDD: /media/HDD/Projects/ExpDFS/graph_4500_10122750_UNIFORM_199422815561151340.txt -> /home/shahbazk/Projects/DFS_Semi_Streaming/input/random_graphs/graph_4500_10122750_UNIFORM_199422815561151340.txt (Time: 0.09s)
📦 COPIED from HDD: /media/HDD/Projects/ExpDFS/graph_4500_10122750_UNIFORM_3713827327871807734.txt -> /home/shahbazk/Projects/DFS_Semi_Streaming/input/random_graphs/graph_4500_10122750_UNIFORM_3713827327871807734.txt (Time: 0.09s)
📦 COPIED from HDD: /media/HDD/Projects/ExpDFS/graph_4500_10122750_UNIFORM_175493991617213850.txt -> /home/shahbazk/Projects/DFS_Semi_Streaming/input/random_graphs/graph_4500_10122750_UNIFORM_175493991617213850.txt (Time: 0.09s)
📦 COPIED from HDD: /media/HDD/Projects/ExpDFS/graph_4500_10122750_UNIFORM_5108599054664628607.txt -> /home/shahbazk/Projects/DFS_Semi_Streaming/input/random_graphs/graph_4500_10122750_UNIFORM_5108599054664628607.txt (Time: 0.09s)
📦 COPIED from HDD: /media/HDD/Projects/ExpDFS/graph_4500_10122750_UNIFORM_6764066939395682287.txt -> /home/shahbazk/Projects/DFS_Semi_Streaming/input/random_graphs/graph_4500_10122750_UNIFORM_6764066939395682287.txt (Time: 0.09s)
📦 COPIED from HDD: /media/HDD/Projects/ExpDFS/graph_4500_10122750_UNIFORM_9130666990809746335.txt -> /home/shahbazk/Projects/DFS_Semi_Streaming/input/random_graphs/graph_4500_10122750_UNIFORM_9130666990809746335.txt (Time: 0.09s)
📦 COPIED from HDD: /media/HDD/Projects/ExpDFS/graph_4500_10122750_UNIFORM_1392892770529522614.txt -> /home/shahbazk/Projects/DFS_Semi_Streaming/input/random_graphs/graph_4500_10122750_UNIFORM_1392892770529522614.txt (Time: 0.09s)
📦 COPIED from HDD: /media/HDD/Projects/ExpDFS/graph_4500_10122750_UNIFORM_7644420139408884785.txt -> /home/shahbazk/Projects/DFS_Semi_Streaming/input/random_graphs/graph_4500_10122750_UNIFORM_7644420139408884785.txt (Time: 0.09s)
📦 COPIED from HDD: /media/HDD/Projects/ExpDFS/graph_4500_10122750_UNIFORM_1458186392400727732.txt -> /home/shahbazk/Projects/DFS_Semi_Streaming/input/random_graphs/graph_4500_10122750_UNIFORM_1458186392400727732.txt (Time: 0.09s)
📦 COPIED from HDD: /media/HDD/Projects/ExpDFS/graph_4500_10122750_UNIFORM_9060210648189963449.txt -> /home/shahbazk/Projects/DFS_Semi_Streaming/input/random_graphs/graph_4500_10122750_UNIFORM_9060210648189963449.txt (Time: 0.09s)
📦 COPIED from HDD: /media/HDD/Projects/ExpDFS/graph_4500_10122750_UNIFORM_4250897495980125004.txt -> /home/shahbazk/Projects/DFS_Semi_Streaming/input/random_graphs/graph_4500_10122750_UNIFORM_4250897495980125004.txt (Time: 0.09s)
📦 COPIED from HDD: /media/HDD/Projects/ExpDFS/graph_4500_10122750_UNIFORM_8794274795737982182.txt -> /home/shahbazk/Projects/DFS_Semi_Streaming/input/random_graphs/graph_4500_10122750_UNIFORM_8794274795737982182.txt (Time: 0.09s)
📦 COPIED from HDD: /media/HDD/Projects/ExpDFS/graph_4500_10122750_UNIFORM_2089506265998900862.txt -> /home/shahbazk/Projects/DFS_Semi_Streaming/input/random_graphs/graph_4500_10122750_UNIFORM_2089506265998900862.txt (Time: 0.09s)
📦 COPIED from HDD: /media/HDD/Projects/ExpDFS/graph_4500_10122750_UNIFORM_5497874167834979553.txt -> /home/shahbazk/Projects/DFS_Semi_Streaming/input/random_graphs/graph_4500_10122750_UNIFORM_5497874167834979553.txt (Time: 0.09s)
📦 COPIED from HDD: /media/HDD/Projects/ExpDFS/graph_4500_10122750_UNIFORM_4060584409398689268.txt -> /home/shahbazk/Projects/DFS_Semi_Streaming/input/random_graphs/graph_4500_10122750_UNIFORM_4060584409398689268.txt (Time: 0.09s)
📦 COPIED from HDD: /media/HDD/Projects/ExpDFS/graph_4500_10122750_UNIFORM_1722224698700348310.txt -> /home/shahbazk/Projects/DFS_Semi_Streaming/input/random_graphs/graph_4500_10122750_UNIFORM_1722224698700348310.txt (Time: 0.09s)
📦 COPIED from HDD: /media/HDD/Projects/ExpDFS/graph_4500_10122750_UNIFORM_1332005502874566195.txt -> /home/shahbazk/Projects/DFS_Semi_Streaming/input/random_graphs/graph_4500_10122750_UNIFORM_1332005502874566195.txt (Time: 0.09s)
📦 COPIED from HDD: /media/HDD/Projects/ExpDFS/graph_4500_10122750_UNIFORM_7905487461282246979.txt -> /home/shahbazk/Projects/DFS_Semi_Streaming/input/random_graphs/graph_4500_10122750_UNIFORM_7905487461282246979.txt (Time: 0.09s)
📦 COPIED from HDD: /media/HDD/Projects/ExpDFS/graph_4500_10122750_UNIFORM_8626102704817790064.txt -> /home/shahbazk/Projects/DFS_Semi_Streaming/input/random_graphs/graph_4500_10122750_UNIFORM_8626102704817790064.txt (Time: 0.09s)
📦 COPIED from HDD: /media/HDD/Projects/ExpDFS/graph_4500_10122750_UNIFORM_4795749165124911768.txt -> /home/shahbazk/Projects/DFS_Semi_Streaming/input/random_graphs/graph_4500_10122750_UNIFORM_4795749165124911768.txt (Time: 0.09s)
📦 COPIED from HDD: /media/HDD/Projects/ExpDFS/graph_4500_10122750_UNIFORM_8448596294177070022.txt -> /home/shahbazk/Projects/DFS_Semi_Streaming/input/random_graphs/graph_4500_10122750_UNIFORM_8448596294177070022.txt (Time: 0.09s)
📦 COPIED from HDD: /media/HDD/Projects/ExpDFS/graph_4500_10122750_UNIFORM_4934890601268679176.txt -> /home/shahbazk/Projects/DFS_Semi_Streaming/input/random_graphs/graph_4500_10122750_UNIFORM_4934890601268679176.txt (Time: 0.09s)
📦 COPIED from HDD: /media/HDD/Projects/ExpDFS/graph_4500_10122750_UNIFORM_1992204328026194281.txt -> /home/shahbazk/Projects/DFS_Semi_Streaming/input/random_graphs/graph_4500_10122750_UNIFORM_1992204328026194281.txt (Time: 0.09s)
📦 COPIED from HDD: /media/HDD/Projects/ExpDFS/graph_4500_10122750_UNIFORM_7118744415197196276.txt -> /home/shahbazk/Projects/DFS_Semi_Streaming/input/random_graphs/graph_4500_10122750_UNIFORM_7118744415197196276.txt (Time: 0.09s)
📦 COPIED from HDD: /media/HDD/Projects/ExpDFS/graph_4500_10122750_UNIFORM_2718103348384927511.txt -> /home/shahbazk/Projects/DFS_Semi_Streaming/input/random_graphs/graph_4500_10122750_UNIFORM_2718103348384927511.txt (Time: 0.09s)
📦 COPIED from HDD: /media/HDD/Projects/ExpDFS/graph_4500_10122750_UNIFORM_7449662661572224354.txt -> /home/shahbazk/Projects/DFS_Semi_Streaming/input/random_graphs/graph_4500_10122750_UNIFORM_7449662661572224354.txt (Time: 0.09s)
📦 COPIED from HDD: /media/HDD/Projects/ExpDFS/graph_4500_10122750_UNIFORM_9059990922233379852.txt -> /home/shahbazk/Projects/DFS_Semi_Streaming/input/random_graphs/graph_4500_10122750_UNIFORM_9059990922233379852.txt (Time: 0.09s)
📦 COPIED from HDD: /media/HDD/Projects/ExpDFS/graph_4500_10122750_UNIFORM_3221421291694197220.txt -> /home/shahbazk/Projects/DFS_Semi_Streaming/input/random_graphs/graph_4500_10122750_UNIFORM_3221421291694197220.txt (Time: 0.09s)
📦 COPIED from HDD: /media/HDD/Projects/ExpDFS/graph_4500_10122750_UNIFORM_8867616339855336876.txt -> /home/shahbazk/Projects/DFS_Semi_Streaming/input/random_graphs/graph_4500_10122750_UNIFORM_8867616339855336876.txt (Time: 0.09s)
📦 COPIED from HDD: /media/HDD/Projects/ExpDFS/graph_4500_10122750_UNIFORM_5894893360759659423.txt -> /home/shahbazk/Projects/DFS_Semi_Streaming/input/random_graphs/graph_4500_10122750_UNIFORM_5894893360759659423.txt (Time: 0.09s)
📦 COPIED from HDD: /media/HDD/Projects/ExpDFS/graph_4500_10122750_UNIFORM_7983805977214098674.txt -> /home/shahbazk/Projects/DFS_Semi_Streaming/input/random_graphs/graph_4500_10122750_UNIFORM_7983805977214098674.txt (Time: 0.09s)
📦 COPIED from HDD: /media/HDD/Projects/ExpDFS/graph_4500_10122750_UNIFORM_2264398621601381987.txt -> /home/shahbazk/Projects/DFS_Semi_Streaming/input/random_graphs/graph_4500_10122750_UNIFORM_2264398621601381987.txt (Time: 0.09s)
📦 COPIED from HDD: /media/HDD/Projects/ExpDFS/graph_4500_10122750_UNIFORM_4940913311242578590.txt -> /home/shahbazk/Projects/DFS_Semi_Streaming/input/random_graphs/graph_4500_10122750_UNIFORM_4940913311242578590.txt (Time: 0.09s)
📦 COPIED from HDD: /media/HDD/Projects/ExpDFS/graph_4500_10122750_UNIFORM_7632458674696225362.txt -> /home/shahbazk/Projects/DFS_Semi_Streaming/input/random_graphs/graph_4500_10122750_UNIFORM_7632458674696225362.txt (Time: 0.09s)
📦 COPIED from HDD: /media/HDD/Projects/ExpDFS/graph_5000_12497500_UNIFORM_6230961512046992311.txt -> /home/shahbazk/Projects/DFS_Semi_Streaming/input/random_graphs/graph_5000_12497500_UNIFORM_6230961512046992311.txt (Time: 0.11s)
📦 COPIED from HDD: /media/HDD/Projects/ExpDFS/graph_5000_12497500_UNIFORM_7871178979383552919.txt -> /home/shahbazk/Projects/DFS_Semi_Streaming/input/random_graphs/graph_5000_12497500_UNIFORM_7871178979383552919.txt (Time: 0.11s)
📦 COPIED from HDD: /media/HDD/Projects/ExpDFS/graph_5000_12497500_UNIFORM_3881801951614183357.txt -> /home/shahbazk/Projects/DFS_Semi_Streaming/input/random_graphs/graph_5000_12497500_UNIFORM_3881801951614183357.txt (Time: 0.11s)
📦 COPIED from HDD: /media/HDD/Projects/ExpDFS/graph_5000_12497500_UNIFORM_5739955973604961613.txt -> /home/shahbazk/Projects/DFS_Semi_Streaming/input/random_graphs/graph_5000_12497500_UNIFORM_5739955973604961613.txt (Time: 0.11s)
📦 COPIED from HDD: /media/HDD/Projects/ExpDFS/graph_5000_12497500_UNIFORM_7599700178212337699.txt -> /home/shahbazk/Projects/DFS_Semi_Streaming/input/random_graphs/graph_5000_12497500_UNIFORM_7599700178212337699.txt (Time: 0.12s)
📦 COPIED from HDD: /media/HDD/Projects/ExpDFS/graph_5000_12497500_UNIFORM_1353182403971399009.txt -> /home/shahbazk/Projects/DFS_Semi_Streaming/input/random_graphs/graph_5000_12497500_UNIFORM_1353182403971399009.txt (Time: 0.11s)
📦 COPIED from HDD: /media/HDD/Projects/ExpDFS/graph_5000_12497500_UNIFORM_7032710160631691991.txt -> /home/shahbazk/Projects/DFS_Semi_Streaming/input/random_graphs/graph_5000_12497500_UNIFORM_7032710160631691991.txt (Time: 0.11s)
📦 COPIED from HDD: /media/HDD/Projects/ExpDFS/graph_5000_12497500_UNIFORM_6938562734920028532.txt -> /home/shahbazk/Projects/DFS_Semi_Streaming/input/random_graphs/graph_5000_12497500_UNIFORM_6938562734920028532.txt (Time: 0.11s)
📦 COPIED from HDD: /media/HDD/Projects/ExpDFS/graph_5000_12497500_UNIFORM_6522163754831416203.txt -> /home/shahbazk/Projects/DFS_Semi_Streaming/input/random_graphs/graph_5000_12497500_UNIFORM_6522163754831416203.txt (Time: 0.11s)
📦 COPIED from HDD: /media/HDD/Projects/ExpDFS/graph_5000_12497500_UNIFORM_1250005700364523649.txt -> /home/shahbazk/Projects/DFS_Semi_Streaming/input/random_graphs/graph_5000_12497500_UNIFORM_1250005700364523649.txt (Time: 0.12s)
📦 COPIED from HDD: /media/HDD/Projects/ExpDFS/graph_5000_12497500_UNIFORM_1070244953599069350.txt -> /home/shahbazk/Projects/DFS_Semi_Streaming/input/random_graphs/graph_5000_12497500_UNIFORM_1070244953599069350.txt (Time: 0.10s)
📦 COPIED from HDD: /media/HDD/Projects/ExpDFS/graph_5000_12497500_UNIFORM_1309542850049879452.txt -> /home/shahbazk/Projects/DFS_Semi_Streaming/input/random_graphs/graph_5000_12497500_UNIFORM_1309542850049879452.txt (Time: 0.11s)
📦 COPIED from HDD: /media/HDD/Projects/ExpDFS/graph_5000_12497500_UNIFORM_4040737767143389431.txt -> /home/shahbazk/Projects/DFS_Semi_Streaming/input/random_graphs/graph_5000_12497500_UNIFORM_4040737767143389431.txt (Time: 0.11s)
📦 COPIED from HDD: /media/HDD/Projects/ExpDFS/graph_5000_12497500_UNIFORM_320375091487821987.txt -> /home/shahbazk/Projects/DFS_Semi_Streaming/input/random_graphs/graph_5000_12497500_UNIFORM_320375091487821987.txt (Time: 0.11s)
📦 COPIED from HDD: /media/HDD/Projects/ExpDFS/graph_5000_12497500_UNIFORM_2429002973740178792.txt -> /home/shahbazk/Projects/DFS_Semi_Streaming/input/random_graphs/graph_5000_12497500_UNIFORM_2429002973740178792.txt (Time: 0.12s)
📦 COPIED from HDD: /media/HDD/Projects/ExpDFS/graph_5000_12497500_UNIFORM_7663871783842725848.txt -> /home/shahbazk/Projects/DFS_Semi_Streaming/input/random_graphs/graph_5000_12497500_UNIFORM_7663871783842725848.txt (Time: 0.11s)
📦 COPIED from HDD: /media/HDD/Projects/ExpDFS/graph_5000_12497500_UNIFORM_5906957480796939447.txt -> /home/shahbazk/Projects/DFS_Semi_Streaming/input/random_graphs/graph_5000_12497500_UNIFORM_5906957480796939447.txt (Time: 0.11s)
📦 COPIED from HDD: /media/HDD/Projects/ExpDFS/graph_5000_12497500_UNIFORM_1250773459040295677.txt -> /home/shahbazk/Projects/DFS_Semi_Streaming/input/random_graphs/graph_5000_12497500_UNIFORM_1250773459040295677.txt (Time: 0.11s)
📦 COPIED from HDD: /media/HDD/Projects/ExpDFS/graph_5000_12497500_UNIFORM_7146860528564146064.txt -> /home/shahbazk/Projects/DFS_Semi_Streaming/input/random_graphs/graph_5000_12497500_UNIFORM_7146860528564146064.txt (Time: 0.11s)
📦 COPIED from HDD: /media/HDD/Projects/ExpDFS/graph_5000_12497500_UNIFORM_7473196763798409428.txt -> /home/shahbazk/Projects/DFS_Semi_Streaming/input/random_graphs/graph_5000_12497500_UNIFORM_7473196763798409428.txt (Time: 0.11s)
📦 COPIED from HDD: /media/HDD/Projects/ExpDFS/graph_5000_12497500_UNIFORM_3438400432146115956.txt -> /home/shahbazk/Projects/DFS_Semi_Streaming/input/random_graphs/graph_5000_12497500_UNIFORM_3438400432146115956.txt (Time: 0.20s)
📦 COPIED from HDD: /media/HDD/Projects/ExpDFS/graph_5000_12497500_UNIFORM_5139481885857321791.txt -> /home/shahbazk/Projects/DFS_Semi_Streaming/input/random_graphs/graph_5000_12497500_UNIFORM_5139481885857321791.txt (Time: 0.17s)
📦 COPIED from HDD: /media/HDD/Projects/ExpDFS/graph_5000_12497500_UNIFORM_5142811650494845597.txt -> /home/shahbazk/Projects/DFS_Semi_Streaming/input/random_graphs/graph_5000_12497500_UNIFORM_5142811650494845597.txt (Time: 0.11s)
📦 COPIED from HDD: /media/HDD/Projects/ExpDFS/graph_5000_12497500_UNIFORM_3010622984418968408.txt -> /home/shahbazk/Projects/DFS_Semi_Streaming/input/random_graphs/graph_5000_12497500_UNIFORM_3010622984418968408.txt (Time: 0.11s)
📦 COPIED from HDD: /media/HDD/Projects/ExpDFS/graph_5000_12497500_UNIFORM_6002685213311538187.txt -> /home/shahbazk/Projects/DFS_Semi_Streaming/input/random_graphs/graph_5000_12497500_UNIFORM_6002685213311538187.txt (Time: 0.12s)
📦 COPIED from HDD: /media/HDD/Projects/ExpDFS/graph_5000_12497500_UNIFORM_1731523882129807996.txt -> /home/shahbazk/Projects/DFS_Semi_Streaming/input/random_graphs/graph_5000_12497500_UNIFORM_1731523882129807996.txt (Time: 0.11s)
📦 COPIED from HDD: /media/HDD/Projects/ExpDFS/graph_5000_12497500_UNIFORM_521787134863155063.txt -> /home/shahbazk/Projects/DFS_Semi_Streaming/input/random_graphs/graph_5000_12497500_UNIFORM_521787134863155063.txt (Time: 0.11s)
📦 COPIED from HDD: /media/HDD/Projects/ExpDFS/graph_5000_12497500_UNIFORM_5708372698381010775.txt -> /home/shahbazk/Projects/DFS_Semi_Streaming/input/random_graphs/graph_5000_12497500_UNIFORM_5708372698381010775.txt (Time: 0.11s)
📦 COPIED from HDD: /media/HDD/Projects/ExpDFS/graph_5000_12497500_UNIFORM_1853590723603270879.txt -> /home/shahbazk/Projects/DFS_Semi_Streaming/input/random_graphs/graph_5000_12497500_UNIFORM_1853590723603270879.txt (Time: 0.11s)
📦 COPIED from HDD: /media/HDD/Projects/ExpDFS/graph_5000_12497500_UNIFORM_7029781962072644698.txt -> /home/shahbazk/Projects/DFS_Semi_Streaming/input/random_graphs/graph_5000_12497500_UNIFORM_7029781962072644698.txt (Time: 0.11s)
📦 COPIED from HDD: /media/HDD/Projects/ExpDFS/graph_5000_12497500_UNIFORM_6785030173969523435.txt -> /home/shahbazk/Projects/DFS_Semi_Streaming/input/random_graphs/graph_5000_12497500_UNIFORM_6785030173969523435.txt (Time: 0.12s)
📦 COPIED from HDD: /media/HDD/Projects/ExpDFS/graph_5000_12497500_UNIFORM_5529616217668449934.txt -> /home/shahbazk/Projects/DFS_Semi_Streaming/input/random_graphs/graph_5000_12497500_UNIFORM_5529616217668449934.txt (Time: 0.11s)
📦 COPIED from HDD: /media/HDD/Projects/ExpDFS/graph_5000_12497500_UNIFORM_1024517563182776983.txt -> /home/shahbazk/Projects/DFS_Semi_Streaming/input/random_graphs/graph_5000_12497500_UNIFORM_1024517563182776983.txt (Time: 0.11s)
📦 COPIED from HDD: /media/HDD/Projects/ExpDFS/graph_5000_12497500_UNIFORM_3224265581699847191.txt -> /home/shahbazk/Projects/DFS_Semi_Streaming/input/random_graphs/graph_5000_12497500_UNIFORM_3224265581699847191.txt (Time: 0.11s)
📦 COPIED from HDD: /media/HDD/Projects/ExpDFS/graph_5000_12497500_UNIFORM_5258051056098597521.txt -> /home/shahbazk/Projects/DFS_Semi_Streaming/input/random_graphs/graph_5000_12497500_UNIFORM_5258051056098597521.txt (Time: 0.12s)
📦 COPIED from HDD: /media/HDD/Projects/ExpDFS/graph_5000_12497500_UNIFORM_1647170069535670909.txt -> /home/shahbazk/Projects/DFS_Semi_Streaming/input/random_graphs/graph_5000_12497500_UNIFORM_1647170069535670909.txt (Time: 0.11s)
📦 COPIED from HDD: /media/HDD/Projects/ExpDFS/graph_5000_12497500_UNIFORM_7706236040662210848.txt -> /home/shahbazk/Projects/DFS_Semi_Streaming/input/random_graphs/graph_5000_12497500_UNIFORM_7706236040662210848.txt (Time: 0.11s)
📦 COPIED from HDD: /media/HDD/Projects/ExpDFS/graph_5000_12497500_UNIFORM_4122784633514911760.txt -> /home/shahbazk/Projects/DFS_Semi_Streaming/input/random_graphs/graph_5000_12497500_UNIFORM_4122784633514911760.txt (Time: 0.11s)
📦 COPIED from HDD: /media/HDD/Projects/ExpDFS/graph_5000_12497500_UNIFORM_1632192924771168275.txt -> /home/shahbazk/Projects/DFS_Semi_Streaming/input/random_graphs/graph_5000_12497500_UNIFORM_1632192924771168275.txt (Time: 0.11s)
📦 COPIED from HDD: /media/HDD/Projects/ExpDFS/graph_5000_12497500_UNIFORM_824387247617288499.txt -> /home/shahbazk/Projects/DFS_Semi_Streaming/input/random_graphs/graph_5000_12497500_UNIFORM_824387247617288499.txt (Time: 0.12s)
📦 COPIED from HDD: /media/HDD/Projects/ExpDFS/graph_5000_12497500_UNIFORM_7161906730445628483.txt -> /home/shahbazk/Projects/DFS_Semi_Streaming/input/random_graphs/graph_5000_12497500_UNIFORM_7161906730445628483.txt (Time: 0.11s)
📦 COPIED from HDD: /media/HDD/Projects/ExpDFS/graph_5000_12497500_UNIFORM_6143643868734370809.txt -> /home/shahbazk/Projects/DFS_Semi_Streaming/input/random_graphs/graph_5000_12497500_UNIFORM_6143643868734370809.txt (Time: 0.11s)
📦 COPIED from HDD: /media/HDD/Projects/ExpDFS/graph_5000_12497500_UNIFORM_6802378520969450157.txt -> /home/shahbazk/Projects/DFS_Semi_Streaming/input/random_graphs/graph_5000_12497500_UNIFORM_6802378520969450157.txt (Time: 0.12s)
📦 COPIED from HDD: /media/HDD/Projects/ExpDFS/graph_5000_12497500_UNIFORM_4552998297316576788.txt -> /home/shahbazk/Projects/DFS_Semi_Streaming/input/random_graphs/graph_5000_12497500_UNIFORM_4552998297316576788.txt (Time: 0.12s)
📦 COPIED from HDD: /media/HDD/Projects/ExpDFS/graph_5000_12497500_UNIFORM_5636411189175451024.txt -> /home/shahbazk/Projects/DFS_Semi_Streaming/input/random_graphs/graph_5000_12497500_UNIFORM_5636411189175451024.txt (Time: 0.11s)
📦 COPIED from HDD: /media/HDD/Projects/ExpDFS/graph_5000_12497500_UNIFORM_8031431416522537101.txt -> /home/shahbazk/Projects/DFS_Semi_Streaming/input/random_graphs/graph_5000_12497500_UNIFORM_8031431416522537101.txt (Time: 0.12s)
📦 COPIED from HDD: /media/HDD/Projects/ExpDFS/graph_5000_12497500_UNIFORM_3272308573967577038.txt -> /home/shahbazk/Projects/DFS_Semi_Streaming/input/random_graphs/graph_5000_12497500_UNIFORM_3272308573967577038.txt (Time: 0.11s)
📦 COPIED from HDD: /media/HDD/Projects/ExpDFS/graph_5000_12497500_UNIFORM_5349491008325879064.txt -> /home/shahbazk/Projects/DFS_Semi_Streaming/input/random_graphs/graph_5000_12497500_UNIFORM_5349491008325879064.txt (Time: 0.11s)
📦 COPIED from HDD: /media/HDD/Projects/ExpDFS/graph_5000_12497500_UNIFORM_7938560551762094560.txt -> /home/shahbazk/Projects/DFS_Semi_Streaming/input/random_graphs/graph_5000_12497500_UNIFORM_7938560551762094560.txt (Time: 0.11s)
📦 COPIED from HDD: /media/HDD/Projects/ExpDFS/graph_5000_12497500_UNIFORM_6614505080519948832.txt -> /home/shahbazk/Projects/DFS_Semi_Streaming/input/random_graphs/graph_5000_12497500_UNIFORM_6614505080519948832.txt (Time: 0.12s)
📦 COPIED from HDD: /media/HDD/Projects/ExpDFS/graph_5000_12497500_UNIFORM_4445925461710302877.txt -> /home/shahbazk/Projects/DFS_Semi_Streaming/input/random_graphs/graph_5000_12497500_UNIFORM_4445925461710302877.txt (Time: 0.11s)
📦 COPIED from HDD: /media/HDD/Projects/ExpDFS/graph_5000_12497500_UNIFORM_7917045922527545890.txt -> /home/shahbazk/Projects/DFS_Semi_Streaming/input/random_graphs/graph_5000_12497500_UNIFORM_7917045922527545890.txt (Time: 0.11s)
📦 COPIED from HDD: /media/HDD/Projects/ExpDFS/graph_5000_12497500_UNIFORM_7921282862123281598.txt -> /home/shahbazk/Projects/DFS_Semi_Streaming/input/random_graphs/graph_5000_12497500_UNIFORM_7921282862123281598.txt (Time: 0.12s)
📦 COPIED from HDD: /media/HDD/Projects/ExpDFS/graph_5000_12497500_UNIFORM_3865339568260874865.txt -> /home/shahbazk/Projects/DFS_Semi_Streaming/input/random_graphs/graph_5000_12497500_UNIFORM_3865339568260874865.txt (Time: 0.11s)
📦 COPIED from HDD: /media/HDD/Projects/ExpDFS/graph_5000_12497500_UNIFORM_6224222471595207695.txt -> /home/shahbazk/Projects/DFS_Semi_Streaming/input/random_graphs/graph_5000_12497500_UNIFORM_6224222471595207695.txt (Time: 0.11s)
📦 COPIED from HDD: /media/HDD/Projects/ExpDFS/graph_5000_12497500_UNIFORM_1128313391724783137.txt -> /home/shahbazk/Projects/DFS_Semi_Streaming/input/random_graphs/graph_5000_12497500_UNIFORM_1128313391724783137.txt (Time: 0.12s)
📦 COPIED from HDD: /media/HDD/Projects/ExpDFS/graph_5000_12497500_UNIFORM_716820155901718944.txt -> /home/shahbazk/Projects/DFS_Semi_Streaming/input/random_graphs/graph_5000_12497500_UNIFORM_716820155901718944.txt (Time: 0.11s)
📦 COPIED from HDD: /media/HDD/Projects/ExpDFS/graph_5000_12497500_UNIFORM_8718380604043999642.txt -> /home/shahbazk/Projects/DFS_Semi_Streaming/input/random_graphs/graph_5000_12497500_UNIFORM_8718380604043999642.txt (Time: 0.12s)
📦 COPIED from HDD: /media/HDD/Projects/ExpDFS/graph_5000_12497500_UNIFORM_5063475852268941542.txt -> /home/shahbazk/Projects/DFS_Semi_Streaming/input/random_graphs/graph_5000_12497500_UNIFORM_5063475852268941542.txt (Time: 0.12s)
📦 COPIED from HDD: /media/HDD/Projects/ExpDFS/graph_5000_12497500_UNIFORM_4997514996153925447.txt -> /home/shahbazk/Projects/DFS_Semi_Streaming/input/random_graphs/graph_5000_12497500_UNIFORM_4997514996153925447.txt (Time: 0.12s)
📦 COPIED from HDD: /media/HDD/Projects/ExpDFS/graph_5000_12497500_UNIFORM_8446481348147407377.txt -> /home/shahbazk/Projects/DFS_Semi_Streaming/input/random_graphs/graph_5000_12497500_UNIFORM_8446481348147407377.txt (Time: 0.12s)
📦 COPIED from HDD: /media/HDD/Projects/ExpDFS/graph_5000_12497500_UNIFORM_3817405844514670994.txt -> /home/shahbazk/Projects/DFS_Semi_Streaming/input/random_graphs/graph_5000_12497500_UNIFORM_3817405844514670994.txt (Time: 0.11s)
📦 COPIED from HDD: /media/HDD/Projects/ExpDFS/graph_5000_12497500_UNIFORM_6529943913552561417.txt -> /home/shahbazk/Projects/DFS_Semi_Streaming/input/random_graphs/graph_5000_12497500_UNIFORM_6529943913552561417.txt (Time: 0.11s)
📦 COPIED from HDD: /media/HDD/Projects/ExpDFS/graph_5000_12497500_UNIFORM_2909934787168262407.txt -> /home/shahbazk/Projects/DFS_Semi_Streaming/input/random_graphs/graph_5000_12497500_UNIFORM_2909934787168262407.txt (Time: 0.12s)
📦 COPIED from HDD: /media/HDD/Projects/ExpDFS/graph_5000_12497500_UNIFORM_1170385908854608748.txt -> /home/shahbazk/Projects/DFS_Semi_Streaming/input/random_graphs/graph_5000_12497500_UNIFORM_1170385908854608748.txt (Time: 0.12s)
📦 COPIED from HDD: /media/HDD/Projects/ExpDFS/graph_5000_12497500_UNIFORM_6022436717541034636.txt -> /home/shahbazk/Projects/DFS_Semi_Streaming/input/random_graphs/graph_5000_12497500_UNIFORM_6022436717541034636.txt (Time: 0.11s)
📦 COPIED from HDD: /media/HDD/Projects/ExpDFS/graph_5000_12497500_UNIFORM_199422815561151340.txt -> /home/shahbazk/Projects/DFS_Semi_Streaming/input/random_graphs/graph_5000_12497500_UNIFORM_199422815561151340.txt (Time: 0.11s)
📦 COPIED from HDD: /media/HDD/Projects/ExpDFS/graph_5000_12497500_UNIFORM_3713827327871807734.txt -> /home/shahbazk/Projects/DFS_Semi_Streaming/input/random_graphs/graph_5000_12497500_UNIFORM_3713827327871807734.txt (Time: 0.11s)
📦 COPIED from HDD: /media/HDD/Projects/ExpDFS/graph_5000_12497500_UNIFORM_5108599054664628607.txt -> /home/shahbazk/Projects/DFS_Semi_Streaming/input/random_graphs/graph_5000_12497500_UNIFORM_5108599054664628607.txt (Time: 0.11s)
📦 COPIED from HDD: /media/HDD/Projects/ExpDFS/graph_5000_12497500_UNIFORM_175493991617213850.txt -> /home/shahbazk/Projects/DFS_Semi_Streaming/input/random_graphs/graph_5000_12497500_UNIFORM_175493991617213850.txt (Time: 0.12s)
📦 COPIED from HDD: /media/HDD/Projects/ExpDFS/graph_5000_12497500_UNIFORM_9130666990809746335.txt -> /home/shahbazk/Projects/DFS_Semi_Streaming/input/random_graphs/graph_5000_12497500_UNIFORM_9130666990809746335.txt (Time: 0.12s)
📦 COPIED from HDD: /media/HDD/Projects/ExpDFS/graph_5000_12497500_UNIFORM_6764066939395682287.txt -> /home/shahbazk/Projects/DFS_Semi_Streaming/input/random_graphs/graph_5000_12497500_UNIFORM_6764066939395682287.txt (Time: 0.11s)
📦 COPIED from HDD: /media/HDD/Projects/ExpDFS/graph_5000_12497500_UNIFORM_7644420139408884785.txt -> /home/shahbazk/Projects/DFS_Semi_Streaming/input/random_graphs/graph_5000_12497500_UNIFORM_7644420139408884785.txt (Time: 0.12s)
📦 COPIED from HDD: /media/HDD/Projects/ExpDFS/graph_5000_12497500_UNIFORM_1392892770529522614.txt -> /home/shahbazk/Projects/DFS_Semi_Streaming/input/random_graphs/graph_5000_12497500_UNIFORM_1392892770529522614.txt (Time: 0.11s)
📦 COPIED from HDD: /media/HDD/Projects/ExpDFS/graph_5000_12497500_UNIFORM_1458186392400727732.txt -> /home/shahbazk/Projects/DFS_Semi_Streaming/input/random_graphs/graph_5000_12497500_UNIFORM_1458186392400727732.txt (Time: 0.12s)
📦 COPIED from HDD: /media/HDD/Projects/ExpDFS/graph_5000_12497500_UNIFORM_9060210648189963449.txt -> /home/shahbazk/Projects/DFS_Semi_Streaming/input/random_graphs/graph_5000_12497500_UNIFORM_9060210648189963449.txt (Time: 0.11s)
📦 COPIED from HDD: /media/HDD/Projects/ExpDFS/graph_5000_12497500_UNIFORM_4250897495980125004.txt -> /home/shahbazk/Projects/DFS_Semi_Streaming/input/random_graphs/graph_5000_12497500_UNIFORM_4250897495980125004.txt (Time: 0.19s)
📦 COPIED from HDD: /media/HDD/Projects/ExpDFS/graph_5000_12497500_UNIFORM_5497874167834979553.txt -> /home/shahbazk/Projects/DFS_Semi_Streaming/input/random_graphs/graph_5000_12497500_UNIFORM_5497874167834979553.txt (Time: 0.11s)
📦 COPIED from HDD: /media/HDD/Projects/ExpDFS/graph_5000_12497500_UNIFORM_2089506265998900862.txt -> /home/shahbazk/Projects/DFS_Semi_Streaming/input/random_graphs/graph_5000_12497500_UNIFORM_2089506265998900862.txt (Time: 0.12s)
📦 COPIED from HDD: /media/HDD/Projects/ExpDFS/graph_5000_12497500_UNIFORM_8794274795737982182.txt -> /home/shahbazk/Projects/DFS_Semi_Streaming/input/random_graphs/graph_5000_12497500_UNIFORM_8794274795737982182.txt (Time: 0.11s)
📦 COPIED from HDD: /media/HDD/Projects/ExpDFS/graph_5000_12497500_UNIFORM_4060584409398689268.txt -> /home/shahbazk/Projects/DFS_Semi_Streaming/input/random_graphs/graph_5000_12497500_UNIFORM_4060584409398689268.txt (Time: 0.12s)
📦 COPIED from HDD: /media/HDD/Projects/ExpDFS/graph_5000_12497500_UNIFORM_1332005502874566195.txt -> /home/shahbazk/Projects/DFS_Semi_Streaming/input/random_graphs/graph_5000_12497500_UNIFORM_1332005502874566195.txt (Time: 0.12s)
📦 COPIED from HDD: /media/HDD/Projects/ExpDFS/graph_5000_12497500_UNIFORM_1722224698700348310.txt -> /home/shahbazk/Projects/DFS_Semi_Streaming/input/random_graphs/graph_5000_12497500_UNIFORM_1722224698700348310.txt (Time: 0.11s)
📦 COPIED from HDD: /media/HDD/Projects/ExpDFS/graph_5000_12497500_UNIFORM_8626102704817790064.txt -> /home/shahbazk/Projects/DFS_Semi_Streaming/input/random_graphs/graph_5000_12497500_UNIFORM_8626102704817790064.txt (Time: 0.11s)
📦 COPIED from HDD: /media/HDD/Projects/ExpDFS/graph_5000_12497500_UNIFORM_8448596294177070022.txt -> /home/shahbazk/Projects/DFS_Semi_Streaming/input/random_graphs/graph_5000_12497500_UNIFORM_8448596294177070022.txt (Time: 0.12s)
📦 COPIED from HDD: /media/HDD/Projects/ExpDFS/graph_5000_12497500_UNIFORM_4795749165124911768.txt -> /home/shahbazk/Projects/DFS_Semi_Streaming/input/random_graphs/graph_5000_12497500_UNIFORM_4795749165124911768.txt (Time: 0.12s)
📦 COPIED from HDD: /media/HDD/Projects/ExpDFS/graph_5000_12497500_UNIFORM_7905487461282246979.txt -> /home/shahbazk/Projects/DFS_Semi_Streaming/input/random_graphs/graph_5000_12497500_UNIFORM_7905487461282246979.txt (Time: 0.12s)
📦 COPIED from HDD: /media/HDD/Projects/ExpDFS/graph_5000_12497500_UNIFORM_4934890601268679176.txt -> /home/shahbazk/Projects/DFS_Semi_Streaming/input/random_graphs/graph_5000_12497500_UNIFORM_4934890601268679176.txt (Time: 0.13s)
📦 COPIED from HDD: /media/HDD/Projects/ExpDFS/graph_5000_12497500_UNIFORM_7118744415197196276.txt -> /home/shahbazk/Projects/DFS_Semi_Streaming/input/random_graphs/graph_5000_12497500_UNIFORM_7118744415197196276.txt (Time: 0.11s)
📦 COPIED from HDD: /media/HDD/Projects/ExpDFS/graph_5000_12497500_UNIFORM_1992204328026194281.txt -> /home/shahbazk/Projects/DFS_Semi_Streaming/input/random_graphs/graph_5000_12497500_UNIFORM_1992204328026194281.txt (Time: 0.11s)
📦 COPIED from HDD: /media/HDD/Projects/ExpDFS/graph_5000_12497500_UNIFORM_2718103348384927511.txt -> /home/shahbazk/Projects/DFS_Semi_Streaming/input/random_graphs/graph_5000_12497500_UNIFORM_2718103348384927511.txt (Time: 0.11s)
📦 COPIED from HDD: /media/HDD/Projects/ExpDFS/graph_5000_12497500_UNIFORM_9059990922233379852.txt -> /home/shahbazk/Projects/DFS_Semi_Streaming/input/random_graphs/graph_5000_12497500_UNIFORM_9059990922233379852.txt (Time: 0.11s)
📦 COPIED from HDD: /media/HDD/Projects/ExpDFS/graph_5000_12497500_UNIFORM_3221421291694197220.txt -> /home/shahbazk/Projects/DFS_Semi_Streaming/input/random_graphs/graph_5000_12497500_UNIFORM_3221421291694197220.txt (Time: 0.11s)
📦 COPIED from HDD: /media/HDD/Projects/ExpDFS/graph_5000_12497500_UNIFORM_7449662661572224354.txt -> /home/shahbazk/Projects/DFS_Semi_Streaming/input/random_graphs/graph_5000_12497500_UNIFORM_7449662661572224354.txt (Time: 0.11s)
📦 COPIED from HDD: /media/HDD/Projects/ExpDFS/graph_5000_12497500_UNIFORM_8867616339855336876.txt -> /home/shahbazk/Projects/DFS_Semi_Streaming/input/random_graphs/graph_5000_12497500_UNIFORM_8867616339855336876.txt (Time: 0.12s)
📦 COPIED from HDD: /media/HDD/Projects/ExpDFS/graph_5000_12497500_UNIFORM_5894893360759659423.txt -> /home/shahbazk/Projects/DFS_Semi_Streaming/input/random_graphs/graph_5000_12497500_UNIFORM_5894893360759659423.txt (Time: 0.12s)
📦 COPIED from HDD: /media/HDD/Projects/ExpDFS/graph_5000_12497500_UNIFORM_7983805977214098674.txt -> /home/shahbazk/Projects/DFS_Semi_Streaming/input/random_graphs/graph_5000_12497500_UNIFORM_7983805977214098674.txt (Time: 0.12s)
📦 COPIED from HDD: /media/HDD/Projects/ExpDFS/graph_5000_12497500_UNIFORM_2264398621601381987.txt -> /home/shahbazk/Projects/DFS_Semi_Streaming/input/random_graphs/graph_5000_12497500_UNIFORM_2264398621601381987.txt (Time: 0.12s)
📦 COPIED from HDD: /media/HDD/Projects/ExpDFS/graph_5000_12497500_UNIFORM_4940913311242578590.txt -> /home/shahbazk/Projects/DFS_Semi_Streaming/input/random_graphs/graph_5000_12497500_UNIFORM_4940913311242578590.txt (Time: 0.12s)
📦 COPIED from HDD: /media/HDD/Projects/ExpDFS/graph_5000_12497500_UNIFORM_7632458674696225362.txt -> /home/shahbazk/Projects/DFS_Semi_Streaming/input/random_graphs/graph_5000_12497500_UNIFORM_7632458674696225362.txt (Time: 0.11s)
📦 COPIED from HDD: /media/HDD/Projects/ExpDFS/graph_6000_17997000_UNIFORM_6230961512046992311.txt -> /home/shahbazk/Projects/DFS_Semi_Streaming/input/random_graphs/graph_6000_17997000_UNIFORM_6230961512046992311.txt (Time: 0.16s)
📦 COPIED from HDD: /media/HDD/Projects/ExpDFS/graph_6000_17997000_UNIFORM_7871178979383552919.txt -> /home/shahbazk/Projects/DFS_Semi_Streaming/input/random_graphs/graph_6000_17997000_UNIFORM_7871178979383552919.txt (Time: 0.17s)
📦 COPIED from HDD: /media/HDD/Projects/ExpDFS/graph_6000_17997000_UNIFORM_5739955973604961613.txt -> /home/shahbazk/Projects/DFS_Semi_Streaming/input/random_graphs/graph_6000_17997000_UNIFORM_5739955973604961613.txt (Time: 0.17s)
📦 COPIED from HDD: /media/HDD/Projects/ExpDFS/graph_6000_17997000_UNIFORM_7032710160631691991.txt -> /home/shahbazk/Projects/DFS_Semi_Streaming/input/random_graphs/graph_6000_17997000_UNIFORM_7032710160631691991.txt (Time: 0.17s)
📦 COPIED from HDD: /media/HDD/Projects/ExpDFS/graph_6000_17997000_UNIFORM_3881801951614183357.txt -> /home/shahbazk/Projects/DFS_Semi_Streaming/input/random_graphs/graph_6000_17997000_UNIFORM_3881801951614183357.txt (Time: 0.17s)
📦 COPIED from HDD: /media/HDD/Projects/ExpDFS/graph_6000_17997000_UNIFORM_1353182403971399009.txt -> /home/shahbazk/Projects/DFS_Semi_Streaming/input/random_graphs/graph_6000_17997000_UNIFORM_1353182403971399009.txt (Time: 0.16s)
📦 COPIED from HDD: /media/HDD/Projects/ExpDFS/graph_6000_17997000_UNIFORM_7599700178212337699.txt -> /home/shahbazk/Projects/DFS_Semi_Streaming/input/random_graphs/graph_6000_17997000_UNIFORM_7599700178212337699.txt (Time: 0.16s)
📦 COPIED from HDD: /media/HDD/Projects/ExpDFS/graph_6000_17997000_UNIFORM_1070244953599069350.txt -> /home/shahbazk/Projects/DFS_Semi_Streaming/input/random_graphs/graph_6000_17997000_UNIFORM_1070244953599069350.txt (Time: 0.18s)
📦 COPIED from HDD: /media/HDD/Projects/ExpDFS/graph_6000_17997000_UNIFORM_6522163754831416203.txt -> /home/shahbazk/Projects/DFS_Semi_Streaming/input/random_graphs/graph_6000_17997000_UNIFORM_6522163754831416203.txt (Time: 0.17s)
📦 COPIED from HDD: /media/HDD/Projects/ExpDFS/graph_6000_17997000_UNIFORM_6938562734920028532.txt -> /home/shahbazk/Projects/DFS_Semi_Streaming/input/random_graphs/graph_6000_17997000_UNIFORM_6938562734920028532.txt (Time: 0.18s)
📦 COPIED from HDD: /media/HDD/Projects/ExpDFS/graph_6000_17997000_UNIFORM_4040737767143389431.txt -> /home/shahbazk/Projects/DFS_Semi_Streaming/input/random_graphs/graph_6000_17997000_UNIFORM_4040737767143389431.txt (Time: 0.17s)
📦 COPIED from HDD: /media/HDD/Projects/ExpDFS/graph_6000_17997000_UNIFORM_2429002973740178792.txt -> /home/shahbazk/Projects/DFS_Semi_Streaming/input/random_graphs/graph_6000_17997000_UNIFORM_2429002973740178792.txt (Time: 0.16s)
📦 COPIED from HDD: /media/HDD/Projects/ExpDFS/graph_6000_17997000_UNIFORM_1250005700364523649.txt -> /home/shahbazk/Projects/DFS_Semi_Streaming/input/random_graphs/graph_6000_17997000_UNIFORM_1250005700364523649.txt (Time: 0.17s)
📦 COPIED from HDD: /media/HDD/Projects/ExpDFS/graph_6000_17997000_UNIFORM_5906957480796939447.txt -> /home/shahbazk/Projects/DFS_Semi_Streaming/input/random_graphs/graph_6000_17997000_UNIFORM_5906957480796939447.txt (Time: 0.17s)
📦 COPIED from HDD: /media/HDD/Projects/ExpDFS/graph_6000_17997000_UNIFORM_1309542850049879452.txt -> /home/shahbazk/Projects/DFS_Semi_Streaming/input/random_graphs/graph_6000_17997000_UNIFORM_1309542850049879452.txt (Time: 0.17s)
📦 COPIED from HDD: /media/HDD/Projects/ExpDFS/graph_6000_17997000_UNIFORM_320375091487821987.txt -> /home/shahbazk/Projects/DFS_Semi_Streaming/input/random_graphs/graph_6000_17997000_UNIFORM_320375091487821987.txt (Time: 0.17s)
📦 COPIED from HDD: /media/HDD/Projects/ExpDFS/graph_6000_17997000_UNIFORM_7663871783842725848.txt -> /home/shahbazk/Projects/DFS_Semi_Streaming/input/random_graphs/graph_6000_17997000_UNIFORM_7663871783842725848.txt (Time: 0.17s)
📦 COPIED from HDD: /media/HDD/Projects/ExpDFS/graph_6000_17997000_UNIFORM_1250773459040295677.txt -> /home/shahbazk/Projects/DFS_Semi_Streaming/input/random_graphs/graph_6000_17997000_UNIFORM_1250773459040295677.txt (Time: 0.17s)
📦 COPIED from HDD: /media/HDD/Projects/ExpDFS/graph_6000_17997000_UNIFORM_7146860528564146064.txt -> /home/shahbazk/Projects/DFS_Semi_Streaming/input/random_graphs/graph_6000_17997000_UNIFORM_7146860528564146064.txt (Time: 0.17s)
📦 COPIED from HDD: /media/HDD/Projects/ExpDFS/graph_6000_17997000_UNIFORM_7473196763798409428.txt -> /home/shahbazk/Projects/DFS_Semi_Streaming/input/random_graphs/graph_6000_17997000_UNIFORM_7473196763798409428.txt (Time: 0.17s)
📦 COPIED from HDD: /media/HDD/Projects/ExpDFS/graph_6000_17997000_UNIFORM_5142811650494845597.txt -> /home/shahbazk/Projects/DFS_Semi_Streaming/input/random_graphs/graph_6000_17997000_UNIFORM_5142811650494845597.txt (Time: 0.17s)
📦 COPIED from HDD: /media/HDD/Projects/ExpDFS/graph_6000_17997000_UNIFORM_3438400432146115956.txt -> /home/shahbazk/Projects/DFS_Semi_Streaming/input/random_graphs/graph_6000_17997000_UNIFORM_3438400432146115956.txt (Time: 0.17s)
📦 COPIED from HDD: /media/HDD/Projects/ExpDFS/graph_6000_17997000_UNIFORM_3010622984418968408.txt -> /home/shahbazk/Projects/DFS_Semi_Streaming/input/random_graphs/graph_6000_17997000_UNIFORM_3010622984418968408.txt (Time: 0.16s)
📦 COPIED from HDD: /media/HDD/Projects/ExpDFS/graph_6000_17997000_UNIFORM_6002685213311538187.txt -> /home/shahbazk/Projects/DFS_Semi_Streaming/input/random_graphs/graph_6000_17997000_UNIFORM_6002685213311538187.txt (Time: 0.17s)
📦 COPIED from HDD: /media/HDD/Projects/ExpDFS/graph_6000_17997000_UNIFORM_5139481885857321791.txt -> /home/shahbazk/Projects/DFS_Semi_Streaming/input/random_graphs/graph_6000_17997000_UNIFORM_5139481885857321791.txt (Time: 0.16s)
📦 COPIED from HDD: /media/HDD/Projects/ExpDFS/graph_6000_17997000_UNIFORM_5708372698381010775.txt -> /home/shahbazk/Projects/DFS_Semi_Streaming/input/random_graphs/graph_6000_17997000_UNIFORM_5708372698381010775.txt (Time: 0.17s)
📦 COPIED from HDD: /media/HDD/Projects/ExpDFS/graph_6000_17997000_UNIFORM_521787134863155063.txt -> /home/shahbazk/Projects/DFS_Semi_Streaming/input/random_graphs/graph_6000_17997000_UNIFORM_521787134863155063.txt (Time: 0.17s)
📦 COPIED from HDD: /media/HDD/Projects/ExpDFS/graph_6000_17997000_UNIFORM_1731523882129807996.txt -> /home/shahbazk/Projects/DFS_Semi_Streaming/input/random_graphs/graph_6000_17997000_UNIFORM_1731523882129807996.txt (Time: 0.17s)
📦 COPIED from HDD: /media/HDD/Projects/ExpDFS/graph_6000_17997000_UNIFORM_1853590723603270879.txt -> /home/shahbazk/Projects/DFS_Semi_Streaming/input/random_graphs/graph_6000_17997000_UNIFORM_1853590723603270879.txt (Time: 0.17s)
📦 COPIED from HDD: /media/HDD/Projects/ExpDFS/graph_6000_17997000_UNIFORM_7029781962072644698.txt -> /home/shahbazk/Projects/DFS_Semi_Streaming/input/random_graphs/graph_6000_17997000_UNIFORM_7029781962072644698.txt (Time: 0.17s)
📦 COPIED from HDD: /media/HDD/Projects/ExpDFS/graph_6000_17997000_UNIFORM_5529616217668449934.txt -> /home/shahbazk/Projects/DFS_Semi_Streaming/input/random_graphs/graph_6000_17997000_UNIFORM_5529616217668449934.txt (Time: 0.17s)
📦 COPIED from HDD: /media/HDD/Projects/ExpDFS/graph_6000_17997000_UNIFORM_1024517563182776983.txt -> /home/shahbazk/Projects/DFS_Semi_Streaming/input/random_graphs/graph_6000_17997000_UNIFORM_1024517563182776983.txt (Time: 0.17s)
📦 COPIED from HDD: /media/HDD/Projects/ExpDFS/graph_6000_17997000_UNIFORM_6785030173969523435.txt -> /home/shahbazk/Projects/DFS_Semi_Streaming/input/random_graphs/graph_6000_17997000_UNIFORM_6785030173969523435.txt (Time: 0.17s)
📦 COPIED from HDD: /media/HDD/Projects/ExpDFS/graph_6000_17997000_UNIFORM_3224265581699847191.txt -> /home/shahbazk/Projects/DFS_Semi_Streaming/input/random_graphs/graph_6000_17997000_UNIFORM_3224265581699847191.txt (Time: 0.19s)
📦 COPIED from HDD: /media/HDD/Projects/ExpDFS/graph_6000_17997000_UNIFORM_5258051056098597521.txt -> /home/shahbazk/Projects/DFS_Semi_Streaming/input/random_graphs/graph_6000_17997000_UNIFORM_5258051056098597521.txt (Time: 0.16s)
📦 COPIED from HDD: /media/HDD/Projects/ExpDFS/graph_6000_17997000_UNIFORM_7706236040662210848.txt -> /home/shahbazk/Projects/DFS_Semi_Streaming/input/random_graphs/graph_6000_17997000_UNIFORM_7706236040662210848.txt (Time: 0.17s)
📦 COPIED from HDD: /media/HDD/Projects/ExpDFS/graph_6000_17997000_UNIFORM_824387247617288499.txt -> /home/shahbazk/Projects/DFS_Semi_Streaming/input/random_graphs/graph_6000_17997000_UNIFORM_824387247617288499.txt (Time: 0.17s)
📦 COPIED from HDD: /media/HDD/Projects/ExpDFS/graph_6000_17997000_UNIFORM_4122784633514911760.txt -> /home/shahbazk/Projects/DFS_Semi_Streaming/input/random_graphs/graph_6000_17997000_UNIFORM_4122784633514911760.txt (Time: 0.17s)
📦 COPIED from HDD: /media/HDD/Projects/ExpDFS/graph_6000_17997000_UNIFORM_1647170069535670909.txt -> /home/shahbazk/Projects/DFS_Semi_Streaming/input/random_graphs/graph_6000_17997000_UNIFORM_1647170069535670909.txt (Time: 0.18s)
📦 COPIED from HDD: /media/HDD/Projects/ExpDFS/graph_6000_17997000_UNIFORM_1632192924771168275.txt -> /home/shahbazk/Projects/DFS_Semi_Streaming/input/random_graphs/graph_6000_17997000_UNIFORM_1632192924771168275.txt (Time: 0.17s)
📦 COPIED from HDD: /media/HDD/Projects/ExpDFS/graph_6000_17997000_UNIFORM_4552998297316576788.txt -> /home/shahbazk/Projects/DFS_Semi_Streaming/input/random_graphs/graph_6000_17997000_UNIFORM_4552998297316576788.txt (Time: 0.16s)
📦 COPIED from HDD: /media/HDD/Projects/ExpDFS/graph_6000_17997000_UNIFORM_7161906730445628483.txt -> /home/shahbazk/Projects/DFS_Semi_Streaming/input/random_graphs/graph_6000_17997000_UNIFORM_7161906730445628483.txt (Time: 0.17s)
📦 COPIED from HDD: /media/HDD/Projects/ExpDFS/graph_6000_17997000_UNIFORM_6802378520969450157.txt -> /home/shahbazk/Projects/DFS_Semi_Streaming/input/random_graphs/graph_6000_17997000_UNIFORM_6802378520969450157.txt (Time: 0.17s)
📦 COPIED from HDD: /media/HDD/Projects/ExpDFS/graph_6000_17997000_UNIFORM_8031431416522537101.txt -> /home/shahbazk/Projects/DFS_Semi_Streaming/input/random_graphs/graph_6000_17997000_UNIFORM_8031431416522537101.txt (Time: 0.16s)
📦 COPIED from HDD: /media/HDD/Projects/ExpDFS/graph_6000_17997000_UNIFORM_6143643868734370809.txt -> /home/shahbazk/Projects/DFS_Semi_Streaming/input/random_graphs/graph_6000_17997000_UNIFORM_6143643868734370809.txt (Time: 0.17s)
📦 COPIED from HDD: /media/HDD/Projects/ExpDFS/graph_6000_17997000_UNIFORM_5636411189175451024.txt -> /home/shahbazk/Projects/DFS_Semi_Streaming/input/random_graphs/graph_6000_17997000_UNIFORM_5636411189175451024.txt (Time: 0.17s)
📦 COPIED from HDD: /media/HDD/Projects/ExpDFS/graph_6000_17997000_UNIFORM_7917045922527545890.txt -> /home/shahbazk/Projects/DFS_Semi_Streaming/input/random_graphs/graph_6000_17997000_UNIFORM_7917045922527545890.txt (Time: 0.17s)
📦 COPIED from HDD: /media/HDD/Projects/ExpDFS/graph_6000_17997000_UNIFORM_4445925461710302877.txt -> /home/shahbazk/Projects/DFS_Semi_Streaming/input/random_graphs/graph_6000_17997000_UNIFORM_4445925461710302877.txt (Time: 0.16s)
📦 COPIED from HDD: /media/HDD/Projects/ExpDFS/graph_6000_17997000_UNIFORM_3272308573967577038.txt -> /home/shahbazk/Projects/DFS_Semi_Streaming/input/random_graphs/graph_6000_17997000_UNIFORM_3272308573967577038.txt (Time: 0.17s)
📦 COPIED from HDD: /media/HDD/Projects/ExpDFS/graph_6000_17997000_UNIFORM_5349491008325879064.txt -> /home/shahbazk/Projects/DFS_Semi_Streaming/input/random_graphs/graph_6000_17997000_UNIFORM_5349491008325879064.txt (Time: 0.17s)
📦 COPIED from HDD: /media/HDD/Projects/ExpDFS/graph_6000_17997000_UNIFORM_6614505080519948832.txt -> /home/shahbazk/Projects/DFS_Semi_Streaming/input/random_graphs/graph_6000_17997000_UNIFORM_6614505080519948832.txt (Time: 0.18s)
📦 COPIED from HDD: /media/HDD/Projects/ExpDFS/graph_6000_17997000_UNIFORM_7938560551762094560.txt -> /home/shahbazk/Projects/DFS_Semi_Streaming/input/random_graphs/graph_6000_17997000_UNIFORM_7938560551762094560.txt (Time: 0.17s)
📦 COPIED from HDD: /media/HDD/Projects/ExpDFS/graph_6000_17997000_UNIFORM_3865339568260874865.txt -> /home/shahbazk/Projects/DFS_Semi_Streaming/input/random_graphs/graph_6000_17997000_UNIFORM_3865339568260874865.txt (Time: 0.17s)
📦 COPIED from HDD: /media/HDD/Projects/ExpDFS/graph_6000_17997000_UNIFORM_7921282862123281598.txt -> /home/shahbazk/Projects/DFS_Semi_Streaming/input/random_graphs/graph_6000_17997000_UNIFORM_7921282862123281598.txt (Time: 0.17s)
📦 COPIED from HDD: /media/HDD/Projects/ExpDFS/graph_6000_17997000_UNIFORM_1128313391724783137.txt -> /home/shahbazk/Projects/DFS_Semi_Streaming/input/random_graphs/graph_6000_17997000_UNIFORM_1128313391724783137.txt (Time: 0.18s)
📦 COPIED from HDD: /media/HDD/Projects/ExpDFS/graph_6000_17997000_UNIFORM_6224222471595207695.txt -> /home/shahbazk/Projects/DFS_Semi_Streaming/input/random_graphs/graph_6000_17997000_UNIFORM_6224222471595207695.txt (Time: 0.18s)
📦 COPIED from HDD: /media/HDD/Projects/ExpDFS/graph_6000_17997000_UNIFORM_8718380604043999642.txt -> /home/shahbazk/Projects/DFS_Semi_Streaming/input/random_graphs/graph_6000_17997000_UNIFORM_8718380604043999642.txt (Time: 0.17s)
📦 COPIED from HDD: /media/HDD/Projects/ExpDFS/graph_6000_17997000_UNIFORM_716820155901718944.txt -> /home/shahbazk/Projects/DFS_Semi_Streaming/input/random_graphs/graph_6000_17997000_UNIFORM_716820155901718944.txt (Time: 0.17s)
📦 COPIED from HDD: /media/HDD/Projects/ExpDFS/graph_6000_17997000_UNIFORM_8446481348147407377.txt -> /home/shahbazk/Projects/DFS_Semi_Streaming/input/random_graphs/graph_6000_17997000_UNIFORM_8446481348147407377.txt (Time: 0.17s)
📦 COPIED from HDD: /media/HDD/Projects/ExpDFS/graph_6000_17997000_UNIFORM_3817405844514670994.txt -> /home/shahbazk/Projects/DFS_Semi_Streaming/input/random_graphs/graph_6000_17997000_UNIFORM_3817405844514670994.txt (Time: 0.16s)
📦 COPIED from HDD: /media/HDD/Projects/ExpDFS/graph_6000_17997000_UNIFORM_5063475852268941542.txt -> /home/shahbazk/Projects/DFS_Semi_Streaming/input/random_graphs/graph_6000_17997000_UNIFORM_5063475852268941542.txt (Time: 0.17s)
📦 COPIED from HDD: /media/HDD/Projects/ExpDFS/graph_6000_17997000_UNIFORM_6022436717541034636.txt -> /home/shahbazk/Projects/DFS_Semi_Streaming/input/random_graphs/graph_6000_17997000_UNIFORM_6022436717541034636.txt (Time: 0.16s)
📦 COPIED from HDD: /media/HDD/Projects/ExpDFS/graph_6000_17997000_UNIFORM_4997514996153925447.txt -> /home/shahbazk/Projects/DFS_Semi_Streaming/input/random_graphs/graph_6000_17997000_UNIFORM_4997514996153925447.txt (Time: 0.17s)
📦 COPIED from HDD: /media/HDD/Projects/ExpDFS/graph_6000_17997000_UNIFORM_6529943913552561417.txt -> /home/shahbazk/Projects/DFS_Semi_Streaming/input/random_graphs/graph_6000_17997000_UNIFORM_6529943913552561417.txt (Time: 0.17s)
📦 COPIED from HDD: /media/HDD/Projects/ExpDFS/graph_6000_17997000_UNIFORM_2909934787168262407.txt -> /home/shahbazk/Projects/DFS_Semi_Streaming/input/random_graphs/graph_6000_17997000_UNIFORM_2909934787168262407.txt (Time: 0.17s)
📦 COPIED from HDD: /media/HDD/Projects/ExpDFS/graph_6000_17997000_UNIFORM_1170385908854608748.txt -> /home/shahbazk/Projects/DFS_Semi_Streaming/input/random_graphs/graph_6000_17997000_UNIFORM_1170385908854608748.txt (Time: 0.20s)
📦 COPIED from HDD: /media/HDD/Projects/ExpDFS/graph_6000_17997000_UNIFORM_199422815561151340.txt -> /home/shahbazk/Projects/DFS_Semi_Streaming/input/random_graphs/graph_6000_17997000_UNIFORM_199422815561151340.txt (Time: 0.18s)
📦 COPIED from HDD: /media/HDD/Projects/ExpDFS/graph_6000_17997000_UNIFORM_3713827327871807734.txt -> /home/shahbazk/Projects/DFS_Semi_Streaming/input/random_graphs/graph_6000_17997000_UNIFORM_3713827327871807734.txt (Time: 0.26s)
📦 COPIED from HDD: /media/HDD/Projects/ExpDFS/graph_6000_17997000_UNIFORM_175493991617213850.txt -> /home/shahbazk/Projects/DFS_Semi_Streaming/input/random_graphs/graph_6000_17997000_UNIFORM_175493991617213850.txt (Time: 0.20s)
📦 COPIED from HDD: /media/HDD/Projects/ExpDFS/graph_6000_17997000_UNIFORM_5108599054664628607.txt -> /home/shahbazk/Projects/DFS_Semi_Streaming/input/random_graphs/graph_6000_17997000_UNIFORM_5108599054664628607.txt (Time: 0.17s)
📦 COPIED from HDD: /media/HDD/Projects/ExpDFS/graph_6000_17997000_UNIFORM_9130666990809746335.txt -> /home/shahbazk/Projects/DFS_Semi_Streaming/input/random_graphs/graph_6000_17997000_UNIFORM_9130666990809746335.txt (Time: 0.17s)
📦 COPIED from HDD: /media/HDD/Projects/ExpDFS/graph_6000_17997000_UNIFORM_7644420139408884785.txt -> /home/shahbazk/Projects/DFS_Semi_Streaming/input/random_graphs/graph_6000_17997000_UNIFORM_7644420139408884785.txt (Time: 0.16s)
📦 COPIED from HDD: /media/HDD/Projects/ExpDFS/graph_6000_17997000_UNIFORM_6764066939395682287.txt -> /home/shahbazk/Projects/DFS_Semi_Streaming/input/random_graphs/graph_6000_17997000_UNIFORM_6764066939395682287.txt (Time: 0.17s)
📦 COPIED from HDD: /media/HDD/Projects/ExpDFS/graph_6000_17997000_UNIFORM_8794274795737982182.txt -> /home/shahbazk/Projects/DFS_Semi_Streaming/input/random_graphs/graph_6000_17997000_UNIFORM_8794274795737982182.txt (Time: 0.16s)
📦 COPIED from HDD: /media/HDD/Projects/ExpDFS/graph_6000_17997000_UNIFORM_1458186392400727732.txt -> /home/shahbazk/Projects/DFS_Semi_Streaming/input/random_graphs/graph_6000_17997000_UNIFORM_1458186392400727732.txt (Time: 0.18s)
📦 COPIED from HDD: /media/HDD/Projects/ExpDFS/graph_6000_17997000_UNIFORM_9060210648189963449.txt -> /home/shahbazk/Projects/DFS_Semi_Streaming/input/random_graphs/graph_6000_17997000_UNIFORM_9060210648189963449.txt (Time: 0.19s)
📦 COPIED from HDD: /media/HDD/Projects/ExpDFS/graph_6000_17997000_UNIFORM_1392892770529522614.txt -> /home/shahbazk/Projects/DFS_Semi_Streaming/input/random_graphs/graph_6000_17997000_UNIFORM_1392892770529522614.txt (Time: 0.18s)
📦 COPIED from HDD: /media/HDD/Projects/ExpDFS/graph_6000_17997000_UNIFORM_4250897495980125004.txt -> /home/shahbazk/Projects/DFS_Semi_Streaming/input/random_graphs/graph_6000_17997000_UNIFORM_4250897495980125004.txt (Time: 0.17s)
📦 COPIED from HDD: /media/HDD/Projects/ExpDFS/graph_6000_17997000_UNIFORM_2089506265998900862.txt -> /home/shahbazk/Projects/DFS_Semi_Streaming/input/random_graphs/graph_6000_17997000_UNIFORM_2089506265998900862.txt (Time: 0.18s)
📦 COPIED from HDD: /media/HDD/Projects/ExpDFS/graph_6000_17997000_UNIFORM_4060584409398689268.txt -> /home/shahbazk/Projects/DFS_Semi_Streaming/input/random_graphs/graph_6000_17997000_UNIFORM_4060584409398689268.txt (Time: 0.17s)
📦 COPIED from HDD: /media/HDD/Projects/ExpDFS/graph_6000_17997000_UNIFORM_7905487461282246979.txt -> /home/shahbazk/Projects/DFS_Semi_Streaming/input/random_graphs/graph_6000_17997000_UNIFORM_7905487461282246979.txt (Time: 0.17s)
📦 COPIED from HDD: /media/HDD/Projects/ExpDFS/graph_6000_17997000_UNIFORM_8626102704817790064.txt -> /home/shahbazk/Projects/DFS_Semi_Streaming/input/random_graphs/graph_6000_17997000_UNIFORM_8626102704817790064.txt (Time: 0.17s)
📦 COPIED from HDD: /media/HDD/Projects/ExpDFS/graph_6000_17997000_UNIFORM_1332005502874566195.txt -> /home/shahbazk/Projects/DFS_Semi_Streaming/input/random_graphs/graph_6000_17997000_UNIFORM_1332005502874566195.txt (Time: 0.18s)
📦 COPIED from HDD: /media/HDD/Projects/ExpDFS/graph_6000_17997000_UNIFORM_5497874167834979553.txt -> /home/shahbazk/Projects/DFS_Semi_Streaming/input/random_graphs/graph_6000_17997000_UNIFORM_5497874167834979553.txt (Time: 0.17s)
📦 COPIED from HDD: /media/HDD/Projects/ExpDFS/graph_6000_17997000_UNIFORM_1722224698700348310.txt -> /home/shahbazk/Projects/DFS_Semi_Streaming/input/random_graphs/graph_6000_17997000_UNIFORM_1722224698700348310.txt (Time: 0.17s)
📦 COPIED from HDD: /media/HDD/Projects/ExpDFS/graph_6000_17997000_UNIFORM_4795749165124911768.txt -> /home/shahbazk/Projects/DFS_Semi_Streaming/input/random_graphs/graph_6000_17997000_UNIFORM_4795749165124911768.txt (Time: 0.17s)
📦 COPIED from HDD: /media/HDD/Projects/ExpDFS/graph_6000_17997000_UNIFORM_8448596294177070022.txt -> /home/shahbazk/Projects/DFS_Semi_Streaming/input/random_graphs/graph_6000_17997000_UNIFORM_8448596294177070022.txt (Time: 0.19s)
📦 COPIED from HDD: /media/HDD/Projects/ExpDFS/graph_6000_17997000_UNIFORM_4934890601268679176.txt -> /home/shahbazk/Projects/DFS_Semi_Streaming/input/random_graphs/graph_6000_17997000_UNIFORM_4934890601268679176.txt (Time: 0.20s)
📦 COPIED from HDD: /media/HDD/Projects/ExpDFS/graph_6000_17997000_UNIFORM_1992204328026194281.txt -> /home/shahbazk/Projects/DFS_Semi_Streaming/input/random_graphs/graph_6000_17997000_UNIFORM_1992204328026194281.txt (Time: 0.18s)
📦 COPIED from HDD: /media/HDD/Projects/ExpDFS/graph_6000_17997000_UNIFORM_9059990922233379852.txt -> /home/shahbazk/Projects/DFS_Semi_Streaming/input/random_graphs/graph_6000_17997000_UNIFORM_9059990922233379852.txt (Time: 0.17s)
📦 COPIED from HDD: /media/HDD/Projects/ExpDFS/graph_6000_17997000_UNIFORM_7118744415197196276.txt -> /home/shahbazk/Projects/DFS_Semi_Streaming/input/random_graphs/graph_6000_17997000_UNIFORM_7118744415197196276.txt (Time: 0.18s)
📦 COPIED from HDD: /media/HDD/Projects/ExpDFS/graph_6000_17997000_UNIFORM_2718103348384927511.txt -> /home/shahbazk/Projects/DFS_Semi_Streaming/input/random_graphs/graph_6000_17997000_UNIFORM_2718103348384927511.txt (Time: 0.17s)
📦 COPIED from HDD: /media/HDD/Projects/ExpDFS/graph_6000_17997000_UNIFORM_7449662661572224354.txt -> /home/shahbazk/Projects/DFS_Semi_Streaming/input/random_graphs/graph_6000_17997000_UNIFORM_7449662661572224354.txt (Time: 0.17s)
📦 COPIED from HDD: /media/HDD/Projects/ExpDFS/graph_6000_17997000_UNIFORM_3221421291694197220.txt -> /home/shahbazk/Projects/DFS_Semi_Streaming/input/random_graphs/graph_6000_17997000_UNIFORM_3221421291694197220.txt (Time: 0.17s)
📦 COPIED from HDD: /media/HDD/Projects/ExpDFS/graph_6000_17997000_UNIFORM_5894893360759659423.txt -> /home/shahbazk/Projects/DFS_Semi_Streaming/input/random_graphs/graph_6000_17997000_UNIFORM_5894893360759659423.txt (Time: 0.17s)
📦 COPIED from HDD: /media/HDD/Projects/ExpDFS/graph_6000_17997000_UNIFORM_7983805977214098674.txt -> /home/shahbazk/Projects/DFS_Semi_Streaming/input/random_graphs/graph_6000_17997000_UNIFORM_7983805977214098674.txt (Time: 0.17s)
📦 COPIED from HDD: /media/HDD/Projects/ExpDFS/graph_6000_17997000_UNIFORM_8867616339855336876.txt -> /home/shahbazk/Projects/DFS_Semi_Streaming/input/random_graphs/graph_6000_17997000_UNIFORM_8867616339855336876.txt (Time: 0.19s)
📦 COPIED from HDD: /media/HDD/Projects/ExpDFS/graph_6000_17997000_UNIFORM_2264398621601381987.txt -> /home/shahbazk/Projects/DFS_Semi_Streaming/input/random_graphs/graph_6000_17997000_UNIFORM_2264398621601381987.txt (Time: 0.21s)
📦 COPIED from HDD: /media/HDD/Projects/ExpDFS/graph_6000_17997000_UNIFORM_4940913311242578590.txt -> /home/shahbazk/Projects/DFS_Semi_Streaming/input/random_graphs/graph_6000_17997000_UNIFORM_4940913311242578590.txt (Time: 0.21s)
📦 COPIED from HDD: /media/HDD/Projects/ExpDFS/graph_6000_17997000_UNIFORM_7632458674696225362.txt -> /home/shahbazk/Projects/DFS_Semi_Streaming/input/random_graphs/graph_6000_17997000_UNIFORM_7632458674696225362.txt (Time: 0.18s)
📦 COPIED from HDD: /media/HDD/Projects/ExpDFS/graph_7000_24496500_UNIFORM_6230961512046992311.txt -> /home/shahbazk/Projects/DFS_Semi_Streaming/input/random_graphs/graph_7000_24496500_UNIFORM_6230961512046992311.txt (Time: 0.24s)
📦 COPIED from HDD: /media/HDD/Projects/ExpDFS/graph_7000_24496500_UNIFORM_5739955973604961613.txt -> /home/shahbazk/Projects/DFS_Semi_Streaming/input/random_graphs/graph_7000_24496500_UNIFORM_5739955973604961613.txt (Time: 0.32s)
📦 COPIED from HDD: /media/HDD/Projects/ExpDFS/graph_7000_24496500_UNIFORM_3881801951614183357.txt -> /home/shahbazk/Projects/DFS_Semi_Streaming/input/random_graphs/graph_7000_24496500_UNIFORM_3881801951614183357.txt (Time: 0.24s)
📦 COPIED from HDD: /media/HDD/Projects/ExpDFS/graph_7000_24496500_UNIFORM_7871178979383552919.txt -> /home/shahbazk/Projects/DFS_Semi_Streaming/input/random_graphs/graph_7000_24496500_UNIFORM_7871178979383552919.txt (Time: 0.26s)
📦 COPIED from HDD: /media/HDD/Projects/ExpDFS/graph_7000_24496500_UNIFORM_7032710160631691991.txt -> /home/shahbazk/Projects/DFS_Semi_Streaming/input/random_graphs/graph_7000_24496500_UNIFORM_7032710160631691991.txt (Time: 0.30s)
📦 COPIED from HDD: /media/HDD/Projects/ExpDFS/graph_7000_24496500_UNIFORM_7599700178212337699.txt -> /home/shahbazk/Projects/DFS_Semi_Streaming/input/random_graphs/graph_7000_24496500_UNIFORM_7599700178212337699.txt (Time: 0.23s)
📦 COPIED from HDD: /media/HDD/Projects/ExpDFS/graph_7000_24496500_UNIFORM_1353182403971399009.txt -> /home/shahbazk/Projects/DFS_Semi_Streaming/input/random_graphs/graph_7000_24496500_UNIFORM_1353182403971399009.txt (Time: 0.23s)
📦 COPIED from HDD: /media/HDD/Projects/ExpDFS/graph_7000_24496500_UNIFORM_4040737767143389431.txt -> /home/shahbazk/Projects/DFS_Semi_Streaming/input/random_graphs/graph_7000_24496500_UNIFORM_4040737767143389431.txt (Time: 0.23s)
📦 COPIED from HDD: /media/HDD/Projects/ExpDFS/graph_7000_24496500_UNIFORM_6938562734920028532.txt -> /home/shahbazk/Projects/DFS_Semi_Streaming/input/random_graphs/graph_7000_24496500_UNIFORM_6938562734920028532.txt (Time: 0.24s)
📦 COPIED from HDD: /media/HDD/Projects/ExpDFS/graph_7000_24496500_UNIFORM_6522163754831416203.txt -> /home/shahbazk/Projects/DFS_Semi_Streaming/input/random_graphs/graph_7000_24496500_UNIFORM_6522163754831416203.txt (Time: 0.28s)
📦 COPIED from HDD: /media/HDD/Projects/ExpDFS/graph_7000_24496500_UNIFORM_1070244953599069350.txt -> /home/shahbazk/Projects/DFS_Semi_Streaming/input/random_graphs/graph_7000_24496500_UNIFORM_1070244953599069350.txt (Time: 0.28s)
📦 COPIED from HDD: /media/HDD/Projects/ExpDFS/graph_7000_24496500_UNIFORM_1250005700364523649.txt -> /home/shahbazk/Projects/DFS_Semi_Streaming/input/random_graphs/graph_7000_24496500_UNIFORM_1250005700364523649.txt (Time: 0.28s)
📦 COPIED from HDD: /media/HDD/Projects/ExpDFS/graph_7000_24496500_UNIFORM_1309542850049879452.txt -> /home/shahbazk/Projects/DFS_Semi_Streaming/input/random_graphs/graph_7000_24496500_UNIFORM_1309542850049879452.txt (Time: 0.27s)
📦 COPIED from HDD: /media/HDD/Projects/ExpDFS/graph_7000_24496500_UNIFORM_2429002973740178792.txt -> /home/shahbazk/Projects/DFS_Semi_Streaming/input/random_graphs/graph_7000_24496500_UNIFORM_2429002973740178792.txt (Time: 0.26s)
📦 COPIED from HDD: /media/HDD/Projects/ExpDFS/graph_7000_24496500_UNIFORM_3438400432146115956.txt -> /home/shahbazk/Projects/DFS_Semi_Streaming/input/random_graphs/graph_7000_24496500_UNIFORM_3438400432146115956.txt (Time: 0.29s)
📦 COPIED from HDD: /media/HDD/Projects/ExpDFS/graph_7000_24496500_UNIFORM_5906957480796939447.txt -> /home/shahbazk/Projects/DFS_Semi_Streaming/input/random_graphs/graph_7000_24496500_UNIFORM_5906957480796939447.txt (Time: 0.29s)
📦 COPIED from HDD: /media/HDD/Projects/ExpDFS/graph_7000_24496500_UNIFORM_7473196763798409428.txt -> /home/shahbazk/Projects/DFS_Semi_Streaming/input/random_graphs/graph_7000_24496500_UNIFORM_7473196763798409428.txt (Time: 0.24s)
📦 COPIED from HDD: /media/HDD/Projects/ExpDFS/graph_7000_24496500_UNIFORM_7663871783842725848.txt -> /home/shahbazk/Projects/DFS_Semi_Streaming/input/random_graphs/graph_7000_24496500_UNIFORM_7663871783842725848.txt (Time: 0.26s)
📦 COPIED from HDD: /media/HDD/Projects/ExpDFS/graph_7000_24496500_UNIFORM_5142811650494845597.txt -> /home/shahbazk/Projects/DFS_Semi_Streaming/input/random_graphs/graph_7000_24496500_UNIFORM_5142811650494845597.txt (Time: 0.23s)
📦 COPIED from HDD: /media/HDD/Projects/ExpDFS/graph_7000_24496500_UNIFORM_320375091487821987.txt -> /home/shahbazk/Projects/DFS_Semi_Streaming/input/random_graphs/graph_7000_24496500_UNIFORM_320375091487821987.txt (Time: 0.27s)
📦 COPIED from HDD: /media/HDD/Projects/ExpDFS/graph_7000_24496500_UNIFORM_3010622984418968408.txt -> /home/shahbazk/Projects/DFS_Semi_Streaming/input/random_graphs/graph_7000_24496500_UNIFORM_3010622984418968408.txt (Time: 0.28s)
📦 COPIED from HDD: /media/HDD/Projects/ExpDFS/graph_7000_24496500_UNIFORM_1250773459040295677.txt -> /home/shahbazk/Projects/DFS_Semi_Streaming/input/random_graphs/graph_7000_24496500_UNIFORM_1250773459040295677.txt (Time: 0.26s)
📦 COPIED from HDD: /media/HDD/Projects/ExpDFS/graph_7000_24496500_UNIFORM_7146860528564146064.txt -> /home/shahbazk/Projects/DFS_Semi_Streaming/input/random_graphs/graph_7000_24496500_UNIFORM_7146860528564146064.txt (Time: 0.24s)
📦 COPIED from HDD: /media/HDD/Projects/ExpDFS/graph_7000_24496500_UNIFORM_5139481885857321791.txt -> /home/shahbazk/Projects/DFS_Semi_Streaming/input/random_graphs/graph_7000_24496500_UNIFORM_5139481885857321791.txt (Time: 0.24s)
📦 COPIED from HDD: /media/HDD/Projects/ExpDFS/graph_7000_24496500_UNIFORM_6002685213311538187.txt -> /home/shahbazk/Projects/DFS_Semi_Streaming/input/random_graphs/graph_7000_24496500_UNIFORM_6002685213311538187.txt (Time: 0.26s)
📦 COPIED from HDD: /media/HDD/Projects/ExpDFS/graph_7000_24496500_UNIFORM_1731523882129807996.txt -> /home/shahbazk/Projects/DFS_Semi_Streaming/input/random_graphs/graph_7000_24496500_UNIFORM_1731523882129807996.txt (Time: 0.24s)
📦 COPIED from HDD: /media/HDD/Projects/ExpDFS/graph_7000_24496500_UNIFORM_5708372698381010775.txt -> /home/shahbazk/Projects/DFS_Semi_Streaming/input/random_graphs/graph_7000_24496500_UNIFORM_5708372698381010775.txt (Time: 0.25s)
📦 COPIED from HDD: /media/HDD/Projects/ExpDFS/graph_7000_24496500_UNIFORM_521787134863155063.txt -> /home/shahbazk/Projects/DFS_Semi_Streaming/input/random_graphs/graph_7000_24496500_UNIFORM_521787134863155063.txt (Time: 0.29s)
📦 COPIED from HDD: /media/HDD/Projects/ExpDFS/graph_7000_24496500_UNIFORM_1853590723603270879.txt -> /home/shahbazk/Projects/DFS_Semi_Streaming/input/random_graphs/graph_7000_24496500_UNIFORM_1853590723603270879.txt (Time: 0.23s)
📦 COPIED from HDD: /media/HDD/Projects/ExpDFS/graph_7000_24496500_UNIFORM_6785030173969523435.txt -> /home/shahbazk/Projects/DFS_Semi_Streaming/input/random_graphs/graph_7000_24496500_UNIFORM_6785030173969523435.txt (Time: 0.23s)
📦 COPIED from HDD: /media/HDD/Projects/ExpDFS/graph_7000_24496500_UNIFORM_5529616217668449934.txt -> /home/shahbazk/Projects/DFS_Semi_Streaming/input/random_graphs/graph_7000_24496500_UNIFORM_5529616217668449934.txt (Time: 0.23s)
📦 COPIED from HDD: /media/HDD/Projects/ExpDFS/graph_7000_24496500_UNIFORM_3224265581699847191.txt -> /home/shahbazk/Projects/DFS_Semi_Streaming/input/random_graphs/graph_7000_24496500_UNIFORM_3224265581699847191.txt (Time: 0.22s)
📦 COPIED from HDD: /media/HDD/Projects/ExpDFS/graph_7000_24496500_UNIFORM_7029781962072644698.txt -> /home/shahbazk/Projects/DFS_Semi_Streaming/input/random_graphs/graph_7000_24496500_UNIFORM_7029781962072644698.txt (Time: 0.25s)
📦 COPIED from HDD: /media/HDD/Projects/ExpDFS/graph_7000_24496500_UNIFORM_1024517563182776983.txt -> /home/shahbazk/Projects/DFS_Semi_Streaming/input/random_graphs/graph_7000_24496500_UNIFORM_1024517563182776983.txt (Time: 0.24s)
📦 COPIED from HDD: /media/HDD/Projects/ExpDFS/graph_7000_24496500_UNIFORM_1647170069535670909.txt -> /home/shahbazk/Projects/DFS_Semi_Streaming/input/random_graphs/graph_7000_24496500_UNIFORM_1647170069535670909.txt (Time: 0.24s)
📦 COPIED from HDD: /media/HDD/Projects/ExpDFS/graph_7000_24496500_UNIFORM_5258051056098597521.txt -> /home/shahbazk/Projects/DFS_Semi_Streaming/input/random_graphs/graph_7000_24496500_UNIFORM_5258051056098597521.txt (Time: 0.24s)
📦 COPIED from HDD: /media/HDD/Projects/ExpDFS/graph_7000_24496500_UNIFORM_7706236040662210848.txt -> /home/shahbazk/Projects/DFS_Semi_Streaming/input/random_graphs/graph_7000_24496500_UNIFORM_7706236040662210848.txt (Time: 0.24s)
📦 COPIED from HDD: /media/HDD/Projects/ExpDFS/graph_7000_24496500_UNIFORM_4122784633514911760.txt -> /home/shahbazk/Projects/DFS_Semi_Streaming/input/random_graphs/graph_7000_24496500_UNIFORM_4122784633514911760.txt (Time: 0.26s)
📦 COPIED from HDD: /media/HDD/Projects/ExpDFS/graph_7000_24496500_UNIFORM_824387247617288499.txt -> /home/shahbazk/Projects/DFS_Semi_Streaming/input/random_graphs/graph_7000_24496500_UNIFORM_824387247617288499.txt (Time: 0.26s)
📦 COPIED from HDD: /media/HDD/Projects/ExpDFS/graph_7000_24496500_UNIFORM_6802378520969450157.txt -> /home/shahbazk/Projects/DFS_Semi_Streaming/input/random_graphs/graph_7000_24496500_UNIFORM_6802378520969450157.txt (Time: 0.26s)
📦 COPIED from HDD: /media/HDD/Projects/ExpDFS/graph_7000_24496500_UNIFORM_1632192924771168275.txt -> /home/shahbazk/Projects/DFS_Semi_Streaming/input/random_graphs/graph_7000_24496500_UNIFORM_1632192924771168275.txt (Time: 0.23s)
📦 COPIED from HDD: /media/HDD/Projects/ExpDFS/graph_7000_24496500_UNIFORM_7161906730445628483.txt -> /home/shahbazk/Projects/DFS_Semi_Streaming/input/random_graphs/graph_7000_24496500_UNIFORM_7161906730445628483.txt (Time: 0.24s)
📦 COPIED from HDD: /media/HDD/Projects/ExpDFS/graph_7000_24496500_UNIFORM_4552998297316576788.txt -> /home/shahbazk/Projects/DFS_Semi_Streaming/input/random_graphs/graph_7000_24496500_UNIFORM_4552998297316576788.txt (Time: 0.29s)
📦 COPIED from HDD: /media/HDD/Projects/ExpDFS/graph_7000_24496500_UNIFORM_8031431416522537101.txt -> /home/shahbazk/Projects/DFS_Semi_Streaming/input/random_graphs/graph_7000_24496500_UNIFORM_8031431416522537101.txt (Time: 0.29s)
📦 COPIED from HDD: /media/HDD/Projects/ExpDFS/graph_7000_24496500_UNIFORM_6143643868734370809.txt -> /home/shahbazk/Projects/DFS_Semi_Streaming/input/random_graphs/graph_7000_24496500_UNIFORM_6143643868734370809.txt (Time: 0.33s)
📦 COPIED from HDD: /media/HDD/Projects/ExpDFS/graph_7000_24496500_UNIFORM_3272308573967577038.txt -> /home/shahbazk/Projects/DFS_Semi_Streaming/input/random_graphs/graph_7000_24496500_UNIFORM_3272308573967577038.txt (Time: 0.25s)
📦 COPIED from HDD: /media/HDD/Projects/ExpDFS/graph_7000_24496500_UNIFORM_5349491008325879064.txt -> /home/shahbazk/Projects/DFS_Semi_Streaming/input/random_graphs/graph_7000_24496500_UNIFORM_5349491008325879064.txt (Time: 0.29s)
📦 COPIED from HDD: /media/HDD/Projects/ExpDFS/graph_7000_24496500_UNIFORM_7938560551762094560.txt -> /home/shahbazk/Projects/DFS_Semi_Streaming/input/random_graphs/graph_7000_24496500_UNIFORM_7938560551762094560.txt (Time: 0.25s)
📦 COPIED from HDD: /media/HDD/Projects/ExpDFS/graph_7000_24496500_UNIFORM_5636411189175451024.txt -> /home/shahbazk/Projects/DFS_Semi_Streaming/input/random_graphs/graph_7000_24496500_UNIFORM_5636411189175451024.txt (Time: 0.28s)
📦 COPIED from HDD: /media/HDD/Projects/ExpDFS/graph_7000_24496500_UNIFORM_6614505080519948832.txt -> /home/shahbazk/Projects/DFS_Semi_Streaming/input/random_graphs/graph_7000_24496500_UNIFORM_6614505080519948832.txt (Time: 0.28s)
📦 COPIED from HDD: /media/HDD/Projects/ExpDFS/graph_7000_24496500_UNIFORM_7917045922527545890.txt -> /home/shahbazk/Projects/DFS_Semi_Streaming/input/random_graphs/graph_7000_24496500_UNIFORM_7917045922527545890.txt (Time: 0.24s)
📦 COPIED from HDD: /media/HDD/Projects/ExpDFS/graph_7000_24496500_UNIFORM_6224222471595207695.txt -> /home/shahbazk/Projects/DFS_Semi_Streaming/input/random_graphs/graph_7000_24496500_UNIFORM_6224222471595207695.txt (Time: 0.24s)
📦 COPIED from HDD: /media/HDD/Projects/ExpDFS/graph_7000_24496500_UNIFORM_1128313391724783137.txt -> /home/shahbazk/Projects/DFS_Semi_Streaming/input/random_graphs/graph_7000_24496500_UNIFORM_1128313391724783137.txt (Time: 0.23s)
📦 COPIED from HDD: /media/HDD/Projects/ExpDFS/graph_7000_24496500_UNIFORM_7921282862123281598.txt -> /home/shahbazk/Projects/DFS_Semi_Streaming/input/random_graphs/graph_7000_24496500_UNIFORM_7921282862123281598.txt (Time: 0.23s)
📦 COPIED from HDD: /media/HDD/Projects/ExpDFS/graph_7000_24496500_UNIFORM_4445925461710302877.txt -> /home/shahbazk/Projects/DFS_Semi_Streaming/input/random_graphs/graph_7000_24496500_UNIFORM_4445925461710302877.txt (Time: 0.24s)
📦 COPIED from HDD: /media/HDD/Projects/ExpDFS/graph_7000_24496500_UNIFORM_716820155901718944.txt -> /home/shahbazk/Projects/DFS_Semi_Streaming/input/random_graphs/graph_7000_24496500_UNIFORM_716820155901718944.txt (Time: 0.23s)
📦 COPIED from HDD: /media/HDD/Projects/ExpDFS/graph_7000_24496500_UNIFORM_3865339568260874865.txt -> /home/shahbazk/Projects/DFS_Semi_Streaming/input/random_graphs/graph_7000_24496500_UNIFORM_3865339568260874865.txt (Time: 0.24s)
📦 COPIED from HDD: /media/HDD/Projects/ExpDFS/graph_7000_24496500_UNIFORM_5063475852268941542.txt -> /home/shahbazk/Projects/DFS_Semi_Streaming/input/random_graphs/graph_7000_24496500_UNIFORM_5063475852268941542.txt (Time: 0.23s)
📦 COPIED from HDD: /media/HDD/Projects/ExpDFS/graph_7000_24496500_UNIFORM_4997514996153925447.txt -> /home/shahbazk/Projects/DFS_Semi_Streaming/input/random_graphs/graph_7000_24496500_UNIFORM_4997514996153925447.txt (Time: 0.24s)
📦 COPIED from HDD: /media/HDD/Projects/ExpDFS/graph_7000_24496500_UNIFORM_3817405844514670994.txt -> /home/shahbazk/Projects/DFS_Semi_Streaming/input/random_graphs/graph_7000_24496500_UNIFORM_3817405844514670994.txt (Time: 0.23s)
📦 COPIED from HDD: /media/HDD/Projects/ExpDFS/graph_7000_24496500_UNIFORM_8718380604043999642.txt -> /home/shahbazk/Projects/DFS_Semi_Streaming/input/random_graphs/graph_7000_24496500_UNIFORM_8718380604043999642.txt (Time: 0.23s)
📦 COPIED from HDD: /media/HDD/Projects/ExpDFS/graph_7000_24496500_UNIFORM_1170385908854608748.txt -> /home/shahbazk/Projects/DFS_Semi_Streaming/input/random_graphs/graph_7000_24496500_UNIFORM_1170385908854608748.txt (Time: 0.24s)
📦 COPIED from HDD: /media/HDD/Projects/ExpDFS/graph_7000_24496500_UNIFORM_6529943913552561417.txt -> /home/shahbazk/Projects/DFS_Semi_Streaming/input/random_graphs/graph_7000_24496500_UNIFORM_6529943913552561417.txt (Time: 0.23s)
📦 COPIED from HDD: /media/HDD/Projects/ExpDFS/graph_7000_24496500_UNIFORM_8446481348147407377.txt -> /home/shahbazk/Projects/DFS_Semi_Streaming/input/random_graphs/graph_7000_24496500_UNIFORM_8446481348147407377.txt (Time: 0.25s)
📦 COPIED from HDD: /media/HDD/Projects/ExpDFS/graph_7000_24496500_UNIFORM_2909934787168262407.txt -> /home/shahbazk/Projects/DFS_Semi_Streaming/input/random_graphs/graph_7000_24496500_UNIFORM_2909934787168262407.txt (Time: 0.24s)
📦 COPIED from HDD: /media/HDD/Projects/ExpDFS/graph_7000_24496500_UNIFORM_199422815561151340.txt -> /home/shahbazk/Projects/DFS_Semi_Streaming/input/random_graphs/graph_7000_24496500_UNIFORM_199422815561151340.txt (Time: 0.24s)
📦 COPIED from HDD: /media/HDD/Projects/ExpDFS/graph_7000_24496500_UNIFORM_3713827327871807734.txt -> /home/shahbazk/Projects/DFS_Semi_Streaming/input/random_graphs/graph_7000_24496500_UNIFORM_3713827327871807734.txt (Time: 0.24s)
📦 COPIED from HDD: /media/HDD/Projects/ExpDFS/graph_7000_24496500_UNIFORM_175493991617213850.txt -> /home/shahbazk/Projects/DFS_Semi_Streaming/input/random_graphs/graph_7000_24496500_UNIFORM_175493991617213850.txt (Time: 0.24s)
📦 COPIED from HDD: /media/HDD/Projects/ExpDFS/graph_7000_24496500_UNIFORM_6764066939395682287.txt -> /home/shahbazk/Projects/DFS_Semi_Streaming/input/random_graphs/graph_7000_24496500_UNIFORM_6764066939395682287.txt (Time: 0.23s)
📦 COPIED from HDD: /media/HDD/Projects/ExpDFS/graph_7000_24496500_UNIFORM_6022436717541034636.txt -> /home/shahbazk/Projects/DFS_Semi_Streaming/input/random_graphs/graph_7000_24496500_UNIFORM_6022436717541034636.txt (Time: 0.25s)
📦 COPIED from HDD: /media/HDD/Projects/ExpDFS/graph_7000_24496500_UNIFORM_5108599054664628607.txt -> /home/shahbazk/Projects/DFS_Semi_Streaming/input/random_graphs/graph_7000_24496500_UNIFORM_5108599054664628607.txt (Time: 0.26s)
📦 COPIED from HDD: /media/HDD/Projects/ExpDFS/graph_7000_24496500_UNIFORM_9060210648189963449.txt -> /home/shahbazk/Projects/DFS_Semi_Streaming/input/random_graphs/graph_7000_24496500_UNIFORM_9060210648189963449.txt (Time: 0.24s)
📦 COPIED from HDD: /media/HDD/Projects/ExpDFS/graph_7000_24496500_UNIFORM_9130666990809746335.txt -> /home/shahbazk/Projects/DFS_Semi_Streaming/input/random_graphs/graph_7000_24496500_UNIFORM_9130666990809746335.txt (Time: 0.24s)
📦 COPIED from HDD: /media/HDD/Projects/ExpDFS/graph_7000_24496500_UNIFORM_7644420139408884785.txt -> /home/shahbazk/Projects/DFS_Semi_Streaming/input/random_graphs/graph_7000_24496500_UNIFORM_7644420139408884785.txt (Time: 0.25s)
📦 COPIED from HDD: /media/HDD/Projects/ExpDFS/graph_7000_24496500_UNIFORM_1392892770529522614.txt -> /home/shahbazk/Projects/DFS_Semi_Streaming/input/random_graphs/graph_7000_24496500_UNIFORM_1392892770529522614.txt (Time: 0.24s)
📦 COPIED from HDD: /media/HDD/Projects/ExpDFS/graph_7000_24496500_UNIFORM_4250897495980125004.txt -> /home/shahbazk/Projects/DFS_Semi_Streaming/input/random_graphs/graph_7000_24496500_UNIFORM_4250897495980125004.txt (Time: 0.23s)
📦 COPIED from HDD: /media/HDD/Projects/ExpDFS/graph_7000_24496500_UNIFORM_1458186392400727732.txt -> /home/shahbazk/Projects/DFS_Semi_Streaming/input/random_graphs/graph_7000_24496500_UNIFORM_1458186392400727732.txt (Time: 0.33s)
📦 COPIED from HDD: /media/HDD/Projects/ExpDFS/graph_7000_24496500_UNIFORM_8794274795737982182.txt -> /home/shahbazk/Projects/DFS_Semi_Streaming/input/random_graphs/graph_7000_24496500_UNIFORM_8794274795737982182.txt (Time: 0.32s)
📦 COPIED from HDD: /media/HDD/Projects/ExpDFS/graph_7000_24496500_UNIFORM_4060584409398689268.txt -> /home/shahbazk/Projects/DFS_Semi_Streaming/input/random_graphs/graph_7000_24496500_UNIFORM_4060584409398689268.txt (Time: 0.24s)
📦 COPIED from HDD: /media/HDD/Projects/ExpDFS/graph_7000_24496500_UNIFORM_5497874167834979553.txt -> /home/shahbazk/Projects/DFS_Semi_Streaming/input/random_graphs/graph_7000_24496500_UNIFORM_5497874167834979553.txt (Time: 0.31s)
📦 COPIED from HDD: /media/HDD/Projects/ExpDFS/graph_7000_24496500_UNIFORM_2089506265998900862.txt -> /home/shahbazk/Projects/DFS_Semi_Streaming/input/random_graphs/graph_7000_24496500_UNIFORM_2089506265998900862.txt (Time: 0.25s)
📦 COPIED from HDD: /media/HDD/Projects/ExpDFS/graph_7000_24496500_UNIFORM_1722224698700348310.txt -> /home/shahbazk/Projects/DFS_Semi_Streaming/input/random_graphs/graph_7000_24496500_UNIFORM_1722224698700348310.txt (Time: 0.23s)
📦 COPIED from HDD: /media/HDD/Projects/ExpDFS/graph_7000_24496500_UNIFORM_1332005502874566195.txt -> /home/shahbazk/Projects/DFS_Semi_Streaming/input/random_graphs/graph_7000_24496500_UNIFORM_1332005502874566195.txt (Time: 0.32s)
📦 COPIED from HDD: /media/HDD/Projects/ExpDFS/graph_7000_24496500_UNIFORM_7905487461282246979.txt -> /home/shahbazk/Projects/DFS_Semi_Streaming/input/random_graphs/graph_7000_24496500_UNIFORM_7905487461282246979.txt (Time: 0.24s)
📦 COPIED from HDD: /media/HDD/Projects/ExpDFS/graph_7000_24496500_UNIFORM_8626102704817790064.txt -> /home/shahbazk/Projects/DFS_Semi_Streaming/input/random_graphs/graph_7000_24496500_UNIFORM_8626102704817790064.txt (Time: 0.25s)
📦 COPIED from HDD: /media/HDD/Projects/ExpDFS/graph_7000_24496500_UNIFORM_4795749165124911768.txt -> /home/shahbazk/Projects/DFS_Semi_Streaming/input/random_graphs/graph_7000_24496500_UNIFORM_4795749165124911768.txt (Time: 0.23s)
📦 COPIED from HDD: /media/HDD/Projects/ExpDFS/graph_7000_24496500_UNIFORM_8448596294177070022.txt -> /home/shahbazk/Projects/DFS_Semi_Streaming/input/random_graphs/graph_7000_24496500_UNIFORM_8448596294177070022.txt (Time: 0.25s)
📦 COPIED from HDD: /media/HDD/Projects/ExpDFS/graph_7000_24496500_UNIFORM_7118744415197196276.txt -> /home/shahbazk/Projects/DFS_Semi_Streaming/input/random_graphs/graph_7000_24496500_UNIFORM_7118744415197196276.txt (Time: 0.23s)
📦 COPIED from HDD: /media/HDD/Projects/ExpDFS/graph_7000_24496500_UNIFORM_1992204328026194281.txt -> /home/shahbazk/Projects/DFS_Semi_Streaming/input/random_graphs/graph_7000_24496500_UNIFORM_1992204328026194281.txt (Time: 0.25s)
📦 COPIED from HDD: /media/HDD/Projects/ExpDFS/graph_7000_24496500_UNIFORM_2718103348384927511.txt -> /home/shahbazk/Projects/DFS_Semi_Streaming/input/random_graphs/graph_7000_24496500_UNIFORM_2718103348384927511.txt (Time: 0.23s)
📦 COPIED from HDD: /media/HDD/Projects/ExpDFS/graph_7000_24496500_UNIFORM_9059990922233379852.txt -> /home/shahbazk/Projects/DFS_Semi_Streaming/input/random_graphs/graph_7000_24496500_UNIFORM_9059990922233379852.txt (Time: 0.22s)
📦 COPIED from HDD: /media/HDD/Projects/ExpDFS/graph_7000_24496500_UNIFORM_7449662661572224354.txt -> /home/shahbazk/Projects/DFS_Semi_Streaming/input/random_graphs/graph_7000_24496500_UNIFORM_7449662661572224354.txt (Time: 0.23s)
📦 COPIED from HDD: /media/HDD/Projects/ExpDFS/graph_7000_24496500_UNIFORM_3221421291694197220.txt -> /home/shahbazk/Projects/DFS_Semi_Streaming/input/random_graphs/graph_7000_24496500_UNIFORM_3221421291694197220.txt (Time: 0.23s)
📦 COPIED from HDD: /media/HDD/Projects/ExpDFS/graph_7000_24496500_UNIFORM_8867616339855336876.txt -> /home/shahbazk/Projects/DFS_Semi_Streaming/input/random_graphs/graph_7000_24496500_UNIFORM_8867616339855336876.txt (Time: 0.22s)
📦 COPIED from HDD: /media/HDD/Projects/ExpDFS/graph_7000_24496500_UNIFORM_4934890601268679176.txt -> /home/shahbazk/Projects/DFS_Semi_Streaming/input/random_graphs/graph_7000_24496500_UNIFORM_4934890601268679176.txt (Time: 0.27s)
📦 COPIED from HDD: /media/HDD/Projects/ExpDFS/graph_7000_24496500_UNIFORM_7983805977214098674.txt -> /home/shahbazk/Projects/DFS_Semi_Streaming/input/random_graphs/graph_7000_24496500_UNIFORM_7983805977214098674.txt (Time: 0.23s)
📦 COPIED from HDD: /media/HDD/Projects/ExpDFS/graph_7000_24496500_UNIFORM_5894893360759659423.txt -> /home/shahbazk/Projects/DFS_Semi_Streaming/input/random_graphs/graph_7000_24496500_UNIFORM_5894893360759659423.txt (Time: 0.24s)
📦 COPIED from HDD: /media/HDD/Projects/ExpDFS/graph_7000_24496500_UNIFORM_4940913311242578590.txt -> /home/shahbazk/Projects/DFS_Semi_Streaming/input/random_graphs/graph_7000_24496500_UNIFORM_4940913311242578590.txt (Time: 0.22s)
📦 COPIED from HDD: /media/HDD/Projects/ExpDFS/graph_7000_24496500_UNIFORM_7632458674696225362.txt -> /home/shahbazk/Projects/DFS_Semi_Streaming/input/random_graphs/graph_7000_24496500_UNIFORM_7632458674696225362.txt (Time: 0.22s)
📦 COPIED from HDD: /media/HDD/Projects/ExpDFS/graph_7000_24496500_UNIFORM_2264398621601381987.txt -> /home/shahbazk/Projects/DFS_Semi_Streaming/input/random_graphs/graph_7000_24496500_UNIFORM_2264398621601381987.txt (Time: 0.22s)
📦 COPIED from HDD: /media/HDD/Projects/ExpDFS/graph_8000_31996000_UNIFORM_6230961512046992311.txt -> /home/shahbazk/Projects/DFS_Semi_Streaming/input/random_graphs/graph_8000_31996000_UNIFORM_6230961512046992311.txt (Time: 0.38s)
📦 COPIED from HDD: /media/HDD/Projects/ExpDFS/graph_8000_31996000_UNIFORM_5739955973604961613.txt -> /home/shahbazk/Projects/DFS_Semi_Streaming/input/random_graphs/graph_8000_31996000_UNIFORM_5739955973604961613.txt (Time: 0.30s)
📦 COPIED from HDD: /media/HDD/Projects/ExpDFS/graph_8000_31996000_UNIFORM_7871178979383552919.txt -> /home/shahbazk/Projects/DFS_Semi_Streaming/input/random_graphs/graph_8000_31996000_UNIFORM_7871178979383552919.txt (Time: 0.32s)
📦 COPIED from HDD: /media/HDD/Projects/ExpDFS/graph_8000_31996000_UNIFORM_7599700178212337699.txt -> /home/shahbazk/Projects/DFS_Semi_Streaming/input/random_graphs/graph_8000_31996000_UNIFORM_7599700178212337699.txt (Time: 0.31s)
📦 COPIED from HDD: /media/HDD/Projects/ExpDFS/graph_8000_31996000_UNIFORM_1353182403971399009.txt -> /home/shahbazk/Projects/DFS_Semi_Streaming/input/random_graphs/graph_8000_31996000_UNIFORM_1353182403971399009.txt (Time: 0.30s)
📦 COPIED from HDD: /media/HDD/Projects/ExpDFS/graph_8000_31996000_UNIFORM_3881801951614183357.txt -> /home/shahbazk/Projects/DFS_Semi_Streaming/input/random_graphs/graph_8000_31996000_UNIFORM_3881801951614183357.txt (Time: 0.39s)
📦 COPIED from HDD: /media/HDD/Projects/ExpDFS/graph_8000_31996000_UNIFORM_7032710160631691991.txt -> /home/shahbazk/Projects/DFS_Semi_Streaming/input/random_graphs/graph_8000_31996000_UNIFORM_7032710160631691991.txt (Time: 0.33s)
📦 COPIED from HDD: /media/HDD/Projects/ExpDFS/graph_8000_31996000_UNIFORM_6522163754831416203.txt -> /home/shahbazk/Projects/DFS_Semi_Streaming/input/random_graphs/graph_8000_31996000_UNIFORM_6522163754831416203.txt (Time: 0.32s)
📦 COPIED from HDD: /media/HDD/Projects/ExpDFS/graph_8000_31996000_UNIFORM_1070244953599069350.txt -> /home/shahbazk/Projects/DFS_Semi_Streaming/input/random_graphs/graph_8000_31996000_UNIFORM_1070244953599069350.txt (Time: 0.32s)
📦 COPIED from HDD: /media/HDD/Projects/ExpDFS/graph_8000_31996000_UNIFORM_4040737767143389431.txt -> /home/shahbazk/Projects/DFS_Semi_Streaming/input/random_graphs/graph_8000_31996000_UNIFORM_4040737767143389431.txt (Time: 0.31s)
📦 COPIED from HDD: /media/HDD/Projects/ExpDFS/graph_8000_31996000_UNIFORM_6938562734920028532.txt -> /home/shahbazk/Projects/DFS_Semi_Streaming/input/random_graphs/graph_8000_31996000_UNIFORM_6938562734920028532.txt (Time: 0.29s)
📦 COPIED from HDD: /media/HDD/Projects/ExpDFS/graph_8000_31996000_UNIFORM_1250005700364523649.txt -> /home/shahbazk/Projects/DFS_Semi_Streaming/input/random_graphs/graph_8000_31996000_UNIFORM_1250005700364523649.txt (Time: 0.30s)
📦 COPIED from HDD: /media/HDD/Projects/ExpDFS/graph_8000_31996000_UNIFORM_1309542850049879452.txt -> /home/shahbazk/Projects/DFS_Semi_Streaming/input/random_graphs/graph_8000_31996000_UNIFORM_1309542850049879452.txt (Time: 0.32s)
📦 COPIED from HDD: /media/HDD/Projects/ExpDFS/graph_8000_31996000_UNIFORM_2429002973740178792.txt -> /home/shahbazk/Projects/DFS_Semi_Streaming/input/random_graphs/graph_8000_31996000_UNIFORM_2429002973740178792.txt (Time: 0.31s)
📦 COPIED from HDD: /media/HDD/Projects/ExpDFS/graph_8000_31996000_UNIFORM_7663871783842725848.txt -> /home/shahbazk/Projects/DFS_Semi_Streaming/input/random_graphs/graph_8000_31996000_UNIFORM_7663871783842725848.txt (Time: 0.31s)
📦 COPIED from HDD: /media/HDD/Projects/ExpDFS/graph_8000_31996000_UNIFORM_320375091487821987.txt -> /home/shahbazk/Projects/DFS_Semi_Streaming/input/random_graphs/graph_8000_31996000_UNIFORM_320375091487821987.txt (Time: 0.28s)
📦 COPIED from HDD: /media/HDD/Projects/ExpDFS/graph_8000_31996000_UNIFORM_5906957480796939447.txt -> /home/shahbazk/Projects/DFS_Semi_Streaming/input/random_graphs/graph_8000_31996000_UNIFORM_5906957480796939447.txt (Time: 0.32s)
📦 COPIED from HDD: /media/HDD/Projects/ExpDFS/graph_8000_31996000_UNIFORM_1250773459040295677.txt -> /home/shahbazk/Projects/DFS_Semi_Streaming/input/random_graphs/graph_8000_31996000_UNIFORM_1250773459040295677.txt (Time: 0.29s)
📦 COPIED from HDD: /media/HDD/Projects/ExpDFS/graph_8000_31996000_UNIFORM_7473196763798409428.txt -> /home/shahbazk/Projects/DFS_Semi_Streaming/input/random_graphs/graph_8000_31996000_UNIFORM_7473196763798409428.txt (Time: 0.31s)
📦 COPIED from HDD: /media/HDD/Projects/ExpDFS/graph_8000_31996000_UNIFORM_7146860528564146064.txt -> /home/shahbazk/Projects/DFS_Semi_Streaming/input/random_graphs/graph_8000_31996000_UNIFORM_7146860528564146064.txt (Time: 0.31s)
📦 COPIED from HDD: /media/HDD/Projects/ExpDFS/graph_8000_31996000_UNIFORM_3438400432146115956.txt -> /home/shahbazk/Projects/DFS_Semi_Streaming/input/random_graphs/graph_8000_31996000_UNIFORM_3438400432146115956.txt (Time: 0.30s)
📦 COPIED from HDD: /media/HDD/Projects/ExpDFS/graph_8000_31996000_UNIFORM_5139481885857321791.txt -> /home/shahbazk/Projects/DFS_Semi_Streaming/input/random_graphs/graph_8000_31996000_UNIFORM_5139481885857321791.txt (Time: 0.29s)
📦 COPIED from HDD: /media/HDD/Projects/ExpDFS/graph_8000_31996000_UNIFORM_3010622984418968408.txt -> /home/shahbazk/Projects/DFS_Semi_Streaming/input/random_graphs/graph_8000_31996000_UNIFORM_3010622984418968408.txt (Time: 0.32s)
📦 COPIED from HDD: /media/HDD/Projects/ExpDFS/graph_8000_31996000_UNIFORM_5142811650494845597.txt -> /home/shahbazk/Projects/DFS_Semi_Streaming/input/random_graphs/graph_8000_31996000_UNIFORM_5142811650494845597.txt (Time: 0.31s)
📦 COPIED from HDD: /media/HDD/Projects/ExpDFS/graph_8000_31996000_UNIFORM_6002685213311538187.txt -> /home/shahbazk/Projects/DFS_Semi_Streaming/input/random_graphs/graph_8000_31996000_UNIFORM_6002685213311538187.txt (Time: 0.30s)
📦 COPIED from HDD: /media/HDD/Projects/ExpDFS/graph_8000_31996000_UNIFORM_5708372698381010775.txt -> /home/shahbazk/Projects/DFS_Semi_Streaming/input/random_graphs/graph_8000_31996000_UNIFORM_5708372698381010775.txt (Time: 0.30s)
📦 COPIED from HDD: /media/HDD/Projects/ExpDFS/graph_8000_31996000_UNIFORM_521787134863155063.txt -> /home/shahbazk/Projects/DFS_Semi_Streaming/input/random_graphs/graph_8000_31996000_UNIFORM_521787134863155063.txt (Time: 0.30s)
📦 COPIED from HDD: /media/HDD/Projects/ExpDFS/graph_8000_31996000_UNIFORM_7029781962072644698.txt -> /home/shahbazk/Projects/DFS_Semi_Streaming/input/random_graphs/graph_8000_31996000_UNIFORM_7029781962072644698.txt (Time: 0.35s)
📦 COPIED from HDD: /media/HDD/Projects/ExpDFS/graph_8000_31996000_UNIFORM_1731523882129807996.txt -> /home/shahbazk/Projects/DFS_Semi_Streaming/input/random_graphs/graph_8000_31996000_UNIFORM_1731523882129807996.txt (Time: 0.34s)
📦 COPIED from HDD: /media/HDD/Projects/ExpDFS/graph_8000_31996000_UNIFORM_1853590723603270879.txt -> /home/shahbazk/Projects/DFS_Semi_Streaming/input/random_graphs/graph_8000_31996000_UNIFORM_1853590723603270879.txt (Time: 0.31s)
📦 COPIED from HDD: /media/HDD/Projects/ExpDFS/graph_8000_31996000_UNIFORM_6785030173969523435.txt -> /home/shahbazk/Projects/DFS_Semi_Streaming/input/random_graphs/graph_8000_31996000_UNIFORM_6785030173969523435.txt (Time: 0.31s)
📦 COPIED from HDD: /media/HDD/Projects/ExpDFS/graph_8000_31996000_UNIFORM_1024517563182776983.txt -> /home/shahbazk/Projects/DFS_Semi_Streaming/input/random_graphs/graph_8000_31996000_UNIFORM_1024517563182776983.txt (Time: 0.38s)
📦 COPIED from HDD: /media/HDD/Projects/ExpDFS/graph_8000_31996000_UNIFORM_5258051056098597521.txt -> /home/shahbazk/Projects/DFS_Semi_Streaming/input/random_graphs/graph_8000_31996000_UNIFORM_5258051056098597521.txt (Time: 0.32s)
📦 COPIED from HDD: /media/HDD/Projects/ExpDFS/graph_8000_31996000_UNIFORM_5529616217668449934.txt -> /home/shahbazk/Projects/DFS_Semi_Streaming/input/random_graphs/graph_8000_31996000_UNIFORM_5529616217668449934.txt (Time: 0.30s)
📦 COPIED from HDD: /media/HDD/Projects/ExpDFS/graph_8000_31996000_UNIFORM_3224265581699847191.txt -> /home/shahbazk/Projects/DFS_Semi_Streaming/input/random_graphs/graph_8000_31996000_UNIFORM_3224265581699847191.txt (Time: 0.30s)
📦 COPIED from HDD: /media/HDD/Projects/ExpDFS/graph_8000_31996000_UNIFORM_4122784633514911760.txt -> /home/shahbazk/Projects/DFS_Semi_Streaming/input/random_graphs/graph_8000_31996000_UNIFORM_4122784633514911760.txt (Time: 0.31s)
📦 COPIED from HDD: /media/HDD/Projects/ExpDFS/graph_8000_31996000_UNIFORM_1647170069535670909.txt -> /home/shahbazk/Projects/DFS_Semi_Streaming/input/random_graphs/graph_8000_31996000_UNIFORM_1647170069535670909.txt (Time: 0.31s)
📦 COPIED from HDD: /media/HDD/Projects/ExpDFS/graph_8000_31996000_UNIFORM_7706236040662210848.txt -> /home/shahbazk/Projects/DFS_Semi_Streaming/input/random_graphs/graph_8000_31996000_UNIFORM_7706236040662210848.txt (Time: 0.31s)
📦 COPIED from HDD: /media/HDD/Projects/ExpDFS/graph_8000_31996000_UNIFORM_6802378520969450157.txt -> /home/shahbazk/Projects/DFS_Semi_Streaming/input/random_graphs/graph_8000_31996000_UNIFORM_6802378520969450157.txt (Time: 0.30s)
📦 COPIED from HDD: /media/HDD/Projects/ExpDFS/graph_8000_31996000_UNIFORM_824387247617288499.txt -> /home/shahbazk/Projects/DFS_Semi_Streaming/input/random_graphs/graph_8000_31996000_UNIFORM_824387247617288499.txt (Time: 0.32s)
📦 COPIED from HDD: /media/HDD/Projects/ExpDFS/graph_8000_31996000_UNIFORM_4552998297316576788.txt -> /home/shahbazk/Projects/DFS_Semi_Streaming/input/random_graphs/graph_8000_31996000_UNIFORM_4552998297316576788.txt (Time: 0.31s)
📦 COPIED from HDD: /media/HDD/Projects/ExpDFS/graph_8000_31996000_UNIFORM_1632192924771168275.txt -> /home/shahbazk/Projects/DFS_Semi_Streaming/input/random_graphs/graph_8000_31996000_UNIFORM_1632192924771168275.txt (Time: 0.39s)
📦 COPIED from HDD: /media/HDD/Projects/ExpDFS/graph_8000_31996000_UNIFORM_7161906730445628483.txt -> /home/shahbazk/Projects/DFS_Semi_Streaming/input/random_graphs/graph_8000_31996000_UNIFORM_7161906730445628483.txt (Time: 0.30s)
📦 COPIED from HDD: /media/HDD/Projects/ExpDFS/graph_8000_31996000_UNIFORM_8031431416522537101.txt -> /home/shahbazk/Projects/DFS_Semi_Streaming/input/random_graphs/graph_8000_31996000_UNIFORM_8031431416522537101.txt (Time: 0.30s)
📦 COPIED from HDD: /media/HDD/Projects/ExpDFS/graph_8000_31996000_UNIFORM_6143643868734370809.txt -> /home/shahbazk/Projects/DFS_Semi_Streaming/input/random_graphs/graph_8000_31996000_UNIFORM_6143643868734370809.txt (Time: 0.32s)
📦 COPIED from HDD: /media/HDD/Projects/ExpDFS/graph_8000_31996000_UNIFORM_3272308573967577038.txt -> /home/shahbazk/Projects/DFS_Semi_Streaming/input/random_graphs/graph_8000_31996000_UNIFORM_3272308573967577038.txt (Time: 0.31s)
📦 COPIED from HDD: /media/HDD/Projects/ExpDFS/graph_8000_31996000_UNIFORM_5636411189175451024.txt -> /home/shahbazk/Projects/DFS_Semi_Streaming/input/random_graphs/graph_8000_31996000_UNIFORM_5636411189175451024.txt (Time: 0.31s)
📦 COPIED from HDD: /media/HDD/Projects/ExpDFS/graph_8000_31996000_UNIFORM_5349491008325879064.txt -> /home/shahbazk/Projects/DFS_Semi_Streaming/input/random_graphs/graph_8000_31996000_UNIFORM_5349491008325879064.txt (Time: 0.30s)
📦 COPIED from HDD: /media/HDD/Projects/ExpDFS/graph_8000_31996000_UNIFORM_6614505080519948832.txt -> /home/shahbazk/Projects/DFS_Semi_Streaming/input/random_graphs/graph_8000_31996000_UNIFORM_6614505080519948832.txt (Time: 0.30s)
📦 COPIED from HDD: /media/HDD/Projects/ExpDFS/graph_8000_31996000_UNIFORM_7938560551762094560.txt -> /home/shahbazk/Projects/DFS_Semi_Streaming/input/random_graphs/graph_8000_31996000_UNIFORM_7938560551762094560.txt (Time: 0.29s)
📦 COPIED from HDD: /media/HDD/Projects/ExpDFS/graph_8000_31996000_UNIFORM_7917045922527545890.txt -> /home/shahbazk/Projects/DFS_Semi_Streaming/input/random_graphs/graph_8000_31996000_UNIFORM_7917045922527545890.txt (Time: 0.38s)
📦 COPIED from HDD: /media/HDD/Projects/ExpDFS/graph_8000_31996000_UNIFORM_4445925461710302877.txt -> /home/shahbazk/Projects/DFS_Semi_Streaming/input/random_graphs/graph_8000_31996000_UNIFORM_4445925461710302877.txt (Time: 0.30s)
📦 COPIED from HDD: /media/HDD/Projects/ExpDFS/graph_8000_31996000_UNIFORM_3865339568260874865.txt -> /home/shahbazk/Projects/DFS_Semi_Streaming/input/random_graphs/graph_8000_31996000_UNIFORM_3865339568260874865.txt (Time: 0.30s)
📦 COPIED from HDD: /media/HDD/Projects/ExpDFS/graph_8000_31996000_UNIFORM_6224222471595207695.txt -> /home/shahbazk/Projects/DFS_Semi_Streaming/input/random_graphs/graph_8000_31996000_UNIFORM_6224222471595207695.txt (Time: 0.31s)
📦 COPIED from HDD: /media/HDD/Projects/ExpDFS/graph_8000_31996000_UNIFORM_7921282862123281598.txt -> /home/shahbazk/Projects/DFS_Semi_Streaming/input/random_graphs/graph_8000_31996000_UNIFORM_7921282862123281598.txt (Time: 0.31s)
📦 COPIED from HDD: /media/HDD/Projects/ExpDFS/graph_8000_31996000_UNIFORM_1128313391724783137.txt -> /home/shahbazk/Projects/DFS_Semi_Streaming/input/random_graphs/graph_8000_31996000_UNIFORM_1128313391724783137.txt (Time: 0.31s)
📦 COPIED from HDD: /media/HDD/Projects/ExpDFS/graph_8000_31996000_UNIFORM_716820155901718944.txt -> /home/shahbazk/Projects/DFS_Semi_Streaming/input/random_graphs/graph_8000_31996000_UNIFORM_716820155901718944.txt (Time: 0.30s)
📦 COPIED from HDD: /media/HDD/Projects/ExpDFS/graph_8000_31996000_UNIFORM_8718380604043999642.txt -> /home/shahbazk/Projects/DFS_Semi_Streaming/input/random_graphs/graph_8000_31996000_UNIFORM_8718380604043999642.txt (Time: 0.30s)
📦 COPIED from HDD: /media/HDD/Projects/ExpDFS/graph_8000_31996000_UNIFORM_5063475852268941542.txt -> /home/shahbazk/Projects/DFS_Semi_Streaming/input/random_graphs/graph_8000_31996000_UNIFORM_5063475852268941542.txt (Time: 0.30s)
📦 COPIED from HDD: /media/HDD/Projects/ExpDFS/graph_8000_31996000_UNIFORM_4997514996153925447.txt -> /home/shahbazk/Projects/DFS_Semi_Streaming/input/random_graphs/graph_8000_31996000_UNIFORM_4997514996153925447.txt (Time: 0.31s)
📦 COPIED from HDD: /media/HDD/Projects/ExpDFS/graph_8000_31996000_UNIFORM_8446481348147407377.txt -> /home/shahbazk/Projects/DFS_Semi_Streaming/input/random_graphs/graph_8000_31996000_UNIFORM_8446481348147407377.txt (Time: 0.31s)
📦 COPIED from HDD: /media/HDD/Projects/ExpDFS/graph_8000_31996000_UNIFORM_6529943913552561417.txt -> /home/shahbazk/Projects/DFS_Semi_Streaming/input/random_graphs/graph_8000_31996000_UNIFORM_6529943913552561417.txt (Time: 0.30s)
📦 COPIED from HDD: /media/HDD/Projects/ExpDFS/graph_8000_31996000_UNIFORM_3817405844514670994.txt -> /home/shahbazk/Projects/DFS_Semi_Streaming/input/random_graphs/graph_8000_31996000_UNIFORM_3817405844514670994.txt (Time: 0.29s)
📦 COPIED from HDD: /media/HDD/Projects/ExpDFS/graph_8000_31996000_UNIFORM_2909934787168262407.txt -> /home/shahbazk/Projects/DFS_Semi_Streaming/input/random_graphs/graph_8000_31996000_UNIFORM_2909934787168262407.txt (Time: 0.31s)
📦 COPIED from HDD: /media/HDD/Projects/ExpDFS/graph_8000_31996000_UNIFORM_6022436717541034636.txt -> /home/shahbazk/Projects/DFS_Semi_Streaming/input/random_graphs/graph_8000_31996000_UNIFORM_6022436717541034636.txt (Time: 0.32s)
📦 COPIED from HDD: /media/HDD/Projects/ExpDFS/graph_8000_31996000_UNIFORM_175493991617213850.txt -> /home/shahbazk/Projects/DFS_Semi_Streaming/input/random_graphs/graph_8000_31996000_UNIFORM_175493991617213850.txt (Time: 0.30s)
📦 COPIED from HDD: /media/HDD/Projects/ExpDFS/graph_8000_31996000_UNIFORM_3713827327871807734.txt -> /home/shahbazk/Projects/DFS_Semi_Streaming/input/random_graphs/graph_8000_31996000_UNIFORM_3713827327871807734.txt (Time: 0.31s)
📦 COPIED from HDD: /media/HDD/Projects/ExpDFS/graph_8000_31996000_UNIFORM_199422815561151340.txt -> /home/shahbazk/Projects/DFS_Semi_Streaming/input/random_graphs/graph_8000_31996000_UNIFORM_199422815561151340.txt (Time: 0.31s)
📦 COPIED from HDD: /media/HDD/Projects/ExpDFS/graph_8000_31996000_UNIFORM_1170385908854608748.txt -> /home/shahbazk/Projects/DFS_Semi_Streaming/input/random_graphs/graph_8000_31996000_UNIFORM_1170385908854608748.txt (Time: 0.32s)
📦 COPIED from HDD: /media/HDD/Projects/ExpDFS/graph_8000_31996000_UNIFORM_5108599054664628607.txt -> /home/shahbazk/Projects/DFS_Semi_Streaming/input/random_graphs/graph_8000_31996000_UNIFORM_5108599054664628607.txt (Time: 0.31s)
📦 COPIED from HDD: /media/HDD/Projects/ExpDFS/graph_8000_31996000_UNIFORM_9060210648189963449.txt -> /home/shahbazk/Projects/DFS_Semi_Streaming/input/random_graphs/graph_8000_31996000_UNIFORM_9060210648189963449.txt (Time: 0.31s)
📦 COPIED from HDD: /media/HDD/Projects/ExpDFS/graph_8000_31996000_UNIFORM_6764066939395682287.txt -> /home/shahbazk/Projects/DFS_Semi_Streaming/input/random_graphs/graph_8000_31996000_UNIFORM_6764066939395682287.txt (Time: 0.31s)
📦 COPIED from HDD: /media/HDD/Projects/ExpDFS/graph_8000_31996000_UNIFORM_4250897495980125004.txt -> /home/shahbazk/Projects/DFS_Semi_Streaming/input/random_graphs/graph_8000_31996000_UNIFORM_4250897495980125004.txt (Time: 0.32s)
📦 COPIED from HDD: /media/HDD/Projects/ExpDFS/graph_8000_31996000_UNIFORM_9130666990809746335.txt -> /home/shahbazk/Projects/DFS_Semi_Streaming/input/random_graphs/graph_8000_31996000_UNIFORM_9130666990809746335.txt (Time: 0.31s)
📦 COPIED from HDD: /media/HDD/Projects/ExpDFS/graph_8000_31996000_UNIFORM_7644420139408884785.txt -> /home/shahbazk/Projects/DFS_Semi_Streaming/input/random_graphs/graph_8000_31996000_UNIFORM_7644420139408884785.txt (Time: 0.31s)
📦 COPIED from HDD: /media/HDD/Projects/ExpDFS/graph_8000_31996000_UNIFORM_1392892770529522614.txt -> /home/shahbazk/Projects/DFS_Semi_Streaming/input/random_graphs/graph_8000_31996000_UNIFORM_1392892770529522614.txt (Time: 0.31s)
📦 COPIED from HDD: /media/HDD/Projects/ExpDFS/graph_8000_31996000_UNIFORM_1458186392400727732.txt -> /home/shahbazk/Projects/DFS_Semi_Streaming/input/random_graphs/graph_8000_31996000_UNIFORM_1458186392400727732.txt (Time: 0.38s)
📦 COPIED from HDD: /media/HDD/Projects/ExpDFS/graph_8000_31996000_UNIFORM_8794274795737982182.txt -> /home/shahbazk/Projects/DFS_Semi_Streaming/input/random_graphs/graph_8000_31996000_UNIFORM_8794274795737982182.txt (Time: 0.31s)
📦 COPIED from HDD: /media/HDD/Projects/ExpDFS/graph_8000_31996000_UNIFORM_2089506265998900862.txt -> /home/shahbazk/Projects/DFS_Semi_Streaming/input/random_graphs/graph_8000_31996000_UNIFORM_2089506265998900862.txt (Time: 0.30s)
📦 COPIED from HDD: /media/HDD/Projects/ExpDFS/graph_8000_31996000_UNIFORM_4060584409398689268.txt -> /home/shahbazk/Projects/DFS_Semi_Streaming/input/random_graphs/graph_8000_31996000_UNIFORM_4060584409398689268.txt (Time: 0.31s)
📦 COPIED from HDD: /media/HDD/Projects/ExpDFS/graph_8000_31996000_UNIFORM_1332005502874566195.txt -> /home/shahbazk/Projects/DFS_Semi_Streaming/input/random_graphs/graph_8000_31996000_UNIFORM_1332005502874566195.txt (Time: 0.30s)
📦 COPIED from HDD: /media/HDD/Projects/ExpDFS/graph_8000_31996000_UNIFORM_5497874167834979553.txt -> /home/shahbazk/Projects/DFS_Semi_Streaming/input/random_graphs/graph_8000_31996000_UNIFORM_5497874167834979553.txt (Time: 0.30s)
📦 COPIED from HDD: /media/HDD/Projects/ExpDFS/graph_8000_31996000_UNIFORM_1722224698700348310.txt -> /home/shahbazk/Projects/DFS_Semi_Streaming/input/random_graphs/graph_8000_31996000_UNIFORM_1722224698700348310.txt (Time: 0.31s)
📦 COPIED from HDD: /media/HDD/Projects/ExpDFS/graph_8000_31996000_UNIFORM_8626102704817790064.txt -> /home/shahbazk/Projects/DFS_Semi_Streaming/input/random_graphs/graph_8000_31996000_UNIFORM_8626102704817790064.txt (Time: 0.30s)
📦 COPIED from HDD: /media/HDD/Projects/ExpDFS/graph_8000_31996000_UNIFORM_7905487461282246979.txt -> /home/shahbazk/Projects/DFS_Semi_Streaming/input/random_graphs/graph_8000_31996000_UNIFORM_7905487461282246979.txt (Time: 0.32s)
📦 COPIED from HDD: /media/HDD/Projects/ExpDFS/graph_8000_31996000_UNIFORM_4795749165124911768.txt -> /home/shahbazk/Projects/DFS_Semi_Streaming/input/random_graphs/graph_8000_31996000_UNIFORM_4795749165124911768.txt (Time: 0.30s)
📦 COPIED from HDD: /media/HDD/Projects/ExpDFS/graph_8000_31996000_UNIFORM_4934890601268679176.txt -> /home/shahbazk/Projects/DFS_Semi_Streaming/input/random_graphs/graph_8000_31996000_UNIFORM_4934890601268679176.txt (Time: 0.30s)
📦 COPIED from HDD: /media/HDD/Projects/ExpDFS/graph_8000_31996000_UNIFORM_1992204328026194281.txt -> /home/shahbazk/Projects/DFS_Semi_Streaming/input/random_graphs/graph_8000_31996000_UNIFORM_1992204328026194281.txt (Time: 0.31s)
📦 COPIED from HDD: /media/HDD/Projects/ExpDFS/graph_8000_31996000_UNIFORM_8448596294177070022.txt -> /home/shahbazk/Projects/DFS_Semi_Streaming/input/random_graphs/graph_8000_31996000_UNIFORM_8448596294177070022.txt (Time: 0.31s)
📦 COPIED from HDD: /media/HDD/Projects/ExpDFS/graph_8000_31996000_UNIFORM_7118744415197196276.txt -> /home/shahbazk/Projects/DFS_Semi_Streaming/input/random_graphs/graph_8000_31996000_UNIFORM_7118744415197196276.txt (Time: 0.32s)
📦 COPIED from HDD: /media/HDD/Projects/ExpDFS/graph_8000_31996000_UNIFORM_2718103348384927511.txt -> /home/shahbazk/Projects/DFS_Semi_Streaming/input/random_graphs/graph_8000_31996000_UNIFORM_2718103348384927511.txt (Time: 0.31s)
📦 COPIED from HDD: /media/HDD/Projects/ExpDFS/graph_8000_31996000_UNIFORM_9059990922233379852.txt -> /home/shahbazk/Projects/DFS_Semi_Streaming/input/random_graphs/graph_8000_31996000_UNIFORM_9059990922233379852.txt (Time: 0.32s)
📦 COPIED from HDD: /media/HDD/Projects/ExpDFS/graph_8000_31996000_UNIFORM_7449662661572224354.txt -> /home/shahbazk/Projects/DFS_Semi_Streaming/input/random_graphs/graph_8000_31996000_UNIFORM_7449662661572224354.txt (Time: 0.31s)
📦 COPIED from HDD: /media/HDD/Projects/ExpDFS/graph_8000_31996000_UNIFORM_3221421291694197220.txt -> /home/shahbazk/Projects/DFS_Semi_Streaming/input/random_graphs/graph_8000_31996000_UNIFORM_3221421291694197220.txt (Time: 0.31s)
📦 COPIED from HDD: /media/HDD/Projects/ExpDFS/graph_8000_31996000_UNIFORM_5894893360759659423.txt -> /home/shahbazk/Projects/DFS_Semi_Streaming/input/random_graphs/graph_8000_31996000_UNIFORM_5894893360759659423.txt (Time: 0.31s)
📦 COPIED from HDD: /media/HDD/Projects/ExpDFS/graph_8000_31996000_UNIFORM_8867616339855336876.txt -> /home/shahbazk/Projects/DFS_Semi_Streaming/input/random_graphs/graph_8000_31996000_UNIFORM_8867616339855336876.txt (Time: 0.30s)
📦 COPIED from HDD: /media/HDD/Projects/ExpDFS/graph_8000_31996000_UNIFORM_4940913311242578590.txt -> /home/shahbazk/Projects/DFS_Semi_Streaming/input/random_graphs/graph_8000_31996000_UNIFORM_4940913311242578590.txt (Time: 0.31s)
📦 COPIED from HDD: /media/HDD/Projects/ExpDFS/graph_8000_31996000_UNIFORM_7983805977214098674.txt -> /home/shahbazk/Projects/DFS_Semi_Streaming/input/random_graphs/graph_8000_31996000_UNIFORM_7983805977214098674.txt (Time: 0.31s)
📦 COPIED from HDD: /media/HDD/Projects/ExpDFS/graph_8000_31996000_UNIFORM_2264398621601381987.txt -> /home/shahbazk/Projects/DFS_Semi_Streaming/input/random_graphs/graph_8000_31996000_UNIFORM_2264398621601381987.txt (Time: 0.30s)
📦 COPIED from HDD: /media/HDD/Projects/ExpDFS/graph_8000_31996000_UNIFORM_7632458674696225362.txt -> /home/shahbazk/Projects/DFS_Semi_Streaming/input/random_graphs/graph_8000_31996000_UNIFORM_7632458674696225362.txt (Time: 0.30s)
📦 COPIED from HDD: /media/HDD/Projects/ExpDFS/graph_9000_40495500_UNIFORM_5739955973604961613.txt -> /home/shahbazk/Projects/DFS_Semi_Streaming/input/random_graphs/graph_9000_40495500_UNIFORM_5739955973604961613.txt (Time: 0.38s)
📦 COPIED from HDD: /media/HDD/Projects/ExpDFS/graph_9000_40495500_UNIFORM_3881801951614183357.txt -> /home/shahbazk/Projects/DFS_Semi_Streaming/input/random_graphs/graph_9000_40495500_UNIFORM_3881801951614183357.txt (Time: 0.45s)
📦 COPIED from HDD: /media/HDD/Projects/ExpDFS/graph_9000_40495500_UNIFORM_7871178979383552919.txt -> /home/shahbazk/Projects/DFS_Semi_Streaming/input/random_graphs/graph_9000_40495500_UNIFORM_7871178979383552919.txt (Time: 0.40s)
📦 COPIED from HDD: /media/HDD/Projects/ExpDFS/graph_9000_40495500_UNIFORM_7032710160631691991.txt -> /home/shahbazk/Projects/DFS_Semi_Streaming/input/random_graphs/graph_9000_40495500_UNIFORM_7032710160631691991.txt (Time: 0.40s)
📦 COPIED from HDD: /media/HDD/Projects/ExpDFS/graph_9000_40495500_UNIFORM_7599700178212337699.txt -> /home/shahbazk/Projects/DFS_Semi_Streaming/input/random_graphs/graph_9000_40495500_UNIFORM_7599700178212337699.txt (Time: 0.38s)
📦 COPIED from HDD: /media/HDD/Projects/ExpDFS/graph_9000_40495500_UNIFORM_6230961512046992311.txt -> /home/shahbazk/Projects/DFS_Semi_Streaming/input/random_graphs/graph_9000_40495500_UNIFORM_6230961512046992311.txt (Time: 0.40s)
📦 COPIED from HDD: /media/HDD/Projects/ExpDFS/graph_9000_40495500_UNIFORM_1070244953599069350.txt -> /home/shahbazk/Projects/DFS_Semi_Streaming/input/random_graphs/graph_9000_40495500_UNIFORM_1070244953599069350.txt (Time: 0.38s)
📦 COPIED from HDD: /media/HDD/Projects/ExpDFS/graph_9000_40495500_UNIFORM_6522163754831416203.txt -> /home/shahbazk/Projects/DFS_Semi_Streaming/input/random_graphs/graph_9000_40495500_UNIFORM_6522163754831416203.txt (Time: 0.38s)
📦 COPIED from HDD: /media/HDD/Projects/ExpDFS/graph_9000_40495500_UNIFORM_4040737767143389431.txt -> /home/shahbazk/Projects/DFS_Semi_Streaming/input/random_graphs/graph_9000_40495500_UNIFORM_4040737767143389431.txt (Time: 0.39s)
📦 COPIED from HDD: /media/HDD/Projects/ExpDFS/graph_9000_40495500_UNIFORM_1353182403971399009.txt -> /home/shahbazk/Projects/DFS_Semi_Streaming/input/random_graphs/graph_9000_40495500_UNIFORM_1353182403971399009.txt (Time: 0.41s)
📦 COPIED from HDD: /media/HDD/Projects/ExpDFS/graph_9000_40495500_UNIFORM_1309542850049879452.txt -> /home/shahbazk/Projects/DFS_Semi_Streaming/input/random_graphs/graph_9000_40495500_UNIFORM_1309542850049879452.txt (Time: 0.39s)
📦 COPIED from HDD: /media/HDD/Projects/ExpDFS/graph_9000_40495500_UNIFORM_6938562734920028532.txt -> /home/shahbazk/Projects/DFS_Semi_Streaming/input/random_graphs/graph_9000_40495500_UNIFORM_6938562734920028532.txt (Time: 0.40s)
📦 COPIED from HDD: /media/HDD/Projects/ExpDFS/graph_9000_40495500_UNIFORM_320375091487821987.txt -> /home/shahbazk/Projects/DFS_Semi_Streaming/input/random_graphs/graph_9000_40495500_UNIFORM_320375091487821987.txt (Time: 0.39s)
📦 COPIED from HDD: /media/HDD/Projects/ExpDFS/graph_9000_40495500_UNIFORM_1250005700364523649.txt -> /home/shahbazk/Projects/DFS_Semi_Streaming/input/random_graphs/graph_9000_40495500_UNIFORM_1250005700364523649.txt (Time: 0.40s)
📦 COPIED from HDD: /media/HDD/Projects/ExpDFS/graph_9000_40495500_UNIFORM_2429002973740178792.txt -> /home/shahbazk/Projects/DFS_Semi_Streaming/input/random_graphs/graph_9000_40495500_UNIFORM_2429002973740178792.txt (Time: 0.40s)
📦 COPIED from HDD: /media/HDD/Projects/ExpDFS/graph_9000_40495500_UNIFORM_7663871783842725848.txt -> /home/shahbazk/Projects/DFS_Semi_Streaming/input/random_graphs/graph_9000_40495500_UNIFORM_7663871783842725848.txt (Time: 0.37s)
📦 COPIED from HDD: /media/HDD/Projects/ExpDFS/graph_9000_40495500_UNIFORM_5906957480796939447.txt -> /home/shahbazk/Projects/DFS_Semi_Streaming/input/random_graphs/graph_9000_40495500_UNIFORM_5906957480796939447.txt (Time: 0.39s)
📦 COPIED from HDD: /media/HDD/Projects/ExpDFS/graph_9000_40495500_UNIFORM_1250773459040295677.txt -> /home/shahbazk/Projects/DFS_Semi_Streaming/input/random_graphs/graph_9000_40495500_UNIFORM_1250773459040295677.txt (Time: 0.39s)
📦 COPIED from HDD: /media/HDD/Projects/ExpDFS/graph_9000_40495500_UNIFORM_3438400432146115956.txt -> /home/shahbazk/Projects/DFS_Semi_Streaming/input/random_graphs/graph_9000_40495500_UNIFORM_3438400432146115956.txt (Time: 0.37s)
📦 COPIED from HDD: /media/HDD/Projects/ExpDFS/graph_9000_40495500_UNIFORM_7473196763798409428.txt -> /home/shahbazk/Projects/DFS_Semi_Streaming/input/random_graphs/graph_9000_40495500_UNIFORM_7473196763798409428.txt (Time: 0.39s)
📦 COPIED from HDD: /media/HDD/Projects/ExpDFS/graph_9000_40495500_UNIFORM_7146860528564146064.txt -> /home/shahbazk/Projects/DFS_Semi_Streaming/input/random_graphs/graph_9000_40495500_UNIFORM_7146860528564146064.txt (Time: 0.41s)
📦 COPIED from HDD: /media/HDD/Projects/ExpDFS/graph_9000_40495500_UNIFORM_5139481885857321791.txt -> /home/shahbazk/Projects/DFS_Semi_Streaming/input/random_graphs/graph_9000_40495500_UNIFORM_5139481885857321791.txt (Time: 0.39s)
📦 COPIED from HDD: /media/HDD/Projects/ExpDFS/graph_9000_40495500_UNIFORM_3010622984418968408.txt -> /home/shahbazk/Projects/DFS_Semi_Streaming/input/random_graphs/graph_9000_40495500_UNIFORM_3010622984418968408.txt (Time: 0.40s)
📦 COPIED from HDD: /media/HDD/Projects/ExpDFS/graph_9000_40495500_UNIFORM_5142811650494845597.txt -> /home/shahbazk/Projects/DFS_Semi_Streaming/input/random_graphs/graph_9000_40495500_UNIFORM_5142811650494845597.txt (Time: 0.40s)
📦 COPIED from HDD: /media/HDD/Projects/ExpDFS/graph_9000_40495500_UNIFORM_6002685213311538187.txt -> /home/shahbazk/Projects/DFS_Semi_Streaming/input/random_graphs/graph_9000_40495500_UNIFORM_6002685213311538187.txt (Time: 0.41s)
📦 COPIED from HDD: /media/HDD/Projects/ExpDFS/graph_9000_40495500_UNIFORM_5708372698381010775.txt -> /home/shahbazk/Projects/DFS_Semi_Streaming/input/random_graphs/graph_9000_40495500_UNIFORM_5708372698381010775.txt (Time: 0.37s)
📦 COPIED from HDD: /media/HDD/Projects/ExpDFS/graph_9000_40495500_UNIFORM_521787134863155063.txt -> /home/shahbazk/Projects/DFS_Semi_Streaming/input/random_graphs/graph_9000_40495500_UNIFORM_521787134863155063.txt (Time: 0.39s)
📦 COPIED from HDD: /media/HDD/Projects/ExpDFS/graph_9000_40495500_UNIFORM_1731523882129807996.txt -> /home/shahbazk/Projects/DFS_Semi_Streaming/input/random_graphs/graph_9000_40495500_UNIFORM_1731523882129807996.txt (Time: 0.41s)
📦 COPIED from HDD: /media/HDD/Projects/ExpDFS/graph_9000_40495500_UNIFORM_7029781962072644698.txt -> /home/shahbazk/Projects/DFS_Semi_Streaming/input/random_graphs/graph_9000_40495500_UNIFORM_7029781962072644698.txt (Time: 0.39s)
📦 COPIED from HDD: /media/HDD/Projects/ExpDFS/graph_9000_40495500_UNIFORM_6785030173969523435.txt -> /home/shahbazk/Projects/DFS_Semi_Streaming/input/random_graphs/graph_9000_40495500_UNIFORM_6785030173969523435.txt (Time: 0.39s)
📦 COPIED from HDD: /media/HDD/Projects/ExpDFS/graph_9000_40495500_UNIFORM_1853590723603270879.txt -> /home/shahbazk/Projects/DFS_Semi_Streaming/input/random_graphs/graph_9000_40495500_UNIFORM_1853590723603270879.txt (Time: 0.40s)
📦 COPIED from HDD: /media/HDD/Projects/ExpDFS/graph_9000_40495500_UNIFORM_1024517563182776983.txt -> /home/shahbazk/Projects/DFS_Semi_Streaming/input/random_graphs/graph_9000_40495500_UNIFORM_1024517563182776983.txt (Time: 0.37s)
📦 COPIED from HDD: /media/HDD/Projects/ExpDFS/graph_9000_40495500_UNIFORM_3224265581699847191.txt -> /home/shahbazk/Projects/DFS_Semi_Streaming/input/random_graphs/graph_9000_40495500_UNIFORM_3224265581699847191.txt (Time: 0.37s)
📦 COPIED from HDD: /media/HDD/Projects/ExpDFS/graph_9000_40495500_UNIFORM_1647170069535670909.txt -> /home/shahbazk/Projects/DFS_Semi_Streaming/input/random_graphs/graph_9000_40495500_UNIFORM_1647170069535670909.txt (Time: 0.38s)
📦 COPIED from HDD: /media/HDD/Projects/ExpDFS/graph_9000_40495500_UNIFORM_5258051056098597521.txt -> /home/shahbazk/Projects/DFS_Semi_Streaming/input/random_graphs/graph_9000_40495500_UNIFORM_5258051056098597521.txt (Time: 0.38s)
📦 COPIED from HDD: /media/HDD/Projects/ExpDFS/graph_9000_40495500_UNIFORM_5529616217668449934.txt -> /home/shahbazk/Projects/DFS_Semi_Streaming/input/random_graphs/graph_9000_40495500_UNIFORM_5529616217668449934.txt (Time: 0.42s)
📦 COPIED from HDD: /media/HDD/Projects/ExpDFS/graph_9000_40495500_UNIFORM_7706236040662210848.txt -> /home/shahbazk/Projects/DFS_Semi_Streaming/input/random_graphs/graph_9000_40495500_UNIFORM_7706236040662210848.txt (Time: 0.38s)
📦 COPIED from HDD: /media/HDD/Projects/ExpDFS/graph_9000_40495500_UNIFORM_1632192924771168275.txt -> /home/shahbazk/Projects/DFS_Semi_Streaming/input/random_graphs/graph_9000_40495500_UNIFORM_1632192924771168275.txt (Time: 0.38s)
📦 COPIED from HDD: /media/HDD/Projects/ExpDFS/graph_9000_40495500_UNIFORM_4122784633514911760.txt -> /home/shahbazk/Projects/DFS_Semi_Streaming/input/random_graphs/graph_9000_40495500_UNIFORM_4122784633514911760.txt (Time: 0.39s)
📦 COPIED from HDD: /media/HDD/Projects/ExpDFS/graph_9000_40495500_UNIFORM_824387247617288499.txt -> /home/shahbazk/Projects/DFS_Semi_Streaming/input/random_graphs/graph_9000_40495500_UNIFORM_824387247617288499.txt (Time: 0.38s)
📦 COPIED from HDD: /media/HDD/Projects/ExpDFS/graph_9000_40495500_UNIFORM_7161906730445628483.txt -> /home/shahbazk/Projects/DFS_Semi_Streaming/input/random_graphs/graph_9000_40495500_UNIFORM_7161906730445628483.txt (Time: 0.38s)
📦 COPIED from HDD: /media/HDD/Projects/ExpDFS/graph_9000_40495500_UNIFORM_6802378520969450157.txt -> /home/shahbazk/Projects/DFS_Semi_Streaming/input/random_graphs/graph_9000_40495500_UNIFORM_6802378520969450157.txt (Time: 0.39s)
📦 COPIED from HDD: /media/HDD/Projects/ExpDFS/graph_9000_40495500_UNIFORM_8031431416522537101.txt -> /home/shahbazk/Projects/DFS_Semi_Streaming/input/random_graphs/graph_9000_40495500_UNIFORM_8031431416522537101.txt (Time: 0.39s)
📦 COPIED from HDD: /media/HDD/Projects/ExpDFS/graph_9000_40495500_UNIFORM_4552998297316576788.txt -> /home/shahbazk/Projects/DFS_Semi_Streaming/input/random_graphs/graph_9000_40495500_UNIFORM_4552998297316576788.txt (Time: 0.39s)
📦 COPIED from HDD: /media/HDD/Projects/ExpDFS/graph_9000_40495500_UNIFORM_6143643868734370809.txt -> /home/shahbazk/Projects/DFS_Semi_Streaming/input/random_graphs/graph_9000_40495500_UNIFORM_6143643868734370809.txt (Time: 0.37s)
📦 COPIED from HDD: /media/HDD/Projects/ExpDFS/graph_9000_40495500_UNIFORM_5636411189175451024.txt -> /home/shahbazk/Projects/DFS_Semi_Streaming/input/random_graphs/graph_9000_40495500_UNIFORM_5636411189175451024.txt (Time: 0.38s)
📦 COPIED from HDD: /media/HDD/Projects/ExpDFS/graph_9000_40495500_UNIFORM_5349491008325879064.txt -> /home/shahbazk/Projects/DFS_Semi_Streaming/input/random_graphs/graph_9000_40495500_UNIFORM_5349491008325879064.txt (Time: 0.37s)
📦 COPIED from HDD: /media/HDD/Projects/ExpDFS/graph_9000_40495500_UNIFORM_3272308573967577038.txt -> /home/shahbazk/Projects/DFS_Semi_Streaming/input/random_graphs/graph_9000_40495500_UNIFORM_3272308573967577038.txt (Time: 0.40s)
📦 COPIED from HDD: /media/HDD/Projects/ExpDFS/graph_9000_40495500_UNIFORM_6614505080519948832.txt -> /home/shahbazk/Projects/DFS_Semi_Streaming/input/random_graphs/graph_9000_40495500_UNIFORM_6614505080519948832.txt (Time: 0.41s)
📦 COPIED from HDD: /media/HDD/Projects/ExpDFS/graph_9000_40495500_UNIFORM_7917045922527545890.txt -> /home/shahbazk/Projects/DFS_Semi_Streaming/input/random_graphs/graph_9000_40495500_UNIFORM_7917045922527545890.txt (Time: 0.38s)
📦 COPIED from HDD: /media/HDD/Projects/ExpDFS/graph_9000_40495500_UNIFORM_4445925461710302877.txt -> /home/shahbazk/Projects/DFS_Semi_Streaming/input/random_graphs/graph_9000_40495500_UNIFORM_4445925461710302877.txt (Time: 0.39s)
📦 COPIED from HDD: /media/HDD/Projects/ExpDFS/graph_9000_40495500_UNIFORM_7938560551762094560.txt -> /home/shahbazk/Projects/DFS_Semi_Streaming/input/random_graphs/graph_9000_40495500_UNIFORM_7938560551762094560.txt (Time: 0.40s)
📦 COPIED from HDD: /media/HDD/Projects/ExpDFS/graph_9000_40495500_UNIFORM_3865339568260874865.txt -> /home/shahbazk/Projects/DFS_Semi_Streaming/input/random_graphs/graph_9000_40495500_UNIFORM_3865339568260874865.txt (Time: 0.40s)
📦 COPIED from HDD: /media/HDD/Projects/ExpDFS/graph_9000_40495500_UNIFORM_7921282862123281598.txt -> /home/shahbazk/Projects/DFS_Semi_Streaming/input/random_graphs/graph_9000_40495500_UNIFORM_7921282862123281598.txt (Time: 0.42s)
📦 COPIED from HDD: /media/HDD/Projects/ExpDFS/graph_9000_40495500_UNIFORM_1128313391724783137.txt -> /home/shahbazk/Projects/DFS_Semi_Streaming/input/random_graphs/graph_9000_40495500_UNIFORM_1128313391724783137.txt (Time: 0.40s)
📦 COPIED from HDD: /media/HDD/Projects/ExpDFS/graph_9000_40495500_UNIFORM_6224222471595207695.txt -> /home/shahbazk/Projects/DFS_Semi_Streaming/input/random_graphs/graph_9000_40495500_UNIFORM_6224222471595207695.txt (Time: 0.39s)
📦 COPIED from HDD: /media/HDD/Projects/ExpDFS/graph_9000_40495500_UNIFORM_716820155901718944.txt -> /home/shahbazk/Projects/DFS_Semi_Streaming/input/random_graphs/graph_9000_40495500_UNIFORM_716820155901718944.txt (Time: 0.38s)
📦 COPIED from HDD: /media/HDD/Projects/ExpDFS/graph_9000_40495500_UNIFORM_8718380604043999642.txt -> /home/shahbazk/Projects/DFS_Semi_Streaming/input/random_graphs/graph_9000_40495500_UNIFORM_8718380604043999642.txt (Time: 0.37s)
📦 COPIED from HDD: /media/HDD/Projects/ExpDFS/graph_9000_40495500_UNIFORM_5063475852268941542.txt -> /home/shahbazk/Projects/DFS_Semi_Streaming/input/random_graphs/graph_9000_40495500_UNIFORM_5063475852268941542.txt (Time: 0.38s)
📦 COPIED from HDD: /media/HDD/Projects/ExpDFS/graph_9000_40495500_UNIFORM_4997514996153925447.txt -> /home/shahbazk/Projects/DFS_Semi_Streaming/input/random_graphs/graph_9000_40495500_UNIFORM_4997514996153925447.txt (Time: 0.39s)
📦 COPIED from HDD: /media/HDD/Projects/ExpDFS/graph_9000_40495500_UNIFORM_8446481348147407377.txt -> /home/shahbazk/Projects/DFS_Semi_Streaming/input/random_graphs/graph_9000_40495500_UNIFORM_8446481348147407377.txt (Time: 0.39s)
📦 COPIED from HDD: /media/HDD/Projects/ExpDFS/graph_9000_40495500_UNIFORM_3817405844514670994.txt -> /home/shahbazk/Projects/DFS_Semi_Streaming/input/random_graphs/graph_9000_40495500_UNIFORM_3817405844514670994.txt (Time: 0.39s)
📦 COPIED from HDD: /media/HDD/Projects/ExpDFS/graph_9000_40495500_UNIFORM_1170385908854608748.txt -> /home/shahbazk/Projects/DFS_Semi_Streaming/input/random_graphs/graph_9000_40495500_UNIFORM_1170385908854608748.txt (Time: 0.39s)
📦 COPIED from HDD: /media/HDD/Projects/ExpDFS/graph_9000_40495500_UNIFORM_2909934787168262407.txt -> /home/shahbazk/Projects/DFS_Semi_Streaming/input/random_graphs/graph_9000_40495500_UNIFORM_2909934787168262407.txt (Time: 0.40s)
📦 COPIED from HDD: /media/HDD/Projects/ExpDFS/graph_9000_40495500_UNIFORM_6529943913552561417.txt -> /home/shahbazk/Projects/DFS_Semi_Streaming/input/random_graphs/graph_9000_40495500_UNIFORM_6529943913552561417.txt (Time: 0.39s)
📦 COPIED from HDD: /media/HDD/Projects/ExpDFS/graph_9000_40495500_UNIFORM_199422815561151340.txt -> /home/shahbazk/Projects/DFS_Semi_Streaming/input/random_graphs/graph_9000_40495500_UNIFORM_199422815561151340.txt (Time: 0.40s)
📦 COPIED from HDD: /media/HDD/Projects/ExpDFS/graph_9000_40495500_UNIFORM_175493991617213850.txt -> /home/shahbazk/Projects/DFS_Semi_Streaming/input/random_graphs/graph_9000_40495500_UNIFORM_175493991617213850.txt (Time: 0.39s)
📦 COPIED from HDD: /media/HDD/Projects/ExpDFS/graph_9000_40495500_UNIFORM_6022436717541034636.txt -> /home/shahbazk/Projects/DFS_Semi_Streaming/input/random_graphs/graph_9000_40495500_UNIFORM_6022436717541034636.txt (Time: 0.43s)
📦 COPIED from HDD: /media/HDD/Projects/ExpDFS/graph_9000_40495500_UNIFORM_5108599054664628607.txt -> /home/shahbazk/Projects/DFS_Semi_Streaming/input/random_graphs/graph_9000_40495500_UNIFORM_5108599054664628607.txt (Time: 0.38s)
📦 COPIED from HDD: /media/HDD/Projects/ExpDFS/graph_9000_40495500_UNIFORM_3713827327871807734.txt -> /home/shahbazk/Projects/DFS_Semi_Streaming/input/random_graphs/graph_9000_40495500_UNIFORM_3713827327871807734.txt (Time: 0.37s)
📦 COPIED from HDD: /media/HDD/Projects/ExpDFS/graph_9000_40495500_UNIFORM_9130666990809746335.txt -> /home/shahbazk/Projects/DFS_Semi_Streaming/input/random_graphs/graph_9000_40495500_UNIFORM_9130666990809746335.txt (Time: 0.45s)
📦 COPIED from HDD: /media/HDD/Projects/ExpDFS/graph_9000_40495500_UNIFORM_7644420139408884785.txt -> /home/shahbazk/Projects/DFS_Semi_Streaming/input/random_graphs/graph_9000_40495500_UNIFORM_7644420139408884785.txt (Time: 0.39s)
📦 COPIED from HDD: /media/HDD/Projects/ExpDFS/graph_9000_40495500_UNIFORM_6764066939395682287.txt -> /home/shahbazk/Projects/DFS_Semi_Streaming/input/random_graphs/graph_9000_40495500_UNIFORM_6764066939395682287.txt (Time: 0.44s)
📦 COPIED from HDD: /media/HDD/Projects/ExpDFS/graph_9000_40495500_UNIFORM_1458186392400727732.txt -> /home/shahbazk/Projects/DFS_Semi_Streaming/input/random_graphs/graph_9000_40495500_UNIFORM_1458186392400727732.txt (Time: 0.38s)
📦 COPIED from HDD: /media/HDD/Projects/ExpDFS/graph_9000_40495500_UNIFORM_1392892770529522614.txt -> /home/shahbazk/Projects/DFS_Semi_Streaming/input/random_graphs/graph_9000_40495500_UNIFORM_1392892770529522614.txt (Time: 0.48s)
📦 COPIED from HDD: /media/HDD/Projects/ExpDFS/graph_9000_40495500_UNIFORM_9060210648189963449.txt -> /home/shahbazk/Projects/DFS_Semi_Streaming/input/random_graphs/graph_9000_40495500_UNIFORM_9060210648189963449.txt (Time: 0.39s)
📦 COPIED from HDD: /media/HDD/Projects/ExpDFS/graph_9000_40495500_UNIFORM_4250897495980125004.txt -> /home/shahbazk/Projects/DFS_Semi_Streaming/input/random_graphs/graph_9000_40495500_UNIFORM_4250897495980125004.txt (Time: 0.39s)
📦 COPIED from HDD: /media/HDD/Projects/ExpDFS/graph_9000_40495500_UNIFORM_8794274795737982182.txt -> /home/shahbazk/Projects/DFS_Semi_Streaming/input/random_graphs/graph_9000_40495500_UNIFORM_8794274795737982182.txt (Time: 0.40s)
📦 COPIED from HDD: /media/HDD/Projects/ExpDFS/graph_9000_40495500_UNIFORM_2089506265998900862.txt -> /home/shahbazk/Projects/DFS_Semi_Streaming/input/random_graphs/graph_9000_40495500_UNIFORM_2089506265998900862.txt (Time: 0.38s)
📦 COPIED from HDD: /media/HDD/Projects/ExpDFS/graph_9000_40495500_UNIFORM_5497874167834979553.txt -> /home/shahbazk/Projects/DFS_Semi_Streaming/input/random_graphs/graph_9000_40495500_UNIFORM_5497874167834979553.txt (Time: 0.39s)
📦 COPIED from HDD: /media/HDD/Projects/ExpDFS/graph_9000_40495500_UNIFORM_4060584409398689268.txt -> /home/shahbazk/Projects/DFS_Semi_Streaming/input/random_graphs/graph_9000_40495500_UNIFORM_4060584409398689268.txt (Time: 0.40s)
📦 COPIED from HDD: /media/HDD/Projects/ExpDFS/graph_9000_40495500_UNIFORM_1332005502874566195.txt -> /home/shahbazk/Projects/DFS_Semi_Streaming/input/random_graphs/graph_9000_40495500_UNIFORM_1332005502874566195.txt (Time: 0.40s)
📦 COPIED from HDD: /media/HDD/Projects/ExpDFS/graph_9000_40495500_UNIFORM_1722224698700348310.txt -> /home/shahbazk/Projects/DFS_Semi_Streaming/input/random_graphs/graph_9000_40495500_UNIFORM_1722224698700348310.txt (Time: 0.38s)
📦 COPIED from HDD: /media/HDD/Projects/ExpDFS/graph_9000_40495500_UNIFORM_8626102704817790064.txt -> /home/shahbazk/Projects/DFS_Semi_Streaming/input/random_graphs/graph_9000_40495500_UNIFORM_8626102704817790064.txt (Time: 0.38s)
📦 COPIED from HDD: /media/HDD/Projects/ExpDFS/graph_9000_40495500_UNIFORM_4795749165124911768.txt -> /home/shahbazk/Projects/DFS_Semi_Streaming/input/random_graphs/graph_9000_40495500_UNIFORM_4795749165124911768.txt (Time: 0.40s)
📦 COPIED from HDD: /media/HDD/Projects/ExpDFS/graph_9000_40495500_UNIFORM_8448596294177070022.txt -> /home/shahbazk/Projects/DFS_Semi_Streaming/input/random_graphs/graph_9000_40495500_UNIFORM_8448596294177070022.txt (Time: 0.40s)
📦 COPIED from HDD: /media/HDD/Projects/ExpDFS/graph_9000_40495500_UNIFORM_1992204328026194281.txt -> /home/shahbazk/Projects/DFS_Semi_Streaming/input/random_graphs/graph_9000_40495500_UNIFORM_1992204328026194281.txt (Time: 0.41s)
📦 COPIED from HDD: /media/HDD/Projects/ExpDFS/graph_9000_40495500_UNIFORM_7905487461282246979.txt -> /home/shahbazk/Projects/DFS_Semi_Streaming/input/random_graphs/graph_9000_40495500_UNIFORM_7905487461282246979.txt (Time: 0.42s)
📦 COPIED from HDD: /media/HDD/Projects/ExpDFS/graph_9000_40495500_UNIFORM_4934890601268679176.txt -> /home/shahbazk/Projects/DFS_Semi_Streaming/input/random_graphs/graph_9000_40495500_UNIFORM_4934890601268679176.txt (Time: 0.39s)
📦 COPIED from HDD: /media/HDD/Projects/ExpDFS/graph_9000_40495500_UNIFORM_2718103348384927511.txt -> /home/shahbazk/Projects/DFS_Semi_Streaming/input/random_graphs/graph_9000_40495500_UNIFORM_2718103348384927511.txt (Time: 0.38s)
📦 COPIED from HDD: /media/HDD/Projects/ExpDFS/graph_9000_40495500_UNIFORM_8867616339855336876.txt -> /home/shahbazk/Projects/DFS_Semi_Streaming/input/random_graphs/graph_9000_40495500_UNIFORM_8867616339855336876.txt (Time: 0.40s)
📦 COPIED from HDD: /media/HDD/Projects/ExpDFS/graph_9000_40495500_UNIFORM_7118744415197196276.txt -> /home/shahbazk/Projects/DFS_Semi_Streaming/input/random_graphs/graph_9000_40495500_UNIFORM_7118744415197196276.txt (Time: 0.46s)
📦 COPIED from HDD: /media/HDD/Projects/ExpDFS/graph_9000_40495500_UNIFORM_9059990922233379852.txt -> /home/shahbazk/Projects/DFS_Semi_Streaming/input/random_graphs/graph_9000_40495500_UNIFORM_9059990922233379852.txt (Time: 0.38s)
📦 COPIED from HDD: /media/HDD/Projects/ExpDFS/graph_9000_40495500_UNIFORM_3221421291694197220.txt -> /home/shahbazk/Projects/DFS_Semi_Streaming/input/random_graphs/graph_9000_40495500_UNIFORM_3221421291694197220.txt (Time: 0.38s)
📦 COPIED from HDD: /media/HDD/Projects/ExpDFS/graph_9000_40495500_UNIFORM_7983805977214098674.txt -> /home/shahbazk/Projects/DFS_Semi_Streaming/input/random_graphs/graph_9000_40495500_UNIFORM_7983805977214098674.txt (Time: 0.39s)
📦 COPIED from HDD: /media/HDD/Projects/ExpDFS/graph_9000_40495500_UNIFORM_5894893360759659423.txt -> /home/shahbazk/Projects/DFS_Semi_Streaming/input/random_graphs/graph_9000_40495500_UNIFORM_5894893360759659423.txt (Time: 0.39s)
📦 COPIED from HDD: /media/HDD/Projects/ExpDFS/graph_9000_40495500_UNIFORM_2264398621601381987.txt -> /home/shahbazk/Projects/DFS_Semi_Streaming/input/random_graphs/graph_9000_40495500_UNIFORM_2264398621601381987.txt (Time: 0.39s)
📦 COPIED from HDD: /media/HDD/Projects/ExpDFS/graph_9000_40495500_UNIFORM_7449662661572224354.txt -> /home/shahbazk/Projects/DFS_Semi_Streaming/input/random_graphs/graph_9000_40495500_UNIFORM_7449662661572224354.txt (Time: 0.38s)
📦 COPIED from HDD: /media/HDD/Projects/ExpDFS/graph_9000_40495500_UNIFORM_4940913311242578590.txt -> /home/shahbazk/Projects/DFS_Semi_Streaming/input/random_graphs/graph_9000_40495500_UNIFORM_4940913311242578590.txt (Time: 0.38s)
📦 COPIED from HDD: /media/HDD/Projects/ExpDFS/graph_9000_40495500_UNIFORM_7632458674696225362.txt -> /home/shahbazk/Projects/DFS_Semi_Streaming/input/random_graphs/graph_9000_40495500_UNIFORM_7632458674696225362.txt (Time: 0.52s)
⏭ ALREADY_EXISTS in working dir: /home/shahbazk/Projects/DFS_Semi_Streaming/input/random_graphs/graph_10000_49995000_UNIFORM_6230961512046992311.txt
⏭ ALREADY_EXISTS in working dir: /home/shahbazk/Projects/DFS_Semi_Streaming/input/random_graphs/graph_10000_49995000_UNIFORM_7871178979383552919.txt
⏭ ALREADY_EXISTS in working dir: /home/shahbazk/Projects/DFS_Semi_Streaming/input/random_graphs/graph_10000_49995000_UNIFORM_3881801951614183357.txt
⏭ ALREADY_EXISTS in working dir: /home/shahbazk/Projects/DFS_Semi_Streaming/input/random_graphs/graph_10000_49995000_UNIFORM_7032710160631691991.txt
⏭ ALREADY_EXISTS in working dir: /home/shahbazk/Projects/DFS_Semi_Streaming/input/random_graphs/graph_10000_49995000_UNIFORM_5739955973604961613.txt
⏭ ALREADY_EXISTS in working dir: /home/shahbazk/Projects/DFS_Semi_Streaming/input/random_graphs/graph_10000_49995000_UNIFORM_7599700178212337699.txt
⏭ ALREADY_EXISTS in working dir: /home/shahbazk/Projects/DFS_Semi_Streaming/input/random_graphs/graph_10000_49995000_UNIFORM_1353182403971399009.txt
⏭ ALREADY_EXISTS in working dir: /home/shahbazk/Projects/DFS_Semi_Streaming/input/random_graphs/graph_10000_49995000_UNIFORM_1070244953599069350.txt
⏭ ALREADY_EXISTS in working dir: /home/shahbazk/Projects/DFS_Semi_Streaming/input/random_graphs/graph_10000_49995000_UNIFORM_6522163754831416203.txt
⏭ ALREADY_EXISTS in working dir: /home/shahbazk/Projects/DFS_Semi_Streaming/input/random_graphs/graph_10000_49995000_UNIFORM_6938562734920028532.txt
⏭ ALREADY_EXISTS in working dir: /home/shahbazk/Projects/DFS_Semi_Streaming/input/random_graphs/graph_10000_49995000_UNIFORM_1250005700364523649.txt
⏭ ALREADY_EXISTS in working dir: /home/shahbazk/Projects/DFS_Semi_Streaming/input/random_graphs/graph_10000_49995000_UNIFORM_4040737767143389431.txt
⏭ ALREADY_EXISTS in working dir: /home/shahbazk/Projects/DFS_Semi_Streaming/input/random_graphs/graph_10000_49995000_UNIFORM_7663871783842725848.txt
⏭ ALREADY_EXISTS in working dir: /home/shahbazk/Projects/DFS_Semi_Streaming/input/random_graphs/graph_10000_49995000_UNIFORM_1309542850049879452.txt
⏭ ALREADY_EXISTS in working dir: /home/shahbazk/Projects/DFS_Semi_Streaming/input/random_graphs/graph_10000_49995000_UNIFORM_2429002973740178792.txt
⏭ ALREADY_EXISTS in working dir: /home/shahbazk/Projects/DFS_Semi_Streaming/input/random_graphs/graph_10000_49995000_UNIFORM_320375091487821987.txt
⏭ ALREADY_EXISTS in working dir: /home/shahbazk/Projects/DFS_Semi_Streaming/input/random_graphs/graph_10000_49995000_UNIFORM_5906957480796939447.txt
⏭ ALREADY_EXISTS in working dir: /home/shahbazk/Projects/DFS_Semi_Streaming/input/random_graphs/graph_10000_49995000_UNIFORM_1250773459040295677.txt
⏭ ALREADY_EXISTS in working dir: /home/shahbazk/Projects/DFS_Semi_Streaming/input/random_graphs/graph_10000_49995000_UNIFORM_3438400432146115956.txt
⏭ ALREADY_EXISTS in working dir: /home/shahbazk/Projects/DFS_Semi_Streaming/input/random_graphs/graph_10000_49995000_UNIFORM_7146860528564146064.txt
⏭ ALREADY_EXISTS in working dir: /home/shahbazk/Projects/DFS_Semi_Streaming/input/random_graphs/graph_10000_49995000_UNIFORM_5139481885857321791.txt
⏭ ALREADY_EXISTS in working dir: /home/shahbazk/Projects/DFS_Semi_Streaming/input/random_graphs/graph_10000_49995000_UNIFORM_7473196763798409428.txt
⏭ ALREADY_EXISTS in working dir: /home/shahbazk/Projects/DFS_Semi_Streaming/input/random_graphs/graph_10000_49995000_UNIFORM_5142811650494845597.txt
⏭ ALREADY_EXISTS in working dir: /home/shahbazk/Projects/DFS_Semi_Streaming/input/random_graphs/graph_10000_49995000_UNIFORM_3010622984418968408.txt
⏭ ALREADY_EXISTS in working dir: /home/shahbazk/Projects/DFS_Semi_Streaming/input/random_graphs/graph_10000_49995000_UNIFORM_6002685213311538187.txt
⏭ ALREADY_EXISTS in working dir: /home/shahbazk/Projects/DFS_Semi_Streaming/input/random_graphs/graph_10000_49995000_UNIFORM_5708372698381010775.txt
⏭ ALREADY_EXISTS in working dir: /home/shahbazk/Projects/DFS_Semi_Streaming/input/random_graphs/graph_10000_49995000_UNIFORM_521787134863155063.txt
⏭ ALREADY_EXISTS in working dir: /home/shahbazk/Projects/DFS_Semi_Streaming/input/random_graphs/graph_10000_49995000_UNIFORM_1731523882129807996.txt
⏭ ALREADY_EXISTS in working dir: /home/shahbazk/Projects/DFS_Semi_Streaming/input/random_graphs/graph_10000_49995000_UNIFORM_7029781962072644698.txt
⏭ ALREADY_EXISTS in working dir: /home/shahbazk/Projects/DFS_Semi_Streaming/input/random_graphs/graph_10000_49995000_UNIFORM_1853590723603270879.txt
⏭ ALREADY_EXISTS in working dir: /home/shahbazk/Projects/DFS_Semi_Streaming/input/random_graphs/graph_10000_49995000_UNIFORM_5529616217668449934.txt
⏭ ALREADY_EXISTS in working dir: /home/shahbazk/Projects/DFS_Semi_Streaming/input/random_graphs/graph_10000_49995000_UNIFORM_1024517563182776983.txt
⏭ ALREADY_EXISTS in working dir: /home/shahbazk/Projects/DFS_Semi_Streaming/input/random_graphs/graph_10000_49995000_UNIFORM_3224265581699847191.txt
⏭ ALREADY_EXISTS in working dir: /home/shahbazk/Projects/DFS_Semi_Streaming/input/random_graphs/graph_10000_49995000_UNIFORM_6785030173969523435.txt
⏭ ALREADY_EXISTS in working dir: /home/shahbazk/Projects/DFS_Semi_Streaming/input/random_graphs/graph_10000_49995000_UNIFORM_5258051056098597521.txt
⏭ ALREADY_EXISTS in working dir: /home/shahbazk/Projects/DFS_Semi_Streaming/input/random_graphs/graph_10000_49995000_UNIFORM_1647170069535670909.txt
⏭ ALREADY_EXISTS in working dir: /home/shahbazk/Projects/DFS_Semi_Streaming/input/random_graphs/graph_10000_49995000_UNIFORM_4122784633514911760.txt
⏭ ALREADY_EXISTS in working dir: /home/shahbazk/Projects/DFS_Semi_Streaming/input/random_graphs/graph_10000_49995000_UNIFORM_7706236040662210848.txt
⏭ ALREADY_EXISTS in working dir: /home/shahbazk/Projects/DFS_Semi_Streaming/input/random_graphs/graph_10000_49995000_UNIFORM_824387247617288499.txt
⏭ ALREADY_EXISTS in working dir: /home/shahbazk/Projects/DFS_Semi_Streaming/input/random_graphs/graph_10000_49995000_UNIFORM_7161906730445628483.txt
⏭ ALREADY_EXISTS in working dir: /home/shahbazk/Projects/DFS_Semi_Streaming/input/random_graphs/graph_10000_49995000_UNIFORM_1632192924771168275.txt
⏭ ALREADY_EXISTS in working dir: /home/shahbazk/Projects/DFS_Semi_Streaming/input/random_graphs/graph_10000_49995000_UNIFORM_6802378520969450157.txt
⏭ ALREADY_EXISTS in working dir: /home/shahbazk/Projects/DFS_Semi_Streaming/input/random_graphs/graph_10000_49995000_UNIFORM_6143643868734370809.txt
⏭ ALREADY_EXISTS in working dir: /home/shahbazk/Projects/DFS_Semi_Streaming/input/random_graphs/graph_10000_49995000_UNIFORM_4552998297316576788.txt
⏭ ALREADY_EXISTS in working dir: /home/shahbazk/Projects/DFS_Semi_Streaming/input/random_graphs/graph_10000_49995000_UNIFORM_8031431416522537101.txt
⏭ ALREADY_EXISTS in working dir: /home/shahbazk/Projects/DFS_Semi_Streaming/input/random_graphs/graph_10000_49995000_UNIFORM_3272308573967577038.txt
⏭ ALREADY_EXISTS in working dir: /home/shahbazk/Projects/DFS_Semi_Streaming/input/random_graphs/graph_10000_49995000_UNIFORM_5636411189175451024.txt
⏭ ALREADY_EXISTS in working dir: /home/shahbazk/Projects/DFS_Semi_Streaming/input/random_graphs/graph_10000_49995000_UNIFORM_5349491008325879064.txt
⏭ ALREADY_EXISTS in working dir: /home/shahbazk/Projects/DFS_Semi_Streaming/input/random_graphs/graph_10000_49995000_UNIFORM_6614505080519948832.txt
⏭ ALREADY_EXISTS in working dir: /home/shahbazk/Projects/DFS_Semi_Streaming/input/random_graphs/graph_10000_49995000_UNIFORM_7917045922527545890.txt
⏭ ALREADY_EXISTS in working dir: /home/shahbazk/Projects/DFS_Semi_Streaming/input/random_graphs/graph_10000_49995000_UNIFORM_7938560551762094560.txt
⏭ ALREADY_EXISTS in working dir: /home/shahbazk/Projects/DFS_Semi_Streaming/input/random_graphs/graph_10000_49995000_UNIFORM_4445925461710302877.txt
⏭ ALREADY_EXISTS in working dir: /home/shahbazk/Projects/DFS_Semi_Streaming/input/random_graphs/graph_10000_49995000_UNIFORM_3865339568260874865.txt
⏭ ALREADY_EXISTS in working dir: /home/shahbazk/Projects/DFS_Semi_Streaming/input/random_graphs/graph_10000_49995000_UNIFORM_7921282862123281598.txt
⏭ ALREADY_EXISTS in working dir: /home/shahbazk/Projects/DFS_Semi_Streaming/input/random_graphs/graph_10000_49995000_UNIFORM_6224222471595207695.txt
⏭ ALREADY_EXISTS in working dir: /home/shahbazk/Projects/DFS_Semi_Streaming/input/random_graphs/graph_10000_49995000_UNIFORM_716820155901718944.txt
⏭ ALREADY_EXISTS in working dir: /home/shahbazk/Projects/DFS_Semi_Streaming/input/random_graphs/graph_10000_49995000_UNIFORM_1128313391724783137.txt
⏭ ALREADY_EXISTS in working dir: /home/shahbazk/Projects/DFS_Semi_Streaming/input/random_graphs/graph_10000_49995000_UNIFORM_8718380604043999642.txt
⏭ ALREADY_EXISTS in working dir: /home/shahbazk/Projects/DFS_Semi_Streaming/input/random_graphs/graph_10000_49995000_UNIFORM_5063475852268941542.txt
⏭ ALREADY_EXISTS in working dir: /home/shahbazk/Projects/DFS_Semi_Streaming/input/random_graphs/graph_10000_49995000_UNIFORM_4997514996153925447.txt
⏭ ALREADY_EXISTS in working dir: /home/shahbazk/Projects/DFS_Semi_Streaming/input/random_graphs/graph_10000_49995000_UNIFORM_8446481348147407377.txt
⏭ ALREADY_EXISTS in working dir: /home/shahbazk/Projects/DFS_Semi_Streaming/input/random_graphs/graph_10000_49995000_UNIFORM_3817405844514670994.txt
⏭ ALREADY_EXISTS in working dir: /home/shahbazk/Projects/DFS_Semi_Streaming/input/random_graphs/graph_10000_49995000_UNIFORM_1170385908854608748.txt
⏭ ALREADY_EXISTS in working dir: /home/shahbazk/Projects/DFS_Semi_Streaming/input/random_graphs/graph_10000_49995000_UNIFORM_6529943913552561417.txt
⏭ ALREADY_EXISTS in working dir: /home/shahbazk/Projects/DFS_Semi_Streaming/input/random_graphs/graph_10000_49995000_UNIFORM_2909934787168262407.txt
⏭ ALREADY_EXISTS in working dir: /home/shahbazk/Projects/DFS_Semi_Streaming/input/random_graphs/graph_10000_49995000_UNIFORM_6022436717541034636.txt
⏭ ALREADY_EXISTS in working dir: /home/shahbazk/Projects/DFS_Semi_Streaming/input/random_graphs/graph_10000_49995000_UNIFORM_199422815561151340.txt
⏭ ALREADY_EXISTS in working dir: /home/shahbazk/Projects/DFS_Semi_Streaming/input/random_graphs/graph_10000_49995000_UNIFORM_3713827327871807734.txt
⏭ ALREADY_EXISTS in working dir: /home/shahbazk/Projects/DFS_Semi_Streaming/input/random_graphs/graph_10000_49995000_UNIFORM_175493991617213850.txt
⏭ ALREADY_EXISTS in working dir: /home/shahbazk/Projects/DFS_Semi_Streaming/input/random_graphs/graph_10000_49995000_UNIFORM_5108599054664628607.txt
⏭ ALREADY_EXISTS in working dir: /home/shahbazk/Projects/DFS_Semi_Streaming/input/random_graphs/graph_10000_49995000_UNIFORM_6764066939395682287.txt
⏭ ALREADY_EXISTS in working dir: /home/shahbazk/Projects/DFS_Semi_Streaming/input/random_graphs/graph_10000_49995000_UNIFORM_7644420139408884785.txt
⏭ ALREADY_EXISTS in working dir: /home/shahbazk/Projects/DFS_Semi_Streaming/input/random_graphs/graph_10000_49995000_UNIFORM_9130666990809746335.txt
⏭ ALREADY_EXISTS in working dir: /home/shahbazk/Projects/DFS_Semi_Streaming/input/random_graphs/graph_10000_49995000_UNIFORM_1458186392400727732.txt
⏭ ALREADY_EXISTS in working dir: /home/shahbazk/Projects/DFS_Semi_Streaming/input/random_graphs/graph_10000_49995000_UNIFORM_1392892770529522614.txt
⏭ ALREADY_EXISTS in working dir: /home/shahbazk/Projects/DFS_Semi_Streaming/input/random_graphs/graph_10000_49995000_UNIFORM_9060210648189963449.txt
⏭ ALREADY_EXISTS in working dir: /home/shahbazk/Projects/DFS_Semi_Streaming/input/random_graphs/graph_10000_49995000_UNIFORM_4250897495980125004.txt
⏭ ALREADY_EXISTS in working dir: /home/shahbazk/Projects/DFS_Semi_Streaming/input/random_graphs/graph_10000_49995000_UNIFORM_8794274795737982182.txt
⏭ ALREADY_EXISTS in working dir: /home/shahbazk/Projects/DFS_Semi_Streaming/input/random_graphs/graph_10000_49995000_UNIFORM_2089506265998900862.txt
⏭ ALREADY_EXISTS in working dir: /home/shahbazk/Projects/DFS_Semi_Streaming/input/random_graphs/graph_10000_49995000_UNIFORM_5497874167834979553.txt
⏭ ALREADY_EXISTS in working dir: /home/shahbazk/Projects/DFS_Semi_Streaming/input/random_graphs/graph_10000_49995000_UNIFORM_4060584409398689268.txt
⏭ ALREADY_EXISTS in working dir: /home/shahbazk/Projects/DFS_Semi_Streaming/input/random_graphs/graph_10000_49995000_UNIFORM_1332005502874566195.txt
⏭ ALREADY_EXISTS in working dir: /home/shahbazk/Projects/DFS_Semi_Streaming/input/random_graphs/graph_10000_49995000_UNIFORM_1722224698700348310.txt
⏭ ALREADY_EXISTS in working dir: /home/shahbazk/Projects/DFS_Semi_Streaming/input/random_graphs/graph_10000_49995000_UNIFORM_7905487461282246979.txt
⏭ ALREADY_EXISTS in working dir: /home/shahbazk/Projects/DFS_Semi_Streaming/input/random_graphs/graph_10000_49995000_UNIFORM_8626102704817790064.txt
⏭ ALREADY_EXISTS in working dir: /home/shahbazk/Projects/DFS_Semi_Streaming/input/random_graphs/graph_10000_49995000_UNIFORM_8448596294177070022.txt
⏭ ALREADY_EXISTS in working dir: /home/shahbazk/Projects/DFS_Semi_Streaming/input/random_graphs/graph_10000_49995000_UNIFORM_4795749165124911768.txt
⏭ ALREADY_EXISTS in working dir: /home/shahbazk/Projects/DFS_Semi_Streaming/input/random_graphs/graph_10000_49995000_UNIFORM_4934890601268679176.txt
⏭ ALREADY_EXISTS in working dir: /home/shahbazk/Projects/DFS_Semi_Streaming/input/random_graphs/graph_10000_49995000_UNIFORM_1992204328026194281.txt
⏭ ALREADY_EXISTS in working dir: /home/shahbazk/Projects/DFS_Semi_Streaming/input/random_graphs/graph_10000_49995000_UNIFORM_7118744415197196276.txt
⏭ ALREADY_EXISTS in working dir: /home/shahbazk/Projects/DFS_Semi_Streaming/input/random_graphs/graph_10000_49995000_UNIFORM_9059990922233379852.txt
⏭ ALREADY_EXISTS in working dir: /home/shahbazk/Projects/DFS_Semi_Streaming/input/random_graphs/graph_10000_49995000_UNIFORM_7449662661572224354.txt
⏭ ALREADY_EXISTS in working dir: /home/shahbazk/Projects/DFS_Semi_Streaming/input/random_graphs/graph_10000_49995000_UNIFORM_2718103348384927511.txt
⏭ ALREADY_EXISTS in working dir: /home/shahbazk/Projects/DFS_Semi_Streaming/input/random_graphs/graph_10000_49995000_UNIFORM_3221421291694197220.txt
⏭ ALREADY_EXISTS in working dir: /home/shahbazk/Projects/DFS_Semi_Streaming/input/random_graphs/graph_10000_49995000_UNIFORM_8867616339855336876.txt
⏭ ALREADY_EXISTS in working dir: /home/shahbazk/Projects/DFS_Semi_Streaming/input/random_graphs/graph_10000_49995000_UNIFORM_5894893360759659423.txt
⏭ ALREADY_EXISTS in working dir: /home/shahbazk/Projects/DFS_Semi_Streaming/input/random_graphs/graph_10000_49995000_UNIFORM_7983805977214098674.txt
⏭ ALREADY_EXISTS in working dir: /home/shahbazk/Projects/DFS_Semi_Streaming/input/random_graphs/graph_10000_49995000_UNIFORM_4940913311242578590.txt
⏭ ALREADY_EXISTS in working dir: /home/shahbazk/Projects/DFS_Semi_Streaming/input/random_graphs/graph_10000_49995000_UNIFORM_2264398621601381987.txt
⏭ ALREADY_EXISTS in working dir: /home/shahbazk/Projects/DFS_Semi_Streaming/input/random_graphs/graph_10000_49995000_UNIFORM_7632458674696225362.txt

============================================================
Graph processing completed in 2040.81 seconds
============================================================
Copied from HDD:          3400
Newly generated:          0
Already in working dir:   100
Failed:                   0
Total processed:          3500
============================================================
