Graph already exists at: ./input/random_graphs/graph_10_45_UNIFORM_6230961512046992311.txt
Graph already exists at: ./input/random_graphs/graph_10_45_UNIFORM_7871178979383552919.txt
Graph already exists at: ./input/random_graphs/graph_10_45_UNIFORM_5739955973604961613.txt
Graph already exists at: ./input/random_graphs/graph_10_45_UNIFORM_3881801951614183357.txt
Graph already exists at: ./input/random_graphs/graph_10_45_UNIFORM_7032710160631691991.txt
Graph already exists at: ./input/random_graphs/graph_10_45_UNIFORM_7599700178212337699.txt
Graph already exists at: ./input/random_graphs/graph_10_45_UNIFORM_1353182403971399009.txt
Graph already exists at: ./input/random_graphs/graph_10_45_UNIFORM_1070244953599069350.txt
Graph already exists at: ./input/random_graphs/graph_10_45_UNIFORM_6522163754831416203.txt
Graph already exists at: ./input/random_graphs/graph_10_45_UNIFORM_6938562734920028532.txt
Graph already exists at: ./input/random_graphs/graph_10_45_UNIFORM_4040737767143389431.txt
Graph already exists at: ./input/random_graphs/graph_10_45_UNIFORM_1250005700364523649.txt
Graph already exists at: ./input/random_graphs/graph_10_45_UNIFORM_1309542850049879452.txt
Graph already exists at: ./input/random_graphs/graph_10_45_UNIFORM_2429002973740178792.txt
Graph already exists at: ./input/random_graphs/graph_10_45_UNIFORM_7663871783842725848.txt
Graph already exists at: ./input/random_graphs/graph_10_45_UNIFORM_320375091487821987.txt
Graph already exists at: ./input/random_graphs/graph_10_45_UNIFORM_5906957480796939447.txt
Graph already exists at: ./input/random_graphs/graph_10_45_UNIFORM_1250773459040295677.txt
Graph already exists at: ./input/random_graphs/graph_10_45_UNIFORM_7146860528564146064.txt
Graph already exists at: ./input/random_graphs/graph_10_45_UNIFORM_3438400432146115956.txt
Graph already exists at: ./input/random_graphs/graph_10_45_UNIFORM_7473196763798409428.txt
Graph already exists at: ./input/random_graphs/graph_10_45_UNIFORM_5139481885857321791.txt
Graph already exists at: ./input/random_graphs/graph_10_45_UNIFORM_5142811650494845597.txt
Graph already exists at: ./input/random_graphs/graph_10_45_UNIFORM_3010622984418968408.txt
Graph already exists at: ./input/random_graphs/graph_10_45_UNIFORM_6002685213311538187.txt
Graph already exists at: ./input/random_graphs/graph_10_45_UNIFORM_5708372698381010775.txt
Graph already exists at: ./input/random_graphs/graph_10_45_UNIFORM_521787134863155063.txt
Graph already exists at: ./input/random_graphs/graph_10_45_UNIFORM_1731523882129807996.txt
Graph already exists at: ./input/random_graphs/graph_10_45_UNIFORM_1853590723603270879.txt
Graph already exists at: ./input/random_graphs/graph_10_45_UNIFORM_7029781962072644698.txt
Graph already exists at: ./input/random_graphs/graph_10_45_UNIFORM_6785030173969523435.txt
Graph already exists at: ./input/random_graphs/graph_10_45_UNIFORM_5529616217668449934.txt
Graph already exists at: ./input/random_graphs/graph_10_45_UNIFORM_1024517563182776983.txt
Graph already exists at: ./input/random_graphs/graph_10_45_UNIFORM_3224265581699847191.txt
Graph already exists at: ./input/random_graphs/graph_10_45_UNIFORM_5258051056098597521.txt
Graph already exists at: ./input/random_graphs/graph_10_45_UNIFORM_1647170069535670909.txt
Graph already exists at: ./input/random_graphs/graph_10_45_UNIFORM_4122784633514911760.txt
Graph already exists at: ./input/random_graphs/graph_10_45_UNIFORM_7706236040662210848.txt
Graph already exists at: ./input/random_graphs/graph_10_45_UNIFORM_824387247617288499.txt
Graph already exists at: ./input/random_graphs/graph_10_45_UNIFORM_1632192924771168275.txt
Graph already exists at: ./input/random_graphs/graph_10_45_UNIFORM_7161906730445628483.txt
Graph already exists at: ./input/random_graphs/graph_10_45_UNIFORM_6802378520969450157.txt
Graph already exists at: ./input/random_graphs/graph_10_45_UNIFORM_4552998297316576788.txt
Graph already exists at: ./input/random_graphs/graph_10_45_UNIFORM_8031431416522537101.txt
Graph already exists at: ./input/random_graphs/graph_10_45_UNIFORM_6143643868734370809.txt
Graph already exists at: ./input/random_graphs/graph_10_45_UNIFORM_3272308573967577038.txt
Graph already exists at: ./input/random_graphs/graph_10_45_UNIFORM_5636411189175451024.txt
Graph already exists at: ./input/random_graphs/graph_10_45_UNIFORM_5349491008325879064.txt
Graph already exists at: ./input/random_graphs/graph_10_45_UNIFORM_6614505080519948832.txt
Graph already exists at: ./input/random_graphs/graph_10_45_UNIFORM_7938560551762094560.txt
Graph already exists at: ./input/random_graphs/graph_10_45_UNIFORM_7917045922527545890.txt
Graph already exists at: ./input/random_graphs/graph_10_45_UNIFORM_4445925461710302877.txt
Graph already exists at: ./input/random_graphs/graph_10_45_UNIFORM_3865339568260874865.txt
Graph already exists at: ./input/random_graphs/graph_10_45_UNIFORM_7921282862123281598.txt
Graph already exists at: ./input/random_graphs/graph_10_45_UNIFORM_6224222471595207695.txt
Graph already exists at: ./input/random_graphs/graph_10_45_UNIFORM_1128313391724783137.txt
Graph already exists at: ./input/random_graphs/graph_10_45_UNIFORM_716820155901718944.txt
Graph already exists at: ./input/random_graphs/graph_10_45_UNIFORM_8718380604043999642.txt
Graph already exists at: ./input/random_graphs/graph_10_45_UNIFORM_5063475852268941542.txt
Graph already exists at: ./input/random_graphs/graph_10_45_UNIFORM_4997514996153925447.txt
Graph already exists at: ./input/random_graphs/graph_10_45_UNIFORM_8446481348147407377.txt
Graph already exists at: ./input/random_graphs/graph_10_45_UNIFORM_3817405844514670994.txt
Graph already exists at: ./input/random_graphs/graph_10_45_UNIFORM_6529943913552561417.txt
Graph already exists at: ./input/random_graphs/graph_10_45_UNIFORM_2909934787168262407.txt
Graph already exists at: ./input/random_graphs/graph_10_45_UNIFORM_1170385908854608748.txt
Graph already exists at: ./input/random_graphs/graph_10_45_UNIFORM_6022436717541034636.txt
Graph already exists at: ./input/random_graphs/graph_10_45_UNIFORM_199422815561151340.txt
Graph already exists at: ./input/random_graphs/graph_10_45_UNIFORM_3713827327871807734.txt
Graph already exists at: ./input/random_graphs/graph_10_45_UNIFORM_175493991617213850.txt
Graph already exists at: ./input/random_graphs/graph_10_45_UNIFORM_5108599054664628607.txt
Graph already exists at: ./input/random_graphs/graph_10_45_UNIFORM_6764066939395682287.txt
Graph already exists at: ./input/random_graphs/graph_10_45_UNIFORM_9130666990809746335.txt
Graph already exists at: ./input/random_graphs/graph_10_45_UNIFORM_7644420139408884785.txt
Graph already exists at: ./input/random_graphs/graph_10_45_UNIFORM_1458186392400727732.txt
Graph already exists at: ./input/random_graphs/graph_10_45_UNIFORM_1392892770529522614.txt
Graph already exists at: ./input/random_graphs/graph_10_45_UNIFORM_9060210648189963449.txt
Graph already exists at: ./input/random_graphs/graph_10_45_UNIFORM_4250897495980125004.txt
Graph already exists at: ./input/random_graphs/graph_10_45_UNIFORM_8794274795737982182.txt
Graph already exists at: ./input/random_graphs/graph_10_45_UNIFORM_2089506265998900862.txt
Graph already exists at: ./input/random_graphs/graph_10_45_UNIFORM_5497874167834979553.txt
Graph already exists at: ./input/random_graphs/graph_10_45_UNIFORM_4060584409398689268.txt
Graph already exists at: ./input/random_graphs/graph_10_45_UNIFORM_1332005502874566195.txt
Graph already exists at: ./input/random_graphs/graph_10_45_UNIFORM_1722224698700348310.txt
Graph already exists at: ./input/random_graphs/graph_10_45_UNIFORM_8626102704817790064.txt
Graph already exists at: ./input/random_graphs/graph_10_45_UNIFORM_7905487461282246979.txt
Graph already exists at: ./input/random_graphs/graph_10_45_UNIFORM_8448596294177070022.txt
Graph already exists at: ./input/random_graphs/graph_10_45_UNIFORM_4795749165124911768.txt
Graph already exists at: ./input/random_graphs/graph_10_45_UNIFORM_4934890601268679176.txt
Graph already exists at: ./input/random_graphs/graph_10_45_UNIFORM_1992204328026194281.txt
Graph already exists at: ./input/random_graphs/graph_10_45_UNIFORM_7118744415197196276.txt
Graph already exists at: ./input/random_graphs/graph_10_45_UNIFORM_2718103348384927511.txt
Graph already exists at: ./input/random_graphs/graph_10_45_UNIFORM_9059990922233379852.txt
Graph already exists at: ./input/random_graphs/graph_10_45_UNIFORM_7449662661572224354.txt
Graph already exists at: ./input/random_graphs/graph_10_45_UNIFORM_3221421291694197220.txt
Graph already exists at: ./input/random_graphs/graph_10_45_UNIFORM_8867616339855336876.txt
Graph already exists at: ./input/random_graphs/graph_10_45_UNIFORM_5894893360759659423.txt
Graph already exists at: ./input/random_graphs/graph_10_45_UNIFORM_7983805977214098674.txt
Graph already exists at: ./input/random_graphs/graph_10_45_UNIFORM_4940913311242578590.txt
Graph already exists at: ./input/random_graphs/graph_10_45_UNIFORM_2264398621601381987.txt
Graph already exists at: ./input/random_graphs/graph_10_45_UNIFORM_7632458674696225362.txt
Graph already exists at: ./input/random_graphs/graph_20_190_UNIFORM_6230961512046992311.txt
Graph already exists at: ./input/random_graphs/graph_20_190_UNIFORM_7871178979383552919.txt
Graph already exists at: ./input/random_graphs/graph_20_190_UNIFORM_5739955973604961613.txt
Graph already exists at: ./input/random_graphs/graph_20_190_UNIFORM_3881801951614183357.txt
Graph already exists at: ./input/random_graphs/graph_20_190_UNIFORM_7032710160631691991.txt
Graph already exists at: ./input/random_graphs/graph_20_190_UNIFORM_7599700178212337699.txt
Graph already exists at: ./input/random_graphs/graph_20_190_UNIFORM_1353182403971399009.txt
Graph already exists at: ./input/random_graphs/graph_20_190_UNIFORM_1070244953599069350.txt
Graph already exists at: ./input/random_graphs/graph_20_190_UNIFORM_6522163754831416203.txt
Graph already exists at: ./input/random_graphs/graph_20_190_UNIFORM_6938562734920028532.txt
Graph already exists at: ./input/random_graphs/graph_20_190_UNIFORM_4040737767143389431.txt
Graph already exists at: ./input/random_graphs/graph_20_190_UNIFORM_1250005700364523649.txt
Graph already exists at: ./input/random_graphs/graph_20_190_UNIFORM_1309542850049879452.txt
Graph already exists at: ./input/random_graphs/graph_20_190_UNIFORM_2429002973740178792.txt
Graph already exists at: ./input/random_graphs/graph_20_190_UNIFORM_7663871783842725848.txt
Graph already exists at: ./input/random_graphs/graph_20_190_UNIFORM_320375091487821987.txt
Graph already exists at: ./input/random_graphs/graph_20_190_UNIFORM_5906957480796939447.txt
Graph already exists at: ./input/random_graphs/graph_20_190_UNIFORM_1250773459040295677.txt
Graph already exists at: ./input/random_graphs/graph_20_190_UNIFORM_7146860528564146064.txt
Graph already exists at: ./input/random_graphs/graph_20_190_UNIFORM_3438400432146115956.txt
Graph already exists at: ./input/random_graphs/graph_20_190_UNIFORM_7473196763798409428.txt
Graph already exists at: ./input/random_graphs/graph_20_190_UNIFORM_5139481885857321791.txt
Graph already exists at: ./input/random_graphs/graph_20_190_UNIFORM_5142811650494845597.txt
Graph already exists at: ./input/random_graphs/graph_20_190_UNIFORM_3010622984418968408.txt
Graph already exists at: ./input/random_graphs/graph_20_190_UNIFORM_6002685213311538187.txt
Graph already exists at: ./input/random_graphs/graph_20_190_UNIFORM_5708372698381010775.txt
Graph already exists at: ./input/random_graphs/graph_20_190_UNIFORM_521787134863155063.txt
Graph already exists at: ./input/random_graphs/graph_20_190_UNIFORM_1731523882129807996.txt
Graph already exists at: ./input/random_graphs/graph_20_190_UNIFORM_1853590723603270879.txt
Graph already exists at: ./input/random_graphs/graph_20_190_UNIFORM_7029781962072644698.txt
Graph already exists at: ./input/random_graphs/graph_20_190_UNIFORM_6785030173969523435.txt
Graph already exists at: ./input/random_graphs/graph_20_190_UNIFORM_5529616217668449934.txt
Graph already exists at: ./input/random_graphs/graph_20_190_UNIFORM_1024517563182776983.txt
Graph already exists at: ./input/random_graphs/graph_20_190_UNIFORM_3224265581699847191.txt
Graph already exists at: ./input/random_graphs/graph_20_190_UNIFORM_5258051056098597521.txt
Graph already exists at: ./input/random_graphs/graph_20_190_UNIFORM_1647170069535670909.txt
Graph already exists at: ./input/random_graphs/graph_20_190_UNIFORM_4122784633514911760.txt
Graph already exists at: ./input/random_graphs/graph_20_190_UNIFORM_7706236040662210848.txt
Graph already exists at: ./input/random_graphs/graph_20_190_UNIFORM_824387247617288499.txt
Graph already exists at: ./input/random_graphs/graph_20_190_UNIFORM_1632192924771168275.txt
Graph already exists at: ./input/random_graphs/graph_20_190_UNIFORM_7161906730445628483.txt
Graph already exists at: ./input/random_graphs/graph_20_190_UNIFORM_6802378520969450157.txt
Graph already exists at: ./input/random_graphs/graph_20_190_UNIFORM_4552998297316576788.txt
Graph already exists at: ./input/random_graphs/graph_20_190_UNIFORM_8031431416522537101.txt
Graph already exists at: ./input/random_graphs/graph_20_190_UNIFORM_6143643868734370809.txt
Graph already exists at: ./input/random_graphs/graph_20_190_UNIFORM_3272308573967577038.txt
Graph already exists at: ./input/random_graphs/graph_20_190_UNIFORM_5636411189175451024.txt
Graph already exists at: ./input/random_graphs/graph_20_190_UNIFORM_5349491008325879064.txt
Graph already exists at: ./input/random_graphs/graph_20_190_UNIFORM_6614505080519948832.txt
Graph already exists at: ./input/random_graphs/graph_20_190_UNIFORM_7938560551762094560.txt
Graph already exists at: ./input/random_graphs/graph_20_190_UNIFORM_7917045922527545890.txt
Graph already exists at: ./input/random_graphs/graph_20_190_UNIFORM_4445925461710302877.txt
Graph already exists at: ./input/random_graphs/graph_20_190_UNIFORM_3865339568260874865.txt
Graph already exists at: ./input/random_graphs/graph_20_190_UNIFORM_7921282862123281598.txt
Graph already exists at: ./input/random_graphs/graph_20_190_UNIFORM_6224222471595207695.txt
Graph already exists at: ./input/random_graphs/graph_20_190_UNIFORM_1128313391724783137.txt
Graph already exists at: ./input/random_graphs/graph_20_190_UNIFORM_716820155901718944.txt
Graph already exists at: ./input/random_graphs/graph_20_190_UNIFORM_8718380604043999642.txt
Graph already exists at: ./input/random_graphs/graph_20_190_UNIFORM_5063475852268941542.txt
Graph already exists at: ./input/random_graphs/graph_20_190_UNIFORM_4997514996153925447.txt
Graph already exists at: ./input/random_graphs/graph_20_190_UNIFORM_8446481348147407377.txt
Graph already exists at: ./input/random_graphs/graph_20_190_UNIFORM_3817405844514670994.txt
Graph already exists at: ./input/random_graphs/graph_20_190_UNIFORM_6529943913552561417.txt
Graph already exists at: ./input/random_graphs/graph_20_190_UNIFORM_2909934787168262407.txt
Graph already exists at: ./input/random_graphs/graph_20_190_UNIFORM_1170385908854608748.txt
Graph already exists at: ./input/random_graphs/graph_20_190_UNIFORM_6022436717541034636.txt
Graph already exists at: ./input/random_graphs/graph_20_190_UNIFORM_199422815561151340.txt
Graph already exists at: ./input/random_graphs/graph_20_190_UNIFORM_3713827327871807734.txt
Graph already exists at: ./input/random_graphs/graph_20_190_UNIFORM_175493991617213850.txt
Graph already exists at: ./input/random_graphs/graph_20_190_UNIFORM_5108599054664628607.txt
Graph already exists at: ./input/random_graphs/graph_20_190_UNIFORM_6764066939395682287.txt
Graph already exists at: ./input/random_graphs/graph_20_190_UNIFORM_9130666990809746335.txt
Graph already exists at: ./input/random_graphs/graph_20_190_UNIFORM_7644420139408884785.txt
Graph already exists at: ./input/random_graphs/graph_20_190_UNIFORM_1458186392400727732.txt
Graph already exists at: ./input/random_graphs/graph_20_190_UNIFORM_1392892770529522614.txt
Graph already exists at: ./input/random_graphs/graph_20_190_UNIFORM_9060210648189963449.txt
Graph already exists at: ./input/random_graphs/graph_20_190_UNIFORM_4250897495980125004.txt
Graph already exists at: ./input/random_graphs/graph_20_190_UNIFORM_8794274795737982182.txt
Graph already exists at: ./input/random_graphs/graph_20_190_UNIFORM_2089506265998900862.txt
Graph already exists at: ./input/random_graphs/graph_20_190_UNIFORM_5497874167834979553.txt
Graph already exists at: ./input/random_graphs/graph_20_190_UNIFORM_4060584409398689268.txt
Graph already exists at: ./input/random_graphs/graph_20_190_UNIFORM_1332005502874566195.txt
Graph already exists at: ./input/random_graphs/graph_20_190_UNIFORM_1722224698700348310.txt
Graph already exists at: ./input/random_graphs/graph_20_190_UNIFORM_8626102704817790064.txt
Graph already exists at: ./input/random_graphs/graph_20_190_UNIFORM_7905487461282246979.txt
Graph already exists at: ./input/random_graphs/graph_20_190_UNIFORM_8448596294177070022.txt
Graph already exists at: ./input/random_graphs/graph_20_190_UNIFORM_4795749165124911768.txt
Graph already exists at: ./input/random_graphs/graph_20_190_UNIFORM_4934890601268679176.txt
Graph already exists at: ./input/random_graphs/graph_20_190_UNIFORM_1992204328026194281.txt
Graph already exists at: ./input/random_graphs/graph_20_190_UNIFORM_7118744415197196276.txt
Graph already exists at: ./input/random_graphs/graph_20_190_UNIFORM_2718103348384927511.txt
Graph already exists at: ./input/random_graphs/graph_20_190_UNIFORM_9059990922233379852.txt
Graph already exists at: ./input/random_graphs/graph_20_190_UNIFORM_7449662661572224354.txt
Graph already exists at: ./input/random_graphs/graph_20_190_UNIFORM_3221421291694197220.txt
Graph already exists at: ./input/random_graphs/graph_20_190_UNIFORM_8867616339855336876.txt
Graph already exists at: ./input/random_graphs/graph_20_190_UNIFORM_5894893360759659423.txt
Graph already exists at: ./input/random_graphs/graph_20_190_UNIFORM_7983805977214098674.txt
Graph already exists at: ./input/random_graphs/graph_20_190_UNIFORM_4940913311242578590.txt
Graph already exists at: ./input/random_graphs/graph_20_190_UNIFORM_2264398621601381987.txt
Graph already exists at: ./input/random_graphs/graph_20_190_UNIFORM_7632458674696225362.txt
Running experiments with 100 iterations, varying N from 10 to 10,000 and seed token 1729
Created: ./results/random_v2/VARN/UNIFORM/N2/kpath/k2/kpath0_k2_seed_1729_itr_100_20250929_150011.csv
Created: ./results/random_v2/VARN/UNIFORM/N2/kpath/k2/kpath1_k2_seed_1729_itr_100_20250929_150011.csv
Created: ./results/random_v2/VARN/UNIFORM/N2/kpath/k2/kpath2_k2_seed_1729_itr_100_20250929_150011.csv
Created: ./results/random_v2/VARN/UNIFORM/N2/kpath/k2/kpathN_k2_seed_1729_itr_100_20250929_150011.csv
Created: ./results/random_v2/VARN/UNIFORM/N2/kpath/k5/kpath0_k5_seed_1729_itr_100_20250929_150011.csv
Created: ./results/random_v2/VARN/UNIFORM/N2/kpath/k5/kpath1_k5_seed_1729_itr_100_20250929_150011.csv
Created: ./results/random_v2/VARN/UNIFORM/N2/kpath/k5/kpath2_k5_seed_1729_itr_100_20250929_150011.csv
Created: ./results/random_v2/VARN/UNIFORM/N2/kpath/k5/kpathN_k5_seed_1729_itr_100_20250929_150011.csv
Created: ./results/random_v2/VARN/UNIFORM/N2/kpath/k10/kpath0_k10_seed_1729_itr_100_20250929_150011.csv
Created: ./results/random_v2/VARN/UNIFORM/N2/kpath/k10/kpath1_k10_seed_1729_itr_100_20250929_150011.csv
Created: ./results/random_v2/VARN/UNIFORM/N2/kpath/k10/kpath2_k10_seed_1729_itr_100_20250929_150011.csv
Created: ./results/random_v2/VARN/UNIFORM/N2/kpath/k10/kpathN_k10_seed_1729_itr_100_20250929_150011.csv
Created: ./results/random_v2/VARN/UNIFORM/N2/klev/k2/klev0_k2_seed_1729_itr_100_20250929_150011.csv
Created: ./results/random_v2/VARN/UNIFORM/N2/klev/k2/klev1_k2_seed_1729_itr_100_20250929_150011.csv
Created: ./results/random_v2/VARN/UNIFORM/N2/klev/k2/klev2_k2_seed_1729_itr_100_20250929_150011.csv
Created: ./results/random_v2/VARN/UNIFORM/N2/klev/k2/klevN_k2_seed_1729_itr_100_20250929_150011.csv
Created: ./results/random_v2/VARN/UNIFORM/N2/klev/k5/klev0_k5_seed_1729_itr_100_20250929_150011.csv
Created: ./results/random_v2/VARN/UNIFORM/N2/klev/k5/klev1_k5_seed_1729_itr_100_20250929_150011.csv
Created: ./results/random_v2/VARN/UNIFORM/N2/klev/k5/klev2_k5_seed_1729_itr_100_20250929_150011.csv
Created: ./results/random_v2/VARN/UNIFORM/N2/klev/k5/klevN_k5_seed_1729_itr_100_20250929_150011.csv
Created: ./results/random_v2/VARN/UNIFORM/N2/klev/k10/klev0_k10_seed_1729_itr_100_20250929_150011.csv
Created: ./results/random_v2/VARN/UNIFORM/N2/klev/k10/klev1_k10_seed_1729_itr_100_20250929_150011.csv
Created: ./results/random_v2/VARN/UNIFORM/N2/klev/k10/klev2_k10_seed_1729_itr_100_20250929_150011.csv
Created: ./results/random_v2/VARN/UNIFORM/N2/klev/k10/klevN_k10_seed_1729_itr_100_20250929_150011.csv
Running kpath variant 0 with N=10, sparsity=4, k=2, seed=1729...
      Average Passes: 3.19,  Average Height: 10.0, Time/Memory: 0.00,4192
Running kpath variant 1 with N=10, sparsity=4, k=2, seed=1729...
      Average Passes: 2.95,  Average Height: 10.0, Time/Memory: 0.00,3128
Running kpath variant 2 with N=10, sparsity=4, k=2, seed=1729...
      Average Passes: 1.99,  Average Height: 10.0, Time/Memory: 0.00,4188
Running kpath variant N with N=10, sparsity=4, k=2, seed=1729...
      Average Passes: 1.99,  Average Height: 10.0, Time/Memory: 0.00,4188
Running kpath variant 0 with N=10, sparsity=4, k=5, seed=1729...
      Average Passes: 2.12,  Average Height: 10.0, Time/Memory: 0.00,4144
Running kpath variant 1 with N=10, sparsity=4, k=5, seed=1729...
      Average Passes: 1.0,  Average Height: 1.0, Time/Memory: 0.00,3152
Running kpath variant 2 with N=10, sparsity=4, k=5, seed=1729...
      Average Passes: 1.0,  Average Height: 1.0, Time/Memory: 0.00,3140
Running kpath variant N with N=10, sparsity=4, k=5, seed=1729...
      Average Passes: 1.0,  Average Height: 1.0, Time/Memory: 0.00,4144
Running kpath variant 0 with N=10, sparsity=4, k=10, seed=1729...
      Average Passes: 2.0,  Average Height: 10.0, Time/Memory: 0.00,4168
Running kpath variant 1 with N=10, sparsity=4, k=10, seed=1729...
      Average Passes: 1.0,  Average Height: 1.0, Time/Memory: 0.00,4160
Running kpath variant 2 with N=10, sparsity=4, k=10, seed=1729...
      Average Passes: 1.0,  Average Height: 1.0, Time/Memory: 0.00,4180
Running kpath variant N with N=10, sparsity=4, k=10, seed=1729...
      Average Passes: 1.0,  Average Height: 1.0, Time/Memory: 0.00,4140
Running klev variant 0 with N=10, sparsity=4, k=2, seed=1729...
      Average Passes: 3.0,  Average Height: 10.0, Time/Memory: 0.00,4144
Running klev variant 1 with N=10, sparsity=4, k=2, seed=1729...
      Average Passes: 2.0,  Average Height: 10.0, Time/Memory: 0.00,4128
Running klev variant 2 with N=10, sparsity=4, k=2, seed=1729...
      Average Passes: 1.4,  Average Height: 10.0, Time/Memory: 0.00,4136
Running klev variant N with N=10, sparsity=4, k=2, seed=1729...
      Average Passes: 1.0,  Average Height: 10.0, Time/Memory: 0.00,3164
Running klev variant 0 with N=10, sparsity=4, k=5, seed=1729...
      Average Passes: 3.0,  Average Height: 10.0, Time/Memory: 0.00,4164
Running klev variant 1 with N=10, sparsity=4, k=5, seed=1729...
      Average Passes: 1.0,  Average Height: 1.0, Time/Memory: 0.00,3120
Running klev variant 2 with N=10, sparsity=4, k=5, seed=1729...
      Average Passes: 1.0,  Average Height: 1.0, Time/Memory: 0.00,3152
Running klev variant N with N=10, sparsity=4, k=5, seed=1729...
      Average Passes: 1.0,  Average Height: 1.0, Time/Memory: 0.00,4128
Running klev variant 0 with N=10, sparsity=4, k=10, seed=1729...
      Average Passes: 2.0,  Average Height: 10.0, Time/Memory: 0.00,4148
Running klev variant 1 with N=10, sparsity=4, k=10, seed=1729...
      Average Passes: 1.0,  Average Height: 1.0, Time/Memory: 0.00,3136
Running klev variant 2 with N=10, sparsity=4, k=10, seed=1729...
      Average Passes: 1.0,  Average Height: 1.0, Time/Memory: 0.00,4144
Running klev variant N with N=10, sparsity=4, k=10, seed=1729...
      Average Passes: 1.0,  Average Height: 1.0, Time/Memory: 0.00,3108
Running kpath variant 0 with N=20, sparsity=4, k=2, seed=1729...
      Average Passes: 4.08,  Average Height: 20.0, Time/Memory: 0.02,4168
Running kpath variant 1 with N=20, sparsity=4, k=2, seed=1729...
      Average Passes: 3.97,  Average Height: 20.0, Time/Memory: 0.02,4176
Running kpath variant 2 with N=20, sparsity=4, k=2, seed=1729...
      Average Passes: 2.65,  Average Height: 20.0, Time/Memory: 0.01,4156
Running kpath variant N with N=20, sparsity=4, k=2, seed=1729...
      Average Passes: 2.2,  Average Height: 20.0, Time/Memory: 0.01,3140
Running kpath variant 0 with N=20, sparsity=4, k=5, seed=1729...
      Average Passes: 2.81,  Average Height: 20.0, Time/Memory: 0.01,4140
Running kpath variant 1 with N=20, sparsity=4, k=5, seed=1729...
      Average Passes: 1.94,  Average Height: 20.0, Time/Memory: 0.01,3196
Running kpath variant 2 with N=20, sparsity=4, k=5, seed=1729...
      Average Passes: 1.86,  Average Height: 20.0, Time/Memory: 0.01,4164
Running kpath variant N with N=20, sparsity=4, k=5, seed=1729...
      Average Passes: 1.86,  Average Height: 20.0, Time/Memory: 0.01,4140
Running kpath variant 0 with N=20, sparsity=4, k=10, seed=1729...
      Average Passes: 2.05,  Average Height: 20.0, Time/Memory: 0.01,3132
Running kpath variant 1 with N=20, sparsity=4, k=10, seed=1729...
      Average Passes: 1.0,  Average Height: 1.0, Time/Memory: 0.00,4152
Running kpath variant 2 with N=20, sparsity=4, k=10, seed=1729...
      Average Passes: 1.0,  Average Height: 1.0, Time/Memory: 0.00,3140
Running kpath variant N with N=20, sparsity=4, k=10, seed=1729...
      Average Passes: 1.0,  Average Height: 1.0, Time/Memory: 0.00,4164
Running klev variant 0 with N=20, sparsity=4, k=2, seed=1729...
      Average Passes: 3.0,  Average Height: 20.0, Time/Memory: 0.02,4144
Running klev variant 1 with N=20, sparsity=4, k=2, seed=1729...
      Average Passes: 2.0,  Average Height: 20.0, Time/Memory: 0.01,3152
Running klev variant 2 with N=20, sparsity=4, k=2, seed=1729...
      Average Passes: 1.96,  Average Height: 20.0, Time/Memory: 0.01,4144
Running klev variant N with N=20, sparsity=4, k=2, seed=1729...
      Average Passes: 1.01,  Average Height: 20.0, Time/Memory: 0.01,3120
Running klev variant 0 with N=20, sparsity=4, k=5, seed=1729...
      Average Passes: 3.0,  Average Height: 20.0, Time/Memory: 0.02,4176
Graph already exists at: ./input/random_graphs/graph_30_435_UNIFORM_6230961512046992311.txt
Graph already exists at: ./input/random_graphs/graph_30_435_UNIFORM_7871178979383552919.txt
Graph already exists at: ./input/random_graphs/graph_30_435_UNIFORM_5739955973604961613.txt
Graph already exists at: ./input/random_graphs/graph_30_435_UNIFORM_3881801951614183357.txt
Graph already exists at: ./input/random_graphs/graph_30_435_UNIFORM_7032710160631691991.txt
Graph already exists at: ./input/random_graphs/graph_30_435_UNIFORM_7599700178212337699.txt
Graph already exists at: ./input/random_graphs/graph_30_435_UNIFORM_1353182403971399009.txt
Graph already exists at: ./input/random_graphs/graph_30_435_UNIFORM_1070244953599069350.txt
Graph already exists at: ./input/random_graphs/graph_30_435_UNIFORM_6522163754831416203.txt
Graph already exists at: ./input/random_graphs/graph_30_435_UNIFORM_6938562734920028532.txt
Graph already exists at: ./input/random_graphs/graph_30_435_UNIFORM_4040737767143389431.txt
Graph already exists at: ./input/random_graphs/graph_30_435_UNIFORM_1250005700364523649.txt
Graph already exists at: ./input/random_graphs/graph_30_435_UNIFORM_1309542850049879452.txt
Graph already exists at: ./input/random_graphs/graph_30_435_UNIFORM_2429002973740178792.txt
Graph already exists at: ./input/random_graphs/graph_30_435_UNIFORM_7663871783842725848.txt
Graph already exists at: ./input/random_graphs/graph_30_435_UNIFORM_320375091487821987.txt
Graph already exists at: ./input/random_graphs/graph_30_435_UNIFORM_5906957480796939447.txt
Graph already exists at: ./input/random_graphs/graph_30_435_UNIFORM_1250773459040295677.txt
Graph already exists at: ./input/random_graphs/graph_30_435_UNIFORM_7146860528564146064.txt
Graph already exists at: ./input/random_graphs/graph_30_435_UNIFORM_3438400432146115956.txt
Graph already exists at: ./input/random_graphs/graph_30_435_UNIFORM_7473196763798409428.txt
Graph already exists at: ./input/random_graphs/graph_30_435_UNIFORM_5139481885857321791.txt
Graph already exists at: ./input/random_graphs/graph_30_435_UNIFORM_5142811650494845597.txt
Graph already exists at: ./input/random_graphs/graph_30_435_UNIFORM_3010622984418968408.txt
Graph already exists at: ./input/random_graphs/graph_30_435_UNIFORM_6002685213311538187.txt
Graph already exists at: ./input/random_graphs/graph_30_435_UNIFORM_5708372698381010775.txt
Graph already exists at: ./input/random_graphs/graph_30_435_UNIFORM_521787134863155063.txt
Graph already exists at: ./input/random_graphs/graph_30_435_UNIFORM_1731523882129807996.txt
Graph already exists at: ./input/random_graphs/graph_30_435_UNIFORM_1853590723603270879.txt
Graph already exists at: ./input/random_graphs/graph_30_435_UNIFORM_7029781962072644698.txt
Graph already exists at: ./input/random_graphs/graph_30_435_UNIFORM_6785030173969523435.txt
Graph already exists at: ./input/random_graphs/graph_30_435_UNIFORM_5529616217668449934.txt
Graph already exists at: ./input/random_graphs/graph_30_435_UNIFORM_1024517563182776983.txt
Graph already exists at: ./input/random_graphs/graph_30_435_UNIFORM_3224265581699847191.txt
Graph already exists at: ./input/random_graphs/graph_30_435_UNIFORM_5258051056098597521.txt
Graph already exists at: ./input/random_graphs/graph_30_435_UNIFORM_1647170069535670909.txt
Graph already exists at: ./input/random_graphs/graph_30_435_UNIFORM_4122784633514911760.txt
Graph already exists at: ./input/random_graphs/graph_30_435_UNIFORM_7706236040662210848.txt
Graph already exists at: ./input/random_graphs/graph_30_435_UNIFORM_824387247617288499.txt
Graph already exists at: ./input/random_graphs/graph_30_435_UNIFORM_1632192924771168275.txt
Graph already exists at: ./input/random_graphs/graph_30_435_UNIFORM_7161906730445628483.txt
Graph already exists at: ./input/random_graphs/graph_30_435_UNIFORM_6802378520969450157.txt
Graph already exists at: ./input/random_graphs/graph_30_435_UNIFORM_4552998297316576788.txt
Graph already exists at: ./input/random_graphs/graph_30_435_UNIFORM_8031431416522537101.txt
Graph already exists at: ./input/random_graphs/graph_30_435_UNIFORM_6143643868734370809.txt
Graph already exists at: ./input/random_graphs/graph_30_435_UNIFORM_3272308573967577038.txt
Graph already exists at: ./input/random_graphs/graph_30_435_UNIFORM_5636411189175451024.txt
Graph already exists at: ./input/random_graphs/graph_30_435_UNIFORM_5349491008325879064.txt
Graph already exists at: ./input/random_graphs/graph_30_435_UNIFORM_6614505080519948832.txt
Graph already exists at: ./input/random_graphs/graph_30_435_UNIFORM_7938560551762094560.txt
Graph already exists at: ./input/random_graphs/graph_30_435_UNIFORM_7917045922527545890.txt
Graph already exists at: ./input/random_graphs/graph_30_435_UNIFORM_4445925461710302877.txt
Graph already exists at: ./input/random_graphs/graph_30_435_UNIFORM_3865339568260874865.txt
Graph already exists at: ./input/random_graphs/graph_30_435_UNIFORM_7921282862123281598.txt
Graph already exists at: ./input/random_graphs/graph_30_435_UNIFORM_6224222471595207695.txt
Graph already exists at: ./input/random_graphs/graph_30_435_UNIFORM_1128313391724783137.txt
Graph already exists at: ./input/random_graphs/graph_30_435_UNIFORM_716820155901718944.txt
Graph already exists at: ./input/random_graphs/graph_30_435_UNIFORM_8718380604043999642.txt
Graph already exists at: ./input/random_graphs/graph_30_435_UNIFORM_5063475852268941542.txt
Graph already exists at: ./input/random_graphs/graph_30_435_UNIFORM_4997514996153925447.txt
Graph already exists at: ./input/random_graphs/graph_30_435_UNIFORM_8446481348147407377.txt
Graph already exists at: ./input/random_graphs/graph_30_435_UNIFORM_3817405844514670994.txt
Graph already exists at: ./input/random_graphs/graph_30_435_UNIFORM_6529943913552561417.txt
Graph already exists at: ./input/random_graphs/graph_30_435_UNIFORM_2909934787168262407.txt
Graph already exists at: ./input/random_graphs/graph_30_435_UNIFORM_1170385908854608748.txt
Graph already exists at: ./input/random_graphs/graph_30_435_UNIFORM_6022436717541034636.txt
Graph already exists at: ./input/random_graphs/graph_30_435_UNIFORM_199422815561151340.txt
Graph already exists at: ./input/random_graphs/graph_30_435_UNIFORM_3713827327871807734.txt
Graph already exists at: ./input/random_graphs/graph_30_435_UNIFORM_175493991617213850.txt
Graph already exists at: ./input/random_graphs/graph_30_435_UNIFORM_5108599054664628607.txt
Graph already exists at: ./input/random_graphs/graph_30_435_UNIFORM_6764066939395682287.txt
Graph already exists at: ./input/random_graphs/graph_30_435_UNIFORM_9130666990809746335.txt
Graph already exists at: ./input/random_graphs/graph_30_435_UNIFORM_7644420139408884785.txt
Graph already exists at: ./input/random_graphs/graph_30_435_UNIFORM_1458186392400727732.txt
Graph already exists at: ./input/random_graphs/graph_30_435_UNIFORM_1392892770529522614.txt
Graph already exists at: ./input/random_graphs/graph_30_435_UNIFORM_9060210648189963449.txt
Graph already exists at: ./input/random_graphs/graph_30_435_UNIFORM_4250897495980125004.txt
Graph already exists at: ./input/random_graphs/graph_30_435_UNIFORM_8794274795737982182.txt
Graph already exists at: ./input/random_graphs/graph_30_435_UNIFORM_2089506265998900862.txt
Graph already exists at: ./input/random_graphs/graph_30_435_UNIFORM_5497874167834979553.txt
Graph already exists at: ./input/random_graphs/graph_30_435_UNIFORM_4060584409398689268.txt
Graph already exists at: ./input/random_graphs/graph_30_435_UNIFORM_1332005502874566195.txt
Graph already exists at: ./input/random_graphs/graph_30_435_UNIFORM_1722224698700348310.txt
Graph already exists at: ./input/random_graphs/graph_30_435_UNIFORM_8626102704817790064.txt
Graph already exists at: ./input/random_graphs/graph_30_435_UNIFORM_7905487461282246979.txt
Graph already exists at: ./input/random_graphs/graph_30_435_UNIFORM_8448596294177070022.txt
Graph already exists at: ./input/random_graphs/graph_30_435_UNIFORM_4795749165124911768.txt
Graph already exists at: ./input/random_graphs/graph_30_435_UNIFORM_4934890601268679176.txt
Graph already exists at: ./input/random_graphs/graph_30_435_UNIFORM_1992204328026194281.txt
Graph already exists at: ./input/random_graphs/graph_30_435_UNIFORM_7118744415197196276.txt
Graph already exists at: ./input/random_graphs/graph_30_435_UNIFORM_2718103348384927511.txt
Graph already exists at: ./input/random_graphs/graph_30_435_UNIFORM_9059990922233379852.txt
Graph already exists at: ./input/random_graphs/graph_30_435_UNIFORM_7449662661572224354.txt
Graph already exists at: ./input/random_graphs/graph_30_435_UNIFORM_3221421291694197220.txt
Graph already exists at: ./input/random_graphs/graph_30_435_UNIFORM_8867616339855336876.txt
Graph already exists at: ./input/random_graphs/graph_30_435_UNIFORM_5894893360759659423.txt
Graph already exists at: ./input/random_graphs/graph_30_435_UNIFORM_7983805977214098674.txt
Graph already exists at: ./input/random_graphs/graph_30_435_UNIFORM_4940913311242578590.txt
Graph already exists at: ./input/random_graphs/graph_30_435_UNIFORM_2264398621601381987.txt
Graph already exists at: ./input/random_graphs/graph_30_435_UNIFORM_7632458674696225362.txt
Graph already exists at: ./input/random_graphs/graph_40_780_UNIFORM_6230961512046992311.txt
Graph already exists at: ./input/random_graphs/graph_40_780_UNIFORM_7871178979383552919.txt
Graph already exists at: ./input/random_graphs/graph_40_780_UNIFORM_5739955973604961613.txt
Graph already exists at: ./input/random_graphs/graph_40_780_UNIFORM_3881801951614183357.txt
Graph already exists at: ./input/random_graphs/graph_40_780_UNIFORM_7032710160631691991.txt
Graph already exists at: ./input/random_graphs/graph_40_780_UNIFORM_7599700178212337699.txt
Graph already exists at: ./input/random_graphs/graph_40_780_UNIFORM_1353182403971399009.txt
Graph already exists at: ./input/random_graphs/graph_40_780_UNIFORM_1070244953599069350.txt
Graph already exists at: ./input/random_graphs/graph_40_780_UNIFORM_6522163754831416203.txt
Graph already exists at: ./input/random_graphs/graph_40_780_UNIFORM_6938562734920028532.txt
Graph already exists at: ./input/random_graphs/graph_40_780_UNIFORM_4040737767143389431.txt
Graph already exists at: ./input/random_graphs/graph_40_780_UNIFORM_1250005700364523649.txt
Graph already exists at: ./input/random_graphs/graph_40_780_UNIFORM_1309542850049879452.txt
Graph already exists at: ./input/random_graphs/graph_40_780_UNIFORM_2429002973740178792.txt
Graph already exists at: ./input/random_graphs/graph_40_780_UNIFORM_7663871783842725848.txt
Graph already exists at: ./input/random_graphs/graph_40_780_UNIFORM_320375091487821987.txt
Graph already exists at: ./input/random_graphs/graph_40_780_UNIFORM_5906957480796939447.txt
Graph already exists at: ./input/random_graphs/graph_40_780_UNIFORM_1250773459040295677.txt
Graph already exists at: ./input/random_graphs/graph_40_780_UNIFORM_7146860528564146064.txt
Graph already exists at: ./input/random_graphs/graph_40_780_UNIFORM_3438400432146115956.txt
Graph already exists at: ./input/random_graphs/graph_40_780_UNIFORM_7473196763798409428.txt
Graph already exists at: ./input/random_graphs/graph_40_780_UNIFORM_5139481885857321791.txt
Graph already exists at: ./input/random_graphs/graph_40_780_UNIFORM_5142811650494845597.txt
Graph already exists at: ./input/random_graphs/graph_40_780_UNIFORM_3010622984418968408.txt
Graph already exists at: ./input/random_graphs/graph_40_780_UNIFORM_6002685213311538187.txt
Graph already exists at: ./input/random_graphs/graph_40_780_UNIFORM_5708372698381010775.txt
Graph already exists at: ./input/random_graphs/graph_40_780_UNIFORM_521787134863155063.txt
Graph already exists at: ./input/random_graphs/graph_40_780_UNIFORM_1731523882129807996.txt
Graph already exists at: ./input/random_graphs/graph_40_780_UNIFORM_1853590723603270879.txt
Graph already exists at: ./input/random_graphs/graph_40_780_UNIFORM_7029781962072644698.txt
Graph already exists at: ./input/random_graphs/graph_40_780_UNIFORM_6785030173969523435.txt
Graph already exists at: ./input/random_graphs/graph_40_780_UNIFORM_5529616217668449934.txt
Graph already exists at: ./input/random_graphs/graph_40_780_UNIFORM_1024517563182776983.txt
Graph already exists at: ./input/random_graphs/graph_40_780_UNIFORM_3224265581699847191.txt
Graph already exists at: ./input/random_graphs/graph_40_780_UNIFORM_5258051056098597521.txt
Graph already exists at: ./input/random_graphs/graph_40_780_UNIFORM_1647170069535670909.txt
Graph already exists at: ./input/random_graphs/graph_40_780_UNIFORM_4122784633514911760.txt
Graph already exists at: ./input/random_graphs/graph_40_780_UNIFORM_7706236040662210848.txt
Graph already exists at: ./input/random_graphs/graph_40_780_UNIFORM_824387247617288499.txt
Graph already exists at: ./input/random_graphs/graph_40_780_UNIFORM_1632192924771168275.txt
Graph already exists at: ./input/random_graphs/graph_40_780_UNIFORM_7161906730445628483.txt
Graph already exists at: ./input/random_graphs/graph_40_780_UNIFORM_6802378520969450157.txt
Graph already exists at: ./input/random_graphs/graph_40_780_UNIFORM_4552998297316576788.txt
Graph already exists at: ./input/random_graphs/graph_40_780_UNIFORM_8031431416522537101.txt
Graph already exists at: ./input/random_graphs/graph_40_780_UNIFORM_6143643868734370809.txt
Graph already exists at: ./input/random_graphs/graph_40_780_UNIFORM_3272308573967577038.txt
Graph already exists at: ./input/random_graphs/graph_40_780_UNIFORM_5636411189175451024.txt
Graph already exists at: ./input/random_graphs/graph_40_780_UNIFORM_5349491008325879064.txt
Graph already exists at: ./input/random_graphs/graph_40_780_UNIFORM_6614505080519948832.txt
Graph already exists at: ./input/random_graphs/graph_40_780_UNIFORM_7938560551762094560.txt
Graph already exists at: ./input/random_graphs/graph_40_780_UNIFORM_7917045922527545890.txt
Graph already exists at: ./input/random_graphs/graph_40_780_UNIFORM_4445925461710302877.txt
Graph already exists at: ./input/random_graphs/graph_40_780_UNIFORM_3865339568260874865.txt
Graph already exists at: ./input/random_graphs/graph_40_780_UNIFORM_7921282862123281598.txt
Graph already exists at: ./input/random_graphs/graph_40_780_UNIFORM_6224222471595207695.txt
Graph already exists at: ./input/random_graphs/graph_40_780_UNIFORM_1128313391724783137.txt
Graph already exists at: ./input/random_graphs/graph_40_780_UNIFORM_716820155901718944.txt
Graph already exists at: ./input/random_graphs/graph_40_780_UNIFORM_8718380604043999642.txt
Graph already exists at: ./input/random_graphs/graph_40_780_UNIFORM_5063475852268941542.txt
Graph already exists at: ./input/random_graphs/graph_40_780_UNIFORM_4997514996153925447.txt
Graph already exists at: ./input/random_graphs/graph_40_780_UNIFORM_8446481348147407377.txt
Graph already exists at: ./input/random_graphs/graph_40_780_UNIFORM_3817405844514670994.txt
Graph already exists at: ./input/random_graphs/graph_40_780_UNIFORM_6529943913552561417.txt
Graph already exists at: ./input/random_graphs/graph_40_780_UNIFORM_2909934787168262407.txt
Graph already exists at: ./input/random_graphs/graph_40_780_UNIFORM_1170385908854608748.txt
Graph already exists at: ./input/random_graphs/graph_40_780_UNIFORM_6022436717541034636.txt
Graph already exists at: ./input/random_graphs/graph_40_780_UNIFORM_199422815561151340.txt
Graph already exists at: ./input/random_graphs/graph_40_780_UNIFORM_3713827327871807734.txt
Graph already exists at: ./input/random_graphs/graph_40_780_UNIFORM_175493991617213850.txt
Graph already exists at: ./input/random_graphs/graph_40_780_UNIFORM_5108599054664628607.txt
Graph already exists at: ./input/random_graphs/graph_40_780_UNIFORM_6764066939395682287.txt
Graph already exists at: ./input/random_graphs/graph_40_780_UNIFORM_9130666990809746335.txt
Graph already exists at: ./input/random_graphs/graph_40_780_UNIFORM_7644420139408884785.txt
Graph already exists at: ./input/random_graphs/graph_40_780_UNIFORM_1458186392400727732.txt
Graph already exists at: ./input/random_graphs/graph_40_780_UNIFORM_1392892770529522614.txt
Graph already exists at: ./input/random_graphs/graph_40_780_UNIFORM_9060210648189963449.txt
Graph already exists at: ./input/random_graphs/graph_40_780_UNIFORM_4250897495980125004.txt
Graph already exists at: ./input/random_graphs/graph_40_780_UNIFORM_8794274795737982182.txt
Graph already exists at: ./input/random_graphs/graph_40_780_UNIFORM_2089506265998900862.txt
Graph already exists at: ./input/random_graphs/graph_40_780_UNIFORM_5497874167834979553.txt
Graph already exists at: ./input/random_graphs/graph_40_780_UNIFORM_4060584409398689268.txt
Graph already exists at: ./input/random_graphs/graph_40_780_UNIFORM_1332005502874566195.txt
Graph already exists at: ./input/random_graphs/graph_40_780_UNIFORM_1722224698700348310.txt
Graph already exists at: ./input/random_graphs/graph_40_780_UNIFORM_8626102704817790064.txt
Graph already exists at: ./input/random_graphs/graph_40_780_UNIFORM_7905487461282246979.txt
Graph already exists at: ./input/random_graphs/graph_40_780_UNIFORM_8448596294177070022.txt
Graph already exists at: ./input/random_graphs/graph_40_780_UNIFORM_4795749165124911768.txt
Graph already exists at: ./input/random_graphs/graph_40_780_UNIFORM_4934890601268679176.txt
Graph already exists at: ./input/random_graphs/graph_40_780_UNIFORM_1992204328026194281.txt
Graph already exists at: ./input/random_graphs/graph_40_780_UNIFORM_7118744415197196276.txt
Graph already exists at: ./input/random_graphs/graph_40_780_UNIFORM_2718103348384927511.txt
Graph already exists at: ./input/random_graphs/graph_40_780_UNIFORM_9059990922233379852.txt
Graph already exists at: ./input/random_graphs/graph_40_780_UNIFORM_7449662661572224354.txt
Graph already exists at: ./input/random_graphs/graph_40_780_UNIFORM_3221421291694197220.txt
Graph already exists at: ./input/random_graphs/graph_40_780_UNIFORM_8867616339855336876.txt
Graph already exists at: ./input/random_graphs/graph_40_780_UNIFORM_5894893360759659423.txt
Graph already exists at: ./input/random_graphs/graph_40_780_UNIFORM_7983805977214098674.txt
Graph already exists at: ./input/random_graphs/graph_40_780_UNIFORM_4940913311242578590.txt
Graph already exists at: ./input/random_graphs/graph_40_780_UNIFORM_2264398621601381987.txt
Graph already exists at: ./input/random_graphs/graph_40_780_UNIFORM_7632458674696225362.txt
Graph already exists at: ./input/random_graphs/graph_50_1225_UNIFORM_6230961512046992311.txt
Graph already exists at: ./input/random_graphs/graph_50_1225_UNIFORM_7871178979383552919.txt
Graph already exists at: ./input/random_graphs/graph_50_1225_UNIFORM_5739955973604961613.txt
Graph already exists at: ./input/random_graphs/graph_50_1225_UNIFORM_3881801951614183357.txt
Graph already exists at: ./input/random_graphs/graph_50_1225_UNIFORM_7032710160631691991.txt
Graph already exists at: ./input/random_graphs/graph_50_1225_UNIFORM_7599700178212337699.txt
Graph already exists at: ./input/random_graphs/graph_50_1225_UNIFORM_1353182403971399009.txt
Graph already exists at: ./input/random_graphs/graph_50_1225_UNIFORM_1070244953599069350.txt
Graph already exists at: ./input/random_graphs/graph_50_1225_UNIFORM_6522163754831416203.txt
Graph already exists at: ./input/random_graphs/graph_50_1225_UNIFORM_6938562734920028532.txt
Graph already exists at: ./input/random_graphs/graph_50_1225_UNIFORM_4040737767143389431.txt
Graph already exists at: ./input/random_graphs/graph_50_1225_UNIFORM_1250005700364523649.txt
Graph already exists at: ./input/random_graphs/graph_50_1225_UNIFORM_1309542850049879452.txt
Graph already exists at: ./input/random_graphs/graph_50_1225_UNIFORM_2429002973740178792.txt
Graph already exists at: ./input/random_graphs/graph_50_1225_UNIFORM_7663871783842725848.txt
Graph already exists at: ./input/random_graphs/graph_50_1225_UNIFORM_320375091487821987.txt
Graph already exists at: ./input/random_graphs/graph_50_1225_UNIFORM_5906957480796939447.txt
Graph already exists at: ./input/random_graphs/graph_50_1225_UNIFORM_1250773459040295677.txt
Graph already exists at: ./input/random_graphs/graph_50_1225_UNIFORM_7146860528564146064.txt
Graph already exists at: ./input/random_graphs/graph_50_1225_UNIFORM_3438400432146115956.txt
Graph already exists at: ./input/random_graphs/graph_50_1225_UNIFORM_7473196763798409428.txt
Graph already exists at: ./input/random_graphs/graph_50_1225_UNIFORM_5139481885857321791.txt
Graph already exists at: ./input/random_graphs/graph_50_1225_UNIFORM_5142811650494845597.txt
Graph already exists at: ./input/random_graphs/graph_50_1225_UNIFORM_3010622984418968408.txt
Graph already exists at: ./input/random_graphs/graph_50_1225_UNIFORM_6002685213311538187.txt
Graph already exists at: ./input/random_graphs/graph_50_1225_UNIFORM_5708372698381010775.txt
Graph already exists at: ./input/random_graphs/graph_50_1225_UNIFORM_521787134863155063.txt
Graph already exists at: ./input/random_graphs/graph_50_1225_UNIFORM_1731523882129807996.txt
Graph already exists at: ./input/random_graphs/graph_50_1225_UNIFORM_1853590723603270879.txt
Graph already exists at: ./input/random_graphs/graph_50_1225_UNIFORM_7029781962072644698.txt
Graph already exists at: ./input/random_graphs/graph_50_1225_UNIFORM_6785030173969523435.txt
Graph already exists at: ./input/random_graphs/graph_50_1225_UNIFORM_5529616217668449934.txt
Graph already exists at: ./input/random_graphs/graph_50_1225_UNIFORM_1024517563182776983.txt
Graph already exists at: ./input/random_graphs/graph_50_1225_UNIFORM_3224265581699847191.txt
Graph already exists at: ./input/random_graphs/graph_50_1225_UNIFORM_5258051056098597521.txt
Graph already exists at: ./input/random_graphs/graph_50_1225_UNIFORM_1647170069535670909.txt
Graph already exists at: ./input/random_graphs/graph_50_1225_UNIFORM_4122784633514911760.txt
Graph already exists at: ./input/random_graphs/graph_50_1225_UNIFORM_7706236040662210848.txt
Graph already exists at: ./input/random_graphs/graph_50_1225_UNIFORM_824387247617288499.txt
Graph already exists at: ./input/random_graphs/graph_50_1225_UNIFORM_1632192924771168275.txt
Graph already exists at: ./input/random_graphs/graph_50_1225_UNIFORM_7161906730445628483.txt
Graph already exists at: ./input/random_graphs/graph_50_1225_UNIFORM_6802378520969450157.txt
Graph already exists at: ./input/random_graphs/graph_50_1225_UNIFORM_4552998297316576788.txt
Graph already exists at: ./input/random_graphs/graph_50_1225_UNIFORM_8031431416522537101.txt
Graph already exists at: ./input/random_graphs/graph_50_1225_UNIFORM_6143643868734370809.txt
Graph already exists at: ./input/random_graphs/graph_50_1225_UNIFORM_3272308573967577038.txt
Graph already exists at: ./input/random_graphs/graph_50_1225_UNIFORM_5636411189175451024.txt
Graph already exists at: ./input/random_graphs/graph_50_1225_UNIFORM_5349491008325879064.txt
Graph already exists at: ./input/random_graphs/graph_50_1225_UNIFORM_6614505080519948832.txt
Graph already exists at: ./input/random_graphs/graph_50_1225_UNIFORM_7938560551762094560.txt
Graph already exists at: ./input/random_graphs/graph_50_1225_UNIFORM_7917045922527545890.txt
Graph already exists at: ./input/random_graphs/graph_50_1225_UNIFORM_4445925461710302877.txt
Graph already exists at: ./input/random_graphs/graph_50_1225_UNIFORM_3865339568260874865.txt
Graph already exists at: ./input/random_graphs/graph_50_1225_UNIFORM_7921282862123281598.txt
Graph already exists at: ./input/random_graphs/graph_50_1225_UNIFORM_6224222471595207695.txt
Graph already exists at: ./input/random_graphs/graph_50_1225_UNIFORM_1128313391724783137.txt
Graph already exists at: ./input/random_graphs/graph_50_1225_UNIFORM_716820155901718944.txt
Graph already exists at: ./input/random_graphs/graph_50_1225_UNIFORM_8718380604043999642.txt
Graph already exists at: ./input/random_graphs/graph_50_1225_UNIFORM_5063475852268941542.txt
Graph already exists at: ./input/random_graphs/graph_50_1225_UNIFORM_4997514996153925447.txt
Graph already exists at: ./input/random_graphs/graph_50_1225_UNIFORM_8446481348147407377.txt
Graph already exists at: ./input/random_graphs/graph_50_1225_UNIFORM_3817405844514670994.txt
Graph already exists at: ./input/random_graphs/graph_50_1225_UNIFORM_6529943913552561417.txt
Graph already exists at: ./input/random_graphs/graph_50_1225_UNIFORM_2909934787168262407.txt
Graph already exists at: ./input/random_graphs/graph_50_1225_UNIFORM_1170385908854608748.txt
Graph already exists at: ./input/random_graphs/graph_50_1225_UNIFORM_6022436717541034636.txt
Graph already exists at: ./input/random_graphs/graph_50_1225_UNIFORM_199422815561151340.txt
Graph already exists at: ./input/random_graphs/graph_50_1225_UNIFORM_3713827327871807734.txt
Graph already exists at: ./input/random_graphs/graph_50_1225_UNIFORM_175493991617213850.txt
Graph already exists at: ./input/random_graphs/graph_50_1225_UNIFORM_5108599054664628607.txt
Graph already exists at: ./input/random_graphs/graph_50_1225_UNIFORM_6764066939395682287.txt
Graph already exists at: ./input/random_graphs/graph_50_1225_UNIFORM_9130666990809746335.txt
Graph already exists at: ./input/random_graphs/graph_50_1225_UNIFORM_7644420139408884785.txt
Graph already exists at: ./input/random_graphs/graph_50_1225_UNIFORM_1458186392400727732.txt
Graph already exists at: ./input/random_graphs/graph_50_1225_UNIFORM_1392892770529522614.txt
Graph already exists at: ./input/random_graphs/graph_50_1225_UNIFORM_9060210648189963449.txt
Graph already exists at: ./input/random_graphs/graph_50_1225_UNIFORM_4250897495980125004.txt
Graph already exists at: ./input/random_graphs/graph_50_1225_UNIFORM_8794274795737982182.txt
Graph already exists at: ./input/random_graphs/graph_50_1225_UNIFORM_2089506265998900862.txt
Graph already exists at: ./input/random_graphs/graph_50_1225_UNIFORM_5497874167834979553.txt
Graph already exists at: ./input/random_graphs/graph_50_1225_UNIFORM_4060584409398689268.txt
Graph already exists at: ./input/random_graphs/graph_50_1225_UNIFORM_1332005502874566195.txt
Graph already exists at: ./input/random_graphs/graph_50_1225_UNIFORM_1722224698700348310.txt
Graph already exists at: ./input/random_graphs/graph_50_1225_UNIFORM_8626102704817790064.txt
Graph already exists at: ./input/random_graphs/graph_50_1225_UNIFORM_7905487461282246979.txt
Graph already exists at: ./input/random_graphs/graph_50_1225_UNIFORM_8448596294177070022.txt
Graph already exists at: ./input/random_graphs/graph_50_1225_UNIFORM_4795749165124911768.txt
Graph already exists at: ./input/random_graphs/graph_50_1225_UNIFORM_4934890601268679176.txt
Graph already exists at: ./input/random_graphs/graph_50_1225_UNIFORM_1992204328026194281.txt
Graph already exists at: ./input/random_graphs/graph_50_1225_UNIFORM_7118744415197196276.txt
Graph already exists at: ./input/random_graphs/graph_50_1225_UNIFORM_2718103348384927511.txt
Graph already exists at: ./input/random_graphs/graph_50_1225_UNIFORM_9059990922233379852.txt
Graph already exists at: ./input/random_graphs/graph_50_1225_UNIFORM_7449662661572224354.txt
Graph already exists at: ./input/random_graphs/graph_50_1225_UNIFORM_3221421291694197220.txt
Graph already exists at: ./input/random_graphs/graph_50_1225_UNIFORM_8867616339855336876.txt
Graph already exists at: ./input/random_graphs/graph_50_1225_UNIFORM_5894893360759659423.txt
Graph already exists at: ./input/random_graphs/graph_50_1225_UNIFORM_7983805977214098674.txt
Graph already exists at: ./input/random_graphs/graph_50_1225_UNIFORM_4940913311242578590.txt
Graph already exists at: ./input/random_graphs/graph_50_1225_UNIFORM_2264398621601381987.txt
Graph already exists at: ./input/random_graphs/graph_50_1225_UNIFORM_7632458674696225362.txt
Running klev variant 1 with N=20, sparsity=4, k=5, seed=1729...
      Average Passes: 2.0,  Average Height: 20.0, Time/Memory: 0.01,4172
Running klev variant 2 with N=20, sparsity=4, k=5, seed=1729...
      Average Passes: 1.36,  Average Height: 20.0, Time/Memory: 0.01,4180
Running klev variant N with N=20, sparsity=4, k=5, seed=1729...
      Average Passes: 1.0,  Average Height: 20.0, Time/Memory: 0.00,3144
Running klev variant 0 with N=20, sparsity=4, k=10, seed=1729...
      Average Passes: 3.0,  Average Height: 20.0, Time/Memory: 0.02,4144
Running klev variant 1 with N=20, sparsity=4, k=10, seed=1729...
      Average Passes: 1.0,  Average Height: 1.0, Time/Memory: 0.00,3164
Running klev variant 2 with N=20, sparsity=4, k=10, seed=1729...
      Average Passes: 1.0,  Average Height: 1.0, Time/Memory: 0.00,4152
Running klev variant N with N=20, sparsity=4, k=10, seed=1729...
      Average Passes: 1.0,  Average Height: 1.0, Time/Memory: 0.00,3188
Running kpath variant 0 with N=30, sparsity=4, k=2, seed=1729...
      Average Passes: 4.8,  Average Height: 30.0, Time/Memory: 0.05,4184
Running kpath variant 1 with N=30, sparsity=4, k=2, seed=1729...
      Average Passes: 4.69,  Average Height: 30.0, Time/Memory: 0.05,4144
Running kpath variant 2 with N=30, sparsity=4, k=2, seed=1729...
      Average Passes: 2.98,  Average Height: 30.0, Time/Memory: 0.03,4172
Running kpath variant N with N=30, sparsity=4, k=2, seed=1729...
      Average Passes: 2.73,  Average Height: 30.0, Time/Memory: 0.03,3128
Running kpath variant 0 with N=30, sparsity=4, k=5, seed=1729...
      Average Passes: 2.96,  Average Height: 30.0, Time/Memory: 0.03,4176
Running kpath variant 1 with N=30, sparsity=4, k=5, seed=1729...
      Average Passes: 2.0,  Average Height: 30.0, Time/Memory: 0.02,3188
Running kpath variant 2 with N=30, sparsity=4, k=5, seed=1729...
      Average Passes: 1.98,  Average Height: 30.0, Time/Memory: 0.02,4144
Running kpath variant N with N=30, sparsity=4, k=5, seed=1729...
      Average Passes: 1.98,  Average Height: 30.0, Time/Memory: 0.02,4140
Running kpath variant 0 with N=30, sparsity=4, k=10, seed=1729...
      Average Passes: 2.53,  Average Height: 30.0, Time/Memory: 0.03,4144
Running kpath variant 1 with N=30, sparsity=4, k=10, seed=1729...
      Average Passes: 1.62,  Average Height: 30.0, Time/Memory: 0.02,4184
Running kpath variant 2 with N=30, sparsity=4, k=10, seed=1729...
      Average Passes: 1.47,  Average Height: 30.0, Time/Memory: 0.02,4144
Running kpath variant N with N=30, sparsity=4, k=10, seed=1729...
      Average Passes: 1.47,  Average Height: 30.0, Time/Memory: 0.02,4128
Running klev variant 0 with N=30, sparsity=4, k=2, seed=1729...
      Average Passes: 3.0,  Average Height: 30.0, Time/Memory: 0.04,4140
Running klev variant 1 with N=30, sparsity=4, k=2, seed=1729...
      Average Passes: 2.0,  Average Height: 30.0, Time/Memory: 0.03,3132
Running klev variant 2 with N=30, sparsity=4, k=2, seed=1729...
      Average Passes: 2.0,  Average Height: 30.0, Time/Memory: 0.03,3120
Running klev variant N with N=30, sparsity=4, k=2, seed=1729...
      Average Passes: 1.03,  Average Height: 30.0, Time/Memory: 0.02,4168
Running klev variant 0 with N=30, sparsity=4, k=5, seed=1729...
      Average Passes: 3.0,  Average Height: 30.0, Time/Memory: 0.04,4156
Running klev variant 1 with N=30, sparsity=4, k=5, seed=1729...
      Average Passes: 2.0,  Average Height: 30.0, Time/Memory: 0.03,4148
Running klev variant 2 with N=30, sparsity=4, k=5, seed=1729...
      Average Passes: 1.87,  Average Height: 30.0, Time/Memory: 0.03,4176
Running klev variant N with N=30, sparsity=4, k=5, seed=1729...
      Average Passes: 1.0,  Average Height: 30.0, Time/Memory: 0.01,4156
Running klev variant 0 with N=30, sparsity=4, k=10, seed=1729...
      Average Passes: 3.0,  Average Height: 30.0, Time/Memory: 0.04,4184
Running klev variant 1 with N=30, sparsity=4, k=10, seed=1729...
      Average Passes: 2.0,  Average Height: 30.0, Time/Memory: 0.03,4144
Running klev variant 2 with N=30, sparsity=4, k=10, seed=1729...
      Average Passes: 1.17,  Average Height: 30.0, Time/Memory: 0.02,3172
Running klev variant N with N=30, sparsity=4, k=10, seed=1729...
      Average Passes: 1.0,  Average Height: 30.0, Time/Memory: 0.01,4140
Running kpath variant 0 with N=40, sparsity=4, k=2, seed=1729...
      Average Passes: 5.27,  Average Height: 40.0, Time/Memory: 0.10,4152
Running kpath variant 1 with N=40, sparsity=4, k=2, seed=1729...
      Average Passes: 5.3,  Average Height: 40.0, Time/Memory: 0.10,4168
Running kpath variant 2 with N=40, sparsity=4, k=2, seed=1729...
      Average Passes: 3.17,  Average Height: 40.0, Time/Memory: 0.06,4184
Running kpath variant N with N=40, sparsity=4, k=2, seed=1729...
      Average Passes: 2.95,  Average Height: 40.0, Time/Memory: 0.06,4192
Running kpath variant 0 with N=40, sparsity=4, k=5, seed=1729...
      Average Passes: 3.0,  Average Height: 40.0, Time/Memory: 0.06,4144
Running kpath variant 1 with N=40, sparsity=4, k=5, seed=1729...
      Average Passes: 2.04,  Average Height: 40.0, Time/Memory: 0.04,3176
Running kpath variant 2 with N=40, sparsity=4, k=5, seed=1729...
      Average Passes: 2.0,  Average Height: 40.0, Time/Memory: 0.04,4192
Running kpath variant N with N=40, sparsity=4, k=5, seed=1729...
      Average Passes: 2.0,  Average Height: 40.0, Time/Memory: 0.04,3156
Running kpath variant 0 with N=40, sparsity=4, k=10, seed=1729...
      Average Passes: 2.79,  Average Height: 40.0, Time/Memory: 0.06,4192
Running kpath variant 1 with N=40, sparsity=4, k=10, seed=1729...
      Average Passes: 1.82,  Average Height: 40.0, Time/Memory: 0.04,3136
Running kpath variant 2 with N=40, sparsity=4, k=10, seed=1729...
      Average Passes: 1.73,  Average Height: 40.0, Time/Memory: 0.04,4144
Running kpath variant N with N=40, sparsity=4, k=10, seed=1729...
      Average Passes: 1.73,  Average Height: 40.0, Time/Memory: 0.04,3128
Running klev variant 0 with N=40, sparsity=4, k=2, seed=1729...
      Average Passes: 3.0,  Average Height: 40.0, Time/Memory: 0.07,3160
Running klev variant 1 with N=40, sparsity=4, k=2, seed=1729...
      Average Passes: 2.0,  Average Height: 40.0, Time/Memory: 0.05,4188
Running klev variant 2 with N=40, sparsity=4, k=2, seed=1729...
      Average Passes: 2.0,  Average Height: 40.0, Time/Memory: 0.05,3136
Running klev variant N with N=40, sparsity=4, k=2, seed=1729...
      Average Passes: 1.13,  Average Height: 40.0, Time/Memory: 0.03,3140
Running klev variant 0 with N=40, sparsity=4, k=5, seed=1729...
      Average Passes: 3.0,  Average Height: 40.0, Time/Memory: 0.07,3136
Running klev variant 1 with N=40, sparsity=4, k=5, seed=1729...
      Average Passes: 2.0,  Average Height: 40.0, Time/Memory: 0.05,4172
Running klev variant 2 with N=40, sparsity=4, k=5, seed=1729...
      Average Passes: 1.95,  Average Height: 40.0, Time/Memory: 0.05,4140
Running klev variant N with N=40, sparsity=4, k=5, seed=1729...
      Average Passes: 1.0,  Average Height: 40.0, Time/Memory: 0.03,4184
Running klev variant 0 with N=40, sparsity=4, k=10, seed=1729...
      Average Passes: 3.0,  Average Height: 40.0, Time/Memory: 0.07,3196
Running klev variant 1 with N=40, sparsity=4, k=10, seed=1729...
      Average Passes: 2.0,  Average Height: 40.0, Time/Memory: 0.05,3136
Running klev variant 2 with N=40, sparsity=4, k=10, seed=1729...
      Average Passes: 1.4,  Average Height: 40.0, Time/Memory: 0.05,4168
Running klev variant N with N=40, sparsity=4, k=10, seed=1729...
      Average Passes: 1.0,  Average Height: 40.0, Time/Memory: 0.03,3144
Running kpath variant 0 with N=50, sparsity=4, k=2, seed=1729...
      Average Passes: 5.81,  Average Height: 50.0, Time/Memory: 0.18,3192
Running kpath variant 1 with N=50, sparsity=4, k=2, seed=1729...
      Average Passes: 5.7,  Average Height: 50.0, Time/Memory: 0.18,3132
Running kpath variant 2 with N=50, sparsity=4, k=2, seed=1729...
      Average Passes: 3.51,  Average Height: 50.0, Time/Memory: 0.11,4136
Running kpath variant N with N=50, sparsity=4, k=2, seed=1729...
      Average Passes: 2.98,  Average Height: 50.0, Time/Memory: 0.10,4140
Graph already exists at: ./input/random_graphs/graph_60_1770_UNIFORM_6230961512046992311.txt
Graph already exists at: ./input/random_graphs/graph_60_1770_UNIFORM_7871178979383552919.txt
Graph already exists at: ./input/random_graphs/graph_60_1770_UNIFORM_5739955973604961613.txt
Graph already exists at: ./input/random_graphs/graph_60_1770_UNIFORM_3881801951614183357.txt
Graph already exists at: ./input/random_graphs/graph_60_1770_UNIFORM_7032710160631691991.txt
Graph already exists at: ./input/random_graphs/graph_60_1770_UNIFORM_7599700178212337699.txt
Graph already exists at: ./input/random_graphs/graph_60_1770_UNIFORM_1353182403971399009.txt
Graph already exists at: ./input/random_graphs/graph_60_1770_UNIFORM_1070244953599069350.txt
Graph already exists at: ./input/random_graphs/graph_60_1770_UNIFORM_6522163754831416203.txt
Graph already exists at: ./input/random_graphs/graph_60_1770_UNIFORM_6938562734920028532.txt
Graph already exists at: ./input/random_graphs/graph_60_1770_UNIFORM_4040737767143389431.txt
Graph already exists at: ./input/random_graphs/graph_60_1770_UNIFORM_1250005700364523649.txt
Graph already exists at: ./input/random_graphs/graph_60_1770_UNIFORM_1309542850049879452.txt
Graph already exists at: ./input/random_graphs/graph_60_1770_UNIFORM_2429002973740178792.txt
Graph already exists at: ./input/random_graphs/graph_60_1770_UNIFORM_7663871783842725848.txt
Graph already exists at: ./input/random_graphs/graph_60_1770_UNIFORM_320375091487821987.txt
Graph already exists at: ./input/random_graphs/graph_60_1770_UNIFORM_5906957480796939447.txt
Graph already exists at: ./input/random_graphs/graph_60_1770_UNIFORM_1250773459040295677.txt
Graph already exists at: ./input/random_graphs/graph_60_1770_UNIFORM_7146860528564146064.txt
Graph already exists at: ./input/random_graphs/graph_60_1770_UNIFORM_3438400432146115956.txt
Graph already exists at: ./input/random_graphs/graph_60_1770_UNIFORM_7473196763798409428.txt
Graph already exists at: ./input/random_graphs/graph_60_1770_UNIFORM_5139481885857321791.txt
Graph already exists at: ./input/random_graphs/graph_60_1770_UNIFORM_5142811650494845597.txt
Graph already exists at: ./input/random_graphs/graph_60_1770_UNIFORM_3010622984418968408.txt
Graph already exists at: ./input/random_graphs/graph_60_1770_UNIFORM_6002685213311538187.txt
Graph already exists at: ./input/random_graphs/graph_60_1770_UNIFORM_5708372698381010775.txt
Graph already exists at: ./input/random_graphs/graph_60_1770_UNIFORM_521787134863155063.txt
Graph already exists at: ./input/random_graphs/graph_60_1770_UNIFORM_1731523882129807996.txt
Graph already exists at: ./input/random_graphs/graph_60_1770_UNIFORM_1853590723603270879.txt
Graph already exists at: ./input/random_graphs/graph_60_1770_UNIFORM_7029781962072644698.txt
Graph already exists at: ./input/random_graphs/graph_60_1770_UNIFORM_6785030173969523435.txt
Graph already exists at: ./input/random_graphs/graph_60_1770_UNIFORM_5529616217668449934.txt
Graph already exists at: ./input/random_graphs/graph_60_1770_UNIFORM_1024517563182776983.txt
Graph already exists at: ./input/random_graphs/graph_60_1770_UNIFORM_3224265581699847191.txt
Graph already exists at: ./input/random_graphs/graph_60_1770_UNIFORM_5258051056098597521.txt
Graph already exists at: ./input/random_graphs/graph_60_1770_UNIFORM_1647170069535670909.txt
Graph already exists at: ./input/random_graphs/graph_60_1770_UNIFORM_4122784633514911760.txt
Graph already exists at: ./input/random_graphs/graph_60_1770_UNIFORM_7706236040662210848.txt
Graph already exists at: ./input/random_graphs/graph_60_1770_UNIFORM_824387247617288499.txt
Graph already exists at: ./input/random_graphs/graph_60_1770_UNIFORM_1632192924771168275.txt
Graph already exists at: ./input/random_graphs/graph_60_1770_UNIFORM_7161906730445628483.txt
Graph already exists at: ./input/random_graphs/graph_60_1770_UNIFORM_6802378520969450157.txt
Graph already exists at: ./input/random_graphs/graph_60_1770_UNIFORM_4552998297316576788.txt
Graph already exists at: ./input/random_graphs/graph_60_1770_UNIFORM_8031431416522537101.txt
Graph already exists at: ./input/random_graphs/graph_60_1770_UNIFORM_6143643868734370809.txt
Graph already exists at: ./input/random_graphs/graph_60_1770_UNIFORM_3272308573967577038.txt
Graph already exists at: ./input/random_graphs/graph_60_1770_UNIFORM_5636411189175451024.txt
Graph already exists at: ./input/random_graphs/graph_60_1770_UNIFORM_5349491008325879064.txt
Graph already exists at: ./input/random_graphs/graph_60_1770_UNIFORM_6614505080519948832.txt
Graph already exists at: ./input/random_graphs/graph_60_1770_UNIFORM_7938560551762094560.txt
Graph already exists at: ./input/random_graphs/graph_60_1770_UNIFORM_7917045922527545890.txt
Graph already exists at: ./input/random_graphs/graph_60_1770_UNIFORM_4445925461710302877.txt
Graph already exists at: ./input/random_graphs/graph_60_1770_UNIFORM_3865339568260874865.txt
Graph already exists at: ./input/random_graphs/graph_60_1770_UNIFORM_7921282862123281598.txt
Graph already exists at: ./input/random_graphs/graph_60_1770_UNIFORM_6224222471595207695.txt
Graph already exists at: ./input/random_graphs/graph_60_1770_UNIFORM_1128313391724783137.txt
Graph already exists at: ./input/random_graphs/graph_60_1770_UNIFORM_716820155901718944.txt
Graph already exists at: ./input/random_graphs/graph_60_1770_UNIFORM_8718380604043999642.txt
Graph already exists at: ./input/random_graphs/graph_60_1770_UNIFORM_5063475852268941542.txt
Graph already exists at: ./input/random_graphs/graph_60_1770_UNIFORM_4997514996153925447.txt
Graph already exists at: ./input/random_graphs/graph_60_1770_UNIFORM_8446481348147407377.txt
Graph already exists at: ./input/random_graphs/graph_60_1770_UNIFORM_3817405844514670994.txt
Graph already exists at: ./input/random_graphs/graph_60_1770_UNIFORM_6529943913552561417.txt
Graph already exists at: ./input/random_graphs/graph_60_1770_UNIFORM_2909934787168262407.txt
Graph already exists at: ./input/random_graphs/graph_60_1770_UNIFORM_1170385908854608748.txt
Graph already exists at: ./input/random_graphs/graph_60_1770_UNIFORM_6022436717541034636.txt
Graph already exists at: ./input/random_graphs/graph_60_1770_UNIFORM_199422815561151340.txt
Graph already exists at: ./input/random_graphs/graph_60_1770_UNIFORM_3713827327871807734.txt
Graph already exists at: ./input/random_graphs/graph_60_1770_UNIFORM_175493991617213850.txt
Graph already exists at: ./input/random_graphs/graph_60_1770_UNIFORM_5108599054664628607.txt
Graph already exists at: ./input/random_graphs/graph_60_1770_UNIFORM_6764066939395682287.txt
Graph already exists at: ./input/random_graphs/graph_60_1770_UNIFORM_9130666990809746335.txt
Graph already exists at: ./input/random_graphs/graph_60_1770_UNIFORM_7644420139408884785.txt
Graph already exists at: ./input/random_graphs/graph_60_1770_UNIFORM_1458186392400727732.txt
Graph already exists at: ./input/random_graphs/graph_60_1770_UNIFORM_1392892770529522614.txt
Graph already exists at: ./input/random_graphs/graph_60_1770_UNIFORM_9060210648189963449.txt
Graph already exists at: ./input/random_graphs/graph_60_1770_UNIFORM_4250897495980125004.txt
Graph already exists at: ./input/random_graphs/graph_60_1770_UNIFORM_8794274795737982182.txt
Graph already exists at: ./input/random_graphs/graph_60_1770_UNIFORM_2089506265998900862.txt
Graph already exists at: ./input/random_graphs/graph_60_1770_UNIFORM_5497874167834979553.txt
Graph already exists at: ./input/random_graphs/graph_60_1770_UNIFORM_4060584409398689268.txt
Graph already exists at: ./input/random_graphs/graph_60_1770_UNIFORM_1332005502874566195.txt
Graph already exists at: ./input/random_graphs/graph_60_1770_UNIFORM_1722224698700348310.txt
Graph already exists at: ./input/random_graphs/graph_60_1770_UNIFORM_8626102704817790064.txt
Graph already exists at: ./input/random_graphs/graph_60_1770_UNIFORM_7905487461282246979.txt
Graph already exists at: ./input/random_graphs/graph_60_1770_UNIFORM_8448596294177070022.txt
Graph already exists at: ./input/random_graphs/graph_60_1770_UNIFORM_4795749165124911768.txt
Graph already exists at: ./input/random_graphs/graph_60_1770_UNIFORM_4934890601268679176.txt
Graph already exists at: ./input/random_graphs/graph_60_1770_UNIFORM_1992204328026194281.txt
Graph already exists at: ./input/random_graphs/graph_60_1770_UNIFORM_7118744415197196276.txt
Graph already exists at: ./input/random_graphs/graph_60_1770_UNIFORM_2718103348384927511.txt
Graph already exists at: ./input/random_graphs/graph_60_1770_UNIFORM_9059990922233379852.txt
Graph already exists at: ./input/random_graphs/graph_60_1770_UNIFORM_7449662661572224354.txt
Graph already exists at: ./input/random_graphs/graph_60_1770_UNIFORM_3221421291694197220.txt
Graph already exists at: ./input/random_graphs/graph_60_1770_UNIFORM_8867616339855336876.txt
Graph already exists at: ./input/random_graphs/graph_60_1770_UNIFORM_5894893360759659423.txt
Graph already exists at: ./input/random_graphs/graph_60_1770_UNIFORM_7983805977214098674.txt
Graph already exists at: ./input/random_graphs/graph_60_1770_UNIFORM_4940913311242578590.txt
Graph already exists at: ./input/random_graphs/graph_60_1770_UNIFORM_2264398621601381987.txt
Graph already exists at: ./input/random_graphs/graph_60_1770_UNIFORM_7632458674696225362.txt
Graph already exists at: ./input/random_graphs/graph_70_2415_UNIFORM_6230961512046992311.txt
Graph already exists at: ./input/random_graphs/graph_70_2415_UNIFORM_7871178979383552919.txt
Graph already exists at: ./input/random_graphs/graph_70_2415_UNIFORM_5739955973604961613.txt
Graph already exists at: ./input/random_graphs/graph_70_2415_UNIFORM_3881801951614183357.txt
Graph already exists at: ./input/random_graphs/graph_70_2415_UNIFORM_7032710160631691991.txt
Graph already exists at: ./input/random_graphs/graph_70_2415_UNIFORM_7599700178212337699.txt
Graph already exists at: ./input/random_graphs/graph_70_2415_UNIFORM_1353182403971399009.txt
Graph already exists at: ./input/random_graphs/graph_70_2415_UNIFORM_1070244953599069350.txt
Graph already exists at: ./input/random_graphs/graph_70_2415_UNIFORM_6522163754831416203.txt
Graph already exists at: ./input/random_graphs/graph_70_2415_UNIFORM_6938562734920028532.txt
Graph already exists at: ./input/random_graphs/graph_70_2415_UNIFORM_4040737767143389431.txt
Graph already exists at: ./input/random_graphs/graph_70_2415_UNIFORM_1250005700364523649.txt
Graph already exists at: ./input/random_graphs/graph_70_2415_UNIFORM_1309542850049879452.txt
Graph already exists at: ./input/random_graphs/graph_70_2415_UNIFORM_2429002973740178792.txt
Graph already exists at: ./input/random_graphs/graph_70_2415_UNIFORM_7663871783842725848.txt
Graph already exists at: ./input/random_graphs/graph_70_2415_UNIFORM_320375091487821987.txt
Graph already exists at: ./input/random_graphs/graph_70_2415_UNIFORM_5906957480796939447.txt
Graph already exists at: ./input/random_graphs/graph_70_2415_UNIFORM_1250773459040295677.txt
Graph already exists at: ./input/random_graphs/graph_70_2415_UNIFORM_7146860528564146064.txt
Graph already exists at: ./input/random_graphs/graph_70_2415_UNIFORM_3438400432146115956.txt
Graph already exists at: ./input/random_graphs/graph_70_2415_UNIFORM_7473196763798409428.txt
Graph already exists at: ./input/random_graphs/graph_70_2415_UNIFORM_5139481885857321791.txt
Graph already exists at: ./input/random_graphs/graph_70_2415_UNIFORM_5142811650494845597.txt
Graph already exists at: ./input/random_graphs/graph_70_2415_UNIFORM_3010622984418968408.txt
Graph already exists at: ./input/random_graphs/graph_70_2415_UNIFORM_6002685213311538187.txt
Graph already exists at: ./input/random_graphs/graph_70_2415_UNIFORM_5708372698381010775.txt
Graph already exists at: ./input/random_graphs/graph_70_2415_UNIFORM_521787134863155063.txt
Graph already exists at: ./input/random_graphs/graph_70_2415_UNIFORM_1731523882129807996.txt
Graph already exists at: ./input/random_graphs/graph_70_2415_UNIFORM_1853590723603270879.txt
Graph already exists at: ./input/random_graphs/graph_70_2415_UNIFORM_7029781962072644698.txt
Graph already exists at: ./input/random_graphs/graph_70_2415_UNIFORM_6785030173969523435.txt
Graph already exists at: ./input/random_graphs/graph_70_2415_UNIFORM_5529616217668449934.txt
Graph already exists at: ./input/random_graphs/graph_70_2415_UNIFORM_1024517563182776983.txt
Graph already exists at: ./input/random_graphs/graph_70_2415_UNIFORM_3224265581699847191.txt
Graph already exists at: ./input/random_graphs/graph_70_2415_UNIFORM_5258051056098597521.txt
Graph already exists at: ./input/random_graphs/graph_70_2415_UNIFORM_1647170069535670909.txt
Graph already exists at: ./input/random_graphs/graph_70_2415_UNIFORM_4122784633514911760.txt
Graph already exists at: ./input/random_graphs/graph_70_2415_UNIFORM_7706236040662210848.txt
Graph already exists at: ./input/random_graphs/graph_70_2415_UNIFORM_824387247617288499.txt
Graph already exists at: ./input/random_graphs/graph_70_2415_UNIFORM_1632192924771168275.txt
Graph already exists at: ./input/random_graphs/graph_70_2415_UNIFORM_7161906730445628483.txt
Graph already exists at: ./input/random_graphs/graph_70_2415_UNIFORM_6802378520969450157.txt
Graph already exists at: ./input/random_graphs/graph_70_2415_UNIFORM_4552998297316576788.txt
Graph already exists at: ./input/random_graphs/graph_70_2415_UNIFORM_8031431416522537101.txt
Graph already exists at: ./input/random_graphs/graph_70_2415_UNIFORM_6143643868734370809.txt
Graph already exists at: ./input/random_graphs/graph_70_2415_UNIFORM_3272308573967577038.txt
Graph already exists at: ./input/random_graphs/graph_70_2415_UNIFORM_5636411189175451024.txt
Graph already exists at: ./input/random_graphs/graph_70_2415_UNIFORM_5349491008325879064.txt
Graph already exists at: ./input/random_graphs/graph_70_2415_UNIFORM_6614505080519948832.txt
Graph already exists at: ./input/random_graphs/graph_70_2415_UNIFORM_7938560551762094560.txt
Graph already exists at: ./input/random_graphs/graph_70_2415_UNIFORM_7917045922527545890.txt
Graph already exists at: ./input/random_graphs/graph_70_2415_UNIFORM_4445925461710302877.txt
Graph already exists at: ./input/random_graphs/graph_70_2415_UNIFORM_3865339568260874865.txt
Graph already exists at: ./input/random_graphs/graph_70_2415_UNIFORM_7921282862123281598.txt
Graph already exists at: ./input/random_graphs/graph_70_2415_UNIFORM_6224222471595207695.txt
Graph already exists at: ./input/random_graphs/graph_70_2415_UNIFORM_1128313391724783137.txt
Graph already exists at: ./input/random_graphs/graph_70_2415_UNIFORM_716820155901718944.txt
Graph already exists at: ./input/random_graphs/graph_70_2415_UNIFORM_8718380604043999642.txt
Graph already exists at: ./input/random_graphs/graph_70_2415_UNIFORM_5063475852268941542.txt
Graph already exists at: ./input/random_graphs/graph_70_2415_UNIFORM_4997514996153925447.txt
Graph already exists at: ./input/random_graphs/graph_70_2415_UNIFORM_8446481348147407377.txt
Graph already exists at: ./input/random_graphs/graph_70_2415_UNIFORM_3817405844514670994.txt
Graph already exists at: ./input/random_graphs/graph_70_2415_UNIFORM_6529943913552561417.txt
Graph already exists at: ./input/random_graphs/graph_70_2415_UNIFORM_2909934787168262407.txt
Graph already exists at: ./input/random_graphs/graph_70_2415_UNIFORM_1170385908854608748.txt
Graph already exists at: ./input/random_graphs/graph_70_2415_UNIFORM_6022436717541034636.txt
Graph already exists at: ./input/random_graphs/graph_70_2415_UNIFORM_199422815561151340.txt
Graph already exists at: ./input/random_graphs/graph_70_2415_UNIFORM_3713827327871807734.txt
Graph already exists at: ./input/random_graphs/graph_70_2415_UNIFORM_175493991617213850.txt
Graph already exists at: ./input/random_graphs/graph_70_2415_UNIFORM_5108599054664628607.txt
Graph already exists at: ./input/random_graphs/graph_70_2415_UNIFORM_6764066939395682287.txt
Graph already exists at: ./input/random_graphs/graph_70_2415_UNIFORM_9130666990809746335.txt
Graph already exists at: ./input/random_graphs/graph_70_2415_UNIFORM_7644420139408884785.txt
Graph already exists at: ./input/random_graphs/graph_70_2415_UNIFORM_1458186392400727732.txt
Graph already exists at: ./input/random_graphs/graph_70_2415_UNIFORM_1392892770529522614.txt
Graph already exists at: ./input/random_graphs/graph_70_2415_UNIFORM_9060210648189963449.txt
Graph already exists at: ./input/random_graphs/graph_70_2415_UNIFORM_4250897495980125004.txt
Graph already exists at: ./input/random_graphs/graph_70_2415_UNIFORM_8794274795737982182.txt
Graph already exists at: ./input/random_graphs/graph_70_2415_UNIFORM_2089506265998900862.txt
Graph already exists at: ./input/random_graphs/graph_70_2415_UNIFORM_5497874167834979553.txt
Graph already exists at: ./input/random_graphs/graph_70_2415_UNIFORM_4060584409398689268.txt
Graph already exists at: ./input/random_graphs/graph_70_2415_UNIFORM_1332005502874566195.txt
Graph already exists at: ./input/random_graphs/graph_70_2415_UNIFORM_1722224698700348310.txt
Graph already exists at: ./input/random_graphs/graph_70_2415_UNIFORM_8626102704817790064.txt
Graph already exists at: ./input/random_graphs/graph_70_2415_UNIFORM_7905487461282246979.txt
Graph already exists at: ./input/random_graphs/graph_70_2415_UNIFORM_8448596294177070022.txt
Graph already exists at: ./input/random_graphs/graph_70_2415_UNIFORM_4795749165124911768.txt
Graph already exists at: ./input/random_graphs/graph_70_2415_UNIFORM_4934890601268679176.txt
Graph already exists at: ./input/random_graphs/graph_70_2415_UNIFORM_1992204328026194281.txt
Graph already exists at: ./input/random_graphs/graph_70_2415_UNIFORM_7118744415197196276.txt
Graph already exists at: ./input/random_graphs/graph_70_2415_UNIFORM_2718103348384927511.txt
Graph already exists at: ./input/random_graphs/graph_70_2415_UNIFORM_9059990922233379852.txt
Graph already exists at: ./input/random_graphs/graph_70_2415_UNIFORM_7449662661572224354.txt
Graph already exists at: ./input/random_graphs/graph_70_2415_UNIFORM_3221421291694197220.txt
Graph already exists at: ./input/random_graphs/graph_70_2415_UNIFORM_8867616339855336876.txt
Graph already exists at: ./input/random_graphs/graph_70_2415_UNIFORM_5894893360759659423.txt
Graph already exists at: ./input/random_graphs/graph_70_2415_UNIFORM_7983805977214098674.txt
Graph already exists at: ./input/random_graphs/graph_70_2415_UNIFORM_4940913311242578590.txt
Graph already exists at: ./input/random_graphs/graph_70_2415_UNIFORM_2264398621601381987.txt
Graph already exists at: ./input/random_graphs/graph_70_2415_UNIFORM_7632458674696225362.txt
Running kpath variant 0 with N=50, sparsity=4, k=5, seed=1729...
      Average Passes: 3.02,  Average Height: 50.0, Time/Memory: 0.09,4172
Running kpath variant 1 with N=50, sparsity=4, k=5, seed=1729...
      Average Passes: 2.17,  Average Height: 50.0, Time/Memory: 0.07,4144
Running kpath variant 2 with N=50, sparsity=4, k=5, seed=1729...
      Average Passes: 2.0,  Average Height: 50.0, Time/Memory: 0.06,3116
Running kpath variant N with N=50, sparsity=4, k=5, seed=1729...
      Average Passes: 2.0,  Average Height: 50.0, Time/Memory: 0.06,4140
Running kpath variant 0 with N=50, sparsity=4, k=10, seed=1729...
      Average Passes: 2.87,  Average Height: 50.0, Time/Memory: 0.09,4172
Running kpath variant 1 with N=50, sparsity=4, k=10, seed=1729...
      Average Passes: 1.91,  Average Height: 50.0, Time/Memory: 0.06,3160
Running kpath variant 2 with N=50, sparsity=4, k=10, seed=1729...
      Average Passes: 1.87,  Average Height: 50.0, Time/Memory: 0.06,4172
Running kpath variant N with N=50, sparsity=4, k=10, seed=1729...
      Average Passes: 1.87,  Average Height: 50.0, Time/Memory: 0.06,4160
Running klev variant 0 with N=50, sparsity=4, k=2, seed=1729...
      Average Passes: 3.0,  Average Height: 50.0, Time/Memory: 0.11,3124
Running klev variant 1 with N=50, sparsity=4, k=2, seed=1729...
      Average Passes: 2.0,  Average Height: 50.0, Time/Memory: 0.08,4168
Running klev variant 2 with N=50, sparsity=4, k=2, seed=1729...
      Average Passes: 2.0,  Average Height: 50.0, Time/Memory: 0.08,4168
Running klev variant N with N=50, sparsity=4, k=2, seed=1729...
      Average Passes: 1.1,  Average Height: 50.0, Time/Memory: 0.05,3124
Running klev variant 0 with N=50, sparsity=4, k=5, seed=1729...
      Average Passes: 3.0,  Average Height: 50.0, Time/Memory: 0.11,4164
Running klev variant 1 with N=50, sparsity=4, k=5, seed=1729...
      Average Passes: 2.0,  Average Height: 50.0, Time/Memory: 0.08,4184
Running klev variant 2 with N=50, sparsity=4, k=5, seed=1729...
      Average Passes: 2.0,  Average Height: 50.0, Time/Memory: 0.09,4144
Running klev variant N with N=50, sparsity=4, k=5, seed=1729...
      Average Passes: 1.0,  Average Height: 50.0, Time/Memory: 0.05,4164
Running klev variant 0 with N=50, sparsity=4, k=10, seed=1729...
      Average Passes: 3.0,  Average Height: 50.0, Time/Memory: 0.11,4144
Running klev variant 1 with N=50, sparsity=4, k=10, seed=1729...
      Average Passes: 2.0,  Average Height: 50.0, Time/Memory: 0.08,4136
Running klev variant 2 with N=50, sparsity=4, k=10, seed=1729...
      Average Passes: 1.68,  Average Height: 50.0, Time/Memory: 0.09,4180
Running klev variant N with N=50, sparsity=4, k=10, seed=1729...
      Average Passes: 1.0,  Average Height: 50.0, Time/Memory: 0.05,4184
Running kpath variant 0 with N=60, sparsity=4, k=2, seed=1729...
      Average Passes: 6.15,  Average Height: 60.0, Time/Memory: 0.27,4144
Running kpath variant 1 with N=60, sparsity=4, k=2, seed=1729...
      Average Passes: 6.12,  Average Height: 60.0, Time/Memory: 0.27,3144
Running kpath variant 2 with N=60, sparsity=4, k=2, seed=1729...
      Average Passes: 3.7,  Average Height: 60.0, Time/Memory: 0.17,3192
Running kpath variant N with N=60, sparsity=4, k=2, seed=1729...
      Average Passes: 3.0,  Average Height: 60.0, Time/Memory: 0.13,4180
Running kpath variant 0 with N=60, sparsity=4, k=5, seed=1729...
      Average Passes: 3.04,  Average Height: 60.0, Time/Memory: 0.13,4152
Running kpath variant 1 with N=60, sparsity=4, k=5, seed=1729...
      Average Passes: 2.37,  Average Height: 60.0, Time/Memory: 0.11,4160
Running kpath variant 2 with N=60, sparsity=4, k=5, seed=1729...
      Average Passes: 2.01,  Average Height: 60.0, Time/Memory: 0.09,4152
Running kpath variant N with N=60, sparsity=4, k=5, seed=1729...
      Average Passes: 2.0,  Average Height: 60.0, Time/Memory: 0.09,4168
Running kpath variant 0 with N=60, sparsity=4, k=10, seed=1729...
      Average Passes: 2.95,  Average Height: 60.0, Time/Memory: 0.13,3136
Running kpath variant 1 with N=60, sparsity=4, k=10, seed=1729...
      Average Passes: 1.97,  Average Height: 60.0, Time/Memory: 0.09,3148
Running kpath variant 2 with N=60, sparsity=4, k=10, seed=1729...
      Average Passes: 1.96,  Average Height: 60.0, Time/Memory: 0.10,4188
Running kpath variant N with N=60, sparsity=4, k=10, seed=1729...
      Average Passes: 1.96,  Average Height: 60.0, Time/Memory: 0.10,3136
Running klev variant 0 with N=60, sparsity=4, k=2, seed=1729...
      Average Passes: 3.0,  Average Height: 60.0, Time/Memory: 0.16,4184
Running klev variant 1 with N=60, sparsity=4, k=2, seed=1729...
      Average Passes: 2.0,  Average Height: 60.0, Time/Memory: 0.12,3144
Running klev variant 2 with N=60, sparsity=4, k=2, seed=1729...
      Average Passes: 2.0,  Average Height: 60.0, Time/Memory: 0.12,4148
Running klev variant N with N=60, sparsity=4, k=2, seed=1729...
      Average Passes: 1.25,  Average Height: 60.0, Time/Memory: 0.08,4156
Running klev variant 0 with N=60, sparsity=4, k=5, seed=1729...
      Average Passes: 3.0,  Average Height: 60.0, Time/Memory: 0.16,3160
Running klev variant 1 with N=60, sparsity=4, k=5, seed=1729...
      Average Passes: 2.0,  Average Height: 60.0, Time/Memory: 0.12,3152
Running klev variant 2 with N=60, sparsity=4, k=5, seed=1729...
      Average Passes: 2.0,  Average Height: 60.0, Time/Memory: 0.13,4144
Running klev variant N with N=60, sparsity=4, k=5, seed=1729...
      Average Passes: 1.0,  Average Height: 60.0, Time/Memory: 0.07,4184
Running klev variant 0 with N=60, sparsity=4, k=10, seed=1729...
      Average Passes: 3.0,  Average Height: 60.0, Time/Memory: 0.17,4172
Running klev variant 1 with N=60, sparsity=4, k=10, seed=1729...
      Average Passes: 2.0,  Average Height: 60.0, Time/Memory: 0.11,4188
Running klev variant 2 with N=60, sparsity=4, k=10, seed=1729...
      Average Passes: 1.87,  Average Height: 60.0, Time/Memory: 0.13,4156
Running klev variant N with N=60, sparsity=4, k=10, seed=1729...
      Average Passes: 1.0,  Average Height: 60.0, Time/Memory: 0.07,3136
Running kpath variant 0 with N=70, sparsity=4, k=2, seed=1729...
      Average Passes: 6.55,  Average Height: 70.0, Time/Memory: 0.38,4180
Running kpath variant 1 with N=70, sparsity=4, k=2, seed=1729...
      Average Passes: 6.55,  Average Height: 70.0, Time/Memory: 0.40,4164
Running kpath variant 2 with N=70, sparsity=4, k=2, seed=1729...
      Average Passes: 3.86,  Average Height: 70.0, Time/Memory: 0.23,3188
Running kpath variant N with N=70, sparsity=4, k=2, seed=1729...
      Average Passes: 3.02,  Average Height: 70.0, Time/Memory: 0.19,4192
Running kpath variant 0 with N=70, sparsity=4, k=5, seed=1729...
      Average Passes: 3.13,  Average Height: 70.0, Time/Memory: 0.19,3152
Running kpath variant 1 with N=70, sparsity=4, k=5, seed=1729...
      Average Passes: 2.47,  Average Height: 70.0, Time/Memory: 0.15,4144
Running kpath variant 2 with N=70, sparsity=4, k=5, seed=1729...
      Average Passes: 2.06,  Average Height: 70.0, Time/Memory: 0.13,4148
Running kpath variant N with N=70, sparsity=4, k=5, seed=1729...
      Average Passes: 2.0,  Average Height: 70.0, Time/Memory: 0.12,4160
Running kpath variant 0 with N=70, sparsity=4, k=10, seed=1729...
      Average Passes: 2.98,  Average Height: 70.0, Time/Memory: 0.19,4152
Running kpath variant 1 with N=70, sparsity=4, k=10, seed=1729...
      Average Passes: 1.96,  Average Height: 70.0, Time/Memory: 0.12,4160
Running kpath variant 2 with N=70, sparsity=4, k=10, seed=1729...
      Average Passes: 1.94,  Average Height: 70.0, Time/Memory: 0.13,4140
Running kpath variant N with N=70, sparsity=4, k=10, seed=1729...
      Average Passes: 1.94,  Average Height: 70.0, Time/Memory: 0.13,3140
Running klev variant 0 with N=70, sparsity=4, k=2, seed=1729...
      Average Passes: 3.0,  Average Height: 70.0, Time/Memory: 0.23,3124
Running klev variant 1 with N=70, sparsity=4, k=2, seed=1729...
      Average Passes: 2.0,  Average Height: 70.0, Time/Memory: 0.16,4164
Running klev variant 2 with N=70, sparsity=4, k=2, seed=1729...
      Average Passes: 2.0,  Average Height: 70.0, Time/Memory: 0.17,4168
Graph already exists at: ./input/random_graphs/graph_80_3160_UNIFORM_6230961512046992311.txt
Graph already exists at: ./input/random_graphs/graph_80_3160_UNIFORM_7871178979383552919.txt
Graph already exists at: ./input/random_graphs/graph_80_3160_UNIFORM_5739955973604961613.txt
Graph already exists at: ./input/random_graphs/graph_80_3160_UNIFORM_3881801951614183357.txt
Graph already exists at: ./input/random_graphs/graph_80_3160_UNIFORM_7032710160631691991.txt
Graph already exists at: ./input/random_graphs/graph_80_3160_UNIFORM_7599700178212337699.txt
Graph already exists at: ./input/random_graphs/graph_80_3160_UNIFORM_1353182403971399009.txt
Graph already exists at: ./input/random_graphs/graph_80_3160_UNIFORM_1070244953599069350.txt
Graph already exists at: ./input/random_graphs/graph_80_3160_UNIFORM_6522163754831416203.txt
Graph already exists at: ./input/random_graphs/graph_80_3160_UNIFORM_6938562734920028532.txt
Graph already exists at: ./input/random_graphs/graph_80_3160_UNIFORM_4040737767143389431.txt
Graph already exists at: ./input/random_graphs/graph_80_3160_UNIFORM_1250005700364523649.txt
Graph already exists at: ./input/random_graphs/graph_80_3160_UNIFORM_1309542850049879452.txt
Graph already exists at: ./input/random_graphs/graph_80_3160_UNIFORM_2429002973740178792.txt
Graph already exists at: ./input/random_graphs/graph_80_3160_UNIFORM_7663871783842725848.txt
Graph already exists at: ./input/random_graphs/graph_80_3160_UNIFORM_320375091487821987.txt
Graph already exists at: ./input/random_graphs/graph_80_3160_UNIFORM_5906957480796939447.txt
Graph already exists at: ./input/random_graphs/graph_80_3160_UNIFORM_1250773459040295677.txt
Graph already exists at: ./input/random_graphs/graph_80_3160_UNIFORM_7146860528564146064.txt
Graph already exists at: ./input/random_graphs/graph_80_3160_UNIFORM_3438400432146115956.txt
Graph already exists at: ./input/random_graphs/graph_80_3160_UNIFORM_7473196763798409428.txt
Graph already exists at: ./input/random_graphs/graph_80_3160_UNIFORM_5139481885857321791.txt
Graph already exists at: ./input/random_graphs/graph_80_3160_UNIFORM_5142811650494845597.txt
Graph already exists at: ./input/random_graphs/graph_80_3160_UNIFORM_3010622984418968408.txt
Graph already exists at: ./input/random_graphs/graph_80_3160_UNIFORM_6002685213311538187.txt
Graph already exists at: ./input/random_graphs/graph_80_3160_UNIFORM_5708372698381010775.txt
Graph already exists at: ./input/random_graphs/graph_80_3160_UNIFORM_521787134863155063.txt
Graph already exists at: ./input/random_graphs/graph_80_3160_UNIFORM_1731523882129807996.txt
Graph already exists at: ./input/random_graphs/graph_80_3160_UNIFORM_1853590723603270879.txt
Graph already exists at: ./input/random_graphs/graph_80_3160_UNIFORM_7029781962072644698.txt
Graph already exists at: ./input/random_graphs/graph_80_3160_UNIFORM_6785030173969523435.txt
Graph already exists at: ./input/random_graphs/graph_80_3160_UNIFORM_5529616217668449934.txt
Graph already exists at: ./input/random_graphs/graph_80_3160_UNIFORM_1024517563182776983.txt
Graph already exists at: ./input/random_graphs/graph_80_3160_UNIFORM_3224265581699847191.txt
Graph already exists at: ./input/random_graphs/graph_80_3160_UNIFORM_5258051056098597521.txt
Graph already exists at: ./input/random_graphs/graph_80_3160_UNIFORM_1647170069535670909.txt
Graph already exists at: ./input/random_graphs/graph_80_3160_UNIFORM_4122784633514911760.txt
Graph already exists at: ./input/random_graphs/graph_80_3160_UNIFORM_7706236040662210848.txt
Graph already exists at: ./input/random_graphs/graph_80_3160_UNIFORM_824387247617288499.txt
Graph already exists at: ./input/random_graphs/graph_80_3160_UNIFORM_1632192924771168275.txt
Graph already exists at: ./input/random_graphs/graph_80_3160_UNIFORM_7161906730445628483.txt
Graph already exists at: ./input/random_graphs/graph_80_3160_UNIFORM_6802378520969450157.txt
Graph already exists at: ./input/random_graphs/graph_80_3160_UNIFORM_4552998297316576788.txt
Graph already exists at: ./input/random_graphs/graph_80_3160_UNIFORM_8031431416522537101.txt
Graph already exists at: ./input/random_graphs/graph_80_3160_UNIFORM_6143643868734370809.txt
Graph already exists at: ./input/random_graphs/graph_80_3160_UNIFORM_3272308573967577038.txt
Graph already exists at: ./input/random_graphs/graph_80_3160_UNIFORM_5636411189175451024.txt
Graph already exists at: ./input/random_graphs/graph_80_3160_UNIFORM_5349491008325879064.txt
Graph already exists at: ./input/random_graphs/graph_80_3160_UNIFORM_6614505080519948832.txt
Graph already exists at: ./input/random_graphs/graph_80_3160_UNIFORM_7938560551762094560.txt
Graph already exists at: ./input/random_graphs/graph_80_3160_UNIFORM_7917045922527545890.txt
Graph already exists at: ./input/random_graphs/graph_80_3160_UNIFORM_4445925461710302877.txt
Graph already exists at: ./input/random_graphs/graph_80_3160_UNIFORM_3865339568260874865.txt
Graph already exists at: ./input/random_graphs/graph_80_3160_UNIFORM_7921282862123281598.txt
Graph already exists at: ./input/random_graphs/graph_80_3160_UNIFORM_6224222471595207695.txt
Graph already exists at: ./input/random_graphs/graph_80_3160_UNIFORM_1128313391724783137.txt
Graph already exists at: ./input/random_graphs/graph_80_3160_UNIFORM_716820155901718944.txt
Graph already exists at: ./input/random_graphs/graph_80_3160_UNIFORM_8718380604043999642.txt
Graph already exists at: ./input/random_graphs/graph_80_3160_UNIFORM_5063475852268941542.txt
Graph already exists at: ./input/random_graphs/graph_80_3160_UNIFORM_4997514996153925447.txt
Graph already exists at: ./input/random_graphs/graph_80_3160_UNIFORM_8446481348147407377.txt
Graph already exists at: ./input/random_graphs/graph_80_3160_UNIFORM_3817405844514670994.txt
Graph already exists at: ./input/random_graphs/graph_80_3160_UNIFORM_6529943913552561417.txt
Graph already exists at: ./input/random_graphs/graph_80_3160_UNIFORM_2909934787168262407.txt
Graph already exists at: ./input/random_graphs/graph_80_3160_UNIFORM_1170385908854608748.txt
Graph already exists at: ./input/random_graphs/graph_80_3160_UNIFORM_6022436717541034636.txt
Graph already exists at: ./input/random_graphs/graph_80_3160_UNIFORM_199422815561151340.txt
Graph already exists at: ./input/random_graphs/graph_80_3160_UNIFORM_3713827327871807734.txt
Graph already exists at: ./input/random_graphs/graph_80_3160_UNIFORM_175493991617213850.txt
Graph already exists at: ./input/random_graphs/graph_80_3160_UNIFORM_5108599054664628607.txt
Graph already exists at: ./input/random_graphs/graph_80_3160_UNIFORM_6764066939395682287.txt
Graph already exists at: ./input/random_graphs/graph_80_3160_UNIFORM_9130666990809746335.txt
Graph already exists at: ./input/random_graphs/graph_80_3160_UNIFORM_7644420139408884785.txt
Graph already exists at: ./input/random_graphs/graph_80_3160_UNIFORM_1458186392400727732.txt
Graph already exists at: ./input/random_graphs/graph_80_3160_UNIFORM_1392892770529522614.txt
Graph already exists at: ./input/random_graphs/graph_80_3160_UNIFORM_9060210648189963449.txt
Graph already exists at: ./input/random_graphs/graph_80_3160_UNIFORM_4250897495980125004.txt
Graph already exists at: ./input/random_graphs/graph_80_3160_UNIFORM_8794274795737982182.txt
Graph already exists at: ./input/random_graphs/graph_80_3160_UNIFORM_2089506265998900862.txt
Graph already exists at: ./input/random_graphs/graph_80_3160_UNIFORM_5497874167834979553.txt
Graph already exists at: ./input/random_graphs/graph_80_3160_UNIFORM_4060584409398689268.txt
Graph already exists at: ./input/random_graphs/graph_80_3160_UNIFORM_1332005502874566195.txt
Graph already exists at: ./input/random_graphs/graph_80_3160_UNIFORM_1722224698700348310.txt
Graph already exists at: ./input/random_graphs/graph_80_3160_UNIFORM_8626102704817790064.txt
Graph already exists at: ./input/random_graphs/graph_80_3160_UNIFORM_7905487461282246979.txt
Graph already exists at: ./input/random_graphs/graph_80_3160_UNIFORM_8448596294177070022.txt
Graph already exists at: ./input/random_graphs/graph_80_3160_UNIFORM_4795749165124911768.txt
Graph already exists at: ./input/random_graphs/graph_80_3160_UNIFORM_4934890601268679176.txt
Graph already exists at: ./input/random_graphs/graph_80_3160_UNIFORM_1992204328026194281.txt
Graph already exists at: ./input/random_graphs/graph_80_3160_UNIFORM_7118744415197196276.txt
Graph already exists at: ./input/random_graphs/graph_80_3160_UNIFORM_2718103348384927511.txt
Graph already exists at: ./input/random_graphs/graph_80_3160_UNIFORM_9059990922233379852.txt
Graph already exists at: ./input/random_graphs/graph_80_3160_UNIFORM_7449662661572224354.txt
Graph already exists at: ./input/random_graphs/graph_80_3160_UNIFORM_3221421291694197220.txt
Graph already exists at: ./input/random_graphs/graph_80_3160_UNIFORM_8867616339855336876.txt
Graph already exists at: ./input/random_graphs/graph_80_3160_UNIFORM_5894893360759659423.txt
Graph already exists at: ./input/random_graphs/graph_80_3160_UNIFORM_7983805977214098674.txt
Graph already exists at: ./input/random_graphs/graph_80_3160_UNIFORM_4940913311242578590.txt
Graph already exists at: ./input/random_graphs/graph_80_3160_UNIFORM_2264398621601381987.txt
Graph already exists at: ./input/random_graphs/graph_80_3160_UNIFORM_7632458674696225362.txt
Graph already exists at: ./input/random_graphs/graph_90_4005_UNIFORM_6230961512046992311.txt
Graph already exists at: ./input/random_graphs/graph_90_4005_UNIFORM_7871178979383552919.txt
Graph already exists at: ./input/random_graphs/graph_90_4005_UNIFORM_5739955973604961613.txt
Graph already exists at: ./input/random_graphs/graph_90_4005_UNIFORM_3881801951614183357.txt
Graph already exists at: ./input/random_graphs/graph_90_4005_UNIFORM_7032710160631691991.txt
Graph already exists at: ./input/random_graphs/graph_90_4005_UNIFORM_7599700178212337699.txt
Graph already exists at: ./input/random_graphs/graph_90_4005_UNIFORM_1353182403971399009.txt
Graph already exists at: ./input/random_graphs/graph_90_4005_UNIFORM_1070244953599069350.txt
Graph already exists at: ./input/random_graphs/graph_90_4005_UNIFORM_6522163754831416203.txt
Graph already exists at: ./input/random_graphs/graph_90_4005_UNIFORM_6938562734920028532.txt
Graph already exists at: ./input/random_graphs/graph_90_4005_UNIFORM_4040737767143389431.txt
Graph already exists at: ./input/random_graphs/graph_90_4005_UNIFORM_1250005700364523649.txt
Graph already exists at: ./input/random_graphs/graph_90_4005_UNIFORM_1309542850049879452.txt
Graph already exists at: ./input/random_graphs/graph_90_4005_UNIFORM_2429002973740178792.txt
Graph already exists at: ./input/random_graphs/graph_90_4005_UNIFORM_7663871783842725848.txt
Graph already exists at: ./input/random_graphs/graph_90_4005_UNIFORM_320375091487821987.txt
Graph already exists at: ./input/random_graphs/graph_90_4005_UNIFORM_5906957480796939447.txt
Graph already exists at: ./input/random_graphs/graph_90_4005_UNIFORM_1250773459040295677.txt
Graph already exists at: ./input/random_graphs/graph_90_4005_UNIFORM_7146860528564146064.txt
Graph already exists at: ./input/random_graphs/graph_90_4005_UNIFORM_3438400432146115956.txt
Graph already exists at: ./input/random_graphs/graph_90_4005_UNIFORM_7473196763798409428.txt
Graph already exists at: ./input/random_graphs/graph_90_4005_UNIFORM_5139481885857321791.txt
Graph already exists at: ./input/random_graphs/graph_90_4005_UNIFORM_5142811650494845597.txt
Graph already exists at: ./input/random_graphs/graph_90_4005_UNIFORM_3010622984418968408.txt
Graph already exists at: ./input/random_graphs/graph_90_4005_UNIFORM_6002685213311538187.txt
Graph already exists at: ./input/random_graphs/graph_90_4005_UNIFORM_5708372698381010775.txt
Graph already exists at: ./input/random_graphs/graph_90_4005_UNIFORM_521787134863155063.txt
Graph already exists at: ./input/random_graphs/graph_90_4005_UNIFORM_1731523882129807996.txt
Graph already exists at: ./input/random_graphs/graph_90_4005_UNIFORM_1853590723603270879.txt
Graph already exists at: ./input/random_graphs/graph_90_4005_UNIFORM_7029781962072644698.txt
Graph already exists at: ./input/random_graphs/graph_90_4005_UNIFORM_6785030173969523435.txt
Graph already exists at: ./input/random_graphs/graph_90_4005_UNIFORM_5529616217668449934.txt
Graph already exists at: ./input/random_graphs/graph_90_4005_UNIFORM_1024517563182776983.txt
Graph already exists at: ./input/random_graphs/graph_90_4005_UNIFORM_3224265581699847191.txt
Graph already exists at: ./input/random_graphs/graph_90_4005_UNIFORM_5258051056098597521.txt
Graph already exists at: ./input/random_graphs/graph_90_4005_UNIFORM_1647170069535670909.txt
Graph already exists at: ./input/random_graphs/graph_90_4005_UNIFORM_4122784633514911760.txt
Graph already exists at: ./input/random_graphs/graph_90_4005_UNIFORM_7706236040662210848.txt
Graph already exists at: ./input/random_graphs/graph_90_4005_UNIFORM_824387247617288499.txt
Graph already exists at: ./input/random_graphs/graph_90_4005_UNIFORM_1632192924771168275.txt
Graph already exists at: ./input/random_graphs/graph_90_4005_UNIFORM_7161906730445628483.txt
Graph already exists at: ./input/random_graphs/graph_90_4005_UNIFORM_6802378520969450157.txt
Graph already exists at: ./input/random_graphs/graph_90_4005_UNIFORM_4552998297316576788.txt
Graph already exists at: ./input/random_graphs/graph_90_4005_UNIFORM_8031431416522537101.txt
Graph already exists at: ./input/random_graphs/graph_90_4005_UNIFORM_6143643868734370809.txt
Graph already exists at: ./input/random_graphs/graph_90_4005_UNIFORM_3272308573967577038.txt
Graph already exists at: ./input/random_graphs/graph_90_4005_UNIFORM_5636411189175451024.txt
Graph already exists at: ./input/random_graphs/graph_90_4005_UNIFORM_5349491008325879064.txt
Graph already exists at: ./input/random_graphs/graph_90_4005_UNIFORM_6614505080519948832.txt
Graph already exists at: ./input/random_graphs/graph_90_4005_UNIFORM_7938560551762094560.txt
Graph already exists at: ./input/random_graphs/graph_90_4005_UNIFORM_7917045922527545890.txt
Graph already exists at: ./input/random_graphs/graph_90_4005_UNIFORM_4445925461710302877.txt
Graph already exists at: ./input/random_graphs/graph_90_4005_UNIFORM_3865339568260874865.txt
Graph already exists at: ./input/random_graphs/graph_90_4005_UNIFORM_7921282862123281598.txt
Graph already exists at: ./input/random_graphs/graph_90_4005_UNIFORM_6224222471595207695.txt
Graph already exists at: ./input/random_graphs/graph_90_4005_UNIFORM_1128313391724783137.txt
Graph already exists at: ./input/random_graphs/graph_90_4005_UNIFORM_716820155901718944.txt
Graph already exists at: ./input/random_graphs/graph_90_4005_UNIFORM_8718380604043999642.txt
Graph already exists at: ./input/random_graphs/graph_90_4005_UNIFORM_5063475852268941542.txt
Graph already exists at: ./input/random_graphs/graph_90_4005_UNIFORM_4997514996153925447.txt
Graph already exists at: ./input/random_graphs/graph_90_4005_UNIFORM_8446481348147407377.txt
Graph already exists at: ./input/random_graphs/graph_90_4005_UNIFORM_3817405844514670994.txt
Graph already exists at: ./input/random_graphs/graph_90_4005_UNIFORM_6529943913552561417.txt
Graph already exists at: ./input/random_graphs/graph_90_4005_UNIFORM_2909934787168262407.txt
Graph already exists at: ./input/random_graphs/graph_90_4005_UNIFORM_1170385908854608748.txt
Graph already exists at: ./input/random_graphs/graph_90_4005_UNIFORM_6022436717541034636.txt
Graph already exists at: ./input/random_graphs/graph_90_4005_UNIFORM_199422815561151340.txt
Graph already exists at: ./input/random_graphs/graph_90_4005_UNIFORM_3713827327871807734.txt
Graph already exists at: ./input/random_graphs/graph_90_4005_UNIFORM_175493991617213850.txt
Graph already exists at: ./input/random_graphs/graph_90_4005_UNIFORM_5108599054664628607.txt
Graph already exists at: ./input/random_graphs/graph_90_4005_UNIFORM_6764066939395682287.txt
Graph already exists at: ./input/random_graphs/graph_90_4005_UNIFORM_9130666990809746335.txt
Graph already exists at: ./input/random_graphs/graph_90_4005_UNIFORM_7644420139408884785.txt
Graph already exists at: ./input/random_graphs/graph_90_4005_UNIFORM_1458186392400727732.txt
Graph already exists at: ./input/random_graphs/graph_90_4005_UNIFORM_1392892770529522614.txt
Graph already exists at: ./input/random_graphs/graph_90_4005_UNIFORM_9060210648189963449.txt
Graph already exists at: ./input/random_graphs/graph_90_4005_UNIFORM_4250897495980125004.txt
Graph already exists at: ./input/random_graphs/graph_90_4005_UNIFORM_8794274795737982182.txt
Graph already exists at: ./input/random_graphs/graph_90_4005_UNIFORM_2089506265998900862.txt
Graph already exists at: ./input/random_graphs/graph_90_4005_UNIFORM_5497874167834979553.txt
Graph already exists at: ./input/random_graphs/graph_90_4005_UNIFORM_4060584409398689268.txt
Graph already exists at: ./input/random_graphs/graph_90_4005_UNIFORM_1332005502874566195.txt
Graph already exists at: ./input/random_graphs/graph_90_4005_UNIFORM_1722224698700348310.txt
Graph already exists at: ./input/random_graphs/graph_90_4005_UNIFORM_8626102704817790064.txt
Graph already exists at: ./input/random_graphs/graph_90_4005_UNIFORM_7905487461282246979.txt
Graph already exists at: ./input/random_graphs/graph_90_4005_UNIFORM_8448596294177070022.txt
Graph already exists at: ./input/random_graphs/graph_90_4005_UNIFORM_4795749165124911768.txt
Graph already exists at: ./input/random_graphs/graph_90_4005_UNIFORM_4934890601268679176.txt
Graph already exists at: ./input/random_graphs/graph_90_4005_UNIFORM_1992204328026194281.txt
Graph already exists at: ./input/random_graphs/graph_90_4005_UNIFORM_7118744415197196276.txt
Graph already exists at: ./input/random_graphs/graph_90_4005_UNIFORM_2718103348384927511.txt
Graph already exists at: ./input/random_graphs/graph_90_4005_UNIFORM_9059990922233379852.txt
Graph already exists at: ./input/random_graphs/graph_90_4005_UNIFORM_7449662661572224354.txt
Graph already exists at: ./input/random_graphs/graph_90_4005_UNIFORM_3221421291694197220.txt
Graph already exists at: ./input/random_graphs/graph_90_4005_UNIFORM_8867616339855336876.txt
Graph already exists at: ./input/random_graphs/graph_90_4005_UNIFORM_5894893360759659423.txt
Graph already exists at: ./input/random_graphs/graph_90_4005_UNIFORM_7983805977214098674.txt
Graph already exists at: ./input/random_graphs/graph_90_4005_UNIFORM_4940913311242578590.txt
Graph already exists at: ./input/random_graphs/graph_90_4005_UNIFORM_2264398621601381987.txt
Graph already exists at: ./input/random_graphs/graph_90_4005_UNIFORM_7632458674696225362.txt
Graph already exists at: ./input/random_graphs/graph_100_4950_UNIFORM_6230961512046992311.txt
Graph already exists at: ./input/random_graphs/graph_100_4950_UNIFORM_7871178979383552919.txt
Graph already exists at: ./input/random_graphs/graph_100_4950_UNIFORM_5739955973604961613.txt
Graph already exists at: ./input/random_graphs/graph_100_4950_UNIFORM_3881801951614183357.txt
Graph already exists at: ./input/random_graphs/graph_100_4950_UNIFORM_7032710160631691991.txt
Graph already exists at: ./input/random_graphs/graph_100_4950_UNIFORM_7599700178212337699.txt
Graph already exists at: ./input/random_graphs/graph_100_4950_UNIFORM_1353182403971399009.txt
Graph already exists at: ./input/random_graphs/graph_100_4950_UNIFORM_1070244953599069350.txt
Graph already exists at: ./input/random_graphs/graph_100_4950_UNIFORM_6522163754831416203.txt
Graph already exists at: ./input/random_graphs/graph_100_4950_UNIFORM_6938562734920028532.txt
Graph already exists at: ./input/random_graphs/graph_100_4950_UNIFORM_4040737767143389431.txt
Graph already exists at: ./input/random_graphs/graph_100_4950_UNIFORM_1250005700364523649.txt
Graph already exists at: ./input/random_graphs/graph_100_4950_UNIFORM_1309542850049879452.txt
Graph already exists at: ./input/random_graphs/graph_100_4950_UNIFORM_2429002973740178792.txt
Graph already exists at: ./input/random_graphs/graph_100_4950_UNIFORM_7663871783842725848.txt
Graph already exists at: ./input/random_graphs/graph_100_4950_UNIFORM_320375091487821987.txt
Graph already exists at: ./input/random_graphs/graph_100_4950_UNIFORM_5906957480796939447.txt
Graph already exists at: ./input/random_graphs/graph_100_4950_UNIFORM_1250773459040295677.txt
Graph already exists at: ./input/random_graphs/graph_100_4950_UNIFORM_7146860528564146064.txt
Graph already exists at: ./input/random_graphs/graph_100_4950_UNIFORM_3438400432146115956.txt
Graph already exists at: ./input/random_graphs/graph_100_4950_UNIFORM_7473196763798409428.txt
Graph already exists at: ./input/random_graphs/graph_100_4950_UNIFORM_5139481885857321791.txt
Graph already exists at: ./input/random_graphs/graph_100_4950_UNIFORM_5142811650494845597.txt
Graph already exists at: ./input/random_graphs/graph_100_4950_UNIFORM_3010622984418968408.txt
Graph already exists at: ./input/random_graphs/graph_100_4950_UNIFORM_6002685213311538187.txt
Graph already exists at: ./input/random_graphs/graph_100_4950_UNIFORM_5708372698381010775.txt
Graph already exists at: ./input/random_graphs/graph_100_4950_UNIFORM_521787134863155063.txt
Graph already exists at: ./input/random_graphs/graph_100_4950_UNIFORM_1731523882129807996.txt
Graph already exists at: ./input/random_graphs/graph_100_4950_UNIFORM_1853590723603270879.txt
Graph already exists at: ./input/random_graphs/graph_100_4950_UNIFORM_7029781962072644698.txt
Graph already exists at: ./input/random_graphs/graph_100_4950_UNIFORM_6785030173969523435.txt
Graph already exists at: ./input/random_graphs/graph_100_4950_UNIFORM_5529616217668449934.txt
Graph already exists at: ./input/random_graphs/graph_100_4950_UNIFORM_1024517563182776983.txt
Graph already exists at: ./input/random_graphs/graph_100_4950_UNIFORM_3224265581699847191.txt
Graph already exists at: ./input/random_graphs/graph_100_4950_UNIFORM_5258051056098597521.txt
Graph already exists at: ./input/random_graphs/graph_100_4950_UNIFORM_1647170069535670909.txt
Graph already exists at: ./input/random_graphs/graph_100_4950_UNIFORM_4122784633514911760.txt
Graph already exists at: ./input/random_graphs/graph_100_4950_UNIFORM_7706236040662210848.txt
Graph already exists at: ./input/random_graphs/graph_100_4950_UNIFORM_824387247617288499.txt
Graph already exists at: ./input/random_graphs/graph_100_4950_UNIFORM_1632192924771168275.txt
Graph already exists at: ./input/random_graphs/graph_100_4950_UNIFORM_7161906730445628483.txt
Graph already exists at: ./input/random_graphs/graph_100_4950_UNIFORM_6802378520969450157.txt
Graph already exists at: ./input/random_graphs/graph_100_4950_UNIFORM_4552998297316576788.txt
Graph already exists at: ./input/random_graphs/graph_100_4950_UNIFORM_8031431416522537101.txt
Graph already exists at: ./input/random_graphs/graph_100_4950_UNIFORM_6143643868734370809.txt
Graph already exists at: ./input/random_graphs/graph_100_4950_UNIFORM_3272308573967577038.txt
Graph already exists at: ./input/random_graphs/graph_100_4950_UNIFORM_5636411189175451024.txt
Graph already exists at: ./input/random_graphs/graph_100_4950_UNIFORM_5349491008325879064.txt
Graph already exists at: ./input/random_graphs/graph_100_4950_UNIFORM_6614505080519948832.txt
Graph already exists at: ./input/random_graphs/graph_100_4950_UNIFORM_7938560551762094560.txt
Graph already exists at: ./input/random_graphs/graph_100_4950_UNIFORM_7917045922527545890.txt
Graph already exists at: ./input/random_graphs/graph_100_4950_UNIFORM_4445925461710302877.txt
Graph already exists at: ./input/random_graphs/graph_100_4950_UNIFORM_3865339568260874865.txt
Graph already exists at: ./input/random_graphs/graph_100_4950_UNIFORM_7921282862123281598.txt
Graph already exists at: ./input/random_graphs/graph_100_4950_UNIFORM_6224222471595207695.txt
Graph already exists at: ./input/random_graphs/graph_100_4950_UNIFORM_1128313391724783137.txt
Graph already exists at: ./input/random_graphs/graph_100_4950_UNIFORM_716820155901718944.txt
Graph already exists at: ./input/random_graphs/graph_100_4950_UNIFORM_8718380604043999642.txt
Graph already exists at: ./input/random_graphs/graph_100_4950_UNIFORM_5063475852268941542.txt
Graph already exists at: ./input/random_graphs/graph_100_4950_UNIFORM_4997514996153925447.txt
Graph already exists at: ./input/random_graphs/graph_100_4950_UNIFORM_8446481348147407377.txt
Graph already exists at: ./input/random_graphs/graph_100_4950_UNIFORM_3817405844514670994.txt
Graph already exists at: ./input/random_graphs/graph_100_4950_UNIFORM_6529943913552561417.txt
Graph already exists at: ./input/random_graphs/graph_100_4950_UNIFORM_2909934787168262407.txt
Graph already exists at: ./input/random_graphs/graph_100_4950_UNIFORM_1170385908854608748.txt
Graph already exists at: ./input/random_graphs/graph_100_4950_UNIFORM_6022436717541034636.txt
Graph already exists at: ./input/random_graphs/graph_100_4950_UNIFORM_199422815561151340.txt
Graph already exists at: ./input/random_graphs/graph_100_4950_UNIFORM_3713827327871807734.txt
Graph already exists at: ./input/random_graphs/graph_100_4950_UNIFORM_175493991617213850.txt
Graph already exists at: ./input/random_graphs/graph_100_4950_UNIFORM_5108599054664628607.txt
Graph already exists at: ./input/random_graphs/graph_100_4950_UNIFORM_6764066939395682287.txt
Graph already exists at: ./input/random_graphs/graph_100_4950_UNIFORM_9130666990809746335.txt
Graph already exists at: ./input/random_graphs/graph_100_4950_UNIFORM_7644420139408884785.txt
Graph already exists at: ./input/random_graphs/graph_100_4950_UNIFORM_1458186392400727732.txt
Graph already exists at: ./input/random_graphs/graph_100_4950_UNIFORM_1392892770529522614.txt
Graph already exists at: ./input/random_graphs/graph_100_4950_UNIFORM_9060210648189963449.txt
Graph already exists at: ./input/random_graphs/graph_100_4950_UNIFORM_4250897495980125004.txt
Graph already exists at: ./input/random_graphs/graph_100_4950_UNIFORM_8794274795737982182.txt
Graph already exists at: ./input/random_graphs/graph_100_4950_UNIFORM_2089506265998900862.txt
Graph already exists at: ./input/random_graphs/graph_100_4950_UNIFORM_5497874167834979553.txt
Graph already exists at: ./input/random_graphs/graph_100_4950_UNIFORM_4060584409398689268.txt
Graph already exists at: ./input/random_graphs/graph_100_4950_UNIFORM_1332005502874566195.txt
Graph already exists at: ./input/random_graphs/graph_100_4950_UNIFORM_1722224698700348310.txt
Graph already exists at: ./input/random_graphs/graph_100_4950_UNIFORM_8626102704817790064.txt
Graph already exists at: ./input/random_graphs/graph_100_4950_UNIFORM_7905487461282246979.txt
Graph already exists at: ./input/random_graphs/graph_100_4950_UNIFORM_8448596294177070022.txt
Graph already exists at: ./input/random_graphs/graph_100_4950_UNIFORM_4795749165124911768.txt
Graph already exists at: ./input/random_graphs/graph_100_4950_UNIFORM_4934890601268679176.txt
Graph already exists at: ./input/random_graphs/graph_100_4950_UNIFORM_1992204328026194281.txt
Graph already exists at: ./input/random_graphs/graph_100_4950_UNIFORM_7118744415197196276.txt
Graph already exists at: ./input/random_graphs/graph_100_4950_UNIFORM_2718103348384927511.txt
Graph already exists at: ./input/random_graphs/graph_100_4950_UNIFORM_9059990922233379852.txt
Graph already exists at: ./input/random_graphs/graph_100_4950_UNIFORM_7449662661572224354.txt
Graph already exists at: ./input/random_graphs/graph_100_4950_UNIFORM_3221421291694197220.txt
Graph already exists at: ./input/random_graphs/graph_100_4950_UNIFORM_8867616339855336876.txt
Graph already exists at: ./input/random_graphs/graph_100_4950_UNIFORM_5894893360759659423.txt
Graph already exists at: ./input/random_graphs/graph_100_4950_UNIFORM_7983805977214098674.txt
Graph already exists at: ./input/random_graphs/graph_100_4950_UNIFORM_4940913311242578590.txt
Graph already exists at: ./input/random_graphs/graph_100_4950_UNIFORM_2264398621601381987.txt
Graph already exists at: ./input/random_graphs/graph_100_4950_UNIFORM_7632458674696225362.txt
Running klev variant N with N=70, sparsity=4, k=2, seed=1729...
      Average Passes: 1.2,  Average Height: 70.0, Time/Memory: 0.10,4152
Running klev variant 0 with N=70, sparsity=4, k=5, seed=1729...
      Average Passes: 3.0,  Average Height: 70.0, Time/Memory: 0.22,4180
Running klev variant 1 with N=70, sparsity=4, k=5, seed=1729...
      Average Passes: 2.0,  Average Height: 70.0, Time/Memory: 0.16,4176
Running klev variant 2 with N=70, sparsity=4, k=5, seed=1729...
      Average Passes: 2.0,  Average Height: 70.0, Time/Memory: 0.17,3112
Running klev variant N with N=70, sparsity=4, k=5, seed=1729...
      Average Passes: 1.0,  Average Height: 70.0, Time/Memory: 0.09,4144
Running klev variant 0 with N=70, sparsity=4, k=10, seed=1729...
      Average Passes: 3.0,  Average Height: 70.0, Time/Memory: 0.22,4144
Running klev variant 1 with N=70, sparsity=4, k=10, seed=1729...
      Average Passes: 2.0,  Average Height: 70.0, Time/Memory: 0.17,4180
Running klev variant 2 with N=70, sparsity=4, k=10, seed=1729...
      Average Passes: 1.95,  Average Height: 70.0, Time/Memory: 0.18,3116
Running klev variant N with N=70, sparsity=4, k=10, seed=1729...
      Average Passes: 1.0,  Average Height: 70.0, Time/Memory: 0.09,4184
Running kpath variant 0 with N=80, sparsity=4, k=2, seed=1729...
      Average Passes: 6.79,  Average Height: 80.0, Time/Memory: 0.55,4176
Running kpath variant 1 with N=80, sparsity=4, k=2, seed=1729...
      Average Passes: 6.8,  Average Height: 80.0, Time/Memory: 0.53,4156
Running kpath variant 2 with N=80, sparsity=4, k=2, seed=1729...
      Average Passes: 3.95,  Average Height: 80.0, Time/Memory: 0.32,4172
Running kpath variant N with N=80, sparsity=4, k=2, seed=1729...
      Average Passes: 3.01,  Average Height: 80.0, Time/Memory: 0.25,4144
Running kpath variant 0 with N=80, sparsity=4, k=5, seed=1729...
      Average Passes: 3.27,  Average Height: 80.0, Time/Memory: 0.26,4144
Running kpath variant 1 with N=80, sparsity=4, k=5, seed=1729...
      Average Passes: 2.57,  Average Height: 80.0, Time/Memory: 0.21,3188
Running kpath variant 2 with N=80, sparsity=4, k=5, seed=1729...
      Average Passes: 2.19,  Average Height: 80.0, Time/Memory: 0.18,4176
Running kpath variant N with N=80, sparsity=4, k=5, seed=1729...
      Average Passes: 2.0,  Average Height: 80.0, Time/Memory: 0.17,3136
Running kpath variant 0 with N=80, sparsity=4, k=10, seed=1729...
      Average Passes: 2.99,  Average Height: 80.0, Time/Memory: 0.24,4168
Running kpath variant 1 with N=80, sparsity=4, k=10, seed=1729...
      Average Passes: 1.99,  Average Height: 80.0, Time/Memory: 0.16,4164
Running kpath variant 2 with N=80, sparsity=4, k=10, seed=1729...
      Average Passes: 1.98,  Average Height: 80.0, Time/Memory: 0.17,4188
Running kpath variant N with N=80, sparsity=4, k=10, seed=1729...
      Average Passes: 1.98,  Average Height: 80.0, Time/Memory: 0.17,4144
Running klev variant 0 with N=80, sparsity=4, k=2, seed=1729...
      Average Passes: 3.0,  Average Height: 80.0, Time/Memory: 0.29,4184
Running klev variant 1 with N=80, sparsity=4, k=2, seed=1729...
      Average Passes: 2.0,  Average Height: 80.0, Time/Memory: 0.22,4168
Running klev variant 2 with N=80, sparsity=4, k=2, seed=1729...
      Average Passes: 2.0,  Average Height: 80.0, Time/Memory: 0.22,4172
Running klev variant N with N=80, sparsity=4, k=2, seed=1729...
      Average Passes: 1.24,  Average Height: 80.0, Time/Memory: 0.14,4152
Running klev variant 0 with N=80, sparsity=4, k=5, seed=1729...
      Average Passes: 3.0,  Average Height: 80.0, Time/Memory: 0.30,3136
Running klev variant 1 with N=80, sparsity=4, k=5, seed=1729...
      Average Passes: 2.0,  Average Height: 80.0, Time/Memory: 0.22,3124
Running klev variant 2 with N=80, sparsity=4, k=5, seed=1729...
      Average Passes: 2.0,  Average Height: 80.0, Time/Memory: 0.22,4156
Running klev variant N with N=80, sparsity=4, k=5, seed=1729...
      Average Passes: 1.0,  Average Height: 80.0, Time/Memory: 0.12,3144
Running klev variant 0 with N=80, sparsity=4, k=10, seed=1729...
      Average Passes: 3.0,  Average Height: 80.0, Time/Memory: 0.30,4136
Running klev variant 1 with N=80, sparsity=4, k=10, seed=1729...
      Average Passes: 2.0,  Average Height: 80.0, Time/Memory: 0.22,4184
Running klev variant 2 with N=80, sparsity=4, k=10, seed=1729...
      Average Passes: 1.98,  Average Height: 80.0, Time/Memory: 0.23,4144
Running klev variant N with N=80, sparsity=4, k=10, seed=1729...
      Average Passes: 1.0,  Average Height: 80.0, Time/Memory: 0.12,3160
Running kpath variant 0 with N=90, sparsity=4, k=2, seed=1729...
      Average Passes: 7.05,  Average Height: 90.0, Time/Memory: 0.71,3140
Running kpath variant 1 with N=90, sparsity=4, k=2, seed=1729...
      Average Passes: 7.07,  Average Height: 90.0, Time/Memory: 0.70,4144
Running kpath variant 2 with N=90, sparsity=4, k=2, seed=1729...
      Average Passes: 4.01,  Average Height: 90.0, Time/Memory: 0.40,3172
Running kpath variant N with N=90, sparsity=4, k=2, seed=1729...
      Average Passes: 3.03,  Average Height: 90.0, Time/Memory: 0.31,3140
Running kpath variant 0 with N=90, sparsity=4, k=5, seed=1729...
      Average Passes: 3.41,  Average Height: 90.0, Time/Memory: 0.34,3136
Running kpath variant 1 with N=90, sparsity=4, k=5, seed=1729...
      Average Passes: 2.72,  Average Height: 90.0, Time/Memory: 0.27,3152
Running kpath variant 2 with N=90, sparsity=4, k=5, seed=1729...
      Average Passes: 2.27,  Average Height: 90.0, Time/Memory: 0.23,4172
Running kpath variant N with N=90, sparsity=4, k=5, seed=1729...
      Average Passes: 2.0,  Average Height: 90.0, Time/Memory: 0.21,4184
Running kpath variant 0 with N=90, sparsity=4, k=10, seed=1729...
      Average Passes: 2.99,  Average Height: 90.0, Time/Memory: 0.30,3136
Running kpath variant 1 with N=90, sparsity=4, k=10, seed=1729...
      Average Passes: 2.0,  Average Height: 90.0, Time/Memory: 0.21,4144
Running kpath variant 2 with N=90, sparsity=4, k=10, seed=1729...
      Average Passes: 2.0,  Average Height: 90.0, Time/Memory: 0.21,4156
Running kpath variant N with N=90, sparsity=4, k=10, seed=1729...
      Average Passes: 2.0,  Average Height: 90.0, Time/Memory: 0.22,4172
Running klev variant 0 with N=90, sparsity=4, k=2, seed=1729...
      Average Passes: 3.01,  Average Height: 90.0, Time/Memory: 0.38,3120
Running klev variant 1 with N=90, sparsity=4, k=2, seed=1729...
      Average Passes: 2.0,  Average Height: 90.0, Time/Memory: 0.28,4164
Running klev variant 2 with N=90, sparsity=4, k=2, seed=1729...
      Average Passes: 2.0,  Average Height: 90.0, Time/Memory: 0.27,3128
Running klev variant N with N=90, sparsity=4, k=2, seed=1729...
      Average Passes: 1.28,  Average Height: 90.0, Time/Memory: 0.18,4144
Running klev variant 0 with N=90, sparsity=4, k=5, seed=1729...
      Average Passes: 3.0,  Average Height: 90.0, Time/Memory: 0.38,4176
Running klev variant 1 with N=90, sparsity=4, k=5, seed=1729...
      Average Passes: 2.0,  Average Height: 90.0, Time/Memory: 0.28,4172
Running klev variant 2 with N=90, sparsity=4, k=5, seed=1729...
      Average Passes: 2.0,  Average Height: 90.0, Time/Memory: 0.27,4188
Running klev variant N with N=90, sparsity=4, k=5, seed=1729...
      Average Passes: 1.0,  Average Height: 90.0, Time/Memory: 0.15,4168
Running klev variant 0 with N=90, sparsity=4, k=10, seed=1729...
      Average Passes: 3.0,  Average Height: 90.0, Time/Memory: 0.37,3132
Running klev variant 1 with N=90, sparsity=4, k=10, seed=1729...
      Average Passes: 2.0,  Average Height: 90.0, Time/Memory: 0.28,4160
Running klev variant 2 with N=90, sparsity=4, k=10, seed=1729...
      Average Passes: 2.0,  Average Height: 90.0, Time/Memory: 0.29,3128
Running klev variant N with N=90, sparsity=4, k=10, seed=1729...
      Average Passes: 1.0,  Average Height: 90.0, Time/Memory: 0.15,4140
Running kpath variant 0 with N=100, sparsity=4, k=2, seed=1729...
      Average Passes: 7.36,  Average Height: 100.0, Time/Memory: 0.88,4148
Running kpath variant 1 with N=100, sparsity=4, k=2, seed=1729...
      Average Passes: 7.44,  Average Height: 100.0, Time/Memory: 0.91,4152
Graph already exists at: ./input/random_graphs/graph_200_19900_UNIFORM_6230961512046992311.txt
Graph already exists at: ./input/random_graphs/graph_200_19900_UNIFORM_7871178979383552919.txt
Graph already exists at: ./input/random_graphs/graph_200_19900_UNIFORM_5739955973604961613.txt
Graph already exists at: ./input/random_graphs/graph_200_19900_UNIFORM_3881801951614183357.txt
Graph already exists at: ./input/random_graphs/graph_200_19900_UNIFORM_7032710160631691991.txt
Graph already exists at: ./input/random_graphs/graph_200_19900_UNIFORM_7599700178212337699.txt
Graph already exists at: ./input/random_graphs/graph_200_19900_UNIFORM_1353182403971399009.txt
Graph already exists at: ./input/random_graphs/graph_200_19900_UNIFORM_1070244953599069350.txt
Graph already exists at: ./input/random_graphs/graph_200_19900_UNIFORM_6522163754831416203.txt
Graph already exists at: ./input/random_graphs/graph_200_19900_UNIFORM_6938562734920028532.txt
Graph already exists at: ./input/random_graphs/graph_200_19900_UNIFORM_4040737767143389431.txt
Graph already exists at: ./input/random_graphs/graph_200_19900_UNIFORM_1250005700364523649.txt
Graph already exists at: ./input/random_graphs/graph_200_19900_UNIFORM_1309542850049879452.txt
Graph already exists at: ./input/random_graphs/graph_200_19900_UNIFORM_2429002973740178792.txt
Graph already exists at: ./input/random_graphs/graph_200_19900_UNIFORM_7663871783842725848.txt
Graph already exists at: ./input/random_graphs/graph_200_19900_UNIFORM_320375091487821987.txt
Graph already exists at: ./input/random_graphs/graph_200_19900_UNIFORM_5906957480796939447.txt
Graph already exists at: ./input/random_graphs/graph_200_19900_UNIFORM_1250773459040295677.txt
Graph already exists at: ./input/random_graphs/graph_200_19900_UNIFORM_7146860528564146064.txt
Graph already exists at: ./input/random_graphs/graph_200_19900_UNIFORM_3438400432146115956.txt
Graph already exists at: ./input/random_graphs/graph_200_19900_UNIFORM_7473196763798409428.txt
Graph already exists at: ./input/random_graphs/graph_200_19900_UNIFORM_5139481885857321791.txt
Graph already exists at: ./input/random_graphs/graph_200_19900_UNIFORM_5142811650494845597.txt
Graph already exists at: ./input/random_graphs/graph_200_19900_UNIFORM_3010622984418968408.txt
Graph already exists at: ./input/random_graphs/graph_200_19900_UNIFORM_6002685213311538187.txt
Graph already exists at: ./input/random_graphs/graph_200_19900_UNIFORM_5708372698381010775.txt
Graph already exists at: ./input/random_graphs/graph_200_19900_UNIFORM_521787134863155063.txt
Graph already exists at: ./input/random_graphs/graph_200_19900_UNIFORM_1731523882129807996.txt
Graph already exists at: ./input/random_graphs/graph_200_19900_UNIFORM_1853590723603270879.txt
Graph already exists at: ./input/random_graphs/graph_200_19900_UNIFORM_7029781962072644698.txt
Graph already exists at: ./input/random_graphs/graph_200_19900_UNIFORM_6785030173969523435.txt
Graph already exists at: ./input/random_graphs/graph_200_19900_UNIFORM_5529616217668449934.txt
Graph already exists at: ./input/random_graphs/graph_200_19900_UNIFORM_1024517563182776983.txt
Graph already exists at: ./input/random_graphs/graph_200_19900_UNIFORM_3224265581699847191.txt
Graph already exists at: ./input/random_graphs/graph_200_19900_UNIFORM_5258051056098597521.txt
Graph already exists at: ./input/random_graphs/graph_200_19900_UNIFORM_1647170069535670909.txt
Graph already exists at: ./input/random_graphs/graph_200_19900_UNIFORM_4122784633514911760.txt
Graph already exists at: ./input/random_graphs/graph_200_19900_UNIFORM_7706236040662210848.txt
Graph already exists at: ./input/random_graphs/graph_200_19900_UNIFORM_824387247617288499.txt
Graph already exists at: ./input/random_graphs/graph_200_19900_UNIFORM_1632192924771168275.txt
Graph already exists at: ./input/random_graphs/graph_200_19900_UNIFORM_7161906730445628483.txt
Graph already exists at: ./input/random_graphs/graph_200_19900_UNIFORM_6802378520969450157.txt
Graph already exists at: ./input/random_graphs/graph_200_19900_UNIFORM_4552998297316576788.txt
Graph already exists at: ./input/random_graphs/graph_200_19900_UNIFORM_8031431416522537101.txt
Graph already exists at: ./input/random_graphs/graph_200_19900_UNIFORM_6143643868734370809.txt
Graph already exists at: ./input/random_graphs/graph_200_19900_UNIFORM_3272308573967577038.txt
Graph already exists at: ./input/random_graphs/graph_200_19900_UNIFORM_5636411189175451024.txt
Graph already exists at: ./input/random_graphs/graph_200_19900_UNIFORM_5349491008325879064.txt
Graph already exists at: ./input/random_graphs/graph_200_19900_UNIFORM_6614505080519948832.txt
Graph already exists at: ./input/random_graphs/graph_200_19900_UNIFORM_7938560551762094560.txt
Graph already exists at: ./input/random_graphs/graph_200_19900_UNIFORM_7917045922527545890.txt
Graph already exists at: ./input/random_graphs/graph_200_19900_UNIFORM_4445925461710302877.txt
Graph already exists at: ./input/random_graphs/graph_200_19900_UNIFORM_3865339568260874865.txt
Graph already exists at: ./input/random_graphs/graph_200_19900_UNIFORM_7921282862123281598.txt
Graph already exists at: ./input/random_graphs/graph_200_19900_UNIFORM_6224222471595207695.txt
Graph already exists at: ./input/random_graphs/graph_200_19900_UNIFORM_1128313391724783137.txt
Graph already exists at: ./input/random_graphs/graph_200_19900_UNIFORM_716820155901718944.txt
Graph already exists at: ./input/random_graphs/graph_200_19900_UNIFORM_8718380604043999642.txt
Graph already exists at: ./input/random_graphs/graph_200_19900_UNIFORM_5063475852268941542.txt
Graph already exists at: ./input/random_graphs/graph_200_19900_UNIFORM_4997514996153925447.txt
Graph already exists at: ./input/random_graphs/graph_200_19900_UNIFORM_8446481348147407377.txt
Graph already exists at: ./input/random_graphs/graph_200_19900_UNIFORM_3817405844514670994.txt
Graph already exists at: ./input/random_graphs/graph_200_19900_UNIFORM_6529943913552561417.txt
Graph already exists at: ./input/random_graphs/graph_200_19900_UNIFORM_2909934787168262407.txt
Graph already exists at: ./input/random_graphs/graph_200_19900_UNIFORM_1170385908854608748.txt
Graph already exists at: ./input/random_graphs/graph_200_19900_UNIFORM_6022436717541034636.txt
Graph already exists at: ./input/random_graphs/graph_200_19900_UNIFORM_199422815561151340.txt
Graph already exists at: ./input/random_graphs/graph_200_19900_UNIFORM_3713827327871807734.txt
Graph already exists at: ./input/random_graphs/graph_200_19900_UNIFORM_175493991617213850.txt
Graph already exists at: ./input/random_graphs/graph_200_19900_UNIFORM_5108599054664628607.txt
Graph already exists at: ./input/random_graphs/graph_200_19900_UNIFORM_6764066939395682287.txt
Graph already exists at: ./input/random_graphs/graph_200_19900_UNIFORM_9130666990809746335.txt
Graph already exists at: ./input/random_graphs/graph_200_19900_UNIFORM_7644420139408884785.txt
Graph already exists at: ./input/random_graphs/graph_200_19900_UNIFORM_1458186392400727732.txt
Graph already exists at: ./input/random_graphs/graph_200_19900_UNIFORM_1392892770529522614.txt
Graph already exists at: ./input/random_graphs/graph_200_19900_UNIFORM_9060210648189963449.txt
Graph already exists at: ./input/random_graphs/graph_200_19900_UNIFORM_4250897495980125004.txt
Graph already exists at: ./input/random_graphs/graph_200_19900_UNIFORM_8794274795737982182.txt
Graph already exists at: ./input/random_graphs/graph_200_19900_UNIFORM_2089506265998900862.txt
Graph already exists at: ./input/random_graphs/graph_200_19900_UNIFORM_5497874167834979553.txt
Graph already exists at: ./input/random_graphs/graph_200_19900_UNIFORM_4060584409398689268.txt
Graph already exists at: ./input/random_graphs/graph_200_19900_UNIFORM_1332005502874566195.txt
Graph already exists at: ./input/random_graphs/graph_200_19900_UNIFORM_1722224698700348310.txt
Graph already exists at: ./input/random_graphs/graph_200_19900_UNIFORM_8626102704817790064.txt
Graph already exists at: ./input/random_graphs/graph_200_19900_UNIFORM_7905487461282246979.txt
Graph already exists at: ./input/random_graphs/graph_200_19900_UNIFORM_8448596294177070022.txt
Graph already exists at: ./input/random_graphs/graph_200_19900_UNIFORM_4795749165124911768.txt
Graph already exists at: ./input/random_graphs/graph_200_19900_UNIFORM_4934890601268679176.txt
Graph already exists at: ./input/random_graphs/graph_200_19900_UNIFORM_1992204328026194281.txt
Graph already exists at: ./input/random_graphs/graph_200_19900_UNIFORM_7118744415197196276.txt
Graph already exists at: ./input/random_graphs/graph_200_19900_UNIFORM_2718103348384927511.txt
Graph already exists at: ./input/random_graphs/graph_200_19900_UNIFORM_9059990922233379852.txt
Graph already exists at: ./input/random_graphs/graph_200_19900_UNIFORM_7449662661572224354.txt
Graph already exists at: ./input/random_graphs/graph_200_19900_UNIFORM_3221421291694197220.txt
Graph already exists at: ./input/random_graphs/graph_200_19900_UNIFORM_8867616339855336876.txt
Graph already exists at: ./input/random_graphs/graph_200_19900_UNIFORM_5894893360759659423.txt
Graph already exists at: ./input/random_graphs/graph_200_19900_UNIFORM_7983805977214098674.txt
Graph already exists at: ./input/random_graphs/graph_200_19900_UNIFORM_4940913311242578590.txt
Graph already exists at: ./input/random_graphs/graph_200_19900_UNIFORM_2264398621601381987.txt
Graph already exists at: ./input/random_graphs/graph_200_19900_UNIFORM_7632458674696225362.txt
Graph already exists at: ./input/random_graphs/graph_300_44850_UNIFORM_6230961512046992311.txt
Graph already exists at: ./input/random_graphs/graph_300_44850_UNIFORM_7871178979383552919.txt
Graph already exists at: ./input/random_graphs/graph_300_44850_UNIFORM_5739955973604961613.txt
Graph already exists at: ./input/random_graphs/graph_300_44850_UNIFORM_3881801951614183357.txt
Graph already exists at: ./input/random_graphs/graph_300_44850_UNIFORM_7032710160631691991.txt
Graph already exists at: ./input/random_graphs/graph_300_44850_UNIFORM_7599700178212337699.txt
Graph already exists at: ./input/random_graphs/graph_300_44850_UNIFORM_1353182403971399009.txt
Graph already exists at: ./input/random_graphs/graph_300_44850_UNIFORM_1070244953599069350.txt
Graph already exists at: ./input/random_graphs/graph_300_44850_UNIFORM_6522163754831416203.txt
Graph already exists at: ./input/random_graphs/graph_300_44850_UNIFORM_6938562734920028532.txt
Graph already exists at: ./input/random_graphs/graph_300_44850_UNIFORM_4040737767143389431.txt
Graph already exists at: ./input/random_graphs/graph_300_44850_UNIFORM_1250005700364523649.txt
Graph already exists at: ./input/random_graphs/graph_300_44850_UNIFORM_1309542850049879452.txt
Graph already exists at: ./input/random_graphs/graph_300_44850_UNIFORM_2429002973740178792.txt
Graph already exists at: ./input/random_graphs/graph_300_44850_UNIFORM_7663871783842725848.txt
Graph already exists at: ./input/random_graphs/graph_300_44850_UNIFORM_320375091487821987.txt
Graph already exists at: ./input/random_graphs/graph_300_44850_UNIFORM_5906957480796939447.txt
Graph already exists at: ./input/random_graphs/graph_300_44850_UNIFORM_1250773459040295677.txt
Graph already exists at: ./input/random_graphs/graph_300_44850_UNIFORM_7146860528564146064.txt
Graph already exists at: ./input/random_graphs/graph_300_44850_UNIFORM_3438400432146115956.txt
Graph already exists at: ./input/random_graphs/graph_300_44850_UNIFORM_7473196763798409428.txt
Graph already exists at: ./input/random_graphs/graph_300_44850_UNIFORM_5139481885857321791.txt
Graph already exists at: ./input/random_graphs/graph_300_44850_UNIFORM_5142811650494845597.txt
Graph already exists at: ./input/random_graphs/graph_300_44850_UNIFORM_3010622984418968408.txt
Graph already exists at: ./input/random_graphs/graph_300_44850_UNIFORM_6002685213311538187.txt
Graph already exists at: ./input/random_graphs/graph_300_44850_UNIFORM_5708372698381010775.txt
Graph already exists at: ./input/random_graphs/graph_300_44850_UNIFORM_521787134863155063.txt
Graph already exists at: ./input/random_graphs/graph_300_44850_UNIFORM_1731523882129807996.txt
Graph already exists at: ./input/random_graphs/graph_300_44850_UNIFORM_1853590723603270879.txt
Graph already exists at: ./input/random_graphs/graph_300_44850_UNIFORM_7029781962072644698.txt
Graph already exists at: ./input/random_graphs/graph_300_44850_UNIFORM_6785030173969523435.txt
Graph already exists at: ./input/random_graphs/graph_300_44850_UNIFORM_5529616217668449934.txt
Graph already exists at: ./input/random_graphs/graph_300_44850_UNIFORM_1024517563182776983.txt
Graph already exists at: ./input/random_graphs/graph_300_44850_UNIFORM_3224265581699847191.txt
Graph already exists at: ./input/random_graphs/graph_300_44850_UNIFORM_5258051056098597521.txt
Graph already exists at: ./input/random_graphs/graph_300_44850_UNIFORM_1647170069535670909.txt
Graph already exists at: ./input/random_graphs/graph_300_44850_UNIFORM_4122784633514911760.txt
Graph already exists at: ./input/random_graphs/graph_300_44850_UNIFORM_7706236040662210848.txt
Graph already exists at: ./input/random_graphs/graph_300_44850_UNIFORM_824387247617288499.txt
Graph already exists at: ./input/random_graphs/graph_300_44850_UNIFORM_1632192924771168275.txt
Graph already exists at: ./input/random_graphs/graph_300_44850_UNIFORM_7161906730445628483.txt
Graph already exists at: ./input/random_graphs/graph_300_44850_UNIFORM_6802378520969450157.txt
Graph already exists at: ./input/random_graphs/graph_300_44850_UNIFORM_4552998297316576788.txt
Graph already exists at: ./input/random_graphs/graph_300_44850_UNIFORM_8031431416522537101.txt
Graph already exists at: ./input/random_graphs/graph_300_44850_UNIFORM_6143643868734370809.txt
Graph already exists at: ./input/random_graphs/graph_300_44850_UNIFORM_3272308573967577038.txt
Graph already exists at: ./input/random_graphs/graph_300_44850_UNIFORM_5636411189175451024.txt
Graph already exists at: ./input/random_graphs/graph_300_44850_UNIFORM_5349491008325879064.txt
Graph already exists at: ./input/random_graphs/graph_300_44850_UNIFORM_6614505080519948832.txt
Graph already exists at: ./input/random_graphs/graph_300_44850_UNIFORM_7938560551762094560.txt
Graph already exists at: ./input/random_graphs/graph_300_44850_UNIFORM_7917045922527545890.txt
Graph already exists at: ./input/random_graphs/graph_300_44850_UNIFORM_4445925461710302877.txt
Graph already exists at: ./input/random_graphs/graph_300_44850_UNIFORM_3865339568260874865.txt
Graph already exists at: ./input/random_graphs/graph_300_44850_UNIFORM_7921282862123281598.txt
Graph already exists at: ./input/random_graphs/graph_300_44850_UNIFORM_6224222471595207695.txt
Graph already exists at: ./input/random_graphs/graph_300_44850_UNIFORM_1128313391724783137.txt
Graph already exists at: ./input/random_graphs/graph_300_44850_UNIFORM_716820155901718944.txt
Graph already exists at: ./input/random_graphs/graph_300_44850_UNIFORM_8718380604043999642.txt
Graph already exists at: ./input/random_graphs/graph_300_44850_UNIFORM_5063475852268941542.txt
Graph already exists at: ./input/random_graphs/graph_300_44850_UNIFORM_4997514996153925447.txt
Graph already exists at: ./input/random_graphs/graph_300_44850_UNIFORM_8446481348147407377.txt
Graph already exists at: ./input/random_graphs/graph_300_44850_UNIFORM_3817405844514670994.txt
Graph already exists at: ./input/random_graphs/graph_300_44850_UNIFORM_6529943913552561417.txt
Graph already exists at: ./input/random_graphs/graph_300_44850_UNIFORM_2909934787168262407.txt
Graph already exists at: ./input/random_graphs/graph_300_44850_UNIFORM_1170385908854608748.txt
Graph already exists at: ./input/random_graphs/graph_300_44850_UNIFORM_6022436717541034636.txt
Graph already exists at: ./input/random_graphs/graph_300_44850_UNIFORM_199422815561151340.txt
Graph already exists at: ./input/random_graphs/graph_300_44850_UNIFORM_3713827327871807734.txt
Graph already exists at: ./input/random_graphs/graph_300_44850_UNIFORM_175493991617213850.txt
Graph already exists at: ./input/random_graphs/graph_300_44850_UNIFORM_5108599054664628607.txt
Graph already exists at: ./input/random_graphs/graph_300_44850_UNIFORM_6764066939395682287.txt
Graph already exists at: ./input/random_graphs/graph_300_44850_UNIFORM_9130666990809746335.txt
Graph already exists at: ./input/random_graphs/graph_300_44850_UNIFORM_7644420139408884785.txt
Graph already exists at: ./input/random_graphs/graph_300_44850_UNIFORM_1458186392400727732.txt
Graph already exists at: ./input/random_graphs/graph_300_44850_UNIFORM_1392892770529522614.txt
Graph already exists at: ./input/random_graphs/graph_300_44850_UNIFORM_9060210648189963449.txt
Graph already exists at: ./input/random_graphs/graph_300_44850_UNIFORM_4250897495980125004.txt
Graph already exists at: ./input/random_graphs/graph_300_44850_UNIFORM_8794274795737982182.txt
Graph already exists at: ./input/random_graphs/graph_300_44850_UNIFORM_2089506265998900862.txt
Graph already exists at: ./input/random_graphs/graph_300_44850_UNIFORM_5497874167834979553.txt
Graph already exists at: ./input/random_graphs/graph_300_44850_UNIFORM_4060584409398689268.txt
Graph already exists at: ./input/random_graphs/graph_300_44850_UNIFORM_1332005502874566195.txt
Graph already exists at: ./input/random_graphs/graph_300_44850_UNIFORM_1722224698700348310.txt
Graph already exists at: ./input/random_graphs/graph_300_44850_UNIFORM_8626102704817790064.txt
Graph already exists at: ./input/random_graphs/graph_300_44850_UNIFORM_7905487461282246979.txt
Graph already exists at: ./input/random_graphs/graph_300_44850_UNIFORM_8448596294177070022.txt
Graph already exists at: ./input/random_graphs/graph_300_44850_UNIFORM_4795749165124911768.txt
Graph already exists at: ./input/random_graphs/graph_300_44850_UNIFORM_4934890601268679176.txt
Graph already exists at: ./input/random_graphs/graph_300_44850_UNIFORM_1992204328026194281.txt
Graph already exists at: ./input/random_graphs/graph_300_44850_UNIFORM_7118744415197196276.txt
Graph already exists at: ./input/random_graphs/graph_300_44850_UNIFORM_2718103348384927511.txt
Graph already exists at: ./input/random_graphs/graph_300_44850_UNIFORM_9059990922233379852.txt
Graph already exists at: ./input/random_graphs/graph_300_44850_UNIFORM_7449662661572224354.txt
Graph already exists at: ./input/random_graphs/graph_300_44850_UNIFORM_3221421291694197220.txt
Graph already exists at: ./input/random_graphs/graph_300_44850_UNIFORM_8867616339855336876.txt
Graph already exists at: ./input/random_graphs/graph_300_44850_UNIFORM_5894893360759659423.txt
Graph already exists at: ./input/random_graphs/graph_300_44850_UNIFORM_7983805977214098674.txt
Graph already exists at: ./input/random_graphs/graph_300_44850_UNIFORM_4940913311242578590.txt
Graph already exists at: ./input/random_graphs/graph_300_44850_UNIFORM_2264398621601381987.txt
Graph already exists at: ./input/random_graphs/graph_300_44850_UNIFORM_7632458674696225362.txt
Running kpath variant 2 with N=100, sparsity=4, k=2, seed=1729...
      Average Passes: 4.08,  Average Height: 100.0, Time/Memory: 0.52,4192
Running kpath variant N with N=100, sparsity=4, k=2, seed=1729...
      Average Passes: 3.12,  Average Height: 100.0, Time/Memory: 0.40,4188
Running kpath variant 0 with N=100, sparsity=4, k=5, seed=1729...
      Average Passes: 3.5,  Average Height: 100.0, Time/Memory: 0.44,4180
Running kpath variant 1 with N=100, sparsity=4, k=5, seed=1729...
      Average Passes: 2.86,  Average Height: 100.0, Time/Memory: 0.35,4160
Running kpath variant 2 with N=100, sparsity=4, k=5, seed=1729...
      Average Passes: 2.4,  Average Height: 100.0, Time/Memory: 0.30,4152
Running kpath variant N with N=100, sparsity=4, k=5, seed=1729...
      Average Passes: 2.0,  Average Height: 100.0, Time/Memory: 0.26,4152
Running kpath variant 0 with N=100, sparsity=4, k=10, seed=1729...
      Average Passes: 3.0,  Average Height: 100.0, Time/Memory: 0.38,4184
Running kpath variant 1 with N=100, sparsity=4, k=10, seed=1729...
      Average Passes: 1.99,  Average Height: 100.0, Time/Memory: 0.25,3128
Running kpath variant 2 with N=100, sparsity=4, k=10, seed=1729...
      Average Passes: 1.99,  Average Height: 100.0, Time/Memory: 0.26,3160
Running kpath variant N with N=100, sparsity=4, k=10, seed=1729...
      Average Passes: 1.99,  Average Height: 100.0, Time/Memory: 0.26,3152
Running klev variant 0 with N=100, sparsity=4, k=2, seed=1729...
      Average Passes: 3.0,  Average Height: 100.0, Time/Memory: 0.46,3108
Running klev variant 1 with N=100, sparsity=4, k=2, seed=1729...
      Average Passes: 2.0,  Average Height: 100.0, Time/Memory: 0.35,4160
Running klev variant 2 with N=100, sparsity=4, k=2, seed=1729...
      Average Passes: 2.0,  Average Height: 100.0, Time/Memory: 0.34,4188
Running klev variant N with N=100, sparsity=4, k=2, seed=1729...
      Average Passes: 1.28,  Average Height: 100.0, Time/Memory: 0.22,4160
Running klev variant 0 with N=100, sparsity=4, k=5, seed=1729...
      Average Passes: 3.0,  Average Height: 100.0, Time/Memory: 0.45,4140
Running klev variant 1 with N=100, sparsity=4, k=5, seed=1729...
      Average Passes: 2.0,  Average Height: 100.0, Time/Memory: 0.35,4148
Running klev variant 2 with N=100, sparsity=4, k=5, seed=1729...
      Average Passes: 2.0,  Average Height: 100.0, Time/Memory: 0.33,3140
Running klev variant N with N=100, sparsity=4, k=5, seed=1729...
      Average Passes: 1.0,  Average Height: 100.0, Time/Memory: 0.18,3124
Running klev variant 0 with N=100, sparsity=4, k=10, seed=1729...
      Average Passes: 3.0,  Average Height: 100.0, Time/Memory: 0.46,4144
Running klev variant 1 with N=100, sparsity=4, k=10, seed=1729...
      Average Passes: 2.0,  Average Height: 100.0, Time/Memory: 0.35,3160
Running klev variant 2 with N=100, sparsity=4, k=10, seed=1729...
      Average Passes: 2.0,  Average Height: 100.0, Time/Memory: 0.37,4176
Running klev variant N with N=100, sparsity=4, k=10, seed=1729...
      Average Passes: 1.0,  Average Height: 100.0, Time/Memory: 0.19,3136
Running kpath variant 0 with N=200, sparsity=4, k=2, seed=1729...
      Average Passes: 9.12,  Average Height: 200.0, Time/Memory: 4.74,4144
Running kpath variant 1 with N=200, sparsity=4, k=2, seed=1729...
      Average Passes: 9.1,  Average Height: 200.0, Time/Memory: 4.65,3172
Running kpath variant 2 with N=200, sparsity=4, k=2, seed=1729...
      Average Passes: 4.9,  Average Height: 200.0, Time/Memory: 2.46,4160
Running kpath variant N with N=200, sparsity=4, k=2, seed=1729...
      Average Passes: 3.46,  Average Height: 200.0, Time/Memory: 1.77,4144
Running kpath variant 0 with N=200, sparsity=4, k=5, seed=1729...
      Average Passes: 3.93,  Average Height: 200.0, Time/Memory: 1.96,3152
Running kpath variant 1 with N=200, sparsity=4, k=5, seed=1729...
      Average Passes: 3.01,  Average Height: 200.0, Time/Memory: 1.54,4160
Running kpath variant 2 with N=200, sparsity=4, k=5, seed=1729...
      Average Passes: 2.94,  Average Height: 200.0, Time/Memory: 1.48,3108
Running kpath variant N with N=200, sparsity=4, k=5, seed=1729...
      Average Passes: 2.0,  Average Height: 200.0, Time/Memory: 1.00,4148
Running kpath variant 0 with N=200, sparsity=4, k=10, seed=1729...
      Average Passes: 3.0,  Average Height: 200.0, Time/Memory: 1.48,4152
Running kpath variant 1 with N=200, sparsity=4, k=10, seed=1729...
      Average Passes: 2.02,  Average Height: 200.0, Time/Memory: 1.04,4152
Running kpath variant 2 with N=200, sparsity=4, k=10, seed=1729...
      Average Passes: 2.0,  Average Height: 200.0, Time/Memory: 1.03,4144
Running kpath variant N with N=200, sparsity=4, k=10, seed=1729...
      Average Passes: 2.0,  Average Height: 200.0, Time/Memory: 1.04,3124
Running klev variant 0 with N=200, sparsity=4, k=2, seed=1729...
      Average Passes: 3.01,  Average Height: 200.0, Time/Memory: 1.92,4140
Running klev variant 1 with N=200, sparsity=4, k=2, seed=1729...
      Average Passes: 2.0,  Average Height: 200.0, Time/Memory: 1.43,3144
Running klev variant 2 with N=200, sparsity=4, k=2, seed=1729...
      Average Passes: 2.0,  Average Height: 200.0, Time/Memory: 1.37,4144
Running klev variant N with N=200, sparsity=4, k=2, seed=1729...
      Average Passes: 1.53,  Average Height: 200.0, Time/Memory: 1.04,4164
Running klev variant 0 with N=200, sparsity=4, k=5, seed=1729...
      Average Passes: 3.01,  Average Height: 200.0, Time/Memory: 1.94,3188
Running klev variant 1 with N=200, sparsity=4, k=5, seed=1729...
      Average Passes: 2.0,  Average Height: 200.0, Time/Memory: 1.47,3132
Running klev variant 2 with N=200, sparsity=4, k=5, seed=1729...
      Average Passes: 2.0,  Average Height: 200.0, Time/Memory: 1.37,3124
Running klev variant N with N=200, sparsity=4, k=5, seed=1729...
      Average Passes: 1.0,  Average Height: 200.0, Time/Memory: 0.77,3188
Running klev variant 0 with N=200, sparsity=4, k=10, seed=1729...
      Average Passes: 3.01,  Average Height: 200.0, Time/Memory: 1.96,3104
Running klev variant 1 with N=200, sparsity=4, k=10, seed=1729...
      Average Passes: 2.0,  Average Height: 200.0, Time/Memory: 1.46,4144
Running klev variant 2 with N=200, sparsity=4, k=10, seed=1729...
      Average Passes: 2.0,  Average Height: 200.0, Time/Memory: 1.41,4164
Running klev variant N with N=200, sparsity=4, k=10, seed=1729...
      Average Passes: 1.0,  Average Height: 200.0, Time/Memory: 0.76,3144
Running kpath variant 0 with N=300, sparsity=4, k=2, seed=1729...
      Average Passes: 10.34,  Average Height: 300.0, Time/Memory: 11.48,3120
Running kpath variant 1 with N=300, sparsity=4, k=2, seed=1729...
      Average Passes: 10.24,  Average Height: 300.0, Time/Memory: 11.73,4172
Running kpath variant 2 with N=300, sparsity=4, k=2, seed=1729...
      Average Passes: 5.13,  Average Height: 300.0, Time/Memory: 5.96,4180
Running kpath variant N with N=300, sparsity=4, k=2, seed=1729...
      Average Passes: 3.9,  Average Height: 300.0, Time/Memory: 4.42,3136
Running kpath variant 0 with N=300, sparsity=4, k=5, seed=1729...
      Average Passes: 4.02,  Average Height: 300.0, Time/Memory: 4.46,3172
Running kpath variant 1 with N=300, sparsity=4, k=5, seed=1729...
      Average Passes: 3.28,  Average Height: 300.0, Time/Memory: 3.72,4160
Running kpath variant 2 with N=300, sparsity=4, k=5, seed=1729...
      Average Passes: 3.0,  Average Height: 300.0, Time/Memory: 3.40,4180
Running kpath variant N with N=300, sparsity=4, k=5, seed=1729...
      Average Passes: 2.09,  Average Height: 300.0, Time/Memory: 2.39,4164
Running kpath variant 0 with N=300, sparsity=4, k=10, seed=1729...
      Average Passes: 3.18,  Average Height: 300.0, Time/Memory: 3.59,4176
Running kpath variant 1 with N=300, sparsity=4, k=10, seed=1729...
      Average Passes: 2.34,  Average Height: 300.0, Time/Memory: 2.67,3120
Running kpath variant 2 with N=300, sparsity=4, k=10, seed=1729...
      Average Passes: 2.1,  Average Height: 300.0, Time/Memory: 2.43,3176
Running kpath variant N with N=300, sparsity=4, k=10, seed=1729...
      Average Passes: 2.0,  Average Height: 300.0, Time/Memory: 2.31,4184
Graph already exists at: ./input/random_graphs/graph_400_79800_UNIFORM_6230961512046992311.txt
Graph already exists at: ./input/random_graphs/graph_400_79800_UNIFORM_7871178979383552919.txt
Graph already exists at: ./input/random_graphs/graph_400_79800_UNIFORM_5739955973604961613.txt
Graph already exists at: ./input/random_graphs/graph_400_79800_UNIFORM_3881801951614183357.txt
Graph already exists at: ./input/random_graphs/graph_400_79800_UNIFORM_7032710160631691991.txt
Graph already exists at: ./input/random_graphs/graph_400_79800_UNIFORM_7599700178212337699.txt
Graph already exists at: ./input/random_graphs/graph_400_79800_UNIFORM_1353182403971399009.txt
Graph already exists at: ./input/random_graphs/graph_400_79800_UNIFORM_1070244953599069350.txt
Graph already exists at: ./input/random_graphs/graph_400_79800_UNIFORM_6522163754831416203.txt
Graph already exists at: ./input/random_graphs/graph_400_79800_UNIFORM_6938562734920028532.txt
Graph already exists at: ./input/random_graphs/graph_400_79800_UNIFORM_4040737767143389431.txt
Graph already exists at: ./input/random_graphs/graph_400_79800_UNIFORM_1250005700364523649.txt
Graph already exists at: ./input/random_graphs/graph_400_79800_UNIFORM_1309542850049879452.txt
Graph already exists at: ./input/random_graphs/graph_400_79800_UNIFORM_2429002973740178792.txt
Graph already exists at: ./input/random_graphs/graph_400_79800_UNIFORM_7663871783842725848.txt
Graph already exists at: ./input/random_graphs/graph_400_79800_UNIFORM_320375091487821987.txt
Graph already exists at: ./input/random_graphs/graph_400_79800_UNIFORM_5906957480796939447.txt
Graph already exists at: ./input/random_graphs/graph_400_79800_UNIFORM_1250773459040295677.txt
Graph already exists at: ./input/random_graphs/graph_400_79800_UNIFORM_7146860528564146064.txt
Graph already exists at: ./input/random_graphs/graph_400_79800_UNIFORM_3438400432146115956.txt
Graph already exists at: ./input/random_graphs/graph_400_79800_UNIFORM_7473196763798409428.txt
Graph already exists at: ./input/random_graphs/graph_400_79800_UNIFORM_5139481885857321791.txt
Graph already exists at: ./input/random_graphs/graph_400_79800_UNIFORM_5142811650494845597.txt
Graph already exists at: ./input/random_graphs/graph_400_79800_UNIFORM_3010622984418968408.txt
Graph already exists at: ./input/random_graphs/graph_400_79800_UNIFORM_6002685213311538187.txt
Graph already exists at: ./input/random_graphs/graph_400_79800_UNIFORM_5708372698381010775.txt
Graph already exists at: ./input/random_graphs/graph_400_79800_UNIFORM_521787134863155063.txt
Graph already exists at: ./input/random_graphs/graph_400_79800_UNIFORM_1731523882129807996.txt
Graph already exists at: ./input/random_graphs/graph_400_79800_UNIFORM_1853590723603270879.txt
Graph already exists at: ./input/random_graphs/graph_400_79800_UNIFORM_7029781962072644698.txt
Graph already exists at: ./input/random_graphs/graph_400_79800_UNIFORM_6785030173969523435.txt
Graph already exists at: ./input/random_graphs/graph_400_79800_UNIFORM_5529616217668449934.txt
Graph already exists at: ./input/random_graphs/graph_400_79800_UNIFORM_1024517563182776983.txt
Graph already exists at: ./input/random_graphs/graph_400_79800_UNIFORM_3224265581699847191.txt
Graph already exists at: ./input/random_graphs/graph_400_79800_UNIFORM_5258051056098597521.txt
Graph already exists at: ./input/random_graphs/graph_400_79800_UNIFORM_1647170069535670909.txt
Graph already exists at: ./input/random_graphs/graph_400_79800_UNIFORM_4122784633514911760.txt
Graph already exists at: ./input/random_graphs/graph_400_79800_UNIFORM_7706236040662210848.txt
Graph already exists at: ./input/random_graphs/graph_400_79800_UNIFORM_824387247617288499.txt
Graph already exists at: ./input/random_graphs/graph_400_79800_UNIFORM_1632192924771168275.txt
Graph already exists at: ./input/random_graphs/graph_400_79800_UNIFORM_7161906730445628483.txt
Graph already exists at: ./input/random_graphs/graph_400_79800_UNIFORM_6802378520969450157.txt
Graph already exists at: ./input/random_graphs/graph_400_79800_UNIFORM_4552998297316576788.txt
Graph already exists at: ./input/random_graphs/graph_400_79800_UNIFORM_8031431416522537101.txt
Graph already exists at: ./input/random_graphs/graph_400_79800_UNIFORM_6143643868734370809.txt
Graph already exists at: ./input/random_graphs/graph_400_79800_UNIFORM_3272308573967577038.txt
Graph already exists at: ./input/random_graphs/graph_400_79800_UNIFORM_5636411189175451024.txt
Graph already exists at: ./input/random_graphs/graph_400_79800_UNIFORM_5349491008325879064.txt
Graph already exists at: ./input/random_graphs/graph_400_79800_UNIFORM_6614505080519948832.txt
Graph already exists at: ./input/random_graphs/graph_400_79800_UNIFORM_7938560551762094560.txt
Graph already exists at: ./input/random_graphs/graph_400_79800_UNIFORM_7917045922527545890.txt
Graph already exists at: ./input/random_graphs/graph_400_79800_UNIFORM_4445925461710302877.txt
Graph already exists at: ./input/random_graphs/graph_400_79800_UNIFORM_3865339568260874865.txt
Graph already exists at: ./input/random_graphs/graph_400_79800_UNIFORM_7921282862123281598.txt
Graph already exists at: ./input/random_graphs/graph_400_79800_UNIFORM_6224222471595207695.txt
Graph already exists at: ./input/random_graphs/graph_400_79800_UNIFORM_1128313391724783137.txt
Graph already exists at: ./input/random_graphs/graph_400_79800_UNIFORM_716820155901718944.txt
Graph already exists at: ./input/random_graphs/graph_400_79800_UNIFORM_8718380604043999642.txt
Graph already exists at: ./input/random_graphs/graph_400_79800_UNIFORM_5063475852268941542.txt
Graph already exists at: ./input/random_graphs/graph_400_79800_UNIFORM_4997514996153925447.txt
Graph already exists at: ./input/random_graphs/graph_400_79800_UNIFORM_8446481348147407377.txt
Graph already exists at: ./input/random_graphs/graph_400_79800_UNIFORM_3817405844514670994.txt
Graph already exists at: ./input/random_graphs/graph_400_79800_UNIFORM_6529943913552561417.txt
Graph already exists at: ./input/random_graphs/graph_400_79800_UNIFORM_2909934787168262407.txt
Graph already exists at: ./input/random_graphs/graph_400_79800_UNIFORM_1170385908854608748.txt
Graph already exists at: ./input/random_graphs/graph_400_79800_UNIFORM_6022436717541034636.txt
Graph already exists at: ./input/random_graphs/graph_400_79800_UNIFORM_199422815561151340.txt
Graph already exists at: ./input/random_graphs/graph_400_79800_UNIFORM_3713827327871807734.txt
Graph already exists at: ./input/random_graphs/graph_400_79800_UNIFORM_175493991617213850.txt
Graph already exists at: ./input/random_graphs/graph_400_79800_UNIFORM_5108599054664628607.txt
Graph already exists at: ./input/random_graphs/graph_400_79800_UNIFORM_6764066939395682287.txt
Graph already exists at: ./input/random_graphs/graph_400_79800_UNIFORM_9130666990809746335.txt
Graph already exists at: ./input/random_graphs/graph_400_79800_UNIFORM_7644420139408884785.txt
Graph already exists at: ./input/random_graphs/graph_400_79800_UNIFORM_1458186392400727732.txt
Graph already exists at: ./input/random_graphs/graph_400_79800_UNIFORM_1392892770529522614.txt
Graph already exists at: ./input/random_graphs/graph_400_79800_UNIFORM_9060210648189963449.txt
Graph already exists at: ./input/random_graphs/graph_400_79800_UNIFORM_4250897495980125004.txt
Graph already exists at: ./input/random_graphs/graph_400_79800_UNIFORM_8794274795737982182.txt
Graph already exists at: ./input/random_graphs/graph_400_79800_UNIFORM_2089506265998900862.txt
Graph already exists at: ./input/random_graphs/graph_400_79800_UNIFORM_5497874167834979553.txt
Graph already exists at: ./input/random_graphs/graph_400_79800_UNIFORM_4060584409398689268.txt
Graph already exists at: ./input/random_graphs/graph_400_79800_UNIFORM_1332005502874566195.txt
Graph already exists at: ./input/random_graphs/graph_400_79800_UNIFORM_1722224698700348310.txt
Graph already exists at: ./input/random_graphs/graph_400_79800_UNIFORM_8626102704817790064.txt
Graph already exists at: ./input/random_graphs/graph_400_79800_UNIFORM_7905487461282246979.txt
Graph already exists at: ./input/random_graphs/graph_400_79800_UNIFORM_8448596294177070022.txt
Graph already exists at: ./input/random_graphs/graph_400_79800_UNIFORM_4795749165124911768.txt
Graph already exists at: ./input/random_graphs/graph_400_79800_UNIFORM_4934890601268679176.txt
Graph already exists at: ./input/random_graphs/graph_400_79800_UNIFORM_1992204328026194281.txt
Graph already exists at: ./input/random_graphs/graph_400_79800_UNIFORM_7118744415197196276.txt
Graph already exists at: ./input/random_graphs/graph_400_79800_UNIFORM_2718103348384927511.txt
Graph already exists at: ./input/random_graphs/graph_400_79800_UNIFORM_9059990922233379852.txt
Graph already exists at: ./input/random_graphs/graph_400_79800_UNIFORM_7449662661572224354.txt
Graph already exists at: ./input/random_graphs/graph_400_79800_UNIFORM_3221421291694197220.txt
Graph already exists at: ./input/random_graphs/graph_400_79800_UNIFORM_8867616339855336876.txt
Graph already exists at: ./input/random_graphs/graph_400_79800_UNIFORM_5894893360759659423.txt
Graph already exists at: ./input/random_graphs/graph_400_79800_UNIFORM_7983805977214098674.txt
Graph already exists at: ./input/random_graphs/graph_400_79800_UNIFORM_4940913311242578590.txt
Graph already exists at: ./input/random_graphs/graph_400_79800_UNIFORM_2264398621601381987.txt
Graph already exists at: ./input/random_graphs/graph_400_79800_UNIFORM_7632458674696225362.txt
Graph already exists at: ./input/random_graphs/graph_500_124750_UNIFORM_6230961512046992311.txt
Graph already exists at: ./input/random_graphs/graph_500_124750_UNIFORM_7871178979383552919.txt
Graph already exists at: ./input/random_graphs/graph_500_124750_UNIFORM_5739955973604961613.txt
Graph already exists at: ./input/random_graphs/graph_500_124750_UNIFORM_3881801951614183357.txt
Graph already exists at: ./input/random_graphs/graph_500_124750_UNIFORM_7032710160631691991.txt
Graph already exists at: ./input/random_graphs/graph_500_124750_UNIFORM_7599700178212337699.txt
Graph already exists at: ./input/random_graphs/graph_500_124750_UNIFORM_1353182403971399009.txt
Graph already exists at: ./input/random_graphs/graph_500_124750_UNIFORM_1070244953599069350.txt
Graph already exists at: ./input/random_graphs/graph_500_124750_UNIFORM_6522163754831416203.txt
Graph already exists at: ./input/random_graphs/graph_500_124750_UNIFORM_6938562734920028532.txt
Graph already exists at: ./input/random_graphs/graph_500_124750_UNIFORM_4040737767143389431.txt
Graph already exists at: ./input/random_graphs/graph_500_124750_UNIFORM_1250005700364523649.txt
Graph already exists at: ./input/random_graphs/graph_500_124750_UNIFORM_1309542850049879452.txt
Graph already exists at: ./input/random_graphs/graph_500_124750_UNIFORM_2429002973740178792.txt
Graph already exists at: ./input/random_graphs/graph_500_124750_UNIFORM_7663871783842725848.txt
Graph already exists at: ./input/random_graphs/graph_500_124750_UNIFORM_320375091487821987.txt
Graph already exists at: ./input/random_graphs/graph_500_124750_UNIFORM_5906957480796939447.txt
Graph already exists at: ./input/random_graphs/graph_500_124750_UNIFORM_1250773459040295677.txt
Graph already exists at: ./input/random_graphs/graph_500_124750_UNIFORM_7146860528564146064.txt
Graph already exists at: ./input/random_graphs/graph_500_124750_UNIFORM_3438400432146115956.txt
Graph already exists at: ./input/random_graphs/graph_500_124750_UNIFORM_7473196763798409428.txt
Graph already exists at: ./input/random_graphs/graph_500_124750_UNIFORM_5139481885857321791.txt
Graph already exists at: ./input/random_graphs/graph_500_124750_UNIFORM_5142811650494845597.txt
Graph already exists at: ./input/random_graphs/graph_500_124750_UNIFORM_3010622984418968408.txt
Graph already exists at: ./input/random_graphs/graph_500_124750_UNIFORM_6002685213311538187.txt
Graph already exists at: ./input/random_graphs/graph_500_124750_UNIFORM_5708372698381010775.txt
Graph already exists at: ./input/random_graphs/graph_500_124750_UNIFORM_521787134863155063.txt
Graph already exists at: ./input/random_graphs/graph_500_124750_UNIFORM_1731523882129807996.txt
Graph already exists at: ./input/random_graphs/graph_500_124750_UNIFORM_1853590723603270879.txt
Graph already exists at: ./input/random_graphs/graph_500_124750_UNIFORM_7029781962072644698.txt
Graph already exists at: ./input/random_graphs/graph_500_124750_UNIFORM_6785030173969523435.txt
Graph already exists at: ./input/random_graphs/graph_500_124750_UNIFORM_5529616217668449934.txt
Graph already exists at: ./input/random_graphs/graph_500_124750_UNIFORM_1024517563182776983.txt
Graph already exists at: ./input/random_graphs/graph_500_124750_UNIFORM_3224265581699847191.txt
Graph already exists at: ./input/random_graphs/graph_500_124750_UNIFORM_5258051056098597521.txt
Graph already exists at: ./input/random_graphs/graph_500_124750_UNIFORM_1647170069535670909.txt
Graph already exists at: ./input/random_graphs/graph_500_124750_UNIFORM_4122784633514911760.txt
Graph already exists at: ./input/random_graphs/graph_500_124750_UNIFORM_7706236040662210848.txt
Graph already exists at: ./input/random_graphs/graph_500_124750_UNIFORM_824387247617288499.txt
Graph already exists at: ./input/random_graphs/graph_500_124750_UNIFORM_1632192924771168275.txt
Graph already exists at: ./input/random_graphs/graph_500_124750_UNIFORM_7161906730445628483.txt
Graph already exists at: ./input/random_graphs/graph_500_124750_UNIFORM_6802378520969450157.txt
Graph already exists at: ./input/random_graphs/graph_500_124750_UNIFORM_4552998297316576788.txt
Graph already exists at: ./input/random_graphs/graph_500_124750_UNIFORM_8031431416522537101.txt
Graph already exists at: ./input/random_graphs/graph_500_124750_UNIFORM_6143643868734370809.txt
Graph already exists at: ./input/random_graphs/graph_500_124750_UNIFORM_3272308573967577038.txt
Graph already exists at: ./input/random_graphs/graph_500_124750_UNIFORM_5636411189175451024.txt
Graph already exists at: ./input/random_graphs/graph_500_124750_UNIFORM_5349491008325879064.txt
Graph already exists at: ./input/random_graphs/graph_500_124750_UNIFORM_6614505080519948832.txt
Graph already exists at: ./input/random_graphs/graph_500_124750_UNIFORM_7938560551762094560.txt
Graph already exists at: ./input/random_graphs/graph_500_124750_UNIFORM_7917045922527545890.txt
Graph already exists at: ./input/random_graphs/graph_500_124750_UNIFORM_4445925461710302877.txt
Graph already exists at: ./input/random_graphs/graph_500_124750_UNIFORM_3865339568260874865.txt
Graph already exists at: ./input/random_graphs/graph_500_124750_UNIFORM_7921282862123281598.txt
Graph already exists at: ./input/random_graphs/graph_500_124750_UNIFORM_6224222471595207695.txt
Graph already exists at: ./input/random_graphs/graph_500_124750_UNIFORM_1128313391724783137.txt
Graph already exists at: ./input/random_graphs/graph_500_124750_UNIFORM_716820155901718944.txt
Graph already exists at: ./input/random_graphs/graph_500_124750_UNIFORM_8718380604043999642.txt
Graph already exists at: ./input/random_graphs/graph_500_124750_UNIFORM_5063475852268941542.txt
Graph already exists at: ./input/random_graphs/graph_500_124750_UNIFORM_4997514996153925447.txt
Graph already exists at: ./input/random_graphs/graph_500_124750_UNIFORM_8446481348147407377.txt
Graph already exists at: ./input/random_graphs/graph_500_124750_UNIFORM_3817405844514670994.txt
Graph already exists at: ./input/random_graphs/graph_500_124750_UNIFORM_6529943913552561417.txt
Graph already exists at: ./input/random_graphs/graph_500_124750_UNIFORM_2909934787168262407.txt
Graph already exists at: ./input/random_graphs/graph_500_124750_UNIFORM_1170385908854608748.txt
Graph already exists at: ./input/random_graphs/graph_500_124750_UNIFORM_6022436717541034636.txt
Graph already exists at: ./input/random_graphs/graph_500_124750_UNIFORM_199422815561151340.txt
Graph already exists at: ./input/random_graphs/graph_500_124750_UNIFORM_3713827327871807734.txt
Graph already exists at: ./input/random_graphs/graph_500_124750_UNIFORM_175493991617213850.txt
Graph already exists at: ./input/random_graphs/graph_500_124750_UNIFORM_5108599054664628607.txt
Graph already exists at: ./input/random_graphs/graph_500_124750_UNIFORM_6764066939395682287.txt
Graph already exists at: ./input/random_graphs/graph_500_124750_UNIFORM_9130666990809746335.txt
Graph already exists at: ./input/random_graphs/graph_500_124750_UNIFORM_7644420139408884785.txt
Graph already exists at: ./input/random_graphs/graph_500_124750_UNIFORM_1458186392400727732.txt
Graph already exists at: ./input/random_graphs/graph_500_124750_UNIFORM_1392892770529522614.txt
Graph already exists at: ./input/random_graphs/graph_500_124750_UNIFORM_9060210648189963449.txt
Graph already exists at: ./input/random_graphs/graph_500_124750_UNIFORM_4250897495980125004.txt
Graph already exists at: ./input/random_graphs/graph_500_124750_UNIFORM_8794274795737982182.txt
Graph already exists at: ./input/random_graphs/graph_500_124750_UNIFORM_2089506265998900862.txt
Graph already exists at: ./input/random_graphs/graph_500_124750_UNIFORM_5497874167834979553.txt
Graph already exists at: ./input/random_graphs/graph_500_124750_UNIFORM_4060584409398689268.txt
Graph already exists at: ./input/random_graphs/graph_500_124750_UNIFORM_1332005502874566195.txt
Graph already exists at: ./input/random_graphs/graph_500_124750_UNIFORM_1722224698700348310.txt
Graph already exists at: ./input/random_graphs/graph_500_124750_UNIFORM_8626102704817790064.txt
Graph already exists at: ./input/random_graphs/graph_500_124750_UNIFORM_7905487461282246979.txt
Graph already exists at: ./input/random_graphs/graph_500_124750_UNIFORM_8448596294177070022.txt
Graph already exists at: ./input/random_graphs/graph_500_124750_UNIFORM_4795749165124911768.txt
Graph already exists at: ./input/random_graphs/graph_500_124750_UNIFORM_4934890601268679176.txt
Graph already exists at: ./input/random_graphs/graph_500_124750_UNIFORM_1992204328026194281.txt
Graph already exists at: ./input/random_graphs/graph_500_124750_UNIFORM_7118744415197196276.txt
Graph already exists at: ./input/random_graphs/graph_500_124750_UNIFORM_2718103348384927511.txt
Graph already exists at: ./input/random_graphs/graph_500_124750_UNIFORM_9059990922233379852.txt
Graph already exists at: ./input/random_graphs/graph_500_124750_UNIFORM_7449662661572224354.txt
Graph already exists at: ./input/random_graphs/graph_500_124750_UNIFORM_3221421291694197220.txt
Graph already exists at: ./input/random_graphs/graph_500_124750_UNIFORM_8867616339855336876.txt
Graph already exists at: ./input/random_graphs/graph_500_124750_UNIFORM_5894893360759659423.txt
Graph already exists at: ./input/random_graphs/graph_500_124750_UNIFORM_7983805977214098674.txt
Graph already exists at: ./input/random_graphs/graph_500_124750_UNIFORM_4940913311242578590.txt
Graph already exists at: ./input/random_graphs/graph_500_124750_UNIFORM_2264398621601381987.txt
Graph already exists at: ./input/random_graphs/graph_500_124750_UNIFORM_7632458674696225362.txt
Running klev variant 0 with N=300, sparsity=4, k=2, seed=1729...
      Average Passes: 3.0,  Average Height: 300.0, Time/Memory: 4.47,3160
Running klev variant 1 with N=300, sparsity=4, k=2, seed=1729...
      Average Passes: 2.0,  Average Height: 300.0, Time/Memory: 3.34,4164
Running klev variant 2 with N=300, sparsity=4, k=2, seed=1729...
      Average Passes: 2.0,  Average Height: 300.0, Time/Memory: 3.13,4168
Running klev variant N with N=300, sparsity=4, k=2, seed=1729...
      Average Passes: 1.78,  Average Height: 300.0, Time/Memory: 2.67,3108
Running klev variant 0 with N=300, sparsity=4, k=5, seed=1729...
      Average Passes: 3.0,  Average Height: 300.0, Time/Memory: 4.44,4144
Running klev variant 1 with N=300, sparsity=4, k=5, seed=1729...
      Average Passes: 2.0,  Average Height: 300.0, Time/Memory: 3.36,3180
Running klev variant 2 with N=300, sparsity=4, k=5, seed=1729...
      Average Passes: 2.0,  Average Height: 300.0, Time/Memory: 3.01,4180
Running klev variant N with N=300, sparsity=4, k=5, seed=1729...
      Average Passes: 1.01,  Average Height: 300.0, Time/Memory: 1.74,4172
Running klev variant 0 with N=300, sparsity=4, k=10, seed=1729...
      Average Passes: 3.0,  Average Height: 300.0, Time/Memory: 4.53,4176
Running klev variant 1 with N=300, sparsity=4, k=10, seed=1729...
      Average Passes: 2.0,  Average Height: 300.0, Time/Memory: 3.38,4200
Running klev variant 2 with N=300, sparsity=4, k=10, seed=1729...
      Average Passes: 2.0,  Average Height: 300.0, Time/Memory: 3.11,3148
Running klev variant N with N=300, sparsity=4, k=10, seed=1729...
      Average Passes: 1.0,  Average Height: 300.0, Time/Memory: 1.73,3188
Running kpath variant 0 with N=400, sparsity=4, k=2, seed=1729...
      Average Passes: 11.1,  Average Height: 400.0, Time/Memory: 21.94,3132
Running kpath variant 1 with N=400, sparsity=4, k=2, seed=1729...
      Average Passes: 11.05,  Average Height: 400.0, Time/Memory: 21.87,4180
Running kpath variant 2 with N=400, sparsity=4, k=2, seed=1729...
      Average Passes: 5.56,  Average Height: 400.0, Time/Memory: 11.15,3108
Running kpath variant N with N=400, sparsity=4, k=2, seed=1729...
      Average Passes: 3.99,  Average Height: 400.0, Time/Memory: 7.98,3152
Running kpath variant 0 with N=400, sparsity=4, k=5, seed=1729...
      Average Passes: 4.17,  Average Height: 400.0, Time/Memory: 8.13,3132
Running kpath variant 1 with N=400, sparsity=4, k=5, seed=1729...
      Average Passes: 3.56,  Average Height: 400.0, Time/Memory: 7.09,4172
Running kpath variant 2 with N=400, sparsity=4, k=5, seed=1729...
      Average Passes: 3.0,  Average Height: 400.0, Time/Memory: 6.11,4128
Running kpath variant N with N=400, sparsity=4, k=5, seed=1729...
      Average Passes: 2.37,  Average Height: 400.0, Time/Memory: 4.78,3184
Running kpath variant 0 with N=400, sparsity=4, k=10, seed=1729...
      Average Passes: 3.51,  Average Height: 400.0, Time/Memory: 6.97,4180
Running kpath variant 1 with N=400, sparsity=4, k=10, seed=1729...
      Average Passes: 2.7,  Average Height: 400.0, Time/Memory: 5.49,4144
Running kpath variant 2 with N=400, sparsity=4, k=10, seed=1729...
      Average Passes: 2.41,  Average Height: 400.0, Time/Memory: 4.96,4180
Running kpath variant N with N=400, sparsity=4, k=10, seed=1729...
      Average Passes: 2.0,  Average Height: 400.0, Time/Memory: 4.19,3108
Running klev variant 0 with N=400, sparsity=4, k=2, seed=1729...
      Average Passes: 3.0,  Average Height: 400.0, Time/Memory: 7.88,3164
Running klev variant 1 with N=400, sparsity=4, k=2, seed=1729...
      Average Passes: 2.0,  Average Height: 400.0, Time/Memory: 5.99,3128
Running klev variant 2 with N=400, sparsity=4, k=2, seed=1729...
      Average Passes: 2.0,  Average Height: 400.0, Time/Memory: 5.57,4184
Running klev variant N with N=400, sparsity=4, k=2, seed=1729...
      Average Passes: 1.83,  Average Height: 400.0, Time/Memory: 4.95,4188
Running klev variant 0 with N=400, sparsity=4, k=5, seed=1729...
      Average Passes: 3.0,  Average Height: 400.0, Time/Memory: 8.04,3188
Running klev variant 1 with N=400, sparsity=4, k=5, seed=1729...
      Average Passes: 2.0,  Average Height: 400.0, Time/Memory: 6.02,4188
Running klev variant 2 with N=400, sparsity=4, k=5, seed=1729...
      Average Passes: 2.0,  Average Height: 400.0, Time/Memory: 5.48,3152
Running klev variant N with N=400, sparsity=4, k=5, seed=1729...
      Average Passes: 1.0,  Average Height: 400.0, Time/Memory: 3.10,3108
Running klev variant 0 with N=400, sparsity=4, k=10, seed=1729...
      Average Passes: 3.01,  Average Height: 400.0, Time/Memory: 8.00,4136
Running klev variant 1 with N=400, sparsity=4, k=10, seed=1729...
      Average Passes: 2.0,  Average Height: 400.0, Time/Memory: 6.07,4172
Running klev variant 2 with N=400, sparsity=4, k=10, seed=1729...
      Average Passes: 2.0,  Average Height: 400.0, Time/Memory: 5.59,4176
Running klev variant N with N=400, sparsity=4, k=10, seed=1729...
      Average Passes: 1.0,  Average Height: 400.0, Time/Memory: 3.16,4144
Running kpath variant 0 with N=500, sparsity=4, k=2, seed=1729...
      Average Passes: 11.84,  Average Height: 500.0, Time/Memory: 35.81,3104
Running kpath variant 1 with N=500, sparsity=4, k=2, seed=1729...
      Average Passes: 11.75,  Average Height: 500.0, Time/Memory: 35.78,4144
Running kpath variant 2 with N=500, sparsity=4, k=2, seed=1729...
      Average Passes: 5.77,  Average Height: 500.0, Time/Memory: 17.98,4144
Running kpath variant N with N=500, sparsity=4, k=2, seed=1729...
      Average Passes: 3.99,  Average Height: 500.0, Time/Memory: 12.64,4188
Running kpath variant 0 with N=500, sparsity=4, k=5, seed=1729...
      Average Passes: 4.44,  Average Height: 500.0, Time/Memory: 14.22,3108
Running kpath variant 1 with N=500, sparsity=4, k=5, seed=1729...
      Average Passes: 3.8,  Average Height: 500.0, Time/Memory: 12.09,4172
Running kpath variant 2 with N=500, sparsity=4, k=5, seed=1729...
      Average Passes: 3.05,  Average Height: 500.0, Time/Memory: 9.62,3124
Running kpath variant N with N=500, sparsity=4, k=5, seed=1729...
      Average Passes: 2.51,  Average Height: 500.0, Time/Memory: 8.08,4180
Running kpath variant 0 with N=500, sparsity=4, k=10, seed=1729...
      Average Passes: 3.65,  Average Height: 500.0, Time/Memory: 11.51,3136
Running kpath variant 1 with N=500, sparsity=4, k=10, seed=1729...
      Average Passes: 2.78,  Average Height: 500.0, Time/Memory: 8.68,3160
Running kpath variant 2 with N=500, sparsity=4, k=10, seed=1729...
      Average Passes: 2.7,  Average Height: 500.0, Time/Memory: 8.33,3144
Running kpath variant N with N=500, sparsity=4, k=10, seed=1729...
      Average Passes: 2.0,  Average Height: 500.0, Time/Memory: 6.30,4172
Running klev variant 0 with N=500, sparsity=4, k=2, seed=1729...
      Average Passes: 3.0,  Average Height: 500.0, Time/Memory: 12.43,3156
Running klev variant 1 with N=500, sparsity=4, k=2, seed=1729...
      Average Passes: 2.0,  Average Height: 500.0, Time/Memory: 9.38,3108
Running klev variant 2 with N=500, sparsity=4, k=2, seed=1729...
      Average Passes: 2.0,  Average Height: 500.0, Time/Memory: 8.60,3108
Running klev variant N with N=500, sparsity=4, k=2, seed=1729...
      Average Passes: 1.91,  Average Height: 500.0, Time/Memory: 8.03,3144
Running klev variant 0 with N=500, sparsity=4, k=5, seed=1729...
      Average Passes: 3.0,  Average Height: 500.0, Time/Memory: 12.70,4144
Running klev variant 1 with N=500, sparsity=4, k=5, seed=1729...
      Average Passes: 2.0,  Average Height: 500.0, Time/Memory: 9.49,4152
Running klev variant 2 with N=500, sparsity=4, k=5, seed=1729...
      Average Passes: 2.0,  Average Height: 500.0, Time/Memory: 8.46,3108
Running klev variant N with N=500, sparsity=4, k=5, seed=1729...
      Average Passes: 1.0,  Average Height: 500.0, Time/Memory: 4.91,4180
Running klev variant 0 with N=500, sparsity=4, k=10, seed=1729...
      Average Passes: 3.0,  Average Height: 500.0, Time/Memory: 12.70,4188
Running klev variant 1 with N=500, sparsity=4, k=10, seed=1729...
      Average Passes: 2.0,  Average Height: 500.0, Time/Memory: 9.57,3124
Graph already exists at: ./input/random_graphs/graph_600_179700_UNIFORM_6230961512046992311.txt
Graph already exists at: ./input/random_graphs/graph_600_179700_UNIFORM_7871178979383552919.txt
Graph already exists at: ./input/random_graphs/graph_600_179700_UNIFORM_5739955973604961613.txt
Graph already exists at: ./input/random_graphs/graph_600_179700_UNIFORM_3881801951614183357.txt
Graph already exists at: ./input/random_graphs/graph_600_179700_UNIFORM_7032710160631691991.txt
Graph already exists at: ./input/random_graphs/graph_600_179700_UNIFORM_7599700178212337699.txt
Graph already exists at: ./input/random_graphs/graph_600_179700_UNIFORM_1353182403971399009.txt
Graph already exists at: ./input/random_graphs/graph_600_179700_UNIFORM_1070244953599069350.txt
Graph already exists at: ./input/random_graphs/graph_600_179700_UNIFORM_6522163754831416203.txt
Graph already exists at: ./input/random_graphs/graph_600_179700_UNIFORM_6938562734920028532.txt
Graph already exists at: ./input/random_graphs/graph_600_179700_UNIFORM_4040737767143389431.txt
Graph already exists at: ./input/random_graphs/graph_600_179700_UNIFORM_1250005700364523649.txt
Graph already exists at: ./input/random_graphs/graph_600_179700_UNIFORM_1309542850049879452.txt
Graph already exists at: ./input/random_graphs/graph_600_179700_UNIFORM_2429002973740178792.txt
Graph already exists at: ./input/random_graphs/graph_600_179700_UNIFORM_7663871783842725848.txt
Graph already exists at: ./input/random_graphs/graph_600_179700_UNIFORM_320375091487821987.txt
Graph already exists at: ./input/random_graphs/graph_600_179700_UNIFORM_5906957480796939447.txt
Graph already exists at: ./input/random_graphs/graph_600_179700_UNIFORM_1250773459040295677.txt
Graph already exists at: ./input/random_graphs/graph_600_179700_UNIFORM_7146860528564146064.txt
Graph already exists at: ./input/random_graphs/graph_600_179700_UNIFORM_3438400432146115956.txt
Graph already exists at: ./input/random_graphs/graph_600_179700_UNIFORM_7473196763798409428.txt
Graph already exists at: ./input/random_graphs/graph_600_179700_UNIFORM_5139481885857321791.txt
Graph already exists at: ./input/random_graphs/graph_600_179700_UNIFORM_5142811650494845597.txt
Graph already exists at: ./input/random_graphs/graph_600_179700_UNIFORM_3010622984418968408.txt
Graph already exists at: ./input/random_graphs/graph_600_179700_UNIFORM_6002685213311538187.txt
Graph already exists at: ./input/random_graphs/graph_600_179700_UNIFORM_5708372698381010775.txt
Graph already exists at: ./input/random_graphs/graph_600_179700_UNIFORM_521787134863155063.txt
Graph already exists at: ./input/random_graphs/graph_600_179700_UNIFORM_1731523882129807996.txt
Graph already exists at: ./input/random_graphs/graph_600_179700_UNIFORM_1853590723603270879.txt
Graph already exists at: ./input/random_graphs/graph_600_179700_UNIFORM_7029781962072644698.txt
Graph already exists at: ./input/random_graphs/graph_600_179700_UNIFORM_6785030173969523435.txt
Graph already exists at: ./input/random_graphs/graph_600_179700_UNIFORM_5529616217668449934.txt
Graph already exists at: ./input/random_graphs/graph_600_179700_UNIFORM_1024517563182776983.txt
Graph already exists at: ./input/random_graphs/graph_600_179700_UNIFORM_3224265581699847191.txt
Graph already exists at: ./input/random_graphs/graph_600_179700_UNIFORM_5258051056098597521.txt
Graph already exists at: ./input/random_graphs/graph_600_179700_UNIFORM_1647170069535670909.txt
Graph already exists at: ./input/random_graphs/graph_600_179700_UNIFORM_4122784633514911760.txt
Graph already exists at: ./input/random_graphs/graph_600_179700_UNIFORM_7706236040662210848.txt
Graph already exists at: ./input/random_graphs/graph_600_179700_UNIFORM_824387247617288499.txt
Graph already exists at: ./input/random_graphs/graph_600_179700_UNIFORM_1632192924771168275.txt
Graph already exists at: ./input/random_graphs/graph_600_179700_UNIFORM_7161906730445628483.txt
Graph already exists at: ./input/random_graphs/graph_600_179700_UNIFORM_6802378520969450157.txt
Graph already exists at: ./input/random_graphs/graph_600_179700_UNIFORM_4552998297316576788.txt
Graph already exists at: ./input/random_graphs/graph_600_179700_UNIFORM_8031431416522537101.txt
Graph already exists at: ./input/random_graphs/graph_600_179700_UNIFORM_6143643868734370809.txt
Graph already exists at: ./input/random_graphs/graph_600_179700_UNIFORM_3272308573967577038.txt
Graph already exists at: ./input/random_graphs/graph_600_179700_UNIFORM_5636411189175451024.txt
Graph already exists at: ./input/random_graphs/graph_600_179700_UNIFORM_5349491008325879064.txt
Graph already exists at: ./input/random_graphs/graph_600_179700_UNIFORM_6614505080519948832.txt
Graph already exists at: ./input/random_graphs/graph_600_179700_UNIFORM_7938560551762094560.txt
Graph already exists at: ./input/random_graphs/graph_600_179700_UNIFORM_7917045922527545890.txt
Graph already exists at: ./input/random_graphs/graph_600_179700_UNIFORM_4445925461710302877.txt
Graph already exists at: ./input/random_graphs/graph_600_179700_UNIFORM_3865339568260874865.txt
Graph already exists at: ./input/random_graphs/graph_600_179700_UNIFORM_7921282862123281598.txt
Graph already exists at: ./input/random_graphs/graph_600_179700_UNIFORM_6224222471595207695.txt
Graph already exists at: ./input/random_graphs/graph_600_179700_UNIFORM_1128313391724783137.txt
Graph already exists at: ./input/random_graphs/graph_600_179700_UNIFORM_716820155901718944.txt
Graph already exists at: ./input/random_graphs/graph_600_179700_UNIFORM_8718380604043999642.txt
Graph already exists at: ./input/random_graphs/graph_600_179700_UNIFORM_5063475852268941542.txt
Graph already exists at: ./input/random_graphs/graph_600_179700_UNIFORM_4997514996153925447.txt
Graph already exists at: ./input/random_graphs/graph_600_179700_UNIFORM_8446481348147407377.txt
Graph already exists at: ./input/random_graphs/graph_600_179700_UNIFORM_3817405844514670994.txt
Graph already exists at: ./input/random_graphs/graph_600_179700_UNIFORM_6529943913552561417.txt
Graph already exists at: ./input/random_graphs/graph_600_179700_UNIFORM_2909934787168262407.txt
Graph already exists at: ./input/random_graphs/graph_600_179700_UNIFORM_1170385908854608748.txt
Graph already exists at: ./input/random_graphs/graph_600_179700_UNIFORM_6022436717541034636.txt
Graph already exists at: ./input/random_graphs/graph_600_179700_UNIFORM_199422815561151340.txt
Graph already exists at: ./input/random_graphs/graph_600_179700_UNIFORM_3713827327871807734.txt
Graph already exists at: ./input/random_graphs/graph_600_179700_UNIFORM_175493991617213850.txt
Graph already exists at: ./input/random_graphs/graph_600_179700_UNIFORM_5108599054664628607.txt
Graph already exists at: ./input/random_graphs/graph_600_179700_UNIFORM_6764066939395682287.txt
Graph already exists at: ./input/random_graphs/graph_600_179700_UNIFORM_9130666990809746335.txt
Graph already exists at: ./input/random_graphs/graph_600_179700_UNIFORM_7644420139408884785.txt
Graph already exists at: ./input/random_graphs/graph_600_179700_UNIFORM_1458186392400727732.txt
Graph already exists at: ./input/random_graphs/graph_600_179700_UNIFORM_1392892770529522614.txt
Graph already exists at: ./input/random_graphs/graph_600_179700_UNIFORM_9060210648189963449.txt
Graph already exists at: ./input/random_graphs/graph_600_179700_UNIFORM_4250897495980125004.txt
Graph already exists at: ./input/random_graphs/graph_600_179700_UNIFORM_8794274795737982182.txt
Graph already exists at: ./input/random_graphs/graph_600_179700_UNIFORM_2089506265998900862.txt
Graph already exists at: ./input/random_graphs/graph_600_179700_UNIFORM_5497874167834979553.txt
Graph already exists at: ./input/random_graphs/graph_600_179700_UNIFORM_4060584409398689268.txt
Graph already exists at: ./input/random_graphs/graph_600_179700_UNIFORM_1332005502874566195.txt
Graph already exists at: ./input/random_graphs/graph_600_179700_UNIFORM_1722224698700348310.txt
Graph already exists at: ./input/random_graphs/graph_600_179700_UNIFORM_8626102704817790064.txt
Graph already exists at: ./input/random_graphs/graph_600_179700_UNIFORM_7905487461282246979.txt
Graph already exists at: ./input/random_graphs/graph_600_179700_UNIFORM_8448596294177070022.txt
Graph already exists at: ./input/random_graphs/graph_600_179700_UNIFORM_4795749165124911768.txt
Graph already exists at: ./input/random_graphs/graph_600_179700_UNIFORM_4934890601268679176.txt
Graph already exists at: ./input/random_graphs/graph_600_179700_UNIFORM_1992204328026194281.txt
Graph already exists at: ./input/random_graphs/graph_600_179700_UNIFORM_7118744415197196276.txt
Graph already exists at: ./input/random_graphs/graph_600_179700_UNIFORM_2718103348384927511.txt
Graph already exists at: ./input/random_graphs/graph_600_179700_UNIFORM_9059990922233379852.txt
Graph already exists at: ./input/random_graphs/graph_600_179700_UNIFORM_7449662661572224354.txt
Graph already exists at: ./input/random_graphs/graph_600_179700_UNIFORM_3221421291694197220.txt
Graph already exists at: ./input/random_graphs/graph_600_179700_UNIFORM_8867616339855336876.txt
Graph already exists at: ./input/random_graphs/graph_600_179700_UNIFORM_5894893360759659423.txt
Graph already exists at: ./input/random_graphs/graph_600_179700_UNIFORM_7983805977214098674.txt
Graph already exists at: ./input/random_graphs/graph_600_179700_UNIFORM_4940913311242578590.txt
Graph already exists at: ./input/random_graphs/graph_600_179700_UNIFORM_2264398621601381987.txt
Graph already exists at: ./input/random_graphs/graph_600_179700_UNIFORM_7632458674696225362.txt
Graph already exists at: ./input/random_graphs/graph_700_244650_UNIFORM_6230961512046992311.txt
Graph already exists at: ./input/random_graphs/graph_700_244650_UNIFORM_7871178979383552919.txt
Graph already exists at: ./input/random_graphs/graph_700_244650_UNIFORM_5739955973604961613.txt
Graph already exists at: ./input/random_graphs/graph_700_244650_UNIFORM_3881801951614183357.txt
Graph already exists at: ./input/random_graphs/graph_700_244650_UNIFORM_7032710160631691991.txt
Graph already exists at: ./input/random_graphs/graph_700_244650_UNIFORM_7599700178212337699.txt
Graph already exists at: ./input/random_graphs/graph_700_244650_UNIFORM_1353182403971399009.txt
Graph already exists at: ./input/random_graphs/graph_700_244650_UNIFORM_1070244953599069350.txt
Graph already exists at: ./input/random_graphs/graph_700_244650_UNIFORM_6522163754831416203.txt
Graph already exists at: ./input/random_graphs/graph_700_244650_UNIFORM_6938562734920028532.txt
Graph already exists at: ./input/random_graphs/graph_700_244650_UNIFORM_4040737767143389431.txt
Graph already exists at: ./input/random_graphs/graph_700_244650_UNIFORM_1250005700364523649.txt
Graph already exists at: ./input/random_graphs/graph_700_244650_UNIFORM_1309542850049879452.txt
Graph already exists at: ./input/random_graphs/graph_700_244650_UNIFORM_2429002973740178792.txt
Graph already exists at: ./input/random_graphs/graph_700_244650_UNIFORM_7663871783842725848.txt
Graph already exists at: ./input/random_graphs/graph_700_244650_UNIFORM_320375091487821987.txt
Graph already exists at: ./input/random_graphs/graph_700_244650_UNIFORM_5906957480796939447.txt
Graph already exists at: ./input/random_graphs/graph_700_244650_UNIFORM_1250773459040295677.txt
Graph already exists at: ./input/random_graphs/graph_700_244650_UNIFORM_7146860528564146064.txt
Graph already exists at: ./input/random_graphs/graph_700_244650_UNIFORM_3438400432146115956.txt
Graph already exists at: ./input/random_graphs/graph_700_244650_UNIFORM_7473196763798409428.txt
Graph already exists at: ./input/random_graphs/graph_700_244650_UNIFORM_5139481885857321791.txt
Graph already exists at: ./input/random_graphs/graph_700_244650_UNIFORM_5142811650494845597.txt
Graph already exists at: ./input/random_graphs/graph_700_244650_UNIFORM_3010622984418968408.txt
Graph already exists at: ./input/random_graphs/graph_700_244650_UNIFORM_6002685213311538187.txt
Graph already exists at: ./input/random_graphs/graph_700_244650_UNIFORM_5708372698381010775.txt
Graph already exists at: ./input/random_graphs/graph_700_244650_UNIFORM_521787134863155063.txt
Graph already exists at: ./input/random_graphs/graph_700_244650_UNIFORM_1731523882129807996.txt
Graph already exists at: ./input/random_graphs/graph_700_244650_UNIFORM_1853590723603270879.txt
Graph already exists at: ./input/random_graphs/graph_700_244650_UNIFORM_7029781962072644698.txt
Graph already exists at: ./input/random_graphs/graph_700_244650_UNIFORM_6785030173969523435.txt
Graph already exists at: ./input/random_graphs/graph_700_244650_UNIFORM_5529616217668449934.txt
Graph already exists at: ./input/random_graphs/graph_700_244650_UNIFORM_1024517563182776983.txt
Graph already exists at: ./input/random_graphs/graph_700_244650_UNIFORM_3224265581699847191.txt
Graph already exists at: ./input/random_graphs/graph_700_244650_UNIFORM_5258051056098597521.txt
Graph already exists at: ./input/random_graphs/graph_700_244650_UNIFORM_1647170069535670909.txt
Graph already exists at: ./input/random_graphs/graph_700_244650_UNIFORM_4122784633514911760.txt
Graph already exists at: ./input/random_graphs/graph_700_244650_UNIFORM_7706236040662210848.txt
Graph already exists at: ./input/random_graphs/graph_700_244650_UNIFORM_824387247617288499.txt
Graph already exists at: ./input/random_graphs/graph_700_244650_UNIFORM_1632192924771168275.txt
Graph already exists at: ./input/random_graphs/graph_700_244650_UNIFORM_7161906730445628483.txt
Graph already exists at: ./input/random_graphs/graph_700_244650_UNIFORM_6802378520969450157.txt
Graph already exists at: ./input/random_graphs/graph_700_244650_UNIFORM_4552998297316576788.txt
Graph already exists at: ./input/random_graphs/graph_700_244650_UNIFORM_8031431416522537101.txt
Graph already exists at: ./input/random_graphs/graph_700_244650_UNIFORM_6143643868734370809.txt
Graph already exists at: ./input/random_graphs/graph_700_244650_UNIFORM_3272308573967577038.txt
Graph already exists at: ./input/random_graphs/graph_700_244650_UNIFORM_5636411189175451024.txt
Graph already exists at: ./input/random_graphs/graph_700_244650_UNIFORM_5349491008325879064.txt
Graph already exists at: ./input/random_graphs/graph_700_244650_UNIFORM_6614505080519948832.txt
Graph already exists at: ./input/random_graphs/graph_700_244650_UNIFORM_7938560551762094560.txt
Graph already exists at: ./input/random_graphs/graph_700_244650_UNIFORM_7917045922527545890.txt
Graph already exists at: ./input/random_graphs/graph_700_244650_UNIFORM_4445925461710302877.txt
Graph already exists at: ./input/random_graphs/graph_700_244650_UNIFORM_3865339568260874865.txt
Graph already exists at: ./input/random_graphs/graph_700_244650_UNIFORM_7921282862123281598.txt
Graph already exists at: ./input/random_graphs/graph_700_244650_UNIFORM_6224222471595207695.txt
Graph already exists at: ./input/random_graphs/graph_700_244650_UNIFORM_1128313391724783137.txt
Graph already exists at: ./input/random_graphs/graph_700_244650_UNIFORM_716820155901718944.txt
Graph already exists at: ./input/random_graphs/graph_700_244650_UNIFORM_8718380604043999642.txt
Graph already exists at: ./input/random_graphs/graph_700_244650_UNIFORM_5063475852268941542.txt
Graph already exists at: ./input/random_graphs/graph_700_244650_UNIFORM_4997514996153925447.txt
Graph already exists at: ./input/random_graphs/graph_700_244650_UNIFORM_8446481348147407377.txt
Graph already exists at: ./input/random_graphs/graph_700_244650_UNIFORM_3817405844514670994.txt
Graph already exists at: ./input/random_graphs/graph_700_244650_UNIFORM_6529943913552561417.txt
Graph already exists at: ./input/random_graphs/graph_700_244650_UNIFORM_2909934787168262407.txt
Graph already exists at: ./input/random_graphs/graph_700_244650_UNIFORM_1170385908854608748.txt
Graph already exists at: ./input/random_graphs/graph_700_244650_UNIFORM_6022436717541034636.txt
Graph already exists at: ./input/random_graphs/graph_700_244650_UNIFORM_199422815561151340.txt
Graph already exists at: ./input/random_graphs/graph_700_244650_UNIFORM_3713827327871807734.txt
Graph already exists at: ./input/random_graphs/graph_700_244650_UNIFORM_175493991617213850.txt
Graph already exists at: ./input/random_graphs/graph_700_244650_UNIFORM_5108599054664628607.txt
Graph already exists at: ./input/random_graphs/graph_700_244650_UNIFORM_6764066939395682287.txt
Graph already exists at: ./input/random_graphs/graph_700_244650_UNIFORM_9130666990809746335.txt
Graph already exists at: ./input/random_graphs/graph_700_244650_UNIFORM_7644420139408884785.txt
Graph already exists at: ./input/random_graphs/graph_700_244650_UNIFORM_1458186392400727732.txt
Graph already exists at: ./input/random_graphs/graph_700_244650_UNIFORM_1392892770529522614.txt
Graph already exists at: ./input/random_graphs/graph_700_244650_UNIFORM_9060210648189963449.txt
Graph already exists at: ./input/random_graphs/graph_700_244650_UNIFORM_4250897495980125004.txt
Graph already exists at: ./input/random_graphs/graph_700_244650_UNIFORM_8794274795737982182.txt
Graph already exists at: ./input/random_graphs/graph_700_244650_UNIFORM_2089506265998900862.txt
Graph already exists at: ./input/random_graphs/graph_700_244650_UNIFORM_5497874167834979553.txt
Graph already exists at: ./input/random_graphs/graph_700_244650_UNIFORM_4060584409398689268.txt
Graph already exists at: ./input/random_graphs/graph_700_244650_UNIFORM_1332005502874566195.txt
Graph already exists at: ./input/random_graphs/graph_700_244650_UNIFORM_1722224698700348310.txt
Graph already exists at: ./input/random_graphs/graph_700_244650_UNIFORM_8626102704817790064.txt
Graph already exists at: ./input/random_graphs/graph_700_244650_UNIFORM_7905487461282246979.txt
Graph already exists at: ./input/random_graphs/graph_700_244650_UNIFORM_8448596294177070022.txt
Graph already exists at: ./input/random_graphs/graph_700_244650_UNIFORM_4795749165124911768.txt
Graph already exists at: ./input/random_graphs/graph_700_244650_UNIFORM_4934890601268679176.txt
Graph already exists at: ./input/random_graphs/graph_700_244650_UNIFORM_1992204328026194281.txt
Graph already exists at: ./input/random_graphs/graph_700_244650_UNIFORM_7118744415197196276.txt
Graph already exists at: ./input/random_graphs/graph_700_244650_UNIFORM_2718103348384927511.txt
Graph already exists at: ./input/random_graphs/graph_700_244650_UNIFORM_9059990922233379852.txt
Graph already exists at: ./input/random_graphs/graph_700_244650_UNIFORM_7449662661572224354.txt
Graph already exists at: ./input/random_graphs/graph_700_244650_UNIFORM_3221421291694197220.txt
Graph already exists at: ./input/random_graphs/graph_700_244650_UNIFORM_8867616339855336876.txt
Graph already exists at: ./input/random_graphs/graph_700_244650_UNIFORM_5894893360759659423.txt
Graph already exists at: ./input/random_graphs/graph_700_244650_UNIFORM_7983805977214098674.txt
Graph already exists at: ./input/random_graphs/graph_700_244650_UNIFORM_4940913311242578590.txt
Graph already exists at: ./input/random_graphs/graph_700_244650_UNIFORM_2264398621601381987.txt
Graph already exists at: ./input/random_graphs/graph_700_244650_UNIFORM_7632458674696225362.txt
Graph already exists at: ./input/random_graphs/graph_800_319600_UNIFORM_6230961512046992311.txt
Graph already exists at: ./input/random_graphs/graph_800_319600_UNIFORM_7871178979383552919.txt
Graph already exists at: ./input/random_graphs/graph_800_319600_UNIFORM_5739955973604961613.txt
Graph already exists at: ./input/random_graphs/graph_800_319600_UNIFORM_3881801951614183357.txt
Graph already exists at: ./input/random_graphs/graph_800_319600_UNIFORM_7032710160631691991.txt
Graph already exists at: ./input/random_graphs/graph_800_319600_UNIFORM_7599700178212337699.txt
Graph already exists at: ./input/random_graphs/graph_800_319600_UNIFORM_1353182403971399009.txt
Graph already exists at: ./input/random_graphs/graph_800_319600_UNIFORM_1070244953599069350.txt
Graph already exists at: ./input/random_graphs/graph_800_319600_UNIFORM_6522163754831416203.txt
Graph already exists at: ./input/random_graphs/graph_800_319600_UNIFORM_6938562734920028532.txt
Graph already exists at: ./input/random_graphs/graph_800_319600_UNIFORM_4040737767143389431.txt
Graph already exists at: ./input/random_graphs/graph_800_319600_UNIFORM_1250005700364523649.txt
Graph already exists at: ./input/random_graphs/graph_800_319600_UNIFORM_1309542850049879452.txt
Graph already exists at: ./input/random_graphs/graph_800_319600_UNIFORM_2429002973740178792.txt
Graph already exists at: ./input/random_graphs/graph_800_319600_UNIFORM_7663871783842725848.txt
Graph already exists at: ./input/random_graphs/graph_800_319600_UNIFORM_320375091487821987.txt
Graph already exists at: ./input/random_graphs/graph_800_319600_UNIFORM_5906957480796939447.txt
Graph already exists at: ./input/random_graphs/graph_800_319600_UNIFORM_1250773459040295677.txt
Graph already exists at: ./input/random_graphs/graph_800_319600_UNIFORM_7146860528564146064.txt
Graph already exists at: ./input/random_graphs/graph_800_319600_UNIFORM_3438400432146115956.txt
Graph already exists at: ./input/random_graphs/graph_800_319600_UNIFORM_7473196763798409428.txt
Graph already exists at: ./input/random_graphs/graph_800_319600_UNIFORM_5139481885857321791.txt
Graph already exists at: ./input/random_graphs/graph_800_319600_UNIFORM_5142811650494845597.txt
Graph already exists at: ./input/random_graphs/graph_800_319600_UNIFORM_3010622984418968408.txt
Graph already exists at: ./input/random_graphs/graph_800_319600_UNIFORM_6002685213311538187.txt
Graph already exists at: ./input/random_graphs/graph_800_319600_UNIFORM_5708372698381010775.txt
Graph already exists at: ./input/random_graphs/graph_800_319600_UNIFORM_521787134863155063.txt
Graph already exists at: ./input/random_graphs/graph_800_319600_UNIFORM_1731523882129807996.txt
Graph already exists at: ./input/random_graphs/graph_800_319600_UNIFORM_1853590723603270879.txt
Graph already exists at: ./input/random_graphs/graph_800_319600_UNIFORM_7029781962072644698.txt
Graph already exists at: ./input/random_graphs/graph_800_319600_UNIFORM_6785030173969523435.txt
Graph already exists at: ./input/random_graphs/graph_800_319600_UNIFORM_5529616217668449934.txt
Graph already exists at: ./input/random_graphs/graph_800_319600_UNIFORM_1024517563182776983.txt
Graph already exists at: ./input/random_graphs/graph_800_319600_UNIFORM_3224265581699847191.txt
Graph already exists at: ./input/random_graphs/graph_800_319600_UNIFORM_5258051056098597521.txt
Graph already exists at: ./input/random_graphs/graph_800_319600_UNIFORM_1647170069535670909.txt
Graph already exists at: ./input/random_graphs/graph_800_319600_UNIFORM_4122784633514911760.txt
Graph already exists at: ./input/random_graphs/graph_800_319600_UNIFORM_7706236040662210848.txt
Graph already exists at: ./input/random_graphs/graph_800_319600_UNIFORM_824387247617288499.txt
Graph already exists at: ./input/random_graphs/graph_800_319600_UNIFORM_1632192924771168275.txt
Graph already exists at: ./input/random_graphs/graph_800_319600_UNIFORM_7161906730445628483.txt
Graph already exists at: ./input/random_graphs/graph_800_319600_UNIFORM_6802378520969450157.txt
Graph already exists at: ./input/random_graphs/graph_800_319600_UNIFORM_4552998297316576788.txt
Graph already exists at: ./input/random_graphs/graph_800_319600_UNIFORM_8031431416522537101.txt
Graph already exists at: ./input/random_graphs/graph_800_319600_UNIFORM_6143643868734370809.txt
Graph already exists at: ./input/random_graphs/graph_800_319600_UNIFORM_3272308573967577038.txt
Graph already exists at: ./input/random_graphs/graph_800_319600_UNIFORM_5636411189175451024.txt
Graph already exists at: ./input/random_graphs/graph_800_319600_UNIFORM_5349491008325879064.txt
Graph already exists at: ./input/random_graphs/graph_800_319600_UNIFORM_6614505080519948832.txt
Graph already exists at: ./input/random_graphs/graph_800_319600_UNIFORM_7938560551762094560.txt
Graph already exists at: ./input/random_graphs/graph_800_319600_UNIFORM_7917045922527545890.txt
Graph already exists at: ./input/random_graphs/graph_800_319600_UNIFORM_4445925461710302877.txt
Graph already exists at: ./input/random_graphs/graph_800_319600_UNIFORM_3865339568260874865.txt
Graph already exists at: ./input/random_graphs/graph_800_319600_UNIFORM_7921282862123281598.txt
Graph already exists at: ./input/random_graphs/graph_800_319600_UNIFORM_6224222471595207695.txt
Graph already exists at: ./input/random_graphs/graph_800_319600_UNIFORM_1128313391724783137.txt
Graph already exists at: ./input/random_graphs/graph_800_319600_UNIFORM_716820155901718944.txt
Graph already exists at: ./input/random_graphs/graph_800_319600_UNIFORM_8718380604043999642.txt
Graph already exists at: ./input/random_graphs/graph_800_319600_UNIFORM_5063475852268941542.txt
Graph already exists at: ./input/random_graphs/graph_800_319600_UNIFORM_4997514996153925447.txt
Graph already exists at: ./input/random_graphs/graph_800_319600_UNIFORM_8446481348147407377.txt
Graph already exists at: ./input/random_graphs/graph_800_319600_UNIFORM_3817405844514670994.txt
Graph already exists at: ./input/random_graphs/graph_800_319600_UNIFORM_6529943913552561417.txt
Graph already exists at: ./input/random_graphs/graph_800_319600_UNIFORM_2909934787168262407.txt
Graph already exists at: ./input/random_graphs/graph_800_319600_UNIFORM_1170385908854608748.txt
Graph already exists at: ./input/random_graphs/graph_800_319600_UNIFORM_6022436717541034636.txt
Graph already exists at: ./input/random_graphs/graph_800_319600_UNIFORM_199422815561151340.txt
Graph already exists at: ./input/random_graphs/graph_800_319600_UNIFORM_3713827327871807734.txt
Graph already exists at: ./input/random_graphs/graph_800_319600_UNIFORM_175493991617213850.txt
Graph already exists at: ./input/random_graphs/graph_800_319600_UNIFORM_5108599054664628607.txt
Graph already exists at: ./input/random_graphs/graph_800_319600_UNIFORM_6764066939395682287.txt
Graph already exists at: ./input/random_graphs/graph_800_319600_UNIFORM_9130666990809746335.txt
Graph already exists at: ./input/random_graphs/graph_800_319600_UNIFORM_7644420139408884785.txt
Graph already exists at: ./input/random_graphs/graph_800_319600_UNIFORM_1458186392400727732.txt
Graph already exists at: ./input/random_graphs/graph_800_319600_UNIFORM_1392892770529522614.txt
Graph already exists at: ./input/random_graphs/graph_800_319600_UNIFORM_9060210648189963449.txt
Graph already exists at: ./input/random_graphs/graph_800_319600_UNIFORM_4250897495980125004.txt
Graph already exists at: ./input/random_graphs/graph_800_319600_UNIFORM_8794274795737982182.txt
Graph already exists at: ./input/random_graphs/graph_800_319600_UNIFORM_2089506265998900862.txt
Graph already exists at: ./input/random_graphs/graph_800_319600_UNIFORM_5497874167834979553.txt
Graph already exists at: ./input/random_graphs/graph_800_319600_UNIFORM_4060584409398689268.txt
Graph already exists at: ./input/random_graphs/graph_800_319600_UNIFORM_1332005502874566195.txt
Graph already exists at: ./input/random_graphs/graph_800_319600_UNIFORM_1722224698700348310.txt
Graph already exists at: ./input/random_graphs/graph_800_319600_UNIFORM_8626102704817790064.txt
Graph already exists at: ./input/random_graphs/graph_800_319600_UNIFORM_7905487461282246979.txt
Graph already exists at: ./input/random_graphs/graph_800_319600_UNIFORM_8448596294177070022.txt
Graph already exists at: ./input/random_graphs/graph_800_319600_UNIFORM_4795749165124911768.txt
Graph already exists at: ./input/random_graphs/graph_800_319600_UNIFORM_4934890601268679176.txt
Graph already exists at: ./input/random_graphs/graph_800_319600_UNIFORM_1992204328026194281.txt
Graph already exists at: ./input/random_graphs/graph_800_319600_UNIFORM_7118744415197196276.txt
Graph already exists at: ./input/random_graphs/graph_800_319600_UNIFORM_2718103348384927511.txt
Graph already exists at: ./input/random_graphs/graph_800_319600_UNIFORM_9059990922233379852.txt
Graph already exists at: ./input/random_graphs/graph_800_319600_UNIFORM_7449662661572224354.txt
Graph already exists at: ./input/random_graphs/graph_800_319600_UNIFORM_3221421291694197220.txt
Graph already exists at: ./input/random_graphs/graph_800_319600_UNIFORM_8867616339855336876.txt
Graph already exists at: ./input/random_graphs/graph_800_319600_UNIFORM_5894893360759659423.txt
Graph already exists at: ./input/random_graphs/graph_800_319600_UNIFORM_7983805977214098674.txt
Graph already exists at: ./input/random_graphs/graph_800_319600_UNIFORM_4940913311242578590.txt
Graph already exists at: ./input/random_graphs/graph_800_319600_UNIFORM_2264398621601381987.txt
Graph already exists at: ./input/random_graphs/graph_800_319600_UNIFORM_7632458674696225362.txt
Running klev variant 2 with N=500, sparsity=4, k=10, seed=1729...
      Average Passes: 2.0,  Average Height: 500.0, Time/Memory: 8.62,3136
Running klev variant N with N=500, sparsity=4, k=10, seed=1729...
      Average Passes: 1.0,  Average Height: 500.0, Time/Memory: 4.93,3136
Running kpath variant 0 with N=600, sparsity=4, k=2, seed=1729...
      Average Passes: 12.4,  Average Height: 600.0, Time/Memory: 54.28,3108
Running kpath variant 1 with N=600, sparsity=4, k=2, seed=1729...
      Average Passes: 12.23,  Average Height: 600.0, Time/Memory: 54.92,3108
Running kpath variant 2 with N=600, sparsity=4, k=2, seed=1729...
      Average Passes: 5.96,  Average Height: 600.0, Time/Memory: 26.73,4180
Running kpath variant N with N=600, sparsity=4, k=2, seed=1729...
      Average Passes: 4.0,  Average Height: 600.0, Time/Memory: 18.02,4144
Running kpath variant 0 with N=600, sparsity=4, k=5, seed=1729...
      Average Passes: 4.66,  Average Height: 600.0, Time/Memory: 21.15,4144
Running kpath variant 1 with N=600, sparsity=4, k=5, seed=1729...
      Average Passes: 3.91,  Average Height: 600.0, Time/Memory: 17.27,4176
Running kpath variant 2 with N=600, sparsity=4, k=5, seed=1729...
      Average Passes: 3.18,  Average Height: 600.0, Time/Memory: 14.66,4180
Running kpath variant N with N=600, sparsity=4, k=5, seed=1729...
      Average Passes: 2.73,  Average Height: 600.0, Time/Memory: 12.39,4128
Running kpath variant 0 with N=600, sparsity=4, k=10, seed=1729...
      Average Passes: 3.8,  Average Height: 600.0, Time/Memory: 16.87,4156
Running kpath variant 1 with N=600, sparsity=4, k=10, seed=1729...
      Average Passes: 2.92,  Average Height: 600.0, Time/Memory: 13.03,5180
Running kpath variant 2 with N=600, sparsity=4, k=10, seed=1729...
      Average Passes: 2.81,  Average Height: 600.0, Time/Memory: 12.81,5168
Running kpath variant N with N=600, sparsity=4, k=10, seed=1729...
      Average Passes: 2.0,  Average Height: 600.0, Time/Memory: 9.03,4132
Running klev variant 0 with N=600, sparsity=4, k=2, seed=1729...
      Average Passes: 3.0,  Average Height: 600.0, Time/Memory: 18.36,3128
Running klev variant 1 with N=600, sparsity=4, k=2, seed=1729...
      Average Passes: 2.0,  Average Height: 600.0, Time/Memory: 13.61,3156
Running klev variant 2 with N=600, sparsity=4, k=2, seed=1729...
      Average Passes: 2.0,  Average Height: 600.0, Time/Memory: 12.29,3144
Running klev variant N with N=600, sparsity=4, k=2, seed=1729...
      Average Passes: 1.96,  Average Height: 600.0, Time/Memory: 11.78,3108
Running klev variant 0 with N=600, sparsity=4, k=5, seed=1729...
      Average Passes: 3.0,  Average Height: 600.0, Time/Memory: 18.37,3120
Running klev variant 1 with N=600, sparsity=4, k=5, seed=1729...
      Average Passes: 2.0,  Average Height: 600.0, Time/Memory: 13.84,4184
Running klev variant 2 with N=600, sparsity=4, k=5, seed=1729...
      Average Passes: 2.0,  Average Height: 600.0, Time/Memory: 12.17,3108
Running klev variant N with N=600, sparsity=4, k=5, seed=1729...
      Average Passes: 1.01,  Average Height: 600.0, Time/Memory: 7.21,4136
Running klev variant 0 with N=600, sparsity=4, k=10, seed=1729...
      Average Passes: 3.0,  Average Height: 600.0, Time/Memory: 18.11,3160
Running klev variant 1 with N=600, sparsity=4, k=10, seed=1729...
      Average Passes: 2.0,  Average Height: 600.0, Time/Memory: 13.73,4184
Running klev variant 2 with N=600, sparsity=4, k=10, seed=1729...
      Average Passes: 2.0,  Average Height: 600.0, Time/Memory: 12.42,4212
Running klev variant N with N=600, sparsity=4, k=10, seed=1729...
      Average Passes: 1.0,  Average Height: 600.0, Time/Memory: 7.20,4192
Running kpath variant 0 with N=700, sparsity=4, k=2, seed=1729...
      Average Passes: 12.81,  Average Height: 700.0, Time/Memory: 76.24,3108
Running kpath variant 1 with N=700, sparsity=4, k=2, seed=1729...
      Average Passes: 12.72,  Average Height: 700.0, Time/Memory: 77.46,3164
Running kpath variant 2 with N=700, sparsity=4, k=2, seed=1729...
      Average Passes: 6.05,  Average Height: 700.0, Time/Memory: 36.57,4172
Running kpath variant N with N=700, sparsity=4, k=2, seed=1729...
      Average Passes: 4.0,  Average Height: 700.0, Time/Memory: 24.68,4140
Running kpath variant 0 with N=700, sparsity=4, k=5, seed=1729...
      Average Passes: 4.77,  Average Height: 700.0, Time/Memory: 28.38,3196
Running kpath variant 1 with N=700, sparsity=4, k=5, seed=1729...
      Average Passes: 3.97,  Average Height: 700.0, Time/Memory: 24.33,4184
Running kpath variant 2 with N=700, sparsity=4, k=5, seed=1729...
      Average Passes: 3.26,  Average Height: 700.0, Time/Memory: 20.01,4128
Running kpath variant N with N=700, sparsity=4, k=5, seed=1729...
      Average Passes: 2.83,  Average Height: 700.0, Time/Memory: 17.39,4144
Running kpath variant 0 with N=700, sparsity=4, k=10, seed=1729...
      Average Passes: 3.95,  Average Height: 700.0, Time/Memory: 23.78,5152
Running kpath variant 1 with N=700, sparsity=4, k=10, seed=1729...
      Average Passes: 2.97,  Average Height: 700.0, Time/Memory: 17.76,4132
Running kpath variant 2 with N=700, sparsity=4, k=10, seed=1729...
      Average Passes: 2.82,  Average Height: 700.0, Time/Memory: 16.97,4180
Running kpath variant N with N=700, sparsity=4, k=10, seed=1729...
      Average Passes: 2.0,  Average Height: 700.0, Time/Memory: 12.34,5168
Running klev variant 0 with N=700, sparsity=4, k=2, seed=1729...
      Average Passes: 3.0,  Average Height: 700.0, Time/Memory: 24.78,4144
Running klev variant 1 with N=700, sparsity=4, k=2, seed=1729...
      Average Passes: 2.0,  Average Height: 700.0, Time/Memory: 18.88,3144
Running klev variant 2 with N=700, sparsity=4, k=2, seed=1729...
      Average Passes: 2.0,  Average Height: 700.0, Time/Memory: 17.08,4164
Running klev variant N with N=700, sparsity=4, k=2, seed=1729...
      Average Passes: 1.98,  Average Height: 700.0, Time/Memory: 16.12,3120
Running klev variant 0 with N=700, sparsity=4, k=5, seed=1729...
      Average Passes: 3.0,  Average Height: 700.0, Time/Memory: 25.18,4188
Running klev variant 1 with N=700, sparsity=4, k=5, seed=1729...
      Average Passes: 2.0,  Average Height: 700.0, Time/Memory: 18.96,4156
Running klev variant 2 with N=700, sparsity=4, k=5, seed=1729...
      Average Passes: 2.0,  Average Height: 700.0, Time/Memory: 16.70,3108
Running klev variant N with N=700, sparsity=4, k=5, seed=1729...
      Average Passes: 1.02,  Average Height: 700.0, Time/Memory: 9.82,3108
Running klev variant 0 with N=700, sparsity=4, k=10, seed=1729...
      Average Passes: 3.0,  Average Height: 700.0, Time/Memory: 25.16,4144
Running klev variant 1 with N=700, sparsity=4, k=10, seed=1729...
      Average Passes: 2.0,  Average Height: 700.0, Time/Memory: 18.69,4144
Running klev variant 2 with N=700, sparsity=4, k=10, seed=1729...
      Average Passes: 2.0,  Average Height: 700.0, Time/Memory: 16.88,4204
Running klev variant N with N=700, sparsity=4, k=10, seed=1729...
      Average Passes: 1.0,  Average Height: 700.0, Time/Memory: 9.69,4172
Running kpath variant 0 with N=800, sparsity=4, k=2, seed=1729...
      Average Passes: 13.14,  Average Height: 800.0, Time/Memory: 102.78,3108
Running kpath variant 1 with N=800, sparsity=4, k=2, seed=1729...
      Average Passes: 13.1,  Average Height: 800.0, Time/Memory: 105.28,3128
Running kpath variant 2 with N=800, sparsity=4, k=2, seed=1729...
      Average Passes: 6.23,  Average Height: 800.0, Time/Memory: 50.47,3128
Running kpath variant N with N=800, sparsity=4, k=2, seed=1729...
      Average Passes: 4.0,  Average Height: 800.0, Time/Memory: 32.01,4144
Running kpath variant 0 with N=800, sparsity=4, k=5, seed=1729...
      Average Passes: 4.87,  Average Height: 800.0, Time/Memory: 37.69,3168
Running kpath variant 1 with N=800, sparsity=4, k=5, seed=1729...
      Average Passes: 3.99,  Average Height: 800.0, Time/Memory: 31.13,3104
Running kpath variant 2 with N=800, sparsity=4, k=5, seed=1729...
      Average Passes: 3.52,  Average Height: 800.0, Time/Memory: 28.42,3120
Running kpath variant N with N=800, sparsity=4, k=5, seed=1729...
Graph already exists at: ./input/random_graphs/graph_900_404550_UNIFORM_6230961512046992311.txt
Graph already exists at: ./input/random_graphs/graph_900_404550_UNIFORM_7871178979383552919.txt
Graph already exists at: ./input/random_graphs/graph_900_404550_UNIFORM_5739955973604961613.txt
Graph already exists at: ./input/random_graphs/graph_900_404550_UNIFORM_3881801951614183357.txt
Graph already exists at: ./input/random_graphs/graph_900_404550_UNIFORM_7032710160631691991.txt
Graph already exists at: ./input/random_graphs/graph_900_404550_UNIFORM_7599700178212337699.txt
Graph already exists at: ./input/random_graphs/graph_900_404550_UNIFORM_1353182403971399009.txt
Graph already exists at: ./input/random_graphs/graph_900_404550_UNIFORM_1070244953599069350.txt
Graph already exists at: ./input/random_graphs/graph_900_404550_UNIFORM_6522163754831416203.txt
Graph already exists at: ./input/random_graphs/graph_900_404550_UNIFORM_6938562734920028532.txt
Graph already exists at: ./input/random_graphs/graph_900_404550_UNIFORM_4040737767143389431.txt
Graph already exists at: ./input/random_graphs/graph_900_404550_UNIFORM_1250005700364523649.txt
Graph already exists at: ./input/random_graphs/graph_900_404550_UNIFORM_1309542850049879452.txt
Graph already exists at: ./input/random_graphs/graph_900_404550_UNIFORM_2429002973740178792.txt
Graph already exists at: ./input/random_graphs/graph_900_404550_UNIFORM_7663871783842725848.txt
Graph already exists at: ./input/random_graphs/graph_900_404550_UNIFORM_320375091487821987.txt
Graph already exists at: ./input/random_graphs/graph_900_404550_UNIFORM_5906957480796939447.txt
Graph already exists at: ./input/random_graphs/graph_900_404550_UNIFORM_1250773459040295677.txt
Graph already exists at: ./input/random_graphs/graph_900_404550_UNIFORM_7146860528564146064.txt
Graph already exists at: ./input/random_graphs/graph_900_404550_UNIFORM_3438400432146115956.txt
Graph already exists at: ./input/random_graphs/graph_900_404550_UNIFORM_7473196763798409428.txt
Graph already exists at: ./input/random_graphs/graph_900_404550_UNIFORM_5139481885857321791.txt
Graph already exists at: ./input/random_graphs/graph_900_404550_UNIFORM_5142811650494845597.txt
Graph already exists at: ./input/random_graphs/graph_900_404550_UNIFORM_3010622984418968408.txt
Graph already exists at: ./input/random_graphs/graph_900_404550_UNIFORM_6002685213311538187.txt
Graph already exists at: ./input/random_graphs/graph_900_404550_UNIFORM_5708372698381010775.txt
Graph already exists at: ./input/random_graphs/graph_900_404550_UNIFORM_521787134863155063.txt
Graph already exists at: ./input/random_graphs/graph_900_404550_UNIFORM_1731523882129807996.txt
Graph already exists at: ./input/random_graphs/graph_900_404550_UNIFORM_1853590723603270879.txt
Graph already exists at: ./input/random_graphs/graph_900_404550_UNIFORM_7029781962072644698.txt
Graph already exists at: ./input/random_graphs/graph_900_404550_UNIFORM_6785030173969523435.txt
Graph already exists at: ./input/random_graphs/graph_900_404550_UNIFORM_5529616217668449934.txt
Graph already exists at: ./input/random_graphs/graph_900_404550_UNIFORM_1024517563182776983.txt
Graph already exists at: ./input/random_graphs/graph_900_404550_UNIFORM_3224265581699847191.txt
Graph already exists at: ./input/random_graphs/graph_900_404550_UNIFORM_5258051056098597521.txt
Graph already exists at: ./input/random_graphs/graph_900_404550_UNIFORM_1647170069535670909.txt
Graph already exists at: ./input/random_graphs/graph_900_404550_UNIFORM_4122784633514911760.txt
Graph already exists at: ./input/random_graphs/graph_900_404550_UNIFORM_7706236040662210848.txt
Graph already exists at: ./input/random_graphs/graph_900_404550_UNIFORM_824387247617288499.txt
Graph already exists at: ./input/random_graphs/graph_900_404550_UNIFORM_1632192924771168275.txt
Graph already exists at: ./input/random_graphs/graph_900_404550_UNIFORM_7161906730445628483.txt
Graph already exists at: ./input/random_graphs/graph_900_404550_UNIFORM_6802378520969450157.txt
Graph already exists at: ./input/random_graphs/graph_900_404550_UNIFORM_4552998297316576788.txt
Graph already exists at: ./input/random_graphs/graph_900_404550_UNIFORM_8031431416522537101.txt
Graph already exists at: ./input/random_graphs/graph_900_404550_UNIFORM_6143643868734370809.txt
Graph already exists at: ./input/random_graphs/graph_900_404550_UNIFORM_3272308573967577038.txt
Graph already exists at: ./input/random_graphs/graph_900_404550_UNIFORM_5636411189175451024.txt
Graph already exists at: ./input/random_graphs/graph_900_404550_UNIFORM_5349491008325879064.txt
Graph already exists at: ./input/random_graphs/graph_900_404550_UNIFORM_6614505080519948832.txt
Graph already exists at: ./input/random_graphs/graph_900_404550_UNIFORM_7938560551762094560.txt
Graph already exists at: ./input/random_graphs/graph_900_404550_UNIFORM_7917045922527545890.txt
Graph already exists at: ./input/random_graphs/graph_900_404550_UNIFORM_4445925461710302877.txt
Graph already exists at: ./input/random_graphs/graph_900_404550_UNIFORM_3865339568260874865.txt
Graph already exists at: ./input/random_graphs/graph_900_404550_UNIFORM_7921282862123281598.txt
Graph already exists at: ./input/random_graphs/graph_900_404550_UNIFORM_6224222471595207695.txt
Graph already exists at: ./input/random_graphs/graph_900_404550_UNIFORM_1128313391724783137.txt
Graph already exists at: ./input/random_graphs/graph_900_404550_UNIFORM_716820155901718944.txt
Graph already exists at: ./input/random_graphs/graph_900_404550_UNIFORM_8718380604043999642.txt
Graph already exists at: ./input/random_graphs/graph_900_404550_UNIFORM_5063475852268941542.txt
Graph already exists at: ./input/random_graphs/graph_900_404550_UNIFORM_4997514996153925447.txt
Graph already exists at: ./input/random_graphs/graph_900_404550_UNIFORM_8446481348147407377.txt
Graph already exists at: ./input/random_graphs/graph_900_404550_UNIFORM_3817405844514670994.txt
Graph already exists at: ./input/random_graphs/graph_900_404550_UNIFORM_6529943913552561417.txt
Graph already exists at: ./input/random_graphs/graph_900_404550_UNIFORM_2909934787168262407.txt
Graph already exists at: ./input/random_graphs/graph_900_404550_UNIFORM_1170385908854608748.txt
Graph already exists at: ./input/random_graphs/graph_900_404550_UNIFORM_6022436717541034636.txt
Graph already exists at: ./input/random_graphs/graph_900_404550_UNIFORM_199422815561151340.txt
Graph already exists at: ./input/random_graphs/graph_900_404550_UNIFORM_3713827327871807734.txt
Graph already exists at: ./input/random_graphs/graph_900_404550_UNIFORM_175493991617213850.txt
Graph already exists at: ./input/random_graphs/graph_900_404550_UNIFORM_5108599054664628607.txt
Graph already exists at: ./input/random_graphs/graph_900_404550_UNIFORM_6764066939395682287.txt
Graph already exists at: ./input/random_graphs/graph_900_404550_UNIFORM_9130666990809746335.txt
Graph already exists at: ./input/random_graphs/graph_900_404550_UNIFORM_7644420139408884785.txt
Graph already exists at: ./input/random_graphs/graph_900_404550_UNIFORM_1458186392400727732.txt
Graph already exists at: ./input/random_graphs/graph_900_404550_UNIFORM_1392892770529522614.txt
Graph already exists at: ./input/random_graphs/graph_900_404550_UNIFORM_9060210648189963449.txt
Graph already exists at: ./input/random_graphs/graph_900_404550_UNIFORM_4250897495980125004.txt
Graph already exists at: ./input/random_graphs/graph_900_404550_UNIFORM_8794274795737982182.txt
Graph already exists at: ./input/random_graphs/graph_900_404550_UNIFORM_2089506265998900862.txt
Graph already exists at: ./input/random_graphs/graph_900_404550_UNIFORM_5497874167834979553.txt
Graph already exists at: ./input/random_graphs/graph_900_404550_UNIFORM_4060584409398689268.txt
Graph already exists at: ./input/random_graphs/graph_900_404550_UNIFORM_1332005502874566195.txt
Graph already exists at: ./input/random_graphs/graph_900_404550_UNIFORM_1722224698700348310.txt
Graph already exists at: ./input/random_graphs/graph_900_404550_UNIFORM_8626102704817790064.txt
Graph already exists at: ./input/random_graphs/graph_900_404550_UNIFORM_7905487461282246979.txt
Graph already exists at: ./input/random_graphs/graph_900_404550_UNIFORM_8448596294177070022.txt
Graph already exists at: ./input/random_graphs/graph_900_404550_UNIFORM_4795749165124911768.txt
Graph already exists at: ./input/random_graphs/graph_900_404550_UNIFORM_4934890601268679176.txt
Graph already exists at: ./input/random_graphs/graph_900_404550_UNIFORM_1992204328026194281.txt
Graph already exists at: ./input/random_graphs/graph_900_404550_UNIFORM_7118744415197196276.txt
Graph already exists at: ./input/random_graphs/graph_900_404550_UNIFORM_2718103348384927511.txt
Graph already exists at: ./input/random_graphs/graph_900_404550_UNIFORM_9059990922233379852.txt
Graph already exists at: ./input/random_graphs/graph_900_404550_UNIFORM_7449662661572224354.txt
Graph already exists at: ./input/random_graphs/graph_900_404550_UNIFORM_3221421291694197220.txt
Graph already exists at: ./input/random_graphs/graph_900_404550_UNIFORM_8867616339855336876.txt
Graph already exists at: ./input/random_graphs/graph_900_404550_UNIFORM_5894893360759659423.txt
Graph already exists at: ./input/random_graphs/graph_900_404550_UNIFORM_7983805977214098674.txt
Graph already exists at: ./input/random_graphs/graph_900_404550_UNIFORM_4940913311242578590.txt
Graph already exists at: ./input/random_graphs/graph_900_404550_UNIFORM_2264398621601381987.txt
Graph already exists at: ./input/random_graphs/graph_900_404550_UNIFORM_7632458674696225362.txt
Graph already exists at: ./input/random_graphs/graph_1000_499500_UNIFORM_6230961512046992311.txt
Graph already exists at: ./input/random_graphs/graph_1000_499500_UNIFORM_7871178979383552919.txt
Graph already exists at: ./input/random_graphs/graph_1000_499500_UNIFORM_5739955973604961613.txt
Graph already exists at: ./input/random_graphs/graph_1000_499500_UNIFORM_3881801951614183357.txt
Graph already exists at: ./input/random_graphs/graph_1000_499500_UNIFORM_7032710160631691991.txt
Graph already exists at: ./input/random_graphs/graph_1000_499500_UNIFORM_7599700178212337699.txt
Graph already exists at: ./input/random_graphs/graph_1000_499500_UNIFORM_1353182403971399009.txt
Graph already exists at: ./input/random_graphs/graph_1000_499500_UNIFORM_1070244953599069350.txt
Graph already exists at: ./input/random_graphs/graph_1000_499500_UNIFORM_6522163754831416203.txt
Graph already exists at: ./input/random_graphs/graph_1000_499500_UNIFORM_6938562734920028532.txt
Graph already exists at: ./input/random_graphs/graph_1000_499500_UNIFORM_4040737767143389431.txt
Graph already exists at: ./input/random_graphs/graph_1000_499500_UNIFORM_1250005700364523649.txt
Graph already exists at: ./input/random_graphs/graph_1000_499500_UNIFORM_1309542850049879452.txt
Graph already exists at: ./input/random_graphs/graph_1000_499500_UNIFORM_2429002973740178792.txt
Graph already exists at: ./input/random_graphs/graph_1000_499500_UNIFORM_7663871783842725848.txt
Graph already exists at: ./input/random_graphs/graph_1000_499500_UNIFORM_320375091487821987.txt
Graph already exists at: ./input/random_graphs/graph_1000_499500_UNIFORM_5906957480796939447.txt
Graph already exists at: ./input/random_graphs/graph_1000_499500_UNIFORM_1250773459040295677.txt
Graph already exists at: ./input/random_graphs/graph_1000_499500_UNIFORM_7146860528564146064.txt
Graph already exists at: ./input/random_graphs/graph_1000_499500_UNIFORM_3438400432146115956.txt
Graph already exists at: ./input/random_graphs/graph_1000_499500_UNIFORM_7473196763798409428.txt
Graph already exists at: ./input/random_graphs/graph_1000_499500_UNIFORM_5139481885857321791.txt
Graph already exists at: ./input/random_graphs/graph_1000_499500_UNIFORM_5142811650494845597.txt
Graph already exists at: ./input/random_graphs/graph_1000_499500_UNIFORM_3010622984418968408.txt
Graph already exists at: ./input/random_graphs/graph_1000_499500_UNIFORM_6002685213311538187.txt
Graph already exists at: ./input/random_graphs/graph_1000_499500_UNIFORM_5708372698381010775.txt
Graph already exists at: ./input/random_graphs/graph_1000_499500_UNIFORM_521787134863155063.txt
Graph already exists at: ./input/random_graphs/graph_1000_499500_UNIFORM_1731523882129807996.txt
Graph already exists at: ./input/random_graphs/graph_1000_499500_UNIFORM_1853590723603270879.txt
Graph already exists at: ./input/random_graphs/graph_1000_499500_UNIFORM_7029781962072644698.txt
Graph already exists at: ./input/random_graphs/graph_1000_499500_UNIFORM_6785030173969523435.txt
Graph already exists at: ./input/random_graphs/graph_1000_499500_UNIFORM_5529616217668449934.txt
Graph already exists at: ./input/random_graphs/graph_1000_499500_UNIFORM_1024517563182776983.txt
Graph already exists at: ./input/random_graphs/graph_1000_499500_UNIFORM_3224265581699847191.txt
Graph already exists at: ./input/random_graphs/graph_1000_499500_UNIFORM_5258051056098597521.txt
Graph already exists at: ./input/random_graphs/graph_1000_499500_UNIFORM_1647170069535670909.txt
Graph already exists at: ./input/random_graphs/graph_1000_499500_UNIFORM_4122784633514911760.txt
Graph already exists at: ./input/random_graphs/graph_1000_499500_UNIFORM_7706236040662210848.txt
Graph already exists at: ./input/random_graphs/graph_1000_499500_UNIFORM_824387247617288499.txt
Graph already exists at: ./input/random_graphs/graph_1000_499500_UNIFORM_1632192924771168275.txt
Graph already exists at: ./input/random_graphs/graph_1000_499500_UNIFORM_7161906730445628483.txt
Graph already exists at: ./input/random_graphs/graph_1000_499500_UNIFORM_6802378520969450157.txt
Graph already exists at: ./input/random_graphs/graph_1000_499500_UNIFORM_4552998297316576788.txt
Graph already exists at: ./input/random_graphs/graph_1000_499500_UNIFORM_8031431416522537101.txt
Graph already exists at: ./input/random_graphs/graph_1000_499500_UNIFORM_6143643868734370809.txt
Graph already exists at: ./input/random_graphs/graph_1000_499500_UNIFORM_3272308573967577038.txt
Graph already exists at: ./input/random_graphs/graph_1000_499500_UNIFORM_5636411189175451024.txt
Graph already exists at: ./input/random_graphs/graph_1000_499500_UNIFORM_5349491008325879064.txt
Graph already exists at: ./input/random_graphs/graph_1000_499500_UNIFORM_6614505080519948832.txt
Graph already exists at: ./input/random_graphs/graph_1000_499500_UNIFORM_7938560551762094560.txt
Graph already exists at: ./input/random_graphs/graph_1000_499500_UNIFORM_7917045922527545890.txt
Graph already exists at: ./input/random_graphs/graph_1000_499500_UNIFORM_4445925461710302877.txt
Graph already exists at: ./input/random_graphs/graph_1000_499500_UNIFORM_3865339568260874865.txt
Graph already exists at: ./input/random_graphs/graph_1000_499500_UNIFORM_7921282862123281598.txt
Graph already exists at: ./input/random_graphs/graph_1000_499500_UNIFORM_6224222471595207695.txt
Graph already exists at: ./input/random_graphs/graph_1000_499500_UNIFORM_1128313391724783137.txt
Graph already exists at: ./input/random_graphs/graph_1000_499500_UNIFORM_716820155901718944.txt
Graph already exists at: ./input/random_graphs/graph_1000_499500_UNIFORM_8718380604043999642.txt
Graph already exists at: ./input/random_graphs/graph_1000_499500_UNIFORM_5063475852268941542.txt
Graph already exists at: ./input/random_graphs/graph_1000_499500_UNIFORM_4997514996153925447.txt
Graph already exists at: ./input/random_graphs/graph_1000_499500_UNIFORM_8446481348147407377.txt
Graph already exists at: ./input/random_graphs/graph_1000_499500_UNIFORM_3817405844514670994.txt
Graph already exists at: ./input/random_graphs/graph_1000_499500_UNIFORM_6529943913552561417.txt
Graph already exists at: ./input/random_graphs/graph_1000_499500_UNIFORM_2909934787168262407.txt
Graph already exists at: ./input/random_graphs/graph_1000_499500_UNIFORM_1170385908854608748.txt
Graph already exists at: ./input/random_graphs/graph_1000_499500_UNIFORM_6022436717541034636.txt
Graph already exists at: ./input/random_graphs/graph_1000_499500_UNIFORM_199422815561151340.txt
Graph already exists at: ./input/random_graphs/graph_1000_499500_UNIFORM_3713827327871807734.txt
Graph already exists at: ./input/random_graphs/graph_1000_499500_UNIFORM_175493991617213850.txt
Graph already exists at: ./input/random_graphs/graph_1000_499500_UNIFORM_5108599054664628607.txt
Graph already exists at: ./input/random_graphs/graph_1000_499500_UNIFORM_6764066939395682287.txt
Graph already exists at: ./input/random_graphs/graph_1000_499500_UNIFORM_9130666990809746335.txt
Graph already exists at: ./input/random_graphs/graph_1000_499500_UNIFORM_7644420139408884785.txt
Graph already exists at: ./input/random_graphs/graph_1000_499500_UNIFORM_1458186392400727732.txt
Graph already exists at: ./input/random_graphs/graph_1000_499500_UNIFORM_1392892770529522614.txt
Graph already exists at: ./input/random_graphs/graph_1000_499500_UNIFORM_9060210648189963449.txt
Graph already exists at: ./input/random_graphs/graph_1000_499500_UNIFORM_4250897495980125004.txt
Graph already exists at: ./input/random_graphs/graph_1000_499500_UNIFORM_8794274795737982182.txt
Graph already exists at: ./input/random_graphs/graph_1000_499500_UNIFORM_2089506265998900862.txt
Graph already exists at: ./input/random_graphs/graph_1000_499500_UNIFORM_5497874167834979553.txt
Graph already exists at: ./input/random_graphs/graph_1000_499500_UNIFORM_4060584409398689268.txt
Graph already exists at: ./input/random_graphs/graph_1000_499500_UNIFORM_1332005502874566195.txt
Graph already exists at: ./input/random_graphs/graph_1000_499500_UNIFORM_1722224698700348310.txt
Graph already exists at: ./input/random_graphs/graph_1000_499500_UNIFORM_8626102704817790064.txt
Graph already exists at: ./input/random_graphs/graph_1000_499500_UNIFORM_7905487461282246979.txt
Graph already exists at: ./input/random_graphs/graph_1000_499500_UNIFORM_8448596294177070022.txt
Graph already exists at: ./input/random_graphs/graph_1000_499500_UNIFORM_4795749165124911768.txt
Graph already exists at: ./input/random_graphs/graph_1000_499500_UNIFORM_4934890601268679176.txt
Graph already exists at: ./input/random_graphs/graph_1000_499500_UNIFORM_1992204328026194281.txt
Graph already exists at: ./input/random_graphs/graph_1000_499500_UNIFORM_7118744415197196276.txt
Graph already exists at: ./input/random_graphs/graph_1000_499500_UNIFORM_2718103348384927511.txt
Graph already exists at: ./input/random_graphs/graph_1000_499500_UNIFORM_9059990922233379852.txt
Graph already exists at: ./input/random_graphs/graph_1000_499500_UNIFORM_7449662661572224354.txt
Graph already exists at: ./input/random_graphs/graph_1000_499500_UNIFORM_3221421291694197220.txt
Graph already exists at: ./input/random_graphs/graph_1000_499500_UNIFORM_8867616339855336876.txt
Graph already exists at: ./input/random_graphs/graph_1000_499500_UNIFORM_5894893360759659423.txt
Graph already exists at: ./input/random_graphs/graph_1000_499500_UNIFORM_7983805977214098674.txt
Graph already exists at: ./input/random_graphs/graph_1000_499500_UNIFORM_4940913311242578590.txt
Graph already exists at: ./input/random_graphs/graph_1000_499500_UNIFORM_2264398621601381987.txt
Graph already exists at: ./input/random_graphs/graph_1000_499500_UNIFORM_7632458674696225362.txt
      Average Passes: 2.94,  Average Height: 800.0, Time/Memory: 24.18,3120
Running kpath variant 0 with N=800, sparsity=4, k=10, seed=1729...
      Average Passes: 3.94,  Average Height: 800.0, Time/Memory: 30.24,5168
Running kpath variant 1 with N=800, sparsity=4, k=10, seed=1729...
      Average Passes: 2.99,  Average Height: 800.0, Time/Memory: 23.77,5172
Running kpath variant 2 with N=800, sparsity=4, k=10, seed=1729...
      Average Passes: 2.94,  Average Height: 800.0, Time/Memory: 23.17,4132
Running kpath variant N with N=800, sparsity=4, k=10, seed=1729...
      Average Passes: 2.0,  Average Height: 800.0, Time/Memory: 16.05,4132
Running klev variant 0 with N=800, sparsity=4, k=2, seed=1729...
      Average Passes: 3.0,  Average Height: 800.0, Time/Memory: 32.38,3108
Running klev variant 1 with N=800, sparsity=4, k=2, seed=1729...
      Average Passes: 2.0,  Average Height: 800.0, Time/Memory: 24.59,4172
Running klev variant 2 with N=800, sparsity=4, k=2, seed=1729...
      Average Passes: 2.0,  Average Height: 800.0, Time/Memory: 22.36,3144
Running klev variant N with N=800, sparsity=4, k=2, seed=1729...
      Average Passes: 2.0,  Average Height: 800.0, Time/Memory: 21.26,3108
Running klev variant 0 with N=800, sparsity=4, k=5, seed=1729...
      Average Passes: 3.0,  Average Height: 800.0, Time/Memory: 32.62,3152
Running klev variant 1 with N=800, sparsity=4, k=5, seed=1729...
      Average Passes: 2.0,  Average Height: 800.0, Time/Memory: 24.57,3144
Running klev variant 2 with N=800, sparsity=4, k=5, seed=1729...
      Average Passes: 2.0,  Average Height: 800.0, Time/Memory: 21.76,3108
Running klev variant N with N=800, sparsity=4, k=5, seed=1729...
      Average Passes: 1.02,  Average Height: 800.0, Time/Memory: 12.89,3108
Running klev variant 0 with N=800, sparsity=4, k=10, seed=1729...
      Average Passes: 3.0,  Average Height: 800.0, Time/Memory: 32.39,3188
Running klev variant 1 with N=800, sparsity=4, k=10, seed=1729...
      Average Passes: 2.0,  Average Height: 800.0, Time/Memory: 24.50,3152
Running klev variant 2 with N=800, sparsity=4, k=10, seed=1729...
      Average Passes: 2.0,  Average Height: 800.0, Time/Memory: 21.97,4160
Running klev variant N with N=800, sparsity=4, k=10, seed=1729...
      Average Passes: 1.0,  Average Height: 800.0, Time/Memory: 12.70,4136
Running kpath variant 0 with N=900, sparsity=4, k=2, seed=1729...
      Average Passes: 13.35,  Average Height: 900.0, Time/Memory: 130.55,3108
Running kpath variant 1 with N=900, sparsity=4, k=2, seed=1729...
      Average Passes: 13.43,  Average Height: 900.0, Time/Memory: 135.23,3108
Running kpath variant 2 with N=900, sparsity=4, k=2, seed=1729...
      Average Passes: 6.36,  Average Height: 900.0, Time/Memory: 64.75,3112
Running kpath variant N with N=900, sparsity=4, k=2, seed=1729...
      Average Passes: 4.0,  Average Height: 900.0, Time/Memory: 41.09,3132
Running kpath variant 0 with N=900, sparsity=4, k=5, seed=1729...
      Average Passes: 4.93,  Average Height: 900.0, Time/Memory: 48.74,3108
Running kpath variant 1 with N=900, sparsity=4, k=5, seed=1729...
      Average Passes: 4.0,  Average Height: 900.0, Time/Memory: 40.08,3140
Running kpath variant 2 with N=900, sparsity=4, k=5, seed=1729...
      Average Passes: 3.69,  Average Height: 900.0, Time/Memory: 36.90,3108
Running kpath variant N with N=900, sparsity=4, k=5, seed=1729...
      Average Passes: 2.96,  Average Height: 900.0, Time/Memory: 29.47,4136
Running kpath variant 0 with N=900, sparsity=4, k=10, seed=1729...
      Average Passes: 3.95,  Average Height: 900.0, Time/Memory: 38.82,4180
Running kpath variant 1 with N=900, sparsity=4, k=10, seed=1729...
      Average Passes: 2.99,  Average Height: 900.0, Time/Memory: 30.15,4216
Running kpath variant 2 with N=900, sparsity=4, k=10, seed=1729...
      Average Passes: 2.98,  Average Height: 900.0, Time/Memory: 29.75,4132
Running kpath variant N with N=900, sparsity=4, k=10, seed=1729...
      Average Passes: 2.0,  Average Height: 900.0, Time/Memory: 20.00,5168
Running klev variant 0 with N=900, sparsity=4, k=2, seed=1729...
      Average Passes: 3.01,  Average Height: 900.0, Time/Memory: 41.61,3136
Running klev variant 1 with N=900, sparsity=4, k=2, seed=1729...
      Average Passes: 2.0,  Average Height: 900.0, Time/Memory: 31.33,3108
Running klev variant 2 with N=900, sparsity=4, k=2, seed=1729...
      Average Passes: 2.0,  Average Height: 900.0, Time/Memory: 28.14,3104
Running klev variant N with N=900, sparsity=4, k=2, seed=1729...
      Average Passes: 2.0,  Average Height: 900.0, Time/Memory: 27.30,3144
Running klev variant 0 with N=900, sparsity=4, k=5, seed=1729...
      Average Passes: 3.01,  Average Height: 900.0, Time/Memory: 41.76,3108
Running klev variant 1 with N=900, sparsity=4, k=5, seed=1729...
      Average Passes: 2.0,  Average Height: 900.0, Time/Memory: 31.01,3136
Running klev variant 2 with N=900, sparsity=4, k=5, seed=1729...
      Average Passes: 2.0,  Average Height: 900.0, Time/Memory: 27.59,4156
Running klev variant N with N=900, sparsity=4, k=5, seed=1729...
      Average Passes: 1.02,  Average Height: 900.0, Time/Memory: 16.63,5168
Running klev variant 0 with N=900, sparsity=4, k=10, seed=1729...
      Average Passes: 3.0,  Average Height: 900.0, Time/Memory: 41.61,3108
Running klev variant 1 with N=900, sparsity=4, k=10, seed=1729...
      Average Passes: 2.0,  Average Height: 900.0, Time/Memory: 31.22,3128
Running klev variant 2 with N=900, sparsity=4, k=10, seed=1729...
      Average Passes: 2.0,  Average Height: 900.0, Time/Memory: 27.50,4208
Running klev variant N with N=900, sparsity=4, k=10, seed=1729...
      Average Passes: 1.0,  Average Height: 900.0, Time/Memory: 16.30,4132
Running kpath variant 0 with N=1000, sparsity=4, k=2, seed=1729...
      Average Passes: 13.74,  Average Height: 1000.0, Time/Memory: 169.59,3108
Running kpath variant 1 with N=1000, sparsity=4, k=2, seed=1729...
      Average Passes: 13.8,  Average Height: 1000.0, Time/Memory: 167.89,3188
Running kpath variant 2 with N=1000, sparsity=4, k=2, seed=1729...
      Average Passes: 6.4,  Average Height: 1000.0, Time/Memory: 78.22,3108
Running kpath variant N with N=1000, sparsity=4, k=2, seed=1729...
      Average Passes: 4.0,  Average Height: 1000.0, Time/Memory: 50.57,4160
Running kpath variant 0 with N=1000, sparsity=4, k=5, seed=1729...
      Average Passes: 4.96,  Average Height: 1000.0, Time/Memory: 60.35,4152
Running kpath variant 1 with N=1000, sparsity=4, k=5, seed=1729...
      Average Passes: 4.0,  Average Height: 1000.0, Time/Memory: 50.51,4152
Running kpath variant 2 with N=1000, sparsity=4, k=5, seed=1729...
      Average Passes: 3.76,  Average Height: 1000.0, Time/Memory: 45.73,4140
Running kpath variant N with N=1000, sparsity=4, k=5, seed=1729...
      Average Passes: 2.97,  Average Height: 1000.0, Time/Memory: 36.62,4164
Running kpath variant 0 with N=1000, sparsity=4, k=10, seed=1729...
      Average Passes: 3.98,  Average Height: 1000.0, Time/Memory: 48.79,4176
Running kpath variant 1 with N=1000, sparsity=4, k=10, seed=1729...
      Average Passes: 2.99,  Average Height: 1000.0, Time/Memory: 37.38,5168
Running kpath variant 2 with N=1000, sparsity=4, k=10, seed=1729...
      Average Passes: 3.0,  Average Height: 1000.0, Time/Memory: 37.36,4164
Running kpath variant N with N=1000, sparsity=4, k=10, seed=1729...
      Average Passes: 2.0,  Average Height: 1000.0, Time/Memory: 24.72,4132
Running klev variant 0 with N=1000, sparsity=4, k=2, seed=1729...
      Average Passes: 3.0,  Average Height: 1000.0, Time/Memory: 52.29,3108
Running klev variant 1 with N=1000, sparsity=4, k=2, seed=1729...
      Average Passes: 2.0,  Average Height: 1000.0, Time/Memory: 39.33,3188
Running klev variant 2 with N=1000, sparsity=4, k=2, seed=1729...
      Average Passes: 2.0,  Average Height: 1000.0, Time/Memory: 35.14,4136
Running klev variant N with N=1000, sparsity=4, k=2, seed=1729...
      Average Passes: 1.99,  Average Height: 1000.0, Time/Memory: 34.20,3108
Running klev variant 0 with N=1000, sparsity=4, k=5, seed=1729...
      Average Passes: 3.0,  Average Height: 1000.0, Time/Memory: 51.58,3144
Graph already exists at: ./input/random_graphs/graph_1200_719400_UNIFORM_6230961512046992311.txt
Graph already exists at: ./input/random_graphs/graph_1200_719400_UNIFORM_7871178979383552919.txt
Graph already exists at: ./input/random_graphs/graph_1200_719400_UNIFORM_5739955973604961613.txt
Graph already exists at: ./input/random_graphs/graph_1200_719400_UNIFORM_3881801951614183357.txt
Graph already exists at: ./input/random_graphs/graph_1200_719400_UNIFORM_7032710160631691991.txt
Graph already exists at: ./input/random_graphs/graph_1200_719400_UNIFORM_7599700178212337699.txt
Graph already exists at: ./input/random_graphs/graph_1200_719400_UNIFORM_1353182403971399009.txt
Graph already exists at: ./input/random_graphs/graph_1200_719400_UNIFORM_1070244953599069350.txt
Graph already exists at: ./input/random_graphs/graph_1200_719400_UNIFORM_6522163754831416203.txt
Graph already exists at: ./input/random_graphs/graph_1200_719400_UNIFORM_6938562734920028532.txt
Graph already exists at: ./input/random_graphs/graph_1200_719400_UNIFORM_4040737767143389431.txt
Graph already exists at: ./input/random_graphs/graph_1200_719400_UNIFORM_1250005700364523649.txt
Graph already exists at: ./input/random_graphs/graph_1200_719400_UNIFORM_1309542850049879452.txt
Graph already exists at: ./input/random_graphs/graph_1200_719400_UNIFORM_2429002973740178792.txt
Graph already exists at: ./input/random_graphs/graph_1200_719400_UNIFORM_7663871783842725848.txt
Graph already exists at: ./input/random_graphs/graph_1200_719400_UNIFORM_320375091487821987.txt
Graph already exists at: ./input/random_graphs/graph_1200_719400_UNIFORM_5906957480796939447.txt
Graph already exists at: ./input/random_graphs/graph_1200_719400_UNIFORM_1250773459040295677.txt
Graph already exists at: ./input/random_graphs/graph_1200_719400_UNIFORM_7146860528564146064.txt
Graph already exists at: ./input/random_graphs/graph_1200_719400_UNIFORM_3438400432146115956.txt
Graph already exists at: ./input/random_graphs/graph_1200_719400_UNIFORM_7473196763798409428.txt
Graph already exists at: ./input/random_graphs/graph_1200_719400_UNIFORM_5139481885857321791.txt
Graph already exists at: ./input/random_graphs/graph_1200_719400_UNIFORM_5142811650494845597.txt
Graph already exists at: ./input/random_graphs/graph_1200_719400_UNIFORM_3010622984418968408.txt
Graph already exists at: ./input/random_graphs/graph_1200_719400_UNIFORM_6002685213311538187.txt
Graph already exists at: ./input/random_graphs/graph_1200_719400_UNIFORM_5708372698381010775.txt
Graph already exists at: ./input/random_graphs/graph_1200_719400_UNIFORM_521787134863155063.txt
Graph already exists at: ./input/random_graphs/graph_1200_719400_UNIFORM_1731523882129807996.txt
Graph already exists at: ./input/random_graphs/graph_1200_719400_UNIFORM_1853590723603270879.txt
Graph already exists at: ./input/random_graphs/graph_1200_719400_UNIFORM_7029781962072644698.txt
Graph already exists at: ./input/random_graphs/graph_1200_719400_UNIFORM_6785030173969523435.txt
Graph already exists at: ./input/random_graphs/graph_1200_719400_UNIFORM_5529616217668449934.txt
Graph already exists at: ./input/random_graphs/graph_1200_719400_UNIFORM_1024517563182776983.txt
Graph already exists at: ./input/random_graphs/graph_1200_719400_UNIFORM_3224265581699847191.txt
Graph already exists at: ./input/random_graphs/graph_1200_719400_UNIFORM_5258051056098597521.txt
Graph already exists at: ./input/random_graphs/graph_1200_719400_UNIFORM_1647170069535670909.txt
Graph already exists at: ./input/random_graphs/graph_1200_719400_UNIFORM_4122784633514911760.txt
Graph already exists at: ./input/random_graphs/graph_1200_719400_UNIFORM_7706236040662210848.txt
Graph already exists at: ./input/random_graphs/graph_1200_719400_UNIFORM_824387247617288499.txt
Graph already exists at: ./input/random_graphs/graph_1200_719400_UNIFORM_1632192924771168275.txt
Graph already exists at: ./input/random_graphs/graph_1200_719400_UNIFORM_7161906730445628483.txt
Graph already exists at: ./input/random_graphs/graph_1200_719400_UNIFORM_6802378520969450157.txt
Graph already exists at: ./input/random_graphs/graph_1200_719400_UNIFORM_4552998297316576788.txt
Graph already exists at: ./input/random_graphs/graph_1200_719400_UNIFORM_8031431416522537101.txt
Graph already exists at: ./input/random_graphs/graph_1200_719400_UNIFORM_6143643868734370809.txt
Graph already exists at: ./input/random_graphs/graph_1200_719400_UNIFORM_3272308573967577038.txt
Graph already exists at: ./input/random_graphs/graph_1200_719400_UNIFORM_5636411189175451024.txt
Graph already exists at: ./input/random_graphs/graph_1200_719400_UNIFORM_5349491008325879064.txt
Graph already exists at: ./input/random_graphs/graph_1200_719400_UNIFORM_6614505080519948832.txt
Graph already exists at: ./input/random_graphs/graph_1200_719400_UNIFORM_7938560551762094560.txt
Graph already exists at: ./input/random_graphs/graph_1200_719400_UNIFORM_7917045922527545890.txt
Graph already exists at: ./input/random_graphs/graph_1200_719400_UNIFORM_4445925461710302877.txt
Graph already exists at: ./input/random_graphs/graph_1200_719400_UNIFORM_3865339568260874865.txt
Graph already exists at: ./input/random_graphs/graph_1200_719400_UNIFORM_7921282862123281598.txt
Graph already exists at: ./input/random_graphs/graph_1200_719400_UNIFORM_6224222471595207695.txt
Graph already exists at: ./input/random_graphs/graph_1200_719400_UNIFORM_1128313391724783137.txt
Graph already exists at: ./input/random_graphs/graph_1200_719400_UNIFORM_716820155901718944.txt
Graph already exists at: ./input/random_graphs/graph_1200_719400_UNIFORM_8718380604043999642.txt
Graph already exists at: ./input/random_graphs/graph_1200_719400_UNIFORM_5063475852268941542.txt
Graph already exists at: ./input/random_graphs/graph_1200_719400_UNIFORM_4997514996153925447.txt
Graph already exists at: ./input/random_graphs/graph_1200_719400_UNIFORM_8446481348147407377.txt
Graph already exists at: ./input/random_graphs/graph_1200_719400_UNIFORM_3817405844514670994.txt
Graph already exists at: ./input/random_graphs/graph_1200_719400_UNIFORM_6529943913552561417.txt
Graph already exists at: ./input/random_graphs/graph_1200_719400_UNIFORM_2909934787168262407.txt
Graph already exists at: ./input/random_graphs/graph_1200_719400_UNIFORM_1170385908854608748.txt
Graph already exists at: ./input/random_graphs/graph_1200_719400_UNIFORM_6022436717541034636.txt
Graph already exists at: ./input/random_graphs/graph_1200_719400_UNIFORM_199422815561151340.txt
Graph already exists at: ./input/random_graphs/graph_1200_719400_UNIFORM_3713827327871807734.txt
Graph already exists at: ./input/random_graphs/graph_1200_719400_UNIFORM_175493991617213850.txt
Graph already exists at: ./input/random_graphs/graph_1200_719400_UNIFORM_5108599054664628607.txt
Graph already exists at: ./input/random_graphs/graph_1200_719400_UNIFORM_6764066939395682287.txt
Graph already exists at: ./input/random_graphs/graph_1200_719400_UNIFORM_9130666990809746335.txt
Graph already exists at: ./input/random_graphs/graph_1200_719400_UNIFORM_7644420139408884785.txt
Graph already exists at: ./input/random_graphs/graph_1200_719400_UNIFORM_1458186392400727732.txt
Graph already exists at: ./input/random_graphs/graph_1200_719400_UNIFORM_1392892770529522614.txt
Graph already exists at: ./input/random_graphs/graph_1200_719400_UNIFORM_9060210648189963449.txt
Graph already exists at: ./input/random_graphs/graph_1200_719400_UNIFORM_4250897495980125004.txt
Graph already exists at: ./input/random_graphs/graph_1200_719400_UNIFORM_8794274795737982182.txt
Graph already exists at: ./input/random_graphs/graph_1200_719400_UNIFORM_2089506265998900862.txt
Graph already exists at: ./input/random_graphs/graph_1200_719400_UNIFORM_5497874167834979553.txt
Graph already exists at: ./input/random_graphs/graph_1200_719400_UNIFORM_4060584409398689268.txt
Graph already exists at: ./input/random_graphs/graph_1200_719400_UNIFORM_1332005502874566195.txt
Graph already exists at: ./input/random_graphs/graph_1200_719400_UNIFORM_1722224698700348310.txt
Graph already exists at: ./input/random_graphs/graph_1200_719400_UNIFORM_8626102704817790064.txt
Graph already exists at: ./input/random_graphs/graph_1200_719400_UNIFORM_7905487461282246979.txt
Graph already exists at: ./input/random_graphs/graph_1200_719400_UNIFORM_8448596294177070022.txt
Graph already exists at: ./input/random_graphs/graph_1200_719400_UNIFORM_4795749165124911768.txt
Graph already exists at: ./input/random_graphs/graph_1200_719400_UNIFORM_4934890601268679176.txt
Graph already exists at: ./input/random_graphs/graph_1200_719400_UNIFORM_1992204328026194281.txt
Graph already exists at: ./input/random_graphs/graph_1200_719400_UNIFORM_7118744415197196276.txt
Graph already exists at: ./input/random_graphs/graph_1200_719400_UNIFORM_2718103348384927511.txt
Graph already exists at: ./input/random_graphs/graph_1200_719400_UNIFORM_9059990922233379852.txt
Graph already exists at: ./input/random_graphs/graph_1200_719400_UNIFORM_7449662661572224354.txt
Graph already exists at: ./input/random_graphs/graph_1200_719400_UNIFORM_3221421291694197220.txt
Graph already exists at: ./input/random_graphs/graph_1200_719400_UNIFORM_8867616339855336876.txt
Graph already exists at: ./input/random_graphs/graph_1200_719400_UNIFORM_5894893360759659423.txt
Graph already exists at: ./input/random_graphs/graph_1200_719400_UNIFORM_7983805977214098674.txt
Graph already exists at: ./input/random_graphs/graph_1200_719400_UNIFORM_4940913311242578590.txt
Graph already exists at: ./input/random_graphs/graph_1200_719400_UNIFORM_2264398621601381987.txt
Graph already exists at: ./input/random_graphs/graph_1200_719400_UNIFORM_7632458674696225362.txt
Graph already exists at: ./input/random_graphs/graph_1400_979300_UNIFORM_6230961512046992311.txt
Graph already exists at: ./input/random_graphs/graph_1400_979300_UNIFORM_7871178979383552919.txt
Graph already exists at: ./input/random_graphs/graph_1400_979300_UNIFORM_5739955973604961613.txt
Graph already exists at: ./input/random_graphs/graph_1400_979300_UNIFORM_3881801951614183357.txt
Graph already exists at: ./input/random_graphs/graph_1400_979300_UNIFORM_7032710160631691991.txt
Graph already exists at: ./input/random_graphs/graph_1400_979300_UNIFORM_7599700178212337699.txt
Graph already exists at: ./input/random_graphs/graph_1400_979300_UNIFORM_1353182403971399009.txt
Graph already exists at: ./input/random_graphs/graph_1400_979300_UNIFORM_1070244953599069350.txt
Graph already exists at: ./input/random_graphs/graph_1400_979300_UNIFORM_6522163754831416203.txt
Graph already exists at: ./input/random_graphs/graph_1400_979300_UNIFORM_6938562734920028532.txt
Graph already exists at: ./input/random_graphs/graph_1400_979300_UNIFORM_4040737767143389431.txt
Graph already exists at: ./input/random_graphs/graph_1400_979300_UNIFORM_1250005700364523649.txt
Graph already exists at: ./input/random_graphs/graph_1400_979300_UNIFORM_1309542850049879452.txt
Graph already exists at: ./input/random_graphs/graph_1400_979300_UNIFORM_2429002973740178792.txt
Graph already exists at: ./input/random_graphs/graph_1400_979300_UNIFORM_7663871783842725848.txt
Graph already exists at: ./input/random_graphs/graph_1400_979300_UNIFORM_320375091487821987.txt
Graph already exists at: ./input/random_graphs/graph_1400_979300_UNIFORM_5906957480796939447.txt
Graph already exists at: ./input/random_graphs/graph_1400_979300_UNIFORM_1250773459040295677.txt
Graph already exists at: ./input/random_graphs/graph_1400_979300_UNIFORM_7146860528564146064.txt
Graph already exists at: ./input/random_graphs/graph_1400_979300_UNIFORM_3438400432146115956.txt
Graph already exists at: ./input/random_graphs/graph_1400_979300_UNIFORM_7473196763798409428.txt
Graph already exists at: ./input/random_graphs/graph_1400_979300_UNIFORM_5139481885857321791.txt
Graph already exists at: ./input/random_graphs/graph_1400_979300_UNIFORM_5142811650494845597.txt
Graph already exists at: ./input/random_graphs/graph_1400_979300_UNIFORM_3010622984418968408.txt
Graph already exists at: ./input/random_graphs/graph_1400_979300_UNIFORM_6002685213311538187.txt
Graph already exists at: ./input/random_graphs/graph_1400_979300_UNIFORM_5708372698381010775.txt
Graph already exists at: ./input/random_graphs/graph_1400_979300_UNIFORM_521787134863155063.txt
Graph already exists at: ./input/random_graphs/graph_1400_979300_UNIFORM_1731523882129807996.txt
Graph already exists at: ./input/random_graphs/graph_1400_979300_UNIFORM_1853590723603270879.txt
Graph already exists at: ./input/random_graphs/graph_1400_979300_UNIFORM_7029781962072644698.txt
Graph already exists at: ./input/random_graphs/graph_1400_979300_UNIFORM_6785030173969523435.txt
Graph already exists at: ./input/random_graphs/graph_1400_979300_UNIFORM_5529616217668449934.txt
Graph already exists at: ./input/random_graphs/graph_1400_979300_UNIFORM_1024517563182776983.txt
Graph already exists at: ./input/random_graphs/graph_1400_979300_UNIFORM_3224265581699847191.txt
Graph already exists at: ./input/random_graphs/graph_1400_979300_UNIFORM_5258051056098597521.txt
Graph already exists at: ./input/random_graphs/graph_1400_979300_UNIFORM_1647170069535670909.txt
Graph already exists at: ./input/random_graphs/graph_1400_979300_UNIFORM_4122784633514911760.txt
Graph already exists at: ./input/random_graphs/graph_1400_979300_UNIFORM_7706236040662210848.txt
Graph already exists at: ./input/random_graphs/graph_1400_979300_UNIFORM_824387247617288499.txt
Graph already exists at: ./input/random_graphs/graph_1400_979300_UNIFORM_1632192924771168275.txt
Graph already exists at: ./input/random_graphs/graph_1400_979300_UNIFORM_7161906730445628483.txt
Graph already exists at: ./input/random_graphs/graph_1400_979300_UNIFORM_6802378520969450157.txt
Graph already exists at: ./input/random_graphs/graph_1400_979300_UNIFORM_4552998297316576788.txt
Graph already exists at: ./input/random_graphs/graph_1400_979300_UNIFORM_8031431416522537101.txt
Graph already exists at: ./input/random_graphs/graph_1400_979300_UNIFORM_6143643868734370809.txt
Graph already exists at: ./input/random_graphs/graph_1400_979300_UNIFORM_3272308573967577038.txt
Graph already exists at: ./input/random_graphs/graph_1400_979300_UNIFORM_5636411189175451024.txt
Graph already exists at: ./input/random_graphs/graph_1400_979300_UNIFORM_5349491008325879064.txt
Graph already exists at: ./input/random_graphs/graph_1400_979300_UNIFORM_6614505080519948832.txt
Graph already exists at: ./input/random_graphs/graph_1400_979300_UNIFORM_7938560551762094560.txt
Graph already exists at: ./input/random_graphs/graph_1400_979300_UNIFORM_7917045922527545890.txt
Graph already exists at: ./input/random_graphs/graph_1400_979300_UNIFORM_4445925461710302877.txt
Graph already exists at: ./input/random_graphs/graph_1400_979300_UNIFORM_3865339568260874865.txt
Graph already exists at: ./input/random_graphs/graph_1400_979300_UNIFORM_7921282862123281598.txt
Graph already exists at: ./input/random_graphs/graph_1400_979300_UNIFORM_6224222471595207695.txt
Graph already exists at: ./input/random_graphs/graph_1400_979300_UNIFORM_1128313391724783137.txt
Graph already exists at: ./input/random_graphs/graph_1400_979300_UNIFORM_716820155901718944.txt
Graph already exists at: ./input/random_graphs/graph_1400_979300_UNIFORM_8718380604043999642.txt
Graph already exists at: ./input/random_graphs/graph_1400_979300_UNIFORM_5063475852268941542.txt
Graph already exists at: ./input/random_graphs/graph_1400_979300_UNIFORM_4997514996153925447.txt
Graph already exists at: ./input/random_graphs/graph_1400_979300_UNIFORM_8446481348147407377.txt
Graph already exists at: ./input/random_graphs/graph_1400_979300_UNIFORM_3817405844514670994.txt
Graph already exists at: ./input/random_graphs/graph_1400_979300_UNIFORM_6529943913552561417.txt
Graph already exists at: ./input/random_graphs/graph_1400_979300_UNIFORM_2909934787168262407.txt
Graph already exists at: ./input/random_graphs/graph_1400_979300_UNIFORM_1170385908854608748.txt
Graph already exists at: ./input/random_graphs/graph_1400_979300_UNIFORM_6022436717541034636.txt
Graph already exists at: ./input/random_graphs/graph_1400_979300_UNIFORM_199422815561151340.txt
Graph already exists at: ./input/random_graphs/graph_1400_979300_UNIFORM_3713827327871807734.txt
Graph already exists at: ./input/random_graphs/graph_1400_979300_UNIFORM_175493991617213850.txt
Graph already exists at: ./input/random_graphs/graph_1400_979300_UNIFORM_5108599054664628607.txt
Graph already exists at: ./input/random_graphs/graph_1400_979300_UNIFORM_6764066939395682287.txt
Graph already exists at: ./input/random_graphs/graph_1400_979300_UNIFORM_9130666990809746335.txt
Graph already exists at: ./input/random_graphs/graph_1400_979300_UNIFORM_7644420139408884785.txt
Graph already exists at: ./input/random_graphs/graph_1400_979300_UNIFORM_1458186392400727732.txt
Graph already exists at: ./input/random_graphs/graph_1400_979300_UNIFORM_1392892770529522614.txt
Graph already exists at: ./input/random_graphs/graph_1400_979300_UNIFORM_9060210648189963449.txt
Graph already exists at: ./input/random_graphs/graph_1400_979300_UNIFORM_4250897495980125004.txt
Graph already exists at: ./input/random_graphs/graph_1400_979300_UNIFORM_8794274795737982182.txt
Graph already exists at: ./input/random_graphs/graph_1400_979300_UNIFORM_2089506265998900862.txt
Graph already exists at: ./input/random_graphs/graph_1400_979300_UNIFORM_5497874167834979553.txt
Graph already exists at: ./input/random_graphs/graph_1400_979300_UNIFORM_4060584409398689268.txt
Graph already exists at: ./input/random_graphs/graph_1400_979300_UNIFORM_1332005502874566195.txt
Graph already exists at: ./input/random_graphs/graph_1400_979300_UNIFORM_1722224698700348310.txt
Graph already exists at: ./input/random_graphs/graph_1400_979300_UNIFORM_8626102704817790064.txt
Graph already exists at: ./input/random_graphs/graph_1400_979300_UNIFORM_7905487461282246979.txt
Graph already exists at: ./input/random_graphs/graph_1400_979300_UNIFORM_8448596294177070022.txt
Graph already exists at: ./input/random_graphs/graph_1400_979300_UNIFORM_4795749165124911768.txt
Graph already exists at: ./input/random_graphs/graph_1400_979300_UNIFORM_4934890601268679176.txt
Graph already exists at: ./input/random_graphs/graph_1400_979300_UNIFORM_1992204328026194281.txt
Graph already exists at: ./input/random_graphs/graph_1400_979300_UNIFORM_7118744415197196276.txt
Graph already exists at: ./input/random_graphs/graph_1400_979300_UNIFORM_2718103348384927511.txt
Graph already exists at: ./input/random_graphs/graph_1400_979300_UNIFORM_9059990922233379852.txt
Graph already exists at: ./input/random_graphs/graph_1400_979300_UNIFORM_7449662661572224354.txt
Graph already exists at: ./input/random_graphs/graph_1400_979300_UNIFORM_3221421291694197220.txt
Graph already exists at: ./input/random_graphs/graph_1400_979300_UNIFORM_8867616339855336876.txt
Graph already exists at: ./input/random_graphs/graph_1400_979300_UNIFORM_5894893360759659423.txt
Graph already exists at: ./input/random_graphs/graph_1400_979300_UNIFORM_7983805977214098674.txt
Graph already exists at: ./input/random_graphs/graph_1400_979300_UNIFORM_4940913311242578590.txt
Graph already exists at: ./input/random_graphs/graph_1400_979300_UNIFORM_2264398621601381987.txt
Graph already exists at: ./input/random_graphs/graph_1400_979300_UNIFORM_7632458674696225362.txt
Graph already exists at: ./input/random_graphs/graph_1600_1279200_UNIFORM_6230961512046992311.txt
Graph already exists at: ./input/random_graphs/graph_1600_1279200_UNIFORM_7871178979383552919.txt
Graph already exists at: ./input/random_graphs/graph_1600_1279200_UNIFORM_5739955973604961613.txt
Graph already exists at: ./input/random_graphs/graph_1600_1279200_UNIFORM_3881801951614183357.txt
Graph already exists at: ./input/random_graphs/graph_1600_1279200_UNIFORM_7032710160631691991.txt
Graph already exists at: ./input/random_graphs/graph_1600_1279200_UNIFORM_7599700178212337699.txt
Graph already exists at: ./input/random_graphs/graph_1600_1279200_UNIFORM_1353182403971399009.txt
Graph already exists at: ./input/random_graphs/graph_1600_1279200_UNIFORM_1070244953599069350.txt
Graph already exists at: ./input/random_graphs/graph_1600_1279200_UNIFORM_6522163754831416203.txt
Graph already exists at: ./input/random_graphs/graph_1600_1279200_UNIFORM_6938562734920028532.txt
Graph already exists at: ./input/random_graphs/graph_1600_1279200_UNIFORM_4040737767143389431.txt
Graph already exists at: ./input/random_graphs/graph_1600_1279200_UNIFORM_1250005700364523649.txt
Graph already exists at: ./input/random_graphs/graph_1600_1279200_UNIFORM_1309542850049879452.txt
Graph already exists at: ./input/random_graphs/graph_1600_1279200_UNIFORM_2429002973740178792.txt
Graph already exists at: ./input/random_graphs/graph_1600_1279200_UNIFORM_7663871783842725848.txt
Graph already exists at: ./input/random_graphs/graph_1600_1279200_UNIFORM_320375091487821987.txt
Graph already exists at: ./input/random_graphs/graph_1600_1279200_UNIFORM_5906957480796939447.txt
Graph already exists at: ./input/random_graphs/graph_1600_1279200_UNIFORM_1250773459040295677.txt
Graph already exists at: ./input/random_graphs/graph_1600_1279200_UNIFORM_7146860528564146064.txt
Graph already exists at: ./input/random_graphs/graph_1600_1279200_UNIFORM_3438400432146115956.txt
Graph already exists at: ./input/random_graphs/graph_1600_1279200_UNIFORM_7473196763798409428.txt
Graph already exists at: ./input/random_graphs/graph_1600_1279200_UNIFORM_5139481885857321791.txt
Graph already exists at: ./input/random_graphs/graph_1600_1279200_UNIFORM_5142811650494845597.txt
Graph already exists at: ./input/random_graphs/graph_1600_1279200_UNIFORM_3010622984418968408.txt
Graph already exists at: ./input/random_graphs/graph_1600_1279200_UNIFORM_6002685213311538187.txt
Graph already exists at: ./input/random_graphs/graph_1600_1279200_UNIFORM_5708372698381010775.txt
Graph already exists at: ./input/random_graphs/graph_1600_1279200_UNIFORM_521787134863155063.txt
Graph already exists at: ./input/random_graphs/graph_1600_1279200_UNIFORM_1731523882129807996.txt
Graph already exists at: ./input/random_graphs/graph_1600_1279200_UNIFORM_1853590723603270879.txt
Graph already exists at: ./input/random_graphs/graph_1600_1279200_UNIFORM_7029781962072644698.txt
Graph already exists at: ./input/random_graphs/graph_1600_1279200_UNIFORM_6785030173969523435.txt
Graph already exists at: ./input/random_graphs/graph_1600_1279200_UNIFORM_5529616217668449934.txt
Graph already exists at: ./input/random_graphs/graph_1600_1279200_UNIFORM_1024517563182776983.txt
Graph already exists at: ./input/random_graphs/graph_1600_1279200_UNIFORM_3224265581699847191.txt
Graph already exists at: ./input/random_graphs/graph_1600_1279200_UNIFORM_5258051056098597521.txt
Graph already exists at: ./input/random_graphs/graph_1600_1279200_UNIFORM_1647170069535670909.txt
Graph already exists at: ./input/random_graphs/graph_1600_1279200_UNIFORM_4122784633514911760.txt
Graph already exists at: ./input/random_graphs/graph_1600_1279200_UNIFORM_7706236040662210848.txt
Graph already exists at: ./input/random_graphs/graph_1600_1279200_UNIFORM_824387247617288499.txt
Graph already exists at: ./input/random_graphs/graph_1600_1279200_UNIFORM_1632192924771168275.txt
Graph already exists at: ./input/random_graphs/graph_1600_1279200_UNIFORM_7161906730445628483.txt
Graph already exists at: ./input/random_graphs/graph_1600_1279200_UNIFORM_6802378520969450157.txt
Graph already exists at: ./input/random_graphs/graph_1600_1279200_UNIFORM_4552998297316576788.txt
Graph already exists at: ./input/random_graphs/graph_1600_1279200_UNIFORM_8031431416522537101.txt
Graph already exists at: ./input/random_graphs/graph_1600_1279200_UNIFORM_6143643868734370809.txt
Graph already exists at: ./input/random_graphs/graph_1600_1279200_UNIFORM_3272308573967577038.txt
Graph already exists at: ./input/random_graphs/graph_1600_1279200_UNIFORM_5636411189175451024.txt
Graph already exists at: ./input/random_graphs/graph_1600_1279200_UNIFORM_5349491008325879064.txt
Graph already exists at: ./input/random_graphs/graph_1600_1279200_UNIFORM_6614505080519948832.txt
Graph already exists at: ./input/random_graphs/graph_1600_1279200_UNIFORM_7938560551762094560.txt
Graph already exists at: ./input/random_graphs/graph_1600_1279200_UNIFORM_7917045922527545890.txt
Graph already exists at: ./input/random_graphs/graph_1600_1279200_UNIFORM_4445925461710302877.txt
Graph already exists at: ./input/random_graphs/graph_1600_1279200_UNIFORM_3865339568260874865.txt
Graph already exists at: ./input/random_graphs/graph_1600_1279200_UNIFORM_7921282862123281598.txt
Graph already exists at: ./input/random_graphs/graph_1600_1279200_UNIFORM_6224222471595207695.txt
Graph already exists at: ./input/random_graphs/graph_1600_1279200_UNIFORM_1128313391724783137.txt
Graph already exists at: ./input/random_graphs/graph_1600_1279200_UNIFORM_716820155901718944.txt
Graph already exists at: ./input/random_graphs/graph_1600_1279200_UNIFORM_8718380604043999642.txt
Graph already exists at: ./input/random_graphs/graph_1600_1279200_UNIFORM_5063475852268941542.txt
Graph already exists at: ./input/random_graphs/graph_1600_1279200_UNIFORM_4997514996153925447.txt
Graph already exists at: ./input/random_graphs/graph_1600_1279200_UNIFORM_8446481348147407377.txt
Graph already exists at: ./input/random_graphs/graph_1600_1279200_UNIFORM_3817405844514670994.txt
Graph already exists at: ./input/random_graphs/graph_1600_1279200_UNIFORM_6529943913552561417.txt
Graph already exists at: ./input/random_graphs/graph_1600_1279200_UNIFORM_2909934787168262407.txt
Graph already exists at: ./input/random_graphs/graph_1600_1279200_UNIFORM_1170385908854608748.txt
Graph already exists at: ./input/random_graphs/graph_1600_1279200_UNIFORM_6022436717541034636.txt
Graph already exists at: ./input/random_graphs/graph_1600_1279200_UNIFORM_199422815561151340.txt
Graph already exists at: ./input/random_graphs/graph_1600_1279200_UNIFORM_3713827327871807734.txt
Graph already exists at: ./input/random_graphs/graph_1600_1279200_UNIFORM_175493991617213850.txt
Graph already exists at: ./input/random_graphs/graph_1600_1279200_UNIFORM_5108599054664628607.txt
Graph already exists at: ./input/random_graphs/graph_1600_1279200_UNIFORM_6764066939395682287.txt
Graph already exists at: ./input/random_graphs/graph_1600_1279200_UNIFORM_9130666990809746335.txt
Graph already exists at: ./input/random_graphs/graph_1600_1279200_UNIFORM_7644420139408884785.txt
Graph already exists at: ./input/random_graphs/graph_1600_1279200_UNIFORM_1458186392400727732.txt
Graph already exists at: ./input/random_graphs/graph_1600_1279200_UNIFORM_1392892770529522614.txt
Graph already exists at: ./input/random_graphs/graph_1600_1279200_UNIFORM_9060210648189963449.txt
Graph already exists at: ./input/random_graphs/graph_1600_1279200_UNIFORM_4250897495980125004.txt
Graph already exists at: ./input/random_graphs/graph_1600_1279200_UNIFORM_8794274795737982182.txt
Graph already exists at: ./input/random_graphs/graph_1600_1279200_UNIFORM_2089506265998900862.txt
Graph already exists at: ./input/random_graphs/graph_1600_1279200_UNIFORM_5497874167834979553.txt
Graph already exists at: ./input/random_graphs/graph_1600_1279200_UNIFORM_4060584409398689268.txt
Graph already exists at: ./input/random_graphs/graph_1600_1279200_UNIFORM_1332005502874566195.txt
Graph already exists at: ./input/random_graphs/graph_1600_1279200_UNIFORM_1722224698700348310.txt
Graph already exists at: ./input/random_graphs/graph_1600_1279200_UNIFORM_8626102704817790064.txt
Graph already exists at: ./input/random_graphs/graph_1600_1279200_UNIFORM_7905487461282246979.txt
Graph already exists at: ./input/random_graphs/graph_1600_1279200_UNIFORM_8448596294177070022.txt
Graph already exists at: ./input/random_graphs/graph_1600_1279200_UNIFORM_4795749165124911768.txt
Graph already exists at: ./input/random_graphs/graph_1600_1279200_UNIFORM_4934890601268679176.txt
Graph already exists at: ./input/random_graphs/graph_1600_1279200_UNIFORM_1992204328026194281.txt
Graph already exists at: ./input/random_graphs/graph_1600_1279200_UNIFORM_7118744415197196276.txt
Graph already exists at: ./input/random_graphs/graph_1600_1279200_UNIFORM_2718103348384927511.txt
Graph already exists at: ./input/random_graphs/graph_1600_1279200_UNIFORM_9059990922233379852.txt
Graph already exists at: ./input/random_graphs/graph_1600_1279200_UNIFORM_7449662661572224354.txt
Graph already exists at: ./input/random_graphs/graph_1600_1279200_UNIFORM_3221421291694197220.txt
Graph already exists at: ./input/random_graphs/graph_1600_1279200_UNIFORM_8867616339855336876.txt
Graph already exists at: ./input/random_graphs/graph_1600_1279200_UNIFORM_5894893360759659423.txt
Graph already exists at: ./input/random_graphs/graph_1600_1279200_UNIFORM_7983805977214098674.txt
Graph already exists at: ./input/random_graphs/graph_1600_1279200_UNIFORM_4940913311242578590.txt
Graph already exists at: ./input/random_graphs/graph_1600_1279200_UNIFORM_2264398621601381987.txt
Graph already exists at: ./input/random_graphs/graph_1600_1279200_UNIFORM_7632458674696225362.txt
Running klev variant 1 with N=1000, sparsity=4, k=5, seed=1729...
      Average Passes: 2.0,  Average Height: 1000.0, Time/Memory: 39.09,3132
Running klev variant 2 with N=1000, sparsity=4, k=5, seed=1729...
      Average Passes: 2.0,  Average Height: 1000.0, Time/Memory: 33.82,4216
Running klev variant N with N=1000, sparsity=4, k=5, seed=1729...
      Average Passes: 1.03,  Average Height: 1000.0, Time/Memory: 20.59,5168
Running klev variant 0 with N=1000, sparsity=4, k=10, seed=1729...
      Average Passes: 3.0,  Average Height: 1000.0, Time/Memory: 52.02,3136
Running klev variant 1 with N=1000, sparsity=4, k=10, seed=1729...
      Average Passes: 2.0,  Average Height: 1000.0, Time/Memory: 38.82,3108
Running klev variant 2 with N=1000, sparsity=4, k=10, seed=1729...
      Average Passes: 2.0,  Average Height: 1000.0, Time/Memory: 34.43,4132
Running klev variant N with N=1000, sparsity=4, k=10, seed=1729...
      Average Passes: 1.0,  Average Height: 1000.0, Time/Memory: 20.37,5216
Running kpath variant 0 with N=1200, sparsity=4, k=2, seed=1729...
      Average Passes: 14.33,  Average Height: 1200.0, Time/Memory: 265.19,3136
Running kpath variant 1 with N=1200, sparsity=4, k=2, seed=1729...
      Average Passes: 14.4,  Average Height: 1200.0, Time/Memory: 260.80,3108
Running kpath variant 2 with N=1200, sparsity=4, k=2, seed=1729...
      Average Passes: 6.74,  Average Height: 1200.0, Time/Memory: 120.45,3172
Running kpath variant N with N=1200, sparsity=4, k=2, seed=1729...
      Average Passes: 4.0,  Average Height: 1200.0, Time/Memory: 74.46,3136
Running kpath variant 0 with N=1200, sparsity=4, k=5, seed=1729...
      Average Passes: 5.01,  Average Height: 1200.0, Time/Memory: 89.89,5164
Running kpath variant 1 with N=1200, sparsity=4, k=5, seed=1729...
      Average Passes: 4.04,  Average Height: 1200.0, Time/Memory: 74.28,5168
Running kpath variant 2 with N=1200, sparsity=4, k=5, seed=1729...
      Average Passes: 3.84,  Average Height: 1200.0, Time/Memory: 70.27,5192
Running kpath variant N with N=1200, sparsity=4, k=5, seed=1729...
      Average Passes: 3.0,  Average Height: 1200.0, Time/Memory: 53.78,5168
Running kpath variant 0 with N=1200, sparsity=4, k=10, seed=1729...
      Average Passes: 4.0,  Average Height: 1200.0, Time/Memory: 71.33,4132
Running kpath variant 1 with N=1200, sparsity=4, k=10, seed=1729...
      Average Passes: 3.0,  Average Height: 1200.0, Time/Memory: 54.82,4164
Running kpath variant 2 with N=1200, sparsity=4, k=10, seed=1729...
      Average Passes: 3.0,  Average Height: 1200.0, Time/Memory: 53.41,5152
Running kpath variant N with N=1200, sparsity=4, k=10, seed=1729...
      Average Passes: 2.0,  Average Height: 1200.0, Time/Memory: 37.01,5152
Running klev variant 0 with N=1200, sparsity=4, k=2, seed=1729...
      Average Passes: 3.0,  Average Height: 1200.0, Time/Memory: 75.97,3136
Running klev variant 1 with N=1200, sparsity=4, k=2, seed=1729...
      Average Passes: 2.0,  Average Height: 1200.0, Time/Memory: 58.32,3108
Running klev variant 2 with N=1200, sparsity=4, k=2, seed=1729...
      Average Passes: 2.0,  Average Height: 1200.0, Time/Memory: 51.93,3152
Running klev variant N with N=1200, sparsity=4, k=2, seed=1729...
      Average Passes: 2.0,  Average Height: 1200.0, Time/Memory: 49.67,3108
Running klev variant 0 with N=1200, sparsity=4, k=5, seed=1729...
      Average Passes: 3.0,  Average Height: 1200.0, Time/Memory: 75.83,3108
Running klev variant 1 with N=1200, sparsity=4, k=5, seed=1729...
      Average Passes: 2.0,  Average Height: 1200.0, Time/Memory: 58.96,3132
Running klev variant 2 with N=1200, sparsity=4, k=5, seed=1729...
      Average Passes: 2.0,  Average Height: 1200.0, Time/Memory: 49.31,4220
Running klev variant N with N=1200, sparsity=4, k=5, seed=1729...
      Average Passes: 1.01,  Average Height: 1200.0, Time/Memory: 30.19,4128
Running klev variant 0 with N=1200, sparsity=4, k=10, seed=1729...
      Average Passes: 3.0,  Average Height: 1200.0, Time/Memory: 75.81,4180
Running klev variant 1 with N=1200, sparsity=4, k=10, seed=1729...
      Average Passes: 2.0,  Average Height: 1200.0, Time/Memory: 57.62,5172
Running klev variant 2 with N=1200, sparsity=4, k=10, seed=1729...
      Average Passes: 2.0,  Average Height: 1200.0, Time/Memory: 50.28,4132
Running klev variant N with N=1200, sparsity=4, k=10, seed=1729...
      Average Passes: 1.0,  Average Height: 1200.0, Time/Memory: 29.91,4160
Running kpath variant 0 with N=1400, sparsity=4, k=2, seed=1729...
      Average Passes: 14.79,  Average Height: 1400.0, Time/Memory: 376.10,4132
Running kpath variant 1 with N=1400, sparsity=4, k=2, seed=1729...
      Average Passes: 14.74,  Average Height: 1400.0, Time/Memory: 370.97,3132
Running kpath variant 2 with N=1400, sparsity=4, k=2, seed=1729...
      Average Passes: 6.93,  Average Height: 1400.0, Time/Memory: 172.34,4168
Running kpath variant N with N=1400, sparsity=4, k=2, seed=1729...
      Average Passes: 4.0,  Average Height: 1400.0, Time/Memory: 103.39,5196
Running kpath variant 0 with N=1400, sparsity=4, k=5, seed=1729...
      Average Passes: 5.02,  Average Height: 1400.0, Time/Memory: 125.48,4132
Running kpath variant 1 with N=1400, sparsity=4, k=5, seed=1729...
      Average Passes: 4.11,  Average Height: 1400.0, Time/Memory: 102.88,4164
Running kpath variant 2 with N=1400, sparsity=4, k=5, seed=1729...
      Average Passes: 3.9,  Average Height: 1400.0, Time/Memory: 97.59,4160
Running kpath variant N with N=1400, sparsity=4, k=5, seed=1729...
      Average Passes: 3.0,  Average Height: 1400.0, Time/Memory: 76.43,5168
Running kpath variant 0 with N=1400, sparsity=4, k=10, seed=1729...
      Average Passes: 4.0,  Average Height: 1400.0, Time/Memory: 100.24,5184
Running kpath variant 1 with N=1400, sparsity=4, k=10, seed=1729...
      Average Passes: 3.0,  Average Height: 1400.0, Time/Memory: 74.90,5204
Running kpath variant 2 with N=1400, sparsity=4, k=10, seed=1729...
      Average Passes: 3.0,  Average Height: 1400.0, Time/Memory: 73.82,5156
Running kpath variant N with N=1400, sparsity=4, k=10, seed=1729...
      Average Passes: 2.0,  Average Height: 1400.0, Time/Memory: 49.86,6232
Running klev variant 0 with N=1400, sparsity=4, k=2, seed=1729...
      Average Passes: 3.0,  Average Height: 1400.0, Time/Memory: 104.61,3108
Running klev variant 1 with N=1400, sparsity=4, k=2, seed=1729...
      Average Passes: 2.0,  Average Height: 1400.0, Time/Memory: 79.29,3104
Running klev variant 2 with N=1400, sparsity=4, k=2, seed=1729...
      Average Passes: 2.0,  Average Height: 1400.0, Time/Memory: 70.90,5208
Running klev variant N with N=1400, sparsity=4, k=2, seed=1729...
      Average Passes: 2.0,  Average Height: 1400.0, Time/Memory: 68.98,4132
Running klev variant 0 with N=1400, sparsity=4, k=5, seed=1729...
      Average Passes: 3.0,  Average Height: 1400.0, Time/Memory: 106.79,4188
Running klev variant 1 with N=1400, sparsity=4, k=5, seed=1729...
      Average Passes: 2.0,  Average Height: 1400.0, Time/Memory: 80.07,5184
Running klev variant 2 with N=1400, sparsity=4, k=5, seed=1729...
      Average Passes: 2.0,  Average Height: 1400.0, Time/Memory: 68.95,4132
Running klev variant N with N=1400, sparsity=4, k=5, seed=1729...
      Average Passes: 1.04,  Average Height: 1400.0, Time/Memory: 42.37,4160
Running klev variant 0 with N=1400, sparsity=4, k=10, seed=1729...
      Average Passes: 3.0,  Average Height: 1400.0, Time/Memory: 106.47,5208
Running klev variant 1 with N=1400, sparsity=4, k=10, seed=1729...
      Average Passes: 2.0,  Average Height: 1400.0, Time/Memory: 80.39,4132
Running klev variant 2 with N=1400, sparsity=4, k=10, seed=1729...
      Average Passes: 2.0,  Average Height: 1400.0, Time/Memory: 69.31,5156
Running klev variant N with N=1400, sparsity=4, k=10, seed=1729...
      Average Passes: 1.0,  Average Height: 1400.0, Time/Memory: 41.20,4168
Running kpath variant 0 with N=1600, sparsity=4, k=2, seed=1729...
      Average Passes: 15.3,  Average Height: 1600.0, Time/Memory: 507.49,4200
Running kpath variant 1 with N=1600, sparsity=4, k=2, seed=1729...
      Average Passes: 15.21,  Average Height: 1600.0, Time/Memory: 488.95,4176
Graph already exists at: ./input/random_graphs/graph_1800_1619100_UNIFORM_6230961512046992311.txt
Graph already exists at: ./input/random_graphs/graph_1800_1619100_UNIFORM_7871178979383552919.txt
Graph already exists at: ./input/random_graphs/graph_1800_1619100_UNIFORM_5739955973604961613.txt
Graph already exists at: ./input/random_graphs/graph_1800_1619100_UNIFORM_3881801951614183357.txt
Graph already exists at: ./input/random_graphs/graph_1800_1619100_UNIFORM_7032710160631691991.txt
Graph already exists at: ./input/random_graphs/graph_1800_1619100_UNIFORM_7599700178212337699.txt
Graph already exists at: ./input/random_graphs/graph_1800_1619100_UNIFORM_1353182403971399009.txt
Graph already exists at: ./input/random_graphs/graph_1800_1619100_UNIFORM_1070244953599069350.txt
Graph already exists at: ./input/random_graphs/graph_1800_1619100_UNIFORM_6522163754831416203.txt
Graph already exists at: ./input/random_graphs/graph_1800_1619100_UNIFORM_6938562734920028532.txt
Graph already exists at: ./input/random_graphs/graph_1800_1619100_UNIFORM_4040737767143389431.txt
Graph already exists at: ./input/random_graphs/graph_1800_1619100_UNIFORM_1250005700364523649.txt
Graph already exists at: ./input/random_graphs/graph_1800_1619100_UNIFORM_1309542850049879452.txt
Graph already exists at: ./input/random_graphs/graph_1800_1619100_UNIFORM_2429002973740178792.txt
Graph already exists at: ./input/random_graphs/graph_1800_1619100_UNIFORM_7663871783842725848.txt
Graph already exists at: ./input/random_graphs/graph_1800_1619100_UNIFORM_320375091487821987.txt
Graph already exists at: ./input/random_graphs/graph_1800_1619100_UNIFORM_5906957480796939447.txt
Graph already exists at: ./input/random_graphs/graph_1800_1619100_UNIFORM_1250773459040295677.txt
Graph already exists at: ./input/random_graphs/graph_1800_1619100_UNIFORM_7146860528564146064.txt
Graph already exists at: ./input/random_graphs/graph_1800_1619100_UNIFORM_3438400432146115956.txt
Graph already exists at: ./input/random_graphs/graph_1800_1619100_UNIFORM_7473196763798409428.txt
Graph already exists at: ./input/random_graphs/graph_1800_1619100_UNIFORM_5139481885857321791.txt
Graph already exists at: ./input/random_graphs/graph_1800_1619100_UNIFORM_5142811650494845597.txt
Graph already exists at: ./input/random_graphs/graph_1800_1619100_UNIFORM_3010622984418968408.txt
Graph already exists at: ./input/random_graphs/graph_1800_1619100_UNIFORM_6002685213311538187.txt
Graph already exists at: ./input/random_graphs/graph_1800_1619100_UNIFORM_5708372698381010775.txt
Graph already exists at: ./input/random_graphs/graph_1800_1619100_UNIFORM_521787134863155063.txt
Graph already exists at: ./input/random_graphs/graph_1800_1619100_UNIFORM_1731523882129807996.txt
Graph already exists at: ./input/random_graphs/graph_1800_1619100_UNIFORM_1853590723603270879.txt
Graph already exists at: ./input/random_graphs/graph_1800_1619100_UNIFORM_7029781962072644698.txt
Graph already exists at: ./input/random_graphs/graph_1800_1619100_UNIFORM_6785030173969523435.txt
Graph already exists at: ./input/random_graphs/graph_1800_1619100_UNIFORM_5529616217668449934.txt
Graph already exists at: ./input/random_graphs/graph_1800_1619100_UNIFORM_1024517563182776983.txt
Graph already exists at: ./input/random_graphs/graph_1800_1619100_UNIFORM_3224265581699847191.txt
Graph already exists at: ./input/random_graphs/graph_1800_1619100_UNIFORM_5258051056098597521.txt
Graph already exists at: ./input/random_graphs/graph_1800_1619100_UNIFORM_1647170069535670909.txt
Graph already exists at: ./input/random_graphs/graph_1800_1619100_UNIFORM_4122784633514911760.txt
Graph already exists at: ./input/random_graphs/graph_1800_1619100_UNIFORM_7706236040662210848.txt
Graph already exists at: ./input/random_graphs/graph_1800_1619100_UNIFORM_824387247617288499.txt
Graph already exists at: ./input/random_graphs/graph_1800_1619100_UNIFORM_1632192924771168275.txt
Graph already exists at: ./input/random_graphs/graph_1800_1619100_UNIFORM_7161906730445628483.txt
Graph already exists at: ./input/random_graphs/graph_1800_1619100_UNIFORM_6802378520969450157.txt
Graph already exists at: ./input/random_graphs/graph_1800_1619100_UNIFORM_4552998297316576788.txt
Graph already exists at: ./input/random_graphs/graph_1800_1619100_UNIFORM_8031431416522537101.txt
Graph already exists at: ./input/random_graphs/graph_1800_1619100_UNIFORM_6143643868734370809.txt
Graph already exists at: ./input/random_graphs/graph_1800_1619100_UNIFORM_3272308573967577038.txt
Graph already exists at: ./input/random_graphs/graph_1800_1619100_UNIFORM_5636411189175451024.txt
Graph already exists at: ./input/random_graphs/graph_1800_1619100_UNIFORM_5349491008325879064.txt
Graph already exists at: ./input/random_graphs/graph_1800_1619100_UNIFORM_6614505080519948832.txt
Graph already exists at: ./input/random_graphs/graph_1800_1619100_UNIFORM_7938560551762094560.txt
Graph already exists at: ./input/random_graphs/graph_1800_1619100_UNIFORM_7917045922527545890.txt
Graph already exists at: ./input/random_graphs/graph_1800_1619100_UNIFORM_4445925461710302877.txt
Graph already exists at: ./input/random_graphs/graph_1800_1619100_UNIFORM_3865339568260874865.txt
Graph already exists at: ./input/random_graphs/graph_1800_1619100_UNIFORM_7921282862123281598.txt
Graph already exists at: ./input/random_graphs/graph_1800_1619100_UNIFORM_6224222471595207695.txt
Graph already exists at: ./input/random_graphs/graph_1800_1619100_UNIFORM_1128313391724783137.txt
Graph already exists at: ./input/random_graphs/graph_1800_1619100_UNIFORM_716820155901718944.txt
Graph already exists at: ./input/random_graphs/graph_1800_1619100_UNIFORM_8718380604043999642.txt
Graph already exists at: ./input/random_graphs/graph_1800_1619100_UNIFORM_5063475852268941542.txt
Graph already exists at: ./input/random_graphs/graph_1800_1619100_UNIFORM_4997514996153925447.txt
Graph already exists at: ./input/random_graphs/graph_1800_1619100_UNIFORM_8446481348147407377.txt
Graph already exists at: ./input/random_graphs/graph_1800_1619100_UNIFORM_3817405844514670994.txt
Graph already exists at: ./input/random_graphs/graph_1800_1619100_UNIFORM_6529943913552561417.txt
Graph already exists at: ./input/random_graphs/graph_1800_1619100_UNIFORM_2909934787168262407.txt
Graph already exists at: ./input/random_graphs/graph_1800_1619100_UNIFORM_1170385908854608748.txt
Graph already exists at: ./input/random_graphs/graph_1800_1619100_UNIFORM_6022436717541034636.txt
Graph already exists at: ./input/random_graphs/graph_1800_1619100_UNIFORM_199422815561151340.txt
Graph already exists at: ./input/random_graphs/graph_1800_1619100_UNIFORM_3713827327871807734.txt
Graph already exists at: ./input/random_graphs/graph_1800_1619100_UNIFORM_175493991617213850.txt
Graph already exists at: ./input/random_graphs/graph_1800_1619100_UNIFORM_5108599054664628607.txt
Graph already exists at: ./input/random_graphs/graph_1800_1619100_UNIFORM_6764066939395682287.txt
Graph already exists at: ./input/random_graphs/graph_1800_1619100_UNIFORM_9130666990809746335.txt
Graph already exists at: ./input/random_graphs/graph_1800_1619100_UNIFORM_7644420139408884785.txt
Graph already exists at: ./input/random_graphs/graph_1800_1619100_UNIFORM_1458186392400727732.txt
Graph already exists at: ./input/random_graphs/graph_1800_1619100_UNIFORM_1392892770529522614.txt
Graph already exists at: ./input/random_graphs/graph_1800_1619100_UNIFORM_9060210648189963449.txt
Graph already exists at: ./input/random_graphs/graph_1800_1619100_UNIFORM_4250897495980125004.txt
Graph already exists at: ./input/random_graphs/graph_1800_1619100_UNIFORM_8794274795737982182.txt
Graph already exists at: ./input/random_graphs/graph_1800_1619100_UNIFORM_2089506265998900862.txt
Graph already exists at: ./input/random_graphs/graph_1800_1619100_UNIFORM_5497874167834979553.txt
Graph already exists at: ./input/random_graphs/graph_1800_1619100_UNIFORM_4060584409398689268.txt
Graph already exists at: ./input/random_graphs/graph_1800_1619100_UNIFORM_1332005502874566195.txt
Graph already exists at: ./input/random_graphs/graph_1800_1619100_UNIFORM_1722224698700348310.txt
Graph already exists at: ./input/random_graphs/graph_1800_1619100_UNIFORM_8626102704817790064.txt
Graph already exists at: ./input/random_graphs/graph_1800_1619100_UNIFORM_7905487461282246979.txt
Graph already exists at: ./input/random_graphs/graph_1800_1619100_UNIFORM_8448596294177070022.txt
Graph already exists at: ./input/random_graphs/graph_1800_1619100_UNIFORM_4795749165124911768.txt
Graph already exists at: ./input/random_graphs/graph_1800_1619100_UNIFORM_4934890601268679176.txt
Graph already exists at: ./input/random_graphs/graph_1800_1619100_UNIFORM_1992204328026194281.txt
Graph already exists at: ./input/random_graphs/graph_1800_1619100_UNIFORM_7118744415197196276.txt
Graph already exists at: ./input/random_graphs/graph_1800_1619100_UNIFORM_2718103348384927511.txt
Graph already exists at: ./input/random_graphs/graph_1800_1619100_UNIFORM_9059990922233379852.txt
Graph already exists at: ./input/random_graphs/graph_1800_1619100_UNIFORM_7449662661572224354.txt
Graph already exists at: ./input/random_graphs/graph_1800_1619100_UNIFORM_3221421291694197220.txt
Graph already exists at: ./input/random_graphs/graph_1800_1619100_UNIFORM_8867616339855336876.txt
Graph already exists at: ./input/random_graphs/graph_1800_1619100_UNIFORM_5894893360759659423.txt
Graph already exists at: ./input/random_graphs/graph_1800_1619100_UNIFORM_7983805977214098674.txt
Graph already exists at: ./input/random_graphs/graph_1800_1619100_UNIFORM_4940913311242578590.txt
Graph already exists at: ./input/random_graphs/graph_1800_1619100_UNIFORM_2264398621601381987.txt
Graph already exists at: ./input/random_graphs/graph_1800_1619100_UNIFORM_7632458674696225362.txt
Graph already exists at: ./input/random_graphs/graph_2000_1999000_UNIFORM_6230961512046992311.txt
Graph already exists at: ./input/random_graphs/graph_2000_1999000_UNIFORM_7871178979383552919.txt
Graph already exists at: ./input/random_graphs/graph_2000_1999000_UNIFORM_5739955973604961613.txt
Graph already exists at: ./input/random_graphs/graph_2000_1999000_UNIFORM_3881801951614183357.txt
Graph already exists at: ./input/random_graphs/graph_2000_1999000_UNIFORM_7032710160631691991.txt
Graph already exists at: ./input/random_graphs/graph_2000_1999000_UNIFORM_7599700178212337699.txt
Graph already exists at: ./input/random_graphs/graph_2000_1999000_UNIFORM_1353182403971399009.txt
Graph already exists at: ./input/random_graphs/graph_2000_1999000_UNIFORM_1070244953599069350.txt
Graph already exists at: ./input/random_graphs/graph_2000_1999000_UNIFORM_6522163754831416203.txt
Graph already exists at: ./input/random_graphs/graph_2000_1999000_UNIFORM_6938562734920028532.txt
Graph already exists at: ./input/random_graphs/graph_2000_1999000_UNIFORM_4040737767143389431.txt
Graph already exists at: ./input/random_graphs/graph_2000_1999000_UNIFORM_1250005700364523649.txt
Graph already exists at: ./input/random_graphs/graph_2000_1999000_UNIFORM_1309542850049879452.txt
Graph already exists at: ./input/random_graphs/graph_2000_1999000_UNIFORM_2429002973740178792.txt
Graph already exists at: ./input/random_graphs/graph_2000_1999000_UNIFORM_7663871783842725848.txt
Graph already exists at: ./input/random_graphs/graph_2000_1999000_UNIFORM_320375091487821987.txt
Graph already exists at: ./input/random_graphs/graph_2000_1999000_UNIFORM_5906957480796939447.txt
Graph already exists at: ./input/random_graphs/graph_2000_1999000_UNIFORM_1250773459040295677.txt
Graph already exists at: ./input/random_graphs/graph_2000_1999000_UNIFORM_7146860528564146064.txt
Graph already exists at: ./input/random_graphs/graph_2000_1999000_UNIFORM_3438400432146115956.txt
Graph already exists at: ./input/random_graphs/graph_2000_1999000_UNIFORM_7473196763798409428.txt
Graph already exists at: ./input/random_graphs/graph_2000_1999000_UNIFORM_5139481885857321791.txt
Graph already exists at: ./input/random_graphs/graph_2000_1999000_UNIFORM_5142811650494845597.txt
Graph already exists at: ./input/random_graphs/graph_2000_1999000_UNIFORM_3010622984418968408.txt
Graph already exists at: ./input/random_graphs/graph_2000_1999000_UNIFORM_6002685213311538187.txt
Graph already exists at: ./input/random_graphs/graph_2000_1999000_UNIFORM_5708372698381010775.txt
Graph already exists at: ./input/random_graphs/graph_2000_1999000_UNIFORM_521787134863155063.txt
Graph already exists at: ./input/random_graphs/graph_2000_1999000_UNIFORM_1731523882129807996.txt
Graph already exists at: ./input/random_graphs/graph_2000_1999000_UNIFORM_1853590723603270879.txt
Graph already exists at: ./input/random_graphs/graph_2000_1999000_UNIFORM_7029781962072644698.txt
Graph already exists at: ./input/random_graphs/graph_2000_1999000_UNIFORM_6785030173969523435.txt
Graph already exists at: ./input/random_graphs/graph_2000_1999000_UNIFORM_5529616217668449934.txt
Graph already exists at: ./input/random_graphs/graph_2000_1999000_UNIFORM_1024517563182776983.txt
Graph already exists at: ./input/random_graphs/graph_2000_1999000_UNIFORM_3224265581699847191.txt
Graph already exists at: ./input/random_graphs/graph_2000_1999000_UNIFORM_5258051056098597521.txt
Graph already exists at: ./input/random_graphs/graph_2000_1999000_UNIFORM_1647170069535670909.txt
Graph already exists at: ./input/random_graphs/graph_2000_1999000_UNIFORM_4122784633514911760.txt
Graph already exists at: ./input/random_graphs/graph_2000_1999000_UNIFORM_7706236040662210848.txt
Graph already exists at: ./input/random_graphs/graph_2000_1999000_UNIFORM_824387247617288499.txt
Graph already exists at: ./input/random_graphs/graph_2000_1999000_UNIFORM_1632192924771168275.txt
Graph already exists at: ./input/random_graphs/graph_2000_1999000_UNIFORM_7161906730445628483.txt
Graph already exists at: ./input/random_graphs/graph_2000_1999000_UNIFORM_6802378520969450157.txt
Graph already exists at: ./input/random_graphs/graph_2000_1999000_UNIFORM_4552998297316576788.txt
Graph already exists at: ./input/random_graphs/graph_2000_1999000_UNIFORM_8031431416522537101.txt
Graph already exists at: ./input/random_graphs/graph_2000_1999000_UNIFORM_6143643868734370809.txt
Graph already exists at: ./input/random_graphs/graph_2000_1999000_UNIFORM_3272308573967577038.txt
Graph already exists at: ./input/random_graphs/graph_2000_1999000_UNIFORM_5636411189175451024.txt
Graph already exists at: ./input/random_graphs/graph_2000_1999000_UNIFORM_5349491008325879064.txt
Graph already exists at: ./input/random_graphs/graph_2000_1999000_UNIFORM_6614505080519948832.txt
Graph already exists at: ./input/random_graphs/graph_2000_1999000_UNIFORM_7938560551762094560.txt
Graph already exists at: ./input/random_graphs/graph_2000_1999000_UNIFORM_7917045922527545890.txt
Graph already exists at: ./input/random_graphs/graph_2000_1999000_UNIFORM_4445925461710302877.txt
Graph already exists at: ./input/random_graphs/graph_2000_1999000_UNIFORM_3865339568260874865.txt
Graph already exists at: ./input/random_graphs/graph_2000_1999000_UNIFORM_7921282862123281598.txt
Graph already exists at: ./input/random_graphs/graph_2000_1999000_UNIFORM_6224222471595207695.txt
Graph already exists at: ./input/random_graphs/graph_2000_1999000_UNIFORM_1128313391724783137.txt
Graph already exists at: ./input/random_graphs/graph_2000_1999000_UNIFORM_716820155901718944.txt
Graph already exists at: ./input/random_graphs/graph_2000_1999000_UNIFORM_8718380604043999642.txt
Graph already exists at: ./input/random_graphs/graph_2000_1999000_UNIFORM_5063475852268941542.txt
Graph already exists at: ./input/random_graphs/graph_2000_1999000_UNIFORM_4997514996153925447.txt
Graph already exists at: ./input/random_graphs/graph_2000_1999000_UNIFORM_8446481348147407377.txt
Graph already exists at: ./input/random_graphs/graph_2000_1999000_UNIFORM_3817405844514670994.txt
Graph already exists at: ./input/random_graphs/graph_2000_1999000_UNIFORM_6529943913552561417.txt
Graph already exists at: ./input/random_graphs/graph_2000_1999000_UNIFORM_2909934787168262407.txt
Graph already exists at: ./input/random_graphs/graph_2000_1999000_UNIFORM_1170385908854608748.txt
Graph already exists at: ./input/random_graphs/graph_2000_1999000_UNIFORM_6022436717541034636.txt
Graph already exists at: ./input/random_graphs/graph_2000_1999000_UNIFORM_199422815561151340.txt
Graph already exists at: ./input/random_graphs/graph_2000_1999000_UNIFORM_3713827327871807734.txt
Graph already exists at: ./input/random_graphs/graph_2000_1999000_UNIFORM_175493991617213850.txt
Graph already exists at: ./input/random_graphs/graph_2000_1999000_UNIFORM_5108599054664628607.txt
Graph already exists at: ./input/random_graphs/graph_2000_1999000_UNIFORM_6764066939395682287.txt
Graph already exists at: ./input/random_graphs/graph_2000_1999000_UNIFORM_9130666990809746335.txt
Graph already exists at: ./input/random_graphs/graph_2000_1999000_UNIFORM_7644420139408884785.txt
Graph already exists at: ./input/random_graphs/graph_2000_1999000_UNIFORM_1458186392400727732.txt
Graph already exists at: ./input/random_graphs/graph_2000_1999000_UNIFORM_1392892770529522614.txt
Graph already exists at: ./input/random_graphs/graph_2000_1999000_UNIFORM_9060210648189963449.txt
Graph already exists at: ./input/random_graphs/graph_2000_1999000_UNIFORM_4250897495980125004.txt
Graph already exists at: ./input/random_graphs/graph_2000_1999000_UNIFORM_8794274795737982182.txt
Graph already exists at: ./input/random_graphs/graph_2000_1999000_UNIFORM_2089506265998900862.txt
Graph already exists at: ./input/random_graphs/graph_2000_1999000_UNIFORM_5497874167834979553.txt
Graph already exists at: ./input/random_graphs/graph_2000_1999000_UNIFORM_4060584409398689268.txt
Graph already exists at: ./input/random_graphs/graph_2000_1999000_UNIFORM_1332005502874566195.txt
Graph already exists at: ./input/random_graphs/graph_2000_1999000_UNIFORM_1722224698700348310.txt
Graph already exists at: ./input/random_graphs/graph_2000_1999000_UNIFORM_8626102704817790064.txt
Graph already exists at: ./input/random_graphs/graph_2000_1999000_UNIFORM_7905487461282246979.txt
Graph already exists at: ./input/random_graphs/graph_2000_1999000_UNIFORM_8448596294177070022.txt
Graph already exists at: ./input/random_graphs/graph_2000_1999000_UNIFORM_4795749165124911768.txt
Graph already exists at: ./input/random_graphs/graph_2000_1999000_UNIFORM_4934890601268679176.txt
Graph already exists at: ./input/random_graphs/graph_2000_1999000_UNIFORM_1992204328026194281.txt
Graph already exists at: ./input/random_graphs/graph_2000_1999000_UNIFORM_7118744415197196276.txt
Graph already exists at: ./input/random_graphs/graph_2000_1999000_UNIFORM_2718103348384927511.txt
Graph already exists at: ./input/random_graphs/graph_2000_1999000_UNIFORM_9059990922233379852.txt
Graph already exists at: ./input/random_graphs/graph_2000_1999000_UNIFORM_7449662661572224354.txt
Graph already exists at: ./input/random_graphs/graph_2000_1999000_UNIFORM_3221421291694197220.txt
Graph already exists at: ./input/random_graphs/graph_2000_1999000_UNIFORM_8867616339855336876.txt
Graph already exists at: ./input/random_graphs/graph_2000_1999000_UNIFORM_5894893360759659423.txt
Graph already exists at: ./input/random_graphs/graph_2000_1999000_UNIFORM_7983805977214098674.txt
Graph already exists at: ./input/random_graphs/graph_2000_1999000_UNIFORM_4940913311242578590.txt
Graph already exists at: ./input/random_graphs/graph_2000_1999000_UNIFORM_2264398621601381987.txt
Graph already exists at: ./input/random_graphs/graph_2000_1999000_UNIFORM_7632458674696225362.txt
Running kpath variant 2 with N=1600, sparsity=4, k=2, seed=1729...
      Average Passes: 6.93,  Average Height: 1600.0, Time/Memory: 229.10,5212
Running kpath variant N with N=1600, sparsity=4, k=2, seed=1729...
      Average Passes: 4.0,  Average Height: 1600.0, Time/Memory: 134.36,4188
Running kpath variant 0 with N=1600, sparsity=4, k=5, seed=1729...
      Average Passes: 5.03,  Average Height: 1600.0, Time/Memory: 162.73,4160
Running kpath variant 1 with N=1600, sparsity=4, k=5, seed=1729...
      Average Passes: 4.2,  Average Height: 1600.0, Time/Memory: 135.62,4168
Running kpath variant 2 with N=1600, sparsity=4, k=5, seed=1729...
      Average Passes: 3.96,  Average Height: 1600.0, Time/Memory: 130.63,4132
Running kpath variant N with N=1600, sparsity=4, k=5, seed=1729...
      Average Passes: 3.0,  Average Height: 1600.0, Time/Memory: 98.96,4176
Running kpath variant 0 with N=1600, sparsity=4, k=10, seed=1729...
      Average Passes: 4.0,  Average Height: 1600.0, Time/Memory: 128.65,5176
Running kpath variant 1 with N=1600, sparsity=4, k=10, seed=1729...
      Average Passes: 3.0,  Average Height: 1600.0, Time/Memory: 95.28,5232
Running kpath variant 2 with N=1600, sparsity=4, k=10, seed=1729...
      Average Passes: 3.0,  Average Height: 1600.0, Time/Memory: 98.89,6192
Running kpath variant N with N=1600, sparsity=4, k=10, seed=1729...
      Average Passes: 2.0,  Average Height: 1600.0, Time/Memory: 65.17,5152
Running klev variant 0 with N=1600, sparsity=4, k=2, seed=1729...
      Average Passes: 3.0,  Average Height: 1600.0, Time/Memory: 139.44,4132
Running klev variant 1 with N=1600, sparsity=4, k=2, seed=1729...
      Average Passes: 2.0,  Average Height: 1600.0, Time/Memory: 105.02,4172
Running klev variant 2 with N=1600, sparsity=4, k=2, seed=1729...
      Average Passes: 2.0,  Average Height: 1600.0, Time/Memory: 94.19,4132
Running klev variant N with N=1600, sparsity=4, k=2, seed=1729...
      Average Passes: 2.0,  Average Height: 1600.0, Time/Memory: 89.96,4212
Running klev variant 0 with N=1600, sparsity=4, k=5, seed=1729...
      Average Passes: 3.0,  Average Height: 1600.0, Time/Memory: 138.57,4132
Running klev variant 1 with N=1600, sparsity=4, k=5, seed=1729...
      Average Passes: 2.0,  Average Height: 1600.0, Time/Memory: 105.07,4128
Running klev variant 2 with N=1600, sparsity=4, k=5, seed=1729...
      Average Passes: 2.0,  Average Height: 1600.0, Time/Memory: 88.12,4132
Running klev variant N with N=1600, sparsity=4, k=5, seed=1729...
      Average Passes: 1.03,  Average Height: 1600.0, Time/Memory: 55.01,4164
Running klev variant 0 with N=1600, sparsity=4, k=10, seed=1729...
      Average Passes: 3.0,  Average Height: 1600.0, Time/Memory: 139.12,4160
Running klev variant 1 with N=1600, sparsity=4, k=10, seed=1729...
      Average Passes: 2.0,  Average Height: 1600.0, Time/Memory: 104.61,4132
Running klev variant 2 with N=1600, sparsity=4, k=10, seed=1729...
      Average Passes: 2.0,  Average Height: 1600.0, Time/Memory: 89.14,6192
Running klev variant N with N=1600, sparsity=4, k=10, seed=1729...
      Average Passes: 1.0,  Average Height: 1600.0, Time/Memory: 54.67,4156
Running kpath variant 0 with N=1800, sparsity=4, k=2, seed=1729...
      Average Passes: 15.66,  Average Height: 1800.0, Time/Memory: 634.05,3108
Running kpath variant 1 with N=1800, sparsity=4, k=2, seed=1729...
      Average Passes: 15.65,  Average Height: 1800.0, Time/Memory: 629.23,4208
Running kpath variant 2 with N=1800, sparsity=4, k=2, seed=1729...
      Average Passes: 7.02,  Average Height: 1800.0, Time/Memory: 286.16,4132
Running kpath variant N with N=1800, sparsity=4, k=2, seed=1729...
      Average Passes: 4.0,  Average Height: 1800.0, Time/Memory: 170.86,4152
Running kpath variant 0 with N=1800, sparsity=4, k=5, seed=1729...
      Average Passes: 5.07,  Average Height: 1800.0, Time/Memory: 207.70,4140
Running kpath variant 1 with N=1800, sparsity=4, k=5, seed=1729...
      Average Passes: 4.43,  Average Height: 1800.0, Time/Memory: 181.46,4176
Running kpath variant 2 with N=1800, sparsity=4, k=5, seed=1729...
      Average Passes: 3.97,  Average Height: 1800.0, Time/Memory: 161.64,4132
Running kpath variant N with N=1800, sparsity=4, k=5, seed=1729...
      Average Passes: 3.0,  Average Height: 1800.0, Time/Memory: 121.64,5192
Running kpath variant 0 with N=1800, sparsity=4, k=10, seed=1729...
      Average Passes: 4.0,  Average Height: 1800.0, Time/Memory: 164.81,5156
Running kpath variant 1 with N=1800, sparsity=4, k=10, seed=1729...
      Average Passes: 3.0,  Average Height: 1800.0, Time/Memory: 121.94,5188
Running kpath variant 2 with N=1800, sparsity=4, k=10, seed=1729...
      Average Passes: 3.0,  Average Height: 1800.0, Time/Memory: 123.47,5168
Running kpath variant N with N=1800, sparsity=4, k=10, seed=1729...
      Average Passes: 2.0,  Average Height: 1800.0, Time/Memory: 84.37,5156
Running klev variant 0 with N=1800, sparsity=4, k=2, seed=1729...
      Average Passes: 3.0,  Average Height: 1800.0, Time/Memory: 174.65,5172
Running klev variant 1 with N=1800, sparsity=4, k=2, seed=1729...
      Average Passes: 2.0,  Average Height: 1800.0, Time/Memory: 133.28,4148
Running klev variant 2 with N=1800, sparsity=4, k=2, seed=1729...
      Average Passes: 2.0,  Average Height: 1800.0, Time/Memory: 118.91,4132
Running klev variant N with N=1800, sparsity=4, k=2, seed=1729...
      Average Passes: 2.0,  Average Height: 1800.0, Time/Memory: 116.43,4132
Running klev variant 0 with N=1800, sparsity=4, k=5, seed=1729...
      Average Passes: 3.0,  Average Height: 1800.0, Time/Memory: 175.30,4132
Running klev variant 1 with N=1800, sparsity=4, k=5, seed=1729...
      Average Passes: 2.0,  Average Height: 1800.0, Time/Memory: 133.30,5168
Running klev variant 2 with N=1800, sparsity=4, k=5, seed=1729...
      Average Passes: 2.0,  Average Height: 1800.0, Time/Memory: 111.86,4132
Running klev variant N with N=1800, sparsity=4, k=5, seed=1729...
      Average Passes: 1.01,  Average Height: 1800.0, Time/Memory: 69.38,5188
Running klev variant 0 with N=1800, sparsity=4, k=10, seed=1729...
      Average Passes: 3.0,  Average Height: 1800.0, Time/Memory: 177.03,3104
Running klev variant 1 with N=1800, sparsity=4, k=10, seed=1729...
      Average Passes: 2.0,  Average Height: 1800.0, Time/Memory: 135.55,4132
Running klev variant 2 with N=1800, sparsity=4, k=10, seed=1729...
      Average Passes: 2.0,  Average Height: 1800.0, Time/Memory: 114.10,5152
Running klev variant N with N=1800, sparsity=4, k=10, seed=1729...
      Average Passes: 1.0,  Average Height: 1800.0, Time/Memory: 68.83,4128
Running kpath variant 0 with N=2000, sparsity=4, k=2, seed=1729...
      Average Passes: 15.93,  Average Height: 2000.0, Time/Memory: 796.99,4132
Running kpath variant 1 with N=2000, sparsity=4, k=2, seed=1729...
      Average Passes: 16.0,  Average Height: 2000.0, Time/Memory: 800.84,4132
Running kpath variant 2 with N=2000, sparsity=4, k=2, seed=1729...
      Average Passes: 7.15,  Average Height: 2000.0, Time/Memory: 357.54,4160
Running kpath variant N with N=2000, sparsity=4, k=2, seed=1729...
      Average Passes: 4.0,  Average Height: 2000.0, Time/Memory: 203.33,4168
Running kpath variant 0 with N=2000, sparsity=4, k=5, seed=1729...
      Average Passes: 5.13,  Average Height: 2000.0, Time/Memory: 258.86,4156
Running kpath variant 1 with N=2000, sparsity=4, k=5, seed=1729...
      Average Passes: 4.46,  Average Height: 2000.0, Time/Memory: 221.32,4132
Running kpath variant 2 with N=2000, sparsity=4, k=5, seed=1729...
      Average Passes: 3.98,  Average Height: 2000.0, Time/Memory: 206.93,4164
Running kpath variant N with N=2000, sparsity=4, k=5, seed=1729...
      Average Passes: 3.0,  Average Height: 2000.0, Time/Memory: 156.74,4144
Running kpath variant 0 with N=2000, sparsity=4, k=10, seed=1729...
      Average Passes: 4.0,  Average Height: 2000.0, Time/Memory: 200.00,5156
Running kpath variant 1 with N=2000, sparsity=4, k=10, seed=1729...
      Average Passes: 3.01,  Average Height: 2000.0, Time/Memory: 154.63,5212
Running kpath variant 2 with N=2000, sparsity=4, k=10, seed=1729...
Graph already exists at: ./input/random_graphs/graph_2500_3123750_UNIFORM_6230961512046992311.txt
Graph already exists at: ./input/random_graphs/graph_2500_3123750_UNIFORM_7871178979383552919.txt
Graph already exists at: ./input/random_graphs/graph_2500_3123750_UNIFORM_5739955973604961613.txt
Graph already exists at: ./input/random_graphs/graph_2500_3123750_UNIFORM_3881801951614183357.txt
Graph already exists at: ./input/random_graphs/graph_2500_3123750_UNIFORM_7032710160631691991.txt
Graph already exists at: ./input/random_graphs/graph_2500_3123750_UNIFORM_7599700178212337699.txt
Graph already exists at: ./input/random_graphs/graph_2500_3123750_UNIFORM_1353182403971399009.txt
Graph already exists at: ./input/random_graphs/graph_2500_3123750_UNIFORM_1070244953599069350.txt
Graph already exists at: ./input/random_graphs/graph_2500_3123750_UNIFORM_6522163754831416203.txt
Graph already exists at: ./input/random_graphs/graph_2500_3123750_UNIFORM_6938562734920028532.txt
Graph already exists at: ./input/random_graphs/graph_2500_3123750_UNIFORM_4040737767143389431.txt
Graph already exists at: ./input/random_graphs/graph_2500_3123750_UNIFORM_1250005700364523649.txt
Graph already exists at: ./input/random_graphs/graph_2500_3123750_UNIFORM_1309542850049879452.txt
Graph already exists at: ./input/random_graphs/graph_2500_3123750_UNIFORM_2429002973740178792.txt
Graph already exists at: ./input/random_graphs/graph_2500_3123750_UNIFORM_7663871783842725848.txt
Graph already exists at: ./input/random_graphs/graph_2500_3123750_UNIFORM_320375091487821987.txt
Graph already exists at: ./input/random_graphs/graph_2500_3123750_UNIFORM_5906957480796939447.txt
Graph already exists at: ./input/random_graphs/graph_2500_3123750_UNIFORM_1250773459040295677.txt
Graph already exists at: ./input/random_graphs/graph_2500_3123750_UNIFORM_7146860528564146064.txt
Graph already exists at: ./input/random_graphs/graph_2500_3123750_UNIFORM_3438400432146115956.txt
Graph already exists at: ./input/random_graphs/graph_2500_3123750_UNIFORM_7473196763798409428.txt
Graph already exists at: ./input/random_graphs/graph_2500_3123750_UNIFORM_5139481885857321791.txt
Graph already exists at: ./input/random_graphs/graph_2500_3123750_UNIFORM_5142811650494845597.txt
Graph already exists at: ./input/random_graphs/graph_2500_3123750_UNIFORM_3010622984418968408.txt
Graph already exists at: ./input/random_graphs/graph_2500_3123750_UNIFORM_6002685213311538187.txt
Graph already exists at: ./input/random_graphs/graph_2500_3123750_UNIFORM_5708372698381010775.txt
Graph already exists at: ./input/random_graphs/graph_2500_3123750_UNIFORM_521787134863155063.txt
Graph already exists at: ./input/random_graphs/graph_2500_3123750_UNIFORM_1731523882129807996.txt
Graph already exists at: ./input/random_graphs/graph_2500_3123750_UNIFORM_1853590723603270879.txt
Graph already exists at: ./input/random_graphs/graph_2500_3123750_UNIFORM_7029781962072644698.txt
Graph already exists at: ./input/random_graphs/graph_2500_3123750_UNIFORM_6785030173969523435.txt
Graph already exists at: ./input/random_graphs/graph_2500_3123750_UNIFORM_5529616217668449934.txt
Graph already exists at: ./input/random_graphs/graph_2500_3123750_UNIFORM_1024517563182776983.txt
Graph already exists at: ./input/random_graphs/graph_2500_3123750_UNIFORM_3224265581699847191.txt
Graph already exists at: ./input/random_graphs/graph_2500_3123750_UNIFORM_5258051056098597521.txt
Graph already exists at: ./input/random_graphs/graph_2500_3123750_UNIFORM_1647170069535670909.txt
Graph already exists at: ./input/random_graphs/graph_2500_3123750_UNIFORM_4122784633514911760.txt
Graph already exists at: ./input/random_graphs/graph_2500_3123750_UNIFORM_7706236040662210848.txt
Graph already exists at: ./input/random_graphs/graph_2500_3123750_UNIFORM_824387247617288499.txt
Graph already exists at: ./input/random_graphs/graph_2500_3123750_UNIFORM_1632192924771168275.txt
Graph already exists at: ./input/random_graphs/graph_2500_3123750_UNIFORM_7161906730445628483.txt
Graph already exists at: ./input/random_graphs/graph_2500_3123750_UNIFORM_6802378520969450157.txt
Graph already exists at: ./input/random_graphs/graph_2500_3123750_UNIFORM_4552998297316576788.txt
Graph already exists at: ./input/random_graphs/graph_2500_3123750_UNIFORM_8031431416522537101.txt
Graph already exists at: ./input/random_graphs/graph_2500_3123750_UNIFORM_6143643868734370809.txt
Graph already exists at: ./input/random_graphs/graph_2500_3123750_UNIFORM_3272308573967577038.txt
Graph already exists at: ./input/random_graphs/graph_2500_3123750_UNIFORM_5636411189175451024.txt
Graph already exists at: ./input/random_graphs/graph_2500_3123750_UNIFORM_5349491008325879064.txt
Graph already exists at: ./input/random_graphs/graph_2500_3123750_UNIFORM_6614505080519948832.txt
Graph already exists at: ./input/random_graphs/graph_2500_3123750_UNIFORM_7938560551762094560.txt
Graph already exists at: ./input/random_graphs/graph_2500_3123750_UNIFORM_7917045922527545890.txt
Graph already exists at: ./input/random_graphs/graph_2500_3123750_UNIFORM_4445925461710302877.txt
Graph already exists at: ./input/random_graphs/graph_2500_3123750_UNIFORM_3865339568260874865.txt
Graph already exists at: ./input/random_graphs/graph_2500_3123750_UNIFORM_7921282862123281598.txt
Graph already exists at: ./input/random_graphs/graph_2500_3123750_UNIFORM_6224222471595207695.txt
Graph already exists at: ./input/random_graphs/graph_2500_3123750_UNIFORM_1128313391724783137.txt
Graph already exists at: ./input/random_graphs/graph_2500_3123750_UNIFORM_716820155901718944.txt
Graph already exists at: ./input/random_graphs/graph_2500_3123750_UNIFORM_8718380604043999642.txt
Graph already exists at: ./input/random_graphs/graph_2500_3123750_UNIFORM_5063475852268941542.txt
Graph already exists at: ./input/random_graphs/graph_2500_3123750_UNIFORM_4997514996153925447.txt
Graph already exists at: ./input/random_graphs/graph_2500_3123750_UNIFORM_8446481348147407377.txt
Graph already exists at: ./input/random_graphs/graph_2500_3123750_UNIFORM_3817405844514670994.txt
Graph already exists at: ./input/random_graphs/graph_2500_3123750_UNIFORM_6529943913552561417.txt
Graph already exists at: ./input/random_graphs/graph_2500_3123750_UNIFORM_2909934787168262407.txt
Graph already exists at: ./input/random_graphs/graph_2500_3123750_UNIFORM_1170385908854608748.txt
Graph already exists at: ./input/random_graphs/graph_2500_3123750_UNIFORM_6022436717541034636.txt
Graph already exists at: ./input/random_graphs/graph_2500_3123750_UNIFORM_199422815561151340.txt
Graph already exists at: ./input/random_graphs/graph_2500_3123750_UNIFORM_3713827327871807734.txt
Graph already exists at: ./input/random_graphs/graph_2500_3123750_UNIFORM_175493991617213850.txt
Graph already exists at: ./input/random_graphs/graph_2500_3123750_UNIFORM_5108599054664628607.txt
Graph already exists at: ./input/random_graphs/graph_2500_3123750_UNIFORM_6764066939395682287.txt
Graph already exists at: ./input/random_graphs/graph_2500_3123750_UNIFORM_9130666990809746335.txt
Graph already exists at: ./input/random_graphs/graph_2500_3123750_UNIFORM_7644420139408884785.txt
Graph already exists at: ./input/random_graphs/graph_2500_3123750_UNIFORM_1458186392400727732.txt
Graph already exists at: ./input/random_graphs/graph_2500_3123750_UNIFORM_1392892770529522614.txt
Graph already exists at: ./input/random_graphs/graph_2500_3123750_UNIFORM_9060210648189963449.txt
Graph already exists at: ./input/random_graphs/graph_2500_3123750_UNIFORM_4250897495980125004.txt
Graph already exists at: ./input/random_graphs/graph_2500_3123750_UNIFORM_8794274795737982182.txt
Graph already exists at: ./input/random_graphs/graph_2500_3123750_UNIFORM_2089506265998900862.txt
Graph already exists at: ./input/random_graphs/graph_2500_3123750_UNIFORM_5497874167834979553.txt
Graph already exists at: ./input/random_graphs/graph_2500_3123750_UNIFORM_4060584409398689268.txt
Graph already exists at: ./input/random_graphs/graph_2500_3123750_UNIFORM_1332005502874566195.txt
Graph already exists at: ./input/random_graphs/graph_2500_3123750_UNIFORM_1722224698700348310.txt
Graph already exists at: ./input/random_graphs/graph_2500_3123750_UNIFORM_8626102704817790064.txt
Graph already exists at: ./input/random_graphs/graph_2500_3123750_UNIFORM_7905487461282246979.txt
Graph already exists at: ./input/random_graphs/graph_2500_3123750_UNIFORM_8448596294177070022.txt
Graph already exists at: ./input/random_graphs/graph_2500_3123750_UNIFORM_4795749165124911768.txt
Graph already exists at: ./input/random_graphs/graph_2500_3123750_UNIFORM_4934890601268679176.txt
Graph already exists at: ./input/random_graphs/graph_2500_3123750_UNIFORM_1992204328026194281.txt
Graph already exists at: ./input/random_graphs/graph_2500_3123750_UNIFORM_7118744415197196276.txt
Graph already exists at: ./input/random_graphs/graph_2500_3123750_UNIFORM_2718103348384927511.txt
Graph already exists at: ./input/random_graphs/graph_2500_3123750_UNIFORM_9059990922233379852.txt
Graph already exists at: ./input/random_graphs/graph_2500_3123750_UNIFORM_7449662661572224354.txt
Graph already exists at: ./input/random_graphs/graph_2500_3123750_UNIFORM_3221421291694197220.txt
Graph already exists at: ./input/random_graphs/graph_2500_3123750_UNIFORM_8867616339855336876.txt
Graph already exists at: ./input/random_graphs/graph_2500_3123750_UNIFORM_5894893360759659423.txt
Graph already exists at: ./input/random_graphs/graph_2500_3123750_UNIFORM_7983805977214098674.txt
Graph already exists at: ./input/random_graphs/graph_2500_3123750_UNIFORM_4940913311242578590.txt
Graph already exists at: ./input/random_graphs/graph_2500_3123750_UNIFORM_2264398621601381987.txt
Graph already exists at: ./input/random_graphs/graph_2500_3123750_UNIFORM_7632458674696225362.txt
Graph already exists at: ./input/random_graphs/graph_3000_4498500_UNIFORM_6230961512046992311.txt
Graph already exists at: ./input/random_graphs/graph_3000_4498500_UNIFORM_7871178979383552919.txt
Graph already exists at: ./input/random_graphs/graph_3000_4498500_UNIFORM_5739955973604961613.txt
Graph already exists at: ./input/random_graphs/graph_3000_4498500_UNIFORM_3881801951614183357.txt
Graph already exists at: ./input/random_graphs/graph_3000_4498500_UNIFORM_7032710160631691991.txt
Graph already exists at: ./input/random_graphs/graph_3000_4498500_UNIFORM_7599700178212337699.txt
Graph already exists at: ./input/random_graphs/graph_3000_4498500_UNIFORM_1353182403971399009.txt
Graph already exists at: ./input/random_graphs/graph_3000_4498500_UNIFORM_1070244953599069350.txt
Graph already exists at: ./input/random_graphs/graph_3000_4498500_UNIFORM_6522163754831416203.txt
Graph already exists at: ./input/random_graphs/graph_3000_4498500_UNIFORM_6938562734920028532.txt
Graph already exists at: ./input/random_graphs/graph_3000_4498500_UNIFORM_4040737767143389431.txt
Graph already exists at: ./input/random_graphs/graph_3000_4498500_UNIFORM_1250005700364523649.txt
Graph already exists at: ./input/random_graphs/graph_3000_4498500_UNIFORM_1309542850049879452.txt
Graph already exists at: ./input/random_graphs/graph_3000_4498500_UNIFORM_2429002973740178792.txt
Graph already exists at: ./input/random_graphs/graph_3000_4498500_UNIFORM_7663871783842725848.txt
Graph already exists at: ./input/random_graphs/graph_3000_4498500_UNIFORM_320375091487821987.txt
Graph already exists at: ./input/random_graphs/graph_3000_4498500_UNIFORM_5906957480796939447.txt
Graph already exists at: ./input/random_graphs/graph_3000_4498500_UNIFORM_1250773459040295677.txt
Graph already exists at: ./input/random_graphs/graph_3000_4498500_UNIFORM_7146860528564146064.txt
Graph already exists at: ./input/random_graphs/graph_3000_4498500_UNIFORM_3438400432146115956.txt
Graph already exists at: ./input/random_graphs/graph_3000_4498500_UNIFORM_7473196763798409428.txt
Graph already exists at: ./input/random_graphs/graph_3000_4498500_UNIFORM_5139481885857321791.txt
Graph already exists at: ./input/random_graphs/graph_3000_4498500_UNIFORM_5142811650494845597.txt
Graph already exists at: ./input/random_graphs/graph_3000_4498500_UNIFORM_3010622984418968408.txt
Graph already exists at: ./input/random_graphs/graph_3000_4498500_UNIFORM_6002685213311538187.txt
Graph already exists at: ./input/random_graphs/graph_3000_4498500_UNIFORM_5708372698381010775.txt
Graph already exists at: ./input/random_graphs/graph_3000_4498500_UNIFORM_521787134863155063.txt
Graph already exists at: ./input/random_graphs/graph_3000_4498500_UNIFORM_1731523882129807996.txt
Graph already exists at: ./input/random_graphs/graph_3000_4498500_UNIFORM_1853590723603270879.txt
Graph already exists at: ./input/random_graphs/graph_3000_4498500_UNIFORM_7029781962072644698.txt
Graph already exists at: ./input/random_graphs/graph_3000_4498500_UNIFORM_6785030173969523435.txt
Graph already exists at: ./input/random_graphs/graph_3000_4498500_UNIFORM_5529616217668449934.txt
Graph already exists at: ./input/random_graphs/graph_3000_4498500_UNIFORM_1024517563182776983.txt
Graph already exists at: ./input/random_graphs/graph_3000_4498500_UNIFORM_3224265581699847191.txt
Graph already exists at: ./input/random_graphs/graph_3000_4498500_UNIFORM_5258051056098597521.txt
Graph already exists at: ./input/random_graphs/graph_3000_4498500_UNIFORM_1647170069535670909.txt
Graph already exists at: ./input/random_graphs/graph_3000_4498500_UNIFORM_4122784633514911760.txt
Graph already exists at: ./input/random_graphs/graph_3000_4498500_UNIFORM_7706236040662210848.txt
Graph already exists at: ./input/random_graphs/graph_3000_4498500_UNIFORM_824387247617288499.txt
Graph already exists at: ./input/random_graphs/graph_3000_4498500_UNIFORM_1632192924771168275.txt
Graph already exists at: ./input/random_graphs/graph_3000_4498500_UNIFORM_7161906730445628483.txt
Graph already exists at: ./input/random_graphs/graph_3000_4498500_UNIFORM_6802378520969450157.txt
Graph already exists at: ./input/random_graphs/graph_3000_4498500_UNIFORM_4552998297316576788.txt
Graph already exists at: ./input/random_graphs/graph_3000_4498500_UNIFORM_8031431416522537101.txt
Graph already exists at: ./input/random_graphs/graph_3000_4498500_UNIFORM_6143643868734370809.txt
Graph already exists at: ./input/random_graphs/graph_3000_4498500_UNIFORM_3272308573967577038.txt
Graph already exists at: ./input/random_graphs/graph_3000_4498500_UNIFORM_5636411189175451024.txt
Graph already exists at: ./input/random_graphs/graph_3000_4498500_UNIFORM_5349491008325879064.txt
Graph already exists at: ./input/random_graphs/graph_3000_4498500_UNIFORM_6614505080519948832.txt
Graph already exists at: ./input/random_graphs/graph_3000_4498500_UNIFORM_7938560551762094560.txt
Graph already exists at: ./input/random_graphs/graph_3000_4498500_UNIFORM_7917045922527545890.txt
Graph already exists at: ./input/random_graphs/graph_3000_4498500_UNIFORM_4445925461710302877.txt
Graph already exists at: ./input/random_graphs/graph_3000_4498500_UNIFORM_3865339568260874865.txt
Graph already exists at: ./input/random_graphs/graph_3000_4498500_UNIFORM_7921282862123281598.txt
Graph already exists at: ./input/random_graphs/graph_3000_4498500_UNIFORM_6224222471595207695.txt
Graph already exists at: ./input/random_graphs/graph_3000_4498500_UNIFORM_1128313391724783137.txt
Graph already exists at: ./input/random_graphs/graph_3000_4498500_UNIFORM_716820155901718944.txt
Graph already exists at: ./input/random_graphs/graph_3000_4498500_UNIFORM_8718380604043999642.txt
Graph already exists at: ./input/random_graphs/graph_3000_4498500_UNIFORM_5063475852268941542.txt
Graph already exists at: ./input/random_graphs/graph_3000_4498500_UNIFORM_4997514996153925447.txt
Graph already exists at: ./input/random_graphs/graph_3000_4498500_UNIFORM_8446481348147407377.txt
Graph already exists at: ./input/random_graphs/graph_3000_4498500_UNIFORM_3817405844514670994.txt
Graph already exists at: ./input/random_graphs/graph_3000_4498500_UNIFORM_6529943913552561417.txt
Graph already exists at: ./input/random_graphs/graph_3000_4498500_UNIFORM_2909934787168262407.txt
Graph already exists at: ./input/random_graphs/graph_3000_4498500_UNIFORM_1170385908854608748.txt
Graph already exists at: ./input/random_graphs/graph_3000_4498500_UNIFORM_6022436717541034636.txt
Graph already exists at: ./input/random_graphs/graph_3000_4498500_UNIFORM_199422815561151340.txt
Graph already exists at: ./input/random_graphs/graph_3000_4498500_UNIFORM_3713827327871807734.txt
Graph already exists at: ./input/random_graphs/graph_3000_4498500_UNIFORM_175493991617213850.txt
Graph already exists at: ./input/random_graphs/graph_3000_4498500_UNIFORM_5108599054664628607.txt
Graph already exists at: ./input/random_graphs/graph_3000_4498500_UNIFORM_6764066939395682287.txt
Graph already exists at: ./input/random_graphs/graph_3000_4498500_UNIFORM_9130666990809746335.txt
Graph already exists at: ./input/random_graphs/graph_3000_4498500_UNIFORM_7644420139408884785.txt
Graph already exists at: ./input/random_graphs/graph_3000_4498500_UNIFORM_1458186392400727732.txt
Graph already exists at: ./input/random_graphs/graph_3000_4498500_UNIFORM_1392892770529522614.txt
Graph already exists at: ./input/random_graphs/graph_3000_4498500_UNIFORM_9060210648189963449.txt
Graph already exists at: ./input/random_graphs/graph_3000_4498500_UNIFORM_4250897495980125004.txt
Graph already exists at: ./input/random_graphs/graph_3000_4498500_UNIFORM_8794274795737982182.txt
Graph already exists at: ./input/random_graphs/graph_3000_4498500_UNIFORM_2089506265998900862.txt
Graph already exists at: ./input/random_graphs/graph_3000_4498500_UNIFORM_5497874167834979553.txt
Graph already exists at: ./input/random_graphs/graph_3000_4498500_UNIFORM_4060584409398689268.txt
Graph already exists at: ./input/random_graphs/graph_3000_4498500_UNIFORM_1332005502874566195.txt
Graph already exists at: ./input/random_graphs/graph_3000_4498500_UNIFORM_1722224698700348310.txt
Graph already exists at: ./input/random_graphs/graph_3000_4498500_UNIFORM_8626102704817790064.txt
Graph already exists at: ./input/random_graphs/graph_3000_4498500_UNIFORM_7905487461282246979.txt
Graph already exists at: ./input/random_graphs/graph_3000_4498500_UNIFORM_8448596294177070022.txt
Graph already exists at: ./input/random_graphs/graph_3000_4498500_UNIFORM_4795749165124911768.txt
Graph already exists at: ./input/random_graphs/graph_3000_4498500_UNIFORM_4934890601268679176.txt
Graph already exists at: ./input/random_graphs/graph_3000_4498500_UNIFORM_1992204328026194281.txt
Graph already exists at: ./input/random_graphs/graph_3000_4498500_UNIFORM_7118744415197196276.txt
Graph already exists at: ./input/random_graphs/graph_3000_4498500_UNIFORM_2718103348384927511.txt
Graph already exists at: ./input/random_graphs/graph_3000_4498500_UNIFORM_9059990922233379852.txt
Graph already exists at: ./input/random_graphs/graph_3000_4498500_UNIFORM_7449662661572224354.txt
Graph already exists at: ./input/random_graphs/graph_3000_4498500_UNIFORM_3221421291694197220.txt
Graph already exists at: ./input/random_graphs/graph_3000_4498500_UNIFORM_8867616339855336876.txt
Graph already exists at: ./input/random_graphs/graph_3000_4498500_UNIFORM_5894893360759659423.txt
Graph already exists at: ./input/random_graphs/graph_3000_4498500_UNIFORM_7983805977214098674.txt
Graph already exists at: ./input/random_graphs/graph_3000_4498500_UNIFORM_4940913311242578590.txt
Graph already exists at: ./input/random_graphs/graph_3000_4498500_UNIFORM_2264398621601381987.txt
Graph already exists at: ./input/random_graphs/graph_3000_4498500_UNIFORM_7632458674696225362.txt
      Average Passes: 3.0,  Average Height: 2000.0, Time/Memory: 153.93,5192
Running kpath variant N with N=2000, sparsity=4, k=10, seed=1729...
      Average Passes: 2.0,  Average Height: 2000.0, Time/Memory: 102.76,5184
Running klev variant 0 with N=2000, sparsity=4, k=2, seed=1729...
      Average Passes: 3.0,  Average Height: 2000.0, Time/Memory: 218.21,4132
Running klev variant 1 with N=2000, sparsity=4, k=2, seed=1729...
      Average Passes: 2.0,  Average Height: 2000.0, Time/Memory: 167.78,4176
Running klev variant 2 with N=2000, sparsity=4, k=2, seed=1729...
      Average Passes: 2.0,  Average Height: 2000.0, Time/Memory: 147.52,4132
Running klev variant N with N=2000, sparsity=4, k=2, seed=1729...
      Average Passes: 2.0,  Average Height: 2000.0, Time/Memory: 142.12,4132
Running klev variant 0 with N=2000, sparsity=4, k=5, seed=1729...
      Average Passes: 3.0,  Average Height: 2000.0, Time/Memory: 215.89,4132
Running klev variant 1 with N=2000, sparsity=4, k=5, seed=1729...
      Average Passes: 2.0,  Average Height: 2000.0, Time/Memory: 166.69,4208
Running klev variant 2 with N=2000, sparsity=4, k=5, seed=1729...
      Average Passes: 2.0,  Average Height: 2000.0, Time/Memory: 140.60,5156
Running klev variant N with N=2000, sparsity=4, k=5, seed=1729...
      Average Passes: 1.03,  Average Height: 2000.0, Time/Memory: 87.97,5156
Running klev variant 0 with N=2000, sparsity=4, k=10, seed=1729...
      Average Passes: 3.0,  Average Height: 2000.0, Time/Memory: 218.70,4152
Running klev variant 1 with N=2000, sparsity=4, k=10, seed=1729...
      Average Passes: 2.0,  Average Height: 2000.0, Time/Memory: 173.29,4148
Running klev variant 2 with N=2000, sparsity=4, k=10, seed=1729...
      Average Passes: 2.0,  Average Height: 2000.0, Time/Memory: 141.87,6220
Running klev variant N with N=2000, sparsity=4, k=10, seed=1729...
      Average Passes: 1.0,  Average Height: 2000.0, Time/Memory: 85.14,4132
Running kpath variant 0 with N=2500, sparsity=4, k=2, seed=1729...
      Average Passes: 16.62,  Average Height: 2500.0, Time/Memory: 1334.18,4132
Running kpath variant 1 with N=2500, sparsity=4, k=2, seed=1729...
      Average Passes: 16.59,  Average Height: 2500.0, Time/Memory: 1329.12,4140
Running kpath variant 2 with N=2500, sparsity=4, k=2, seed=1729...
      Average Passes: 7.41,  Average Height: 2500.0, Time/Memory: 586.19,4164
Running kpath variant N with N=2500, sparsity=4, k=2, seed=1729...
      Average Passes: 4.0,  Average Height: 2500.0, Time/Memory: 314.13,4132
Running kpath variant 0 with N=2500, sparsity=4, k=5, seed=1729...
      Average Passes: 5.42,  Average Height: 2500.0, Time/Memory: 426.36,5232
Running kpath variant 1 with N=2500, sparsity=4, k=5, seed=1729...
      Average Passes: 4.76,  Average Height: 2500.0, Time/Memory: 385.23,5180
Running kpath variant 2 with N=2500, sparsity=4, k=5, seed=1729...
      Average Passes: 4.0,  Average Height: 2500.0, Time/Memory: 319.11,5156
Running kpath variant N with N=2500, sparsity=4, k=5, seed=1729...
      Average Passes: 3.0,  Average Height: 2500.0, Time/Memory: 238.72,5224
Running kpath variant 0 with N=2500, sparsity=4, k=10, seed=1729...
      Average Passes: 4.01,  Average Height: 2500.0, Time/Memory: 318.55,6180
Running kpath variant 1 with N=2500, sparsity=4, k=10, seed=1729...
      Average Passes: 3.06,  Average Height: 2500.0, Time/Memory: 245.26,6180
Running kpath variant 2 with N=2500, sparsity=4, k=10, seed=1729...
      Average Passes: 3.0,  Average Height: 2500.0, Time/Memory: 239.23,6180
Running kpath variant N with N=2500, sparsity=4, k=10, seed=1729...
      Average Passes: 2.02,  Average Height: 2500.0, Time/Memory: 161.59,6180
Running klev variant 0 with N=2500, sparsity=4, k=2, seed=1729...
      Average Passes: 3.0,  Average Height: 2500.0, Time/Memory: 346.22,4152
Running klev variant 1 with N=2500, sparsity=4, k=2, seed=1729...
      Average Passes: 2.0,  Average Height: 2500.0, Time/Memory: 262.00,4148
Running klev variant 2 with N=2500, sparsity=4, k=2, seed=1729...
      Average Passes: 2.0,  Average Height: 2500.0, Time/Memory: 231.64,4132
Running klev variant N with N=2500, sparsity=4, k=2, seed=1729...
      Average Passes: 2.0,  Average Height: 2500.0, Time/Memory: 229.21,4128
Running klev variant 0 with N=2500, sparsity=4, k=5, seed=1729...
      Average Passes: 3.0,  Average Height: 2500.0, Time/Memory: 346.58,4132
Running klev variant 1 with N=2500, sparsity=4, k=5, seed=1729...
      Average Passes: 2.0,  Average Height: 2500.0, Time/Memory: 262.67,4208
Running klev variant 2 with N=2500, sparsity=4, k=5, seed=1729...
      Average Passes: 2.0,  Average Height: 2500.0, Time/Memory: 221.75,5204
Running klev variant N with N=2500, sparsity=4, k=5, seed=1729...
      Average Passes: 1.02,  Average Height: 2500.0, Time/Memory: 137.54,5152
Running klev variant 0 with N=2500, sparsity=4, k=10, seed=1729...
      Average Passes: 3.0,  Average Height: 2500.0, Time/Memory: 348.04,6220
Running klev variant 1 with N=2500, sparsity=4, k=10, seed=1729...
      Average Passes: 2.0,  Average Height: 2500.0, Time/Memory: 263.10,6184
Running klev variant 2 with N=2500, sparsity=4, k=10, seed=1729...
      Average Passes: 2.0,  Average Height: 2500.0, Time/Memory: 218.01,6252
Running klev variant N with N=2500, sparsity=4, k=10, seed=1729...
      Average Passes: 1.0,  Average Height: 2500.0, Time/Memory: 136.55,6184
Running kpath variant 0 with N=3000, sparsity=4, k=2, seed=1729...
      Average Passes: 17.16,  Average Height: 3000.0, Time/Memory: 1909.86,4132
Running kpath variant 1 with N=3000, sparsity=4, k=2, seed=1729...
      Average Passes: 17.06,  Average Height: 3000.0, Time/Memory: 1981.76,4156
Running kpath variant 2 with N=3000, sparsity=4, k=2, seed=1729...
      Average Passes: 7.57,  Average Height: 3000.0, Time/Memory: 866.34,4136
Running kpath variant N with N=3000, sparsity=4, k=2, seed=1729...
      Average Passes: 4.0,  Average Height: 3000.0, Time/Memory: 468.56,4132
Running kpath variant 0 with N=3000, sparsity=4, k=5, seed=1729...
      Average Passes: 5.65,  Average Height: 3000.0, Time/Memory: 635.02,5192
Running kpath variant 1 with N=3000, sparsity=4, k=5, seed=1729...
      Average Passes: 4.89,  Average Height: 3000.0, Time/Memory: 549.16,5228
Running kpath variant 2 with N=3000, sparsity=4, k=5, seed=1729...
      Average Passes: 4.03,  Average Height: 3000.0, Time/Memory: 466.18,5172
Running kpath variant N with N=3000, sparsity=4, k=5, seed=1729...
      Average Passes: 3.0,  Average Height: 3000.0, Time/Memory: 353.38,5156
Running kpath variant 0 with N=3000, sparsity=4, k=10, seed=1729...
      Average Passes: 4.08,  Average Height: 3000.0, Time/Memory: 457.25,8240
Running kpath variant 1 with N=3000, sparsity=4, k=10, seed=1729...
      Average Passes: 3.14,  Average Height: 3000.0, Time/Memory: 365.75,7268
Running kpath variant 2 with N=3000, sparsity=4, k=10, seed=1729...
      Average Passes: 3.03,  Average Height: 3000.0, Time/Memory: 347.50,8240
Running kpath variant N with N=3000, sparsity=4, k=10, seed=1729...
      Average Passes: 2.16,  Average Height: 3000.0, Time/Memory: 250.86,7204
Running klev variant 0 with N=3000, sparsity=4, k=2, seed=1729...
      Average Passes: 3.0,  Average Height: 3000.0, Time/Memory: 499.98,4160
Running klev variant 1 with N=3000, sparsity=4, k=2, seed=1729...
      Average Passes: 2.0,  Average Height: 3000.0, Time/Memory: 388.08,5188
Running klev variant 2 with N=3000, sparsity=4, k=2, seed=1729...
      Average Passes: 2.0,  Average Height: 3000.0, Time/Memory: 339.58,5168
Running klev variant N with N=3000, sparsity=4, k=2, seed=1729...
      Average Passes: 2.0,  Average Height: 3000.0, Time/Memory: 329.46,5160
Running klev variant 0 with N=3000, sparsity=4, k=5, seed=1729...
      Average Passes: 3.0,  Average Height: 3000.0, Time/Memory: 505.95,4132
Running klev variant 1 with N=3000, sparsity=4, k=5, seed=1729...
      Average Passes: 2.0,  Average Height: 3000.0, Time/Memory: 386.54,4140
Running klev variant 2 with N=3000, sparsity=4, k=5, seed=1729...
      Average Passes: 2.0,  Average Height: 3000.0, Time/Memory: 316.70,6192
Graph already exists at: ./input/random_graphs/graph_3500_6123250_UNIFORM_6230961512046992311.txt
Graph already exists at: ./input/random_graphs/graph_3500_6123250_UNIFORM_7871178979383552919.txt
Graph already exists at: ./input/random_graphs/graph_3500_6123250_UNIFORM_5739955973604961613.txt
Graph already exists at: ./input/random_graphs/graph_3500_6123250_UNIFORM_3881801951614183357.txt
Graph already exists at: ./input/random_graphs/graph_3500_6123250_UNIFORM_7032710160631691991.txt
Graph already exists at: ./input/random_graphs/graph_3500_6123250_UNIFORM_7599700178212337699.txt
Graph already exists at: ./input/random_graphs/graph_3500_6123250_UNIFORM_1353182403971399009.txt
Graph already exists at: ./input/random_graphs/graph_3500_6123250_UNIFORM_1070244953599069350.txt
Graph already exists at: ./input/random_graphs/graph_3500_6123250_UNIFORM_6522163754831416203.txt
Graph already exists at: ./input/random_graphs/graph_3500_6123250_UNIFORM_6938562734920028532.txt
Graph already exists at: ./input/random_graphs/graph_3500_6123250_UNIFORM_4040737767143389431.txt
Graph already exists at: ./input/random_graphs/graph_3500_6123250_UNIFORM_1250005700364523649.txt
Graph already exists at: ./input/random_graphs/graph_3500_6123250_UNIFORM_1309542850049879452.txt
Graph already exists at: ./input/random_graphs/graph_3500_6123250_UNIFORM_2429002973740178792.txt
Graph already exists at: ./input/random_graphs/graph_3500_6123250_UNIFORM_7663871783842725848.txt
Graph already exists at: ./input/random_graphs/graph_3500_6123250_UNIFORM_320375091487821987.txt
Graph already exists at: ./input/random_graphs/graph_3500_6123250_UNIFORM_5906957480796939447.txt
Graph already exists at: ./input/random_graphs/graph_3500_6123250_UNIFORM_1250773459040295677.txt
Graph already exists at: ./input/random_graphs/graph_3500_6123250_UNIFORM_7146860528564146064.txt
Graph already exists at: ./input/random_graphs/graph_3500_6123250_UNIFORM_3438400432146115956.txt
Graph already exists at: ./input/random_graphs/graph_3500_6123250_UNIFORM_7473196763798409428.txt
Graph already exists at: ./input/random_graphs/graph_3500_6123250_UNIFORM_5139481885857321791.txt
Graph already exists at: ./input/random_graphs/graph_3500_6123250_UNIFORM_5142811650494845597.txt
Graph already exists at: ./input/random_graphs/graph_3500_6123250_UNIFORM_3010622984418968408.txt
Graph already exists at: ./input/random_graphs/graph_3500_6123250_UNIFORM_6002685213311538187.txt
Graph already exists at: ./input/random_graphs/graph_3500_6123250_UNIFORM_5708372698381010775.txt
Graph already exists at: ./input/random_graphs/graph_3500_6123250_UNIFORM_521787134863155063.txt
Graph already exists at: ./input/random_graphs/graph_3500_6123250_UNIFORM_1731523882129807996.txt
Graph already exists at: ./input/random_graphs/graph_3500_6123250_UNIFORM_1853590723603270879.txt
Graph already exists at: ./input/random_graphs/graph_3500_6123250_UNIFORM_7029781962072644698.txt
Graph already exists at: ./input/random_graphs/graph_3500_6123250_UNIFORM_6785030173969523435.txt
Graph already exists at: ./input/random_graphs/graph_3500_6123250_UNIFORM_5529616217668449934.txt
Graph already exists at: ./input/random_graphs/graph_3500_6123250_UNIFORM_1024517563182776983.txt
Graph already exists at: ./input/random_graphs/graph_3500_6123250_UNIFORM_3224265581699847191.txt
Graph already exists at: ./input/random_graphs/graph_3500_6123250_UNIFORM_5258051056098597521.txt
Graph already exists at: ./input/random_graphs/graph_3500_6123250_UNIFORM_1647170069535670909.txt
Graph already exists at: ./input/random_graphs/graph_3500_6123250_UNIFORM_4122784633514911760.txt
Graph already exists at: ./input/random_graphs/graph_3500_6123250_UNIFORM_7706236040662210848.txt
Graph already exists at: ./input/random_graphs/graph_3500_6123250_UNIFORM_824387247617288499.txt
Graph already exists at: ./input/random_graphs/graph_3500_6123250_UNIFORM_1632192924771168275.txt
Graph already exists at: ./input/random_graphs/graph_3500_6123250_UNIFORM_7161906730445628483.txt
Graph already exists at: ./input/random_graphs/graph_3500_6123250_UNIFORM_6802378520969450157.txt
Graph already exists at: ./input/random_graphs/graph_3500_6123250_UNIFORM_4552998297316576788.txt
Graph already exists at: ./input/random_graphs/graph_3500_6123250_UNIFORM_8031431416522537101.txt
Graph already exists at: ./input/random_graphs/graph_3500_6123250_UNIFORM_6143643868734370809.txt
Graph already exists at: ./input/random_graphs/graph_3500_6123250_UNIFORM_3272308573967577038.txt
Graph already exists at: ./input/random_graphs/graph_3500_6123250_UNIFORM_5636411189175451024.txt
Graph already exists at: ./input/random_graphs/graph_3500_6123250_UNIFORM_5349491008325879064.txt
Graph already exists at: ./input/random_graphs/graph_3500_6123250_UNIFORM_6614505080519948832.txt
Graph already exists at: ./input/random_graphs/graph_3500_6123250_UNIFORM_7938560551762094560.txt
Graph already exists at: ./input/random_graphs/graph_3500_6123250_UNIFORM_7917045922527545890.txt
Graph already exists at: ./input/random_graphs/graph_3500_6123250_UNIFORM_4445925461710302877.txt
Graph already exists at: ./input/random_graphs/graph_3500_6123250_UNIFORM_3865339568260874865.txt
Graph already exists at: ./input/random_graphs/graph_3500_6123250_UNIFORM_7921282862123281598.txt
Graph already exists at: ./input/random_graphs/graph_3500_6123250_UNIFORM_6224222471595207695.txt
Graph already exists at: ./input/random_graphs/graph_3500_6123250_UNIFORM_1128313391724783137.txt
Graph already exists at: ./input/random_graphs/graph_3500_6123250_UNIFORM_716820155901718944.txt
Graph already exists at: ./input/random_graphs/graph_3500_6123250_UNIFORM_8718380604043999642.txt
Graph already exists at: ./input/random_graphs/graph_3500_6123250_UNIFORM_5063475852268941542.txt
Graph already exists at: ./input/random_graphs/graph_3500_6123250_UNIFORM_4997514996153925447.txt
Graph already exists at: ./input/random_graphs/graph_3500_6123250_UNIFORM_8446481348147407377.txt
Graph already exists at: ./input/random_graphs/graph_3500_6123250_UNIFORM_3817405844514670994.txt
Graph already exists at: ./input/random_graphs/graph_3500_6123250_UNIFORM_6529943913552561417.txt
Graph already exists at: ./input/random_graphs/graph_3500_6123250_UNIFORM_2909934787168262407.txt
Graph already exists at: ./input/random_graphs/graph_3500_6123250_UNIFORM_1170385908854608748.txt
Graph already exists at: ./input/random_graphs/graph_3500_6123250_UNIFORM_6022436717541034636.txt
Graph already exists at: ./input/random_graphs/graph_3500_6123250_UNIFORM_199422815561151340.txt
Graph already exists at: ./input/random_graphs/graph_3500_6123250_UNIFORM_3713827327871807734.txt
Graph already exists at: ./input/random_graphs/graph_3500_6123250_UNIFORM_175493991617213850.txt
Graph already exists at: ./input/random_graphs/graph_3500_6123250_UNIFORM_5108599054664628607.txt
Graph already exists at: ./input/random_graphs/graph_3500_6123250_UNIFORM_6764066939395682287.txt
Graph already exists at: ./input/random_graphs/graph_3500_6123250_UNIFORM_9130666990809746335.txt
Graph already exists at: ./input/random_graphs/graph_3500_6123250_UNIFORM_7644420139408884785.txt
Graph already exists at: ./input/random_graphs/graph_3500_6123250_UNIFORM_1458186392400727732.txt
Graph already exists at: ./input/random_graphs/graph_3500_6123250_UNIFORM_1392892770529522614.txt
Graph already exists at: ./input/random_graphs/graph_3500_6123250_UNIFORM_9060210648189963449.txt
Graph already exists at: ./input/random_graphs/graph_3500_6123250_UNIFORM_4250897495980125004.txt
Graph already exists at: ./input/random_graphs/graph_3500_6123250_UNIFORM_8794274795737982182.txt
Graph already exists at: ./input/random_graphs/graph_3500_6123250_UNIFORM_2089506265998900862.txt
Graph already exists at: ./input/random_graphs/graph_3500_6123250_UNIFORM_5497874167834979553.txt
Graph already exists at: ./input/random_graphs/graph_3500_6123250_UNIFORM_4060584409398689268.txt
Graph already exists at: ./input/random_graphs/graph_3500_6123250_UNIFORM_1332005502874566195.txt
Graph already exists at: ./input/random_graphs/graph_3500_6123250_UNIFORM_1722224698700348310.txt
Graph already exists at: ./input/random_graphs/graph_3500_6123250_UNIFORM_8626102704817790064.txt
Graph already exists at: ./input/random_graphs/graph_3500_6123250_UNIFORM_7905487461282246979.txt
Graph already exists at: ./input/random_graphs/graph_3500_6123250_UNIFORM_8448596294177070022.txt
Graph already exists at: ./input/random_graphs/graph_3500_6123250_UNIFORM_4795749165124911768.txt
Graph already exists at: ./input/random_graphs/graph_3500_6123250_UNIFORM_4934890601268679176.txt
Graph already exists at: ./input/random_graphs/graph_3500_6123250_UNIFORM_1992204328026194281.txt
Graph already exists at: ./input/random_graphs/graph_3500_6123250_UNIFORM_7118744415197196276.txt
Graph already exists at: ./input/random_graphs/graph_3500_6123250_UNIFORM_2718103348384927511.txt
Graph already exists at: ./input/random_graphs/graph_3500_6123250_UNIFORM_9059990922233379852.txt
Graph already exists at: ./input/random_graphs/graph_3500_6123250_UNIFORM_7449662661572224354.txt
Graph already exists at: ./input/random_graphs/graph_3500_6123250_UNIFORM_3221421291694197220.txt
Graph already exists at: ./input/random_graphs/graph_3500_6123250_UNIFORM_8867616339855336876.txt
Graph already exists at: ./input/random_graphs/graph_3500_6123250_UNIFORM_5894893360759659423.txt
Graph already exists at: ./input/random_graphs/graph_3500_6123250_UNIFORM_7983805977214098674.txt
Graph already exists at: ./input/random_graphs/graph_3500_6123250_UNIFORM_4940913311242578590.txt
Graph already exists at: ./input/random_graphs/graph_3500_6123250_UNIFORM_2264398621601381987.txt
Graph already exists at: ./input/random_graphs/graph_3500_6123250_UNIFORM_7632458674696225362.txt
Graph already exists at: ./input/random_graphs/graph_4000_7998000_UNIFORM_6230961512046992311.txt
Graph already exists at: ./input/random_graphs/graph_4000_7998000_UNIFORM_7871178979383552919.txt
Graph already exists at: ./input/random_graphs/graph_4000_7998000_UNIFORM_5739955973604961613.txt
Graph already exists at: ./input/random_graphs/graph_4000_7998000_UNIFORM_3881801951614183357.txt
Graph already exists at: ./input/random_graphs/graph_4000_7998000_UNIFORM_7032710160631691991.txt
Graph already exists at: ./input/random_graphs/graph_4000_7998000_UNIFORM_7599700178212337699.txt
Graph already exists at: ./input/random_graphs/graph_4000_7998000_UNIFORM_1353182403971399009.txt
Graph already exists at: ./input/random_graphs/graph_4000_7998000_UNIFORM_1070244953599069350.txt
Graph already exists at: ./input/random_graphs/graph_4000_7998000_UNIFORM_6522163754831416203.txt
Graph already exists at: ./input/random_graphs/graph_4000_7998000_UNIFORM_6938562734920028532.txt
Graph already exists at: ./input/random_graphs/graph_4000_7998000_UNIFORM_4040737767143389431.txt
Graph already exists at: ./input/random_graphs/graph_4000_7998000_UNIFORM_1250005700364523649.txt
Graph already exists at: ./input/random_graphs/graph_4000_7998000_UNIFORM_1309542850049879452.txt
Graph already exists at: ./input/random_graphs/graph_4000_7998000_UNIFORM_2429002973740178792.txt
Graph already exists at: ./input/random_graphs/graph_4000_7998000_UNIFORM_7663871783842725848.txt
Graph already exists at: ./input/random_graphs/graph_4000_7998000_UNIFORM_320375091487821987.txt
Graph already exists at: ./input/random_graphs/graph_4000_7998000_UNIFORM_5906957480796939447.txt
Graph already exists at: ./input/random_graphs/graph_4000_7998000_UNIFORM_1250773459040295677.txt
Graph already exists at: ./input/random_graphs/graph_4000_7998000_UNIFORM_7146860528564146064.txt
Graph already exists at: ./input/random_graphs/graph_4000_7998000_UNIFORM_3438400432146115956.txt
Graph already exists at: ./input/random_graphs/graph_4000_7998000_UNIFORM_7473196763798409428.txt
Graph already exists at: ./input/random_graphs/graph_4000_7998000_UNIFORM_5139481885857321791.txt
Graph already exists at: ./input/random_graphs/graph_4000_7998000_UNIFORM_5142811650494845597.txt
Graph already exists at: ./input/random_graphs/graph_4000_7998000_UNIFORM_3010622984418968408.txt
Graph already exists at: ./input/random_graphs/graph_4000_7998000_UNIFORM_6002685213311538187.txt
Graph already exists at: ./input/random_graphs/graph_4000_7998000_UNIFORM_5708372698381010775.txt
Graph already exists at: ./input/random_graphs/graph_4000_7998000_UNIFORM_521787134863155063.txt
Graph already exists at: ./input/random_graphs/graph_4000_7998000_UNIFORM_1731523882129807996.txt
Graph already exists at: ./input/random_graphs/graph_4000_7998000_UNIFORM_1853590723603270879.txt
Graph already exists at: ./input/random_graphs/graph_4000_7998000_UNIFORM_7029781962072644698.txt
Graph already exists at: ./input/random_graphs/graph_4000_7998000_UNIFORM_6785030173969523435.txt
Graph already exists at: ./input/random_graphs/graph_4000_7998000_UNIFORM_5529616217668449934.txt
Graph already exists at: ./input/random_graphs/graph_4000_7998000_UNIFORM_1024517563182776983.txt
Graph already exists at: ./input/random_graphs/graph_4000_7998000_UNIFORM_3224265581699847191.txt
Graph already exists at: ./input/random_graphs/graph_4000_7998000_UNIFORM_5258051056098597521.txt
Graph already exists at: ./input/random_graphs/graph_4000_7998000_UNIFORM_1647170069535670909.txt
Graph already exists at: ./input/random_graphs/graph_4000_7998000_UNIFORM_4122784633514911760.txt
Graph already exists at: ./input/random_graphs/graph_4000_7998000_UNIFORM_7706236040662210848.txt
Graph already exists at: ./input/random_graphs/graph_4000_7998000_UNIFORM_824387247617288499.txt
Graph already exists at: ./input/random_graphs/graph_4000_7998000_UNIFORM_1632192924771168275.txt
Graph already exists at: ./input/random_graphs/graph_4000_7998000_UNIFORM_7161906730445628483.txt
Graph already exists at: ./input/random_graphs/graph_4000_7998000_UNIFORM_6802378520969450157.txt
Graph already exists at: ./input/random_graphs/graph_4000_7998000_UNIFORM_4552998297316576788.txt
Graph already exists at: ./input/random_graphs/graph_4000_7998000_UNIFORM_8031431416522537101.txt
Graph already exists at: ./input/random_graphs/graph_4000_7998000_UNIFORM_6143643868734370809.txt
Graph already exists at: ./input/random_graphs/graph_4000_7998000_UNIFORM_3272308573967577038.txt
Graph already exists at: ./input/random_graphs/graph_4000_7998000_UNIFORM_5636411189175451024.txt
Graph already exists at: ./input/random_graphs/graph_4000_7998000_UNIFORM_5349491008325879064.txt
Graph already exists at: ./input/random_graphs/graph_4000_7998000_UNIFORM_6614505080519948832.txt
Graph already exists at: ./input/random_graphs/graph_4000_7998000_UNIFORM_7938560551762094560.txt
Graph already exists at: ./input/random_graphs/graph_4000_7998000_UNIFORM_7917045922527545890.txt
Graph already exists at: ./input/random_graphs/graph_4000_7998000_UNIFORM_4445925461710302877.txt
Graph already exists at: ./input/random_graphs/graph_4000_7998000_UNIFORM_3865339568260874865.txt
Graph already exists at: ./input/random_graphs/graph_4000_7998000_UNIFORM_7921282862123281598.txt
Graph already exists at: ./input/random_graphs/graph_4000_7998000_UNIFORM_6224222471595207695.txt
Graph already exists at: ./input/random_graphs/graph_4000_7998000_UNIFORM_1128313391724783137.txt
Graph already exists at: ./input/random_graphs/graph_4000_7998000_UNIFORM_716820155901718944.txt
Graph already exists at: ./input/random_graphs/graph_4000_7998000_UNIFORM_8718380604043999642.txt
Graph already exists at: ./input/random_graphs/graph_4000_7998000_UNIFORM_5063475852268941542.txt
Graph already exists at: ./input/random_graphs/graph_4000_7998000_UNIFORM_4997514996153925447.txt
Graph already exists at: ./input/random_graphs/graph_4000_7998000_UNIFORM_8446481348147407377.txt
Graph already exists at: ./input/random_graphs/graph_4000_7998000_UNIFORM_3817405844514670994.txt
Graph already exists at: ./input/random_graphs/graph_4000_7998000_UNIFORM_6529943913552561417.txt
Graph already exists at: ./input/random_graphs/graph_4000_7998000_UNIFORM_2909934787168262407.txt
Graph already exists at: ./input/random_graphs/graph_4000_7998000_UNIFORM_1170385908854608748.txt
Graph already exists at: ./input/random_graphs/graph_4000_7998000_UNIFORM_6022436717541034636.txt
Graph already exists at: ./input/random_graphs/graph_4000_7998000_UNIFORM_199422815561151340.txt
Graph already exists at: ./input/random_graphs/graph_4000_7998000_UNIFORM_3713827327871807734.txt
Graph already exists at: ./input/random_graphs/graph_4000_7998000_UNIFORM_175493991617213850.txt
Graph already exists at: ./input/random_graphs/graph_4000_7998000_UNIFORM_5108599054664628607.txt
Graph already exists at: ./input/random_graphs/graph_4000_7998000_UNIFORM_6764066939395682287.txt
Graph already exists at: ./input/random_graphs/graph_4000_7998000_UNIFORM_9130666990809746335.txt
Graph already exists at: ./input/random_graphs/graph_4000_7998000_UNIFORM_7644420139408884785.txt
Graph already exists at: ./input/random_graphs/graph_4000_7998000_UNIFORM_1458186392400727732.txt
Graph already exists at: ./input/random_graphs/graph_4000_7998000_UNIFORM_1392892770529522614.txt
Graph already exists at: ./input/random_graphs/graph_4000_7998000_UNIFORM_9060210648189963449.txt
Graph already exists at: ./input/random_graphs/graph_4000_7998000_UNIFORM_4250897495980125004.txt
Graph already exists at: ./input/random_graphs/graph_4000_7998000_UNIFORM_8794274795737982182.txt
Graph already exists at: ./input/random_graphs/graph_4000_7998000_UNIFORM_2089506265998900862.txt
Graph already exists at: ./input/random_graphs/graph_4000_7998000_UNIFORM_5497874167834979553.txt
Graph already exists at: ./input/random_graphs/graph_4000_7998000_UNIFORM_4060584409398689268.txt
Graph already exists at: ./input/random_graphs/graph_4000_7998000_UNIFORM_1332005502874566195.txt
Graph already exists at: ./input/random_graphs/graph_4000_7998000_UNIFORM_1722224698700348310.txt
Graph already exists at: ./input/random_graphs/graph_4000_7998000_UNIFORM_8626102704817790064.txt
Graph already exists at: ./input/random_graphs/graph_4000_7998000_UNIFORM_7905487461282246979.txt
Graph already exists at: ./input/random_graphs/graph_4000_7998000_UNIFORM_8448596294177070022.txt
Graph already exists at: ./input/random_graphs/graph_4000_7998000_UNIFORM_4795749165124911768.txt
Graph already exists at: ./input/random_graphs/graph_4000_7998000_UNIFORM_4934890601268679176.txt
Graph already exists at: ./input/random_graphs/graph_4000_7998000_UNIFORM_1992204328026194281.txt
Graph already exists at: ./input/random_graphs/graph_4000_7998000_UNIFORM_7118744415197196276.txt
Graph already exists at: ./input/random_graphs/graph_4000_7998000_UNIFORM_2718103348384927511.txt
Graph already exists at: ./input/random_graphs/graph_4000_7998000_UNIFORM_9059990922233379852.txt
Graph already exists at: ./input/random_graphs/graph_4000_7998000_UNIFORM_7449662661572224354.txt
Graph already exists at: ./input/random_graphs/graph_4000_7998000_UNIFORM_3221421291694197220.txt
Graph already exists at: ./input/random_graphs/graph_4000_7998000_UNIFORM_8867616339855336876.txt
Graph already exists at: ./input/random_graphs/graph_4000_7998000_UNIFORM_5894893360759659423.txt
Graph already exists at: ./input/random_graphs/graph_4000_7998000_UNIFORM_7983805977214098674.txt
Graph already exists at: ./input/random_graphs/graph_4000_7998000_UNIFORM_4940913311242578590.txt
Graph already exists at: ./input/random_graphs/graph_4000_7998000_UNIFORM_2264398621601381987.txt
Graph already exists at: ./input/random_graphs/graph_4000_7998000_UNIFORM_7632458674696225362.txt
Graph already exists at: ./input/random_graphs/graph_4500_10122750_UNIFORM_6230961512046992311.txt
Graph already exists at: ./input/random_graphs/graph_4500_10122750_UNIFORM_7871178979383552919.txt
Graph already exists at: ./input/random_graphs/graph_4500_10122750_UNIFORM_5739955973604961613.txt
Graph already exists at: ./input/random_graphs/graph_4500_10122750_UNIFORM_3881801951614183357.txt
Graph already exists at: ./input/random_graphs/graph_4500_10122750_UNIFORM_7032710160631691991.txt
Graph already exists at: ./input/random_graphs/graph_4500_10122750_UNIFORM_7599700178212337699.txt
Graph already exists at: ./input/random_graphs/graph_4500_10122750_UNIFORM_1353182403971399009.txt
Graph already exists at: ./input/random_graphs/graph_4500_10122750_UNIFORM_1070244953599069350.txt
Graph already exists at: ./input/random_graphs/graph_4500_10122750_UNIFORM_6522163754831416203.txt
Graph already exists at: ./input/random_graphs/graph_4500_10122750_UNIFORM_6938562734920028532.txt
Graph already exists at: ./input/random_graphs/graph_4500_10122750_UNIFORM_4040737767143389431.txt
Graph already exists at: ./input/random_graphs/graph_4500_10122750_UNIFORM_1250005700364523649.txt
Graph already exists at: ./input/random_graphs/graph_4500_10122750_UNIFORM_1309542850049879452.txt
Graph already exists at: ./input/random_graphs/graph_4500_10122750_UNIFORM_2429002973740178792.txt
Graph already exists at: ./input/random_graphs/graph_4500_10122750_UNIFORM_7663871783842725848.txt
Graph already exists at: ./input/random_graphs/graph_4500_10122750_UNIFORM_320375091487821987.txt
Graph already exists at: ./input/random_graphs/graph_4500_10122750_UNIFORM_5906957480796939447.txt
Graph already exists at: ./input/random_graphs/graph_4500_10122750_UNIFORM_1250773459040295677.txt
Graph already exists at: ./input/random_graphs/graph_4500_10122750_UNIFORM_7146860528564146064.txt
Graph already exists at: ./input/random_graphs/graph_4500_10122750_UNIFORM_3438400432146115956.txt
Graph already exists at: ./input/random_graphs/graph_4500_10122750_UNIFORM_7473196763798409428.txt
Graph already exists at: ./input/random_graphs/graph_4500_10122750_UNIFORM_5139481885857321791.txt
Graph already exists at: ./input/random_graphs/graph_4500_10122750_UNIFORM_5142811650494845597.txt
Graph already exists at: ./input/random_graphs/graph_4500_10122750_UNIFORM_3010622984418968408.txt
Graph already exists at: ./input/random_graphs/graph_4500_10122750_UNIFORM_6002685213311538187.txt
Graph already exists at: ./input/random_graphs/graph_4500_10122750_UNIFORM_5708372698381010775.txt
Graph already exists at: ./input/random_graphs/graph_4500_10122750_UNIFORM_521787134863155063.txt
Graph already exists at: ./input/random_graphs/graph_4500_10122750_UNIFORM_1731523882129807996.txt
Graph already exists at: ./input/random_graphs/graph_4500_10122750_UNIFORM_1853590723603270879.txt
Graph already exists at: ./input/random_graphs/graph_4500_10122750_UNIFORM_7029781962072644698.txt
Graph already exists at: ./input/random_graphs/graph_4500_10122750_UNIFORM_6785030173969523435.txt
Graph already exists at: ./input/random_graphs/graph_4500_10122750_UNIFORM_5529616217668449934.txt
Graph already exists at: ./input/random_graphs/graph_4500_10122750_UNIFORM_1024517563182776983.txt
Graph already exists at: ./input/random_graphs/graph_4500_10122750_UNIFORM_3224265581699847191.txt
Graph already exists at: ./input/random_graphs/graph_4500_10122750_UNIFORM_5258051056098597521.txt
Graph already exists at: ./input/random_graphs/graph_4500_10122750_UNIFORM_1647170069535670909.txt
Graph already exists at: ./input/random_graphs/graph_4500_10122750_UNIFORM_4122784633514911760.txt
Graph already exists at: ./input/random_graphs/graph_4500_10122750_UNIFORM_7706236040662210848.txt
Graph already exists at: ./input/random_graphs/graph_4500_10122750_UNIFORM_824387247617288499.txt
Graph already exists at: ./input/random_graphs/graph_4500_10122750_UNIFORM_1632192924771168275.txt
Graph already exists at: ./input/random_graphs/graph_4500_10122750_UNIFORM_7161906730445628483.txt
Graph already exists at: ./input/random_graphs/graph_4500_10122750_UNIFORM_6802378520969450157.txt
Graph already exists at: ./input/random_graphs/graph_4500_10122750_UNIFORM_4552998297316576788.txt
Graph already exists at: ./input/random_graphs/graph_4500_10122750_UNIFORM_8031431416522537101.txt
Graph already exists at: ./input/random_graphs/graph_4500_10122750_UNIFORM_6143643868734370809.txt
Graph already exists at: ./input/random_graphs/graph_4500_10122750_UNIFORM_3272308573967577038.txt
Graph already exists at: ./input/random_graphs/graph_4500_10122750_UNIFORM_5636411189175451024.txt
Graph already exists at: ./input/random_graphs/graph_4500_10122750_UNIFORM_5349491008325879064.txt
Graph already exists at: ./input/random_graphs/graph_4500_10122750_UNIFORM_6614505080519948832.txt
Graph already exists at: ./input/random_graphs/graph_4500_10122750_UNIFORM_7938560551762094560.txt
Graph already exists at: ./input/random_graphs/graph_4500_10122750_UNIFORM_7917045922527545890.txt
Graph already exists at: ./input/random_graphs/graph_4500_10122750_UNIFORM_4445925461710302877.txt
Graph already exists at: ./input/random_graphs/graph_4500_10122750_UNIFORM_3865339568260874865.txt
Graph already exists at: ./input/random_graphs/graph_4500_10122750_UNIFORM_7921282862123281598.txt
Graph already exists at: ./input/random_graphs/graph_4500_10122750_UNIFORM_6224222471595207695.txt
Graph already exists at: ./input/random_graphs/graph_4500_10122750_UNIFORM_1128313391724783137.txt
Graph already exists at: ./input/random_graphs/graph_4500_10122750_UNIFORM_716820155901718944.txt
Graph already exists at: ./input/random_graphs/graph_4500_10122750_UNIFORM_8718380604043999642.txt
Graph already exists at: ./input/random_graphs/graph_4500_10122750_UNIFORM_5063475852268941542.txt
Graph already exists at: ./input/random_graphs/graph_4500_10122750_UNIFORM_4997514996153925447.txt
Graph already exists at: ./input/random_graphs/graph_4500_10122750_UNIFORM_8446481348147407377.txt
Graph already exists at: ./input/random_graphs/graph_4500_10122750_UNIFORM_3817405844514670994.txt
Graph already exists at: ./input/random_graphs/graph_4500_10122750_UNIFORM_6529943913552561417.txt
Graph already exists at: ./input/random_graphs/graph_4500_10122750_UNIFORM_2909934787168262407.txt
Graph already exists at: ./input/random_graphs/graph_4500_10122750_UNIFORM_1170385908854608748.txt
Graph already exists at: ./input/random_graphs/graph_4500_10122750_UNIFORM_6022436717541034636.txt
Graph already exists at: ./input/random_graphs/graph_4500_10122750_UNIFORM_199422815561151340.txt
Graph already exists at: ./input/random_graphs/graph_4500_10122750_UNIFORM_3713827327871807734.txt
Graph already exists at: ./input/random_graphs/graph_4500_10122750_UNIFORM_175493991617213850.txt
Graph already exists at: ./input/random_graphs/graph_4500_10122750_UNIFORM_5108599054664628607.txt
Graph already exists at: ./input/random_graphs/graph_4500_10122750_UNIFORM_6764066939395682287.txt
Graph already exists at: ./input/random_graphs/graph_4500_10122750_UNIFORM_9130666990809746335.txt
Graph already exists at: ./input/random_graphs/graph_4500_10122750_UNIFORM_7644420139408884785.txt
Graph already exists at: ./input/random_graphs/graph_4500_10122750_UNIFORM_1458186392400727732.txt
Graph already exists at: ./input/random_graphs/graph_4500_10122750_UNIFORM_1392892770529522614.txt
Graph already exists at: ./input/random_graphs/graph_4500_10122750_UNIFORM_9060210648189963449.txt
Graph already exists at: ./input/random_graphs/graph_4500_10122750_UNIFORM_4250897495980125004.txt
Graph already exists at: ./input/random_graphs/graph_4500_10122750_UNIFORM_8794274795737982182.txt
Graph already exists at: ./input/random_graphs/graph_4500_10122750_UNIFORM_2089506265998900862.txt
Graph already exists at: ./input/random_graphs/graph_4500_10122750_UNIFORM_5497874167834979553.txt
Graph already exists at: ./input/random_graphs/graph_4500_10122750_UNIFORM_4060584409398689268.txt
Graph already exists at: ./input/random_graphs/graph_4500_10122750_UNIFORM_1332005502874566195.txt
Graph already exists at: ./input/random_graphs/graph_4500_10122750_UNIFORM_1722224698700348310.txt
Graph already exists at: ./input/random_graphs/graph_4500_10122750_UNIFORM_8626102704817790064.txt
Graph already exists at: ./input/random_graphs/graph_4500_10122750_UNIFORM_7905487461282246979.txt
Graph already exists at: ./input/random_graphs/graph_4500_10122750_UNIFORM_8448596294177070022.txt
Graph already exists at: ./input/random_graphs/graph_4500_10122750_UNIFORM_4795749165124911768.txt
Graph already exists at: ./input/random_graphs/graph_4500_10122750_UNIFORM_4934890601268679176.txt
Graph already exists at: ./input/random_graphs/graph_4500_10122750_UNIFORM_1992204328026194281.txt
Graph already exists at: ./input/random_graphs/graph_4500_10122750_UNIFORM_7118744415197196276.txt
Graph already exists at: ./input/random_graphs/graph_4500_10122750_UNIFORM_2718103348384927511.txt
Graph already exists at: ./input/random_graphs/graph_4500_10122750_UNIFORM_9059990922233379852.txt
Graph already exists at: ./input/random_graphs/graph_4500_10122750_UNIFORM_7449662661572224354.txt
Graph already exists at: ./input/random_graphs/graph_4500_10122750_UNIFORM_3221421291694197220.txt
Graph already exists at: ./input/random_graphs/graph_4500_10122750_UNIFORM_8867616339855336876.txt
Graph already exists at: ./input/random_graphs/graph_4500_10122750_UNIFORM_5894893360759659423.txt
Graph already exists at: ./input/random_graphs/graph_4500_10122750_UNIFORM_7983805977214098674.txt
Graph already exists at: ./input/random_graphs/graph_4500_10122750_UNIFORM_4940913311242578590.txt
Graph already exists at: ./input/random_graphs/graph_4500_10122750_UNIFORM_2264398621601381987.txt
Graph already exists at: ./input/random_graphs/graph_4500_10122750_UNIFORM_7632458674696225362.txt
Running klev variant N with N=3000, sparsity=4, k=5, seed=1729...
      Average Passes: 1.09,  Average Height: 3000.0, Time/Memory: 209.22,5200
Running klev variant 0 with N=3000, sparsity=4, k=10, seed=1729...
      Average Passes: 3.0,  Average Height: 3000.0, Time/Memory: 504.70,5156
Running klev variant 1 with N=3000, sparsity=4, k=10, seed=1729...
      Average Passes: 2.0,  Average Height: 3000.0, Time/Memory: 381.50,5164
Running klev variant 2 with N=3000, sparsity=4, k=10, seed=1729...
      Average Passes: 2.0,  Average Height: 3000.0, Time/Memory: 321.98,7204
Running klev variant N with N=3000, sparsity=4, k=10, seed=1729...
      Average Passes: 1.0,  Average Height: 3000.0, Time/Memory: 199.66,5164
Running kpath variant 0 with N=3500, sparsity=4, k=2, seed=1729...
      Average Passes: 17.57,  Average Height: 3500.0, Time/Memory: 2669.19,4216
Running kpath variant 1 with N=3500, sparsity=4, k=2, seed=1729...
      Average Passes: 17.62,  Average Height: 3500.0, Time/Memory: 2951.37,5156
Running kpath variant 2 with N=3500, sparsity=4, k=2, seed=1729...
      Average Passes: 7.86,  Average Height: 3500.0, Time/Memory: 1197.49,4212
Running kpath variant N with N=3500, sparsity=4, k=2, seed=1729...
      Average Passes: 4.01,  Average Height: 3500.0, Time/Memory: 621.38,5156
Running kpath variant 0 with N=3500, sparsity=4, k=5, seed=1729...
      Average Passes: 5.78,  Average Height: 3500.0, Time/Memory: 881.32,6268
Running kpath variant 1 with N=3500, sparsity=4, k=5, seed=1729...
      Average Passes: 4.93,  Average Height: 3500.0, Time/Memory: 751.98,6180
Running kpath variant 2 with N=3500, sparsity=4, k=5, seed=1729...
      Average Passes: 4.08,  Average Height: 3500.0, Time/Memory: 641.83,6208
Running kpath variant N with N=3500, sparsity=4, k=5, seed=1729...
      Average Passes: 3.0,  Average Height: 3500.0, Time/Memory: 471.65,6180
Running kpath variant 0 with N=3500, sparsity=4, k=10, seed=1729...
      Average Passes: 4.17,  Average Height: 3500.0, Time/Memory: 630.64,7224
Running kpath variant 1 with N=3500, sparsity=4, k=10, seed=1729...
      Average Passes: 3.33,  Average Height: 3500.0, Time/Memory: 521.55,6212
Running kpath variant 2 with N=3500, sparsity=4, k=10, seed=1729...
      Average Passes: 3.04,  Average Height: 3500.0, Time/Memory: 474.98,7204
Running kpath variant N with N=3500, sparsity=4, k=10, seed=1729...
      Average Passes: 2.31,  Average Height: 3500.0, Time/Memory: 358.37,7204
Running klev variant 0 with N=3500, sparsity=4, k=2, seed=1729...
      Average Passes: 3.0,  Average Height: 3500.0, Time/Memory: 692.95,5172
Running klev variant 1 with N=3500, sparsity=4, k=2, seed=1729...
      Average Passes: 2.01,  Average Height: 3500.0, Time/Memory: 532.87,4132
Running klev variant 2 with N=3500, sparsity=4, k=2, seed=1729...
      Average Passes: 2.01,  Average Height: 3500.0, Time/Memory: 465.29,5184
Running klev variant N with N=3500, sparsity=4, k=2, seed=1729...
      Average Passes: 2.0,  Average Height: 3500.0, Time/Memory: 452.15,4164
Running klev variant 0 with N=3500, sparsity=4, k=5, seed=1729...
      Average Passes: 3.0,  Average Height: 3500.0, Time/Memory: 699.85,5156
Running klev variant 1 with N=3500, sparsity=4, k=5, seed=1729...
      Average Passes: 2.0,  Average Height: 3500.0, Time/Memory: 531.40,4168
Running klev variant 2 with N=3500, sparsity=4, k=5, seed=1729...
      Average Passes: 2.0,  Average Height: 3500.0, Time/Memory: 439.66,5156
Running klev variant N with N=3500, sparsity=4, k=5, seed=1729...
      Average Passes: 1.06,  Average Height: 3500.0, Time/Memory: 284.09,5156
Running klev variant 0 with N=3500, sparsity=4, k=10, seed=1729...
      Average Passes: 3.0,  Average Height: 3500.0, Time/Memory: 693.06,5220
Running klev variant 1 with N=3500, sparsity=4, k=10, seed=1729...
      Average Passes: 2.0,  Average Height: 3500.0, Time/Memory: 531.40,5240
Running klev variant 2 with N=3500, sparsity=4, k=10, seed=1729...
      Average Passes: 2.0,  Average Height: 3500.0, Time/Memory: 434.07,8264
Running klev variant N with N=3500, sparsity=4, k=10, seed=1729...
      Average Passes: 1.0,  Average Height: 3500.0, Time/Memory: 275.09,5240
Running kpath variant 0 with N=4000, sparsity=4, k=2, seed=1729...
      Average Passes: 17.99,  Average Height: 4000.0, Time/Memory: 3608.41,5156
Running kpath variant 1 with N=4000, sparsity=4, k=2, seed=1729...
      Average Passes: 18.09,  Average Height: 4000.0, Time/Memory: 3602.36,5236
Running kpath variant 2 with N=4000, sparsity=4, k=2, seed=1729...
      Average Passes: 7.95,  Average Height: 4000.0, Time/Memory: 1566.20,5156
Running kpath variant N with N=4000, sparsity=4, k=2, seed=1729...
      Average Passes: 4.03,  Average Height: 4000.0, Time/Memory: 830.14,5176
Running kpath variant 0 with N=4000, sparsity=4, k=5, seed=1729...
      Average Passes: 5.89,  Average Height: 4000.0, Time/Memory: 1168.16,6180
Running kpath variant 1 with N=4000, sparsity=4, k=5, seed=1729...
      Average Passes: 4.97,  Average Height: 4000.0, Time/Memory: 1005.40,6180
Running kpath variant 2 with N=4000, sparsity=4, k=5, seed=1729...
      Average Passes: 4.21,  Average Height: 4000.0, Time/Memory: 863.98,6244
Running kpath variant N with N=4000, sparsity=4, k=5, seed=1729...
      Average Passes: 3.0,  Average Height: 4000.0, Time/Memory: 603.03,6180
Running kpath variant 0 with N=4000, sparsity=4, k=10, seed=1729...
      Average Passes: 4.32,  Average Height: 4000.0, Time/Memory: 862.86,8268
Running kpath variant 1 with N=4000, sparsity=4, k=10, seed=1729...
      Average Passes: 3.47,  Average Height: 4000.0, Time/Memory: 686.11,8228
Running kpath variant 2 with N=4000, sparsity=4, k=10, seed=1729...
      Average Passes: 3.14,  Average Height: 4000.0, Time/Memory: 624.50,8228
Running kpath variant N with N=4000, sparsity=4, k=10, seed=1729...
      Average Passes: 2.57,  Average Height: 4000.0, Time/Memory: 515.85,8260
Running klev variant 0 with N=4000, sparsity=4, k=2, seed=1729...
      Average Passes: 3.01,  Average Height: 4000.0, Time/Memory: 910.61,5156
Running klev variant 1 with N=4000, sparsity=4, k=2, seed=1729...
      Average Passes: 2.0,  Average Height: 4000.0, Time/Memory: 697.70,5156
Running klev variant 2 with N=4000, sparsity=4, k=2, seed=1729...
      Average Passes: 2.0,  Average Height: 4000.0, Time/Memory: 609.39,5156
Running klev variant N with N=4000, sparsity=4, k=2, seed=1729...
      Average Passes: 2.0,  Average Height: 4000.0, Time/Memory: 596.13,4148
Running klev variant 0 with N=4000, sparsity=4, k=5, seed=1729...
      Average Passes: 3.01,  Average Height: 4000.0, Time/Memory: 916.99,5196
Running klev variant 1 with N=4000, sparsity=4, k=5, seed=1729...
      Average Passes: 2.0,  Average Height: 4000.0, Time/Memory: 708.71,4160
Running klev variant 2 with N=4000, sparsity=4, k=5, seed=1729...
      Average Passes: 2.0,  Average Height: 4000.0, Time/Memory: 578.76,6212
Running klev variant N with N=4000, sparsity=4, k=5, seed=1729...
      Average Passes: 1.05,  Average Height: 4000.0, Time/Memory: 374.10,5184
Running klev variant 0 with N=4000, sparsity=4, k=10, seed=1729...
      Average Passes: 3.01,  Average Height: 4000.0, Time/Memory: 908.64,6268
Running klev variant 1 with N=4000, sparsity=4, k=10, seed=1729...
      Average Passes: 2.0,  Average Height: 4000.0, Time/Memory: 711.47,6180
Running klev variant 2 with N=4000, sparsity=4, k=10, seed=1729...
      Average Passes: 2.0,  Average Height: 4000.0, Time/Memory: 580.09,7204
Running klev variant N with N=4000, sparsity=4, k=10, seed=1729...
      Average Passes: 1.0,  Average Height: 4000.0, Time/Memory: 366.11,7268
Running kpath variant 0 with N=4500, sparsity=4, k=2, seed=1729...
      Average Passes: 18.37,  Average Height: 4500.0, Time/Memory: 4734.58,5184
Running kpath variant 1 with N=4500, sparsity=4, k=2, seed=1729...
      Average Passes: 18.41,  Average Height: 4500.0, Time/Memory: 4703.09,5156
Running kpath variant 2 with N=4500, sparsity=4, k=2, seed=1729...
      Average Passes: 8.01,  Average Height: 4500.0, Time/Memory: 2074.08,5180
Running kpath variant N with N=4500, sparsity=4, k=2, seed=1729...
Graph already exists at: ./input/random_graphs/graph_5000_12497500_UNIFORM_6230961512046992311.txt
Graph already exists at: ./input/random_graphs/graph_5000_12497500_UNIFORM_7871178979383552919.txt
Graph already exists at: ./input/random_graphs/graph_5000_12497500_UNIFORM_5739955973604961613.txt
Graph already exists at: ./input/random_graphs/graph_5000_12497500_UNIFORM_3881801951614183357.txt
Graph already exists at: ./input/random_graphs/graph_5000_12497500_UNIFORM_7032710160631691991.txt
Graph already exists at: ./input/random_graphs/graph_5000_12497500_UNIFORM_7599700178212337699.txt
Graph already exists at: ./input/random_graphs/graph_5000_12497500_UNIFORM_1353182403971399009.txt
Graph already exists at: ./input/random_graphs/graph_5000_12497500_UNIFORM_1070244953599069350.txt
Graph already exists at: ./input/random_graphs/graph_5000_12497500_UNIFORM_6522163754831416203.txt
Graph already exists at: ./input/random_graphs/graph_5000_12497500_UNIFORM_6938562734920028532.txt
Graph already exists at: ./input/random_graphs/graph_5000_12497500_UNIFORM_4040737767143389431.txt
Graph already exists at: ./input/random_graphs/graph_5000_12497500_UNIFORM_1250005700364523649.txt
Graph already exists at: ./input/random_graphs/graph_5000_12497500_UNIFORM_1309542850049879452.txt
Graph already exists at: ./input/random_graphs/graph_5000_12497500_UNIFORM_2429002973740178792.txt
Graph already exists at: ./input/random_graphs/graph_5000_12497500_UNIFORM_7663871783842725848.txt
Graph already exists at: ./input/random_graphs/graph_5000_12497500_UNIFORM_320375091487821987.txt
Graph already exists at: ./input/random_graphs/graph_5000_12497500_UNIFORM_5906957480796939447.txt
Graph already exists at: ./input/random_graphs/graph_5000_12497500_UNIFORM_1250773459040295677.txt
Graph already exists at: ./input/random_graphs/graph_5000_12497500_UNIFORM_7146860528564146064.txt
Graph already exists at: ./input/random_graphs/graph_5000_12497500_UNIFORM_3438400432146115956.txt
Graph already exists at: ./input/random_graphs/graph_5000_12497500_UNIFORM_7473196763798409428.txt
Graph already exists at: ./input/random_graphs/graph_5000_12497500_UNIFORM_5139481885857321791.txt
Graph already exists at: ./input/random_graphs/graph_5000_12497500_UNIFORM_5142811650494845597.txt
Graph already exists at: ./input/random_graphs/graph_5000_12497500_UNIFORM_3010622984418968408.txt
Graph already exists at: ./input/random_graphs/graph_5000_12497500_UNIFORM_6002685213311538187.txt
Graph already exists at: ./input/random_graphs/graph_5000_12497500_UNIFORM_5708372698381010775.txt
Graph already exists at: ./input/random_graphs/graph_5000_12497500_UNIFORM_521787134863155063.txt
Graph already exists at: ./input/random_graphs/graph_5000_12497500_UNIFORM_1731523882129807996.txt
Graph already exists at: ./input/random_graphs/graph_5000_12497500_UNIFORM_1853590723603270879.txt
Graph already exists at: ./input/random_graphs/graph_5000_12497500_UNIFORM_7029781962072644698.txt
Graph already exists at: ./input/random_graphs/graph_5000_12497500_UNIFORM_6785030173969523435.txt
Graph already exists at: ./input/random_graphs/graph_5000_12497500_UNIFORM_5529616217668449934.txt
Graph already exists at: ./input/random_graphs/graph_5000_12497500_UNIFORM_1024517563182776983.txt
Graph already exists at: ./input/random_graphs/graph_5000_12497500_UNIFORM_3224265581699847191.txt
Graph already exists at: ./input/random_graphs/graph_5000_12497500_UNIFORM_5258051056098597521.txt
Graph already exists at: ./input/random_graphs/graph_5000_12497500_UNIFORM_1647170069535670909.txt
Graph already exists at: ./input/random_graphs/graph_5000_12497500_UNIFORM_4122784633514911760.txt
Graph already exists at: ./input/random_graphs/graph_5000_12497500_UNIFORM_7706236040662210848.txt
Graph already exists at: ./input/random_graphs/graph_5000_12497500_UNIFORM_824387247617288499.txt
Graph already exists at: ./input/random_graphs/graph_5000_12497500_UNIFORM_1632192924771168275.txt
Graph already exists at: ./input/random_graphs/graph_5000_12497500_UNIFORM_7161906730445628483.txt
Graph already exists at: ./input/random_graphs/graph_5000_12497500_UNIFORM_6802378520969450157.txt
Graph already exists at: ./input/random_graphs/graph_5000_12497500_UNIFORM_4552998297316576788.txt
Graph already exists at: ./input/random_graphs/graph_5000_12497500_UNIFORM_8031431416522537101.txt
Graph already exists at: ./input/random_graphs/graph_5000_12497500_UNIFORM_6143643868734370809.txt
Graph already exists at: ./input/random_graphs/graph_5000_12497500_UNIFORM_3272308573967577038.txt
Graph already exists at: ./input/random_graphs/graph_5000_12497500_UNIFORM_5636411189175451024.txt
Graph already exists at: ./input/random_graphs/graph_5000_12497500_UNIFORM_5349491008325879064.txt
Graph already exists at: ./input/random_graphs/graph_5000_12497500_UNIFORM_6614505080519948832.txt
Graph already exists at: ./input/random_graphs/graph_5000_12497500_UNIFORM_7938560551762094560.txt
Graph already exists at: ./input/random_graphs/graph_5000_12497500_UNIFORM_7917045922527545890.txt
Graph already exists at: ./input/random_graphs/graph_5000_12497500_UNIFORM_4445925461710302877.txt
Graph already exists at: ./input/random_graphs/graph_5000_12497500_UNIFORM_3865339568260874865.txt
Graph already exists at: ./input/random_graphs/graph_5000_12497500_UNIFORM_7921282862123281598.txt
Graph already exists at: ./input/random_graphs/graph_5000_12497500_UNIFORM_6224222471595207695.txt
Graph already exists at: ./input/random_graphs/graph_5000_12497500_UNIFORM_1128313391724783137.txt
Graph already exists at: ./input/random_graphs/graph_5000_12497500_UNIFORM_716820155901718944.txt
Graph already exists at: ./input/random_graphs/graph_5000_12497500_UNIFORM_8718380604043999642.txt
Graph already exists at: ./input/random_graphs/graph_5000_12497500_UNIFORM_5063475852268941542.txt
Graph already exists at: ./input/random_graphs/graph_5000_12497500_UNIFORM_4997514996153925447.txt
Graph already exists at: ./input/random_graphs/graph_5000_12497500_UNIFORM_8446481348147407377.txt
Graph already exists at: ./input/random_graphs/graph_5000_12497500_UNIFORM_3817405844514670994.txt
Graph already exists at: ./input/random_graphs/graph_5000_12497500_UNIFORM_6529943913552561417.txt
Graph already exists at: ./input/random_graphs/graph_5000_12497500_UNIFORM_2909934787168262407.txt
Graph already exists at: ./input/random_graphs/graph_5000_12497500_UNIFORM_1170385908854608748.txt
Graph already exists at: ./input/random_graphs/graph_5000_12497500_UNIFORM_6022436717541034636.txt
Graph already exists at: ./input/random_graphs/graph_5000_12497500_UNIFORM_199422815561151340.txt
Graph already exists at: ./input/random_graphs/graph_5000_12497500_UNIFORM_3713827327871807734.txt
Graph already exists at: ./input/random_graphs/graph_5000_12497500_UNIFORM_175493991617213850.txt
Graph already exists at: ./input/random_graphs/graph_5000_12497500_UNIFORM_5108599054664628607.txt
Graph already exists at: ./input/random_graphs/graph_5000_12497500_UNIFORM_6764066939395682287.txt
Graph already exists at: ./input/random_graphs/graph_5000_12497500_UNIFORM_9130666990809746335.txt
Graph already exists at: ./input/random_graphs/graph_5000_12497500_UNIFORM_7644420139408884785.txt
Graph already exists at: ./input/random_graphs/graph_5000_12497500_UNIFORM_1458186392400727732.txt
Graph already exists at: ./input/random_graphs/graph_5000_12497500_UNIFORM_1392892770529522614.txt
Graph already exists at: ./input/random_graphs/graph_5000_12497500_UNIFORM_9060210648189963449.txt
Graph already exists at: ./input/random_graphs/graph_5000_12497500_UNIFORM_4250897495980125004.txt
Graph already exists at: ./input/random_graphs/graph_5000_12497500_UNIFORM_8794274795737982182.txt
Graph already exists at: ./input/random_graphs/graph_5000_12497500_UNIFORM_2089506265998900862.txt
Graph already exists at: ./input/random_graphs/graph_5000_12497500_UNIFORM_5497874167834979553.txt
Graph already exists at: ./input/random_graphs/graph_5000_12497500_UNIFORM_4060584409398689268.txt
Graph already exists at: ./input/random_graphs/graph_5000_12497500_UNIFORM_1332005502874566195.txt
Graph already exists at: ./input/random_graphs/graph_5000_12497500_UNIFORM_1722224698700348310.txt
Graph already exists at: ./input/random_graphs/graph_5000_12497500_UNIFORM_8626102704817790064.txt
Graph already exists at: ./input/random_graphs/graph_5000_12497500_UNIFORM_7905487461282246979.txt
Graph already exists at: ./input/random_graphs/graph_5000_12497500_UNIFORM_8448596294177070022.txt
Graph already exists at: ./input/random_graphs/graph_5000_12497500_UNIFORM_4795749165124911768.txt
Graph already exists at: ./input/random_graphs/graph_5000_12497500_UNIFORM_4934890601268679176.txt
Graph already exists at: ./input/random_graphs/graph_5000_12497500_UNIFORM_1992204328026194281.txt
Graph already exists at: ./input/random_graphs/graph_5000_12497500_UNIFORM_7118744415197196276.txt
Graph already exists at: ./input/random_graphs/graph_5000_12497500_UNIFORM_2718103348384927511.txt
Graph already exists at: ./input/random_graphs/graph_5000_12497500_UNIFORM_9059990922233379852.txt
Graph already exists at: ./input/random_graphs/graph_5000_12497500_UNIFORM_7449662661572224354.txt
Graph already exists at: ./input/random_graphs/graph_5000_12497500_UNIFORM_3221421291694197220.txt
Graph already exists at: ./input/random_graphs/graph_5000_12497500_UNIFORM_8867616339855336876.txt
Graph already exists at: ./input/random_graphs/graph_5000_12497500_UNIFORM_5894893360759659423.txt
Graph already exists at: ./input/random_graphs/graph_5000_12497500_UNIFORM_7983805977214098674.txt
Graph already exists at: ./input/random_graphs/graph_5000_12497500_UNIFORM_4940913311242578590.txt
Graph already exists at: ./input/random_graphs/graph_5000_12497500_UNIFORM_2264398621601381987.txt
Graph already exists at: ./input/random_graphs/graph_5000_12497500_UNIFORM_7632458674696225362.txt
Graph already exists at: ./input/random_graphs/graph_6000_17997000_UNIFORM_6230961512046992311.txt
Graph already exists at: ./input/random_graphs/graph_6000_17997000_UNIFORM_7871178979383552919.txt
Graph already exists at: ./input/random_graphs/graph_6000_17997000_UNIFORM_5739955973604961613.txt
Graph already exists at: ./input/random_graphs/graph_6000_17997000_UNIFORM_3881801951614183357.txt
Graph already exists at: ./input/random_graphs/graph_6000_17997000_UNIFORM_7032710160631691991.txt
Graph already exists at: ./input/random_graphs/graph_6000_17997000_UNIFORM_7599700178212337699.txt
Graph already exists at: ./input/random_graphs/graph_6000_17997000_UNIFORM_1353182403971399009.txt
Graph already exists at: ./input/random_graphs/graph_6000_17997000_UNIFORM_1070244953599069350.txt
Graph already exists at: ./input/random_graphs/graph_6000_17997000_UNIFORM_6522163754831416203.txt
Graph already exists at: ./input/random_graphs/graph_6000_17997000_UNIFORM_6938562734920028532.txt
Graph already exists at: ./input/random_graphs/graph_6000_17997000_UNIFORM_4040737767143389431.txt
Graph already exists at: ./input/random_graphs/graph_6000_17997000_UNIFORM_1250005700364523649.txt
Graph already exists at: ./input/random_graphs/graph_6000_17997000_UNIFORM_1309542850049879452.txt
Graph already exists at: ./input/random_graphs/graph_6000_17997000_UNIFORM_2429002973740178792.txt
Graph already exists at: ./input/random_graphs/graph_6000_17997000_UNIFORM_7663871783842725848.txt
Graph already exists at: ./input/random_graphs/graph_6000_17997000_UNIFORM_320375091487821987.txt
Graph already exists at: ./input/random_graphs/graph_6000_17997000_UNIFORM_5906957480796939447.txt
Graph already exists at: ./input/random_graphs/graph_6000_17997000_UNIFORM_1250773459040295677.txt
Graph already exists at: ./input/random_graphs/graph_6000_17997000_UNIFORM_7146860528564146064.txt
Graph already exists at: ./input/random_graphs/graph_6000_17997000_UNIFORM_3438400432146115956.txt
Graph already exists at: ./input/random_graphs/graph_6000_17997000_UNIFORM_7473196763798409428.txt
Graph already exists at: ./input/random_graphs/graph_6000_17997000_UNIFORM_5139481885857321791.txt
Graph already exists at: ./input/random_graphs/graph_6000_17997000_UNIFORM_5142811650494845597.txt
Graph already exists at: ./input/random_graphs/graph_6000_17997000_UNIFORM_3010622984418968408.txt
Graph already exists at: ./input/random_graphs/graph_6000_17997000_UNIFORM_6002685213311538187.txt
Graph already exists at: ./input/random_graphs/graph_6000_17997000_UNIFORM_5708372698381010775.txt
Graph already exists at: ./input/random_graphs/graph_6000_17997000_UNIFORM_521787134863155063.txt
Graph already exists at: ./input/random_graphs/graph_6000_17997000_UNIFORM_1731523882129807996.txt
Graph already exists at: ./input/random_graphs/graph_6000_17997000_UNIFORM_1853590723603270879.txt
Graph already exists at: ./input/random_graphs/graph_6000_17997000_UNIFORM_7029781962072644698.txt
Graph already exists at: ./input/random_graphs/graph_6000_17997000_UNIFORM_6785030173969523435.txt
Graph already exists at: ./input/random_graphs/graph_6000_17997000_UNIFORM_5529616217668449934.txt
Graph already exists at: ./input/random_graphs/graph_6000_17997000_UNIFORM_1024517563182776983.txt
Graph already exists at: ./input/random_graphs/graph_6000_17997000_UNIFORM_3224265581699847191.txt
Graph already exists at: ./input/random_graphs/graph_6000_17997000_UNIFORM_5258051056098597521.txt
Graph already exists at: ./input/random_graphs/graph_6000_17997000_UNIFORM_1647170069535670909.txt
Graph already exists at: ./input/random_graphs/graph_6000_17997000_UNIFORM_4122784633514911760.txt
Graph already exists at: ./input/random_graphs/graph_6000_17997000_UNIFORM_7706236040662210848.txt
Graph already exists at: ./input/random_graphs/graph_6000_17997000_UNIFORM_824387247617288499.txt
Graph already exists at: ./input/random_graphs/graph_6000_17997000_UNIFORM_1632192924771168275.txt
Graph already exists at: ./input/random_graphs/graph_6000_17997000_UNIFORM_7161906730445628483.txt
Graph already exists at: ./input/random_graphs/graph_6000_17997000_UNIFORM_6802378520969450157.txt
Graph already exists at: ./input/random_graphs/graph_6000_17997000_UNIFORM_4552998297316576788.txt
Graph already exists at: ./input/random_graphs/graph_6000_17997000_UNIFORM_8031431416522537101.txt
Graph already exists at: ./input/random_graphs/graph_6000_17997000_UNIFORM_6143643868734370809.txt
Graph already exists at: ./input/random_graphs/graph_6000_17997000_UNIFORM_3272308573967577038.txt
Graph already exists at: ./input/random_graphs/graph_6000_17997000_UNIFORM_5636411189175451024.txt
Graph already exists at: ./input/random_graphs/graph_6000_17997000_UNIFORM_5349491008325879064.txt
Graph already exists at: ./input/random_graphs/graph_6000_17997000_UNIFORM_6614505080519948832.txt
Graph already exists at: ./input/random_graphs/graph_6000_17997000_UNIFORM_7938560551762094560.txt
Graph already exists at: ./input/random_graphs/graph_6000_17997000_UNIFORM_7917045922527545890.txt
Graph already exists at: ./input/random_graphs/graph_6000_17997000_UNIFORM_4445925461710302877.txt
Graph already exists at: ./input/random_graphs/graph_6000_17997000_UNIFORM_3865339568260874865.txt
Graph already exists at: ./input/random_graphs/graph_6000_17997000_UNIFORM_7921282862123281598.txt
Graph already exists at: ./input/random_graphs/graph_6000_17997000_UNIFORM_6224222471595207695.txt
Graph already exists at: ./input/random_graphs/graph_6000_17997000_UNIFORM_1128313391724783137.txt
Graph already exists at: ./input/random_graphs/graph_6000_17997000_UNIFORM_716820155901718944.txt
Graph already exists at: ./input/random_graphs/graph_6000_17997000_UNIFORM_8718380604043999642.txt
Graph already exists at: ./input/random_graphs/graph_6000_17997000_UNIFORM_5063475852268941542.txt
Graph already exists at: ./input/random_graphs/graph_6000_17997000_UNIFORM_4997514996153925447.txt
Graph already exists at: ./input/random_graphs/graph_6000_17997000_UNIFORM_8446481348147407377.txt
Graph already exists at: ./input/random_graphs/graph_6000_17997000_UNIFORM_3817405844514670994.txt
Graph already exists at: ./input/random_graphs/graph_6000_17997000_UNIFORM_6529943913552561417.txt
Graph already exists at: ./input/random_graphs/graph_6000_17997000_UNIFORM_2909934787168262407.txt
Graph already exists at: ./input/random_graphs/graph_6000_17997000_UNIFORM_1170385908854608748.txt
Graph already exists at: ./input/random_graphs/graph_6000_17997000_UNIFORM_6022436717541034636.txt
Graph already exists at: ./input/random_graphs/graph_6000_17997000_UNIFORM_199422815561151340.txt
Graph already exists at: ./input/random_graphs/graph_6000_17997000_UNIFORM_3713827327871807734.txt
Graph already exists at: ./input/random_graphs/graph_6000_17997000_UNIFORM_175493991617213850.txt
Graph already exists at: ./input/random_graphs/graph_6000_17997000_UNIFORM_5108599054664628607.txt
Graph already exists at: ./input/random_graphs/graph_6000_17997000_UNIFORM_6764066939395682287.txt
Graph already exists at: ./input/random_graphs/graph_6000_17997000_UNIFORM_9130666990809746335.txt
Graph already exists at: ./input/random_graphs/graph_6000_17997000_UNIFORM_7644420139408884785.txt
Graph already exists at: ./input/random_graphs/graph_6000_17997000_UNIFORM_1458186392400727732.txt
Graph already exists at: ./input/random_graphs/graph_6000_17997000_UNIFORM_1392892770529522614.txt
Graph already exists at: ./input/random_graphs/graph_6000_17997000_UNIFORM_9060210648189963449.txt
Graph already exists at: ./input/random_graphs/graph_6000_17997000_UNIFORM_4250897495980125004.txt
Graph already exists at: ./input/random_graphs/graph_6000_17997000_UNIFORM_8794274795737982182.txt
Graph already exists at: ./input/random_graphs/graph_6000_17997000_UNIFORM_2089506265998900862.txt
Graph already exists at: ./input/random_graphs/graph_6000_17997000_UNIFORM_5497874167834979553.txt
Graph already exists at: ./input/random_graphs/graph_6000_17997000_UNIFORM_4060584409398689268.txt
Graph already exists at: ./input/random_graphs/graph_6000_17997000_UNIFORM_1332005502874566195.txt
Graph already exists at: ./input/random_graphs/graph_6000_17997000_UNIFORM_1722224698700348310.txt
Graph already exists at: ./input/random_graphs/graph_6000_17997000_UNIFORM_8626102704817790064.txt
Graph already exists at: ./input/random_graphs/graph_6000_17997000_UNIFORM_7905487461282246979.txt
Graph already exists at: ./input/random_graphs/graph_6000_17997000_UNIFORM_8448596294177070022.txt
Graph already exists at: ./input/random_graphs/graph_6000_17997000_UNIFORM_4795749165124911768.txt
Graph already exists at: ./input/random_graphs/graph_6000_17997000_UNIFORM_4934890601268679176.txt
Graph already exists at: ./input/random_graphs/graph_6000_17997000_UNIFORM_1992204328026194281.txt
Graph already exists at: ./input/random_graphs/graph_6000_17997000_UNIFORM_7118744415197196276.txt
Graph already exists at: ./input/random_graphs/graph_6000_17997000_UNIFORM_2718103348384927511.txt
Graph already exists at: ./input/random_graphs/graph_6000_17997000_UNIFORM_9059990922233379852.txt
Graph already exists at: ./input/random_graphs/graph_6000_17997000_UNIFORM_7449662661572224354.txt
Graph already exists at: ./input/random_graphs/graph_6000_17997000_UNIFORM_3221421291694197220.txt
Graph already exists at: ./input/random_graphs/graph_6000_17997000_UNIFORM_8867616339855336876.txt
Graph already exists at: ./input/random_graphs/graph_6000_17997000_UNIFORM_5894893360759659423.txt
Graph already exists at: ./input/random_graphs/graph_6000_17997000_UNIFORM_7983805977214098674.txt
Graph already exists at: ./input/random_graphs/graph_6000_17997000_UNIFORM_4940913311242578590.txt
Graph already exists at: ./input/random_graphs/graph_6000_17997000_UNIFORM_2264398621601381987.txt
Graph already exists at: ./input/random_graphs/graph_6000_17997000_UNIFORM_7632458674696225362.txt
      Average Passes: 4.04,  Average Height: 4500.0, Time/Memory: 1034.64,5244
Running kpath variant 0 with N=4500, sparsity=4, k=5, seed=1729...
      Average Passes: 5.91,  Average Height: 4500.0, Time/Memory: 1528.83,7284
Running kpath variant 1 with N=4500, sparsity=4, k=5, seed=1729...
      Average Passes: 4.99,  Average Height: 4500.0, Time/Memory: 1250.81,6212
Running kpath variant 2 with N=4500, sparsity=4, k=5, seed=1729...
      Average Passes: 4.25,  Average Height: 4500.0, Time/Memory: 1078.13,7220
Running kpath variant N with N=4500, sparsity=4, k=5, seed=1729...
      Average Passes: 3.0,  Average Height: 4500.0, Time/Memory: 756.41,6180
Running kpath variant 0 with N=4500, sparsity=4, k=10, seed=1729...
      Average Passes: 4.46,  Average Height: 4500.0, Time/Memory: 1129.69,8228
Running kpath variant 1 with N=4500, sparsity=4, k=10, seed=1729...
      Average Passes: 3.56,  Average Height: 4500.0, Time/Memory: 890.30,8300
Running kpath variant 2 with N=4500, sparsity=4, k=10, seed=1729...
      Average Passes: 3.27,  Average Height: 4500.0, Time/Memory: 817.27,8224
Running kpath variant N with N=4500, sparsity=4, k=10, seed=1729...
      Average Passes: 2.57,  Average Height: 4500.0, Time/Memory: 652.63,9248
Running klev variant 0 with N=4500, sparsity=4, k=2, seed=1729...
      Average Passes: 3.0,  Average Height: 4500.0, Time/Memory: 1169.13,5184
Running klev variant 1 with N=4500, sparsity=4, k=2, seed=1729...
      Average Passes: 2.0,  Average Height: 4500.0, Time/Memory: 907.95,4132
Running klev variant 2 with N=4500, sparsity=4, k=2, seed=1729...
      Average Passes: 2.0,  Average Height: 4500.0, Time/Memory: 782.68,5204
Running klev variant N with N=4500, sparsity=4, k=2, seed=1729...
      Average Passes: 2.0,  Average Height: 4500.0, Time/Memory: 758.99,5184
Running klev variant 0 with N=4500, sparsity=4, k=5, seed=1729...
      Average Passes: 3.0,  Average Height: 4500.0, Time/Memory: 1168.07,5156
Running klev variant 1 with N=4500, sparsity=4, k=5, seed=1729...
      Average Passes: 2.0,  Average Height: 4500.0, Time/Memory: 907.99,5176
Running klev variant 2 with N=4500, sparsity=4, k=5, seed=1729...
      Average Passes: 2.0,  Average Height: 4500.0, Time/Memory: 738.86,7204
Running klev variant N with N=4500, sparsity=4, k=5, seed=1729...
      Average Passes: 1.09,  Average Height: 4500.0, Time/Memory: 492.84,8272
Running klev variant 0 with N=4500, sparsity=4, k=10, seed=1729...
      Average Passes: 3.0,  Average Height: 4500.0, Time/Memory: 1179.42,5156
Running klev variant 1 with N=4500, sparsity=4, k=10, seed=1729...
      Average Passes: 2.0,  Average Height: 4500.0, Time/Memory: 906.59,6180
Running klev variant 2 with N=4500, sparsity=4, k=10, seed=1729...
      Average Passes: 2.0,  Average Height: 4500.0, Time/Memory: 736.65,9260
Running klev variant N with N=4500, sparsity=4, k=10, seed=1729...
      Average Passes: 1.0,  Average Height: 4500.0, Time/Memory: 466.94,6268
Running kpath variant 0 with N=5000, sparsity=4, k=2, seed=1729...
      Average Passes: 18.76,  Average Height: 5000.0, Time/Memory: 5773.95,5156
Running kpath variant 1 with N=5000, sparsity=4, k=2, seed=1729...
      Average Passes: 18.8,  Average Height: 5000.0, Time/Memory: 5820.44,5200
Running kpath variant 2 with N=5000, sparsity=4, k=2, seed=1729...
      Average Passes: 8.13,  Average Height: 5000.0, Time/Memory: 2573.79,6180
Running kpath variant N with N=5000, sparsity=4, k=2, seed=1729...
      Average Passes: 4.1,  Average Height: 5000.0, Time/Memory: 1306.47,5152
Running kpath variant 0 with N=5000, sparsity=4, k=5, seed=1729...
      Average Passes: 5.94,  Average Height: 5000.0, Time/Memory: 1819.23,7236
Running kpath variant 1 with N=5000, sparsity=4, k=5, seed=1729...
      Average Passes: 5.01,  Average Height: 5000.0, Time/Memory: 1579.49,7204
Running kpath variant 2 with N=5000, sparsity=4, k=5, seed=1729...
      Average Passes: 4.38,  Average Height: 5000.0, Time/Memory: 1338.87,7252
Running kpath variant N with N=5000, sparsity=4, k=5, seed=1729...
      Average Passes: 3.0,  Average Height: 5000.0, Time/Memory: 954.55,7256
Running kpath variant 0 with N=5000, sparsity=4, k=10, seed=1729...
      Average Passes: 4.61,  Average Height: 5000.0, Time/Memory: 1430.05,9280
Running kpath variant 1 with N=5000, sparsity=4, k=10, seed=1729...
      Average Passes: 3.8,  Average Height: 5000.0, Time/Memory: 1180.08,9336
Running kpath variant 2 with N=5000, sparsity=4, k=10, seed=1729...
      Average Passes: 3.34,  Average Height: 5000.0, Time/Memory: 1055.24,9252
Running kpath variant N with N=5000, sparsity=4, k=10, seed=1729...
      Average Passes: 2.71,  Average Height: 5000.0, Time/Memory: 848.82,9252
Running klev variant 0 with N=5000, sparsity=4, k=2, seed=1729...
      Average Passes: 3.0,  Average Height: 5000.0, Time/Memory: 1440.17,5156
Running klev variant 1 with N=5000, sparsity=4, k=2, seed=1729...
      Average Passes: 2.0,  Average Height: 5000.0, Time/Memory: 1133.27,5176
Running klev variant 2 with N=5000, sparsity=4, k=2, seed=1729...
      Average Passes: 2.0,  Average Height: 5000.0, Time/Memory: 958.04,5240
Running klev variant N with N=5000, sparsity=4, k=2, seed=1729...
      Average Passes: 2.0,  Average Height: 5000.0, Time/Memory: 947.28,7224
Running klev variant 0 with N=5000, sparsity=4, k=5, seed=1729...
      Average Passes: 3.0,  Average Height: 5000.0, Time/Memory: 1463.44,5156
Running klev variant 1 with N=5000, sparsity=4, k=5, seed=1729...
      Average Passes: 2.0,  Average Height: 5000.0, Time/Memory: 1133.03,5156
Running klev variant 2 with N=5000, sparsity=4, k=5, seed=1729...
      Average Passes: 2.0,  Average Height: 5000.0, Time/Memory: 923.47,7204
Running klev variant N with N=5000, sparsity=4, k=5, seed=1729...
      Average Passes: 1.06,  Average Height: 5000.0, Time/Memory: 607.69,6176
Running klev variant 0 with N=5000, sparsity=4, k=10, seed=1729...
      Average Passes: 3.0,  Average Height: 5000.0, Time/Memory: 1474.64,6176
Running klev variant 1 with N=5000, sparsity=4, k=10, seed=1729...
      Average Passes: 2.0,  Average Height: 5000.0, Time/Memory: 1121.67,6176
Running klev variant 2 with N=5000, sparsity=4, k=10, seed=1729...
      Average Passes: 2.0,  Average Height: 5000.0, Time/Memory: 920.44,9252
Running klev variant N with N=5000, sparsity=4, k=10, seed=1729...
      Average Passes: 1.0,  Average Height: 5000.0, Time/Memory: 588.78,8256
Running kpath variant 0 with N=6000, sparsity=4, k=2, seed=1729...
      Average Passes: 19.33,  Average Height: 6000.0, Time/Memory: 8556.41,6180
Running kpath variant 1 with N=6000, sparsity=4, k=2, seed=1729...
      Average Passes: 19.25,  Average Height: 6000.0, Time/Memory: 8705.10,6264
Running kpath variant 2 with N=6000, sparsity=4, k=2, seed=1729...
      Average Passes: 8.3,  Average Height: 6000.0, Time/Memory: 3803.96,6196
Running kpath variant N with N=6000, sparsity=4, k=2, seed=1729...
      Average Passes: 4.23,  Average Height: 6000.0, Time/Memory: 1974.47,6180
Running kpath variant 0 with N=6000, sparsity=4, k=5, seed=1729...
      Average Passes: 5.99,  Average Height: 6000.0, Time/Memory: 2662.84,10224
Running kpath variant 1 with N=6000, sparsity=4, k=5, seed=1729...
      Average Passes: 5.08,  Average Height: 6000.0, Time/Memory: 2274.73,8228
Running kpath variant 2 with N=6000, sparsity=4, k=5, seed=1729...
      Average Passes: 4.66,  Average Height: 6000.0, Time/Memory: 2130.38,8252
Running kpath variant N with N=6000, sparsity=4, k=5, seed=1729...
      Average Passes: 3.0,  Average Height: 6000.0, Time/Memory: 1358.97,8224
Running kpath variant 0 with N=6000, sparsity=4, k=10, seed=1729...
      Average Passes: 4.83,  Average Height: 6000.0, Time/Memory: 2130.84,12376
Running kpath variant 1 with N=6000, sparsity=4, k=10, seed=1729...
      Average Passes: 3.84,  Average Height: 6000.0, Time/Memory: 1757.74,11336
Running kpath variant 2 with N=6000, sparsity=4, k=10, seed=1729...
      Average Passes: 3.63,  Average Height: 6000.0, Time/Memory: 1599.64,12336
Running kpath variant N with N=6000, sparsity=4, k=10, seed=1729...
Graph already exists at: ./input/random_graphs/graph_7000_24496500_UNIFORM_6230961512046992311.txt
Graph already exists at: ./input/random_graphs/graph_7000_24496500_UNIFORM_7871178979383552919.txt
Graph already exists at: ./input/random_graphs/graph_7000_24496500_UNIFORM_5739955973604961613.txt
Graph already exists at: ./input/random_graphs/graph_7000_24496500_UNIFORM_3881801951614183357.txt
Graph already exists at: ./input/random_graphs/graph_7000_24496500_UNIFORM_7032710160631691991.txt
Graph already exists at: ./input/random_graphs/graph_7000_24496500_UNIFORM_7599700178212337699.txt
Graph already exists at: ./input/random_graphs/graph_7000_24496500_UNIFORM_1353182403971399009.txt
Graph already exists at: ./input/random_graphs/graph_7000_24496500_UNIFORM_1070244953599069350.txt
Graph already exists at: ./input/random_graphs/graph_7000_24496500_UNIFORM_6522163754831416203.txt
Graph already exists at: ./input/random_graphs/graph_7000_24496500_UNIFORM_6938562734920028532.txt
Graph already exists at: ./input/random_graphs/graph_7000_24496500_UNIFORM_4040737767143389431.txt
Graph already exists at: ./input/random_graphs/graph_7000_24496500_UNIFORM_1250005700364523649.txt
Graph already exists at: ./input/random_graphs/graph_7000_24496500_UNIFORM_1309542850049879452.txt
Graph already exists at: ./input/random_graphs/graph_7000_24496500_UNIFORM_2429002973740178792.txt
Graph already exists at: ./input/random_graphs/graph_7000_24496500_UNIFORM_7663871783842725848.txt
Graph already exists at: ./input/random_graphs/graph_7000_24496500_UNIFORM_320375091487821987.txt
Graph already exists at: ./input/random_graphs/graph_7000_24496500_UNIFORM_5906957480796939447.txt
Graph already exists at: ./input/random_graphs/graph_7000_24496500_UNIFORM_1250773459040295677.txt
Graph already exists at: ./input/random_graphs/graph_7000_24496500_UNIFORM_7146860528564146064.txt
Graph already exists at: ./input/random_graphs/graph_7000_24496500_UNIFORM_3438400432146115956.txt
Graph already exists at: ./input/random_graphs/graph_7000_24496500_UNIFORM_7473196763798409428.txt
Graph already exists at: ./input/random_graphs/graph_7000_24496500_UNIFORM_5139481885857321791.txt
Graph already exists at: ./input/random_graphs/graph_7000_24496500_UNIFORM_5142811650494845597.txt
Graph already exists at: ./input/random_graphs/graph_7000_24496500_UNIFORM_3010622984418968408.txt
Graph already exists at: ./input/random_graphs/graph_7000_24496500_UNIFORM_6002685213311538187.txt
Graph already exists at: ./input/random_graphs/graph_7000_24496500_UNIFORM_5708372698381010775.txt
Graph already exists at: ./input/random_graphs/graph_7000_24496500_UNIFORM_521787134863155063.txt
Graph already exists at: ./input/random_graphs/graph_7000_24496500_UNIFORM_1731523882129807996.txt
Graph already exists at: ./input/random_graphs/graph_7000_24496500_UNIFORM_1853590723603270879.txt
Graph already exists at: ./input/random_graphs/graph_7000_24496500_UNIFORM_7029781962072644698.txt
Graph already exists at: ./input/random_graphs/graph_7000_24496500_UNIFORM_6785030173969523435.txt
Graph already exists at: ./input/random_graphs/graph_7000_24496500_UNIFORM_5529616217668449934.txt
Graph already exists at: ./input/random_graphs/graph_7000_24496500_UNIFORM_1024517563182776983.txt
Graph already exists at: ./input/random_graphs/graph_7000_24496500_UNIFORM_3224265581699847191.txt
Graph already exists at: ./input/random_graphs/graph_7000_24496500_UNIFORM_5258051056098597521.txt
Graph already exists at: ./input/random_graphs/graph_7000_24496500_UNIFORM_1647170069535670909.txt
Graph already exists at: ./input/random_graphs/graph_7000_24496500_UNIFORM_4122784633514911760.txt
Graph already exists at: ./input/random_graphs/graph_7000_24496500_UNIFORM_7706236040662210848.txt
Graph already exists at: ./input/random_graphs/graph_7000_24496500_UNIFORM_824387247617288499.txt
Graph already exists at: ./input/random_graphs/graph_7000_24496500_UNIFORM_1632192924771168275.txt
Graph already exists at: ./input/random_graphs/graph_7000_24496500_UNIFORM_7161906730445628483.txt
Graph already exists at: ./input/random_graphs/graph_7000_24496500_UNIFORM_6802378520969450157.txt
Graph already exists at: ./input/random_graphs/graph_7000_24496500_UNIFORM_4552998297316576788.txt
Graph already exists at: ./input/random_graphs/graph_7000_24496500_UNIFORM_8031431416522537101.txt
Graph already exists at: ./input/random_graphs/graph_7000_24496500_UNIFORM_6143643868734370809.txt
Graph already exists at: ./input/random_graphs/graph_7000_24496500_UNIFORM_3272308573967577038.txt
Graph already exists at: ./input/random_graphs/graph_7000_24496500_UNIFORM_5636411189175451024.txt
Graph already exists at: ./input/random_graphs/graph_7000_24496500_UNIFORM_5349491008325879064.txt
Graph already exists at: ./input/random_graphs/graph_7000_24496500_UNIFORM_6614505080519948832.txt
Graph already exists at: ./input/random_graphs/graph_7000_24496500_UNIFORM_7938560551762094560.txt
Graph already exists at: ./input/random_graphs/graph_7000_24496500_UNIFORM_7917045922527545890.txt
Graph already exists at: ./input/random_graphs/graph_7000_24496500_UNIFORM_4445925461710302877.txt
Graph already exists at: ./input/random_graphs/graph_7000_24496500_UNIFORM_3865339568260874865.txt
Graph already exists at: ./input/random_graphs/graph_7000_24496500_UNIFORM_7921282862123281598.txt
Graph already exists at: ./input/random_graphs/graph_7000_24496500_UNIFORM_6224222471595207695.txt
Graph already exists at: ./input/random_graphs/graph_7000_24496500_UNIFORM_1128313391724783137.txt
Graph already exists at: ./input/random_graphs/graph_7000_24496500_UNIFORM_716820155901718944.txt
Graph already exists at: ./input/random_graphs/graph_7000_24496500_UNIFORM_8718380604043999642.txt
Graph already exists at: ./input/random_graphs/graph_7000_24496500_UNIFORM_5063475852268941542.txt
Graph already exists at: ./input/random_graphs/graph_7000_24496500_UNIFORM_4997514996153925447.txt
Graph already exists at: ./input/random_graphs/graph_7000_24496500_UNIFORM_8446481348147407377.txt
Graph already exists at: ./input/random_graphs/graph_7000_24496500_UNIFORM_3817405844514670994.txt
Graph already exists at: ./input/random_graphs/graph_7000_24496500_UNIFORM_6529943913552561417.txt
Graph already exists at: ./input/random_graphs/graph_7000_24496500_UNIFORM_2909934787168262407.txt
Graph already exists at: ./input/random_graphs/graph_7000_24496500_UNIFORM_1170385908854608748.txt
Graph already exists at: ./input/random_graphs/graph_7000_24496500_UNIFORM_6022436717541034636.txt
Graph already exists at: ./input/random_graphs/graph_7000_24496500_UNIFORM_199422815561151340.txt
Graph already exists at: ./input/random_graphs/graph_7000_24496500_UNIFORM_3713827327871807734.txt
Graph already exists at: ./input/random_graphs/graph_7000_24496500_UNIFORM_175493991617213850.txt
Graph already exists at: ./input/random_graphs/graph_7000_24496500_UNIFORM_5108599054664628607.txt
Graph already exists at: ./input/random_graphs/graph_7000_24496500_UNIFORM_6764066939395682287.txt
Graph already exists at: ./input/random_graphs/graph_7000_24496500_UNIFORM_9130666990809746335.txt
Graph already exists at: ./input/random_graphs/graph_7000_24496500_UNIFORM_7644420139408884785.txt
Graph already exists at: ./input/random_graphs/graph_7000_24496500_UNIFORM_1458186392400727732.txt
Graph already exists at: ./input/random_graphs/graph_7000_24496500_UNIFORM_1392892770529522614.txt
Graph already exists at: ./input/random_graphs/graph_7000_24496500_UNIFORM_9060210648189963449.txt
Graph already exists at: ./input/random_graphs/graph_7000_24496500_UNIFORM_4250897495980125004.txt
Graph already exists at: ./input/random_graphs/graph_7000_24496500_UNIFORM_8794274795737982182.txt
Graph already exists at: ./input/random_graphs/graph_7000_24496500_UNIFORM_2089506265998900862.txt
Graph already exists at: ./input/random_graphs/graph_7000_24496500_UNIFORM_5497874167834979553.txt
Graph already exists at: ./input/random_graphs/graph_7000_24496500_UNIFORM_4060584409398689268.txt
Graph already exists at: ./input/random_graphs/graph_7000_24496500_UNIFORM_1332005502874566195.txt
Graph already exists at: ./input/random_graphs/graph_7000_24496500_UNIFORM_1722224698700348310.txt
Graph already exists at: ./input/random_graphs/graph_7000_24496500_UNIFORM_8626102704817790064.txt
Graph already exists at: ./input/random_graphs/graph_7000_24496500_UNIFORM_7905487461282246979.txt
Graph already exists at: ./input/random_graphs/graph_7000_24496500_UNIFORM_8448596294177070022.txt
Graph already exists at: ./input/random_graphs/graph_7000_24496500_UNIFORM_4795749165124911768.txt
Graph already exists at: ./input/random_graphs/graph_7000_24496500_UNIFORM_4934890601268679176.txt
Graph already exists at: ./input/random_graphs/graph_7000_24496500_UNIFORM_1992204328026194281.txt
Graph already exists at: ./input/random_graphs/graph_7000_24496500_UNIFORM_7118744415197196276.txt
Graph already exists at: ./input/random_graphs/graph_7000_24496500_UNIFORM_2718103348384927511.txt
Graph already exists at: ./input/random_graphs/graph_7000_24496500_UNIFORM_9059990922233379852.txt
Graph already exists at: ./input/random_graphs/graph_7000_24496500_UNIFORM_7449662661572224354.txt
Graph already exists at: ./input/random_graphs/graph_7000_24496500_UNIFORM_3221421291694197220.txt
Graph already exists at: ./input/random_graphs/graph_7000_24496500_UNIFORM_8867616339855336876.txt
Graph already exists at: ./input/random_graphs/graph_7000_24496500_UNIFORM_5894893360759659423.txt
Graph already exists at: ./input/random_graphs/graph_7000_24496500_UNIFORM_7983805977214098674.txt
Graph already exists at: ./input/random_graphs/graph_7000_24496500_UNIFORM_4940913311242578590.txt
Graph already exists at: ./input/random_graphs/graph_7000_24496500_UNIFORM_2264398621601381987.txt
Graph already exists at: ./input/random_graphs/graph_7000_24496500_UNIFORM_7632458674696225362.txt
Graph already exists at: ./input/random_graphs/graph_8000_31996000_UNIFORM_6230961512046992311.txt
Graph already exists at: ./input/random_graphs/graph_8000_31996000_UNIFORM_7871178979383552919.txt
Graph already exists at: ./input/random_graphs/graph_8000_31996000_UNIFORM_5739955973604961613.txt
Graph already exists at: ./input/random_graphs/graph_8000_31996000_UNIFORM_3881801951614183357.txt
Graph already exists at: ./input/random_graphs/graph_8000_31996000_UNIFORM_7032710160631691991.txt
Graph already exists at: ./input/random_graphs/graph_8000_31996000_UNIFORM_7599700178212337699.txt
Graph already exists at: ./input/random_graphs/graph_8000_31996000_UNIFORM_1353182403971399009.txt
Graph already exists at: ./input/random_graphs/graph_8000_31996000_UNIFORM_1070244953599069350.txt
Graph already exists at: ./input/random_graphs/graph_8000_31996000_UNIFORM_6522163754831416203.txt
Graph already exists at: ./input/random_graphs/graph_8000_31996000_UNIFORM_6938562734920028532.txt
Graph already exists at: ./input/random_graphs/graph_8000_31996000_UNIFORM_4040737767143389431.txt
Graph already exists at: ./input/random_graphs/graph_8000_31996000_UNIFORM_1250005700364523649.txt
Graph already exists at: ./input/random_graphs/graph_8000_31996000_UNIFORM_1309542850049879452.txt
Graph already exists at: ./input/random_graphs/graph_8000_31996000_UNIFORM_2429002973740178792.txt
Graph already exists at: ./input/random_graphs/graph_8000_31996000_UNIFORM_7663871783842725848.txt
Graph already exists at: ./input/random_graphs/graph_8000_31996000_UNIFORM_320375091487821987.txt
Graph already exists at: ./input/random_graphs/graph_8000_31996000_UNIFORM_5906957480796939447.txt
Graph already exists at: ./input/random_graphs/graph_8000_31996000_UNIFORM_1250773459040295677.txt
Graph already exists at: ./input/random_graphs/graph_8000_31996000_UNIFORM_7146860528564146064.txt
Graph already exists at: ./input/random_graphs/graph_8000_31996000_UNIFORM_3438400432146115956.txt
Graph already exists at: ./input/random_graphs/graph_8000_31996000_UNIFORM_7473196763798409428.txt
Graph already exists at: ./input/random_graphs/graph_8000_31996000_UNIFORM_5139481885857321791.txt
Graph already exists at: ./input/random_graphs/graph_8000_31996000_UNIFORM_5142811650494845597.txt
Graph already exists at: ./input/random_graphs/graph_8000_31996000_UNIFORM_3010622984418968408.txt
Graph already exists at: ./input/random_graphs/graph_8000_31996000_UNIFORM_6002685213311538187.txt
Graph already exists at: ./input/random_graphs/graph_8000_31996000_UNIFORM_5708372698381010775.txt
Graph already exists at: ./input/random_graphs/graph_8000_31996000_UNIFORM_521787134863155063.txt
Graph already exists at: ./input/random_graphs/graph_8000_31996000_UNIFORM_1731523882129807996.txt
Graph already exists at: ./input/random_graphs/graph_8000_31996000_UNIFORM_1853590723603270879.txt
Graph already exists at: ./input/random_graphs/graph_8000_31996000_UNIFORM_7029781962072644698.txt
Graph already exists at: ./input/random_graphs/graph_8000_31996000_UNIFORM_6785030173969523435.txt
Graph already exists at: ./input/random_graphs/graph_8000_31996000_UNIFORM_5529616217668449934.txt
Graph already exists at: ./input/random_graphs/graph_8000_31996000_UNIFORM_1024517563182776983.txt
Graph already exists at: ./input/random_graphs/graph_8000_31996000_UNIFORM_3224265581699847191.txt
Graph already exists at: ./input/random_graphs/graph_8000_31996000_UNIFORM_5258051056098597521.txt
Graph already exists at: ./input/random_graphs/graph_8000_31996000_UNIFORM_1647170069535670909.txt
Graph already exists at: ./input/random_graphs/graph_8000_31996000_UNIFORM_4122784633514911760.txt
Graph already exists at: ./input/random_graphs/graph_8000_31996000_UNIFORM_7706236040662210848.txt
Graph already exists at: ./input/random_graphs/graph_8000_31996000_UNIFORM_824387247617288499.txt
Graph already exists at: ./input/random_graphs/graph_8000_31996000_UNIFORM_1632192924771168275.txt
Graph already exists at: ./input/random_graphs/graph_8000_31996000_UNIFORM_7161906730445628483.txt
Graph already exists at: ./input/random_graphs/graph_8000_31996000_UNIFORM_6802378520969450157.txt
Graph already exists at: ./input/random_graphs/graph_8000_31996000_UNIFORM_4552998297316576788.txt
Graph already exists at: ./input/random_graphs/graph_8000_31996000_UNIFORM_8031431416522537101.txt
Graph already exists at: ./input/random_graphs/graph_8000_31996000_UNIFORM_6143643868734370809.txt
Graph already exists at: ./input/random_graphs/graph_8000_31996000_UNIFORM_3272308573967577038.txt
Graph already exists at: ./input/random_graphs/graph_8000_31996000_UNIFORM_5636411189175451024.txt
Graph already exists at: ./input/random_graphs/graph_8000_31996000_UNIFORM_5349491008325879064.txt
Graph already exists at: ./input/random_graphs/graph_8000_31996000_UNIFORM_6614505080519948832.txt
Graph already exists at: ./input/random_graphs/graph_8000_31996000_UNIFORM_7938560551762094560.txt
Graph already exists at: ./input/random_graphs/graph_8000_31996000_UNIFORM_7917045922527545890.txt
Graph already exists at: ./input/random_graphs/graph_8000_31996000_UNIFORM_4445925461710302877.txt
Graph already exists at: ./input/random_graphs/graph_8000_31996000_UNIFORM_3865339568260874865.txt
Graph already exists at: ./input/random_graphs/graph_8000_31996000_UNIFORM_7921282862123281598.txt
Graph already exists at: ./input/random_graphs/graph_8000_31996000_UNIFORM_6224222471595207695.txt
Graph already exists at: ./input/random_graphs/graph_8000_31996000_UNIFORM_1128313391724783137.txt
Graph already exists at: ./input/random_graphs/graph_8000_31996000_UNIFORM_716820155901718944.txt
Graph already exists at: ./input/random_graphs/graph_8000_31996000_UNIFORM_8718380604043999642.txt
Graph already exists at: ./input/random_graphs/graph_8000_31996000_UNIFORM_5063475852268941542.txt
Graph already exists at: ./input/random_graphs/graph_8000_31996000_UNIFORM_4997514996153925447.txt
Graph already exists at: ./input/random_graphs/graph_8000_31996000_UNIFORM_8446481348147407377.txt
Graph already exists at: ./input/random_graphs/graph_8000_31996000_UNIFORM_3817405844514670994.txt
Graph already exists at: ./input/random_graphs/graph_8000_31996000_UNIFORM_6529943913552561417.txt
Graph already exists at: ./input/random_graphs/graph_8000_31996000_UNIFORM_2909934787168262407.txt
Graph already exists at: ./input/random_graphs/graph_8000_31996000_UNIFORM_1170385908854608748.txt
Graph already exists at: ./input/random_graphs/graph_8000_31996000_UNIFORM_6022436717541034636.txt
Graph already exists at: ./input/random_graphs/graph_8000_31996000_UNIFORM_199422815561151340.txt
Graph already exists at: ./input/random_graphs/graph_8000_31996000_UNIFORM_3713827327871807734.txt
Graph already exists at: ./input/random_graphs/graph_8000_31996000_UNIFORM_175493991617213850.txt
Graph already exists at: ./input/random_graphs/graph_8000_31996000_UNIFORM_5108599054664628607.txt
Graph already exists at: ./input/random_graphs/graph_8000_31996000_UNIFORM_6764066939395682287.txt
Graph already exists at: ./input/random_graphs/graph_8000_31996000_UNIFORM_9130666990809746335.txt
Graph already exists at: ./input/random_graphs/graph_8000_31996000_UNIFORM_7644420139408884785.txt
Graph already exists at: ./input/random_graphs/graph_8000_31996000_UNIFORM_1458186392400727732.txt
Graph already exists at: ./input/random_graphs/graph_8000_31996000_UNIFORM_1392892770529522614.txt
Graph already exists at: ./input/random_graphs/graph_8000_31996000_UNIFORM_9060210648189963449.txt
Graph already exists at: ./input/random_graphs/graph_8000_31996000_UNIFORM_4250897495980125004.txt
Graph already exists at: ./input/random_graphs/graph_8000_31996000_UNIFORM_8794274795737982182.txt
Graph already exists at: ./input/random_graphs/graph_8000_31996000_UNIFORM_2089506265998900862.txt
Graph already exists at: ./input/random_graphs/graph_8000_31996000_UNIFORM_5497874167834979553.txt
Graph already exists at: ./input/random_graphs/graph_8000_31996000_UNIFORM_4060584409398689268.txt
Graph already exists at: ./input/random_graphs/graph_8000_31996000_UNIFORM_1332005502874566195.txt
Graph already exists at: ./input/random_graphs/graph_8000_31996000_UNIFORM_1722224698700348310.txt
Graph already exists at: ./input/random_graphs/graph_8000_31996000_UNIFORM_8626102704817790064.txt
Graph already exists at: ./input/random_graphs/graph_8000_31996000_UNIFORM_7905487461282246979.txt
Graph already exists at: ./input/random_graphs/graph_8000_31996000_UNIFORM_8448596294177070022.txt
Graph already exists at: ./input/random_graphs/graph_8000_31996000_UNIFORM_4795749165124911768.txt
Graph already exists at: ./input/random_graphs/graph_8000_31996000_UNIFORM_4934890601268679176.txt
Graph already exists at: ./input/random_graphs/graph_8000_31996000_UNIFORM_1992204328026194281.txt
Graph already exists at: ./input/random_graphs/graph_8000_31996000_UNIFORM_7118744415197196276.txt
Graph already exists at: ./input/random_graphs/graph_8000_31996000_UNIFORM_2718103348384927511.txt
Graph already exists at: ./input/random_graphs/graph_8000_31996000_UNIFORM_9059990922233379852.txt
Graph already exists at: ./input/random_graphs/graph_8000_31996000_UNIFORM_7449662661572224354.txt
Graph already exists at: ./input/random_graphs/graph_8000_31996000_UNIFORM_3221421291694197220.txt
Graph already exists at: ./input/random_graphs/graph_8000_31996000_UNIFORM_8867616339855336876.txt
Graph already exists at: ./input/random_graphs/graph_8000_31996000_UNIFORM_5894893360759659423.txt
Graph already exists at: ./input/random_graphs/graph_8000_31996000_UNIFORM_7983805977214098674.txt
Graph already exists at: ./input/random_graphs/graph_8000_31996000_UNIFORM_4940913311242578590.txt
Graph already exists at: ./input/random_graphs/graph_8000_31996000_UNIFORM_2264398621601381987.txt
Graph already exists at: ./input/random_graphs/graph_8000_31996000_UNIFORM_7632458674696225362.txt
